,audusd,brlusd,cnyusd,krwusd,eurusd,sp500,vix,us2y,us10y,wti,brent,henry_hub
2023-07-26,0.001097291631179922,0.0040068832654581174,0.0027739902680447627,-0.0036029456290337467,0.001023782599191503,0.013080879812665312,-1.5829698823836578,0.10505894470621698,0.057688651307821345,1.7278474440758425,0.043653650728170415,-0.032962596798220306
2023-07-27,0.001433310287700646,0.004123807461462307,0.004148643714768995,-0.0034315500984190683,0.000873972664860435,0.013439867956113277,-1.145643858686428,0.09862292016815488,0.05723822600183279,1.5291636139578981,0.046014838468838304,-0.02318983485927794
2023-07-28,0.002686917651669356,0.0026352436250533474,0.0006958636137089228,-0.002673227262740918,0.0007083221355913757,0.013580191525920113,-1.5934266039529361,0.10293552768172268,0.05926160651938798,1.8640169486888931,0.04339131266268073,0.0074114490066459066
2023-07-31,0.0029543915668698026,0.005079654972990941,0.0021357340443459868,-0.001420346782353847,0.0013746657004792245,0.012196259593563416,-1.2318622826832697,0.10629188386576041,0.050963450375716,1.969232337079611,0.04250195844209946,0.0006397819685151959
2023-08-01,0.001575219052235721,0.008277906235765622,0.0017995689278223256,-0.0018029119697618285,0.0003972784884692667,0.012725834389868775,-1.316908178664579,0.09358059655259016,0.05751440940919995,2.106620962133066,0.044452760872049385,-0.000543878735532485
2023-08-02,0.0031178394550810187,0.009606413436714135,-0.002492674350122251,-0.0017308196024061339,0.0012219470255155876,0.013125664967264942,-1.4118417893720079,0.11108121455993734,0.06048960540758709,1.992795242995316,0.04660365773156439,0.005336593381492758
2023-08-03,0.005211266932660474,0.012189383339637396,-0.0023201560001510873,-0.0017520273307236964,0.0011189164719712682,0.015226745287403361,-2.5766851597174325,0.09325766885933037,0.05463809357529635,2.044812719232999,0.04727351901622187,0.005522178760474419
2023-08-04,0.0032832982312136537,0.016723236279097515,-0.0002495734840814852,-0.0024288833801379903,0.0007942795254943989,0.014536976447827291,-2.0516575335136826,0.10259140961592515,0.050865561186382954,2.7230608871298947,0.04550661592756612,-0.005323545354683736
2023-08-07,0.00046064706583675685,0.015536884928095743,-0.0018998184023387267,-0.0027916236949360905,0.0006427089372980281,0.01647585063809819,-2.9708760689765996,0.09691458895823417,0.05184684614596671,2.366527651340891,0.04102053695338467,-0.012572684315163155
2023-08-08,0.0025598930422693327,0.015944270934260922,-0.0025822237172763887,-0.004451465744620601,0.0006325758183770646,0.015039510434933526,-2.184658060555496,0.09001681871537665,0.06843203260804331,2.0940954365847846,0.04698611657661827,-0.028870025118710698
2023-08-09,0.0036691895997011574,0.014875508456515588,-0.0022293200588627024,-0.003278686154752614,0.0016004987503071767,0.015632428905612335,-2.1588067300683083,0.1068711018311336,0.06553142975797377,2.251226916829596,0.048043170238234977,-0.05668767904641958
2023-08-10,0.002126176808708966,0.01301966365482678,-0.0015643333798801805,-0.0031040176877215582,0.0009816877766730182,0.014645440002101322,-1.29698894982104,0.09915452921719577,0.06398230499168989,1.933615358361512,0.03952287765227369,-0.08094500764734244
2023-08-11,0.000599002812316496,0.005856844447287775,-0.0036207270886609404,-0.0031203683193498774,0.0005054871058564311,0.014521640970755189,-1.329200204963476,0.11375261908576283,0.05941160858918233,1.8854186230671586,0.04664935201332875,-0.0638456006558139
2023-08-14,0.0026352244438253404,0.008942092989350472,-0.004062215592271733,-0.002217927724189741,0.0009252916709903729,0.013974630773529078,-0.5057559670278956,0.10638408839688954,0.05151500944365825,2.4098984296944153,0.05052213174670431,-0.019834352266972086
2023-08-15,0.0030205472762784248,0.010793412915135615,-0.004154552915720132,-0.002771811345393458,0.0014532187559882226,0.014073951762673145,-0.9887281845876905,0.11134351774238961,0.04749814272371657,2.3744802807167718,0.04504379545321935,-0.018754562988663497
2023-08-16,0.0016888603614331561,0.011955508985721466,-0.00432865828864205,-0.0022914081119457708,0.0007921338640926794,0.01536067046493705,-1.5924505808226987,0.09758918289205337,0.05466090706751193,2.622713341131332,0.04831090856813146,0.008927043038163864
2023-08-17,0.0025423171396365407,0.011253601955779586,-0.005818123787261328,-0.003037017040475983,0.0007122044364484281,0.015222804270173553,-1.7492670272373592,0.10093154960093194,0.05867690977045242,3.1265606036945126,0.05470856228854365,0.0283149529080299
2023-08-18,0.0033882519651124154,0.01503441082755195,-0.0049405420216978805,-0.003319402066139011,0.0010965968403563542,0.016485346438859565,-2.3194494971744426,0.10119004438648418,0.054577844107352225,3.2825925058298995,0.048346116766021775,0.016280114644232964
2023-08-21,0.0021972819448358096,0.01193226270900443,-0.0030185442390990723,-0.0032489601137369187,0.0009540593940825643,0.015999023247375035,-2.3613509610223917,0.09119846554687269,0.05636159307082598,3.009642822779772,0.04617114416505803,0.015919309093793403
2023-08-22,0.002322579261254832,0.009069809371657873,-0.0017377353466666878,-0.0025751793743820995,0.0007531507355721181,0.015772172359609503,-2.2683478507155654,0.10926411676365776,0.06213912388076862,2.5417841887359907,0.04907927036421429,9.07988284621318e-06
2023-08-23,0.001304293634641249,0.005590807486936354,-0.0006575515061623598,-0.0031104468842908387,0.0008767718387122735,0.014748393367251946,-1.4696187564828014,0.10258777177334025,0.05782687683008434,2.565272440961601,0.05308182670016168,-0.006979691180361104
2023-08-24,-0.000429302881151731,0.0023506983881250304,0.0007736959243968508,-0.002444021987050791,0.0011445532126965346,0.012222778171959665,-0.922928951924245,0.09930151192584889,0.0610255431748896,2.5435113677128536,0.049712817777691175,-0.023479349963456034
2023-08-25,0.0007865344515687487,0.0007367361107949366,0.00039538202869616947,-0.0039140825532455485,0.0005220603009343231,0.01343689325033572,-1.0804500248484437,0.1003714187782399,0.07840303948017265,3.001260003949677,0.04863465279097704,0.004501146058349089
2023-08-30,0.0021049477564377113,0.0024174456210735865,-0.0005138553417928497,-0.0027297599879474786,0.0010622129831876848,0.011992642597818839,-0.6131110580660258,0.10526428345064025,0.06839224004233728,2.9541962674555093,0.04705880720647759,-0.009855476755274237
2023-08-31,0.0001519769195515078,0.0012237037799062529,-0.0005379039104547611,-0.002340271964489447,0.000974842777825026,0.012898592810073035,-0.5283061556400073,0.09848743924035608,0.060227530241815694,2.5432060376071237,0.04731034180614789,0.010695860798361366
2023-09-01,0.0005290489101178338,0.007549693900923577,0.0008380231949366792,-0.0024011453826075493,0.0002716471432591191,0.012289680660645296,-0.4183727771045208,0.10378692642856599,0.06698187746362405,2.328441940951416,0.0481795389486361,-0.007038266044378129
2023-09-06,0.002346281296477638,0.012762781877952937,0.00016497096837419218,-0.002831502538278746,0.0017396804728988394,0.01372139280856742,-0.5863924940553039,0.0972385989192894,0.06467795724246117,1.7830184534582814,0.04285018170193484,-0.028925104725339247
2023-09-07,0.0014650398156455548,0.012272754736363634,-0.00019845264360164982,-0.0026691484366370847,0.0008095262253595017,0.01296613759617327,-0.400405556391496,0.10479415658154184,0.05700769102677621,1.454269314031871,0.04152256187650715,-0.03126953135833194
2023-09-08,0.0007389295161896636,0.012662655629781623,-0.0005170806448402974,-0.002224277090221176,0.0005521503605701455,0.014063271514249843,-0.936299935541562,0.09596076748550057,0.05610151649044831,1.50845948173784,0.0480719879224516,-0.0207302555377461
2023-09-11,0.0012074773853317268,0.012862508820391548,-0.0012881047503087459,-0.0025819856548901874,0.0012780534214992456,0.014466135694520939,-0.9402660367065877,0.10217608311818135,0.06576035948832823,1.9241189316346996,0.04691022327614087,-0.028420127444379432
2023-09-12,-0.00014270919361855931,0.006473045419349929,-0.00019683906636408212,-0.002716757893046375,0.0009316649530039854,0.013224759750658777,-1.043041192367955,0.1050415379803407,0.06454771131627705,2.1978074705640323,0.043334622074206026,-0.014201182657537063
2023-09-13,-3.665326781867673e-05,0.005528229214600076,0.00035055271731547987,-0.0030055054748862496,0.0006489527543513216,0.01435866164208799,-1.3774986167290908,0.09271139320444606,0.061898647748905904,2.4990442212396355,0.0452708702161319,-0.0364627545556105
2023-09-14,0.000747813571587117,0.003957331580377041,0.0025707192275925155,-0.0024954079089443393,0.0009744821448885115,0.013183259588086372,-0.9122915852148641,0.10773923585896795,0.06526866162694411,2.275067333286066,0.04782860237793671,-0.05210408463319586
2023-09-15,-1.2094352728017513e-05,0.0010666090288921322,0.002851098475401906,-0.002773904588468434,0.000569920477369993,0.011820383799909056,-0.6911642692022122,0.09889032611621544,0.0670565711549825,2.2223955318348425,0.045043965814936,-0.0628634309066225
2023-09-18,-8.496080855174609e-05,0.000541458867687983,0.0035410576063958,-0.002607983312602056,0.0011015380194313996,0.013589778742781108,-1.2887660931168703,0.10616275062323559,0.06064927763948187,2.0628226265931673,0.04457805943392605,-0.04140798335995146
2023-09-19,0.000912346301191511,0.0024756497829648274,-0.00026483293466446003,-0.0027195290311907124,0.0004926238268324996,0.014172971019996497,-1.374308312535803,0.10093042545042567,0.05864373179830956,1.8892898510654401,0.04518628177375218,-0.009681584287855493
2023-09-20,0.00032819608183747457,0.0022618570252165527,-0.0005521381742357302,-0.002265296717746216,0.0007957195579811433,0.014060006344182321,-1.3269757018661599,0.1056909711404207,0.06217151954831642,2.0394933911298576,0.04814980983833094,0.02652862909411724
2023-09-21,-0.0006487438052061992,0.0040529806955486025,-0.0013605460908495284,-0.0022670991928719617,0.0011715734431766954,0.01510913195079205,-2.021043314620217,0.10034375240388789,0.05960098713128144,2.1670063707076115,0.04750415628721104,-0.013781054605802276
2023-09-22,0.0015386084096940802,0.00980137993451357,-0.0017768102414887235,-0.001744427778374706,0.00045084275657884175,0.018556847672511905,-3.225451216664748,0.10028406901474705,0.059692916923008356,2.9059753517933666,0.051436357090869536,-0.004126604064925279
2023-09-25,0.0015232913983968892,0.01062455257178481,-0.0015173918019296521,-0.0026563840259960477,0.0010588535563461658,0.017112464474252416,-2.694092804801163,0.09617406436237759,0.05354599407976807,2.970890767961479,0.04885573393562523,-0.01059120176893881
2023-09-26,0.0001712892827698462,0.01302051428748807,-0.0014492557038708724,-0.0028984886395252278,-0.00014085001600827048,0.015058941964224696,-2.4642048376393015,0.10092033674726397,0.06336647516499314,2.8734722779309263,0.04819448968284647,-0.023622240557567578
2023-09-27,0.0009209428920139737,0.01383306440965563,-0.0011519349794159564,-0.002099711091721205,0.00030158620439340347,0.01647737684106838,-3.1700678757995417,0.09913253441202638,0.06452840658990638,2.810067656737647,0.05009214652468935,-0.013182459194956614
2023-09-28,0.0019416907401232453,0.018278535914715555,-0.001555896952910476,-0.002368063500217719,-0.00014088824852423487,0.015354996442166053,-2.397615575761809,0.10588395158218135,0.06297780004227738,2.1564868799565033,0.045057488556213915,-0.009370782123344298
2023-09-29,-0.00020660360419240555,0.013791169367081111,-0.00022011217504639378,-0.0020834185582739445,0.000330099968398759,0.013132817999168232,-1.2410004111932116,0.10734865552754153,0.065128828035285,1.6988870896760684,0.04491556175544857,-0.02098711813777537
2023-10-02,-0.0007589594871382902,0.011960046881160966,-0.00019091493782947172,-0.0033723042844578804,-0.00036066757398891413,0.012866046136080432,-1.3732240201965897,0.0989261727847926,0.06877292097196948,2.2820384521412365,0.04990780550466466,-0.022449929995338035
2023-10-03,0.0013285226794400177,0.011938180083238603,0.0005021749231699435,-0.0027933447198550984,0.00040995188395486236,0.013442868836404626,-1.4710539842393555,0.11606857371947712,0.06823664483567392,2.7125360903902016,0.05551092472775507,-0.023513719501358936
2023-10-04,0.003308749878040727,0.015413937034067774,0.0004493565047675497,-0.0022129813751559525,0.000611085304434808,0.01368959592244336,-1.7160761129341202,0.10399945328786024,0.060409293926140854,3.381369127317876,0.04676449747133749,-0.027524983569685524
2023-10-05,0.0005524696441795933,0.011739859764116522,0.0003393445706517258,-0.0021933664011769397,-0.00016493903030393152,0.012334972012391046,-1.438414329361818,0.10027219368727171,0.05646347173699713,3.5605499045628144,0.05206219424050172,-0.039667265621908046
2023-10-06,-0.0006558226412522572,0.014078466520033594,-0.00014443107203880297,-0.003508068353413981,-0.00041966792958967534,0.01346841484032256,-1.7730254512054668,0.09975347773740757,0.06862514707432286,4.218233294106852,0.059576058891329324,-0.0389700443922885
2023-10-11,0.000201556774660581,0.015553663111359766,-0.00037098251461015614,-0.0033120051581180736,0.0006476612083256331,0.01127339371198578,-1.1612436691879107,0.10421104456376738,0.07456533006095799,4.5716509022879315,0.05794127880957621,-0.09066647622457163
2023-10-12,0.0005857361689365091,0.010026484582119613,-0.0005815357141916945,-0.0037061830758727023,4.962236377230497e-05,0.01139524855515105,-0.7381749897362359,0.10523428387453237,0.06698397450381122,3.930026365758004,0.050554294450460106,-0.06685893455053432
2023-10-13,0.0014640435966105688,0.006432155966611132,-0.0007340535621878888,-0.0029114058776887343,0.00036242583708377576,0.01041867031937422,-0.251600269264568,0.11411285637613029,0.06712229676886622,4.1423381292714465,0.059047785025656045,-0.05911643023634005
2023-10-16,0.002222933326597892,0.00800618005868071,-0.0009315460355685428,-0.001934197015184717,0.0004047585825727812,0.012087482683396357,-1.807342428016574,0.1060758445559534,0.0658759046456799,3.537327706646096,0.04069337608351474,-0.025694851873169743
2023-10-17,1.791424747657781e-05,0.0051497856238427375,-0.001212486798090539,-0.001929540607866178,-7.947783074523229e-05,0.010551191112845734,-0.9660514872627977,0.09864185491403984,0.06559622592829438,2.079938795280489,0.045962986405198455,-0.003910688273514968
2023-10-18,-0.0007802330579627207,0.004194202009395187,-0.0012054230929657464,-0.002437210198290628,-0.00030247450803577236,0.011844029522318932,-1.7180760178989107,0.11018929867227918,0.0645868164612605,2.1477073707578516,0.05496342137773341,0.029096177161218373
2023-10-19,0.0010751861589534486,0.006696858943833816,-0.00127651053322163,-0.0032250986813756317,0.0002242738339022915,0.013827443375350522,-2.4513450923616134,0.0992387518295745,0.056395717667237985,2.099875364795652,0.04479773343312304,0.018861153709734124
2023-10-20,0.00152996932726233,0.007231773187965048,-0.000950348468783857,-0.0024799724528970983,0.0007961141150703058,0.0143196024968211,-3.1565973609751303,0.09852395891590728,0.055828545506562965,1.728499049045841,0.03938695268763034,0.023248759829662777
2023-10-23,0.000111588764940302,0.004694860459565749,-0.0009247187104805912,-0.0028967542893035972,-0.0003510672136703386,0.015154384474891196,-2.3592159880367016,0.09572621315720267,0.06302424995574978,2.13517609395434,0.050437278094909006,0.048318120669196864
2023-10-24,-0.00013645799556511335,0.003941086147773727,-0.00063527081348634,-0.0026873606666147805,0.00021622420887807634,0.016069405176832592,-2.5118678659137377,0.09529782795471481,0.07170807348714069,2.1718558318353383,0.048184623153656965,0.029362861962561097
2023-10-25,0.00021857270278271174,0.005876393650568509,-0.000299552258448281,-0.003656200878499852,0.0001330497327945422,0.015298500403620113,-1.5932343199664096,0.10520885432354175,0.07749116519967587,3.1350752041516268,0.05779190073143255,-0.0019765879617090476
2023-10-26,9.032478036189065e-05,0.0019720361459642467,-0.000398259197164078,-0.0029082703096738115,0.0002322777372322103,0.013649749167492786,-1.4423458640901439,0.11198203671733528,0.08392221635019317,3.590189904065672,0.04781662142856362,-0.010404520444037169
2023-10-27,0.0006198354831565145,0.0035064860111128863,-0.0004386252619834605,-0.002184573861585084,-0.000633294760949322,0.013785834551196726,-0.845107369102111,0.11145303488069853,0.06905673578632698,3.230095374949034,0.04641962728517565,-0.02422814156840191
2023-10-30,-0.0004946508597252117,0.0012685525577089346,-0.0004933882202283297,-0.002765340250997397,-0.00019612137625391843,0.013217944387972668,-1.0716296208463942,0.10046143119560381,0.07933041988344444,3.4163081489245086,0.04943968775250961,-0.0860615341961149
2023-10-31,-0.0012131308333359662,0.0061479530484404065,-0.00033580984927662495,-0.0034646472466519944,-0.0007347608120757775,0.01158123445649327,-0.9172905091787094,0.11235271995572463,0.08391267443264802,2.507696466587783,0.04911083188348942,-0.06805963623554194
2023-11-01,0.00041417957074554634,0.0087594861149242,-0.0007195577621642205,-0.0033377070857541656,-0.0001559533416243471,0.011938859448805104,-0.7425995518224264,0.10435022672182774,0.07807450866610227,2.937562277103361,0.04988260337241174,-0.06999815774513812
2023-11-02,0.0002738841030287218,0.007139825323954021,-0.0004152311726028894,-0.0025866510757048982,3.092391418401915e-05,0.009536583710872092,0.2500338599366707,0.10350149658717331,0.0738037085017514,3.603658884555994,0.05487800097136296,-0.04366903239151148
2023-11-03,-0.00205000882669412,0.0027938707446508323,-0.00044402331156849923,-0.0038320441107297233,-0.00029153656441243374,0.006898375293541345,0.9051893045930206,0.10402619114218851,0.08251903614124347,3.2710446055074147,0.04029364933532348,-0.028491505483637346
2023-11-06,-0.002791626194074896,0.0026257669869523335,0.0003483110062529108,-0.005094874777674908,-0.00042851614206325915,0.00565634080357952,1.3386377587899305,0.10128237708749392,0.08335347539799536,3.005160003242673,0.04702773410031499,0.019444906550132975
2023-11-07,-0.0014124794840538106,-0.0031909226440547216,0.0017636842350714423,-0.005948860800383723,3.5923322991948876e-05,0.0065820025447690615,0.7286641953591686,0.0995804769906362,0.08362916435424468,2.8041030962323363,0.055474956389967564,0.052594739097754806
2023-11-08,0.0006811225559557468,-0.003977848017598795,0.001791584432991126,-0.0032973816115574777,0.0005118298387495224,0.0069580580473984355,0.1289067368974739,0.1252048645594556,0.06826261388757762,2.718298499113019,0.053213508146055105,0.1752831216338501
2023-11-09,0.0006492769072750982,-0.0017934910540789977,0.0018930733554077988,-0.002630825688824991,0.0002905398398163891,0.007767578142029918,-0.23247147028365323,0.09699004281721028,0.07548947311378928,3.426887856835335,0.05367920654274004,0.12859080861816707
2023-11-14,-0.0006051166110680933,0.0027078237367186182,0.0012500770186777057,-0.0026335658536014673,-0.0006732117945876576,0.010229013987912013,-1.0427165161426248,0.12580043631823476,0.0867110479107113,4.219057045651933,0.05276643032633597,0.03608800151433182
2023-11-15,-0.0014907063586756617,0.004710503808888285,0.0019220215250778832,-0.002888502214923929,0.0002300123547690154,0.00901665372590578,-1.039714666076114,0.08766449858703738,0.07012843765100744,3.6449441256968207,0.04807591059666855,-0.01240305361644283
2023-11-16,-0.001685050472043682,0.0031258112279064915,0.0011046486560071257,-0.005078973998680027,-0.0005886647390618714,0.00953234790515549,-1.096765428323478,0.10046975936838778,0.08400154204318992,3.4255809296284765,0.05678871991189859,-0.08080335427497212
2023-11-17,0.00016786057894333726,0.00578048428957001,0.0021382301458291978,-0.004352736786064845,0.0008687204369646307,0.009244638189112312,-1.1566675947664287,0.11460735933101675,0.07604300761924863,3.2688205686352623,0.061504598546697764,-0.14261315485862863
2023-11-20,6.539837945928524e-05,0.005837875687785499,0.0035171099748147376,-0.003648215536793427,8.05645324768793e-05,0.009650729655324843,-1.0611438806736344,0.09023484075295725,0.08006584964382606,3.7588500126073554,0.04848747080583142,-0.06595701939401835
2023-11-21,-0.0026943438571351134,0.0035378828274779768,0.005551940528780466,-0.0031866159300793207,-9.671621544457472e-05,0.007899219614576566,-0.6273300684128208,0.13057177349941185,0.07746273467460735,3.1011566797613623,0.03839972525408468,0.01466565074602555
2023-11-22,-0.0015663352858003865,0.00669284011983542,0.005899627032977113,-0.003428850799937412,-0.0002634038321797535,0.010020738595775397,-0.8104994985228702,0.09251987630586879,0.08001131248979752,2.365891617854607,0.048805034830503566,0.008314582381688383
2023-11-27,0.000611506686941179,0.007574765386448776,0.00503628698617284,-0.0023456458339399383,0.00013867019390119927,0.009597811971044803,-0.6003630341831914,0.11187865370747592,0.07772100448289936,2.069478897825498,0.05624631759099291,0.007641386337905062
2023-11-28,-0.00017058009068288902,0.006650518709516056,0.004241882484768115,-0.0027283193760508874,-0.0001831177691223542,0.01013867116635429,-0.6811768939247107,0.09944612893089291,0.0763170450179023,2.079418021889734,0.04185982311555443,-0.003301043210287553
2023-11-29,-0.0016282295792551154,0.003677822285982208,0.002904788098841071,-0.0027226956366765663,-3.603801804051595e-05,0.009938831900941136,-0.8936008284688648,0.0912664698742634,0.08275427097185292,2.39801205082464,0.03680533250155579,-0.036404689393593426
2023-11-30,-0.0003609082012945589,0.006567769311200607,0.001120341351092035,-0.002832315463248697,-0.0002767624210640498,0.010846657848389046,-1.1788024970933457,0.10065394615807874,0.08387642421309889,2.209788355547721,0.03885193171812485,-0.03237708832744217
2023-12-01,0.001387195980082308,0.007345369026701236,-0.00024650642664421325,-0.002622343350478975,0.000551510172172514,0.010138372254700555,-1.1752009326606823,0.10392557784825955,0.07954931242099672,1.7596319059530203,0.04390558845040271,-0.022607426613232808
2023-12-04,-0.0004391930912790908,0.0061470151915607955,0.0005177055429583229,-0.001197357218868558,0.00019940133830083235,0.009967835135144876,-1.2322335722650641,0.10697648408539126,0.07766752308257194,1.9861971603077104,0.04956284196096045,0.004583855016221584
2023-12-05,-0.0004205874650766243,0.006333089695252188,0.0002571295424341691,-0.001931632462747289,-0.00039109634790468765,0.010441851394373968,-1.3354889470093272,0.10492916793886188,0.08314759124566963,2.561740934477108,0.04452554193579089,0.017181299013452847
2023-12-06,0.0026986932188640123,0.011027930595139707,-0.0006043598465385444,-0.0013206926009298385,-0.0002382015653904553,0.010461249059897239,-1.2161198565075548,0.11633397621441652,0.0804542769248289,3.0020416967570815,0.04332812909823402,-0.003954680575526527
2023-12-07,0.0016635933758880367,0.007041391749302276,-0.00156995243376521,-0.0020912186575605916,-0.0002658433894285247,0.011062425597861593,-1.1886688477538425,0.08679431329580413,0.07965323610752857,3.1794805873366663,0.0516118787201625,-0.018110534169356672
2023-12-08,-0.0005808823428225965,0.0038295293774003106,-0.0010471368226604018,-0.0009860279509910027,-0.00029634177461097594,0.01022319144186545,-1.234121192014188,0.11975217349254554,0.08738029046977337,3.472035498326415,0.05232713818328843,0.015068333925687825
2023-12-11,0.0007031101628265362,0.008404649190741367,-0.001554320553741285,-0.00306433831784878,-0.00012163677224028558,0.01052743070338322,-1.033198297396409,0.09581279048979559,0.07188950375006255,3.2076737643150164,0.04101834992572295,-0.0019965283587944247
2023-12-12,0.0016022492890236176,0.007006579995201971,-0.0018799834889110204,-0.0018163017824384365,0.00029507803700330596,0.009470115772333157,-1.0106287268446565,0.11103509091526265,0.07164144161889373,2.4487905522304025,0.04234434158820053,0.024140732307087298
2023-12-13,0.00043824642617816214,0.00655935654360071,-0.0018117544717508988,-0.0026990234179869103,-4.851124309698785e-05,0.009174812746790047,-0.8293826834783851,0.0918232490552038,0.07442904711090738,2.1164000452253644,0.05075771980575445,0.03897056926843877
2023-12-14,-0.0001854176421855632,0.010152091513292757,-0.0011451724914840742,-0.0013435812975534636,-8.254647458373309e-05,0.007447879753548908,-0.8764366595019902,0.09202824476454158,0.08016114443736329,2.4235912357990954,0.0451650388794223,0.044600979788001205
2023-12-15,-0.0021359977571069407,0.006450798073307034,0.0017779690334326517,-0.003959764718917453,0.0009663203385653172,0.008137080112312673,-0.9638225481597805,0.07676677154629914,0.0881331099101496,2.4169167819910014,0.03486458707266896,0.008762581090693274
2023-12-18,-0.002548881229024231,0.005319134916583348,0.002483006580839916,-0.0027544481651837517,-0.0004286621205585951,0.008399959814272905,-1.1401318659587865,0.11405081124683572,0.09036047057897459,2.02867635655704,0.03918763721230578,0.00033935100275188715
2023-12-19,-8.556951575329708e-05,0.006087434138096577,0.002892236214321094,-0.0028632083883128857,0.001916934159188238,0.008541609553037387,-1.1806194035643682,0.10306923050211447,0.08154456546106914,1.9757791945213747,0.04235807672648283,-0.04270502447410925
2023-12-20,-0.0010279964800524544,0.0013368880795258638,0.002377916040725545,-0.0011680040280671832,0.00030200327529391355,0.00838790064263788,-1.3449228637701638,0.12074773781823415,0.07974800097239758,1.5186811272037373,0.037518401273321345,-0.022213770977299232
2023-12-21,-0.002210969849030215,0.0001871621572740751,0.0012092652455571312,-0.0026404775965052723,-4.2199550176226714e-05,0.011201483631159111,-1.78810232715013,0.10603746598377932,0.08133292501454231,1.450894855746792,0.03452330656237727,-0.030171369597303654
2023-12-22,-0.0004042003057596476,0.00509136488458124,-0.0016743006197006548,-0.0018667518862896552,0.0006661436510937083,0.009950103590312679,-1.6462696335442342,0.09246110249538844,0.08003603493786073,1.6285662552028766,0.041431220542805354,-0.017803274628835873
2023-12-28,-0.0004290734795091331,0.001679797346032165,-0.0009010638605669679,-0.002518827849813289,0.00018463846964781203,0.01043332372836604,-1.472400623686617,0.10341955782320504,0.07376365479168707,1.7554464186049663,0.04064740621042039,-0.021173999960800573
2023-12-29,-0.0006792389974965166,0.0020117238688414666,0.0012807618370619697,-0.0022870958850834465,0.000230282127946919,0.010148233980430112,-1.3651262993350075,0.10428065759076041,0.07303137090077882,2.0338021861648756,0.04494674991396893,0.0024061334045424754
2024-01-03,0.0012527552576537238,0.007078540606457628,0.002260594585933527,-0.0017221561805177297,0.0006569639603172293,0.012323200038788399,-1.3505821940329863,0.08974459393889073,0.06167424278850261,2.368908961462047,0.04198185074455114,-0.017590089872212875
2024-01-04,0.0018605150998500563,0.006737812519688671,0.0025388290764201344,-0.0014288344115914676,0.00010378995311582625,0.011788172546192702,-1.3247545471283357,0.083504053674091,0.0637641708996094,2.631975811991959,0.039599360999901446,-0.013357115573594428
2024-01-05,0.002027818414497319,0.0075492398837749605,0.0019950823021953625,-0.0010581432379445869,0.0004067625222885583,0.012873242634245196,-1.3692164939179206,0.09395111021584981,0.07491259533575455,1.8893401589597332,0.04030840833724034,-0.050977983301651
2024-01-08,0.0010665365335294353,0.0063617823034427074,0.0018790741662866588,-0.0011721846918811975,-0.00021447263304468156,0.012837034972729944,-1.2751665489855624,0.08903970390878747,0.07493435180113943,1.9542254064394602,0.04034598049260641,-0.035293455843374885
2024-01-09,0.0008519746036244711,0.004456024807337427,-0.00023645136399111447,-0.0015970907865203426,0.0004679862905720806,0.01142100291965629,-1.1344035025994947,0.0844717344079227,0.06306543664956,1.3063159314164752,0.042045039424352094,-0.037933315458933636
2024-01-10,0.0016982884502352957,0.005959762365139274,-0.0010141308936291026,-0.0018191500774790753,0.00029855340726741837,0.011468705428913486,-0.9723156795080639,0.08507676323741883,0.06659379951352955,2.0444976378171855,0.03895879456598283,-0.09704443515456287
2024-01-11,0.0015890696295402522,0.004540502867326102,-0.0009530147770529765,-0.0016660349152088643,0.0006931835034718542,0.010131400202473807,-0.6757526241002174,0.08690990806212301,0.07181069994204435,2.083175762223243,0.037028924312219436,-0.09105488519408503
2024-01-12,0.001501007727959394,0.004213797767147241,-0.0005598009808001924,-0.00192064426337194,2.2950998989960134e-05,0.010399979757537859,-0.5674537967401935,0.07490466960715138,0.05419797857816649,2.096390588016246,0.03359195956294712,-0.057960772424311684
2024-01-17,0.0011750519378866996,0.004903945044160052,-0.0010359842695612147,-0.0018686927744036882,0.00043708535838624834,0.010176948837524267,-0.9720752537570102,0.06868919888096371,0.05042176000657555,2.1981614716252276,0.042408651178132854,-0.6077529176519458
2024-01-18,0.001295156019430368,0.005169069233638315,-0.0008414462324049692,-0.0012469715972423375,0.00016475528732141237,0.012034735673291393,-1.4644629143557915,0.0909730762121789,0.057571785320105796,1.6795361367444284,0.03912798704086883,-0.5479519817287287
2024-01-19,0.001647892662004275,0.005101605577668456,-0.00022305827397539596,-0.0013451948292936677,0.0004793503512991801,0.01092357000998908,-1.30029188665622,0.09215509474505132,0.05724773877360241,1.869916382336837,0.03765094981238216,-0.5112448617474668
2024-01-22,0.0006588974450716608,0.004766106507314815,-2.7730744661842586e-05,-0.0016377053645736655,0.0002663757454547416,0.010453616679178657,-1.0061292768136096,0.08962709274395855,0.05487906223406287,1.4456876323747623,0.034658344679612214,-0.39295441830763644
2024-01-23,0.0002654885572650345,0.007235653464559973,-0.00011888307284376224,-0.0020454469067952286,0.00021531377362899172,0.01003123813199509,-1.009225251127257,0.09534950421890541,0.05813550844524738,1.7405322413957056,0.03963874678832009,-0.2540153553159189
2024-01-24,0.0015569586242509454,0.009718083010287926,0.0009841340997763,-0.0019445187293795152,0.0002783086194871447,0.009959200970617019,-0.636404972313064,0.07530166251550995,0.06727718455297867,1.542334858016189,0.03988405074263017,0.1312153847628528
2024-01-25,0.000771022241717505,0.006062197524702462,0.0021542166166042603,-0.0015315807736854176,0.0008824215612552784,0.009688598150188021,-0.6076307942860006,0.08693413343208087,0.06539824706651709,1.6996351591959526,0.036555812126725484,0.04515775468564158
2024-01-26,0.000556669338595451,0.004274172414400834,0.0017914156847591027,-0.0016167522972137167,-0.000431553823819579,0.009788147028070356,-0.9730861088388127,0.0813034874081738,0.05418335049499334,1.9157489507572696,0.03995461016237641,0.016358230242903008
2024-01-29,0.0011695750673148592,0.005471880154062246,0.0012612419458070316,-0.0015601650703413836,0.000813493701369894,0.010945424005772022,-1.2167801028538685,0.0864778075871818,0.05913497618375484,1.315182608633796,0.03686507635017785,0.01556536818493406
2024-01-30,0.0009870647052352011,0.0036117803825591226,0.0006260333435890078,-0.0017140908293966865,-9.754047859945457e-05,0.010307920690980521,-1.4021799446613936,0.08918198401572211,0.053683155826162135,1.2652448112666863,0.0372229083231047,-0.02510445247318145
2024-01-31,0.0006504230172720048,0.0051808814300973605,-0.000267398340140794,-0.0019926731109782374,0.000626045062065388,0.010847116710950178,-1.468341339449287,0.08630298642190808,0.05181980575764688,1.6910853949962323,0.03891698206784136,-0.010208840199285248
2024-02-01,0.0010454640709783305,0.007596718119284547,-0.00036684612984746464,-0.0015873955275086595,-8.912868536812651e-05,0.012237218013725263,-1.704039568198598,0.0869167860189889,0.03847367296718422,1.5485104530268605,0.04116773328336468,0.03235053078756753
2024-02-02,0.0014913983676853692,0.005496952950537671,-0.0002244191767976142,-0.001845123517626364,0.0004844052908104887,0.012084921188491488,-1.343264839002739,0.06141194633562372,0.028191808942849853,2.1145243735715744,0.040914800975693964,0.07176480304753763
2024-02-05,0.0026549716829549516,0.008716024197207212,-0.0004177849133245226,-0.002204711863399261,0.0004091672765513146,0.011400614732279752,-1.425789613465344,0.08862869032649306,0.0466156074963466,2.5909873301394164,0.04308045154311679,0.07249534598790475
2024-02-06,0.002842797756315401,0.00968676186159509,-0.0008019672976210758,-0.0018962789498224973,0.0008455883036241505,0.011661024142734145,-1.1932932145771171,0.09654286684998307,0.05626995151041991,2.814872331235866,0.042665097809983794,0.05252852497443563
2024-02-07,0.0012649223522909199,0.0062266095620064936,-0.0008167793897044416,-0.0017928140262568595,0.0003512910597368793,0.011851749203150531,-1.0327420737610566,0.07876441544332767,0.046925758175971416,2.720312949322934,0.03883645764480321,0.03348600545260581
2024-02-08,0.0005804529143549551,0.006800937121283688,-0.001217336589566024,-0.0015042719422045472,5.463162979967885e-06,0.010129777401268622,-0.5950745773587216,0.08887539176408836,0.06953945007333785,2.2261741130238835,0.037769069825403886,0.05070290904567099
2024-02-09,0.0018703616713969995,0.01010281323369096,-0.0005204969367757221,-0.0020290418147244195,0.0003289364641685633,0.010818595082767741,-0.744027861967109,0.09621092376125387,0.09116560078262692,2.0258413908603834,0.04013668165662954,0.09073690134873348
2024-02-12,0.0015703755678176461,0.006602492445194776,0.00020951327852740186,-0.001424344508713723,0.0005299341707745982,0.011100767419731098,-0.8371862276881566,0.08275593130575486,0.06808186463490179,1.3679638954201794,0.03738420739345433,0.07663746368508036
2024-02-13,1.3121889113713045e-05,0.003155181253976745,0.00043731899644832345,-0.0016880755001028823,0.00045069665017637964,0.011254337501538677,-1.338276963830078,0.07999000608527476,0.05222384402568824,1.282660573246639,0.0377035672722562,0.07826213194334943
2024-02-14,0.001842938101919528,0.005860574188237118,0.00017125883871281717,-0.0020120785211113126,0.00047130068000185947,0.01244145300744625,-2.3423095846774267,0.10005612014684498,0.07966494026374665,1.5233600523521016,0.03765709533557312,0.097286861575946
2024-02-15,0.002428276925198791,0.006254871452405639,0.0003429745212182113,-0.001727784297327132,0.0007041697918833795,0.01220508135308043,-1.7896496503234713,0.09156278985537093,0.06917985285777767,1.3846723922281199,0.0368540976745959,0.09735778677486016
2024-02-16,0.00018071068192653168,0.004956641796795744,0.0004085595116937994,-0.0016279031793053546,0.0001178493380559945,0.011979900621490501,-1.6695669378149613,0.0751043693561612,0.06589238800546826,1.9989551219918615,0.039690473010025706,0.06429090163779995
2024-02-21,0.00019090759149340843,0.006280715562937368,0.0002387100727108916,-0.0015698951186067416,0.00030045067723628307,0.012318877178758198,-1.5977070817558685,0.09894703680141771,0.07338549544637522,1.8939822156244226,0.03864823750193035,0.051630206975408835
2024-02-22,0.0013772562474666438,0.006715416642448361,0.000301481509888406,-0.0020982988312885954,0.0005493053955703951,0.012502098616622897,-1.2053312926930504,0.0895379275607193,0.07337637479022917,1.569960622271528,0.03788286876791855,0.02399388114564721
2024-02-23,0.0011066284124932808,0.007342632905150925,5.1633512224715644e-05,-0.002236086508513855,0.0005048950101942415,0.009723159991523487,-0.2602629154617586,0.0892461502705141,0.05629813170872209,1.6991648418984215,0.03881252321502416,-0.013551942083362386
2024-02-26,0.0006680712309012514,0.008671583562575868,-8.079549698076832e-05,-0.002132774859546236,0.0005093060078288331,0.010438068561432012,-0.46140983946682224,0.09044785320426418,0.056954263105159726,1.384326951638711,0.04074708932711416,-0.003962149195439029
2024-02-27,0.0009998714380647622,0.009250360293463912,-0.00015784988586793586,-0.001746089656486339,0.00040093482081653,0.010978326995730503,-0.583863569365539,0.08664218935473028,0.06774706437656046,2.0809320146806867,0.04145315864910848,-0.02586202023836589
2024-02-28,0.001599835352588663,0.007066226563576269,-0.0001984254278644835,-0.0015436763042774074,0.0003689809540794672,0.011077886639155305,-0.3927072143719861,0.08647687890627484,0.059901191790668586,2.157317544348894,0.039764401526473384,0.011889862699768671
2024-02-29,0.0018093725552961455,0.006943239202250567,-0.00019687487097553972,-0.0014585609777457208,0.0005690812322825058,0.011089832394239007,-0.6483834888263975,0.07354828871349642,0.04685859371099112,1.7476482454099491,0.037913419502788655,0.002810858860548089
2024-03-01,0.0019152443817528138,0.0077228206287293846,7.023700318834863e-05,-0.0016539958153872826,0.0005282994586641345,0.01201599883356924,-0.7546955554810617,0.07351113749609237,0.04722163629347788,1.872430943503612,0.04066377919763425,-0.0044989522154338536
2024-03-04,0.00086216191101993,0.005000197215849573,0.0002788511117940817,-0.001803591935434753,0.0005888588156953755,0.01154658926227869,-0.9379217437058487,0.06740317023085052,0.049611005246562395,1.9010061812806955,0.03901543397186044,0.026462888746981814
2024-03-05,0.0003312035917898815,0.0029102792163310165,0.00010787536106007685,-0.002088438428071187,-6.587010568943541e-05,0.01217912348106585,-1.0783577023987851,0.07486956187782626,0.05423127806002654,1.620023521040965,0.037469417960840856,0.04787096584763496
2024-03-06,0.001465937476133662,0.006390832713573249,0.00024229533846607573,-0.001586709734500072,0.00013319352390808948,0.013298219484182364,-1.5845823760527376,0.07849632834259192,0.03830936256874663,1.9452676544707885,0.03838876855902382,0.02554401986423195
2024-03-07,-4.3222923612152024e-05,0.005188060056081047,0.00015616590681267434,-0.001660265597364415,0.00046648464602134257,0.012841006285743532,-1.4692297853596088,0.0718077796516722,0.04549923320911019,2.1989927108971057,0.03943493418048249,-0.0010484113995489156
2024-03-08,-0.001327056846545202,0.0033899127142101872,0.0004214151871557091,-0.002192699779822651,9.870951504857415e-05,0.012275247990691714,-1.6078950893121329,0.08040898811776173,0.04288334087412303,1.9301981786445037,0.04070885450875411,0.024447062929388155
2024-03-11,-0.00016377550802784506,0.006971711514294318,0.0007045573859905339,-0.002566262606810875,0.00036495549415343077,0.013081694289258067,-1.7892685115404892,0.07317404829593048,0.04744798340533093,2.0387724020180036,0.040323644431064114,-0.002503324379468149
2024-03-12,0.0009626322151558592,0.0077079294936203725,0.001053289688994229,-0.002444471584398987,0.0004962655018824685,0.013294672781897065,-1.8215939570976296,0.08050855785071333,0.04319944579646522,2.1411993072945386,0.04199506254677083,0.005789812336018358
2024-03-13,0.0007695427227382493,0.007020707052991425,0.0010953317190470111,-0.0019335938423872528,0.00036613222129617667,0.011990106505727146,-0.9042524469336768,0.08548299863443008,0.057634850085749985,2.1116559950231495,0.03895828413292039,0.008477523578169985
2024-03-14,0.0003344517700757072,0.008110935587147126,0.000762759716128058,-0.0015102130061117203,0.00023347085134302667,0.012211732783535689,-0.8767122855957658,0.08827997550489333,0.06030812432850605,2.348916259362681,0.04075417155914417,0.11555458991020598
2024-03-15,0.000884529220530031,0.008595473711654632,0.00015125952987796138,-0.0011742344847365672,2.1927991508009033e-05,0.013083094465704449,-1.120149746293408,0.09350175632774987,0.07299273668821403,1.8905622093291687,0.037034245790926776,0.0940605542827722
2024-03-18,0.0018387797509748691,0.006679897464260014,-0.000402099660642046,-0.000753767192784363,0.0005757577340316121,0.013614604262107081,-1.0447463062651625,0.09739952928828445,0.0733157329195631,1.3895772557659263,0.039278276322442685,0.05758936051673706
2024-03-19,0.001293313268317864,0.00865289680772504,-0.0007434104129110577,-0.0010066583727650832,3.583871946985826e-05,0.012690337199132103,-0.8952756717807896,0.09183585809126744,0.07992548303221367,1.6058011802030925,0.03952451613865436,0.006446511101556548
2024-03-20,0.0012941080710280116,0.008143292296933134,-0.0007964678779226954,-0.0011457257808841325,9.659142182508694e-05,0.013003062409291248,-1.1458316008290075,0.0863580876858901,0.0718954995827246,1.3667057839700931,0.03694182828471975,-0.009140790466129542
2024-03-21,0.0016291635855313358,0.007445224491745768,-0.0004348659367773753,-0.0016721123749513912,0.00033746803684961104,0.011936179495053946,-0.842286928672208,0.07633980232992209,0.06984534511797759,1.3493375155229428,0.03814411966471175,-0.07112512553648179
2024-03-22,0.0002804615318233672,0.005613910934380128,-0.00015211247332724297,-0.0027238703362975464,0.00011929087702221908,0.0118546303258675,-0.5728889005192255,0.07716467278973735,0.05806095994099859,1.9070377435620884,0.04394065258462799,-0.04944160022107951
2024-03-25,0.0008539375722245067,0.005116792541294921,-0.00144156652858094,-0.0015791022693313907,0.00011440153963449112,0.011589520598811702,-0.6379625706794744,0.07618212318372157,0.04903079708538305,2.1395093679964,0.0389888682685315,-0.004328252111416549
2024-03-26,0.001628009707813378,0.004032111569458457,-0.0005112699082081591,-0.001106569064814677,0.00045053645514035756,0.012439695109255952,-0.7589020992058322,0.06921246137207727,0.04946401298588478,2.5307978052060447,0.03638318708221434,0.036000145815433135
2024-03-27,0.0004838794895016282,0.004078417578765452,-0.0010268480557906895,-0.0007305976584719776,-5.041571149586724e-05,0.012990625673255292,-0.9842481602016877,0.0790433677872982,0.0492402623581676,2.2383072218461724,0.04029078734314956,0.033252680167610967
2024-03-28,0.0007037629644137813,0.004250679171689882,-0.001192276945076545,-0.0016328494050481396,0.0002533802587036111,0.012728429999806497,-1.0651763130744556,0.07919411538585439,0.05034421523561152,1.955178796310106,0.042671458545144474,0.048349851106676695
2024-04-03,0.001377405485899158,0.00691318490549277,-0.0010316067375262467,-0.0017984253981899137,0.00027159216175671916,0.012882093341633202,-1.2036514832918164,0.0803642392016102,0.05230461601706815,2.073184786029389,0.03928903725669864,0.011244650815837465
2024-04-04,-1.4103529701108507e-05,0.007389049174003557,4.0648778835706005e-05,-0.00194044095847717,0.00029326695805044007,0.012580910356671166,-1.0203514241815672,0.08457081382386812,0.05567787852320435,1.6291598251608532,0.03247458886759435,-0.04448135504386338
2024-04-05,-0.0008455082412503784,0.004524886064760109,-0.0007688251972518906,-0.002025828410382768,-2.679255256161342e-05,0.014231234438145338,-1.833332417679867,0.07773172667599394,0.04633877599133864,1.7708520098365335,0.03684848823183278,-0.03757548283849354
2024-04-08,0.00027923308030012304,0.005850059787552066,-0.000348294322503979,-0.0013764548549073559,0.00035445642570125914,0.0128461960415143,-1.6447990371313626,0.08752215477771096,0.056164347142528916,1.624489608549984,0.03863238149755998,0.01136415868852494
2024-04-09,0.0010387540116689631,0.0064397027079714205,0.0002337501915533156,-0.0013295230521569428,0.0007567288496143426,0.013689357524723654,-1.4987856334252625,0.08973454638989839,0.055622352901741876,1.547984244553381,0.036669949525702954,-0.019026781621255845
2024-04-10,-7.85235155984971e-05,0.0028682541114470692,0.00017066245459816263,-0.0013870168696088897,0.00027610128665443397,0.01312830414585037,-1.2692558538468497,0.0827080028542371,0.05402611963361123,1.8511585391169345,0.03708249962007019,-0.014702465838316582
2024-04-11,0.001824658349535621,0.0051347605602330695,0.0001333583807578292,-0.002045727615575731,0.0003115566283851813,0.014581486104323943,-1.6590478664222186,0.10175204260844155,0.07510210075340598,2.2565180371059697,0.03995577882468487,-0.008483508474988745
2024-04-12,0.0029515913538766697,0.009924714716892123,-1.244026959771016e-05,-0.000986757618097944,0.0009885632827224947,0.012829352585549627,-0.6037090532930537,0.10057022235947932,0.06818870705485136,2.116353806008318,0.037162264235141476,0.035328370254464135
2024-04-15,0.0013950441339534217,0.0090966625984094,-8.132046061544191e-05,-0.0005196357207833786,-6.443365182583465e-05,0.0149524694815605,-1.7757778079428745,0.07874454271238733,0.06596818599156214,2.345570043972868,0.038551993846550496,0.08113064602298614
2024-04-16,0.0018283936063225154,0.013579999374316757,-0.0002826161898571453,-0.000284004343962696,0.00041873304568237056,0.015315046166998234,-2.7867217419304833,0.0957406665187771,0.07988754403239572,2.181466565636717,0.03986952023907493,0.09677101255142433
2024-04-17,0.00286612923890719,0.019562487002123385,-0.00020086828598392273,-0.0008312700812976511,3.149494890582042e-05,0.01594509418973766,-2.5316981324873855,0.08583459657261851,0.07805194400097402,2.049512374716321,0.04235119049891581,0.1136314257084755
2024-04-18,0.0018095726419773725,0.015142993118938696,-8.944651561871344e-05,-0.001789956546575881,0.00026609957389321176,0.015282136265274308,-2.141043153886927,0.07941443084657393,0.05749004113220069,2.0460737365901474,0.04079883437581898,0.07081391061636994
2024-04-19,0.000930626003720781,0.014824409237047618,9.214396159578733e-05,-0.002751512002972801,0.00020777478340174637,0.01575999763345192,-2.2175904101437522,0.08605897044924353,0.06928138899325753,2.4965932165030362,0.040868706608085205,-0.0023184560956656525
2024-04-22,0.0008456127748791537,0.00960262294926758,1.9654246365026224e-06,-0.0023596993633356817,0.0003041773069713183,0.015735425363121107,-1.656150758816345,0.08684070452035587,0.06621651914867754,2.64197637119836,0.04347847420777416,-0.0045847785435601685
2024-04-23,0.0012798940130938426,0.0069185490785654054,4.1295368574267776e-05,-0.001261034382234373,0.00048215446554816387,0.014017440419233368,-0.2588911454157141,0.07947506539031446,0.055129307697534595,2.398392584595034,0.0396349867279079,-0.04403222771686421
2024-04-24,-9.870028066891504e-05,0.0014012733638046181,-0.00017095589559254748,-0.0012411350371767985,0.0003763711899646576,0.013156292638834307,-0.0845502754253159,0.07632490705590973,0.05023288829663362,2.317385116213116,0.04064129638513273,-0.028705165772152118
2024-04-25,-0.00016191913582971331,0.0012583634704309826,-0.00022773573109207952,-0.002285803414691196,0.0001384678378330734,0.012629189852706255,-0.23950764573490735,0.07406627248615082,0.06151395207270527,1.9769777995585123,0.03846969914692824,-0.011153228774494416
2024-04-26,0.0004400771491838011,0.00010559804537899498,-0.0002819676225751452,-0.002212348962410628,0.0005678522886584448,0.01321117159681925,-0.08801464601616826,0.08563607723490357,0.05768235556595457,2.0304767367739593,0.04034843263669598,0.03612646751816662
2024-04-29,-1.2761168135752413e-05,0.0007079350976455217,-0.00019996645926211178,-0.0014551403498599483,0.00022911291066274246,0.011978344009108815,0.19213342971191616,0.08026034088723226,0.05759520616735753,1.9217504376991796,0.039113465980307176,0.03467296737043491
2024-04-30,-0.0004619444754875876,0.00013733620036463293,0.0005460865731090421,-0.0010830327762587433,0.0006592363975652733,0.012227606950529699,-0.2956656307094023,0.08549247748891982,0.05997177321753057,1.7548521300814337,0.03783728490442183,0.02873282080615395
2024-05-01,0.0012313133407606174,0.004144908041401047,0.00040452540715794395,-0.0011865454257070087,0.0001208212076716198,0.014074637045151907,-1.1589412430346158,0.09251106580932951,0.06610319241604204,2.0422246496191887,0.040843536362600234,-0.013276098768648688
2024-05-02,0.001980893046095886,0.007941744235159455,0.0005600802035775987,-0.0012440365640541003,0.000571743722548222,0.014530985872652625,-0.9580754035457879,0.08218974499619704,0.05097488158050735,2.1424923893586327,0.04683035217512436,-0.00980783452776982
2024-05-03,-0.0002681967914701385,0.0026731004667593003,0.0003330043335043356,-0.0026083419910084603,2.5187701886276226e-05,0.013053903826378822,-0.8704072727911808,0.07513574014358879,0.0531894685644046,2.8219733691570217,0.04067163620259121,-0.03752652735941432
2024-05-08,-0.0015579781456707329,0.0019800647977784975,0.0002389999134772548,-0.0033534643297623685,-0.00013945861583594606,0.012107977720521298,-0.4703655967239654,0.07610022719308931,0.049672703122058195,2.831042314256595,0.03989626505036517,-0.038961794610646326
2024-05-09,0.00022509037704903468,0.0019938881393442793,-0.0003416468830856823,-0.0029752427160166474,-0.00012619064909515868,0.012611052557824538,-0.49531501486763885,0.07490194723031594,0.054080862940705104,2.7511826509760002,0.04100552814819477,-0.020589829765556514
2024-05-10,0.0005621079680552164,0.003752191195513838,-2.0378304870856588e-05,-0.0016365926747523036,0.0004661327052755133,0.011512033887250788,-0.04443024920621541,0.07712322371095612,0.04038614188079793,2.4730458922962453,0.04390325697634814,-0.00562031599593237
2024-05-13,-0.00014419971218587388,0.0038623592240469335,-0.0003029521000187024,-0.0017067922990064296,5.534722098359675e-05,0.01143629599057928,-0.14479330973354054,0.08356077134597767,0.05092515433387429,1.987130160958342,0.036025488365282035,-0.03112085336982256
2024-05-14,3.673485991005545e-05,0.007596303347882919,-0.0006484499569485235,-0.0021018589172911092,7.808680626665455e-05,0.011788073991551433,-0.8698511658459045,0.08859831372034067,0.0501078337287318,2.249334810213088,0.040938388644258444,-0.019383517761599477
2024-05-15,0.0005832103326502047,0.008438239232639592,-0.0007717308641451472,-0.002347200718247697,8.57419681901824e-06,0.012362140782972994,-1.2086197741061873,0.07996990491508899,0.05930322129622425,1.9567812044405963,0.04298152320451308,-0.020169685512092344
2024-05-16,-0.0004776017307595551,0.00824248844180299,-0.00010077573056885129,-0.002618037909741803,7.215901205673099e-05,0.01135945464791137,-0.9159498470766647,0.07991136677716999,0.05279361093531759,2.217638902905904,0.04232598926853887,-0.005882293419188049
2024-05-17,-0.000430075064463715,0.0031938314407287025,0.00014182159909352428,-0.00340635521503504,1.283641758804487e-05,0.011909469393701804,-0.9876428384696718,0.07993098171832584,0.059177546490000406,2.1839044422979956,0.037241460343588405,-0.033977697184472945
2024-05-20,0.0003274307753773417,0.002862980378842656,0.0003853615129612699,-0.0024160469171396123,0.00020897381363017858,0.012051015484115314,-0.8228922017047258,0.08740773728827651,0.050340384552833156,1.9130804238587407,0.035760454477991796,-0.04030057713793284
2024-05-21,0.0006316154475028898,0.0014168034487820722,8.262445301947592e-05,-0.0018618800127256448,0.00023025116589601318,0.012278961109603359,-0.5731932631736072,0.08439453917978275,0.052082588984433756,1.812419023547245,0.04193030125720765,-0.05491506218848086
2024-05-22,0.0006036889281488642,0.0033462559592046287,-0.0002660412985219582,-0.0013090643431206638,8.328975700823294e-05,0.012066368537324776,-0.5319636824690235,0.08794195274859111,0.05476161335304892,1.763552148838921,0.04222526848660769,-0.04738816097627088
2024-05-23,0.0012382786171108444,0.00559553611930181,-0.00116629338366917,-0.00211281753907847,2.8769745567717754e-05,0.013158937998472389,-1.076355865383796,0.08969185682626167,0.06769098050615374,2.0035640312632537,0.0397177022692182,-0.03896796442120589
2024-05-24,0.0013371528569352726,0.00627438637120678,-0.001218069852902567,-0.0021260782535218532,0.00010819199108565345,0.013635304646328178,-1.2804048169867495,0.09016623291334455,0.0658606549709717,2.3599163450091853,0.04082758949826426,-0.030230178118154857
2024-05-29,0.0009566789081648902,0.006568709562976522,-0.00090355010224911,-0.001961766809683784,2.176293824006262e-05,0.013129980195285915,-1.0850745254649354,0.09050993720239359,0.06037980727665675,2.8413079516012596,0.04047098261010384,0.0494957952913307
2024-05-30,0.0014861917917121307,0.00976271231161056,-0.0005702116933905256,-0.0014800981806553522,-0.00015889395951546032,0.013744501384634192,-1.6098591853354745,0.0907742772664894,0.06677784377524461,2.477535240838278,0.03987211186958552,0.07287835925397598
2024-05-31,0.0014378196236897495,0.009772410437936665,-0.00040209653140321907,-0.0017850522639302358,0.0004937047351466257,0.014139832419344413,-1.7240560914454273,0.08663118182958537,0.06163644473596036,2.323792358418494,0.04057904959961667,0.13512523948448876
2024-06-03,0.00042775613521875736,0.00933918591142844,0.00010428599294803278,-0.0010190408009125825,-0.0003011487337430678,0.013649636464565653,-0.963873125071713,0.08126294268072365,0.06416035936324738,2.4268055364176377,0.04305447155025036,0.14773076193267942
2024-06-04,6.914707104234462e-05,0.009175670879481557,0.00018669287577997688,-0.0020389003143433957,-1.507628971970831e-06,0.012743003101316664,-0.8726715636613539,0.07797231487018194,0.05223566915037916,2.365682918741485,0.04675341012796383,0.010057457605922675
2024-06-05,0.0008306315357009976,0.011523989463089135,0.0004491552146116609,-0.00221862434832739,-2.643972502669437e-05,0.013006607275241586,-1.1180262376140726,0.07330065824389263,0.04908332764360684,2.959842308154353,0.044188219607197585,-0.04915742043280156
2024-06-06,0.001484694198618946,0.009124805471198113,0.00016756841379790365,-0.002673370065002029,0.00042648117026941113,0.012046982739664588,-0.525915001204651,0.07413842490499664,0.03717799439423254,2.8634629647755814,0.03587308807343071,-0.016455867206212584
2024-06-07,0.0008316376488365071,0.00752981233849386,0.0001927616950839405,-0.0025321855668823897,0.00033586826528087714,0.01152627553305644,-0.4802299115930764,0.07568435746388492,0.03809181599232428,2.478494238360847,0.03451840267600682,-0.0517053562957657
2024-06-10,0.0016755444777056079,0.005866083399011111,-0.00032782081783988657,-0.0026734427674887547,9.371072438143867e-05,0.012283089729914558,-0.8636695531881249,0.08864306195056958,0.04881855758219108,1.8944104551344672,0.03653156847804837,-0.06535578187751451
2024-06-11,0.002538223898228171,0.01104855246916352,-0.0002951000844175212,-0.0017409310351245769,0.0008147129973670239,0.012484600886634476,-1.0387145933219102,0.08952570507205948,0.05084121793586724,1.728312674049343,0.03572261373446542,-0.00012580552215397077
2024-06-12,0.0011521683731898205,0.008634173587756403,-0.0006939060612505924,-0.0016800342703744032,0.0004767613943547586,0.012062794991569342,-1.069235374996085,0.08026279529218298,0.05927034943291805,1.2272049324439882,0.033956359403163924,-0.018817148215116132
2024-06-13,-0.0004027768852414241,0.009845522005263806,-0.00037008949338503187,-0.001811503350903688,0.00017347154915272063,0.012161980809532666,-0.9373197440572851,0.07896870616706624,0.06279078680500884,1.3099286946210305,0.032289459541841474,-0.05957243360367297
2024-06-14,0.0007947115232450081,0.011221899701843105,-0.000405234041486176,-0.0021562569477693353,-0.00018692644408031952,0.012103685198617634,-0.917469485407705,0.0700079163366764,0.05689104095842427,1.434044589798111,0.03405412038366989,-0.04721704445437058
2024-06-17,0.002069617216880375,0.009143860401568931,-0.00046470029699968946,-0.0019016250202518923,0.0011993973215858314,0.012102471487211882,-1.3193020664952035,0.07356136080341891,0.042700551231909425,1.4608865933923911,0.03305387046639468,-0.017314516714188568
2024-06-18,0.0019295870022643731,0.006692635728095803,-0.0003654423423629799,-0.0019757500806118285,0.0004833572985881157,0.011796392182277876,-1.1878819254492299,0.08332707449455756,0.04314250874266021,1.9063907817537271,0.03423227128582024,0.0365715858031628
2024-06-21,-0.0001688341699334873,0.007873701646367543,-1.3426119048823598e-05,-0.0019400985527576802,-0.00024784037964418267,0.0116953788317136,-0.9938118716567479,0.08124721617321128,0.03924547440857809,1.5931393497926487,0.031584206821522964,0.05822890747678015
2024-06-24,0.0011083615667241498,0.005497769652795542,-4.0149005613076266e-05,-0.0018815910329421381,0.0004503405971474036,0.012455888910809431,-1.2305798363936693,0.07924211098082778,0.053178575025177706,1.1959143229787146,0.03189502506702278,0.056991816794167476
2024-06-25,0.0012525942030562906,0.003964937252036416,9.211562884371536e-06,-0.0018609075911343656,0.0005468434112693609,0.013194591012919218,-1.2932312885659483,0.08380654188923928,0.05391166374135479,1.702359314190095,0.035825632530845086,0.029621958541251915
2024-06-26,0.0010933335576366545,0.006165124951002248,-2.18977084361542e-05,-0.002098236261385597,3.911696954547012e-05,0.0126618917479922,-0.8444542424644598,0.0748290812216926,0.0552373704705655,1.5981746514444324,0.03478475306811635,0.013652579482675025
2024-06-27,0.0006899197747722576,0.0068113650632893475,-0.00018989095222053608,-0.0021361764831981196,0.00047700071788281265,0.013021694765381774,-0.7155358375118207,0.08200945223591707,0.056630741711016355,1.887403820975803,0.03432374342505287,0.013629534177887927
2024-06-28,0.001157232485172668,0.009165840788691591,-0.0004364077141315332,-0.0022776867194748513,0.00041461959186672937,0.013077453919379992,-0.7394517284682667,0.0838464878587016,0.053270414259353256,2.059117007248426,0.03493312069624578,-0.005495986355854365
2024-07-01,0.0004989006539429986,0.00968465244870369,-0.0003819303902181197,-0.002813304054366633,1.7277567231133758e-05,0.013565407376625455,-0.8678305372650836,0.07952304381667424,0.06483650651155723,1.6596307384388023,0.033589502163897444,0.024086240965700684
2024-07-02,0.0009981195939371345,0.013930371265698125,-0.0004922651380278965,-0.0023368640429028914,0.0003869394432275622,0.012995453946495376,-0.7455878950658823,0.08806417185688514,0.06662695497005648,1.8980325733165264,0.03662053659753866,0.07071109257051567
2024-07-03,0.0012795738076862677,0.016352569507327275,-0.000375461920567222,-0.0018675970979445348,0.00027066332620819314,0.01272382889496188,-0.8648984265123412,0.08172787251224072,0.06331753076219873,1.4208936848803522,0.036132556049011576,0.09685818831884344
2024-07-08,3.48953562634782e-05,0.008968966588703196,-0.0001522929866159297,-0.0019080148733015068,0.00021789779107202428,0.012245199817653499,-0.9930638369169,0.07871869125296671,0.06283524599316467,1.6173829739688061,0.032491041394915196,0.08757585615302468
2024-07-09,-0.00029387472624405227,0.005121346816029906,-9.836234431929247e-05,-0.002069113974075232,-2.987008597154215e-05,0.012452382311903563,-1.055978948504325,0.08183870578903653,0.06407214986863928,1.5207683324352597,0.037846144308596334,0.07497335276984599
2024-07-10,0.0010644148904905867,0.001636144618953873,-0.0003913977016182032,-0.0021844573126048364,0.00016961439091596212,0.012711812925385724,-1.074597165133219,0.07582838238581388,0.05153978086132994,1.5912571254421346,0.039011448600178786,-0.002867591448919623
2024-07-11,0.0006360624267886081,-0.0006294956032532081,-0.0004930283283618993,-0.002259502507831512,0.00021650276158045238,0.011998017717669725,-1.29401613274917,0.07670052003718641,0.03895449712129788,2.0778542479402833,0.03362143972201239,-0.024605993893067703
2024-07-12,-0.0002632324263113254,-0.004629169217139309,0.0004549196298236814,-0.003286721675996037,-0.00015390868289867705,0.013268415764425973,-1.3892711330217375,0.0705667722906542,0.039263604417288316,1.9092098906113564,0.034897127169926226,-0.010653050397809945
2024-07-15,0.0002400814595829747,0.002171885222821203,0.0008265521885573742,-0.002846272432723659,-0.00014429496086934044,0.013101204146554926,-1.1758641220814159,0.06569517977839771,0.04624679770632539,1.7889345775613918,0.03596555507938938,0.002123982141152546
2024-07-16,0.0008211813826738998,0.002742109055414516,0.0006367624481438128,-0.0021221863091251017,8.229985702389446e-05,0.013249840302844177,-1.4843965546912408,0.07139268672878976,0.04611376337798064,1.7886386955948808,0.03640462186777428,0.028474607403476
2024-07-17,0.0018321276872073052,0.00425004922099744,0.0003701799468749957,-0.0017650125692163189,9.72355785604937e-05,0.012227375805222667,-1.4355810106850162,0.07114447906460422,0.036744014388842706,1.7450221820843934,0.036387661609272516,0.06289098297618617
2024-07-18,0.0017606493757355134,0.006945353266032076,0.0005466003843362801,-0.0025454479849242244,0.00014900796148234886,0.014746477875659768,-1.8802617111748665,0.07587693248003166,0.043596527175642955,2.230183869877665,0.03622513738210421,0.07713743291653463
2024-07-19,0.0012198930330436758,0.008598993757411664,-0.0003568580311187785,-0.002315137803133982,-0.00027407447139459807,0.014612068428048774,-2.431053207479957,0.07908583344313487,0.049821231057131286,1.7752553112620284,0.03458064270489906,0.051048441783575094
2024-07-22,0.0019889702776901864,0.008422765087489762,-0.0009505642650468925,-0.0019194145915972021,0.0003401639877686252,0.015767734803661386,-2.8146756424954207,0.08103840340996614,0.05341744842221648,1.434027154849113,0.0370370642361985,0.06563251168220977
2024-07-23,0.0032060344199403915,0.008865772134707663,-0.0006727843403631596,-0.0020528402287562104,0.0002946706148968285,0.014377829336082466,-1.8647846600785074,0.07983391508086043,0.04982148175897636,2.115683927968977,0.038632197283785655,-0.0037123902615477274
2024-07-24,0.002682426891375744,0.008473153376892424,-0.00048759291002090495,-0.0025519600649853333,3.392945265347031e-05,0.01521847146008775,-1.7079722273756521,0.07316380011556252,0.05666030710830671,1.9706922309006238,0.03970481680676774,0.0026439018022344305
2024-07-25,0.0022505125722116857,0.010654136295740536,-0.00025203172297370705,-0.0029885646629027804,0.0003342108123913341,0.01621764989992917,-2.568574155342487,0.06898150741808878,0.06067009694982213,2.757394859484297,0.034340453185711134,0.01318508721555306
2024-07-26,0.00300096511147318,0.008005413463662625,0.0013492651830633508,-0.0027512366881501217,0.00016743357700185012,0.01640109410732241,-2.2185306645295935,0.07587909258012458,0.05448450874880951,2.6503982699245876,0.035457592450513845,0.015987534222056624
2024-07-29,0.002749471361801755,0.007682066231067711,0.001148711519598229,-0.002466898510563175,0.00012014480239248012,0.014471763743399988,-1.2267619068602011,0.07263558306386547,0.04734428719704809,1.9755329067133562,0.039582338702379184,0.012828968384237468
2024-07-30,0.0017948907580354811,0.008371377870243552,0.0010566760655936309,-0.0024220910080706842,0.0002477725141817234,0.01466315966766551,-1.8059414837216305,0.0748950516934165,0.046646072057240556,2.005912220402557,0.03888269228856148,0.06214049762582526
2024-07-31,0.0018791155046878464,0.007568098161691888,0.001034775230053138,-0.0023339492153861027,0.00037333966725413534,0.01543245045590352,-2.1980528628084257,0.0773357858321038,0.04319567531932965,2.0038143882017723,0.036678549007305154,0.06904550582548533
2024-08-01,0.001725413755597717,0.004570723037691109,0.0016965422691993476,-0.0033411524314819526,9.460176328573305e-05,0.012568001869653402,-0.5164614710873021,0.07027698733975446,0.03560104495117764,2.493078391678754,0.034572265176952784,0.024363683740318443
2024-08-02,0.0013655703668339243,0.0064822689896713356,-0.00048489361240982274,-0.003253392200104798,7.737605031060609e-05,0.013279697969122267,-1.3875109744614553,0.0656307311366463,0.030505956547407426,1.6601546275722758,0.03371636083912311,0.020311043309666942
2024-08-05,0.0014248223336059233,0.007009784765949477,0.004681894072592554,-0.003682090849946898,0.0004134367442259057,0.01558142054970513,-4.033872325210532,0.04998587241172957,0.023323002530583385,1.6078813732569228,0.04043453315764898,0.026601751475202363
2024-08-06,0.0017385015832454514,0.008093575252691646,0.006412214137210587,-0.0024555046996078767,-0.0006635050137565536,0.01888982515793739,-10.306148082949887,0.05590141719784176,0.02748755626969002,2.2625875842456296,0.04270325136955559,0.02802724773803283
2024-08-07,0.0012150803847368716,0.0025001531554557487,0.0055039522387537254,-0.0017368022358811535,0.0003179180174330799,0.01648471625148952,-5.048834654694167,0.06588311662708576,0.030047742045704894,2.2773693322579796,0.03270558751334022,0.015738510548546174
2024-08-08,-8.72719679586208e-05,-0.000909825708666386,0.003124234283314527,-0.0017974525093585852,0.0005788148918527474,0.018187937543218236,-5.742728839173312,0.06744569081224074,0.033417611710661335,2.5230567481027952,0.03241689089101068,0.004139394071134979
2024-08-09,-0.0005447634570654482,-0.001742542143251214,0.003011822571085883,-0.002139078577516799,-0.0001546727023382718,0.014340754869466201,-2.3717043524486603,0.07572847482794351,0.044416034852434394,1.8173658382752476,0.0324945476498354,0.02553213681444092
2024-08-12,0.0003661493058671653,-0.006306824334521557,-0.0007932274392061247,-0.0031989420772629193,0.0002817958353714933,0.013598286714284813,0.7448352547376019,0.07634258624034646,0.05404784736430804,1.2780019267396416,0.03239067760604822,-0.0019898093401470047
2024-08-13,-0.00012304444142615897,-0.008618421308933243,-0.0021776394453147576,-0.0025856098495665005,0.0003505621761505905,0.01089644669598311,5.647969183806702,0.06823902004891902,0.05747652709148099,1.3654839264779093,0.03354838666141986,-0.03827832621557887
2024-08-14,-0.0003839685575240616,-0.004144823093124498,0.00016914802133130758,-0.0027279464094331247,0.000311901673315545,0.010946091488291136,2.816489123665202,0.06290459362683465,0.04498283315721426,0.653582321161513,0.030837569396567253,-0.04556293713504774
2024-08-15,-4.704571491831596e-05,-0.003381182485988845,0.001868065230422715,-0.0032704312942360586,9.018298911792527e-05,0.009890571329692137,3.3818446943981395,0.0636313073583559,0.04085899769305877,1.1568203544474862,0.03263879812425821,-0.031439686943131866
2024-08-16,0.00037745514843204005,-0.003943899957885138,0.0003174803290941761,-0.0027551897903114013,-3.6723325031725934e-05,0.00999531830766975,2.2725457373453506,0.07564856617204103,0.042820141286002644,1.8849982696731749,0.03313409029894546,-0.04007104298504174
2024-08-19,-0.00011136712320866638,0.0009915085197964712,0.0003594790761848784,-0.0029696921727399676,0.0006372840692253693,0.0107947715900836,1.1756515057134167,0.07516177611773556,0.03919653806791289,1.6117550294449012,0.032361806557796864,0.01154948172486256
2024-08-20,-0.0011797519221131987,-0.0013871717819729113,0.0013920478248705237,-0.004234419243019209,-7.122761887579896e-05,0.00969698205330897,1.217785781242367,0.07134285805849304,0.04648603429471669,2.035078495831541,0.037531766680545434,0.011255660720550906
2024-08-21,-0.0013891846605766508,0.0009076212137764308,0.001057709740051121,-0.004198696904404446,-0.0003545083251939515,0.011622313746464335,-0.30185179530078665,0.06924749312929214,0.04513511168538815,2.4091066080835106,0.037850399381864026,0.006923595594501931
2024-08-22,-0.0006378623240418774,0.0037122783182720236,0.0007003678929760269,-0.0031010225727116413,0.0002904263773318877,0.011249305766365004,-1.1695741452647819,0.05872049471296931,0.04649667616343328,2.2354610332660068,0.03542548311889178,0.01429700669293179
2024-08-23,0.0007881156137963002,0.006916330642207605,0.0017156254966663404,-0.0019041557791224717,9.792438863979585e-05,0.0135729916031891,-2.077558126373353,0.06733588804690756,0.04406607110618731,2.8357163393469476,0.0354794803024115,0.05333727090407597
2024-08-28,-0.0004192105927052852,0.00476913709624017,0.0018908694164991645,-0.0031828356604092388,0.00019627873140286797,0.012343503766674134,-1.464197628456025,0.06436918115389346,0.03805026786847723,2.5377064769812723,0.032420697437493894,0.05782300466915752
2024-08-29,-0.0007326985365078002,0.007950315883382797,0.0006534903917316353,-0.002720962174138202,-0.00019885180680286914,0.01389696091516603,-2.218369009423177,0.06210969682081546,0.047397617605664265,1.5673405433771241,0.037277418540671146,0.0727429695146124
2024-08-30,-3.9868963338060234e-05,0.009224789067384036,0.0018802257675535794,-0.0028864894123547423,0.0006220679318348803,0.013321139340855128,-1.0588181658573512,0.07251933673299912,0.04707908061663779,1.7561136731898697,0.034569803139630144,0.0805578386836253
2024-09-04,0.0012717374055696696,0.010258208288975407,0.002454722713387211,-0.002142348924138857,0.000608551846951975,0.013232948687759467,-0.7219054876719221,0.07111404006766042,0.05280199913897152,1.1940060963481627,0.033937289423130616,0.049861867283982654
2024-09-05,0.0007854463825411234,0.004355397305009382,0.0034169411529811496,-0.0026615828509547112,0.00020858437121766673,0.012407260254242427,-0.49806013814068845,0.0654481599618461,0.04221743418324349,1.7361571869999741,0.03652307793550446,-0.003053786136211918
2024-09-06,0.0008968846382072901,0.0049408599563991705,0.003436182022443388,-0.002550718346814634,0.00018862800044736188,0.013599749097448979,-0.4819811832393994,0.06244565586559188,0.04843167698325074,2.346035156980327,0.03846133251741932,-0.01156051529677646
2024-09-09,0.0016717732329039172,0.0033629028025702556,0.0035107655341751324,-0.0026050926962183675,0.00048706886066029304,0.015069148526783578,-1.0306006803474772,0.06152098033402166,0.044567914786579274,2.0805529194825256,0.034086419947540594,-0.025663543220496576
2024-09-10,0.0031995683574542718,-0.00023314559673961923,0.0013883053748897588,-0.0014087900449002671,0.0008416536837523684,0.013765888322215342,-0.23691125084287812,0.03980025499113199,0.0318393870939636,2.3328122231624313,0.03608485993007366,-0.014817465333224571
2024-09-11,0.002099905380586468,0.002522174874427416,0.0004003801595808406,-0.0014293592211284145,0.0007902451057375809,0.013787407683290887,-0.25597934450970294,0.03709081055187933,0.024142230210715963,1.6495053110448263,0.03724932005646366,-0.01966667856800641
2024-09-12,0.001953162812955777,0.0032447481798797756,-0.00045911348820997525,-0.0018526310765783196,0.0006984667828230895,0.012005160584799704,0.6249520518463432,0.04386558069408381,0.03160893257691693,2.1974235703157206,0.03453727274857329,-0.004196149111771057
2024-09-13,0.001129924359489953,0.005063538629047366,-0.0012544796198586461,-0.00196686848432947,0.0007935818078486459,0.011606095356184041,0.31051365443892154,0.05553148343409452,0.035119472979550426,2.0631574120234926,0.028914507229453202,-0.006005549110841706
2024-09-16,-0.00013620111082564886,0.0013220085052793394,8.844502066795783e-05,-0.0027579317356877424,0.0005811468553171082,0.009659813940837715,1.2911220237882572,0.04853282093283855,0.033480878458631826,1.3520986570606295,0.028724407737639828,-0.018554652265769866
2024-09-17,-0.00022735163243349076,-0.002169863729743571,0.0013561683641364077,-0.0030469448577394396,0.00044271652919335895,0.01087069178865153,-0.11944356184320093,0.049175902388417306,0.034964424630604854,1.6084963742748855,0.03709532201837142,-0.01852839453622217
2024-09-18,-0.0005439993654511044,-0.004247729645207386,0.0018785061097263895,-0.002356616554459019,0.00047828269667337276,0.011383209706478898,-0.5652287210513662,0.05897046713578418,0.04101834933203837,1.1892333619680036,0.032543065917088033,-0.022719242856660476
2024-09-19,-0.0006589810024231469,-0.0045613353049995566,0.002363631195512231,-0.001802172396336231,0.0005570735046414345,0.0126950888329214,-1.382687426695104,0.058951952768283473,0.04331694452616625,1.0653572074044328,0.027300627362823435,-0.016448615893251094
2024-09-20,-0.0009943754806280996,-0.008120007219646945,0.0027914797234830624,-0.001354921391870874,0.0003867154620510974,0.011319399292949853,-0.7123817308987068,0.057592298194009475,0.04230161229833472,1.4144141390825673,0.03139927284990656,-0.000613929095579762
2024-09-23,-0.0007882038256351587,-0.001252066319002694,0.0027257727971724526,-0.0013023973904996065,0.0003119824344809312,0.011960627400059185,-0.7221612593747595,0.05591806428347413,0.044970285568160635,1.2516509051918807,0.030790850079794527,0.020779895732446173
2024-09-24,-0.00045399598189849936,0.004156382551234442,0.002956288653095077,-0.0014932036411707665,0.0006929584078421305,0.011843379217154495,-0.39530115131462684,0.05806648339693195,0.050591785953743425,1.3168652141854242,0.03380372490375105,-0.01382123539759473
2024-09-25,-0.0010631746540634569,0.0019055176762846232,0.003838231386452035,-0.0020599485587964915,0.0007799479120326805,0.01218002200508725,-0.09575146699531412,0.0481620758900059,0.04681392644658762,1.8597656188101082,0.03373500019668176,-0.03694974689961998
2024-09-26,-3.7683576490089334e-05,0.001613403144523849,0.0029967821467188765,-0.001735042227390835,0.0003733865285281757,0.01187885172210697,0.05056325559105135,0.050538725025155995,0.04878395206524615,1.5120986618565322,0.029717122913430337,-0.04039766735624485
2024-09-27,0.00010404717616429378,0.004211603476272222,0.0034062817299962424,-0.003156303232950271,0.000674522833245619,0.01296193148797195,-0.6420685637447217,0.0659024230112763,0.04247136627253589,1.784629202438188,0.03536565597897388,-0.04615074168534558
2024-09-30,-0.0012928818802241612,-0.00024764933418582264,0.0025570746734536803,-0.0031214399691807736,0.0005023234598032411,0.012972784946970278,-1.4683900253510844,0.0590650004310257,0.042427688484555394,2.3543528315665325,0.03859316925151188,-0.02446912631886877
2024-10-01,-0.0003884536998210804,-0.0014433392086397666,0.002225371960728834,-0.0022510957754918294,0.0008335728890692753,0.012661076090991197,-1.4937450228009022,0.0713590613643544,0.04689484683575288,2.091360889339041,0.0316188513928134,-0.016052024570154737
2024-10-02,0.0012989763974819379,0.0019271861927729565,0.0011612231684900451,-0.0009485679899762939,0.0007953054254674167,0.014115431916478918,-2.7824829160341924,0.07182844245661676,0.0365775790799871,2.132365897671171,0.026320971314490297,0.001905802002646382
2024-10-03,0.0007177245701622537,0.0005201164305840889,0.0008679851320918879,-0.001397196223269191,0.001063801565684654,0.01388768555713555,-2.5611616787424962,0.06284560354135107,0.044551719404972705,1.5630216355215594,0.03293015152199597,-0.011880495248408458
2024-10-04,0.0020787882898909774,0.004792867134981404,-8.68835419189701e-05,-0.0008089423032377819,0.0008444121435054263,0.014465879049953634,-3.195402055024157,0.07377889649075842,0.04137342211203015,1.5119122744060458,0.033405541804656214,-0.007077134451772004
2024-10-07,0.0033121869503974785,0.0044518698742649875,5.844534942270243e-06,-0.00035798381981315256,0.001145214920412622,0.012933830404577715,-1.9342407247232796,0.09738598678565447,0.058691335890571336,0.8700842996427954,0.027150680545797813,0.025077144662923434
2024-10-08,0.004051871702984234,0.0039808580233109256,0.0005767873279971012,-0.0011843624288573773,0.001223650988476274,0.015345885888488212,-3.4492455885600792,0.09198817828634444,0.047466371086415174,0.7850865996904327,0.023669164466728353,0.03684374501126314
2024-10-09,0.003244374508451519,0.006541680371654493,-0.0016258999301375114,-0.0015394551287365129,0.0006423320532037771,0.013413910503882505,-1.9270784585019123,0.08548445917847686,0.06245578591230109,0.30707874965370796,0.03539166346699907,0.03874303658643944
2024-10-10,0.0033985087687921846,0.009621317083486607,-0.0030033982928578,-0.0019383774002294284,0.000978342813228247,0.013087791464444342,-1.8808212433329479,0.08925322902975205,0.06267680565813341,1.178183954901396,0.03496685883088127,0.05594904752222113
2024-10-11,0.0025635256344657,0.007255057161108034,-0.0034238285425662496,-0.0013290912936926333,0.0010361476764315933,0.012739109281435419,-1.2973614208436106,0.07883378967344305,0.06121100148825323,2.0194341082934564,0.026470631519103262,0.0764453940478079
2024-10-16,0.0015466711815665223,0.010456763142537736,-0.0027481067003922322,-0.001292726474587665,0.000847266468275988,0.013363774157925565,-1.4385674250802072,0.05338398659124578,0.046403261825711126,1.369382149988437,0.023319604726818696,0.04161599171846013
2024-10-17,0.0021802791546511116,0.010465710099810635,-0.0020453545523568457,-0.001521594572822436,0.0006711685704868063,0.012094445738245746,0.10092322169552981,0.04706588051422884,0.04258995763861115,1.5132861759891965,0.035432721193826726,0.06845871068152563
2024-10-18,0.0017325279502970786,0.008987113563050424,0.00033001565498119023,-0.001226988577171312,0.00106837298385703,0.012774288887619514,-0.15521711378140868,0.05224848855502363,0.0479164487651632,1.4007538172198437,0.03277540052255496,0.06618481596683173
2024-10-21,0.0007193964238688572,0.0066539476026023624,0.0023836469034454943,-0.0013949475991884587,0.0009877281953605906,0.013199954120661928,0.10013204439935608,0.050475108230334347,0.04084590586138562,1.2743747315988645,0.030108760094064903,0.12570295788660418
2024-10-22,0.0019833559754654007,0.007581421989858044,0.001291793015226155,-0.0009135681357946443,0.0006020601227548681,0.013237202992212706,-0.09175900238312373,0.057990730874219104,0.05126106461010461,1.9014135818860527,0.031903943906925546,0.11581432945840678
2024-10-23,0.00238937003000835,0.0050537462451201946,0.0005695573356590584,-0.0012776099494809447,0.0011216225565510158,0.013684965005086392,-0.2102223866443952,0.06433234102497153,0.04609044766674916,1.702360758218435,0.026989197054480628,0.11242100575504795
2024-10-24,0.0017593368322075245,0.004573523462832061,0.0001770002887940564,-0.0013123696033085672,0.0009096143464718805,0.015137281956236637,-1.0724990153120881,0.06586212164682466,0.05833626548684478,1.1120721430310734,0.028760696649935476,0.055244433093196994
2024-10-25,0.0027310935476975804,0.0041479289279392545,0.00042619454208466326,-0.0015136563222387087,0.0008554688494453236,0.014688428489658588,-1.165435131793838,0.06616195987005179,0.046135694579168315,1.4175058955998874,0.036310097959945505,0.013504424167880547
2024-10-28,0.0024255368912611975,0.0038462938777457196,-0.00039287722483827357,-0.0012154687981284435,0.000645924110408891,0.015116890958911871,-2.073266024731491,0.06808910221625905,0.05756155231369204,1.7098643124423465,0.029525041681523673,-0.010684266760332376
2024-10-29,0.0023943881479097074,0.002825873849980794,0.00031105074537212096,-0.0014596054721597882,0.0008379698140096008,0.014437676667898958,-1.6719823194426795,0.06496736050833031,0.04386719228686671,1.2412042371454035,0.031659787381856534,-0.03488679341448418
2024-10-30,0.003512099255308942,0.004173738657045593,0.00022785374722448138,-0.0017206736934993218,0.0008307638194793508,0.014518208757858257,-1.5354712053715018,0.05977611598009598,0.04431894282085159,2.2399472292215443,0.03861654828230866,0.015440614686328782
2024-10-31,0.0019720742467778107,0.005882624074304201,0.0005632907727757698,-0.0019653072187057795,0.0007851503514202405,0.014004459745623327,-1.574153616312,0.06222834326810168,0.04178085314485947,2.3742249415059384,0.028395837847127632,-0.006984507011580774
2024-11-01,0.0020488187461371017,0.006700802490365693,0.0005464775100535246,-0.0017410053963889545,0.0003173838428219798,0.016141485673909304,-2.750774146611581,0.06342542684456506,0.04479715873306262,1.8183973961350863,0.025545313078659808,0.05210291769211211
2024-11-04,0.0020637275270070977,0.008199243258475446,0.0005931947744764892,-0.0014739908264921305,0.0009734400622780757,0.0155298848903779,-1.7649333813873878,0.06325475928844851,0.04981357205327458,1.6446671484586923,0.036357250122482435,0.13425216436110454
2024-11-05,0.0011825733625065269,0.006089098485187381,0.002051051094246256,-0.0014826100163788261,0.0007910090231753391,0.0159685556939042,-2.046943838881094,0.059312307422738055,0.035514868002059184,1.3655141716816774,0.030826901638556548,0.15913647346736837
2024-11-06,0.0001218807712505697,0.004377364254170924,0.001980081611019796,-0.001212753355561866,0.00034518403245720067,0.014394891996807614,-1.423528234654013,0.05898901225452751,0.04043330529104045,1.0043872051312879,0.024458742620302103,0.05603358648525681
2024-11-07,0.0013425361521415588,-0.0009941386436588115,-0.0020625654748235847,-0.0005754757956239064,0.0004986611902046735,0.012611675207319626,0.7709904418862584,0.07668147752077269,0.06393323769710282,1.0667376238478248,0.030973375463165923,0.02392078702799331
2024-11-08,-0.0003542641647232272,-0.0022322814275756693,-0.0008581043038583979,-0.0019669384391856745,0.001538068442095992,0.01039273603518946,2.062831415619723,0.06406675204531775,0.040801891000623626,1.3463479733811643,0.034484732510130386,0.05617054086244533
2024-11-13,0.0007720529686773073,-0.0004889647729081283,-0.0033719109231549176,-0.0013965229266535116,-0.00032923382665783627,0.010665150946802192,1.7288239308093063,0.0644145769539519,0.04528514265978914,1.1957833752302232,0.034115468332737355,0.07858868137786136
2024-11-14,0.0030126595970566467,0.004648101470936803,-0.0034158541928318523,-0.002070829879274657,0.0011670759113238697,0.010785285139907905,1.8787075367684594,0.06399649501471813,0.04651988896236614,1.8261331200523225,0.030622101328333217,0.04881286938091299
2024-11-15,0.0031966210667046246,0.002823699904823581,-0.002965852641818935,-0.002015651335398015,0.0009635446572185031,0.012015204302454695,1.05121141303314,0.0629494199708113,0.05125672042465496,1.8897760320728212,0.030756533106269725,0.08205113008939056
2024-11-18,0.0013917669189693923,0.005888202416045483,0.00030072871997310007,-0.0022871950683426073,0.0003145747147110787,0.015272620065679907,-1.200432703510531,0.06340387520446368,0.03520172814471912,1.6171817136551938,0.03218011461542874,0.1860110477132017
2024-11-19,0.0027034002818292335,0.0045488807293580565,-0.001488517959469614,-0.0024006320483325196,0.0007048627423789887,0.015304103612320518,-1.3206052681679081,0.05531086607661489,0.04463305395221186,2.119035183043672,0.03338584483053751,0.03379815610027563
2024-11-20,0.0005340779612759958,0.001079257910004865,3.867028816920679e-05,-0.0021915126978179203,0.0002847248801928089,0.015253639397616897,-1.7945877323681856,0.057085494788588736,0.043054639978167504,1.541737295321941,0.03092814553778975,-0.019548882377592045
2024-11-21,0.0010539539165908454,0.00033182214812794053,-0.0006980215976254161,-0.0016125852415710556,0.000610424350558985,0.015078914302863799,-2.2747451517929282,0.0635548358663627,0.04564587425139773,1.341207880176189,0.03190987500348495,-0.046033459632851666
2024-11-22,0.0012491299097689632,0.004248213930794326,-0.00011415494247534082,-0.0015593613975192198,0.0008006264053307331,0.014418716249455373,-2.0000388837584135,0.06512081818157765,0.046176932620641147,1.6007630719946353,0.03128079182040702,-0.12355952645899987
2024-11-25,0.0004976342367206467,0.0029545729262733583,-0.000400376803491004,-0.001440388133041637,0.0006014157419925777,0.01304432340885838,-0.6980112381655392,0.06812189263780827,0.04367409180680678,1.3610406526012695,0.028732105786870455,-0.10330292073148375
2024-11-26,0.0011732700184684014,0.004856263960360498,0.00037770965473486056,-0.0019843992045170153,0.0008138772177586323,0.013005903121795791,-0.6086074464963567,0.04959104881696848,0.030861021481753834,1.1089677770204849,0.033886630182226596,-0.09323490373578364
2024-11-27,0.0022843081192518537,0.004089351517500953,-0.0001416666347986695,-0.0022991207346967617,-3.742833000364859e-06,0.012953751592719848,-0.1039223778466416,0.048004310613639786,0.0454416936465568,1.6305583851798802,0.034543616312221984,-0.13067773600471116
2024-12-02,0.0011997924697210627,0.006310028630399599,0.0004311127125256083,-0.002511913526341482,0.0006440244039821201,0.013353600540783588,0.1106928366537202,0.05349103867458986,0.029156479336349645,1.8257920743518588,0.031247139005319346,-0.1194246227194167
2024-12-03,0.0018958059483148455,0.007551374151524851,-0.001475980922950607,-0.0016886406156428248,2.9121821933833665e-05,0.013469168616217796,0.014965177330286017,0.04989560379636783,0.03344291503999458,1.8636986269010225,0.03320029633433194,-0.026995858087272766
2024-12-04,0.0020021976764771324,0.0087386812237659,-0.0018438233160294041,-0.0003735960113435317,0.0006789348304301336,0.013877406278277033,-0.5729592690579957,0.05583966976909294,0.03547589159639032,1.9786329300184498,0.033216058148680006,-0.03979306485151999
2024-12-05,0.0021796045835164824,0.00639730154211518,-0.0012316159887620168,-0.0018007874900851195,-4.966083834134321e-05,0.01330959555698211,-0.872044486133182,0.056733090557981196,0.043615546862956364,1.275845675880868,0.028854941121504378,0.03260305029774333
2024-12-06,0.00198595889480876,0.003964014014235141,-0.0002492462245311688,-0.001848822331633555,0.00014224909762236147,0.014218094541185031,-1.0832290947511047,0.06136350630480866,0.04239957942576999,1.4810500596167548,0.0349361228816211,0.03830741146510387
2024-12-09,0.0032852079754983263,0.004682564838612636,-0.0005985266667990569,-0.0018021337644910462,0.0003050524777102975,0.01352710409724839,-0.7662167668832242,0.05732908533723563,0.04444596452572907,1.6689810433166288,0.035529892905043575,0.06159442034614403
2024-12-10,0.0009493745625850897,0.002470391427219606,0.0013229868841924978,-0.001265333203899498,0.00040848299403090994,0.01453488214331802,-1.441457644569922,0.055978601301827746,0.049896954936047136,1.6666729267533675,0.02921466445635934,0.0003295658259609294
2024-12-11,0.001484067787592812,0.0012220012401577378,0.001947808389604733,-0.0014148196746052557,1.1201603452495374e-05,0.0149491915710531,-1.4723982352653548,0.06400040780914842,0.042345750572394245,1.7739587166103792,0.03217108912719928,0.004563180656388749
2024-12-12,0.002528955128098467,0.0003703467770359069,0.0004813812769795689,-0.0022230407628012158,0.00036133914859994297,0.014783934211148275,-1.2121351303850159,0.06264290832245883,0.052579312592654866,1.6779165346556641,0.03222710818473544,-0.007878099701212856
2024-12-13,0.001284077396287867,0.002701604188529443,-9.526478699146967e-05,-0.0023481684463319257,-6.194368678638021e-05,0.015064132235768926,-1.3219738272779629,0.06663522513947714,0.059097702457259364,1.273705541649846,0.03234111027720664,-0.017890564897716274
2024-12-16,0.0007047764407075725,0.0009150142940155552,-6.091424863874183e-05,-0.00200722673206513,2.4048445984084086e-05,0.015198135611935195,-1.4776040430597723,0.07802797704932901,0.06933443237605394,1.3786353301625884,0.03145664761752483,-0.029756179652773163
2024-12-17,0.0021782921677817543,0.001695437139476963,-0.0010881978595115476,-0.001728922874059064,0.00028209540581617206,0.014584576396919171,-1.3725115509913888,0.07402063620734861,0.06195146652824553,1.1990530612823995,0.031180598311376834,0.021629854695503804
2024-12-18,0.0012063590575439834,0.0035963736465550473,-0.0015926646114619238,-0.0019504537382483722,-5.235591607827737e-05,0.014458151283519413,-1.866009521440804,0.06975131649922331,0.06538906135680328,1.299493832646912,0.03379322512598739,0.0161487181621274
2024-12-19,0.002249650563872562,0.008823482608949933,-0.001142731537461306,-0.002097149654250007,0.00015525590118695547,0.018212160760533707,-7.005882922913536,0.08296702393489626,0.0700341965989385,1.7177731915885448,0.03260338976981154,-0.0017805730402396698
2024-12-20,0.003131470193075997,0.0076082989664129986,-0.0011543380998622855,-0.0017731391028008828,0.0003619169953027097,0.017624058296595302,-5.173848858828591,0.07537941782015042,0.06771930506460438,1.5786660495367157,0.029134903867072296,-0.005630646007424184
2024-12-23,0.002057976452704109,0.002006477340786945,-0.0007232866667307774,-0.0018872955690391483,0.0005840544049061476,0.016586345433335748,-3.0162894519645596,0.0625943881074363,0.05547836948022365,1.762621002914862,0.03490479207517788,-0.0016307999163268552
2024-12-24,0.0019599693689002365,0.005470701085485536,-0.0005395639020349524,-0.0016637403590495825,-0.0006746606987659139,0.015585793550647764,-1.6994827736449698,0.06748140463612384,0.06872568787632238,1.8068853381404604,0.03580128955112706,0.00570315371093562
2024-12-30,0.0023210138466503638,0.005344538617427398,-0.0002667255921792021,-0.001711218097275704,0.0005020360951350491,0.014655929273608115,0.18182142674114243,0.0627477463163423,0.06222366709543074,1.8348524147158987,0.029081051233179615,0.001388514042338702
2024-12-31,0.0015628081912300944,0.001699952388069136,-0.00015494084243760313,-0.0017764076774878053,0.00035349847952384966,0.013450147458501626,3.403619876211656,0.048197522408546675,0.04956228144494462,1.5722736328744351,0.03014358968109952,-0.04220915826307862
2025-01-03,0.0012535138602081893,0.0025822061503715313,0.00035594824505953937,-0.0017346885828914533,0.00011991162443960649,0.013600291050846054,1.9917754788691047,0.052275974100629466,0.04643482234711633,1.387009737182125,0.032017829637485194,-0.03639123759215235
2025-01-06,0.00187427300163911,0.005820373608274015,-0.0007072666205824641,-0.0021688329369142006,0.0002019018961288424,0.01350114698678976,0.5655964059544152,0.06086192398319344,0.05097104481474489,1.3016252574919123,0.03276681159923574,-0.01306627174137648
2025-01-07,0.0002480387006103518,-0.0002657310763076583,-0.0008182385900887038,-0.002710111056799541,-0.00023602800940265975,0.013271859956541758,-0.039540391290280086,0.05851656537269314,0.04638558472520879,1.1390137708486843,0.02903148341335285,-0.085668804820958
2025-01-08,-3.506145809638501e-05,-0.0031639533793893703,-0.0013796688041508801,-0.0029859527904918946,-0.0003987991801534789,0.015410644803045544,-1.5915575449847776,0.06277741490256404,0.05061934326499386,1.410239466294121,0.0303166443361781,-0.0500011630700667
2025-01-13,0.0015518875137316814,-0.0009086756608254812,-0.001510187986233084,-0.002225445830180889,0.0006354746662395132,0.014549093710507511,-1.0473984754769976,0.06568129626706606,0.05716198042856616,1.3398830657732248,0.031944346386781744,-0.00799732619722136
2025-01-14,0.0009696408725600244,0.0008051400232416619,-0.0013092483525162552,-0.0021485837389878673,0.000275151539611774,0.014034236070862384,-1.0221748508353738,0.06268800152474768,0.05879433840816703,1.7272504611627015,0.028350134068168734,-0.027205276485695568
2025-01-15,-0.0003042991023515073,-0.002655686451290125,-0.0002964266865741794,-0.0023688426631422246,-0.00014961817493151075,0.014634567197076469,-1.4119167946697315,0.05891616690119688,0.0531213827048037,1.3043300417116441,0.02845720562760084,-0.031157493569376714
2025-01-16,-0.0003974255670765095,-0.0009154333081084424,-6.752096844373434e-05,-0.0026264245516618443,-0.0004670625895146062,0.013547097374465243,-0.29398574857292437,0.045351913752273904,0.0409967463160843,1.599352358636821,0.03123111116867085,-0.0031223872828389093
2025-01-17,-0.0005620143357875348,0.0007492201092679659,-2.1627651654888824e-06,-0.002743716961049219,0.0001658444714254653,0.012713030487782391,0.07912714227167317,0.04146884255090815,0.042446499526037546,1.2160256138390662,0.03294757061945295,0.0019984934754993244
2025-01-22,-0.00021607824984993265,-0.0019019534794278148,0.0005573100048868076,-0.0022905451996776843,-0.00012116082121897658,0.011648864415947193,0.34070646217784384,0.0517884898601579,0.03929057599609973,1.3234579831918365,0.02889446301586512,-0.31042048853632337
2025-01-23,-0.000289309227806349,-0.0057864367172272176,0.0004703640041990992,-0.002297174500927737,-9.811227106536672e-05,0.011767739187143696,0.10091713025816362,0.05173978463050214,0.038269467067387666,1.8070314150074989,0.03190706989377855,-0.25059347233266294
2025-01-24,-0.0005336088328802151,-0.005209185389687091,-0.0002460243885824921,-0.002526615132155141,-0.00010270175321006359,0.01096205866998588,-0.09976649136076432,0.05356682987405023,0.0411409188571846,1.7969663723553762,0.03291259517007075,-0.2284722073298696
2025-01-27,-0.0007730208844536908,-0.005423105761925456,0.0016901486168757437,-0.002875353708693377,-0.00034512717806029674,0.01320128114069025,-0.9396792334910908,0.060792876059365245,0.048226053646307734,2.1877291476162486,0.03428048863976214,-0.1731527829749218
2025-01-28,0.0001926758215564025,-0.003959139493528242,0.001530432859818806,-0.0024538428983341687,-0.0005659251837615499,0.014473091268742277,-2.0663888831522756,0.05022776568952003,0.04722573991478372,1.9605923559322012,0.03213410227712095,-0.13708292763457164
2025-01-29,0.0012487419024757296,-0.005342195218120283,0.002100078661990966,-0.0016688117851992714,0.00036764755896688214,0.014210830063752929,-1.5770950291951271,0.05034940891962808,0.05349927843231443,2.1369554034270344,0.032731285764280874,0.08920442473144691
2025-01-30,0.0010596792943467445,-0.0011978101976219588,0.00210365345729043,-0.002212459295652424,0.0002767794287086272,0.015315828544958679,-1.7332530475382766,0.057875081639978114,0.0451814142892754,1.8737095705630138,0.033353331514937,0.06083968916711367
2025-01-31,0.0004108718447519465,0.000565595047601259,0.0024906489753805466,-0.0024957384357073985,-0.0003644341928150508,0.014755211330906539,-1.367667706749774,0.050347647679146366,0.03957138311699839,1.9320940876025625,0.032111626438483115,0.08530462122340891
2025-02-03,0.0005881302001063946,-0.00042332090982709857,0.0003576905265886782,-0.0021594460974175486,-0.00012642904526606185,0.015648177525572016,-1.6243383302466012,0.0593564475768556,0.04730008421381367,1.892409492008083,0.033123485596562245,0.09784316068241661
2025-02-04,0.0015675403713955732,-0.0029202164440566536,0.0005948911133362195,-0.0018463078228096374,0.0003425405510778153,0.014762766143523596,-1.4822792132575109,0.07256843140600329,0.047842143851077074,1.787868786570706,0.03194877690083049,0.03785522309458206
2025-02-05,8.575600786649708e-05,-0.0030303024343036255,0.00017641288611563638,-0.002668557502524791,0.0003451534416425862,0.014951366519381216,-1.377947362634102,0.061574299122995606,0.04979671479905117,1.6561504079379303,0.033448283904620825,0.015845306679111035
2025-02-06,-0.00199384580008726,-0.0030062199099968982,-0.001260278329646086,-0.0034677588354722895,-0.001065489713952362,0.01406228685366652,-0.8192343086737233,0.05557805456023361,0.04019786360199076,1.5433275659942907,0.033403780564548236,0.014584924413822344
2025-02-07,-0.0006243075463455481,-0.003718101549967899,-0.0022600893984273097,-0.0029590471651760714,-4.162826539543187e-05,0.014038581774850614,-0.9055904507514162,0.06480498978729413,0.04937913769659349,1.9283053794527143,0.0344191498164782,-0.011696752765404866
2025-02-10,0.0008085676625648892,-0.0012586844185192383,-0.002961496954911674,-0.0020227906979168498,0.0005942517181264382,0.014948528453762227,-1.0670010116476416,0.07067481781431946,0.04167416936370391,2.041065678401028,0.0317243924467599,-0.023633720686056004
2025-02-11,-0.0009028151486306241,-0.0013593930550679285,-0.003495475177145232,-0.0021052236045045816,-0.00010688564916297,0.01337824746766237,-0.03783964377597393,0.06550773844730506,0.04614744254409829,1.9936656125135856,0.0286876742102021,-0.01306247281075451
2025-02-12,-0.0007556675501353706,0.001072260178881614,-0.003346500884782608,-0.0023912453782834095,-0.0002671912227310103,0.014171198089734938,-0.7172761141773067,0.06819525757371508,0.05057952094852331,1.6017731190536528,0.03019750857423073,-0.033409401655602716
2025-02-13,0.00013685062159876128,-0.0007718376714976413,-0.0018694162298389366,-0.0026320832654481486,-0.0003794656974463875,0.014446998063512998,-1.135895086775002,0.08109390737917684,0.06491719105205676,1.1316251739192058,0.034024738932747316,-0.06423560715933437
2025-02-14,0.00015152273064351576,0.000474563512330276,-3.0836251480303474e-05,-0.0029183403785225464,-0.00030893569520966505,0.013972753793569038,-0.8893993556484977,0.06929257347020808,0.05160261274180701,1.5722175402682355,0.03471186364383864,-0.09442627552710417
2025-02-19,-0.0014720678857573207,-0.0017517453348089487,0.0022387983902624627,-0.0031066199304023026,-0.00029080011737000767,0.01321080408101555,-0.4267145888481908,0.05459381368538617,0.05330642889695058,1.7381270746893247,0.02944329365794673,-0.10019360421883057
2025-02-20,-0.001104579679350181,-0.00018723382286408912,0.002988691911678364,-0.0027342029434876806,-0.00031404778304587805,0.01362775606380373,-0.6600573171934536,0.05478089481895041,0.043909069668502027,1.8868761169232,0.02970743063340645,-0.09765440719490595
2025-02-21,-0.0008795414022706598,0.000344100193398867,0.00469540963495926,-0.0028294991083714018,0.000109687384349826,0.01453572848160561,-0.7892564633603032,0.052988823644204756,0.03990984500048142,1.8505239138892033,0.03314274766516397,0.01044439419850483
2025-02-24,-0.0009033066797654028,0.00015584232002619392,0.004774243463907136,-0.002549149572000998,-0.0005149129926705521,0.016017876250163397,-1.9761179857003528,0.039324274003879514,0.027543066517658883,1.4674143706102236,0.03297671020181393,0.1255925610130193
2025-02-25,-0.0002788704016873793,0.0013982037362167926,0.0038568606620037037,-0.002801958857996401,-0.00011863853678860486,0.017343816231652875,-2.526723954686706,0.036258600688474925,0.03620733359246966,1.9191708335973328,0.03437766563925056,0.19725699042340308
2025-02-26,0.0008659522102608012,0.005271103465594793,0.0019030438466356113,-0.002351267179376281,-0.000202036131233174,0.017678314489460344,-2.834342018578171,0.03783305687517876,0.028378245508895103,1.7941538681588232,0.03334901393243289,0.18684747940389904
2025-02-27,0.00039010274547283513,0.004666342030094719,0.001390935689558212,-0.002339680770916947,-0.0003653378902127069,0.017385716778301082,-2.6106117081552522,0.036299728854405425,0.031214205737130022,2.098718172364603,0.031684176145045484,0.17835533196144804
2025-02-28,0.001871221967803145,0.007070805109307679,-0.0013906300417736645,-0.0015072193111618452,0.00011194602737359401,0.018969714323402137,-3.2325494510139055,0.04319556294485427,0.03471146848036818,2.2354171767332955,0.03038716248179747,0.10636700710589696
2025-03-03,0.002520390646000296,0.009614117619280283,-0.0017997187266435592,-0.0012467294554740123,0.0004966377029162176,0.015354032172089058,-1.6045879923682302,0.040751814914864834,0.03265863707941166,1.5397071544957472,0.029342585295902186,0.04878327689034541
2025-03-04,0.0009949119430791673,0.008453385198408169,-0.0021396373320979522,-0.0020587130730555137,-0.0004992413231048248,0.0172824288835991,-2.772205913892684,0.0405215113294463,0.031768397917820046,1.531535973805929,0.0371990661840192,0.030056364325909246
2025-03-05,0.000705511241373346,0.0065568886339746795,-0.0007844849874030569,-0.002470231716316576,-0.0009852351078147837,0.017503441778472566,-2.7732182014401836,0.05012060427480872,0.045746704142131334,1.7237450977089335,0.03404274859280866,-0.020097273869581638
2025-03-06,-0.0002254591778984469,0.0030093953293374915,0.0007192646386759864,-0.003609765730043674,-0.0006901732174623586,0.016835631251243353,-2.1746811049407686,0.05304538181694897,0.048491717231144954,1.7150278342700118,0.03129811926255959,-0.020813980486674526
2025-03-07,-0.0019077879907089036,-0.0008761403334495636,0.0024297876805175725,-0.002937768736291534,-0.001359773885119724,0.0168787646981339,-2.7826048862168014,0.05044449823751885,0.046735461382640724,2.1864872918537204,0.03250203611704361,-0.015480165783122047
2025-03-10,-0.0005101020597137561,-0.0025539724159859287,0.00301319633444217,-0.0024657726898206296,-0.00013935682977703778,0.01729215918033957,-2.3636550684661852,0.05754429763539031,0.053907830233053775,2.122604812501768,0.030641382557338698,-0.008940539052070082
2025-03-11,0.000599446306814502,-0.0017952729755951022,0.001694934955925391,-0.00178055773133032,9.845398058653298e-05,0.01947852549461938,-3.3491556126732855,0.05101818831260198,0.04902341107158293,1.696610643317745,0.031961440016989,0.005549564236219495
2025-03-12,-0.0006728347874879034,-0.0009117374406245314,0.002057046232998302,-0.0022593861051493445,-0.0003385998670851142,0.01813463523544363,-2.517800914557897,0.052106655911014155,0.0577136902635073,1.8110783941070434,0.03467678556378403,0.008872712069615655
2025-03-13,-5.092847127203345e-05,0.0024161258558056636,0.0007532332347401141,-0.0026537136097378286,-0.000667479426450185,0.018978282516291634,-1.8835574701561293,0.06684314701327415,0.048090448926101176,1.6865472475163437,0.028751088578034573,0.03973689485200435
2025-03-14,0.0006219291004300762,0.0027193662485446267,0.0004664234842552534,-0.0024619640070055724,0.0001106238466944153,0.01817218630454611,-1.0589706677278512,0.053517685379510786,0.04524438795541021,1.3855080403759712,0.030366474339863076,0.06594843398991775
2025-03-17,-0.00018513975198392778,-0.0006947011775028616,0.00011391080744637449,-0.002655270317520801,0.0003439504541505107,0.016268180514179997,-0.089799761057202,0.06136599376012613,0.04981594278185754,1.5990630999364766,0.033655400110378424,0.0649041710777008
2025-03-18,-0.0012037320181666382,-0.0033224499146761073,0.0012736731747823855,-0.0029426543011666652,-0.0005543470599922146,0.013706244581677912,1.7530829975416786,0.07721735184791541,0.05221639410332018,1.4822832303693034,0.028658990849894567,0.030037696912416274
2025-03-19,-0.0009369462855309597,-0.005014327686438216,0.00023720523553711465,-0.002430995791356496,-0.0005120587334124665,0.013802593062644381,0.8091303841263626,0.06249970105979323,0.049071633876685825,1.3841877485650116,0.030073944440228966,0.036465396245244
2025-03-20,0.0008279862604664613,-0.005191838702627104,0.0007797192154536717,-0.0016274212735392897,0.0008072501420041971,0.012449647767503992,0.7652392344027377,0.049485363222482724,0.03446408034457829,1.4169074978986347,0.03149311895010047,0.009705283888807084
2025-03-21,0.0007579758167775671,-0.0037803246009372243,0.00017967194067182836,-0.0014523296208242558,0.0007264702674718774,0.011583173825244705,0.69569556218834,0.04951494604702766,0.0403044650418191,1.4767977602297113,0.02675108327166188,-0.004817719407810339
2025-03-24,0.000991389176958953,0.0015808220132184228,-0.00037637605099484966,-0.0022159289805193253,0.00040147398213673816,0.012850628113061554,-0.03417391754367827,0.04382145017310398,0.03607040884899299,1.2830431898001846,0.028373634169376553,0.025356369395273488
2025-03-25,0.0010597782330393395,0.00394412953550822,-0.0010209467277927193,-0.0026852897237868087,0.0005087396815886566,0.011832217968482236,0.3051001399043045,0.0534027387405426,0.044485159236424925,1.333829343048993,0.027605718851164463,0.03275699931514175
2025-03-26,-8.789551407583425e-06,0.002413216657996433,-0.0013728137648506636,-0.0028025060283643727,0.0005162708165052745,0.010761562356169443,0.7088418395842664,0.047488358938517564,0.03840845535143337,1.1687936248075974,0.02811967051774544,0.040443638118556974
2025-03-27,0.000131581765296323,0.004897234557554651,-0.0016199658044232944,-0.0024765210734822417,0.00044517773525207114,0.013092681140690586,-0.4192103545464873,0.047348304128910314,0.05263902512422788,1.2010901739738522,0.028009336757754348,0.04804007640928194
2025-03-28,0.00043305064300103125,0.004767010891586863,-0.0007158298079854239,-0.0026382713189205083,0.0006184402281571,0.013649786396912176,-0.6646450751173041,0.057089916119037125,0.0516025499509709,1.2504170092506026,0.028353147539250924,0.043122812271287
2025-03-31,7.501209466553703e-05,0.0035428875070823325,-0.0005911680130244624,-0.0022554915958144686,0.00029164400183796107,0.01588453547935299,-2.235666865628419,0.042452543948821225,0.041802502867391775,1.182001067706636,0.02774050192041675,0.025082819149391627
2025-04-01,0.0012183869029288147,0.002409433956042282,4.204408402544191e-05,-0.0020136670211188317,0.0003262526918712754,0.016071719314415065,-2.9962668953520253,0.03834665163561907,0.03528459869295777,1.5297462055124693,0.02628217380726068,0.008991829905334736
2025-04-02,0.0007406409697799438,0.0019629201220437006,-0.0002484396330499084,-0.002390426562664645,0.0006809455118518201,0.015953661793833264,-2.8324074859260397,0.045233709328108905,0.028744368038680385,1.1144848254734576,0.0246345815581981,0.015647668010910276
2025-04-03,-0.0006567708334112303,-0.00030637528265725503,0.0002740468611529622,-0.003160437981730186,0.00017549863185997852,0.013624078600611107,-2.216606125322052,0.04591168060371721,0.031301180667441864,1.1732936353034153,0.030250975801595997,0.005726328999116237
2025-04-04,-0.0009468863499327128,-0.0032357373276049066,-0.0006649417656157276,-0.003764711539957558,-0.00040056095775468426,0.019828589110810625,-5.654394640210862,0.0280895102176323,0.007900871875885944,0.9382849788268876,0.037253912186970335,-0.005207708457009276
2025-04-07,0.005244043468008541,0.0020510261638655987,-0.0007688920486705858,-0.0026449281536643898,-0.00012211361736134355,0.024653269411395548,-11.082808306243551,0.025340879265700448,0.02352966656194564,1.6417444671482555,0.03742883181547453,0.011260140616116892
2025-04-08,0.006552712982893195,0.010325459855300895,-0.0023538542310019357,-0.001409405449873556,0.0011358945461137308,0.024691334538642556,-11.284046115498231,0.04385708370336426,0.03571604214143782,2.948225739521704,0.034607365343456764,0.030340718041083285
2025-04-09,0.0017701788546318179,0.014924182032714766,-0.0033290533724466423,-0.0011285214734396707,0.0008143713284506885,0.02536979450889154,-13.62368066700281,0.03784809825309662,0.04524654774111584,3.0278034537323495,0.031155946707766405,0.0351664743122345
2025-04-10,0.0008062899964622605,0.01578821716493954,-0.004242943247932612,-0.0023121802459763084,-0.0006599822137456236,0.01357948171009474,-4.386904499690777,0.05875055149364351,0.05014503532848692,3.0237210953703224,0.03041848206126244,0.0815945143694623
2025-04-11,0.0004944422819682472,0.01645418233087968,-0.0020905513796567626,-0.004265092605634984,-0.0004737597213160925,0.015747075648530413,-4.4980935881499144,0.0698099840794173,0.06859892762886817,1.7243959223948913,0.03319230551866065,0.06016061818292307
2025-04-14,-0.0038069734305488452,0.004155047262569345,-0.00046782779443275,-0.005741463790827281,-5.243448241452789e-06,0.006885180360710633,2.729567514890618,0.07103350483649278,0.08328427134293427,1.6172591094740074,0.033261001419770134,0.07006774207872829
2025-04-15,-0.003205174024684714,-0.001124304225186932,0.0006784076480062044,-0.0038855481385641454,0.00014367243009275098,0.009215592044816279,5.54338498643561,0.06629195889688685,0.058309628697282116,1.381014257987995,0.028385544499021923,0.04774542586826838
2025-04-16,-0.002784157748737955,-0.0023313298651954743,0.0019347820808340778,-0.002087169628053353,0.0003596131997483445,0.0057061408544911455,6.887963661842376,0.052043214589563826,0.054441259700955376,1.193781718848286,0.026366076418594665,0.06694369885890351
2025-04-17,-0.005056230218613549,-0.006096042454877361,0.0020505645883419406,-0.0027220226102619214,0.001616919758831247,0.013546559084591807,0.13458342854033,0.03835368515638693,0.035918589419948785,1.4746201888777708,0.030025236866314343,0.04142894255749696
2025-04-23,-0.00201387976235233,-0.0030422326673618886,0.0006424141828127135,-0.00296517108878735,0.00048309446808234,0.012290934789617628,3.0996644497462023,0.04052525975884726,0.03894699763324705,1.243454135761668,0.022349720760102533,0.088591417892727
2025-04-24,-0.0010929724308234008,-0.0021938782938388567,0.001174238742715882,-0.0026609946974863598,0.0010561304881321987,0.012420228940791705,2.3845024752588295,0.04500825580652508,0.022283817459931996,0.7475748702163106,0.027571020372496174,0.07128538517274423
2025-04-25,-0.0008800160095624922,-0.0028109136567454358,0.0021975307026268175,-0.0018695132587083028,0.0014307355377532554,0.010870541357049512,1.393198484084118,0.0451008023403363,0.028010008981760388,1.2265507731535765,0.03219795906108742,0.1000552333473244
2025-04-28,-0.0006315748500758463,-0.003090924844748831,0.0024562084732075835,-0.0017216358891773685,0.0002102945799372873,0.010609285901242547,1.7782543332514944,0.04202623641276089,0.030820314471724515,1.2425299818969775,0.028406135165544518,0.09579163353962848
2025-04-29,-0.0002444375255091972,-0.002098002718445944,0.0014652280678785288,-0.002488455348184643,0.00041568146924176,0.010316461841989883,2.0926145990748632,0.041434871603396754,0.02885596237555623,1.1844686409795515,0.02779085212304709,0.057717858027976694
2025-04-30,0.00027309648895118256,-0.002743843151596319,0.00204575836295709,-0.003058999150425904,0.0010507825256963438,0.010587816417624534,1.4615898102010618,0.03409796472782978,0.022191996851977158,1.3786730957864206,0.03282651479902573,0.0049948069040217195
2025-05-01,-0.0001315179119522596,-0.00029780625598526214,0.0009338543586169379,-0.003341939907317721,0.0009725275944135244,0.01126681938501988,0.31102997194171267,0.02782953133345784,0.01937735479977912,1.4556647664596356,0.032196579781459,0.004055324754473417
2025-05-02,0.0003146453906870755,0.0019324316132919353,0.0012235211560503016,-0.0019944951043980343,0.0010453852158464117,0.011203148999653419,-0.2300700403967243,0.042722451940946274,0.03503267233834059,2.081320369872231,0.029802098741465232,-0.006455013942231698
2025-05-07,-0.0009869620229915755,0.0005410463772696308,0.0011040303415356637,-0.004796604414271657,0.0008152811027563275,0.010901643724278562,0.030825356915207158,0.06597097269017996,0.040109534131070726,1.7823979998474462,0.030659984113111157,-0.013116434807283712
2025-05-08,-0.0003824283161319283,0.0010744484120214313,0.0007910910935061127,-0.0029044138047027357,0.00026146071041311433,0.010925867629386635,0.5298772392556785,0.06552928696886846,0.04162129378901825,1.666292700021963,0.03454740001774919,-0.001980182248314994
2025-05-09,0.0007530209439441023,0.0009987576115881166,-0.0007962566557503009,-0.0016642897383529805,0.0008569294915453204,0.010626496965359515,0.7391415983096041,0.08002902304908656,0.06282653852451237,1.859532263759685,0.027691673091153026,0.006004536336096995
2025-05-12,0.0007503033158145577,-0.0024099365583965613,-0.0009609285010611954,-0.001760293582543168,0.0013186325615726618,0.011350294563321473,1.0051591380376008,0.08361729156984662,0.05630269573859724,1.3520142298469875,0.02194042882230707,0.0037766935246601706
2025-05-13,0.00034928211398074847,-0.0014017648380593199,0.0006111149286267716,-0.001446469276823701,0.00043886664249671853,0.00950488620232763,2.3236344247070044,0.0774327492706609,0.06406924908365466,1.1252790672235757,0.025153655285994708,0.006598635235107089
2025-05-14,-0.00018405283490148,-0.00272508943559693,0.0007717446502602408,-0.0019274534719736268,0.0008328101099190755,0.010642505804749102,1.5147587883324722,0.07798325937182174,0.05345251570540678,0.9931995562071848,0.029087280510092278,0.0022605651909833307
2025-05-15,-0.0004591941141015465,-0.004532525940000507,0.0014029446042561232,-0.0036668776869852072,0.0001246005382152676,0.00975784834650497,1.0307910345436888,0.07200110815378136,0.0653473207947892,0.6253072772359225,0.026557113089460987,0.005254465669191289
2025-05-16,0.0007424915280372162,-0.00031634120956000014,0.0016800152127369873,-0.0037278287213704147,0.00042604619407003133,0.01086255643892469,0.8073690136435043,0.053444276012432276,0.04478772272099692,0.8700002297184954,0.030603237406673353,0.019969885319548297
2025-05-19,0.0012373328393947476,0.003386022629517828,0.0013186442420707787,-0.0026113847315789463,0.0014418823997606343,0.010689192404237838,0.6296691774201408,0.053737940630828686,0.05038809141400049,1.4591137161111574,0.02760856651256742,0.04169546614564014
2025-05-20,-0.0019003249926853108,0.00016648137692844875,-0.0004489794166062369,-0.003067764359562948,0.0009528171316150955,0.011463390789179441,-0.789730014860703,0.04943309076306464,0.042005941724572386,1.4347082847446901,0.022055649325902562,0.04736965312251124
2025-05-21,0.0004998843209154648,0.004232621237597448,-0.0005402616385520604,-0.0026760409754552055,0.0003835247706529799,0.011830164974527962,-0.7762445215171933,0.0409896021439229,0.03846182030683762,1.4253423058422616,0.0268857397632209,0.029268919342245122
2025-05-22,5.705527984561421e-05,0.004080259063706547,0.0003752951322223818,-0.003302626598200356,0.0007694744827383166,0.014321484557599923,-2.1565593253125295,0.04728514239338094,0.04450507085248928,1.2316590180448925,0.029623179432951147,0.015081032409225537
2025-05-23,0.00016067656922346047,0.0012923074066080258,0.00034338931358623265,-0.002059758031246786,0.001093593894539311,0.014297968466634543,-2.0395283680784853,0.05293954833479716,0.041409975039182534,1.3456727126095764,0.028553271679452197,0.026380155619702084
2025-05-28,-0.0010172699066025791,0.001819513257949876,0.0017432485949138595,-0.002864372819335774,0.00126831306820587,0.016198176188224462,-3.368451666015192,0.04982284704782905,0.047741766654404515,1.5459830122828397,0.02498942914827267,0.02453052242153283
2025-05-29,0.0001748928883150078,0.006707735517684609,0.0021280868332448745,-0.002137164946931265,0.0010437094850499701,0.01594407794853445,-2.967441749608116,0.0565367636823838,0.04903592556733255,1.483504050841964,0.021667144485901044,0.035474441674255355
2025-05-30,-0.000962304113157162,0.0034193650678449716,0.002740203362971762,-0.0025355108866851775,0.0009436195331007156,0.015339692002078744,-2.8881315528386695,0.0514463211436721,0.041034387656613804,1.1665389512876498,0.027289888714324622,0.059716274131269176
2025-06-02,0.0002662828932709274,0.005538893564203676,0.0013295607875774753,-0.001326825499897927,0.000987529104242124,0.013883024810203395,-1.4734103549106798,0.04243871226805816,0.03489243634122645,1.2359573026199928,0.030126261881084984,0.07076845596079527
2025-06-03,-0.0018166379321206383,0.0078133071201645,0.0011997820122232423,-0.0016694512246860234,0.0009152845501695182,0.01294646738086097,-1.5357941380120748,0.052338108306431305,0.04187315635028097,1.4340114816448744,0.022409895257400014,0.03723223518707534
2025-06-04,-0.0002092722399082875,0.0018520376346078862,0.00048367789179200126,-0.0018386565665312086,0.0010756262755842619,0.012035242423249078,-0.3741206333967959,0.05415691760028919,0.04082872998840934,1.1101291542686245,0.019605975876582298,0.04482654947885992
2025-06-05,-0.0009148528136022269,-0.0016971433693251867,0.0006008595255853832,-0.003007246210994804,0.0012298046882186686,0.011503057636370858,-0.24326753356915742,0.037937904046625226,0.0309053786267959,0.8953405846707475,0.028524127519770247,0.03981051112963585
2025-06-06,-0.0010668112037748691,-0.0007386038681874495,0.0008946324509764739,-0.0030658387449123458,0.0010574280006374987,0.012528179068635152,-0.7212874742259423,0.047144994222117854,0.04250338971114855,1.038191206506987,0.028000084095506986,0.023384489885275597
2025-06-09,-0.0006300258132819845,-0.0038481904956525204,0.0008825736058460254,-0.002406207247000449,0.0009593626986849409,0.011296386680008276,-0.11833891002577868,0.06917866398215598,0.049051621043225725,1.113949732521426,0.02138052547333095,0.0359368622699969
2025-06-10,-7.59709068975974e-05,-0.004028277196443669,0.001066629700176579,-0.0019178152969726336,0.0015626293029891648,0.01205071740156867,-0.5577455409090996,0.05572797378912233,0.03751292464960992,1.0315537600626552,0.022821280225173886,-0.0076630201608829576
2025-06-11,-0.000727244606680592,-0.0018068381287722748,0.000176849726454755,-0.0010772288545367477,0.000988299530202797,0.011220932536352014,-0.6057684563310568,0.051252823114918994,0.04072346891743392,0.917068629922109,0.027256403438438485,0.01524468442253432
2025-06-12,6.256986578599569e-05,-0.003251982300840786,-0.00023786725615376146,-0.0015049244858997579,0.0009149114276337344,0.012345283287860526,-0.8218277715304776,0.055345738920339324,0.04295081546333549,1.1933014016913512,0.022537629107362733,0.022663325279698172
2025-06-13,0.00033518075330258115,-0.0004989509057384198,0.00031081243023071086,-0.002307553989771831,0.0006895139461798154,0.010988401807118122,-0.8793240188025505,0.040097564090472874,0.04023231409559215,0.6285212498070311,0.0222754307071228,0.009130144256207867
2025-06-16,0.0002000448257707908,-0.00047371014711141335,0.0005258126812784593,-0.0023185744351918755,0.0006823897152685036,0.013879239379929888,-2.8778289685864498,0.043819812814714254,0.03613779795048931,0.9782952227385671,0.02010095189868543,0.02605614746115989
2025-06-17,0.0001931770293721138,-0.0006847755389966124,0.00045382378289539696,-0.002426719672073362,0.0013875794649216744,0.012012983396979716,-1.7808553751482694,0.047591559872444136,0.03690351202583185,0.0625787879687365,0.022530186255378917,0.025306856868313035
2025-06-18,0.0005080630795921341,-0.0023273532465968496,0.0004317805626560582,-0.0011670018038791314,0.0012490033909954635,0.014590747334326188,-3.25622743980164,0.040938593333304574,0.03042812145857919,0.4653537604136283,0.021138301626504645,-0.0013563218238378007
2025-06-23,0.000542933225034856,-0.00019352153257351686,0.00028082624414652496,-0.001542246107886106,0.0013223224456776004,0.013056691736218734,-2.103954329379939,0.049034294872428136,0.04052871250062538,0.4328959254246266,0.024191297491697555,-0.06130738838533605
2025-06-24,0.0012384321091656867,6.390234219251327e-05,-0.0006105921980391689,-0.0010218032413227404,0.0013062120315736959,0.01316081921170046,-1.5300910052726364,0.04522925897051865,0.03883962136046728,0.04956953249872664,0.027406318796991094,-0.09234372130189727
2025-06-25,-0.0004598233619775668,-0.00031163896520715545,0.000172351963130094,-0.002382813012917928,0.0010513243134598696,0.011319169104218428,0.6244907766809756,0.0312930441090595,0.03745313129590878,1.8507280104895067,0.04097170424289378,-0.08746713009555027
2025-06-26,-0.0003265113360881867,0.003242804771987475,-3.0263128506804852e-05,-0.00254636816774893,0.0010686769932666826,0.011810689830614894,0.3199969300412403,0.03313434126549129,0.033072430996236406,2.8705603396478807,0.02878386899762647,-0.05127056581313087
2025-06-27,-0.0014516723695719943,0.0033795712230157296,0.0007035640944548641,-0.0019495274266260495,0.0010595871726579728,0.01054787501518871,1.2814657130905482,0.03471283177240457,0.03447434678684295,2.7631606769635013,0.025073032956858893,-0.03363945326355144
2025-06-30,-0.0008570223291342187,0.0008056994002835134,0.0006722625473527066,-0.0012338129894717371,0.000615427829599796,0.01075885864738459,0.7426707727179674,0.036308648038962596,0.03847819978838626,2.2121956212277425,0.02894257115045737,0.006383547779470495
2025-07-01,-0.0017534939326548696,-0.0021111558811860525,0.0010620123010002171,-0.0011081131310081418,0.0008963487556997721,0.010571755515541006,0.12339210449856897,0.04465573744836536,0.03384637405957405,1.4792040499815082,0.03376891663443663,0.026107403470895414
2025-07-02,-0.0006838420047899219,-0.00012310946395014278,0.000704739790010916,-0.0014158535880819667,0.00099434920616935,0.011853743856004644,-0.78874244868981,0.053620229618069414,0.042403773704077656,1.2820922868034883,0.030545247214517193,0.024549414391351762
2025-07-03,-0.000524570047955933,-0.003605508209347901,0.0009009607859572488,-0.0012455502336012317,0.0009399851400324192,0.01140443819009054,-1.0036125492006567,0.05827155367839546,0.04221003408438958,1.3970866549438967,0.02268237201143105,0.026473952888998384
2025-07-08,0.0003794186704240626,-0.0019648113454354414,0.00034889234115728255,-0.0010197999827900187,0.0013686203706335007,0.011551860627807976,-0.9517701765500027,0.0664042731578153,0.047195593019799406,0.9621779117915845,0.02194192388986392,0.00956088529109865
2025-07-09,-0.000245853654752524,-0.0011020420126047212,0.0004687094427008614,-0.0008279434461456055,0.0015389824083488707,0.011811130574619562,-0.585812722401057,0.06869837813498658,0.044725067285366696,1.0727213231714658,0.029287866773821943,0.01125533101161764
2025-07-10,0.00016668641030180066,0.001190371491682797,-0.00020709803949961957,-0.0012422621214889097,0.0016132502130124635,0.011519816629891187,-0.07470894193703781,0.05609627814651266,0.043100047239364704,1.1094614390450288,0.0283299278392212,0.02447581531818781
2025-07-11,-0.0006796189332764201,0.0032773015651622224,6.523464484072526e-05,-0.0015269516235383947,0.0014709715334476298,0.011784453843224697,0.02786428697128651,0.05525990120852039,0.04837507322726751,1.0683787920405274,0.02600043352076278,0.01501828951281797
2025-07-14,-0.0007734109257149219,0.007089716834261274,0.0004043467623779955,-0.0016272181245753398,0.0016764108158455115,0.012124644558640952,-0.34519621373425147,0.05976533837267901,0.04816053474970485,1.7223034603050347,0.027048489876581976,0.0014278481169641968
2025-07-15,0.0002868139121649751,0.0075833677582825346,0.0007107461718780705,-0.001064924970880386,0.0015576535474321593,0.01280549300704476,-0.8590232035252237,0.052363908512630904,0.04111123692483742,1.2744663585151066,0.025021460638245598,0.00902846372590477
2025-07-16,0.001294163116690837,0.006949520811856836,0.0005175610970958266,-0.0009948467160474659,0.0017508861712056745,0.01344219576141921,-1.3460608847206563,0.05611538232642717,0.047519584457805866,1.439032896617998,0.030124188300023794,-0.004582248077317537
2025-07-17,0.0011149773345373935,0.007031186266467123,0.0003953717006847928,-0.0009796613021619072,0.0018673670101498573,0.013195046989217411,-1.5714813584294298,0.05339788846172217,0.04548326233319122,1.5780443174073464,0.030607528928008956,-0.02192681229638331
2025-07-18,0.0022507475671094883,0.003406868269996328,-0.0001879093020403144,-0.0013617486808514985,0.0014796832741406792,0.013191609444023089,-1.288752394255978,0.050804664575917924,0.05202322539185819,1.6311995880576802,0.02288580277987177,-0.027399626228784613
2025-07-21,0.0013846461752541766,0.001696702822805515,-0.0002895989488787329,-0.0016749659138318926,0.0016326043371128766,0.012644440079211464,-0.9800658498747264,0.0523053635903997,0.041585030512782555,1.367475824207988,0.026174106370808484,-0.016232387504558486
2025-07-22,0.0005407842524314805,0.0010639673069558254,-0.00017103389151576606,-0.0021308858239088378,0.0011510901760213776,0.012613400195210499,-0.7726249750072266,0.042286521056529705,0.04033473605531239,1.1944763414142991,0.02741355310017186,-0.012710005384556326
2025-07-23,-0.00018405158296999928,0.0014862967636983923,0.00028632495504963504,-0.0019153955458895396,0.000823222424048337,0.012608429213986371,-0.6693799133772169,0.041518639494488925,0.034974575447658994,1.2247208674630115,0.030046989939158598,0.031057779239374632
2025-07-24,-0.0008111801009782707,0.0012658336858226249,0.001293642354153627,-0.001773871769856117,0.0011716636954054679,0.011951205155060967,-0.2951810033789304,0.05147229796495978,0.04092897724146338,1.3204899107577261,0.028738884036728838,0.049562444811095674
2025-07-25,-0.0008704360725825138,0.00048742247318652853,0.0017866819070891248,-0.0015920837269980004,0.0019320309518322711,0.013086637023004962,-0.5954221833528615,0.052414001434218156,0.03600680691656491,1.8544089602763931,0.02554087601183808,0.05115197086571303
2025-07-28,0.0010100731969778236,0.0023082084381900346,0.0010261691777219825,-0.0005205800664375361,0.0018391776023633536,0.012359711248192516,-0.36593074093146194,0.05171651130625557,0.03567215353024839,1.5476575997634034,0.02513030847327684,0.04725904936044467
2025-07-29,0.002058913442737346,0.004606673493688776,0.0003843687440238675,-0.000528268192317183,0.0021481751080671043,0.012959633365014088,-0.4054489951267294,0.05402243996622012,0.043605556158282203,1.6060417511513987,0.029110984859252002,0.03828711730468114
2025-07-30,0.002222611192582606,0.0034481241727073123,2.1068477588539255e-05,-0.0007534519671792679,0.002550785716561857,0.013102587918079838,-0.9125681604114746,0.05003535159227982,0.037692294894053215,1.3513972169708457,0.02150305949840813,0.019361873738800515
2025-07-31,0.003490200176507461,0.005444486481152345,-0.0014818915065695946,-0.0014520092815342152,0.0020856045159782523,0.014027071463418072,-1.094028182344485,0.05316716494467487,0.043745435576829826,0.6818677690437834,0.020655334056663192,0.025665344212367883
2025-08-01,0.004061443458955675,0.005769368302408514,-0.0019619817473184925,-0.0016387295801404324,0.0018440152633278134,0.014552333190586342,-1.7273027319423366,0.0560779687951685,0.03409790792296678,0.5752680833074681,0.02829313966917429,0.027932255425651833
2025-08-04,0.00216833592916877,0.0012983209748998398,-0.001923319319713431,-0.001969858740028361,0.0016535386332470463,0.016268106810096113,-3.4126166129767874,0.023335347572963436,0.02930240752341772,0.759464387735647,0.0292305535857388,0.023649399391052334
2025-08-05,0.001350880589980944,-0.0014598104849039431,-8.98911648683498e-06,-0.001919564878087266,0.0010214201888544808,0.014756159083244753,-2.005325588027496,0.02255049686001155,0.03361319891460091,1.4369980189404985,0.02874718346203229,0.035244718070117184
2025-08-06,0.0014775830111065703,-0.0005793637252024526,3.287204312437905e-05,-0.001585943779585047,0.0017721230219435488,0.01572522507867819,-2.060879315255851,0.043528707678072216,0.0337832318292461,1.8883942790492798,0.027117591868424634,0.020899940146411965
2025-08-07,0.0001261560081718201,-0.004074827186883304,0.001162976334905064,-0.0014258154710136807,0.0020156487747062775,0.013156006461566125,-1.352858095174475,0.026733678313835704,0.031538507800923904,2.0506447994167845,0.02935334208744046,0.008338348711170118
2025-08-08,-0.00016302699784374788,-0.0036641619236171936,0.0015020615503943857,-0.001045159939001783,0.0014087876441881862,0.014326946091611276,-0.8341578082487386,0.03357213513727133,0.030788272695704576,2.0200790808331153,0.03353147355492204,0.00460282903818422
2025-08-11,6.686896924399505e-05,-0.0032451986264244105,0.0015344339139694292,-0.0010707286301248522,0.001876578827797404,0.011550154389592412,1.0647803140127974,0.05793503904773864,0.04254019782257879,1.8458139993538345,0.02891180911403182,0.007048173191247294
2025-08-12,0.00043645883003238085,-0.0012597951410641757,-0.0001283886720832565,-0.0010736062690687468,0.0019613535656863466,0.013555596642942867,-0.5516846132474081,0.05488868394676323,0.04127010339634285,1.657167412341622,0.026380071432460253,-0.000517365081200892
2025-08-13,0.00025505058199019133,-0.0026102487521029835,0.0004987434899533956,-0.0017197536414281457,0.001897844166373212,0.011566206733561955,0.30099703719963145,0.047980625974516626,0.04455746795675105,1.4337674850352153,0.0287541745808708,0.02070940853412101
2025-08-14,0.000275080407865127,-0.0011908583980552228,0.0006533347737073814,-0.0021812730227329185,0.0014207449870278083,0.0125677738741755,-0.17909843045345164,0.044735787490805826,0.039500038453155806,1.4856915884682536,0.029662538764653777,0.022250027163359984
2025-08-15,0.001574437500336207,0.0005100032314542748,0.0005002715396349406,-0.0011045200583470033,0.001606195578454143,0.011765048089165538,-0.3474868171339083,0.0505748455273591,0.04712408390773061,1.636468174412802,0.024202178440430443,0.04330809115423221
2025-08-18,0.0016069178817286625,0.0015020395375768593,0.0005560515027366363,-0.001082079256366949,0.002310500528129585,0.013239957791653689,-0.9812613158727576,0.05220918432147437,0.041772171776837494,1.2810211799058546,0.024588355932743916,0.017812386807261917
2025-08-19,0.00134844992710508,0.001263584970494718,0.00044424971744543593,-0.0010960683836920707,0.0015492611057321161,0.013130338664299343,-0.6292858061054059,0.04901988556821652,0.04317268695598789,1.4775802164233458,0.027504867595894076,0.017227460523494678
2025-08-20,0.002474306860121903,0.006388536910034626,6.891419044500671e-05,-0.0012402777542771205,0.0018432884761376063,0.014707425156065506,-1.455498719267128,0.053145766991321064,0.03894058469887347,1.2867406779733503,0.028333755668984578,0.01798875435614223
2025-08-21,0.003335374889108294,0.006139264544251904,0.00022936053593751825,-0.0012212368047688216,0.0020611227478852857,0.014938733760511316,-1.5410851123616678,0.052298187978666255,0.04500661408999696,1.470130576437945,0.02473342347794083,0.02799307692747547
2025-08-22,0.002344096161504243,0.005997953801766701,0.00035664959850425446,-0.0009382115903281916,0.0016538726798690933,0.01571156482369372,-1.8474728835671095,0.05216465060678154,0.041477234027933546,1.4024805793701172,0.023944885615708688,0.007256295151220468
2025-08-27,0.0008737310965686407,0.0038468512339041535,0.001147954195327536,-0.0027184478381548902,0.0018003776923182523,0.013742607723892537,-0.6323469117004271,0.04125885260991379,0.031968986036668284,1.1304501850327673,0.023525537040585028,0.03399190005512719
2025-08-28,0.0005576259774947416,0.002015764094935124,0.0012201585878249743,-0.002492089779139028,0.0011631166857836617,0.013822409362305471,-0.8748176899261755,0.033095745694545216,0.03557224436777491,1.336085558950038,0.027041966978337086,0.02359889811646456
2025-08-29,-0.00020099866909447284,-0.0013451436805932827,0.0021870413709100976,-0.002568361609993899,0.0017174611780295596,0.012198152499201616,-0.29600260635206077,0.04631765902878791,0.03407401397268638,1.124973916725828,0.02168560445236379,0.013206718616542917
2025-09-03,-0.0007769585249577114,-0.0003502776734478773,0.002044220335961702,-0.0012965095995158867,0.0014812107131551122,0.013542305034891922,-0.7762316305472958,0.04065120616949511,0.03678810245751813,1.0417682671953417,0.024565580030528337,0.010080629662963126
2025-09-04,-0.0014808005766503477,-0.0009607803343000851,0.0021122662132311183,-0.001228885874905851,0.0011266464567261936,0.012502268314029324,-0.12030688515120469,0.032404801096047764,0.027666439551186958,1.1536359305673485,0.027604577355208295,-0.02041277907641638
2025-09-05,0.00045001555100413013,0.0024099969624860602,0.0014012580830610687,-0.0011910053263350733,0.0017390390895258413,0.013384608864096884,-0.6021216347643558,0.03951859306301371,0.032849422763723816,1.4906387812254798,0.026696023008003143,-0.041768545288026884
2025-09-08,-0.0006209149208403103,-0.0004977341106084348,0.0016152882209589448,-0.0018148790019422568,0.0014410201659092652,0.013323177835571456,-0.4356591706441948,0.03417039123206235,0.02916530770272343,1.6422031448451684,0.028456289883405896,-0.028581249111228123
2025-09-09,-0.0008590689788105199,0.001286068171219746,0.0007856542547615669,-0.0018358103499449701,0.0010013139286814774,0.013316997805130678,-0.5075171214666852,0.029487786570760715,0.029521891398058858,1.938138701694423,0.02783742917418612,-0.026732218348540514
2025-09-10,-0.0004121626668115607,0.0009766199324782157,0.0012767071104339447,-0.001434894685419897,0.001613205098598078,0.013213677444488882,-0.22670973934016725,0.04163064056374824,0.02962147591059594,1.7665637600195327,0.021173294432232485,-0.02316344153588609
2025-09-11,-0.0002937437549411472,0.0004503612383809498,0.0014409371654131946,-0.001510997468878789,0.0020256517773903997,0.012969888219920313,-0.7173618216047397,0.044270851686255594,0.026322295054397035,1.463090229703073,0.024552084655170597,0.027137726780060167
2025-09-12,-0.0015420600483262588,-0.0014217420315598213,0.001494013060183576,-0.0011959298276583733,0.0014295368772667518,0.012874828790163769,-0.8054616080899675,0.04132012979542325,0.030681103176361108,1.0886457561390637,0.029504976198992307,0.04523934554409005
2025-09-15,-4.757799735822263e-05,0.0002857176437751417,0.0007711437987668129,-0.0012330288308043402,0.0016078622584165898,0.012812204968882872,-0.9181149646710093,0.051707325386049524,0.037131333402322095,1.232424728946646,0.02448298980926666,0.03490069902900465
2025-09-16,-0.0001776663739217417,-0.003247477305324366,0.0007784289169192679,-0.0019446511069576347,0.0016972500636383587,0.012283849984507926,-1.3140123816191918,0.05171136025437281,0.03608752984985874,1.3369645766631204,0.02085999299081121,0.01815601069332248
2025-09-17,-0.00046889397083997553,-0.003894012534086946,0.0005843994607217528,-0.0020959177634457646,0.001202622982428373,0.013192709097139734,-1.6253040750918801,0.04219371289838865,0.036133400670111906,1.2496796967436878,0.023622191791357553,0.005775763527309876
2025-09-18,0.00037233483269998003,-0.0024688599447603016,0.0011422969494176718,-0.0023280823413564574,0.0011159709758604838,0.013155565264321292,-1.273974940788912,0.045952304466093,0.03920654688928617,1.0241939091500425,0.024394282178491627,-0.023885449504698345
2025-09-19,0.002247231491543597,-0.0012398677570860375,0.0007636252181503574,-0.0009412792963632139,0.0018637335984776908,0.013678579761509607,-1.5054628054088957,0.05242717618849906,0.043636551651964665,0.9959295814349909,0.027766246995262846,-0.01699809246311911
2025-09-22,0.002217519960550904,0.0010910493800081764,0.0008905066319386886,-0.00018943654177455455,0.0020435005255908865,0.01316051476217167,-1.266642219855036,0.04970569073330588,0.04026860983236128,1.1960904576174332,0.028641911403461624,0.015617046507768592
2025-09-23,0.0023519118794759937,0.004647754775342889,0.0004785728492120941,-0.0011798970385999933,0.0016550031929014313,0.012899930509721307,-1.2305636617889313,0.05241359269891308,0.04195882794455434,1.4726762639318087,0.024072514051290142,0.02836821052292931
2025-09-24,0.0019469517803957842,0.002382551397283647,0.00029070836257265016,-0.0016522809467742264,0.0014683994215330357,0.013477080875760925,-1.2228854035745729,0.04861263239376767,0.0415380015915285,1.6065759097795094,0.02476110869471946,0.037293002361716954
2025-09-25,0.0024142691807616957,0.002980987025036424,-0.0008637549658366394,-0.0011060445354818553,0.0021085724390748663,0.013975025625525033,-1.297056739929927,0.04273765761223399,0.041967707013516535,1.3375925450948363,0.023221014509870155,0.03850367148568277
2025-09-26,0.0026004628992777894,0.004959421699836916,-0.00065041060190992,-0.0007790749544333796,0.0025332260555273357,0.015272282497479313,-1.5807308963515299,0.05341251519831417,0.03653780071770099,0.897102614029605,0.02306433834968384,0.01646526044463318
2025-09-29,0.00239796709878627,0.004045924137301035,-0.0006983284915846543,-0.0008979318515584538,0.0023430065849576794,0.014706201758925732,-0.9171449704686363,0.04847203657877591,0.03716598279413662,0.8421294707880909,0.023733094970212126,0.00954334917462526
2025-09-30,0.0012106196392993407,0.0018480695529851656,-6.303262877889633e-05,-0.0022052806002583088,0.0017660802899554825,0.014976607301202038,-1.1356616626840623,0.04418650760592062,0.03195322435693841,0.6361253330210115,0.025828282589067515,0.00752440248227884
2025-10-01,0.00038463016729089984,0.004605097556331676,0.00016841254720317643,-0.0017637870579356755,0.0018575200320770028,0.013638514480842004,-0.9010033441045061,0.048098369025502345,0.03918402571658796,1.1642539997894057,0.02645122304898646,-0.015258792943900113
2025-10-02,0.0006769273061479825,0.0037040386725007424,0.0011338907497462584,-0.0015343051279972718,0.0020734490473576284,0.013454012975774922,-1.152815688685644,0.038282072199766586,0.030846746788373725,1.636272244185256,0.026918906208554947,-0.02644090905872868
2025-10-03,0.0009317683029163219,0.004048162881086181,0.0011741767220890707,-0.0009533042121410819,0.0020029865047261858,0.012996290037542343,-1.137703644325076,0.03479181650838945,0.03179900008147095,1.639971763507412,0.028511408959905567,-0.027340390052760184
2025-10-06,0.0002311523764458687,0.0036543999559161744,0.0009741599477702987,-0.0010605977619702156,0.0018602633878755754,0.013518703738025037,-1.6135137535558361,0.040582857240337944,0.030108511312270672,1.8995307993506532,0.02869541385787273,-0.015489900078638598
2025-10-07,0.0003622667118538381,0.0024747492546249154,0.00037438048893746615,-0.0011258267573321036,0.0017601751941338983,0.013501846231898406,-1.1939787426740183,0.042446506488975216,0.03505891055992721,1.6157563858101136,0.023195541128025837,-0.02001514401266212
2025-10-08,0.0018298881093969186,0.003289522573615755,0.00036744190589409686,-0.0010218362122975026,0.002254190778718173,0.014254761304478966,-1.5217015508696266,0.04115221335461454,0.029840162114497124,1.232840039155343,0.026687817747137424,-0.00434175323744986
2025-10-09,0.0019573873623412365,0.003624077674835401,0.0004121826536277071,-0.000549392589861355,0.0024676714949056467,0.013695558749594276,-1.030303250197008,0.044118224504753695,0.03596704164667766,1.1679158886949184,0.026807790397154953,0.0011530194003062603
2025-10-10,0.0020474160761396946,0.002976530618398587,7.091380838430283e-05,-0.0009782860897341189,0.0024352653779562746,0.014521349530942031,-1.0580626514722784,0.048070145550216145,0.03671211436791585,0.8755832066104807,0.023961793040096723,0.0162483350813416
2025-10-15,0.0037549752256161688,0.00920115312233023,-0.0002734302180570807,-0.0011043834743179241,0.002334054970598467,0.01667746586444894,-3.321199239734684,0.03711669796288824,0.02923912614810453,1.0030365621529198,0.028234995688200305,0.048826448229067454
2025-10-16,0.0031297894632969447,0.010254197618740999,0.00018456942039863115,-0.0018947330672147208,0.0017127809255183654,0.016613799357324866,-3.1540547865280315,0.03552301631965718,0.031484371894448145,1.6850774384840834,0.03027753997488457,0.06360127074595977
2025-10-17,0.0026177055000363354,0.00752271580704342,0.00038946548468848545,-0.0023380497103037126,0.0018040706181859183,0.018061740302949627,-5.243222136063336,0.03470190916575114,0.024529119642680855,1.7796881880508262,0.027135994378220615,0.056562971963512655
2025-10-20,0.0027488215177470386,0.006380007889829035,0.00044895246437654977,-0.0013754204655121614,0.001797441111123621,0.01596800143218314,-3.092212056750637,0.032709223880875875,0.03273584273421099,1.8530982694872091,0.026955325027404,0.07140834355044715
2025-10-21,0.001582887193161995,0.0034626063560438238,0.0011268436867528863,-0.0012920433870219203,0.0017009320690564884,0.015596102566404084,-2.0669413124046523,0.04064570323112885,0.02376724863901857,1.659626987041479,0.029868149214222074,0.017906669857475514
2025-10-22,0.0009990952894872978,-0.002414571158162175,0.001188029738797607,-0.0003673349965201075,0.0020461496574213623,0.013032124465977755,0.34457805346795245,0.038574294787353455,0.0327464390359113,1.3628470422088428,0.02662028564314048,-0.04137759601415329
2025-10-23,0.0015127721672520912,0.0005020458743298564,0.0004776519390736064,-0.0009250465868675554,0.0021473905449591497,0.013771228138032585,0.06553486038292433,0.04046331417940122,0.028994924305898395,1.2574840295726817,0.024655967553228676,-0.062493009617796025
2025-10-24,0.0008009640925666856,0.0008205719824928969,0.00046893924831822517,-0.0009095009365913142,0.0020098917235611517,0.013247697644359837,2.052165913168129,0.04851909935295126,0.03641464885613312,1.200932652835793,0.016854180919771478,-0.04529163421424479
2025-10-27,0.0006531389016444942,0.0012997829016899091,0.0005869323211477183,-0.001419384870858196,0.0018862429683210783,0.01316513758183401,0.6431383466518494,0.0448800668838453,0.030888674362184374,0.479847725085333,0.020313356660701904,-0.03062688873410045
2025-10-28,0.00030674683083278245,0.0032135698567995687,0.0008462329861668597,-0.0020892080500382764,0.001856108910017962,0.012284775914916368,0.0259485468128261,0.04317805067111012,0.0327065172811419,0.4804756236578662,0.025875155847839643,-0.006091718460803527
2025-10-29,-0.0007147872680130919,0.0025332397399320116,0.0015787678527506642,-0.001970615457234365,0.0016805203723603036,0.012300344420782,-0.3888374062500911,0.043711684473231524,0.03316820006094668,0.6842997081016164,0.024744512468073805,-0.00019526617057501888
2025-10-30,-0.0010282883519379948,0.0007036298140771593,0.0018991309968868992,-0.0026661824104084386,0.001631371150146068,0.011814452537192594,-0.4010346566599369,0.05426221589017997,0.04119289152464429,1.107243101183571,0.018537987146066408,0.014754661270613872
2025-10-31,0.0008263146263251731,0.0027692234930298317,0.0012444378538270693,-0.0013985131373180847,0.001995780177403837,0.013811327526728288,-0.9528144651022216,0.05789343634791748,0.03463911348483885,1.3603978269910586,0.02333425457152335,-0.0017820935271653047
2025-11-03,0.001201911615816662,0.0034464423548147597,0.0006380864028960231,-0.0013864282019575523,0.0024882713520040733,0.014031990760139286,-1.5504845452504297,0.049494980911819614,0.036693925808174314,1.2657072883192408,0.024428976207512137,-0.018031405787020116
2025-11-04,0.0016314630392681678,0.0024163603891019267,-0.00035071031737955656,-0.0012473411409145544,0.002088255355888275,0.01525483817129391,-1.563884870226015,0.05158881983408615,0.03865292666616266,1.1458172401901723,0.02581088582041415,0.008990962241717743
2025-11-05,0.0026474425059119008,0.0037089287814147482,-0.0012458127620252298,-0.0008461701794654193,0.002108140795450938,0.0158546339582393,-2.168084113330771,0.04896794086923643,0.03880358553195273,1.0136340596010858,0.023498200987299468,0.021551716166828848
2025-11-06,0.0028905338856948888,0.0037675093561777622,-0.0010531301754176927,-0.0013328000481071464,0.002520058080124926,0.015506977412501574,-1.4330424314824661,0.044903754482017326,0.04038125586174413,1.101429330993143,0.02768451257697499,0.0027877567051439404
2025-11-07,0.002733620460029809,0.0016247114487200505,-0.00016526763402410473,-0.0009453710866898743,0.0018631091480944678,0.016530179880649677,-2.2229571908241694,0.04065031263859381,0.02872170544973892,1.3356511738718524,0.02616473047673471,-0.011517801614470118
2025-11-10,0.0024576031367030977,0.0009360278145610767,0.0001998246492496305,-0.000728716088024433,0.0014262155772174806,0.015511069844372248,-1.6587385996117803,0.034123597961424765,0.036374903005722284,1.424283572800916,0.02328481199238855,-0.01267651598119032
2025-11-13,0.0010107012478725364,0.0009312341029484479,0.0006536090711066261,-0.0015919874386536809,0.0017312699971799978,0.015030663079777348,-1.1464127071247443,0.042160100810729316,0.03175815365408192,1.3196431498177985,0.026221230768928176,-0.025432250183062288
2025-11-14,0.00010413845441037514,-0.0007882313690988521,0.0016904774372241685,-0.002077954725024431,0.0017847443415112516,0.015187605242993521,-1.6103553290106538,0.04459320218827226,0.03708640447919378,1.1584594146279992,0.027569275637085562,-0.020843813074133796
2025-11-17,0.0008033072778696966,0.0005749341829397619,0.001411868314790736,-0.002993814175617388,0.0013695308802303017,0.014755759005142793,-1.6670549471565677,0.04452406349266816,0.03195724066690118,1.0858226254110357,0.022042846696798242,0.0039683452414029765
2025-11-18,0.0010663451698798463,0.0016157970506230285,0.0008556269036308952,-0.0018876034263823893,0.0018709672670274209,0.01651689219993172,-2.4929736011617987,0.04742681879452079,0.03511612411240683,0.8061996147308303,0.022414743347581537,-0.0030369033673810567
2025-11-19,0.0013737164810379912,0.0031464567870018796,0.0007933304638616932,-0.0012387940044422034,0.002145001329660171,0.016105872668637968,-3.5206206067666326,0.043667573137289716,0.03663898347438864,0.9163319157528561,0.023694761401535182,-0.0001394191190424738
2025-11-20,0.0026490083432337,0.00507011573561258,0.00029712930330613274,-0.0008006650730857524,0.0019097297866204125,0.017324910965029226,-3.5227461697248685,0.04324979081817793,0.03631042326429177,0.7992753300861557,0.022991335275777798,-0.019240498050538204
2025-11-21,0.0031641757624688983,0.005238156867019834,-0.00037017992063967457,-0.0009020871243404732,0.0022676479550838013,0.017454452909262983,-3.8993144177291796,0.03897673883524364,0.03202173862464846,1.0862764438490697,0.024404064434370543,-0.021359303048612912
2025-11-24,0.0026599633401870595,0.007705748649656935,3.850533935393182e-05,-0.0016478762304948829,0.0021030367727394475,0.015629721772335483,-2.2275760262361377,0.03173336873784272,0.02935460538163206,1.262676587729273,0.02618565820204074,-0.036467068842124944
2025-11-25,0.001946693488428956,0.00760981442344797,0.0006553374929712038,-0.0014669899317582792,0.002084541466932074,0.014620037822292764,-0.19923667140561852,0.029581164075664246,0.029163834022122654,1.475930345771353,0.01980231704197114,-0.022165585664346895
2025-11-26,0.001816925593383111,0.00645383969702861,0.001557277724841545,-0.002481850755203351,0.0016478932339175478,0.011539514551033279,1.7227681517687599,0.029379073369549,0.028519729906232846,1.4215363806353303,0.023740627287363578,-0.011953055570691838
2025-12-02,-0.0001443949219091941,0.0035666087499706596,0.002221753774659484,-0.00219144482136589,0.0013191224166376803,0.011352756344660158,1.9973987503332113,0.032916751405800984,0.027674769632191322,1.4311470973638603,0.024636570525114622,-0.03210748007738435
2025-12-03,-0.0006021004432619937,0.0029732327908678926,0.0023924167250054863,-0.0019001735013100987,0.0014987367836394472,0.010626750470017023,2.968109573997455,0.033784318215044316,0.027999011299874754,1.252277097190627,0.02520657321602478,-0.012396980493543885
2025-12-04,-0.0007895737584758659,-0.0011010796850519189,0.002505461083169441,-0.0019937091914289727,0.001515813466265376,0.01122395838345865,1.9349703396720608,0.032722782335635574,0.028179666097938975,1.2379244928042399,0.02159311395601215,-0.002837890584198935
2025-12-05,-0.0012773888028110268,-0.0019348385897850662,0.001772774113657745,-0.0013822551550005942,0.0011363127154219936,0.012525856728260456,0.8881632864352194,0.04098403296309145,0.03352293700063944,1.2538562020604254,0.02401925356849164,-0.0001412442468621978
2025-12-08,-0.0015291133413099212,0.0034308998069973477,0.0009678019881949084,-0.0017566431740251992,0.0014818021212373777,0.01296323520012651,0.27797639091978366,0.04701965179377949,0.032765557297576485,1.0137038916660512,0.02177110252428138,-0.017990898058599623
2025-12-09,2.3183306612495347e-06,0.007975776400435024,0.00043050970436808364,-0.0020552493753218794,0.0018828097706939779,0.01395738929622799,-0.8269434012900805,0.04594719546361301,0.036243251233648056,0.8951886730960498,0.026742889269783205,0.002195242517152281
2025-12-10,-0.0005209284726435442,0.007918983043526886,0.0006660351612557323,-0.002072404730575102,0.0014794208966202305,0.014126002082385559,-1.1477673097699672,0.05049332747706843,0.03542681557614174,1.0970017548964244,0.02624726604539402,0.022514197275546585
2025-12-11,0.00013250440260769933,0.010454564348274874,0.00046767020716917667,-0.0020482492104985234,0.0015522694231459473,0.013933047967670559,-0.8875329437235535,0.046360541596847896,0.03619908312057385,1.352738325514847,0.023553884968861283,0.0382359136046994
2025-12-12,8.398586075633607e-05,0.008077329066055489,0.001131230706407952,-0.0017166340274107114,0.0013442969468867396,0.013696292966184204,-0.5825157800373679,0.038051050087130715,0.037213369842983436,1.28297516800903,0.02478891808427719,0.06148119725447432
2025-12-15,0.0009967733006710367,0.0023002483692009697,0.0012164317703514016,-0.0014175469049198975,0.0010354248278851745,0.014598938408922792,-1.018346772457701,0.040251500875745236,0.035817498919044566,1.4195448485277344,0.02764794177507642,0.09231871315182444
2025-12-16,0.0009117272965326309,0.0010736558012000635,0.0016168669359768412,-0.002238959258499121,0.0015032269148654667,0.01470926587230364,-0.8998887341700904,0.03706115765030238,0.031678255328355026,1.3228568144790631,0.025488783995986686,0.0994987131430459
2025-12-17,0.0013549669045093233,0.004040826557681633,0.0015748931716366747,-0.001982687623348739,0.001399112590464444,0.0154233880187539,-0.9195339943956873,0.03263557754421042,0.030982105211782726,1.2860745873092543,0.026893184315334336,0.10376399002021933
2025-12-18,0.0017516439772076215,0.005671754135265881,0.0015528996317940706,-0.001845561924261465,0.0012139742775083067,0.01636534307729464,-1.8677908629407178,0.03809588136569044,0.03577408283031294,1.6400721567716907,0.02765425628926296,0.083023712078862
2025-12-19,0.00197679559844171,0.008825089008234041,0.001371358139043098,-0.0018742498836775345,0.0018794329014691184,0.015645097952545536,-1.711737149874855,0.038396383789371304,0.03199650843964321,1.4236941469731357,0.02222979627868698,0.042957936386301715
2025-12-22,0.001305741715256115,0.007834917403214665,0.001111613936425959,-0.0015657223842344085,0.0017245774438445834,0.014508435960554265,-0.5673783001404861,0.038193858945658986,0.03388382142692551,1.2781428566733077,0.02402322397386225,0.04794144199217364
2025-12-23,0.0004834144094483561,0.010525331009425907,0.0009163607432231199,-0.001787787786299958,0.0016026624056370584,0.012778041494046646,0.09234032605432763,0.03846446842641788,0.03014583830882673,1.1368616827594398,0.02429486758667136,0.028827937130292323
2025-12-24,-0.00041252980255631743,0.007068154482406597,0.0011086176865310823,-0.001755435410224147,0.0014786675058043703,0.012484390193356844,0.19224749205404867,0.04059915585525239,0.034710553526015805,0.7354766843086022,0.01917342091222848,0.03994775000525644
2025-12-30,-0.000887560766894198,0.0026953515280727556,0.001864979411820861,-0.0040207761085328565,0.0014814241460639399,0.01163044180165626,0.7114027617222516,0.04370377268506325,0.030885756420562894,0.728971034834989,0.02154106217468065,0.05258678467416151
2025-12-31,-0.0006442908064107379,-0.0007493127851805059,0.002325128331602178,-0.002889072096784299,0.0015595688305801727,0.012526407076219152,0.22696212235695978,0.04130443758166293,0.03768091769218234,0.7939648840786646,0.024233071344581258,0.05579316479066077
2026-01-06,0.00024181988061114845,-0.0022208435786946566,0.002671398482290784,-0.00192587709534509,0.0016015754150827664,0.013916682191915173,-0.778338818661525,0.04178632851160877,0.03411354784310404,0.8597650815544101,0.02483941821400904,0.0686157554192416
2026-01-07,0.0006888040319255373,-0.006622936517023771,0.0026379372133837286,-0.0009649686482904097,0.001874442054621855,0.013910066544717105,-1.0226327412388148,0.044347447358588,0.033328410976253955,1.0745277342701474,0.02408192920091044,0.06599521966293939
2026-01-08,0.0011270508514253674,-0.004130340326772748,0.0014970693567564336,-0.0009952684034387586,0.0019373599799229163,0.014945699656725176,-1.3993738439765073,0.04126743508694961,0.03163660471403866,1.3175247815244415,0.026694204041930653,0.01708937386542887
2026-01-09,0.0021583864465091833,-0.0030845138066348367,0.0013272412865224514,-0.0019490219921390393,0.0018727313120616498,0.014341340259537948,-1.5463998672534742,0.04356883270607541,0.03789361417466732,1.6167122552144881,0.022974690890811614,0.027330937850117684
2026-01-12,0.002669600081978897,-0.0008290103208036873,0.0011282929699904312,-0.0016529410213005202,0.0021597097579798066,0.01417503745806004,-1.0708717726567847,0.048270777555551675,0.033304277093512066,1.238395075121861,0.018680084641500255,0.03320222421127462
2026-01-13,0.0011087594336091106,0.000429892693112902,0.001311571392587897,-0.0013402188617420733,0.0019304421579410763,0.013307948617505559,-1.1508595718912462,0.04689112664950815,0.034293453330893064,0.8070878158820847,0.022135056890692964,0.013217317128388618
2026-01-14,0.0019058407315965587,0.0032939146708935883,0.0010657306170330561,-0.0012937808694275074,0.001618170606541769,0.013692639748658666,-1.475664244814751,0.043021480692641105,0.031080352340728847,0.7118832882832938,0.021544558120751314,0.005430633505706587
2026-01-15,0.0022368605408894316,0.0023231556671262036,0.001701574362547266,-0.0025398562513233034,0.0019455424143321766,0.014314152562441881,-1.6469748340666275,0.04201105212657788,0.03335998574844782,0.4828006623682056,0.014439051598191267,0.004486108700052449
2026-01-16,0.000928982391604036,0.0016207068421790795,0.0013551778965307905,-0.002354510522072405,0.0019095942181487206,0.014152831585004447,-1.2481527494191034,0.0442588020253712,0.032740263608212784,0.3372332833476611,0.022984705526269553,0.014624040550416698
2026-01-21,0.0011513337840680538,0.0032948706500861985,0.001016374709093166,-0.0020540081416958052,0.001945319480288996,0.014857557074565103,-1.5969851424215218,0.0460530552192312,0.03492813591441402,1.116920818569995,0.025962148435306837,-0.0004333315267251985
2026-01-22,0.001375275330180688,0.001089552628013648,0.0007235104121701115,-0.002498094817160906,0.0020666965194815505,0.01330202754037302,0.21159218955640935,0.04345062503294325,0.029376705911332367,1.286190206371217,0.020006101762436616,-0.0684471685958602
2026-01-23,-0.000877055413646565,-0.0012801002055293931,0.0005130591237239953,-0.002260923490352749,0.001887590720659561,0.012981138409524156,0.9555466643898695,0.04495857993566761,0.0347107632514952,1.2257128531019306,0.02529903344594632,-0.2422151269227517
2026-01-26,-0.0019629499499812415,-0.0012033796568169234,0.0004996056060359155,-0.002454850800356126,0.001674441286778832,0.01202490620826713,1.1030377230273412,0.04527006907950558,0.03342600388319592,1.544711397307025,0.02551148638993927,-0.6725874305499865
2026-01-27,-0.0022907725430799785,-0.0011834996589879872,0.0006348597170146977,-0.003148252167198666,0.0011469101251342726,0.012207173737845339,0.6681705552587583,0.03737034824053284,0.03408715314430113,1.0102180406506605,0.018818732747573234,-0.6111410028444327
2026-01-28,-0.0032887774147278915,-0.004549988345761014,0.0008824670337387295,-0.002599340980082732,0.0006966102400396989,0.012121303774331148,0.31377458994576213,0.03290968026633827,0.029964235819948712,1.0629615416436933,0.022389634450843833,-0.4018935190502676
2026-01-29,-0.0028913413212232446,-0.0032798230426385614,0.0015515470201488343,-0.0023171220691219126,0.000794628584783684,0.012802789912271332,-0.8686360536000255,0.03669809492193303,0.03168371827798398,0.816839750237536,0.020585627975674287,-0.04936815895163569
2026-01-30,-0.0018017993150677679,-0.001479738262741644,0.0016880062458244803,-0.0017489655299222306,0.001532167422062978,0.013473231288925509,-1.5407412673734464,0.03507953860156182,0.030219114791262484,0.6560312104472628,0.018626424627719233,0.10037769830822456
2026-02-02,-0.0006315578222544692,0.00025367477236903175,0.0011860280814261427,-0.000842433242937886,0.001434013179722094,0.014181574036015289,-1.5979582886969317,0.032304069014142366,0.0339822849327907,0.4155050801163359,0.022248081217940224,0.4509173027527608
2026-02-03,0.0011499498008582685,0.0021990635232159244,0.0009476486570651416,-0.0011051896328078627,0.0020222839296154525,0.013975972189381642,-1.0749257759651465,0.0420447572104014,0.035093847877916376,0.3572281120175762,0.024349754757489225,0.5236761916549846
2026-02-04,0.0004569580248767707,0.0033940779911945627,0.0012860688118521014,-0.0018298840501414354,0.0024842742323749863,0.015349186369592274,-1.8001660388841745,0.04410854194426025,0.03327758348398359,1.3233047633899155,0.02609347398288787,0.4334171310195773
2026-02-05,0.0011542576226446603,0.004371371214353003,0.0009727667109603591,-0.001390587030264171,0.00194743978476134,0.015352446834773006,-1.9265702959805848,0.04007288127056115,0.034679344255878534,1.4161661100686098,0.01834869599065103,0.12506551911191094
2026-02-06,0.0022314554985039302,0.0052419470408921875,0.0012883104335956526,-0.0017090454298046222,0.0021242142256156092,0.017241121123122746,-3.2369829429901777,0.035025708234883206,0.030807168630475227,0.9116283420416018,0.022999023405542822,0.19412390577742628
2026-02-09,0.0011850067910720986,0.0017829542168754631,0.0012912803086183437,-0.0017868017147282525,0.0020039374153314983,0.014373397702591216,-1.1063087700728007,0.03464984284643739,0.035777825235897766,1.1806561370299802,0.03165615573340598,0.15030414806832515
2026-02-10,-0.001186995386940386,-0.0007349471675514286,0.0019167879148228538,-0.002262921794373374,0.001346672792997877,0.014853260323416632,-1.5217292842396195,0.03669538172785164,0.029126911933548244,0.9528236402985876,0.018390020933930523,0.14716879193982252
2026-02-11,0.00019207202917099803,0.0013262505190473034,0.002110103628171653,-0.0025038288075351863,0.001143454523194427,0.01289658086795448,-0.7309693819075349,0.02899353522397947,0.02801219592949946,0.8262970937737883,0.02166364400031303,0.1582976077242477
2026-02-12,-0.0007595583364366431,-0.0006137315217850724,0.0023483958468076137,-0.002697836055028633,0.001547508367734834,0.0135565383891626,-0.47338405317536625,0.038307208253344084,0.029822972028510815,1.0764184097557195,0.025428382848918726,0.2557654225373873
2026-02-13,-0.0004652020647887324,-0.0005049608482906001,0.0027300137547601223,-0.002610754264288328,0.0017154136919357906,0.014638289949900473,-1.0435509909447094,0.042184841027727925,0.02612724738226412,0.7945539969798514,0.02477863566971584,0.14310435565323493
2026-02-18,0.0010211472835928354,0.0034830307742627006,0.0022494024422220565,-0.0019088790864464891,0.0015398831044798674,0.015653250217528385,-2.2164188415147237,0.028705019807883002,0.029338375358882722,1.233161503889417,0.025254726053916057,0.09567018832412463
2026-02-19,0.0020372576639184764,0.004771600364540189,0.0013125999096044536,-0.0016039942505431492,0.0018426925499312084,0.016204026965078656,-2.2155411199627384,0.03714307454163395,0.028205944625112566,1.51308096053939,0.02098632221772949,0.03804643436230137
2026-02-20,0.0018135639919685048,0.00450938089823866,0.0008034283399892358,-0.0011517980610663966,0.0020992611289710724,0.015267401100703883,-2.1822725872496926,0.04109862523423587,0.027973440164644585,0.877592073780567,0.018560563911001693,0.02271693279618448
2026-02-23,0.0019767938555722954,0.00389219912308806,0.0007878178657935804,-0.00185492210691807,0.0021047915382258666,0.014331041243269678,-1.5141388669821294,0.03451549686562747,0.02765609710621765,0.5160320367018643,0.0252626916765968,0.0208710971840377
2026-02-24,0.0018616852275006577,0.0009013041083712338,0.0003296365624198688,-0.002296259519213082,0.0016542449157681447,0.01478688625500405,-1.3852113327240922,0.03606136936809579,0.02851086524278866,0.4578853633110156,0.025418344447396747,0.03193692168184987
2026-02-25,0.0014993429152277485,-0.0012270415151759344,0.0016313944978918363,-0.0023014490121076,0.0017001357212251514,0.013352558803182932,-0.6691979885812154,0.03748460335359786,0.035859988741994114,0.669423717306556,0.02304970718408037,0.03274901640639278
2026-02-26,0.0004226638102662098,-0.0011273792247366216,0.002427528564505329,-0.002903974078935637,0.0018738320698613944,0.013996748945788964,-0.3713129205244906,0.040092562074290204,0.0306965495137201,1.1338891739722572,0.023734375273323928,0.01997433037256465
2026-02-27,0.0006196737655331857,-0.0008343767950933357,0.004036494824704536,-0.0018261299254869355,0.001589090968798511,0.013380590531558906,-0.41075439914646816,0.03638810209838121,0.03011935928219483,1.3182008224318915,0.024037688103912668,0.039095443414252765
2026-03-02,0.0008566580445359541,0.000547296301743922,0.003408887268524889,-0.001276855119033411,0.0016066617425922738,0.014448642030873399,-1.2381830843051018,0.031547824690835724,0.028367296255931363,1.4067794995462193,0.0243548866125264,0.03620374960083814
2026-03-03,0.0015957408385622528,0.00451426302352783,0.002048530850986969,-0.0013103203956746474,0.0020078257622444776,0.0142934942047124,-1.420045868492239,0.043436043879369814,0.03707654255023409,1.1429629418410807,0.0175225533936135,0.03157668577302752
2026-03-04,0.0026815938045635563,0.009353187901532117,-0.0002759828960448784,0.0012432808869971257,0.0028448053308564644,0.015707727201943387,-2.9302518482655056,0.05010149613535134,0.030642111995506174,0.2813380391575466,0.008718882380732275,0.00635529861243728
2026-03-05,0.0022060478788930777,0.007556745524064885,-0.0013342442482392506,-0.0020206626368634655,0.002559696369218112,0.015118352353003352,-2.304947734859236,0.046599401562503064,0.034780899515634386,-0.46075915705438186,0.017267413754104764,0.03542820332908739
2026-03-06,0.002827190600980877,0.007883771798163564,-0.002214688696331916,-0.0011196491124328464,0.0019312107727976911,0.01589282565159815,-3.2833084957405143,0.05269751190031452,0.035704849058843496,0.02810428288302469,0.01796281479370391,0.027432892296589725
2026-03-09,0.0036069564597917144,0.009746350591556515,-0.001191675447049274,-0.0017466111411965593,0.0027376130521060207,0.015660966720807034,-4.901327100587303,0.04990923280665425,0.03780692244338462,-0.11947117653076478,0.00016306667617682624,-0.00450493999474957
2026-03-10,0.0020332181694881716,0.004363775901847986,-0.00034015284647566954,-0.0020537145750460983,0.0020443661841157744,0.015497145982943057,-2.5269625025896145,0.042914630771663104,0.03228276063463093,-1.7360595698011387,0.010587517019444518,-0.027519005677867848
2026-03-11,-0.000626643625307136,-0.0035001873549646814,0.0018094908280363482,-0.002705305155891818,0.0014992676215029653,0.01533080978108129,-1.9746288507268281,0.042305136315497316,0.036155265289251254,-2.7103700317856325,0.03287770183359579,0.009959423206345644
2026-03-12,0.00013612028526914424,-0.000269123656651514,0.002303997686781171,-0.00191318115685088,0.001777306508277698,0.01474616618789656,-1.8338235219724224,0.04578413728742557,0.03499081546720251,0.6381480620013863,0.020817809893417288,-0.023345545423202132
2026-03-13,0.001032725817854279,0.0008881557679655486,0.002246037692283473,-0.0006333730732714698,0.0021959221943620493,0.016573423752046422,-2.230683373439985,0.05545744358338278,0.034569714698867104,1.9325819316280541,0.004416809286150607,-0.03594674218898654
2026-03-16,0.003128723354136833,0.0045955816814859905,0.0012196523254780277,-0.0006267748088592832,0.0024140363840292494,0.015807977775210307,-0.247892637423487,0.05272592462310394,0.03262846561780387,0.3477220309473745,0.013125878656662083,-0.003573363735245529
2026-03-17,0.002093339820164624,0.006702332754461419,0.0011467244093093995,-0.0017364662435712713,0.0021590749609398698,0.01607445222427135,-0.25589426692769035,0.04245798721512113,0.03459192753240079,-0.7117322440132383,0.030377459222868098,0.03918810835917794
2026-03-18,0.0019995168838331913,0.006023037230162903,-0.0001260985996532658,-0.0024050590113127695,0.0019523902725448537,0.015078826385002922,0.05853140603045537,0.04414909914611691,0.03533164232335098,0.2497272631473042,0.01824545422953374,0.005791424076829626
2026-03-19,0.002639685006368289,0.004678263597935169,0.00022281151071568063,-0.001572341295846181,0.0017186784203517987,0.01562329224932475,-1.087628245487571,0.04647585387166212,0.03512925881846882,0.6524714981608554,-0.0026573114907329637,0.013589992327862978
2026-03-20,0.0030669316165016954,0.004389378260354,-0.0004919578448825306,-0.0017073814175703438,0.0019246910307921382,0.01506605607856255,0.38964867879945386,0.04370188675302359,0.026895732455556435,1.069721948062116,0.021136600000699834,0.015318512089495473
2026-03-23,0.0018444334365550455,0.0033750109097231452,0.0013735803898308077,-0.0013273590580414503,0.0012958207462301426,0.01693150413745908,-1.3034863608912208,0.04991193463032357,0.03594914248454496,1.4031238417197236,0.026240923592411803,0.03019612189711596
2026-03-24,0.0029822434159038364,0.002788303273925802,0.0013340255779606615,-0.002304686763189293,0.0011610665375463777,0.015602199320894967,-2.04004949775059,0.0512035034460868,0.027192949243381805,0.0512835261928517,0.025057796962482844,0.02587715380599285
2026-03-25,0.0042052509591994965,0.006018102040513831,0.0004283487187943326,-0.0019277602605476576,0.0013558124108979616,0.016975329540054176,-2.898434194823233,0.04952118910383179,0.04277450946872981,2.4252674620932555,0.02651386961494627,0.044482362713569396
2026-03-26,0.0037895709416491284,0.004109693270014237,-0.0004575735347785478,-0.0016173955798306548,0.0015651663098066198,0.013716829359107756,-1.0452970272911755,0.04668791812611593,0.029379771273449855,1.9527481915169433,0.02617694360667091,0.03389952363055432
2026-03-27,0.003933643057993237,0.0020949953274834268,4.6744595778795044e-05,-0.0013873379104814248,0.0016054091091142794,0.016376823160257573,-2.3556409889651326,0.046036412590559975,0.044050512470825816,1.92793127699841,0.014700348917336596,0.03556094069192196
2026-03-30,0.004391689209990337,0.0003911946642183076,-0.0008082574267324252,-0.0013122197018997546,0.0017823882153841749,0.016117573583770074,-2.8164651238010605,0.044035745222618786,0.02697245934964473,1.3075322832091185,0.02630980131775652,0.014983979337058263
2026-03-31,0.0042339797990374834,0.0027396120302526183,-0.0009725839665250756,-0.0011922260080018776,0.0021952481545318226,0.01847638126505528,-2.872633281778084,0.029607171625503116,0.030665216207144505,-0.47476965052887365,0.012858712304463532,0.019204826119702624
2026-04-01,0.003694647245294878,0.0008860855743997426,0.0003686420685161855,-0.0012818080913241227,0.0021178722717577064,0.01483155607333083,-0.3828395515824137,0.03100990207207689,0.028697870634955453,-0.8891203313816534,0.01946435112698389,0.01540605431811381
2026-04-02,0.0016877113777636506,-0.00023208965103966358,0.0022862475950048743,-0.0023127148061935967,0.0012593848099400585,0.014056196942865468,-0.5012289073124951,0.033974965123910406,0.03404745207496662,-0.24225774835661662,0.022896599949789945,0.0035252615343630347
2026-04-08,0.0014840686867835132,-0.0007602474794989145,0.002346886409549189,-0.0023855121513366552,0.0012832805520925576,0.010996125782778702,0.9644527812196005,0.028114697592770514,0.02468527174068058,1.4334446781297032,0.017721194921614433,0.026512217153930262
2026-04-09,-0.0006251164578235824,-0.0036624019101379715,0.0037578718959473565,-0.003799593954218108,0.0014645363815702364,0.008171543940366392,4.079898440878008,0.034457881183077556,0.0269675062663927,-2.2483008256735992,0.028184064462468638,0.05630587031415582
2026-04-10,-0.0018388329002860563,-0.005619063148636486,0.0034750461089958578,-0.0033099006280277454,0.0001724718417598014,0.008135520482058727,4.085197148120897,0.03800292885199808,0.0308103811903002,2.4782977498765724,0.035432200694853797,0.04924948949123499
2026-04-13,-0.0011974969513395882,-0.006359236854447564,0.002946098513101327,-0.0020920179156711212,0.000554787499896389,0.009052988482328876,2.4850347608245715,0.041825972105893984,0.032856553879931305,2.42585793058932,0.031977802666845086,0.06391925852067987
2026-04-14,0.0007381948060243256,-0.0038444373698231656,0.0016427706789861815,-0.0019078699598416731,0.001286399345877572,0.009835539279262676,2.06750640215267,0.039900969099211314,0.03015436052944264,2.5026477960049824,0.019588145979667498,0.051456620056850616
2026-04-15,-0.0011212415705536764,-0.005612581595750725,0.0027396108518954426,-0.002874565096291059,0.0006317841243392838,0.009445485050511215,1.8216634241311414,0.03698401600721664,0.029998836808958037,1.138261863278781,0.04048237819440637,0.030887562498522182
2026-04-16,-0.00021844235759087781,-0.0020908218917983297,0.0013722268709581624,-0.00245728072400046,0.0006818187861580816,0.009904423870087565,0.16720998356583183,0.03987831458086196,0.034615295826260425,1.8179703742245998,0.03703535957844528,0.004775134334918827
2026-04-17,0.0002938670841802643,-0.00037076370128665426,0.0014170225449251393,-0.002132797957083629,0.001071802576478378,0.010221906493779381,-0.245564271969137,0.04186742972210663,0.03283939942893315,2.9300849293327094,0.03019664939430591,0.008091396909746513
2026-04-20,3.503083536286278e-05,0.0009044473756091142,0.001381022317351268,-0.00308522548432311,0.0012978766223914425,0.009412599034407205,-0.17688893685373352,0.03572330689669334,0.029427260019599787,0.10838159305482731,0.02868734442503041,0.0016726774301995167
2026-04-21,0.00012649193176013482,0.0009599909715192478,0.0013505245468908105,-0.0021974438157740792,0.0009346393611305727,0.01088689079548203,-0.89643751840361,0.03540076078617057,0.033517150303284796,3.3293636728966134,0.04055122799693971,0.006778702937626357
2026-04-22,0.0014444295199110041,0.0014035027448569637,0.0005332339057524796,-0.0017174510630692805,0.0015123303351141002,0.01182127277610287,-1.3713081839764283,0.045663157238138505,0.03424309291426726,2.551784258284374,0.02224658828523564,0.01080799806105463
2026-04-23,0.0018475515628136163,0.0012552288150634017,0.0003083633196035734,-0.0018342485976782514,0.0017782641464937558,0.01216898080164722,-1.2600746877120321,0.04561966459802338,0.03216988998008253,1.5899304038310775,0.024795516720525313,0.011669504325710836
2026-04-24,0.0019833912917539497,0.0007466434046433414,0.0004185409712147555,-0.0020991340643517938,0.0017122763134136288,0.013084011803991578,-1.5226738394679484,0.04631411580705796,0.03354043246228064,2.091926370832835,0.0446835754111012,0.02784332222914993
2026-04-27,0.00233090355195537,0.003844340972302552,-0.00027230215253551686,-0.002368425323534177,0.0016634806038714135,0.012104617566896066,-1.247254650894707,0.0468496553009451,0.03199101373527902,0.3936170873025988,0.03017034840480508,0.037202054163438046
2026-04-28,0.001341777456629358,0.00285231979870852,0.00039854742075726667,-0.0025048550702455666,0.0015050358578244482,0.012805866852925398,-0.510804189613054,0.0418465420141512,0.0383395189930281,1.0789076568377238,0.02921452335154102,0.022747812001993797
2026-04-29,0.001322330415670006,0.004565788094274681,-8.032189796635379e-05,-0.0024353237893794746,0.0014764093542565656,0.012224318094884773,-0.2263977134191506,0.04730765205715725,0.03260943840084569,1.673568159586302,0.0217815769459044,0.011812180970725655
2026-04-30,0.0024971094545024348,0.004778200409160079,0.0002588571939088313,-0.0014729563731631066,0.0015123117500553077,0.013328174608594763,-0.84028281808914,0.05288364918825417,0.03811517765566376,2.013277472696964,0.028009158512954876,0.025039287008797505
2026-05-01,0.0014790825590364964,0.004512217396168493,0.0006523956097171809,-0.002339217103394432,0.0013813395196484533,0.012422596771871543,0.1265367840153243,0.047489767915469445,0.03132317644404277,0.1881152614264161,0.030727109504214256,0.012835928601223744
2026-05-06,0.00035619739876651996,0.000758430549631226,0.0010764508199788587,-0.0023779091285657675,0.0010969905289209875,0.01250928177356041,-0.30931913350850504,0.045307905040393996,0.03700510129505878,-0.03690679689265908,0.03326975240701294,-0.001504292425910078
2026-05-07,0.0003845820367506913,0.0029086773840308875,0.0014857778467267284,-0.004085322802153502,0.0010941504734557688,0.010676276553759766,-0.40166493062881564,0.04315066759246973,0.030751267937791336,0.15994433550719855,0.033551021921453816,0.030315266594774258
2026-05-08,0.00035787924780071286,0.0024317694879138494,0.0027098568233989494,-0.002886151604805702,0.0009594176415057019,0.01142209823251948,-0.3778372608841606,0.040538847031501006,0.03751101097474079,2.2178811488723973,0.02816468338954432,0.03707977197855655
2026-05-11,-0.00021232492797813862,0.0009922189989716068,0.0028649216709424113,-0.002259085445745747,0.0010445882153389547,0.010220712549945065,-0.31001247414505406,0.04096567886346238,0.027179243200028066,2.7803790138939584,0.02701742259465113,0.014739652474794578
2026-05-12,0.0003931194327808031,0.0015532509125678455,0.002689263186010677,-0.0014954113307734237,0.0011705094476422272,0.012123051836660384,-1.4810784318306416,0.041040261657453454,0.033649092743982964,2.604341925290554,0.032583462443075625,0.006171248120466641
2026-05-13,0.0015578373355798405,0.0031146280079119,0.0026628892977501456,-0.000707396643638773,0.0013374822398459535,0.0117608353442976,-1.2648532340570107,0.04994569273860282,0.030932166283340636,2.1978811028375853,0.0367346935395225,-0.009669086991290845
2026-05-14,0.0016499534821593576,0.002720121486028053,0.0018899119520803134,-0.000871400616568527,0.0018896647994890235,0.013081779988151375,-1.2907260032015166,0.04765903620652611,0.03470817879156018,0.8008532332823438,0.02937571694814311,-0.01480582034441269
2026-05-15,0.002161891627152535,0.006210210884733682,0.0017158971377627167,-0.0012761915699136175,0.001929306045076348,0.012031689260220479,-1.0429197939374726,0.04536064262777366,0.03419782245262058,1.0106849594666967,0.029187645627064395,-0.004710353465126952
2026-05-18,0.003911380776548803,0.013072212200793897,0.0004730447353252254,-0.0011834042500334897,0.0021525621636225836,0.01376903173553417,-1.492659286192454,0.05398785037323005,0.0393957665566216,1.4505724116306873,0.024031209967838463,-0.008512592055995687
2026-05-19,0.0041059613260444406,0.010403636608812727,0.00051474659662928,-0.0017192768299947657,0.002349282643833861,0.013964393734472395,-0.765816359959955,0.050385029739574184,0.033946964846642926,1.150027978003784,0.021026120323426777,-0.027363935072869824
2026-05-20,0.004134619468355443,0.010444354724050843,-0.00046183588391144345,-0.0012695784692839298,0.0019388316763907182,0.015506291172531331,-1.1285511422753525,0.047820860495690114,0.039121028548259114,0.9064647750881567,0.03066112347801498,-0.04132161197113486
2026-05-21,0.003953375443905037,0.009407735500988225,0.00014817236122837254,-0.0020616067587171556,0.002152719850429673,0.014177750653062845,-0.8215265276974899,0.04693411338419828,0.032799418039670784,0.11516879970238514,0.03335420227521393,-0.03718523891421522
2026-05-22,0.003242029238897144,0.004758231805656514,9.236253528718884e-06,-0.0015191417028285732,0.00191300169484175,0.01526743837909782,-0.7540168018555815,0.039906961080280995,0.0411177613016513,1.8309651269296898,0.030680930489311902,-0.0352285973017628
2026-05-27,0.0023648740790398427,0.0010252259225739823,0.0015526335831486137,-0.0013128031448954255,0.0017308881617868466,0.01268832248968545,-0.3160113292026233,0.04827019686765908,0.03089068964594882,2.54325224911861,0.0266662055568716,0.008985862068882366
2026-05-28,0.003016452783725001,0.006336958368441535,0.00162509056363542,-0.0018975543545006756,0.0017572213917130166,0.013245887057748509,-0.20987263481058427,0.04376360837841588,0.03144282238545357,2.180380034460552,0.03340658672649612,0.028192074889480386
2026-05-29,0.0016219751069714297,0.0040491747158128925,0.0022108375907451175,-0.0023134658646798132,0.0013824925760773704,0.01176268945079685,0.027636013863842068,0.04092182635846873,0.027141382396173964,3.0700805406203955,0.040377524577194776,0.051851591507650945
2026-06-01,0.0016244749621183293,0.005536831069481403,0.002250647812099296,-0.0016601500056946776,0.0014498556046935245,0.012847817192981248,-0.021871603601751666,0.044119030451857076,0.03172515570353116,2.0959190741040175,0.033543136319203797,0.0068952662159889825
2026-06-02,0.002066977589575066,0.005031428963375291,0.0023637431358166927,-0.0013555582981063098,0.0013321381821216408,0.012434247307002,-0.6081279700717335,0.04613380735078143,0.03107912998512908,2.4609622521663908,0.026836194154129772,0.028943381709772006
2026-06-03,0.0017626377352102471,0.0027067327278369135,0.0021456437048069142,-0.001391299657812889,0.001733359852040843,0.012920777903436079,-0.5296528841197693,0.046893108637153444,0.0302263541952765,1.8113926483633886,0.03109897605479533,0.02446740091247925
2026-06-04,0.0019520352015874815,0.0026042681484276906,0.001458512151459887,-0.0015529890382675912,0.0015418475370034099,0.013625876577317128,-1.0065811806809575,0.04533132956869402,0.033143294508684425,1.2069482517068868,0.03126264281289293,0.03256143356182578
2026-06-05,0.0025100847939800238,0.0047516650507919925,0.0011096689114002843,-0.00093448495483453,0.0017263660839071052,0.013831159535177264,-0.8670216168326382,0.04648083938446891,0.031622228093279914,0.7226939289920007,0.03149889600961346,0.002836808020615488
2026-06-08,0.004439066621623588,0.008021516840166559,0.0007731174965308904,-3.532382625556123e-05,0.0020567044143402977,0.017231528600316005,-3.6901069585489683,0.050684653282437944,0.03715295490772927,0.9039867599741587,0.026758083280998084,0.03208947232763369
2026-06-09,0.004128758988091855,0.011164025259071555,-0.0001380072126979956,-0.0022586370425491044,0.002215108712418081,0.016424108005959445,-2.088215881076023,0.05262833715234293,0.0316975241819734,1.8541505101317894,0.02918549149995651,-0.00031373086755155134
2026-06-10,0.0047011437171038725,0.011908992452352475,0.0003618732672907442,-0.002573426625687391,0.0018563628105392426,0.018276662512005822,-3.025764813705913,0.04492883284192173,0.03674584438945411,1.9480639942475269,0.027415122658610964,-0.01982097326081111
2026-06-11,0.00391856697306331,0.009946913764167462,0.0005442493073897117,-0.0037787070050050906,0.0015091096985597415,0.017301820840169048,-3.4230240284274376,0.048756663059250964,0.037362480731722,2.5603677030459098,0.0328339960501786,-0.031753618633884546
2026-06-12,0.004473195296113843,0.007512793819792374,0.0007212714149574812,-0.001991920811051426,0.0021064231316467443,0.016151524255536728,-2.284176956154404,0.0420742272037279,0.03364430448963494,1.9975676067255002,0.03075426619627803,-0.006176254326952265
2026-06-15,0.0021069402445707736,-0.00020034299537483686,0.0011189833165643715,-0.0035896820597686365,0.0014712044629076714,0.014934360668844468,0.2743143219379144,0.03703808782737743,0.03676544072628075,1.8712292646598845,0.03454402083870964,0.008120652536633598
2026-06-16,0.0010719465878990821,-0.0027329163036187414,0.002175180964916962,-0.002998332972508102,0.00100991323652182,0.01173386454435885,0.3090118896000825,0.04338657108991729,0.030082784542536045,2.355705217552509,0.03854848392103578,0.016242122815143468
2026-06-17,0.0008774737444804444,-0.0017991378874858289,0.00184976193544464,-0.0037042969610522726,0.0011168549163044052,0.013128494501610792,0.5387077077531467,0.03727440796352898,0.03231413157421853,2.533786456916074,0.03329924400938469,0.01625070948170218
2026-06-18,0.0012400112116632217,-0.0021065751994059495,0.0018996885897256065,-0.002448774882106272,0.0013259435511317138,0.012391190019017253,0.315979565801605,0.05119885465647005,0.0335023810229138,3.4156013269227765,0.034978751562675034,0.0035306210795783884
2026-06-23,0.0019262104589748586,0.004246060562616631,0.0012541034055566836,-0.0005716440391193036,0.00155419122971774,0.013796461993011194,0.12141161924934185,0.05839204234322591,0.0326035962313697,3.0165114466752208,0.034210449049493705,0.010704580679178805
2026-06-24,0.0043147795805091455,0.011370889073898254,-0.0002487013548927425,-0.0012450929583253298,0.0024940347495095196,0.015898927320072434,-1.6742008034241118,0.041688612215797026,0.034992063942750756,2.4781132870585556,0.035870391678954894,0.007158597454156523
2026-06-25,0.005357792448875455,0.013383935689812495,-0.001679369983937537,-0.0008163897061140605,0.0024461163297677144,0.015481811430970388,-1.4899621304196975,0.04228341307526749,0.030961288858905596,2.5815626550493604,0.037677080079896764,0.003892737392866325
2026-06-26,0.004252985902143625,0.010393894550176912,-0.0012640099377136658,-0.0017081984913434542,0.002341482067508129,0.016612114269405488,-1.7060394382045945,0.040735389332314846,0.03637737092636886,2.617033648225086,0.03050111784704654,0.0016958901460305872
2026-06-29,0.004111826846109073,0.009899990272127294,-0.0011078709593745732,-0.0022779850220136784,0.002127301103371936,0.014961422909399997,-0.7129013043343038,0.03348061371523872,0.029640377578423818,2.4409678947313647,0.031094585455292312,0.010305699488088044
2026-06-30,0.003925688829012031,0.005628063284464382,-5.658464072555295e-05,-0.0021875130151555516,0.0014974998528016375,0.014602129668980786,-1.0592084278499114,0.03708814450825894,0.03149515153433324,2.6161403265883427,0.032570255279824184,-0.015290038320409705
2026-07-01,0.0022241097703120574,0.0028781103810669884,0.0012950303021327576,-0.0016078699987736155,0.0013285922972669363,0.013128187624702125,0.18959916218767103,0.04602602735742471,0.032015692781270345,1.9361025218923738,0.032332437230930614,-0.017520220942993495
2026-07-02,0.0017002600309064862,0.0028585450966978868,0.0017537030356191106,-0.0016517714621716324,0.0012687780941455095,0.012669006442712299,-0.1797681486619852,0.049475667984516185,0.034286385060347896,1.6848171173059119,0.029285507453642265,-0.011621244770825302
2026-07-07,0.0017155121240508243,0.005024345172208935,0.0014134419731767504,-0.0029958835630530542,0.0013723558917137437,0.012920615651722079,0.10037782796415018,0.04827975063925658,0.035664361157111975,1.9762755188180379,0.03536563230453995,-0.007788614243870506
2026-07-08,0.0016287616692105434,0.005718118230854639,0.0014423626951208146,-0.004070931254797202,0.000985021396181516,0.013901743892859943,-0.43800344076912656,0.050639042440236544,0.03975208395441761,1.7508593264065975,0.024554605887981213,0.017149472174340933
2026-07-09,0.0018897804433342317,0.005111453357139589,0.0007818033044724694,-0.0039876890109088545,0.0014698553853891058,0.014730187601307886,-1.0371023364531418,0.05443928287164415,0.03803193075654291,1.6579984560651289,0.023112873153643354,0.026935073284083882
2026-07-10,0.001789146403023256,0.003922457843856422,0.0009348663359149567,-0.0036341641102445215,0.001542431376536624,0.014762823197858098,-1.0172489922644783,0.044673617609843064,0.03799424804586746,1.0089875577573866,0.028255647567342168,0.02110867264162482
2026-07-13,0.0010087635997214532,0.0010345429724774153,0.0020407841198897413,-0.0037181804798187877,0.0008576748739272856,0.01424656635649023,-0.6864146941097411,0.046493075953017875,0.038159299177303416,1.1005024815097428,0.03235823496752893,0.07510545993191464
2026-07-14,0.0016173044217529184,0.0013505466920714596,0.0017849959197057585,-0.0038575688223516794,0.001298883025131335,0.01412282181896614,-1.6414221246158687,0.0555928230676347,0.03711758885309891,1.2746261971350081,0.015965674178534423,0.06929798697091584
2026-07-15,0.00099453177567562,-0.0004540175941450575,0.002280005494532272,-0.00345023730189728,0.0014801446529425946,0.013590435237538898,-1.0755058281518224,0.044953453763312064,0.032310969947245693,0.5242886144323196,0.011422343941514488,0.05617096287398346
2026-07-16,-7.722065707664095e-05,-0.0012950130634760927,0.0026734142138276273,-0.0032768228629044597,0.0009193310163460745,0.0138312010123773,-0.6912931349472733,0.03750591260679759,0.03490878821668968,0.49300657988784713,0.028467110833819184,0.04298387274540833
2026-07-17,0.00040686849111571397,0.0015085694492038158,0.001891790305258103,-0.003682932780254812,0.0011802167661237473,0.014236495773983674,-1.4140119636737452,0.04421799655618905,0.03538766720896495,0.4108574939824866,0.027616687402582732,0.04175608554707498
2026-07-20,0.0012410530355991358,0.003162816178518426,0.0009914144451208464,-0.0025617660614468745,0.0012879234725738063,0.015373635332107114,-2.431830473270654,0.04407565674475014,0.03290024063792316,0.6433889066963457,0.014662623460925313,0.002910339913338057
2026-07-21,0.0005854011452984425,0.0015214887646540418,0.001407198302959899,-0.0032871351744778155,0.0011702033543180372,0.01536855253706076,-1.7198116842501303,0.04391251634227122,0.03392443555411353,0.8808185482478069,0.0173259726100537,0.010276125239897982
2026-07-22,0.0009209882812407188,0.002703354688180292,0.0010475303115261246,-0.0027924170471971574,0.001420662089924058,0.015064113623508636,-1.3445340240319443,0.052724184628173375,0.03286133199632207,0.8432984727870533,0.02050291837846317,0.0009819941362141388
2026-07-23,0.0014893758379862323,0.0017499406330651487,0.0007604071622627187,-0.003125064526956991,0.0013152286235522568,0.015073807407964282,-1.3231704106069673,0.057979833810573506,0.03627296328742687,0.741096332616691,0.022720679726999513,-0.013244780556121117
2026-07-24,0.0021466233450232234,0.0022549713358637593,0.0010560959736888825,-0.0027970006955563573,0.001449454599647384,0.015169797187211974,-1.6857042709675965,0.059833799912339586,0.03590407742351068,0.6450990797311228,0.01618756299248173,-0.010098859444939594
2026-07-27,0.0014582776613347702,0.0008669928380752227,0.0009946889252847083,-0.0038628256209762967,0.0016755981705588133,0.014835861025476635,-0.9451188815544717,0.05609579196961578,0.036273038040555504,0.15219830666467926,0.01904108777052836,-0.010590545607028158
