,audusd,brlusd,cnyusd,krwusd,eurusd,sp500,vix,us2y,us10y,wti,brent,henry_hub
2023-07-26,0.005770010875109238,0.009963000696199879,0.003889324105865953,0.0006512469703438255,0.004636755567012259,0.008805833686275952,-0.3547546239049901,-0.023130425144837048,-0.025403476337204647,0.19272676448027054,0.02804950870968385,0.01564455690168727
2023-07-27,0.00694183200945834,0.009320909316351843,0.0036841180797487,0.0005375176581916561,0.0057783910560994176,0.011912663243267924,-0.47348993928198563,-0.012823946854725932,-0.022131462001024296,0.4551821911826495,0.027287905070023988,0.0032222579134520194
2023-07-28,0.007381050505795809,0.005313360589966112,0.004336348256362344,-0.000921913268070158,0.007731184984345075,0.010580456747146407,-1.130633224986719,-0.008916364780138193,-0.028808076160702377,0.09296607648359734,0.027241568731883707,0.026501584127633458
2023-07-31,0.008829387777850632,0.006619046802996268,0.005319587089659464,0.0036520044119659283,0.008522396583900606,0.013370038746054871,-1.3999197155567893,-0.04472915371557987,-0.05252247831391006,-0.19480269558813235,0.019806442890254686,0.016008772631402705
2023-08-01,0.005107126681769562,0.003529319389059706,0.005127504735772412,0.0008360559493304728,0.005947530895127291,0.014836523520947349,-1.2346493105561378,-0.008262354521111043,-0.015230886761659691,0.07004880558729254,0.0239017461073448,0.061715758554085606
2023-08-02,0.010000737482955496,0.008909256359721845,0.00460912054668616,0.000315878726201516,0.008368157527222184,0.008711940556949401,-1.4415624605454016,0.011248392660429216,-6.295387070414521e-05,0.06377147937521865,0.035758281346215316,0.10735639495453402
2023-08-03,0.009645895725829925,0.007549841221794248,0.003782142960977508,0.0004295349095745482,0.006961991062534026,0.009508380139116233,-1.3679954692856875,-0.0012152324757212264,0.006764031091116675,1.0027255956588859,0.040002302498888254,0.12093795864574682
2023-08-04,0.008685879670837482,0.008249377569089278,0.00274894296521558,0.000935409258975703,0.007727295869381974,0.006258104621347888,-0.7994008785794057,-0.007623871968090695,-0.012675844227826189,0.60656279059568,0.05269480112872791,0.030338413102893327
2023-08-07,0.007866701744408611,0.0068606078740765155,0.0031344818152651993,0.0050128250144116674,0.009801045885515603,0.008649164318808703,-0.5867547806683651,-0.01310743348463584,-0.006153105083204645,0.983341930508363,0.05173878064898774,-0.005061185418572134
2023-08-08,0.009945653104005503,0.005857530894209624,0.003694112612232632,0.0014371759144437004,0.009993020869327554,0.011604504558431195,-0.8655804701956057,-0.0003712884473119696,0.013243566027281998,0.24204557651097675,0.03531017853187653,-0.0035204977609743842
2023-08-09,0.007606251092711435,0.0017536911285954914,0.0030647264142204707,0.0004146962999166699,0.00886762876335975,0.014312371774245908,-1.413094320723394,-0.007432610033361688,0.00012211872900051192,0.5333532834328658,0.02738844830373112,-0.012223483402478579
2023-08-10,0.006930779314593103,5.943624712575709e-05,0.003620913255798,0.0023735012318316447,0.008294892543022138,0.01283105883907184,-1.0733045435869086,-0.0076645828077275754,-0.011917908266789757,-0.10628950635988543,0.022758091184060667,-0.013426005228018876
2023-08-11,0.003954867921432935,0.0007964300708362898,0.00397287540865321,0.004092474458334903,0.006604100136937181,0.013139189981676746,-1.160243505712197,-0.0007942511153784283,-0.026854208547069013,-0.7283276940741708,0.004647558464081459,0.0650082282030484
2023-08-14,0.006304017015754126,0.0017630627118570882,0.0037794973070110383,0.00153198502504668,0.006873849614371045,0.012494427020455764,-1.0595287893043959,-0.00070790807527037,-0.016381427406955147,-0.5395107402288857,0.007588649027223781,0.12115594269537273
2023-08-15,0.006672235755740273,0.007411561126153579,0.0036059261198208245,0.0007761216123111383,0.006270428674684804,0.005906477230226805,-0.5258204934102693,0.0003123525345911371,-0.0066477605686649285,0.0801257781397654,0.021009603303995667,0.06222502978847019
2023-08-16,0.006768495264510672,0.008155974737876189,0.0037835975387251423,0.001218038490801189,0.005504237538949894,0.007516822385589372,-0.6691671228516163,-0.009551867975916055,-0.0019204752805814986,0.770373820095539,0.031012937213955667,0.039827222677756485
2023-08-17,0.00909027650869699,0.008684835357247248,0.003563012822541746,0.001659274651674882,0.007202128899556139,0.006653262175698435,-0.130550319608704,-0.0036726507736394437,-0.0095670746307284,1.3332515098174116,0.03589120490736444,0.011629066548772594
2023-08-18,0.010601766555781824,0.011020945179165601,0.004759540144722123,0.0020724017575774563,0.009795956989125783,0.007847341038423772,-0.43092806999417926,-0.01710394907403092,-0.01763657343988509,0.7117747493086775,0.03731600290524316,0.0018011556627799794
2023-08-21,0.011221652667714327,0.007928083505314014,0.00591070552415402,0.0047588022987174565,0.010367958064297663,0.009848852384228305,-0.6759636863592547,-0.01570513804028998,-0.02367750056328547,0.27924415508771655,0.027241100731728654,0.025447190405072307
2023-08-22,0.010014033879003547,0.004462321345346443,0.005710881211017641,0.0051441565108573655,0.009157929371208713,0.011525511978211674,-0.9625705767795281,0.0051046707983779145,-0.01963016332842025,-0.23344987215952928,0.01240668287034365,0.05038301319078527
2023-08-23,0.0044345266168090355,0.0033586238734752633,0.003838585707650596,0.0008853388456991782,0.006881620029970076,0.00594501764855573,-0.6278358008221241,0.00848923764638183,0.013948182974975357,-0.24870070864350835,0.012328854868627292,0.09329560713689924
2023-08-24,0.004631835422717894,0.0059598971402785896,0.004459862081040738,0.003857917569735718,0.006272117419952977,0.00963284333154586,-0.8941610176026393,0.011614185273678955,0.035057945677920685,-0.2918211205776786,0.0026467016533016485,0.09731755767075331
2023-08-25,0.004797086751886913,0.006262279662597539,0.003256735669913705,-0.0014179133384315508,0.004321634538075201,0.008287244827351785,-1.306271989837321,0.032435999841137396,0.05009469194151226,-0.37522166871027507,0.007370101789078593,0.07314433658793665
2023-08-30,0.006171990762938314,0.010218564552971711,0.003034664876732742,0.0004961560797766131,0.0064471066621596945,0.002131197370822472,-0.07570859034898964,0.026555037953760838,0.036598468492737,-0.14884545643358615,0.011522919024588602,0.031737337252720606
2023-08-31,0.00641583696021429,0.007794770155720474,0.0026078439237112484,0.002651018885913244,0.005680292708191738,0.003075628174597906,-0.401612472292083,0.023550288447823923,0.025298944900194055,-0.12791026108879844,0.01506652028318718,0.05244900054292827
2023-09-01,0.005847849900990031,0.004567201863362242,0.0018386644872885587,-0.0010877390900414117,0.003917754955023048,0.005271178953127552,-0.8886411190553991,0.01678527552691443,0.03518168374738915,-0.015287634254302351,0.02509830297059252,0.023285541494077397
2023-09-06,0.005685152141189107,0.0020144831821900184,0.00025902448336977244,-0.0014247296550049199,0.003477543435680172,0.00392577458868567,-0.2605382505250815,0.013446418329603364,0.030130768216810794,0.0032082035241962625,0.021262612378699287,0.0034018067405640106
2023-09-07,0.002414161430093328,-0.002998863232715294,0.0009230767194936494,-0.0002893058432236137,0.002245629687409011,-0.00047160981517060593,-0.04126074014252795,0.007557163227423315,0.013093648377824143,-0.45259374102060435,0.011025377916908843,0.035452959074804835
2023-09-08,0.0022531667873115667,-0.002322172216825045,0.002175126813746293,5.7088535121839696e-05,0.0024818103835467977,0.005619834336550434,0.2809868925148424,0.013214142199791001,0.034839033519367055,0.0901627528642277,0.011923433917822948,0.02786432087242485
2023-09-11,0.004708298416257592,0.005717775348558837,0.0031651330440078842,-0.0006450060753318791,0.003772577333956539,0.006297909531835863,-0.1328496994185761,0.009022630964030335,0.03426995311361344,0.14841190811222038,0.02325883754576907,-0.031327638471314076
2023-09-12,0.005545668107211815,0.014069400791952503,0.0035321067660567403,0.002480159593023179,0.0052521623393638976,0.010074692083258091,-0.23407356677450647,-0.028711789382814004,-0.008606143170409388,0.4516758195612054,0.028799053319178904,-0.06607931182213952
2023-09-13,0.002695320762607961,0.01588244812430292,0.002832206114546224,-0.0005737724570482123,0.00450809471628574,0.0052266690121503135,-0.08774854319424014,-0.023346859629505355,-0.007056512510255318,0.35187544992715036,0.020145148847801816,-0.11587881962028834
2023-09-14,0.0013946306644843378,0.013030222994854632,0.0033563939977382905,0.001796225641016982,0.005213083988597057,0.00787455548485897,-0.3842789592308017,-0.01901361717783545,-0.00833297592542883,0.0037897499022780945,0.01018153437016103,-0.026195493706647043
2023-09-15,0.0019283839482169426,0.009233895574587137,0.003675778886289264,-0.002136037588861751,0.006696478370832074,0.007361190202557122,-0.6548339818645188,-0.004869216414452919,-0.00017404857875576163,-0.9788543206956416,0.01330793996191698,0.05381157263645007
2023-09-18,-0.0021493271908826143,0.0024517203825061952,0.002345898284595105,-0.0031448736522801304,0.004934060695926261,0.011928310628476003,-1.4743984746476002,-0.0014419094260894674,-0.009163043127375856,-1.8853571110451695,-0.0038221165717750583,0.14034099531675592
2023-09-19,-0.00290848486751567,-0.0017740635536631813,0.002458279788929299,-0.0019044853608512773,0.003192391136567108,0.010473237369624733,-1.322720299564142,-0.0026294777136182806,-0.0006980161925414924,-1.5221267922369277,-0.008292546355194323,0.18624666368809203
2023-09-20,-0.0026669133688465066,-0.0034978577972533337,0.0020988031947792927,-0.0024065660005079055,0.0029757802171873488,0.009158331581670075,-1.1062105700702494,0.0038654896280176897,0.00794120932014647,-1.8698312811833215,-0.005575894460137908,0.17122243043444302
2023-09-21,-0.003406030757261512,-0.0013681956074380619,0.0015955579851836062,-0.0009203374638171314,0.0018454624967054556,0.011863255266340144,-1.4461169417717123,-0.018261676596582274,0.0010131202639843094,-1.2764738293978812,-0.008346414001075945,0.1329177390914551
2023-09-22,-0.0022171008019097795,-0.0026901264335958625,0.0009892375416843022,-0.003865440523579703,-0.0005678891573448221,0.012238626122984842,-1.7369681290848213,-0.004931129815985716,0.014091694375833033,-0.3829645019883311,0.008570731696079352,0.08288552809746386
2023-09-25,0.0010894379532042306,0.0023727472130376757,0.0012165423481180445,0.00017534796589463615,0.002235077570896624,0.005814796765313813,-0.5272454410412096,-0.02088344012407175,0.005448330647221918,1.0897566952721522,0.022300962293742968,0.021658417240385617
2023-09-26,0.002281584448853142,0.005716609900295878,0.0013589623349657108,-0.0012853490212092972,0.0009771770387313875,0.006002709984075542,-0.6627460979061897,0.011560361090495066,0.02724883168782951,0.8946810081259676,0.02169591508874763,0.03222879496009482
2023-09-27,3.227095092240683e-05,-0.0017564908572760332,0.0009496197243881721,0.00021889471013739113,-0.0007939664935942767,0.0037363610085183714,-0.7636618910538553,-0.007259834511944237,0.005447449077251502,1.803317394845637,0.020608888757240505,0.07743846240639467
2023-09-28,0.0014196930582409564,-0.002905590247932564,0.00159075491553367,-0.00044792859984961074,-0.0001967931667702155,-5.8232072130154355e-05,0.15660077493777347,0.010001118182565261,0.01458633445484667,1.4871629450477792,0.022494707489374856,0.025967085162221556
2023-09-29,-0.0006347597173527996,0.0007717681581312148,0.0020424003629803513,0.003945158362124806,-0.0012755998237665475,0.0031935488552726375,0.10074588085788527,0.011655064583451738,0.008990719040345114,1.1273407738746473,0.005073328282504234,0.03335801971871292
2023-10-02,-0.001942146576472034,0.003320065518508291,0.00219373795238953,0.0005484588816260451,-0.0013572894818304128,0.006177658648198575,-0.4680062102909965,0.018646476016744358,0.017445892607887183,1.8625898673296302,0.007520792598751197,0.01756442095476136
2023-10-03,0.0017277992565055374,0.010818511041733288,0.0017128834015793,-0.0022054950657808725,-0.0019168173882322874,0.002465371604135061,0.1334189220260068,0.01811088920746673,0.008163530767095131,2.167774653206728,0.021581069804155785,-0.08121280413966467
2023-10-04,0.0041500106485411045,0.014634578819590252,0.0006246063493088792,-0.002278752191017234,0.00025642033442567816,0.0019621210446266915,-0.5912607357314221,0.0050523423186437655,-0.0065947996547384875,2.0703943675568355,0.037015184729572444,-0.12127242678811756
2023-10-05,0.003447904873125517,0.019866633521905066,0.0006873192470114476,0.001750689631140907,0.002647899390201186,0.007163516275705143,-0.3200089935051748,0.01080062093775141,0.004762293674406658,2.5174106069018998,0.02692574327594581,-0.15534542291449294
2023-10-06,0.003426616424265766,0.013511508775900658,0.00024478063538420147,-0.001572937117778585,0.0016646910999519862,0.007905593071076772,-0.5189288163049104,0.022789969134915666,0.02543578139700398,2.2658660111486264,0.033197119749484846,-0.0861635381697574
2023-10-11,0.004845099532728328,0.010914812427799157,0.0006983256134283798,0.001113283544296904,0.0034819863802566316,0.00861827159578401,-0.5933739767390658,0.021616141304852673,0.012307966607419226,0.5925988330991369,0.02878409188641628,-0.000328842034487522
2023-10-12,0.003356646735063279,0.002711702446178228,0.0012361426721424912,-0.0009578088200072727,0.0034861695568802094,0.013983559635491869,-1.6358027610215,0.021956239534030753,0.018775795111857292,0.5313374247024022,0.022265474749739327,0.14515594196498244
2023-10-13,0.004871095866045759,0.003963357102101683,0.001965073023413986,-0.0030941293870921866,0.0022111283651397454,0.014335576130617108,-2.133129638069728,0.0482942146056011,0.029324000269032126,-0.137511515187127,0.020783037581225995,0.181524872761877
2023-10-16,0.004788095288716684,0.009157296184054184,0.001558326818091023,-0.0018760023692880993,0.0022434717516698656,0.012042768660666942,-2.0752007248046227,0.012183610508810507,0.01834646349467177,0.0698761475491354,0.035889087822015456,0.1976722499404316
2023-10-17,0.0023028026804717194,0.009256031182827655,0.0016187999922549414,0.0025843157217840806,0.003259132991967063,0.01030167134344348,-1.2581549847627496,0.025911038617914592,0.02508358241296375,0.13640291396846993,0.012671972567976565,0.1345376091602409
2023-10-18,0.0026322500152994033,0.00834417288389927,0.0012110564555850465,0.0015062235770407243,0.0038724902653911085,0.005932333126022831,-1.1495959617818665,-0.004601363192261201,-0.006539479688740461,0.13574835056607248,0.013150670001912099,0.04349254831014619
2023-10-19,0.0036055414813160177,0.0015565683699073705,0.0008360756309331828,-0.0023141381102430745,0.0032896754393445054,0.008696719137461548,-1.372433074761707,-0.011670148067229623,0.004257112434065987,-0.05697711459424537,0.021591628845353986,0.03982033512115483
2023-10-20,0.002506880917163362,0.0003304610779814106,0.0009519047400242103,-0.00015986726298601616,0.0025954519191457356,0.009585196877245806,-1.9285510257652758,-0.014279931370016222,-0.003155532548085229,0.07114567204816458,0.018461254249541703,0.02123502766008454
2023-10-23,0.0017356872915432204,0.00047438564253646925,0.0023374703071294338,-0.00029130070116480334,0.00224110530602501,0.010438162673549103,-1.0644826515441854,-0.0011491174265429033,0.00711454214888242,0.7545396411708223,0.02076157272092953,0.08560607253012528
2023-10-24,0.0019259693112464137,0.0036537353029191706,0.0023565798771908427,0.0013216991255713961,0.0019961676699986873,0.010842168932155645,-0.25300302297000615,0.021009454689948148,0.03182244375714767,1.571571823538335,0.019667044636427985,0.09880560803664223
2023-10-25,0.0033490511356962377,0.006423345704565517,0.00163178635914427,-0.002250354465160296,0.0018757833685883695,0.009558540347688143,-0.24691626050488527,0.026781672028493714,0.0350183998063274,1.9393862841272802,0.03555458793733315,0.10816220532511227
2023-10-26,0.001669544374610546,0.0026866533613038954,0.0008601502900539503,-0.0018094944315103698,0.0016624296592769512,0.0033155692183128287,-0.22707913604806987,0.03625401037105678,0.02804927456464547,1.1040177100447233,0.03730108093532195,0.07753063466423955
2023-10-27,0.005412337017182112,0.004081372557214148,0.0008698551380283795,0.00015252020315194347,0.0032056401817777015,0.0058023621973947665,-0.2937744768301829,0.02477804038543779,0.03056480105481057,2.15015553287769,0.046715520342873865,0.06102816979474837
2023-10-30,0.0030314156258454865,0.002622935741828091,0.0004186567392294359,0.00244679104642545,0.002403092667117052,0.004533140087274192,-0.4388793161993285,0.04042289375228548,0.02891942172517776,1.428260239994895,0.042431847148907596,0.010795186706267711
2023-10-31,0.003959359816162557,0.004549485626436571,-0.0012299679169899861,0.0012462526419021016,0.002604832744852291,0.005778940364856705,-0.19419628343199913,0.05424496935153576,0.02308189935212052,0.5540043839464125,0.01873334081298869,0.017685608594132214
2023-11-01,0.003734031710432334,0.0016207601077213127,-0.0010961701111056694,0.00020200333528563148,0.0029061401140819997,0.0025068479419896256,-0.17923713043829492,0.052633496630826546,0.021649114518654325,1.3174624115804279,0.031241295753567405,-0.03318349589311807
2023-11-02,0.0026819774369319493,0.0007395535330346683,-0.0011434389335676168,0.0004661553636626161,0.002474297581670911,0.003944020136343152,-0.34207632674411637,0.06667161516069448,0.04481012126809443,1.275916406856219,0.021749176688793077,-0.021083246043746638
2023-11-03,0.00025175952814893984,-0.0013781717563223419,-0.0011236857342925921,0.0006920537167389202,0.00038341226205307875,8.449667162434499e-05,0.2219247269367387,0.07569426913338806,0.044731715895543284,0.47536604270888305,0.0033255919748908166,-0.03200115574854983
2023-11-06,-0.0009626220013595378,-0.0009350140702206156,-0.00024292008352591284,0.0010067757273173336,-0.0001392054902999987,0.004925520184321516,0.31944760692123697,0.07520705576586688,0.04930273617680851,-0.1086418611129707,-0.016985714412219362,-0.02315889351850104
2023-11-07,0.00033736375102664607,-0.0022906598340896936,0.0005902285999586055,-0.0025598245073999333,-0.0007739583275764862,0.00018216190195945647,-0.19581514253536153,0.05148096277541678,0.022180304234348917,-0.4024807006463359,-0.009419722436181879,-0.020566279492003237
2023-11-08,0.003146762480121021,-0.00023595460571955613,0.0009285404087895948,-0.0018386543369886042,-4.851877693650824e-05,0.003809250300674061,-0.8400468035711264,0.03579454788320721,0.027767585986983416,0.4032511656440772,-0.0018999621915051935,0.051244704112518344
2023-11-09,0.003520548063538005,-0.00289225060243187,0.001359444999730705,-0.00013404401358735741,-0.0016684414864962624,0.008039599810771313,-1.1007419356712984,0.044977258803458584,0.042434324940908985,0.696031741601588,0.0010906130339280243,0.005960745589187156
2023-11-14,0.0008727361005668885,-0.0036041295726447512,0.0008564790096748486,-0.0021439066030766608,-0.001966470099763328,0.009303435803789777,-1.4224545638561903,0.03837264420733014,0.03313992937829928,-0.28335407898793863,0.0015850016645550403,-0.03377757730320464
2023-11-15,-0.004624442638822123,-0.0006847900351856916,0.0008630983872799652,0.0029324143822296415,0.00040762882898885575,0.004867695418770483,-0.05557617783681315,0.024692105566657217,0.03094284930336627,0.1094232496549431,-0.006378418947404674,0.0202392316891795
2023-11-16,-0.007651415592937099,0.0008321488722096762,-0.00016210326686779344,-0.005217803987627778,-0.0003701301488358152,-0.003928177139582194,0.10722955707058951,0.0606683544447579,0.07232902524613445,-0.17986350608402812,-0.012453969539512685,-0.0023188606140833925
2023-11-17,-0.0028121241702647147,0.008506485172554097,-0.0007853631305465156,-0.0041542905839423785,-0.0009365248041077651,-0.0020666330593166445,0.028212742373494804,0.05204264539090355,0.07646536429356744,0.2802003939826643,-0.006711327532521029,-0.03101184941937321
2023-11-20,0.0015289987734990913,0.0032965687999040516,-0.000556753419148223,-0.0009196020185877274,-0.0010221584788106413,-0.003907434053251232,0.44858918501787526,0.0494581475790873,0.07101735305394609,0.8970838230094446,0.0210569564228097,-0.025220179744941985
2023-11-21,0.004402273210876947,0.00474023913269446,0.0004672105830350058,0.003380393638372356,-0.0006136206815210751,-0.004884009659718293,0.7162854388592135,0.058051324060344134,0.06064061600280546,0.2094993294551349,0.016924522901242103,0.01575886918136017
2023-11-22,0.0028476251380679415,0.0015652423431429664,-0.00026110677397997103,0.0011673479301489524,-0.000748981313217423,-0.006438262027145077,0.9863071520315324,0.05632067451168037,0.06815565637771659,0.1806380414218468,0.009646213885625796,0.008163977799227055
2023-11-27,0.0018715367667890518,0.0008429942250021225,-0.0006253809608960258,-0.000581601893736393,0.00017044346444074709,-0.010603521585404629,1.1365211946147404,0.07322753868351528,0.08505309613476161,0.10645783516501461,-0.0022906633904387023,0.004725897620399269
2023-11-28,0.00021698701241001768,0.0023235209713196284,-0.0018642524884268654,-0.0003776776104150549,-0.00048589551342410685,-0.008984478422986782,0.9522211081437603,0.06647986487115365,0.08811611359853067,0.31574812255946816,0.0011984337646087327,-0.05346774172209435
2023-11-29,0.0004408926768506642,0.0071152698582269865,-0.0011135088633232443,0.004169563925811715,0.0005780389081457306,-0.007129557793244191,0.694596501308191,0.03853693242118882,0.043857521604890086,-0.337330702550497,-0.012981719014950174,-0.10612485677148842
2023-11-30,0.002529388286360684,0.006931124814909212,-0.0013663484749585357,0.0016730684209204547,0.0011765645134468453,-0.00856761859517241,0.4849561293226063,0.03661316988534343,0.04460346132748091,-0.036113732060406245,-0.013136805076163873,-0.09396524758338642
2023-12-01,0.002978104644833335,0.007076177731293107,-0.00047930270029016296,0.0017020449490649495,0.0022580647618799616,-0.01023779412992881,0.44572840914309236,0.03477426264571177,0.027707213193836476,-0.2276794613497255,-0.015905287732562425,-0.061029245354418414
2023-12-04,0.005239335491941768,0.004371088359584415,0.00031754456311821347,0.006360613728636598,0.003520292533798797,-0.0005883789928634569,-0.024200452946002038,0.026294175889731146,0.019985879190030875,0.9319329611273368,0.003201194849027601,-0.005215559718599291
2023-12-05,0.008173217648608339,0.002254165773920909,-0.0009372818881070771,0.002940294344522227,0.0013665055696378203,-0.0006907214787215273,-0.14296021641721976,0.03882849488636757,0.03874172141387695,0.2292476694434072,0.0020924581889229833,0.017199653536221268
2023-12-06,0.00897820075128423,0.003258029028792342,-0.00017247308244687043,0.004767240946343581,0.00288770654504089,0.001047058482533562,-0.4843206636436478,0.020747026768511027,0.017118747426796935,0.5775666216361341,0.007838808454070072,-0.017232454997057535
2023-12-07,0.0044179200478435205,0.0006654768164969752,0.00016149631713242933,0.0041069718118535966,0.0022191062154846724,0.0022486935653216688,-0.4127101538083361,0.03576039543534841,0.03013658824840483,0.8359117583818578,-0.00011965609372112038,-0.05372304398980996
2023-12-08,0.003276701707046907,0.005504581007137697,0.00011551914842930841,0.004587357120589413,0.0015587619220914432,0.002798281726390985,-0.4946345506729164,0.01981165789959085,0.013532468200691955,0.08789768466316672,0.008080778597427372,-0.054794871363551455
2023-12-11,0.004594626587829515,0.005894819950409675,-0.0001751176685269903,0.0016224069682425773,0.0029854743573281,-0.0025090288959957597,0.09355196524353948,0.01761559897060602,0.003965710931588078,-0.19612470049571018,0.011043639591062427,-0.06428543136321371
2023-12-12,0.0013791820363817332,0.0005738972496989592,0.0008003690669126728,0.0030913900655860963,0.0030161185249294228,-0.0032236780840286705,-0.13090986433150278,0.01775193597716726,-0.0018576835313839288,-0.3406302930386337,-0.00028073996619489006,-0.04620479633799678
2023-12-13,0.0011204669374178908,-0.00482219158717542,0.00041277988563604323,0.0036718162589616577,0.0026759834876687663,-0.0015122304132967903,0.09090071153430102,0.02069129526379868,-0.0012063312052878646,0.0808196506991039,-0.0032676213021932254,-0.06345134039782604
2023-12-14,0.0007089633924192307,-0.004431974128785803,0.00041014848364088547,0.0033296106550530346,0.0019532176361310364,0.005775483591266569,-0.031029538883979524,0.022068082015604167,0.018393220938302746,0.509201677916339,0.016448105916214602,-0.06617987062232517
2023-12-15,-0.0013831804416612348,-0.006964731850489515,0.00045731572657976437,0.008000077378198729,0.002434522530562651,0.004574180571681729,-0.11178673521057172,0.016667436400528507,-0.004317379106788675,0.13985615894865328,-0.0012555830503778436,-0.06142755061955321
2023-12-18,-0.0012856278238285882,-0.006394688504078203,0.0009373701804216343,0.00023615031709708906,0.001722514623722004,0.0013911143114793787,0.15260241404499142,0.03890602600744918,0.023628045398068356,0.027812084491316558,-0.0047835993418846885,-0.0769841293851734
2023-12-19,0.0009895894559438854,-0.005650793064654112,0.0008041500319347937,0.0014885901328219975,0.0014568741763879135,-0.0026003372540134412,0.14612783086767756,0.036396717092020546,0.017304609670776235,0.11957483593393364,0.0023850500877301423,-0.07244308112146608
2023-12-20,3.9827411406943814e-05,-0.0028833083408279798,0.0010003521522263662,0.0039875422007645735,0.0014146584358464569,-0.00440290990023068,0.3840382862916672,0.03560621172019002,0.020749495010060202,-0.0792221730456768,0.003788089925374386,-0.03434967632055121
2023-12-21,0.002184728295641163,-0.0019070542132446709,-0.0004415751100403145,-0.0003077921031376653,-0.00045765445024855864,-0.004139413306085537,0.44473487352917246,0.04271664256815182,0.03613956233410352,0.17978018905674942,0.006366525463914212,-0.021259857949746958
2023-12-22,0.0027012276276013277,0.0035741714046784506,0.0002415823934722924,0.002915018653017486,0.0004312836811543612,-0.006049930602453549,0.5883859187171692,0.042857999798699656,0.027888035898658035,0.3005565101345767,0.009717426879257349,-0.06070833182968057
2023-12-28,0.005362894301194812,0.0027709382572687078,-0.0009492602053114385,0.002226946633782262,0.0015618962869099185,-0.0061965487399782485,0.6688443534628288,0.04524392660854877,0.024465809601311193,0.39644847740387545,0.021564230753750212,-0.0733707617721373
2023-12-29,0.0066480121073576905,0.005749541988440922,-0.0008444484733663923,0.0017037110020158782,0.0018642613261602799,-0.004872746663368753,0.3281432187221291,0.02912049478500118,-0.00023961056464716357,0.4679815228159909,0.022006572345200662,-0.10967998953546548
2024-01-03,0.011437905880546927,0.004906617208511403,0.00011946986460687106,0.002915218630208358,0.0004577927095881555,0.005475779309986729,-0.8497243463420779,0.022181384943425492,-0.04711716626984495,0.7929150986735898,0.021213197843428823,0.02761895608495093
2024-01-04,0.010786354165762296,-0.0015311262747116257,-0.00032826879805132353,0.0011986005636091873,-0.00013823664945087526,0.006965221985804515,-0.71377293219657,0.019603396782922923,-0.036643870995465656,-0.020911333059669968,-0.001686095919864218,0.16622055071487235
2024-01-05,0.0062754529212562535,-0.005446602565469075,-3.372359567181338e-05,0.0025182772754576625,-0.00028749821068771057,0.004590382448891666,-0.6661515277812247,0.023736945157936177,-0.046372591034669314,-0.12220024398810692,-0.008615654712231455,0.16852711240085538
2024-01-08,0.00658740171599481,-0.006522595168804872,0.00013965239362832455,0.0037287842821400797,0.0004537443005819674,0.0008253339398958054,0.08869269510319278,0.01409656043721032,-0.03443535282207667,-0.44515597720124955,-0.015016195962320733,0.20286055803772127
2024-01-09,0.002432652272200333,-0.00034404088573876,0.00024341203938997057,0.002684539179779475,9.241952897327269e-05,0.0029997265857526806,-0.061650510752176035,0.017847959430428224,-0.03741568661871207,-0.3534786752392445,0.005157540516957231,0.18527298632846376
2024-01-10,0.008340524885913546,0.004984400023503725,-0.0005143056580524217,0.0006113402901021525,0.0008867803013579691,0.002377949297686336,-0.06305182623514105,0.022096184465696698,-0.009261029231038916,0.1356138962619513,0.02406386748030335,0.034211809934364096
2024-01-11,0.00662901790070203,0.009668013349988324,-0.0002187064684760066,0.0036405658115360967,0.00018480353763842823,0.004685137770238646,0.34182288833631835,0.020690023150041745,0.015456381086309375,0.7510640487762015,0.03681529019039322,0.018539662863567487
2024-01-12,0.006805397685678131,0.007584431056560481,-0.0007586300065293209,0.0020678638192751053,0.0005899853549111045,0.006701363643578888,0.21878084016807076,0.019451453000137186,-0.020986799842405257,1.266977831737425,0.04331363696844416,0.04646449919736725
2024-01-17,0.0038868424022119805,0.008305061171201925,-0.0006800177107159657,0.004670242550274746,-0.00012232463529906064,0.009615197307937421,-0.19196212582862227,0.030472299830564955,-0.01705279767393994,1.2782185605773326,0.04992690976223671,-0.43821357465719557
2024-01-18,0.004870125125557313,0.0007924559810393624,-0.0010946005825706764,0.004991269606485795,-0.00022751905010546326,0.0021417536584605766,-0.5087688963036975,0.03676738706813526,-0.01945746362009077,1.0992091726151914,0.05351671133845104,-0.2623982196033942
2024-01-19,0.004335591786073536,0.00628462026758327,-0.000723199346402978,0.003246444460520734,0.00011022842072486817,-0.00047208185962773755,-0.1924625181579422,0.02076454058773438,-0.035998916266450076,0.889815984153432,0.05542118454245218,-0.32806954201925037
2024-01-22,0.002562601596051681,0.005017337133749709,-0.0009078355541787533,0.0039008924652238508,0.0005937640224380281,-0.003237890629930212,-0.25069568945839504,0.019584855221955542,-0.03723661683503939,0.6234949290634277,0.041611345474961384,-0.2427248167459355
2024-01-23,0.0023666118287491602,0.0044060770224367656,-0.0009703857814820112,0.0014254099818216863,3.031963939536908e-05,-0.002579590648862207,-0.07952119267063121,0.02363079250314865,-0.04392246916072559,0.29037357354609017,0.027480540603968488,-0.1837620525737204
2024-01-24,0.005071144068045438,0.007393387188180221,-0.0004565196805992411,0.002204937415927002,0.0012070446109096401,0.002735046013317995,0.17475393914138965,0.012095484964678766,-0.018387003912525006,0.22546141743681003,0.03616282584292367,0.009713071633570325
2024-01-25,0.004142085708667446,-0.0016062346232374462,-8.489648477341132e-05,0.006527791670057142,6.983463833924328e-05,0.001821008265626381,-0.012379681799512765,0.026224125556801817,-0.06011819104463508,0.3889032418163854,0.0330250620760392,-0.005231106327974517
2024-01-26,0.003875448145428867,-0.0016747150648177126,9.024744764977877e-05,0.001107032434597426,-5.1138242085525966e-05,0.0018441797450478258,-0.17611274539295008,0.020269103565298544,-0.044451711724844425,-0.046691979921408944,0.029780066866760997,0.032941771719590465
2024-01-29,0.0034004860918927056,-0.00048739127618324055,-0.00025412638479762467,0.0014383109740901065,2.700570530573453e-06,-0.0019022334862829767,-0.3198857798028318,0.02450809175099426,-0.008290275705827582,-0.05475992542542385,0.028558332414917106,0.03932604523536162
2024-01-30,0.004199085532293745,0.005591046543394316,-0.00014027435348234064,-0.0003130001534365566,0.0005531210365955698,0.0007603177159189773,-0.2940616697874942,0.024164270829122755,0.015089895997430873,0.27408151772004086,0.029471641032769016,0.032920296972928774
2024-01-31,0.0033500925100143444,0.004815762464141711,-0.0009213095209579014,0.0011970612132965327,-0.00036467272901689494,-0.0011743590591012936,-0.30649198363445673,0.018852502535990183,-0.0012016571931010422,0.22396184192044377,0.029817883508231457,0.061432767379039466
2024-02-01,0.0038212629796850954,0.00491150973783039,-5.858129264756227e-05,0.005025944700815232,-0.0003917521144802842,0.007229449596238828,-1.1542537820444705,0.022653642973589662,-0.010522609218636405,0.7465641809373594,0.033258982585973484,0.05297964606220471
2024-02-02,0.0017000054548224315,-0.0017525196214914446,-0.000751330601219668,0.0001926585043698754,-0.0004308939655878203,0.008096787230181554,-1.160181968178846,0.019653088733357065,0.016485446318707433,1.65843604469357,0.03640580653148916,0.20061646174016654
2024-02-05,0.0034933464349613183,0.0008742601419472497,-0.00055224219065771,-0.004831990335799442,0.0007301771456433052,0.010362842444726718,-1.4360464905622567,0.032160538210137715,-0.010229232672343097,1.4352565930512755,0.03300631087307011,0.22362341082769965
2024-02-06,0.004664646297407988,-0.0004244591444010461,-0.0011015203048500273,-0.002957233596297572,0.000639507693646224,0.009693968744539275,-0.9694780151963556,0.008188108788436762,-0.04823214905058077,1.267130715822491,0.029473187039505282,0.22875828469398463
2024-02-07,0.002157968915388699,-0.0022360649489993594,-0.00033139239549061304,-0.0013955685519624005,0.0009132669934055188,0.006344712094084724,-0.60531907798361,0.007520086683917154,-0.05015655438692314,0.7746932668630491,0.022924343813511838,0.23230420602614482
2024-02-08,0.00018613110191473677,0.0005704006840953442,-0.0009827065441071225,0.0012164712642684843,0.000392391311008512,0.0046949033868637765,-0.19737616736075397,0.021124832982713882,-0.00569454732512629,0.2464712078732233,0.023600916939852362,0.2651617468350078
2024-02-09,0.000979192708359285,0.00024201923870139914,-0.0010076035953896446,1.7178607417190294e-05,0.0006202257259297972,6.246101688819113e-05,0.6874799650170851,0.01297714367238411,-0.004044373834430211,-0.5334912649443173,0.01753694424013478,0.24380704907713802
2024-02-12,-0.000814661328626887,0.0003384709694682006,-0.00035251347624011943,0.0004850479339936008,0.00034719657002107095,-0.0028500412396821493,0.4781120820470536,0.00951120269843721,-0.01809005038205004,-0.7012922674562203,0.02326011758694424,0.18385135133326538
2024-02-13,-0.002462286095031344,-0.003940510233791011,-0.0005712676743152838,-0.0014181878419688033,-0.0006919624746584828,-0.0017397266827170691,-0.17230819944998654,0.018771253940958667,-0.02029260842675632,-0.2851838838058365,0.04295492092740323,0.15491933459044951
2024-02-14,-0.00037284566528263173,-0.007270137314607001,-0.0005541795579588106,-0.0048914723772630975,-0.0014172232793036098,0.00023017766107809963,-0.2025821775552895,0.017304784684292064,-0.03173678155330328,-0.11470412990294199,0.038322629114155765,0.16549430772897247
2024-02-15,-0.0002308097086815143,-0.0040596494239116395,-0.0006928681124369558,-0.00017535029037085497,0.0003630110605724071,0.0018269271948152955,0.18664977734251015,0.004897687993996277,-0.03610812340121179,0.36365235077351427,0.03687696518421281,0.1655801295708268
2024-02-16,-0.0003351650217617713,-0.0027681395185305425,-0.0004846105512874567,-8.667130206634229e-06,-0.0001252855451222979,0.0019364548714248437,-0.11835302787913138,0.013184803264445493,0.001482197172901635,0.3987817325432441,0.042622784884255624,0.11889853905360724
2024-02-21,-0.0018369746943686302,-0.005181376888432322,-0.0007965308037679456,0.0005882415871084031,-0.000417435759264883,0.0013490085601382833,-0.19505534902474345,0.02422890725200985,-0.004241267656171008,0.3176606622554832,0.048014758669949476,0.13752734592927313
2024-02-22,4.41649271683605e-05,-0.004030960289260834,-0.0005339729521096877,-0.0007362847232205599,0.00034556210546764904,-0.0001401209796565335,0.24025493034799228,0.004006164137029479,-0.018436886341496726,-0.047046790743486167,0.023761651618987162,0.055620971797771375
2024-02-23,0.0003057523892507289,0.0024678384731244493,-0.0006706161968289972,-0.0020560079827408135,0.0007312452020272591,-0.0006884498681364367,0.03318262262872557,0.014721120908552814,-0.012886701404695106,-0.36125755744864496,0.013550801727261577,0.10334492531167645
2024-02-26,-0.001164838813038852,-0.0006300185472556145,-0.0008229570447597341,-0.0010196049751832472,0.0006310796705215642,0.0024244145012917513,-0.14044285241857618,0.012199245799172212,0.0029950038978542697,-0.17443696120915875,0.021558725148425974,0.18239724836626123
2024-02-27,0.0007632026685200305,0.0005238302178325447,-0.0006012468897794473,0.0003762693688268792,0.0002067533058762769,0.0027057792299259383,-0.22135588650694427,0.013147813007116406,0.011218624944544292,-0.0765003248843904,0.027536208283325623,0.21316695344918415
2024-02-28,0.0010478414252117067,0.0005099938354242175,-0.0003541133063227043,0.0007442058022656458,0.00040977024928083485,0.002449414970808382,-0.2716664051472557,0.016361486138035855,-0.0024015598208738786,-0.32043894996283395,0.02127942384417638,0.25621108230131084
2024-02-29,0.0015778976351334397,7.286021864216612e-05,-0.0006028495349837314,0.0014672286124136553,0.00013066223121829628,0.005007022522375592,-0.6111480194595089,0.015499746230220617,-0.011025396348340663,-0.1162144411381395,0.021033452652167897,0.15580946368785878
2024-03-01,0.0006525891894287244,-0.0003612463330854769,-0.0007519407152695014,-0.0003343264910055933,0.0006463486427867971,0.0030695499609397292,-0.6166840690635609,0.024662842019192464,-0.007970231014977786,0.2703586997924548,0.03484900093627083,0.073513711733685
2024-03-04,-0.00044371037833980257,-0.0017631535226083426,-0.0003986863910932803,0.0009740788503533702,0.0002631385138306806,-0.00042245207160080626,-0.37282843728627907,0.0231946804182596,0.011015650387068596,0.013253126658673509,0.05097849705660909,0.08488246405941141
2024-03-05,-0.0011614217582983856,-0.0033599238743684664,-0.0005360906065414627,0.0003773208211162094,-0.000351530126893034,0.004801037536651577,-0.224153053291974,0.027621335114124918,0.05041391736447952,0.44333169817083623,0.013539850693114185,-0.1393562956458424
2024-03-06,0.000591432894706731,-0.006283320093294749,-0.00079463632858217,0.0005802780141552628,-0.0009090902876125245,0.008746613366496948,-0.8184541704676032,0.026166071252326773,0.04087091165523113,0.7926183445138018,0.02972009106193204,-0.12396657296080008
2024-03-07,-0.00024742382042241466,-0.004592168622217803,-0.00027871389161375785,0.0015801617580220224,-0.0005464711639931168,0.007625824744201714,-0.6447170040593881,0.023384958505875995,0.05777713137011749,0.5458161582202196,0.03438603825926487,-0.11268245103523176
2024-03-08,-0.0021266014413643735,-0.0027887559816194164,-0.0003164874866233414,-1.9969935964749062e-05,-0.0009085849998129855,0.007689264115110557,-0.892990064654283,0.030721324428828474,0.05678378799639901,0.6011535355127607,0.02750445719625457,-0.07136271100804477
2024-03-11,-0.0003730571042327652,-0.002970147677701429,-0.0004623828752330282,-0.0016735327818809924,-0.0010074458283983523,0.008163731185514628,-0.9077538729566668,0.021198233544892902,0.03836765416684901,0.926058335696659,0.013522415156707556,-0.057814279217350904
2024-03-12,0.0022143638665319183,-0.0023862641366487374,-0.00033423402204624497,-0.0037603344953808563,-0.0005352455691814259,0.006734496032623039,-1.145215155655106,0.029291679792702707,0.02334964238427992,0.7910906548517299,0.00763153895051402,0.03231260566756535
2024-03-13,0.002183794892605281,0.0009101617071047398,-0.000320308346849549,-0.0007512988006371708,0.0005908971744799311,0.0038342939176206794,-0.12943905869577949,0.019075991045351817,0.029224410104208412,0.8172704154469443,0.002688265140300558,0.05215150794884662
2024-03-14,0.0013049015823265292,0.0002641295871938567,-0.0005838154980038987,0.0010554192111898167,8.195741543636326e-05,0.0014618263003482546,0.06536413139884273,0.017466558271413957,0.0335123206968618,0.5442508970847719,0.016053939663759526,0.15319114021729888
2024-03-15,0.0006180598150385232,-0.0019260745111266155,-0.0006409198773930858,-0.001340700022800814,4.8599243640514366e-05,-0.00424885145125627,0.40819228687453796,0.01572218076346952,0.024875361933786345,0.08479833692116473,0.01025256848039132,0.12551497965522793
2024-03-18,-0.0005072370052127678,-0.006277364977269618,-0.000897090999747102,0.0024610365594009732,0.00033469228724832456,-0.004315953676217324,0.6701287876480908,0.01214834173040272,0.027785746916560335,0.033247713221395636,0.008382025412765066,0.07197869381061744
2024-03-19,-0.00040256696127083814,-0.0038303530554103264,-0.0010151979575508943,0.002784388500085287,0.00036935202030911646,-0.005363400407019956,0.5663108776191792,0.01051848016803129,0.03758389603092448,-0.23409457360333252,0.014374963237217372,-0.052461135317949215
2024-03-20,-0.0013913068664822377,-0.005060225826543907,-0.0011065213142559512,0.0020363064063600297,0.00024046938345219067,-0.0038052196678390665,0.2655795405766836,0.017288218869681043,0.033976196778802356,-0.3540221354957285,0.0102552868608451,-0.09511868259591941
2024-03-21,-0.001435478279824713,-0.00199673212524652,-0.0007058799061948829,0.0013931924885023394,0.0011792989715340675,0.0007173057494320781,0.23591376420674687,0.02161734975225494,0.04428998826400515,0.31397951451777617,0.00833596218669776,-0.13577157488623287
2024-03-22,-0.0010968031135805607,-0.0019429478078852923,-0.0004836078865169958,-0.002160385814970964,0.0005735646329758877,0.003738738881837531,-0.15822090877612474,0.027940509744950274,0.04511284585369229,0.7245415290904847,0.014527544654959482,-0.11567402912143357
2024-03-25,0.0007944786576243604,-0.0018773548099286074,-0.0007827161879462918,6.025210440932131e-05,0.0005405913214261675,0.008560174809919925,-0.32815220244974397,0.024143573771994845,0.06983105135537952,0.937412775855508,0.015020442919736003,-0.09639574684314459
2024-03-26,0.002718880220546632,-0.003906943964697113,-0.0003625705754290921,0.0030691704028334293,0.0003956804877310214,0.007992548082729489,-0.3775222796593842,0.026283342879580632,0.04349910236304705,0.9608909591809298,0.026150105819587426,-0.05255350080062515
2024-03-27,0.0014692210567440532,-0.00487460188384489,-0.00044746471073483715,0.0030610028286975773,0.00012417356010328774,0.0072911449192678245,-0.26141365332492394,0.031663699189703284,0.045980038485027366,0.8524830879001153,0.0238765681217369,-0.02029525415750821
2024-03-28,-0.0002418456103809967,-0.0035814829594067697,-0.0005143708418137459,0.002099003961741102,0.0002169951278881154,0.005684593321338876,-0.3178674656895166,0.02135986323890321,0.054201944576659764,0.7074261144851901,0.0217152805464311,0.015167162176057288
2024-04-03,0.0008552553650572599,-0.00204916422674962,-0.0005621239948587393,-0.0014880733538600263,0.00042026523392276925,0.0030041479086324943,-0.6253615881539346,0.023289876545081266,0.03955430628030952,0.2518986179417164,0.022981887184643324,-0.007565765678395849
2024-04-04,-0.001165026329784573,-8.974116751161499e-05,-0.0005450298819481106,-5.352125823210492e-06,-0.00016105212611655778,0.001663361355753473,-0.12133803352515288,0.022050511255997166,0.04260008720811795,0.0861665941558522,0.007028603785088028,-0.05873400494656139
2024-04-05,-0.002555747881102462,-0.005191619976104598,-0.00015291995337293174,-0.0006642098415215569,-0.0018051425969436649,0.0004853039447990483,-0.4872177232468713,0.019199044287985953,0.0327786174692686,0.09903184355993072,0.03553912260970406,-0.020342733826133646
2024-04-08,-0.0008503153280678157,0.00033284075555617984,-0.0006417581906655264,-0.00042122441361923835,-0.0005792074003226692,5.9707358659554736e-05,0.13901448529383043,0.0059909232796199405,0.028770063928182373,-0.010186944358374972,0.032207093711634605,0.05580999065414249
2024-04-09,-0.0007667137463857555,-0.0021424371989794467,-0.0002478765727613249,0.0008681854428664824,0.00024179830507090446,0.0009272118785371886,0.28782473474286147,-0.023580947493713676,0.03213395627284137,0.1843668397235022,0.03258000351332093,-0.01085464014942149
2024-04-10,-0.00038558281186490195,-0.0017295600704090755,0.00025627257136732063,0.0009362948347802369,-0.0002537384705863488,0.004217308696329119,-0.10401921010438689,-0.029322984875375376,0.032222797852218446,0.6726130994569809,0.030537316270548336,0.0048597505744000305
2024-04-11,0.0021383537619833015,-0.0036294019304777114,-0.0007969770779330174,-0.005658377573287637,-2.4037268623383493e-05,0.0035081420315012006,-0.03792327473055998,-0.026734701454056656,0.0050728115654127375,0.6452802957302994,0.04804223957490275,-0.039485210217843035
2024-04-12,0.0022885693131991713,0.0015466637721436977,-0.0005710125925626778,0.0014733601619644934,0.0016116587869662578,0.0068902474738769155,0.589185850224581,-0.039946680204806156,0.0069717216944603895,0.9268495976892348,0.029872126027232167,-0.01645983224043009
2024-04-15,0.002372329662892377,-0.0036762377901755064,-0.0009915936638539044,-0.0019881361734773325,-0.0005315725027159648,0.006141404807898315,-0.3389044983241193,-0.026539310771256177,0.03046885616315704,0.9033369336161572,0.031053739353105826,0.0291001183585996
2024-04-16,-0.00047795954634772506,-0.0041069698609980275,-0.0014524788940127563,0.0010132749947179896,-0.0016293618808171525,0.006970081710772456,-0.8908728922342903,-0.0019083130776387236,0.023687177952481542,0.7452883397118737,0.027234255836012418,0.030102153184188532
2024-04-17,0.002340108587880021,-0.0019364409859234516,-0.0017938477862684135,0.001824995056826127,0.0004962716080369244,0.004987882341288578,-0.002179280510177184,-0.026887209113351445,0.017140413992565558,0.7038908657923408,0.030047321182867695,0.0777417170737476
2024-04-18,0.00021835635891183266,-0.003361191803681045,-0.0011800874546172727,-0.0014687093051805548,-0.0005105280778740358,0.0099663817373549,-0.9366958195921544,-0.015135220167095832,0.028074480433808564,1.2014401000416517,0.018551292571235483,0.052650567468302045
2024-04-19,0.0010083693954167313,-0.0031042756599317465,-0.0009731939700412353,-0.0026906825977868584,-9.71584331845459e-06,0.007994320944106076,-1.1126718624551255,-0.013623105811052399,0.033430361851030974,1.2278177588119197,0.031196164139240833,0.045860277197651025
2024-04-22,0.0014449371990030771,-0.007046753798601751,-0.0005886342686539134,-0.002258566173378029,-0.0005993810630716629,0.00819414067167796,-0.7053867976302968,-0.01823479218550891,0.04110099105340899,1.1428041444223673,0.031125898153886493,0.04848053143193637
2024-04-23,0.0017826299082228235,-0.0019672168196069604,-4.208336429333901e-05,0.0022169014191345125,0.001327553517757533,0.006980401882032656,-0.33214860693178794,-0.012583776630276985,0.0356919778334868,1.078301102724748,0.026935211987301075,-0.040687663999938166
2024-04-24,0.0006813722627376519,-0.00098114012751897,5.3186820922556985e-05,0.004368181685196835,0.0009825693378314167,0.0036002701313565455,-0.17545200966055452,0.006114192545399648,0.040824781098806384,0.8572772631206342,0.01875216824885672,-0.029178188461285764
2024-04-25,-0.0004081714241867984,-0.0010884139229064222,0.00037184717185563196,0.00029468224046998257,0.00028320598868004313,0.0028450584225351433,0.1889846666190964,0.004126794016412968,0.04860372324473752,0.5435170513911102,0.012990579513597512,-0.01867152743951391
2024-04-26,-2.6684216044170364e-05,-0.0017265053736972213,9.066050646803403e-05,0.00150899676457707,0.0006765124549747429,0.0016104086625832463,0.48919381396194067,0.002297090375632131,0.025813345490116893,0.41983673830345614,0.01418795198675878,0.023627969756473327
2024-04-29,2.1502448106933733e-05,0.001337294007078262,0.0004588617793499075,0.000546543407789796,0.000979770821690874,0.0016909697066062068,0.7077740506114065,-0.00563196646190085,0.02683197089810704,0.3340720317438235,0.013550620134038713,0.018488829767172293
2024-04-30,-0.0017145384222853868,0.0006381148238655856,0.00033686933242283877,0.003424351916755834,0.00026379093066775653,0.003762913876772292,0.4362363172937847,-0.007354418475867472,0.031529284415821576,0.5730372979193942,0.007925776754175072,-0.012751949957880034
2024-05-01,0.0017460296561132155,-0.002716423110350552,-0.000525385219936598,0.0011059840823497546,-0.0001573587661797431,0.006102613267246641,0.20183926484406411,-0.019945635390768223,0.028577841012890057,0.8208822469291263,0.011176650445859509,-0.0679408665224561
2024-05-02,0.0014912703153267721,-0.0021451518498897073,-0.0004590494645962976,0.0010219283491387987,-6.508542413010679e-06,0.009744535137567444,-0.22967012729928493,-0.02295372470650531,0.03041505594304754,1.3586285174921509,0.01897241764025332,-0.025691819207598054
2024-05-03,0.0021546351584547404,-0.003600111201422787,-9.06672558100717e-05,0.000591774684787521,0.0006281296094354404,0.013195848034986262,-0.6536216341505223,0.026246461937781775,0.04312735641830589,1.5668849164934846,0.016755535878470725,-0.018175699812708366
2024-05-08,-0.00036464994940174796,-0.0009440598085163246,9.422776003135733e-05,0.0016842479205298594,0.0001046784871718074,0.014226315260848381,-0.8688161360002922,0.03257079830709293,0.03692472053393505,1.616984295467074,0.016196271733933613,0.04025351668705456
2024-05-09,0.002895007188390717,-0.002728112028968296,4.214637714122695e-05,0.00023726698572146612,0.0004155811443769969,0.009235248720954724,-0.9199459150482159,0.026541502988477097,0.036646875104137874,1.3542989579677664,0.020316707839063718,0.05033314562134059
2024-05-10,0.0026740871743159214,0.0007494257620945554,-0.00025859468517980147,0.003951624122006621,0.0004791201620306466,0.008254348897921877,-0.9922803735935168,0.032452338662040975,0.03111440507984658,0.9725937062269069,0.01832861402210869,0.05320133189033653
2024-05-13,0.0007767500948535758,0.0005819084738868288,-0.000428216167125081,0.00179779002548491,0.0003164011174517194,0.0057941539487741,-0.7506596072758119,0.030033318175630305,0.01809820849810349,0.8251059763148599,0.007352073677064988,-0.02640130014303036
2024-05-14,0.00023682334142098387,0.0008857605495282731,-0.0007603483745285321,0.0005435109136099942,-0.0011613556866709887,0.004951054460904896,-0.8241718848707789,0.02394825359557914,0.013994957754760938,0.6513574541080965,0.016878798742295247,-0.08713876217263865
2024-05-15,-9.499184021874056e-05,0.0013393803296564003,-0.0007605878407421444,0.0005266730315604123,-0.00035267536133685746,0.00498572578773818,-0.8751270048373587,0.01981295050173013,0.06694124394557278,0.6917732192508406,0.012144987547139195,-0.1289890065692072
2024-05-16,-0.0004794647963574823,0.003513123405361025,-0.00026019708435713926,0.0009643438308913482,-0.000189131436079986,0.007029682963650381,-1.1853762812271373,0.030095671323367518,0.06646018624898879,0.75215411834582,0.01475428665652205,-0.07774151956449374
2024-05-17,0.00037855686142042777,0.00019617162086838012,3.8394217219413e-05,-0.001525514636379073,-0.0003839900414435666,0.005799236770064911,-1.1334120741054408,0.023612175919049995,0.05992149008365448,0.5441002412399962,0.003646143478652414,-0.05386939721317826
2024-05-20,0.0006812700518072845,-6.258298969626964e-05,0.00017272637852312184,0.0005851162025330629,-1.4192428271513562e-05,0.0031920793209479965,-0.7464441361907461,0.02359452006716599,0.03351902504669873,0.3195555235108015,0.00289870409088765,-0.009474951563927362
2024-05-21,0.0007729273119448465,-0.0011509323690552635,0.000219464117599838,-7.467691677242699e-05,7.057632223432985e-05,0.0021837284828625436,-0.2879255556873967,0.02030871400951432,0.04544805931744094,0.39904499350733996,0.006578288183412833,0.007321495252390726
2024-05-22,-0.0002557975915927171,0.0003364260484668809,-0.00020011290109628446,0.0016639698030502753,0.00016911741348330872,0.004153788241525736,-0.24885039763799155,0.02552458931611637,0.04906757394980759,0.4820984139499084,0.008697424694354573,0.04167911344780244
2024-05-23,0.0006996275813300735,0.0009870355153909157,-0.0004249043338549278,-0.0011140487102057678,-0.00012793533938695121,0.004862420700807619,-0.34610861625950634,0.016882001166991362,0.0528352192327455,0.8910095855724466,0.007929781111491781,0.01596769837819971
2024-05-24,0.001873294070612755,-0.000279202675612484,-0.00044540015873626305,-0.0009488900005560965,-0.0001846058911974101,0.007791741608657202,-0.6016655718006186,0.01410289300197453,0.04224002134978159,1.3569818170090238,0.01049945133749142,-0.03632873472587339
2024-05-29,0.002664489886086838,0.0015758527790008811,-0.00039861568707545567,0.002584919507178803,0.00032241449058415146,0.006749593889555943,-0.4804696400457259,0.01650144050192445,0.032220246471538774,1.2703373851219657,0.02377663190010896,0.032792831516356494
2024-05-30,0.0026644025445808606,-9.635267320356198e-06,-0.00096204316060147,-0.0010654418863160595,-0.0005563155212307287,0.006187562994204721,-1.083523354541964,0.016752055523555555,0.04282878155613066,1.1964994259679935,0.016136481434042504,0.04631024622857155
2024-05-31,0.0018486358915855063,-0.0005875370389734663,-0.0004157141882359433,0.0009318786500766482,-0.0003132589174238131,0.007779466123500467,-1.1606411895940982,0.016626661956200984,0.044294493918932955,1.307989263025834,0.01393164484166482,0.15469123792603562
2024-06-03,0.0007993657435629993,-6.615504603748939e-06,-0.0008107806183898687,0.004938779072305318,0.0008434217145024663,0.00765934383084294,-0.8813194442953503,0.020439026986706296,0.03965157458405775,1.2346646364473517,0.016470038949775407,0.1874520613184629
2024-06-04,-0.00018885342120810366,0.0010441849164906562,-0.00034321491137895467,0.002346634015552575,-0.0005751798711824944,0.014901347497261318,-1.4585767890334143,0.026293539916339637,0.04830698781019375,1.575173433320118,0.014085861525419296,0.02612339457472715
2024-06-05,0.003750485830096401,0.0032104283627857272,-0.0007579354019911797,0.001977360724299295,0.000294479625752268,0.01708435904026656,-1.668311497866834,0.029098348849512512,0.0949719765606417,1.9128393013617515,0.020307509708109038,0.006327461278242555
2024-06-06,0.004474975073688695,0.005370254948287264,-0.0004586281298052691,-0.004777116309844579,0.0004210181468521465,0.01506162432033667,-0.9782152584379037,0.01909840050422466,0.08878176530619333,1.4418735101465299,0.017648107203027855,0.012305971426996727
2024-06-07,0.003515472764638733,0.003369874167373198,-0.0001503226896416255,-0.002992866104333716,0.00034324893535521894,0.01128100430431625,-0.6368256279487471,0.014102942772928635,0.06963366116151687,0.9085863367754838,0.014134629168580997,-0.00108985536787027
2024-06-10,0.0015636416381360951,0.0006326977784696945,-0.0004829986548205845,-0.00502355189564473,0.0005370782906387099,0.0033876188014342733,-0.29462580031487884,-0.017275481737906585,0.021195071405901454,0.5919730647423482,0.010950979997747745,0.012311267588567579
2024-06-11,0.0005691107915504077,0.003318804115524963,-0.0008681214485519078,-0.0029591352182754675,0.0007363621249673382,-0.004616371285962875,-0.1460803958036864,-0.039154797065714834,0.007043859040655766,-0.10869061555754739,0.01499855425277791,0.03956355890874835
2024-06-12,-0.0017761427390391728,0.0025280247692824236,-0.000580964577894823,-0.0014097266819427848,0.0008489820222187384,-0.0021747758223244597,-0.21875588004901614,-0.03481950383380274,0.03749387254178202,-0.30077390226203277,0.0060277333210564865,0.01869127256891528
2024-06-13,-0.0044375154597222095,0.004449919443948272,-0.0009045980863463187,0.0046270853516396345,-3.9000097641025215e-05,-0.00037943176906709685,-0.08536939600388385,-0.024905869800470458,0.05487595958787729,-0.15565106701953096,0.0070025789020032305,0.0006028132426940287
2024-06-14,-0.0008209756402192143,0.005145998142153569,-0.0006818987260983661,-0.003198925200161725,0.0008550174728910013,0.002934025361830605,-0.22005186798437756,-0.011254553956180482,0.06530607837964425,-0.018752384857683768,0.004058018328483502,0.023750083048068842
2024-06-17,0.00048679888112144673,0.004524610363760466,-0.0002067664510469266,-0.004434417264081561,0.0004915392130984952,0.007446520212103754,-0.5281479642888572,0.018856187480919176,0.07343147919070239,0.17302442280459107,0.005921029683123956,0.04047298057779021
2024-06-18,0.0022121384475422188,0.005249659695286743,-0.0004766443741121452,-0.0018542185588739173,0.0005825382740610102,0.0032941096623971037,-0.40950507626131954,0.033761460992366515,0.04218754562517156,0.12695212031581177,0.01657163827863079,0.0926055588512988
2024-06-21,-0.0023850308658562584,0.0049612452604115165,-0.00025793663743846416,-0.0016707331149993475,-0.0005683841368518536,0.0021819569576446676,-0.14895210027485822,0.028194207851035713,0.03489998073912864,-0.14242192389923586,0.009863483349991504,0.08135710058170702
2024-06-24,-0.001921893996625645,0.001993969556664828,-0.00015796766908338078,-0.00035264145760570723,0.0005814251896142287,0.0033308799675464515,-0.3136588578671412,0.014163240330036315,0.050007333075330215,0.2299019363410947,0.0008181816138987542,0.03955164602165242
2024-06-25,-0.0006663971444229812,-0.0019773034756515235,-0.00012298262596589115,0.0012489995212928856,0.00013163487536869191,0.0017769082581478666,-0.5829069093011561,-0.0029349245814795748,0.0504756567649906,0.19625999318016846,0.014506706419740594,-0.005578242669116907
2024-06-26,0.00011328933919874917,-0.0001927953277610472,-0.000171332547014744,-0.00037292720682862606,0.0002601227189674821,0.003921029357366231,-0.4423532299083887,-0.011196618722389903,0.04981045533569777,0.2951647194537904,0.012324194288217944,-0.0004291854439962394
2024-06-27,-0.00015039050338955723,0.00029592083003006093,-0.0007229221243693455,-0.0026868165228618943,0.0004529883874735615,0.0032954139616329634,-0.6913313838504592,-0.005727359618612603,0.03864820917483833,0.6286318977800691,0.019076399755550887,0.018416687372108012
2024-06-28,0.0010502507378413117,0.0035555298026407126,-0.0005164857492591137,-0.002106901984567445,0.0005998703524409953,0.0021695970338934823,-0.6722918642374183,4.26256839489679e-05,0.04801155854699827,0.5094156623509222,0.0140497196739524,0.012573949526154196
2024-07-01,-0.0006701420159386615,0.0017598270338920856,-0.001048639635286974,-0.004441989664151219,-0.00017226508760492993,0.0006913033969138233,-0.7915591142398757,0.0004957043276202604,0.060118865714174234,0.3765339167812637,0.005645759375644337,0.04937384066199752
2024-07-02,0.00033228097493706837,0.0037352491061503046,-0.0011797564053250024,-0.001199059149746988,0.0002542335451991686,-0.004107473480850641,-0.7323058172582991,-0.004968720916161663,0.019617535632836105,0.16967459546443608,0.014516692917028817,0.09035898833402077
2024-07-03,-0.00017250244919833337,0.005807422848901208,-0.0014386887704189366,-0.00045629064520466144,0.0002666377899424215,-0.0028222380477773788,-0.6284477732851617,-0.025805086830629535,0.04412293598973868,0.1146041416539989,0.00030650643212245046,0.08482974868515566
2024-07-08,-0.0013655032112344485,0.0012050463690584416,-0.0003376531816927307,0.0013128749494420488,-0.0006700227246483471,9.022765487085548e-05,-0.7426204772010709,-0.028721639154538056,0.06423344013838922,0.10421553770287695,0.007607752178130425,0.06879870922018906
2024-07-09,-0.0019129679065978695,-0.0004829774049569123,-1.1633107113353904e-05,-7.050508349937495e-05,-0.00034845318659035843,0.0019008977463874084,-0.6944850273214183,-0.03211413397110926,0.07348178661147478,0.25662006807055254,0.0034284130302364877,0.06098237010389825
2024-07-10,0.0003067975107168981,-0.0008559019725337294,-1.2459770809091011e-05,-0.003751590971131897,-0.00029715255227403034,0.004431048072414669,-0.7933639301774937,-0.013837510448189459,0.03240407408605859,0.3035003420065949,0.006996970048627997,-0.07153678809096543
2024-07-11,0.0016930450273679406,-0.0011809965402764598,0.0005404297618725057,-0.0031095146541083073,-0.00030382513832000435,0.005890609961520299,-0.9999452437377085,0.005268313976476547,0.03789606950520756,0.026948075143708172,0.010770654093066866,-0.0639227972004842
2024-07-12,0.00013272164878674655,-0.003826554644043414,0.00029164554047141154,-0.0036374534927975915,-0.0009989443405544463,0.008173740995061315,-1.0750466227517481,0.022076361403524727,0.03762801872932254,0.0436136864692403,0.008610414503925929,-0.022807693936636318
2024-07-15,0.0002858949241746161,-0.0012404203439876952,6.567726872377842e-05,-0.00047710330240092775,-0.00046783420586541123,0.00757997925006159,-0.6346910656954903,0.01480468410283055,0.03130313218356898,0.5798569907335506,0.007342079941141739,0.004574811358399497
2024-07-16,0.0005476398770832172,-0.001174383545752315,-7.66349637041354e-05,-0.0001465183092729117,-0.0007782795194056254,0.004668748340379314,-0.8739398430895584,0.004240192098655171,0.022007361251338932,0.7033610093420104,0.009731928267893389,0.04746930634968712
2024-07-17,0.002103753080930361,0.0004151890913942411,-0.0001944771077737457,-0.000286622772184364,-0.0003136230431175556,0.008029166480918717,-0.8340624548832056,-0.007681981469799905,0.047982555139374154,0.9037067890046215,0.006878164524831258,0.07887587103374934
2024-07-18,0.001961608563988204,0.0017946393484883877,-0.0005938499650243381,-0.0014052557407489294,-0.0016316394060154466,0.006333325558094311,-1.230780299097323,0.004686778451108065,0.03163421495316227,0.7613792984174642,0.02399891682191527,0.06781582686691352
2024-07-19,0.0002895001765447077,-0.0005538281488284408,-0.0008492345646703581,-0.004006071478609391,-0.0018836724902101505,0.005962895359131259,-1.3420091150723317,0.0035986340406425656,0.01765812006118643,0.7522284287414864,0.008768059543893033,0.027858229050413512
2024-07-22,-2.3077280327896187e-05,-0.0023969457501217626,-0.000759059979060027,-0.004147349259409005,-0.001404273831410668,0.006657807189554927,-1.5196290011347362,0.011111342847209847,0.017097583993320533,1.433770512657662,-0.0014870637776698541,0.025151030804349685
2024-07-23,0.0027853659910072855,-0.0028468057475991206,-0.0004309191678401872,-0.0010878962994267383,0.0006421466468027317,0.005905735319580302,-1.2222406827904049,0.02938393537736643,0.026136732914811153,1.425959385792705,0.010459779797734022,-0.01712707073591805
2024-07-24,0.0025958013542806994,-0.0016838312628431164,-0.0005300784615797578,-0.0032319390918683372,-0.0001409089971233887,0.00801080261956522,-1.5124263261044948,0.047327135826125605,0.027621566715741126,1.634974152058224,0.005950232608077307,0.013011102808895031
2024-07-25,0.003841284848807149,0.0029544373288964685,-0.0002905118688176256,-0.006011391342511299,-0.0018834302279378148,0.010172501877941068,-2.1317102502542644,0.055505077730100674,0.0135237469113989,1.911778978750025,0.025060456611946804,0.009651007719467721
2024-07-26,0.0035792763162962316,0.003897945509296125,0.0003253285580232571,-0.00358525136993928,-0.0008335314791977263,0.008844089523342542,-1.7486103628230967,0.04757390968115234,-0.0015116855083529106,1.5872700718586517,0.024224916986063334,0.02180525353837008
2024-07-29,0.0019139667454915019,0.003684845663701328,-0.0003443143094990612,-0.0004995579796559036,0.0006544777727608429,0.0099226243404321,-1.1346377898567497,0.02084666627315951,0.040339881302512044,1.408534054442605,0.016655995720759154,0.06150601336441935
2024-07-30,0.0011530733447483795,0.0050779859890473355,-0.00032400524184648494,-0.0038933483209368097,4.0096615044768584e-05,0.01031946298950717,-1.4790402771669195,0.014019256074124102,0.05470914548588037,1.4894993778138983,0.010826976325090299,0.017900586882454442
2024-07-31,0.0007055121491363829,0.0026746715750923,-0.0002378643455372088,-0.004481815852234977,-0.0005724405866947186,0.009218678062192667,-1.6603455593984096,-0.0026319473115472107,0.04757189387427689,1.1557725035030821,0.007426278396921857,-0.007854725665037532
2024-08-01,0.0030126187348901404,-0.001550990898360127,-0.00013083616312939295,-0.004964475960011286,0.0009911691207295258,0.006570689188935889,-0.7981044101025041,-0.0031409140398380095,0.032288429118477686,0.6952838163155592,0.021221703466389213,-0.008210242798491744
2024-08-02,0.0006994230882340951,6.979194187497584e-05,-0.0003700844945837306,-0.007365196770219331,-0.000993220560965451,0.012952846757659623,-1.422909400493049,0.02630679005535956,0.05437601974828219,0.8317764623095161,0.005148955974209428,0.0301018067967751
2024-08-05,0.00010586139232391826,0.0014185710186342283,0.0006765712903173507,-0.005381220235526339,-0.004529617538330627,0.02025678605749825,-2.700309103529831,0.04822135953617976,0.02719000119815776,1.4454444043951549,0.0061246283982878055,0.07540103213743539
2024-08-06,0.0021686149521806114,0.0020816887118599676,0.0007473926679811802,-0.01288253757823621,-0.01378452004282461,0.021817086457978894,-6.0838031671889565,0.05307674686199128,0.029817731949518998,1.5028456633786575,0.014753178828793727,0.157442996761763
2024-08-07,0.0002922751199692399,-0.006643406715860758,0.0012024990986974561,0.00578637782836093,0.00011676538820553773,0.008824946341778632,-1.8509851744216177,-0.018162876356599467,-0.004516253358495512,1.0127666710104537,0.015484428315012927,0.16854428843695352
2024-08-08,-0.000724330939100195,-0.010603451029807226,0.0009145729406717133,-0.0008573654196796153,-0.0020405909647952317,0.006513965960484255,-1.7016441024923765,-0.06333575693387447,0.0038145071705112605,0.9149139296965695,0.01910166679485878,0.09562128601651165
2024-08-09,-0.0014895392765870126,-0.0004019727092942112,0.0004161355130861014,0.000596784596574016,0.0011121315848943469,0.0028998732420610104,0.03308342454993954,-0.033582523192555884,0.011174657283839231,0.31534217865165737,0.006738100205553824,0.06047471025396708
2024-08-12,2.798846399474809e-05,-0.003178961092977889,-0.00045415640435089917,-0.0006682801870669107,0.0035365443011697306,-0.0005026794233433675,1.7267373218370208,-0.006967855773909121,0.009676836232714443,-0.10194503552688527,0.0053869781673263496,-0.01446150269392662
2024-08-13,-0.00020297828875917383,-0.0022726870189891373,-0.0004832132435867274,0.0022139579077747103,0.004069143761786767,0.0018651573300679442,2.1366259696161007,0.025776660610219777,0.023948975807407492,-0.6556614787948616,0.014413667003564216,-0.06499831167239886
2024-08-14,-0.0005071208108497556,0.003365373401543982,0.0003474871880949368,0.003216489207427338,0.0034422322716832544,-0.000405438263784425,1.5783410687358173,0.04092067262220052,0.014685965015878395,-0.38673208605477105,-0.002882980381202249,-0.047159066380179325
2024-08-15,-0.000536602427481538,0.0033974294234262814,0.0006835829624482943,0.003962449874612141,0.0030352579111149066,0.0015643912718879404,1.6372815649528443,0.05065735421736817,0.006901039036864015,0.315671795096211,0.0003300699399083739,0.0009607753710299733
2024-08-16,-4.586947114246589e-05,0.005097674244923412,-0.00020336459649830262,0.001287515101848425,0.0022773306203794533,0.00022823469643310033,1.1547715887153183,0.024871327078747573,0.014961148655143457,0.28254841418116466,0.011952375131027152,0.009212035341636601
2024-08-19,-0.00043617510878666627,0.005886265587904579,0.00031545962354849184,-0.0005553959982555375,0.0016796033886547512,-3.4376628933271806e-05,0.7776989071296183,0.01310012418182208,0.006397441583959402,0.6930878853238519,0.009271755964694813,0.05558793700212291
2024-08-20,-0.0016164040700341665,0.005793731731863241,0.0003674835847351611,-0.0011226821979097219,0.0007980892000713412,0.0011743864856541006,0.5802146438614176,0.029179570540517737,0.003955580665734083,1.4309208209936268,0.013468098373492048,-0.010837847281030344
2024-08-21,-0.0016636836750126636,0.0007812222851474384,0.0002329370674708879,-0.0023798364960067177,-0.0014126289143549472,0.0013564345337519499,-0.1490615317191654,0.030833994808692602,0.0040037871684962915,1.3075338167991255,0.019836148145124476,-0.03953201547507076
2024-08-22,-0.0008056941155763543,0.0014295241051535989,0.0004241437241717203,0.0009974423197174358,-0.0008424582876154633,0.0027714119558305728,-0.4536878297799076,0.02459099721724667,0.015531637194702562,1.5744732933070116,0.010271335560917081,0.0274317565238021
2024-08-23,0.0010441577247773247,0.00012118866383117345,0.0005559263839930958,0.0008105435605383607,-0.001496053734306627,0.003353522975888994,-0.8521076932748486,0.007465467670415966,0.015653305551096695,1.5618366224714972,0.027694413329056387,0.09159558918218079
2024-08-28,-0.0005500784964759954,0.003657523603105227,0.0007097440318828165,0.0005587770853656966,-0.0005243133169214348,0.0034158563990917255,-0.3497978235786019,-0.0014308301328950484,0.002683622087139617,0.772575029286299,0.023447482442038887,0.1145717809566962
2024-08-29,-0.001052170683991096,0.003208382781702178,0.00039951100794514423,-0.0034191465417439176,-0.0015659110534401643,0.0031370260984477432,-0.7487437637358441,-0.005676357548950102,0.007210192715366217,0.5773636519746789,0.011336670836085444,0.109752424394738
2024-08-30,-0.001027842200254775,0.0050254454484231015,0.0006067435167404786,-0.0033447536344565184,0.0006161096221343543,0.003910760786596946,-0.16715446021734942,0.00564021712089118,-0.015052247026214884,0.2661830932318885,0.010814985891175159,0.12001685134583737
2024-09-04,0.001253686126122998,0.0072899321606218065,0.0009912106135100225,-0.0008944529706770815,0.001432693717919917,0.0019090607736284078,0.04685634657235507,0.002138691216394043,-0.010175097804655716,0.3164230501372305,-0.005333134126771581,0.08667608170539583
2024-09-05,0.00038917263357436964,0.003039345361423002,0.000708152709690171,-0.0004198533195982317,-0.0002880965843179328,0.0032496072097031596,-0.10729761631419772,0.03212426732272556,-8.741710619304677e-05,0.9053663791734192,0.00807662570600005,0.055358056630064253
2024-09-06,0.0004626531922375875,0.0002798065836057314,0.0009371689880994398,0.0011991642702509906,0.0010584544230223998,0.0028835089439547762,0.16087581886922878,0.023012568062698916,0.009397420422338806,1.0591034795320888,0.016923458222295018,0.017686111270474123
2024-09-09,0.00064649833412565,-0.005917726597180198,0.0007748795001192592,-0.0018977523067650699,-0.0009115738015915637,0.004836630407352132,-0.48145271038513726,0.016668985702138803,0.013681477514492665,1.2276243849803303,0.01070128069184947,-0.010050368781542255
2024-09-10,0.004746437852635514,-0.003840626375867971,0.0003213459757773904,0.00105868592190298,0.0020653145969814174,0.005039858275249621,0.02840619049328047,0.008759733607573417,0.01512109712549706,1.1205609943766324,0.018374700861947518,0.009809580545046503
2024-09-11,0.0011258746835484915,-0.004682756400624921,0.0002800854970119934,-0.0008253342205390042,0.0011064818605548887,0.0037946178860585847,0.07984757873076015,0.000109923622127606,0.011004179474457188,1.1557244130815507,0.0009716800996907218,0.06876564687954494
2024-09-12,0.002256507117276663,-0.003593223516007945,-1.130140647098711e-05,-0.000543175465528795,0.001930270324163096,0.0025628785756120044,0.5166803270710401,-0.018157423561041643,0.00906859752410178,0.9446331961466199,0.013763291264947698,0.09892707905012156
2024-09-13,0.002943427477252282,0.001354078308478183,0.000250058135763338,0.001581866768378118,0.0013977764313879322,0.0001082277857298343,0.5963054460625493,-0.02717769205850558,0.006930922018627099,0.40551317706386997,0.006897350061226274,0.0589319434002801
2024-09-16,0.0008746592050590106,0.0045167511009269225,0.0006931581935297961,0.0020715131856967684,0.0016233537282265178,0.0012070135316046178,0.8143138245471091,-0.030151284925949436,0.005512333133498881,0.3137931981306805,0.005986866388796597,0.03098205631472999
2024-09-17,0.0015896088129681738,0.003676519118273355,0.0006329662084234688,0.0011592194976326599,2.2154764589705708e-05,0.001444880670461241,0.1956572862124778,-0.006188199224355933,0.006818362500906882,0.08620601788032134,0.01768193232287156,-0.027995171021256128
2024-09-18,0.0021536947346215804,0.0022298925866483374,0.0007852262186439187,0.0013489365548137178,-7.846904899370445e-05,0.0025480179579576096,-0.07220617162321555,-0.005584220017411245,0.00735663855958513,-0.40622876554332576,0.010101955376296129,-0.06602139127324554
2024-09-19,0.0012778084241878373,0.0004904470283278513,0.0008190945878353475,0.0007540676705319402,-0.0006754499996372142,0.003440649950447883,-0.4788559331315734,-0.0001590526199667392,0.0005699981875518147,-0.08416405932652993,0.0007800120198184386,-0.04556237308663115
2024-09-20,-0.00018662884408007606,-0.003904644484312751,0.00048789176947019737,0.003464458118355701,0.0005236853859423023,0.0023640413995050014,0.050120370747913645,0.010720219046673108,-0.010689282314123,-0.02276468263316278,0.0033145149051329236,0.029882391918031687
2024-09-23,-0.002105969615597606,-0.003051464210125786,0.00085627562309202,0.0012393279203745107,3.6033368596223326e-05,0.002271635261273253,-0.05912704635741406,0.010305720406919017,-0.0018704445776484835,0.0036168791828951607,0.0031995463381761366,0.05107763881862311
2024-09-24,-0.0037723509504189673,6.906675813285381e-05,0.0008787544508236686,-0.001084414228284094,0.000737669329904639,0.0023143753898349872,0.05045759029488389,0.012543195308844162,0.003407390469664732,0.5104322513491041,0.006843607885740911,0.052220051933776185
2024-09-25,-0.0009585352668438389,0.0017913396164653064,0.0008956822685984269,-0.0008915537779228477,0.0009797196572133727,0.0017962170265185405,0.18304612207802,0.015489593847295945,0.006479875289314783,0.5118495364507758,0.016630110400022272,-0.006226009700884184
2024-09-26,-0.001102100113404197,0.0029715122361345762,0.0005901054764127519,-0.00013264587869155428,0.0005688653836894973,0.0037582066112242427,0.12262559634957987,0.02197868528812173,0.005379023228239108,0.7575340783368202,0.004036222451862805,-0.030876095660861483
2024-09-27,0.002027564143470871,0.004457342979202872,0.0006617234119685832,-0.002221303030328311,-1.985632215004661e-05,0.0029650959423341014,-0.12985470013272046,0.01150390037316579,0.0022364150137945873,1.3391285725315496,0.012295500943096994,-0.07912852363719912
2024-09-30,0.0022198055983637882,-0.00014604665020055701,0.0002179910176192077,-0.003827192652671502,-0.0006019925391829224,0.0033271851052232774,-0.5185776554961498,0.005782049179060731,0.011947187961195356,1.2042402111424013,0.023424706971883764,-0.10381332209897057
2024-10-01,0.005580407630339359,-0.004093622991610813,4.687207634649489e-05,-0.0012591173641593335,-0.0002823494138921376,0.0032217703412613435,-0.39484898045920036,0.004887503447444151,0.011460239995892985,0.9988168077751701,0.01393211681200546,-0.09094854171822406
2024-10-02,0.007144629743111122,-0.004826261065417459,0.00016740478338169405,-0.0023972941865204123,-0.0012180089670223867,0.0037848502145142664,-1.1961034845619738,-0.004963273853709987,0.013929013999258048,0.7294397063105341,0.01175898375063706,-0.041324161555421256
2024-10-03,0.00216282706471555,-0.004925445752062562,9.955887705037696e-05,-0.0015589302886762236,-0.0006172403235815189,0.004428941405785675,-1.0023655465478951,-0.014950512751732608,0.011509250473126065,0.2488407781927993,0.009140064281184511,-0.017078048555350105
2024-10-04,0.00044191848019274957,-0.0027712636497148535,-6.057393742826185e-06,-0.0011852685822323233,-0.0010431434391908628,0.004244679714220088,-1.2935316034664097,-0.01589951804735696,0.003437680958310683,-0.5172261967371038,0.018233596617610075,0.022110139238022342
2024-10-07,-0.002871591363985224,0.0008445397880879458,0.00042974659253306813,0.0009284801768980315,0.0005781407342132714,0.0038564423416887245,-0.5896573045191449,-0.05133183721717836,-0.009354187427036125,-0.7206400419185349,0.003311757266593437,0.11040908097895853
2024-10-08,0.0024075179332059987,0.003387152676819246,0.00044758042814666693,-0.0019464143926509843,-0.0017458046177613704,0.0036891615045559394,-1.3983558394538629,-0.05772406077573303,-0.012254959774675804,-1.0212365544147037,0.004017473282188812,0.06783920503208819
2024-10-09,0.0012726370858140205,0.0031519815854051214,-0.0004361482466228602,-0.0005307502630535299,-0.00010974588474924627,0.0032387055799878066,-0.5626629754760122,-0.05006370693692991,-0.0024489006385844028,-0.3324646307570424,-0.0081130942669949,0.07095704731923243
2024-10-10,0.0021045584840268454,0.0014337316156189067,-0.0007295032736896497,-0.0023003047395648737,0.0002729037263564619,0.0021875494093175274,-0.3857961836816728,-0.037499338114396166,0.002752383278655901,0.2742543546292956,0.006079465446545963,0.06091248319754937
2024-10-11,0.0009346440234627648,-2.812615657318883e-05,-0.0006622150222604401,2.6015819015626804e-05,0.0007659853847427234,0.0033165332671213467,-0.3828874408436849,-0.03212272716602885,-0.002352910843856297,0.21534576654332585,0.013042949872582834,0.06290778140342894
2024-10-16,0.000992776336367756,0.00028135776441899776,-0.0005009556482725916,0.0003939731445564811,0.000197745016935271,0.001820718093410134,-0.2267603095976557,-0.015118308249710222,-0.002866604794974017,0.37569940212787734,0.001240337649898813,0.026187805259125632
2024-10-17,0.001910268312480607,0.003323220505778494,8.240851294499952e-05,0.00041765584882324125,0.0015299539629823865,0.002491673350555974,0.35649898036884553,0.005602757391617147,0.0016883440688123946,0.6319151978935533,0.011397591192753874,0.0700265704127115
2024-10-18,0.0016867414725279682,0.006285709285189834,0.00044742155140876564,0.000687905885177649,0.0015094212728306731,0.0030644370183858026,0.19092600221271805,0.003844792413953699,-0.002422017084645933,0.14656340804532525,0.010489758789069084,0.04157222324016735
2024-10-21,0.0006217920510990292,0.007077106332065857,0.0009086479561475571,0.0020074691350966643,0.0018258407944232134,0.002472080117059296,0.30487921519483685,0.00222358246914278,-0.01092639439234576,0.48928280790632794,0.008524103782752653,0.06443893874259626
2024-10-22,0.001011338151050653,0.0038099670487173067,-7.578960962426306e-05,0.0013382818554065448,0.0008492977306412733,0.0032783038390001486,0.13246581163861915,-0.006936894581261337,-0.015371868468903366,0.6298565493764359,0.019012133531198017,0.034229682882761264
2024-10-23,0.002088436101009906,-0.0010760024804189975,7.13156618778468e-05,0.0005640447388984836,0.0010994810913087963,0.0037665071699256995,0.05307586374911655,-0.022548672561018068,-0.02131001908347227,0.17417892356782078,0.011532903097620518,0.01649773472851835
2024-10-24,0.0015856572770731605,-0.002638011837520334,-0.00010486267592879053,-0.0011184384396511792,0.00033831184314665676,0.004530642534695177,-0.48915715735052445,-0.030606256832375844,-0.006889464220593408,0.3667860633804086,0.0016850127584448447,-0.032252542384149034
2024-10-25,0.001702258566802646,-0.002109536074167188,0.00010807069358366519,0.00030452342376073257,-0.00018505547520984207,0.0048288282537547215,-0.47219328238731206,-0.02585659619479239,-0.003289130215226104,0.5697383625016521,0.008947650574088816,-0.03968457687137972
2024-10-28,0.0021077000143141754,-0.0005050676415411219,0.00019872621692434793,0.0008352340261461196,-0.0009270991102468958,0.00440983085532341,-0.8081729631222928,-0.021255488816220015,0.006277202787318145,0.23597611794114495,0.015017854651105791,-0.028019426345882434
2024-10-29,0.0006253805937207279,0.0002614981776259205,0.0002870808283262167,0.0007995379566727052,-0.0002927665081057722,0.004116680474593102,-0.4989833068800914,-0.018295284345318668,-0.0022004682910227516,1.1384478170953563,0.003030496799728153,-0.020997223821699853
2024-10-30,0.0013211832253437758,0.0012759967532659225,9.499966546332175e-05,-0.001976979695618444,0.00039374554307622617,0.0030173246301348606,-0.4211900212102619,-0.01831955341138893,0.008840395093159727,1.537369640485568,0.021027627704871148,0.07967024606671205
2024-10-31,-0.0003499532485156193,0.003408862011964787,0.0004475438639115106,-0.001119483198688661,-0.0010951090730945022,0.003745692314966709,-0.6100436110515437,-0.007278261223485721,0.016947367527853224,0.9415458937646617,0.017185161590901242,0.05281169014877309
2024-11-01,0.00062516278592127,0.003376394178145773,0.00014990653080981748,-0.0042545942910127005,-0.0025385864651792053,0.005525059137141036,-1.357991972569737,-0.015349357613826102,0.018694595041533188,0.7420637752160906,0.013745783720702624,0.07094755050072749
2024-11-04,-0.00042137949713222725,0.0027095976864939136,0.00018464293977113051,-0.0009387284320152773,-0.00041929353778233375,0.005610233722157658,-0.752442756127489,-0.0008551491954894002,0.012022904698644527,0.6076271834842191,0.014757912668259522,0.1683439575403155
2024-11-05,-0.00030159598139451176,0.002196428185038871,0.0005683397362304028,-0.0005231695683471685,-0.00042751760324765607,0.005594792053063612,-0.9073764807467792,0.01486877970733943,0.019142927119518836,-0.24856867136584143,0.011644556884145242,0.13746455596702392
2024-11-06,-0.0014963957845138833,0.0015010451309269562,0.0003829915470018137,0.002713051001345678,-0.0003291254676347823,0.004042903274603992,-0.29357990114996824,0.026041955129901276,0.03541561321264084,-0.34177596320595455,-9.300224946920399e-05,0.011403708362321206
2024-11-07,-0.0003617403203684281,-0.00019818700308103288,-0.000112719418479398,0.001292926600287114,0.004334522453333971,-0.00031743683765125255,1.158358917342627,0.026912986321903025,0.015687948063283115,0.4222435240653532,0.005171792677949991,-0.056633963005309436
2024-11-08,-0.001801689813080297,-0.0016092128881101272,0.00036312818658063673,0.0018713355822095336,0.003671566829607695,-0.0003443501233298895,1.4865503496801544,0.020306334092205468,0.016420860912495755,0.47372789519412584,0.01250578932897009,0.035139375571172804
2024-11-13,5.708896247399417e-05,-0.0014780413898313523,-0.0012450179991921834,-0.0013668804811180911,0.002754002194378454,-0.0006307230267970422,1.205631578003953,0.012293802780834211,0.028207921749640843,1.161123435444913,0.0036042336071012357,0.0967471987839824
2024-11-14,0.0021440411474126717,4.664059208595744e-06,-0.0009310069524876706,-0.0025819764133073932,0.00220523988118423,0.0008711668627194033,1.1414553873726825,-0.0006480308417917725,0.014525019154662894,1.223481509528054,0.008258626577453186,0.03292276567836783
2024-11-15,0.003281422430347047,-0.00029395403466773475,-0.00043543848339623874,8.659654067807326e-05,0.0031636219375382212,0.0038211796187951215,0.4576479939645123,-0.014105983098327397,0.03382603333572884,0.5358074823315562,0.006567437934813427,0.04491270825898973
2024-11-18,-0.0004014432783755632,-0.0005735259940403694,-0.0007229606164529218,-0.005000033129060932,-0.0012754907608956178,0.005468630560568153,-0.7282625743102888,-0.01922036336392521,0.023189716245712554,0.6362617249331026,0.006100239734599426,0.09947178795221047
2024-11-19,0.0007829227684616462,0.0002176456742022474,0.00010015457575021758,-0.0008654013606160381,0.00025029332271586234,0.0053639371987531355,-0.5309452621839454,-0.04294020492359077,0.04807755357287222,0.31553081807282973,0.02405632748443281,0.01395404119812759
2024-11-20,-0.0010052206571252752,-0.0020115528390935696,0.00016503482904395197,-0.0020872275266496034,-0.0006346378303774518,0.004647867986384569,-0.6565848714001412,-0.04196886349633626,0.03617937871811108,0.3159921311475467,0.013789763515285856,-0.012636446265474931
2024-11-21,-2.3982418487186014e-05,-0.0016135878067510797,0.00010930932737992969,-0.0028836243981827897,-0.0008294431669820399,0.003969684582727253,-0.7973221193773018,-0.05693087144684768,0.04497192566037209,1.2879037929926311,0.009028854147650122,-0.08350306124361145
2024-11-22,0.0008756674534637466,-0.0007626886625317287,-0.00016481339634725052,-0.002910784964934591,0.00023779705172763334,0.0023444411318392826,-0.5435647899907023,-0.05758378437934017,0.03802708260943938,1.5196037047040325,0.009299752231473665,-0.16763110744543425
2024-11-25,-0.0001731626862977454,0.00035181577516575326,-4.065797183958831e-05,-0.002872414672626227,0.0016265020130229414,0.002616034648114247,-0.02802710136932346,-0.043223197379569575,0.042300175017739486,1.4671243183024734,0.005966939355167188,-0.09027685105391843
2024-11-26,-0.0012589662452533918,0.0017427892357009013,0.00012798629932883956,0.001169579978323852,0.0008536667891939198,0.002704537576642545,-0.01620925423616071,-0.0299403079528363,0.04939796238999629,1.923665271655917,0.0022375065100582814,-0.16963705993389583
2024-11-27,0.0011572032014880635,0.0015371406754272525,1.9446668260549222e-05,6.898443383563692e-05,0.0011832494771504545,0.0021587300376441953,0.25219336322219854,-0.017471246761204876,0.04526402112743786,1.6967606452836494,0.008539607277072541,-0.1676313168700695
2024-12-02,0.0004305972225651658,0.0002744983682591818,-0.00016518534714588,0.003000288131614749,0.00023175055871288007,0.00306991873525774,0.2713563095771485,-0.01195418866631976,0.030203949415603205,1.3285529975764465,0.011274116750185019,-0.12439556702336223
2024-12-03,0.0016913911001443893,0.0007813995411193171,-0.0007781343302586644,0.0009166486568661802,0.0013656783817022297,0.0032348244177232972,0.14435571861894486,-0.0055882651783828695,0.029397412023351936,1.21660086405645,0.015542804512458297,-0.013450050559249187
2024-12-04,0.001606393724127484,0.003823612234793774,-0.0006864656952166551,0.0062387105932478724,-0.0004243962599330709,0.003386567150635968,-0.10394735633517674,0.011550085023124376,0.013374433959378321,0.9499039254601374,0.014630486903065232,-0.04403441785189528
2024-12-05,0.0006105673571678846,0.004116839886251693,-0.000419679341089044,0.0006326533551271801,0.0001161402035926795,0.0033300114267711374,-0.12752862706041135,0.008441079050282324,0.029619499994596822,1.0630661953923237,-0.0026125803033491945,-0.007922247478563748
2024-12-06,-0.0001834267302360133,0.002251900791497616,-0.00013709713217746844,0.0010011047916499544,-0.001304285924289521,0.0029991317228510598,-0.2656259841802516,0.006866719475946878,0.027893055967052736,1.2974925414081295,0.006913208542192123,-0.03625073080385995
2024-12-09,0.0015972880651287113,-0.0003313131726734647,-0.0004020044061083532,0.000994274008533469,0.0008505364405860991,0.0031890015299765387,-0.11280821560434351,-0.005395056723831528,0.030691092577621672,1.4376438525139519,0.011775556260040539,0.002782132314906071
2024-12-10,-0.0008430355690050375,-0.0018244171290268084,0.0002309912410690142,0.0017070518397886967,-0.0011100248315799722,0.0037691399662398394,-0.6286648492952367,-0.0062818265621689545,0.021196940448720225,1.3081690585665284,0.011313679136641054,-0.03479450856636222
2024-12-11,0.0016608237142463709,-0.0035221105116840998,0.00024391934822817936,-0.0007910202514350984,-0.00033229518123510833,0.00498972769125966,-0.56825140763059,-0.0062445454238070994,0.0027674540909629567,0.660376760583353,0.011193337076369343,0.003985774466080222
2024-12-12,0.0007083912912340508,-0.00231175480353189,0.00020531581679904986,-0.0017871912453455222,-0.00048202575409129735,0.0038273592056604724,-0.3150919271645101,-0.008492061885854085,0.004650907802671454,0.17841031577850783,0.011777288062171305,-0.0049865753807264625
2024-12-13,0.0002747712506906223,-0.00017043812636865788,0.00018050165396313062,-0.0025405996063005186,6.15389450659627e-05,0.004461785908562248,-0.49117035559855315,-0.0047147638246761905,0.0026317652937175567,0.1366468340360356,0.003652402082856095,-0.04515724499004886
2024-12-16,-0.0012595052303322508,-5.952361085764148e-05,4.004190209036187e-05,-0.002359026865474227,-5.23253996481077e-05,0.003945366228878802,-0.4859585858847729,-0.009240107390228203,0.002621856207731409,-0.014662399672167259,0.003914782674844371,-0.0363308917109092
2024-12-17,-0.0006698191265637238,0.0018055122368233448,-0.0002522302261655785,-0.0021065693549413332,-0.00011502758409770756,0.0033217771517931286,-0.46840360510802154,-0.014847778766836217,0.006716125451705334,0.027990221547003757,-0.001075411700574293,0.018039451964898767
2024-12-18,0.00015638003228152385,0.003822490072847746,-0.0005319442019489479,-0.003671790165627075,-0.00097852380275563,0.00453056440115325,-0.686416020533603,-0.016623964006937164,0.014539287152217908,0.3578816268841594,0.003168323234451438,0.029486767140325835
2024-12-19,0.001230895498492597,0.003689336888055961,-0.0013805080327591512,-0.014358710423167883,-0.008068155479679675,0.007022923042281272,-3.698719414320982,-0.0179403714055546,0.0073355659525708465,0.47137631591666884,0.008431532133565152,-0.004557656389476127
2024-12-20,0.0017556028289681485,0.003816673721355515,-0.000549885401673152,-0.005918171002865288,-0.00016017466369537157,0.007586984333476308,-2.2344923336598757,-0.02679142859416389,0.0011927783823974143,0.5983800209410624,0.007224203717434588,-0.03640833797898116
2024-12-23,0.0005467523675167358,0.00030730528005031346,-0.0003047673479106783,-0.00045895890784246964,0.002881064529653684,0.006379023758286851,-1.1044161158039911,-0.018465845423536333,0.00841939614848615,0.832639686197042,0.013113549655824598,-0.011750267038901812
2024-12-24,0.00030119462593943246,-0.001277947794653483,-0.000779393114456783,0.0008230335916210728,0.0025814980824743405,0.0047124491266582365,-0.8012733513798862,-0.0129400530379938,0.01225195623409929,0.7543269015654188,0.014382183180428562,-0.0018191005544695928
2024-12-30,0.001045541392186014,-0.002148467747971076,-0.00033831650063098477,0.002001102757011315,0.003978214135724263,0.0005010763135914111,0.9153109802246975,-0.0208435264976222,0.01244248996364469,0.46018374948911406,0.010917160590218494,-0.06423038235563255
2024-12-31,0.0006767116238100659,-0.0011998051864056565,0.00015550349325667574,0.0024820777564560576,0.005550883748932872,0.0020352567377303022,1.6745984782843042,0.0008747333110388517,0.019963670571757106,0.3253909589457271,0.00621091277367769,-0.2009958646068184
2025-01-03,-6.842754768674174e-05,0.000537944070161004,-0.00012941057313591383,0.0008402997468414904,0.0031040404670070383,0.004041090573649881,0.8258780116185409,0.02576519601726871,0.013614082263946165,0.11518725844040334,0.006614896118916238,-0.19766773355059103
2025-01-06,-0.0005902287753382811,0.007331116565891448,-8.28438602965571e-05,-0.000436827047504367,0.0036473698017427613,0.0033563768620215916,0.5313242690926974,0.01547241187640184,0.010665049087926447,-0.1115665737894268,0.0068341857847923895,-0.20187022901275092
2025-01-07,-0.0017562594436184103,0.006788013283618221,0.0001639972647284818,-0.0024715961166722473,0.0018016209294416932,0.0035060256867391996,0.24200723205391877,0.009380579865920101,0.0057321798940513395,-0.0014735924571184222,0.0014746249168813823,-0.29819730273839096
2025-01-08,-0.0013010768562941315,0.0032805924322017637,0.0005546580738862165,-0.006229930964486964,0.00011814263642188298,0.003418920908389414,-0.5767306999083699,0.0053051652857629816,0.0019434372654580732,0.11551523034391742,0.007744378613238216,-0.21595081209660152
2025-01-13,0.0002527091977198639,-0.0007651647077655964,-0.0004016519700840707,-0.0036469081419861537,0.00010086135603305744,0.0033257645921531045,-0.3308091208615783,0.004477976657104378,0.009154586029371092,0.3506944871929589,0.006025950669484584,-0.14843658529900444
2025-01-14,0.0013816638151880492,-0.003394378229194909,0.00033834680792718544,-0.0030724838570356803,-0.0009150466340440088,0.004419948820916006,-0.3446668510996166,0.024749281827505493,0.011669819552948178,0.15857898557811223,0.01587559153258418,-0.07132706561911067
2025-01-15,-0.0017400268859449756,-0.00364092508140566,0.0010390713361603696,-0.003113199717047937,-0.0032186418367120043,0.00459962241539461,-0.45293297447231007,0.033716128229982295,0.012520822753611754,0.34220899755508327,0.006622412012182078,-0.04043748759864936
2025-01-16,-0.0012983436989039677,-0.00036576311681283844,0.000652943091929565,-0.0015619221735972666,-0.0003549415808204038,0.0014765138421470618,0.3912201338827432,0.028017174651113898,0.02490607380274048,0.04241220141363011,0.0202155288203434,-0.035077649326562724
2025-01-17,-0.0016786505098882272,0.004124304831269025,0.001142809869455341,-0.0017370013692852974,-0.0008945825406838872,0.001729930219510172,0.4074350979089642,0.029242785850002444,0.02737844789302791,0.15703531064340587,0.006650636177440463,0.02081135043172426
2025-01-22,0.0003101345065539628,0.007071879079764025,0.0012515857674322071,-0.00017543672184797517,0.0005136031369177072,0.0011519517274792054,0.5910898109525966,0.008189273786595671,0.017833740575188238,0.4757684619938056,0.0036940190525166176,-0.23044854155123987
2025-01-23,0.0008380835804208293,0.008217225917604253,0.001625685285082845,-0.000680441075589121,-9.159894580551214e-06,0.0005615746945602977,0.4626374051289566,0.01185049805159301,0.00694489135002906,0.7628960375574478,0.009173248667717245,-0.16710590914564558
2025-01-24,0.0005573057657564946,0.006686113944064231,0.0013950551620916254,-0.0018623048973924095,0.00037962353968770294,0.0021015622538207296,0.281663049872571,0.021598602097916957,-0.0021330363654650363,0.9691083590915343,0.013198555630428838,-0.17534105207578163
2025-01-27,0.0009936198850991392,0.0077314663513309515,0.0016357251171393102,-0.0031682908407217494,-0.0019073531717887838,0.001970742298545324,-0.18085268888795558,0.01505650361984842,0.007419777340185018,1.2134777257729683,0.0206953109517291,-0.1483439717575056
2025-01-28,0.0017746074612024646,0.0074086859204481785,0.0014345304033288428,-0.005346129950099034,-0.004444980865874682,0.004858680244719003,-1.1385649186143862,0.008388062895918237,0.023392136274541665,1.2187754678057057,0.01221069044243021,-0.08609575977823104
2025-01-29,0.0033184441178079976,0.004098909741569356,0.001708246521424627,-0.0013896209723228273,-0.0021890331316177587,0.004494608802311531,-0.5634053524626471,-0.013115884502947898,0.02298133681376667,1.0294294581770072,0.015635323221079862,-0.0017384756432257602
2025-01-30,0.0019454086666651055,0.007141114697351826,0.001211172844178693,-0.002279631829162468,-0.0016069682737433386,0.005123678406611491,-0.6759442965101589,-0.025311638627584232,0.013757103909405901,1.012138627341668,0.010922567888841111,-0.0443673271050738
2025-01-31,0.0006026320711746435,0.006453345130490933,0.0005647795884005235,-0.002238710716534809,-0.0006929388541409916,0.004268118027177388,-0.4733927912785386,-0.02549598050834715,0.011680469664500391,0.9243658904562502,0.014089559553248043,-0.0015662217784707592
2025-02-03,9.759477036177093e-05,0.005662581556443573,0.0008600638171811261,-0.0031951783781659585,0.0008997088124889133,0.003143323326773825,-0.5346404543493604,-0.006279751586603868,0.005128160469159283,0.8167688909652875,0.013571126637305489,-0.008517620538185935
2025-02-04,0.0015037080056957465,0.007875058130128933,0.0007083835595675772,-0.0029446302008108776,0.002134375769045968,0.005363884035152613,-0.7786074978266557,0.00032028580824734754,0.012362318850651583,0.5847105210305421,0.014860835522704233,-0.0858466683024138
2025-02-05,-0.000358817216661849,0.00740994871731695,0.0011636184516162782,-0.0010297750141793575,0.0012402828108565203,0.003914320268496276,-0.436422257128931,0.007687922473359987,0.017431282185609107,0.6237526064990697,0.008068559155834803,-0.015181532463356323
2025-02-06,-0.0015535728181591724,0.004714492936639998,0.0005045815113145384,-0.0020568661207167396,0.0016918836085007256,0.003931297780099223,-0.0933827704606027,0.018955908836202198,0.021134671450400946,0.8222980348710573,0.003756266253296764,-0.0014684741939498488
2025-02-07,0.0005683227663719044,0.006654982651686707,0.0007094548735043924,-0.0022148940271280977,0.0016601812586262998,0.002929505884509536,-0.15855664150513638,0.01782028591180702,0.021784569314433476,0.9540871319178614,0.00828678270847239,-0.06788097051713755
2025-02-10,0.0035821777660287246,0.004391702489091381,0.0003528146228445097,-0.0018434381121561687,0.0017329968554444933,0.0032671100466304804,-0.3248088562713103,0.005126324530531402,0.0049872452081332255,0.8747437409897647,0.013105195344196527,-0.020798993956818577
2025-02-11,0.0019283057522636194,0.002712194649609947,4.3604761327901734e-05,-0.00034925930793948043,1.611343352506398e-05,0.003657517225310065,0.1888745045336752,0.0003907102149990488,0.00477625264505125,0.6479867825916532,0.01524992077784819,0.010328142892622119
2025-02-12,-0.0005084852719062973,0.005006044154422697,0.0004687352993294111,-0.0027184897575092326,-0.001129350309050533,0.0037196383244272597,-0.18559682534296654,-0.0031405783272387914,0.004067075259883051,0.2622563351688178,0.011626849739570283,-0.020879767831913337
2025-02-13,-0.0016621368761324607,0.0039196428842228175,0.0006228674711838451,-0.003346502209996735,-0.0009556083856496142,0.004414220684557836,-0.3695597046456379,-0.008655585502961102,0.00684440066504844,0.381534435585679,0.004877421335068136,-0.05188773274585044
2025-02-14,6.14060401153928e-05,0.003088690895876651,0.0009196059347403099,-0.0028122393279938806,-0.0008263677734519484,0.002237722713908574,-0.08226101832729482,-0.0160992888998107,0.01731275688009792,0.48099959451986124,0.009970758368036525,-0.007828379035239563
2025-02-19,-0.0008533118852620426,0.003806935375649076,0.001590740320914569,-0.002414927346100861,-0.0008737356975019279,0.003014528771960239,0.08619187628692393,-0.0035425604361372705,0.027583721478335578,0.6664992908089694,0.00848911778912621,-0.01921450623989649
2025-02-20,0.000920154067865997,0.0066772718907311505,0.001619262197658504,-0.002072677238752979,-0.0007480941661377679,0.0029136983939150934,-0.01913800673891708,0.003991937242993423,0.02199014673105599,0.13097838712156273,0.003928691188606224,-0.029461597940326028
2025-02-21,0.0008298703091113066,0.006491703571265789,0.0017494067654124832,-0.0021018823947029793,-0.0007388319917904769,0.003082294293308116,-0.2264218930109175,0.005115715881305176,0.018291205203843752,0.16647149905674377,0.0016264295191731268,0.05335065057621115
2025-02-24,0.0007352259422825094,0.0076818869794671295,0.001831558747240456,-0.004208759503831655,-0.0012211868550761813,0.006235854508039176,-1.0846981082395484,0.01897136136114025,0.012972393130129323,0.3870111719191747,-0.004289869568990464,0.13239276505354475
2025-02-25,0.0015474721684492231,0.006713152166148242,0.0008792051826830543,-0.005452148954292618,-8.397197349117285e-05,0.006745066805842061,-1.3427710888707116,0.03399583878845498,0.01655329843506644,0.6139737318959092,0.001575026499390602,0.1470467948479804
2025-02-26,0.0021899921320042695,0.009312415200847291,0.0008563079246041577,-0.005194434293032441,0.0019063251300779505,0.007223542477972992,-1.3945527774749216,0.032346231940455064,0.01936428033566718,1.003415572618304,-0.0029032134331287325,0.13255548113298762
2025-02-27,0.0023072346980121715,0.006817829881997719,0.0004052680952639852,-0.004040377123865676,7.805847377333514e-05,0.0065577276657617,-1.1915652539367447,0.03556456017957692,0.020251482741398086,1.4440386758702541,-0.0016946095421158935,0.12367864625237375
2025-02-28,0.003248396567095373,0.006494278076506995,-3.926355973221932e-05,-0.00337807370198455,-0.0008081519786684724,0.006276116556035808,-1.6406048058311247,0.04849988625319563,0.006800274388432137,1.2304386057734071,0.004441889710665063,0.092648418925919
2025-03-03,0.001484017375131089,0.007499850012576119,-0.0009094654846467499,0.0007971629119455008,-0.0005239234220592451,0.004533446751195721,-0.503386182907186,0.060735566648450395,0.008161565976610908,1.5267170430008423,-0.006159943228215926,0.0698592403823469
2025-03-04,-0.0007483413864183892,0.004519401633018763,-0.0008171361333575508,-0.0031862353852578473,-0.005068827586993195,0.005452201687724995,-1.351245738808156,0.05909284555933226,0.014960522699956843,1.8752247798667763,-0.003322223371856472,0.09143464949214743
2025-03-05,-0.0007233146944352426,0.004319027992237059,-0.00048680374272076353,-0.004232113834674726,-0.005177048693940777,0.0073274559290429885,-1.4905894682465388,0.03389142514061936,0.011781282630224942,1.6972370115352609,-0.003342126495737863,0.04090185059606394
2025-03-06,-0.0011554620889550184,0.005663339570120665,0.0004118356383058394,-0.004488784299351518,-0.0038781145065817733,0.004245816377432248,-0.853271977841088,0.015107122643057526,0.0028516380103890543,1.695776292957228,-0.006025878869406099,0.056153875005482926
2025-03-07,0.0014898453006413268,0.004942656093140396,0.001714678692825588,-0.006183793822797692,-0.0050978826698277425,0.0077215420158138915,-1.4910433349030392,-0.002204451944620253,0.000692868810964661,1.3864524570308723,0.0022127657464618804,0.04107350028701859
2025-03-10,0.0025424536210071386,0.005592331262187365,0.0017664780503301686,-0.0029553463060697023,-0.0030732897705117754,0.005266564862461687,-0.9121350042141856,-0.0027139701684788103,0.005627427139354579,0.8491077228131362,0.004979803302540872,0.029020327863163324
2025-03-11,0.002934193876537989,0.006510539255037138,0.0010737407720754666,-0.004976601855457657,-0.004178376543157174,0.0067247579746003835,-1.936080280599137,0.014159309433497254,0.023509696624709434,0.7837053044203766,0.002328845473699645,0.03388317163801693
2025-03-12,0.0014479381344618678,0.005998047839392536,0.0007983035326281847,-0.0020424694884832047,-0.0036302745554135417,0.00938601491010154,-1.4632971988375036,0.02800927210116751,0.020219679528771985,0.5211906616880503,0.0033518152579104293,0.026611430998012425
2025-03-13,-0.0006766576378342598,0.006578375889893166,-7.211282339570824e-05,-0.0012296502821252152,0.0008143967619537656,0.006250513865673365,-0.7416974276209906,0.03369775090651095,0.004835744361558334,0.03535937955979057,-0.002644857620677744,0.03785743554885765
2025-03-14,-9.483366778202663e-05,0.0082302247649208,0.0004709178202348098,-0.0013401550629870919,0.0010310409580645908,0.008311550695260411,-0.6870828124776416,0.03690852821808209,0.011967027230312625,-0.016968881099362287,-0.008725013741371019,0.05910843013608043
2025-03-17,-0.00011933297873591702,0.007502220570551324,0.0011282985341949038,0.0005233764027610785,0.002296336290934799,0.0031446679347582017,0.47063964171116207,0.05235712857282286,0.008546932501277069,-0.6827830680617748,-0.008331323695788732,0.06804488465828917
2025-03-18,-0.0012533025252934589,0.00682336675179323,0.0016488919743368256,0.0010088719241441028,0.0005784494100909284,0.0015380608810396613,1.33214853966721,0.017068783881993437,0.013639981507811328,-1.1039811853546841,-0.010608317958432962,0.08830591446876833
2025-03-19,-0.0003566082730024056,0.007157527118936958,0.0018079736105282727,-0.0013188826588425326,-0.001706990223215001,0.0036081811288002715,0.49659589935550935,0.0055360759979236965,0.015048085884847243,-0.826268782688715,-0.010158434729245427,0.0839937617155535
2025-03-20,0.0009360010985851228,0.005001857084500601,0.001903674965714996,0.0013056318472647688,0.0006469843805504869,0.0009501471160320608,0.6526464399905976,0.005089122502785405,0.012521599903221834,0.05181525794612046,-0.007371056280277535,0.017819339066914082
2025-03-21,0.0014173776282327647,0.0037960438411247534,0.00108511858502142,0.0018875279140720422,0.0004138171226001361,0.003558680203802225,0.5094262987928286,-0.019071334407804154,0.01655942256480194,-0.13033330059136455,-0.005587353603649266,0.03633771371914801
2025-03-24,0.00102043425899935,0.005773590463992407,-1.3703787107681849e-06,0.00035222418902885815,5.4072202621721003e-05,0.003684268282914172,0.15911480655306828,-0.014460764461776571,0.00946355363608582,0.25455944802736297,-0.0069724859643262894,0.03432476150680024
2025-03-25,0.000588186853430069,0.005128058847697765,-0.00030277505293181033,0.00034338934679638776,0.00014885929894840994,0.0008059271695338042,0.6333345362995992,-0.0038260700114767805,0.0007693667980574401,0.10340069573391647,-0.011814624019455117,0.010437987081769092
2025-03-26,-0.0005062919235307968,0.005691901298835727,0.0006763791476782429,0.0003364781664478132,0.0003942124793047965,0.0019073591605020506,0.717731996059933,-0.006113495671819897,0.0030030317986349305,-0.10030856089990298,-0.013224106989603385,0.018660289172968757
2025-03-27,-0.00040751577908431215,0.006575043120897921,0.0005442344763652875,-0.0010825185292423847,0.00024704660302720343,0.0026238669238671983,-0.0914730612621818,0.004237210940718173,0.01045795105374221,-0.16555866586742746,-0.009338026836352879,0.04282076375516425
2025-03-28,0.0003177798926011349,0.007916902219172557,0.0011544524547384266,-0.0016859870330830898,0.0004269514556011092,0.003384071432261194,-0.30943854106335805,0.01168285423070928,0.008160806441138375,-0.27893181812387485,-0.007607402078072565,0.02095165589037153
2025-03-31,0.0003645477375218675,0.00722759492557521,0.0011283855806572007,-0.004280873364813996,0.00021060240223707004,0.006884501208990911,-1.3171548334391712,-0.012290287192202065,0.021573092118952454,-0.33779626132001533,-0.011181110145091488,0.0161945465039635
2025-04-01,0.0013537383072117725,0.007741270316374044,0.0010298555832315022,-0.0036980454139635445,6.992886845518423e-05,0.006184007940612905,-1.41990176852217,0.006190643011121116,0.020900599941816873,-0.8739771136453605,0.0037772795453088707,-0.0051872938366178045
2025-04-02,0.0004941789393698272,0.006716419911447275,0.0009260451146766815,-0.0031889038835962924,0.0004464012939247874,0.00413413608783732,-1.0971379912482901,0.0066261729291577165,0.0199173569943109,-0.8240090937703697,-0.0032030134180557057,0.016546065970658892
2025-04-03,-0.0007399663284979335,0.005852837467599552,0.0009682362706326039,-0.0035027300660352007,6.958442899551644e-05,0.0034237499127179136,-0.744666219654411,0.012497446130410329,0.011276889486851795,-0.8032651748278448,0.001185101771883434,-0.008192719518853052
2025-04-04,-0.0018154853040285837,0.004816234810114033,0.00131144952688225,-0.012888654202512558,-0.00038867146944739463,0.005754380113099391,-3.214515611137994,0.04016824196255018,0.008958913452660994,0.1652080632660343,-0.009660845697839721,-0.01571401140924608
2025-04-07,0.005950738701518612,0.0014892597146416906,0.00064603890105969,-0.021819151391920474,1.7520859895595384e-05,0.01326038721749806,-6.614163909481006,0.06535684230899633,0.020396069981271206,1.4190072735950994,-0.01022542844874711,0.027698405562375926
2025-04-08,0.00651037612685321,0.006839844607650222,0.00013667620859124924,-0.015470279590197637,0.0006168737964665247,0.013773040927521282,-5.977884296400655,0.06480643420731975,-0.0004633137921532648,2.0951505859867416,0.008771331671499518,0.06467239936358979
2025-04-09,0.0024098665161551122,0.008038024127667553,-0.0006116273918796871,-0.0174370575639105,0.0005382559383938397,0.014395622164521286,-7.0095488158847195,0.05560293019634196,-0.010228860010732924,2.1418436145205844,0.008631034327388596,0.07450419563983578
2025-04-10,-0.0020859764200798535,0.008516841099527071,-0.0014949051914016382,0.0030549860384831195,-0.0010417298442772945,0.0005179325150697764,-0.553654051717744,0.06226489101226585,-0.012581209535210459,1.2683262537185862,0.015207483365522252,0.0908138438903758
2025-04-11,-0.0020958464793007815,0.010784128208726625,-0.0003195303962839473,-0.007944290422687371,-0.0003320758561072318,-0.0031451647095570787,-1.4622722738871048,0.030910619214242686,0.0020160322778549986,0.4999895612046203,-0.004101496975273927,0.03386099304769416
2025-04-14,-0.0036209090276911366,0.0060259909024409355,0.0019631372001601938,-0.0008862422091057071,0.00027845097923910475,-0.0011369532857017205,1.8072452242869128,0.02017163901937329,0.013594050830827447,-0.2341437916433921,0.0029441087388479056,0.06573715067701712
2025-04-15,-0.003458010084971255,0.0036855363439899647,0.0034032340833724246,0.004520818302995056,0.00024188144882709035,-0.003713383078213105,3.5768343613680456,0.012197976142654386,0.021755143772109124,-0.5007731456091329,-0.006175077547024985,0.007613249884451607
2025-04-16,-0.0009788665555859498,0.00404307967531671,0.00380214032299673,0.008001553717779426,-3.986345969588323e-05,0.006742988970586779,2.883368297133053,-0.00047861032545284607,0.027899083667737096,-0.16452246981405433,-0.003587727055360427,0.009693477585847573
2025-04-17,-0.0011188084200790514,-0.0054939862543677866,0.0026718520392971356,0.0006884484228925219,0.0006955352774804021,0.00048798874136390903,0.6284610465428576,0.02417506082671563,0.008027839309091827,0.2243533276188466,0.0011769435969678091,0.008874370848003448
2025-04-23,-0.0007675011538306908,-0.0019083515712802655,0.0017702076828375098,-0.0004821007106994367,-0.0001654458871436648,0.002190504715205632,1.8197772361782487,0.02917312929959314,-0.0006125177538420633,-0.043112242442009674,0.003403053922478183,0.01628663782790267
2025-04-24,-0.0010888692693224028,0.0027974169860110116,0.0010270389487807845,-0.0013251979065007496,0.00016562478404348604,0.0014022695477447747,1.4043200858100922,0.03058135612087643,-0.008910995664403397,0.7143373278513263,-0.0030413513571926377,-0.03507892513729362
2025-04-25,-0.0009592631071270281,0.005579917669772393,0.0009260035529147329,0.0003513385901423834,0.0011771791282014243,-0.0019587311907054397,1.336768299270465,0.01978216439817595,0.009560319368795263,0.6265808461282671,0.006832211790744209,0.008690315915268131
2025-04-28,-0.0013525674434990709,0.006532148072959936,0.000465190972855956,0.0008569348057821463,-0.00024244263194762319,-0.0029242038978255724,1.3718785521218062,0.02033471626911333,0.01226675302294944,0.49194688757328286,0.0023149992910714463,0.017288628052245323
2025-04-29,-0.0006868189519181339,0.004762419643674451,-0.00021371873436547314,4.002385574261797e-05,-0.00015130325390929906,0.0021527379440338928,0.779417262473275,0.013871876049469146,0.005363227025234421,0.7455891296324513,-0.006779474982750314,-0.01035185951126336
2025-04-30,0.0009999143481787378,0.0016863838794166366,0.00034673417996771615,-0.0010284427006064982,0.0007907961331576052,0.005576466348928991,0.30964441246713226,0.016645126450502933,0.009865256554754906,0.9525037468390383,-0.01317324697590004,0.0058665542077086475
2025-05-01,0.0015139267311533124,0.00022029041451416238,0.00044534137078138056,-0.0020056248311487506,0.0004168216686827794,0.008832832999268328,-0.35824225525395414,0.03194572758459246,0.00511949526118004,1.1547518131298335,-0.016989404694813894,0.025739090335227317
2025-05-02,0.003498624271760655,0.0023860661615343753,0.0013065051022673512,-0.000445735589023679,0.00045449961048327854,0.007492298278168065,-0.6359008429265756,0.03129154811873104,-0.01785778814571163,0.9957934063017335,-3.440540229517064e-05,0.013135755421077137
2025-05-07,0.0008245424835309441,0.004610057695449998,0.0015892972426038783,-0.002610501313056771,0.0004095570127355696,0.0062875316866524145,-0.2930663948985216,0.028506127030477425,-0.01324034334394531,0.9657293422929296,-0.007925458436832527,0.022856006523111413
2025-05-08,0.00160755498196466,0.006780110932321101,0.002153438820088481,-0.0014104720749033345,-0.00011214769743576116,0.0064948813075793406,-0.220896487478613,0.04646775299388472,0.013732870877807364,1.0623796246683135,0.003082013001573315,0.02442694454379997
2025-05-09,0.0036043598907282873,0.006806735853988195,0.0007241279148820222,-0.0008986560862276965,0.0002797824932929798,0.0029792370981895724,0.14534052935520334,0.05814627870913873,0.011744002707484262,0.4903931455474918,-0.002532468901983243,0.004111816667326488
2025-05-12,0.0022947662011640517,0.004268246608957192,0.0012984212536411542,0.0017691084564969114,0.000994065312646329,0.0018830882161111275,0.6638290432542836,0.05620585484522294,0.010180632672133955,0.10636221860735037,-0.006454481395568038,-0.02727598867556102
2025-05-13,0.0009606187106756408,0.00977752854123692,0.00040564604954389103,0.0016123830623622924,4.834570518460774e-05,-0.0021332369091749295,1.9547356152235253,0.049727777924788524,0.017843141516341518,0.20433142398831225,-0.002656230069569736,-0.020174067298216712
2025-05-14,-0.003575283026277575,0.0048633306246303005,-0.0013757056389789694,-7.572724717474588e-05,0.000184055463584751,-0.00575080859549126,2.006518693283698,0.03826136719094926,-0.0017681720118833018,-0.0737370818547482,0.0061619831918010015,-0.017775061039994863
2025-05-15,-0.00436749301142269,0.003710976850987365,-0.00016583337836327137,-0.0010184658701277638,0.00032313688828037706,-0.0033934421636352915,1.4056538482616765,0.020558923078970746,-0.006852886606671127,0.15192007739122107,0.005180448281057913,-0.020934699252167805
2025-05-16,-0.0015378748162160458,0.003854315308898949,0.0004832005901440762,-0.0026106263181387007,-0.0004234671188988252,-0.00015778392872583613,0.7647841843027239,0.023717501108102945,-0.006746221290233454,0.8390496818517275,0.004672218767622442,0.014888549047544938
2025-05-19,0.0020201375230118027,0.006450783705708684,0.00043419776803885424,-0.0019947349107080283,0.0013054669692660345,0.004182589274197819,0.2713640832921588,0.01212539433053977,0.010795177633945852,1.0311580849959672,0.01240823575153624,-0.008530350406676268
2025-05-20,-0.0007655954800109171,0.0034677677716686353,0.0016634406905379105,-0.0006696151485779065,0.0003204696612758276,0.003980654132462883,-0.28318058890492603,0.0006152714890050419,-0.0012815893876610834,0.8708866547507756,0.003913660203380068,-0.03171987119504513
2025-05-21,0.001079048873905804,0.002989400001735115,0.0014611659099454603,-0.0004307013077703474,-7.810565567965702e-05,0.003946375549278323,-0.07342600492075421,-0.012155610073049864,-0.0005683709840292039,0.7850728531513977,0.007323563196991513,-0.030123506762377898
2025-05-22,-0.0006483759919461991,-0.0015363466510783929,0.0011714966613183347,-0.0027604676635010514,0.00018898217254032288,0.005848375723247373,-0.8451337158372947,-0.017352486517969744,-0.017973578291142003,0.6335075747343297,0.007113154903192011,-0.010167668444241504
2025-05-23,0.0008049802054546787,-0.0018935300836692903,0.0017576299908692245,-0.0010038197981246586,0.0006900833505802603,0.0060769322231281325,-0.7769618838311787,-0.017912996731221986,-0.015817719809398056,0.12197197173508481,0.0013456805838300313,-0.016921889656444918
2025-05-28,-0.00040819597457253165,-0.002356464065650668,0.0019043776876423242,-0.002301618013680862,0.0001338855439258518,0.006246432699687672,-1.379750235607346,-0.009555287206077264,-0.009126795419722803,-0.13533000283677526,-0.00887038463627586,0.005152765128116019
2025-05-29,0.0017870003351026298,0.002674143981676489,0.0023084111641910425,-0.0011440885568931652,0.00042332807877674006,0.0047207736383953845,-1.0689364732722966,0.04107256749726614,-0.005930415814804352,0.18894537116604185,0.0023158783347766313,0.0448479453934032
2025-05-30,-0.000959956311026073,0.003999325227050098,0.0016102159376946235,-0.0015365741988982728,-0.00014511989593341798,0.002741888024047135,-0.7915264775712915,0.07087611604236371,8.50942908967884e-05,0.46410718019924874,-0.0001991621771839213,0.05100975998299454
2025-06-02,0.0007259279527538519,0.007467921716606602,0.001301006784048299,-7.623783761137988e-05,0.0006020574506777677,0.003381821071939277,-0.4014255673527963,0.09608608662500523,0.026072081943985546,0.5747626889520294,0.007795870430957669,0.013566451800762809
2025-06-03,-0.0011170866593501027,0.00687946767780731,0.000567332331023155,6.561676400237423e-05,-1.829427872287125e-05,0.0008775239109850052,-0.2153301074499772,0.08793185343188091,0.03529228191982317,0.49831028559547474,-0.0007577632303102724,-0.0004641761603016623
2025-06-04,-0.00015768855554214534,0.003580908416885082,0.0005178684758809687,8.809927922762042e-06,0.0006023388306627141,0.0002701003352342879,0.31151052828072,0.044198542927216755,0.019846703867505606,0.2451976452160387,-0.0025250121486564032,0.004022333915491372
2025-06-05,-0.001701737410238604,0.0007610618150829648,0.00031214338621340357,-0.0018554685443921903,3.713399059763784e-05,0.0012444651456447204,0.3045461141318606,0.05563816869281592,0.03706753843990077,0.28261689374686116,-0.00021491025721932268,0.007832579742095216
2025-06-06,-0.0014840424927701585,0.0002650245995210541,0.001585688459143663,-0.002344133660262717,0.0005402267346654674,0.0007899909097442547,0.025992130198055352,0.04605865647824105,0.03367769036153071,-0.021388836978036008,-0.0021024656121419773,-0.02352954063182583
2025-06-09,-0.0013774810093231575,0.00441637414344865,0.0015522217268778887,-0.0016506161903750293,-0.00014731378129283917,0.0006361882680860687,0.28646482020990094,0.03509980102640122,0.012729636435831214,-0.5303468519436678,-0.0073592927435810924,0.0032600226950402836
2025-06-10,-0.00047846815807671715,0.0030872190909058423,0.001742009228049797,-0.0010580309019691395,0.0006752793286163121,0.0013562755432253407,0.027488487748114077,0.04535081175481814,0.011618866339205131,-0.21266991312939015,-0.005445038561058577,-0.011973363014769102
2025-06-11,-0.0013608144336668612,0.005134569787986273,0.0013316713673306912,0.0008556031864730032,0.00012247227265002716,0.0005918414759028016,0.16506047131173296,0.060421634670148085,0.016040725855024043,-0.031560864499742936,-0.003984741402378544,0.03437739806080319
2025-06-12,-0.0007457491975343133,0.0020293748535967424,1.0180847704593201e-05,0.00038158188882940117,9.135202859573944e-05,-0.0022930122655767083,0.2601715953350622,0.058623552381256,0.019075247942823524,-0.5978770012964898,0.000607667332969462,0.010561957033814023
2025-06-13,-0.002174639088111388,0.003999099038841106,0.00036723726421717366,-0.0006105801283505755,0.0004133224217261628,-0.00024665417258320187,0.15152308777268902,0.05950826545744085,0.013595842585125355,-0.6186003282113579,-0.00863802893564299,-0.021684272666048603
2025-06-16,-0.0009642023948616448,-0.0012562695828246667,7.96631111529215e-05,-0.0006481484269945544,0.0001480159257005696,-0.004818394966066859,-0.094774521034579,0.0401023799093963,0.01753750521755252,-1.1005982321642092,0.003228784837914048,-0.025158035507485462
2025-06-17,-0.005175838082399574,0.0018404509782519705,0.0002750896892662686,-0.0015218452940500913,0.0005698823677530861,-0.0043611841557964475,0.5725853929241005,0.0007080425330180679,-0.015320556667772324,-1.140140674791749,-0.016134796858866016,-0.07150234641698701
2025-06-18,-0.0027647600334774125,-0.0025322478288555723,0.0008314989667040605,0.0006783372966958495,0.00033497315698974555,-0.006190410167922374,0.022291974098552048,-0.00019612611501291718,0.0006147189698002889,-1.494133833707426,-0.011712352736639842,-0.061443753509766726
2025-06-23,-0.004312687843349689,-6.389589962404161e-06,-9.346539447753609e-05,0.00038799403179470853,6.978131646697382e-06,-0.004126003209440147,0.34503345363409965,-0.0028941629797375086,0.018929945421411663,-1.4293311719088413,-0.012803619363729358,-0.06126809007622438
2025-06-24,-0.002906624836255232,0.003759445484974065,-0.0003141335288087246,0.0012653600036962305,0.00040497004810720013,0.002788830958799656,-0.07772096522645036,0.025196595489135602,0.01299617709693205,0.27086401741948557,-0.02018746793536238,-0.03940682982773176
2025-06-25,-0.0014035025492316895,0.005933479301553987,-0.00021763891146130788,-0.0016514328985538413,9.003430500360734e-05,0.011318082687226894,-0.38260505097695396,0.04932057884694655,0.009395350901401683,2.059370990476416,0.00731641794129604,-0.056953850066080475
2025-06-26,0.0029574490010825763,0.00705017444384693,0.00040387504268434,-0.0014224617381797154,0.0005053560406173828,0.013483250256082217,-1.2952970882552828,0.0652585076799479,0.01545858546300683,2.2110996731777,0.017477815093438494,-0.023995680252019858
2025-06-27,0.005942154690415962,0.008018486076374617,0.0010675618029770666,-0.002244475659918641,0.0005362837453045404,0.014584009684269737,-1.1842622024789793,0.06710413040836755,0.01277381415118612,2.6196424465701376,0.020602433413338755,-0.005691618697093076
2025-06-30,0.00639904327465487,0.005233867910323457,0.0016781475787323898,-4.9357619487162016e-05,0.0006420830862348696,0.010650985438576174,-0.6073542293248192,0.04401122334683201,0.008859554010770885,2.436764074797342,0.021285558471859006,0.023013289747496734
2025-07-01,0.002519634409097359,0.0034447025763718886,0.0014921403798575854,-0.00038545958478344123,0.0002974007470954781,0.005278709279495104,-0.20184395614511047,0.05986017817297912,0.01734032214085142,1.3958408754319969,0.012829968771991936,0.013994443827313269
2025-07-02,-0.00023385835717240524,0.002508498614020166,0.000807173136763795,-0.00011600335910651538,0.0007636902555760181,0.002877052198449609,-0.32459488431232086,0.057771242145781505,0.01472053461765612,0.8641250982908506,0.010567057297309352,0.04360048418808454
2025-07-03,0.000300715890589394,0.002124760718607652,0.0005388360182154793,-0.0004563277616053041,0.0001635867283873756,0.001749143128001806,-0.1677020861687894,0.05681291169539051,0.004316829759090947,0.5144375050534333,0.005782660808194083,0.041394634857998755
2025-07-08,-0.0012283162907352496,0.0036171310096758703,0.00046770971306332563,0.0004768317905681619,0.0005915808736936133,0.0013354360426161877,0.08913699357679905,0.0541945027338595,0.01544764219737358,0.5864548217324985,-0.0014918203545888145,0.03874667800703797
2025-07-09,-0.0013816646378054058,0.003418048897471582,0.00011364247634791582,0.00048710475601931603,0.0003127543013685818,0.0009351972035653521,0.3154121696690727,0.02153807584278328,-0.0034765150484116474,0.5904019582655293,0.006560648728147014,0.03612333367547474
2025-07-10,-0.00361861968952306,0.005651491092700224,-0.00020018693985273702,0.0003621885636782923,0.0004133816530118804,0.000158112693927368,0.3961088762120095,0.019107639069478505,0.007519646493227233,0.4584238275262814,0.008900587439122226,0.043741141655742846
2025-07-11,-0.003407937317521501,0.0073563839212612454,-6.988727661780832e-05,-0.00027385968808098964,0.000220183067671288,0.004320865764386534,0.00845072031354191,0.022467320935518474,0.015325591046083173,0.9444144213815648,0.008366418843142487,0.02725278354587638
2025-07-14,-0.0012908626687896606,0.00737174710493161,1.802735224596541e-05,-0.0004388900733020134,0.00039615690606588827,0.0047468119372311695,-0.29198039504792345,-0.0027983348616846034,-0.02367401016310765,0.7389442997620538,0.011348188783301207,0.01602058376885691
2025-07-15,-0.001070588494506102,0.0070879397499273395,0.000225002992603574,0.00016761655481728623,0.0004827210244102132,0.005192021976024767,-0.4461830134071588,0.017674653179641668,-0.01743707957142112,0.815345940697364,0.0064570883469891585,-0.026303637194566725
2025-07-16,0.0008291561550404095,0.00401397289721169,-0.00016682688789710715,0.00041735703230533656,0.00036530550569478944,0.006549320411972714,-0.6720063707181931,0.01829693862585792,-0.014996429645153537,0.8950931946463292,0.008698915961149646,-0.008923981755897408
2025-07-17,-0.0004707042134704616,0.005115460057851201,-0.00037893182198591206,0.0007022589073801811,0.000469336426758286,0.00580953041134428,-0.7302068291063206,0.020174915754909314,-0.004235640469205996,0.8045448553945042,0.011703833636749891,-0.027485287993110907
2025-07-18,0.0007305383878853056,0.005985488771398506,-0.0008961782539716889,-1.260273659375985e-05,0.00025209437384035875,0.0035772988006227383,-0.44644256857114095,0.028436065327929028,0.02107865635504666,0.16398798292485978,0.011572048360988454,-0.035374569546386944
2025-07-21,-0.0012207795219142284,0.0052082809816274295,-0.0006403928953072827,-0.00036144027338629704,0.00024884506350975446,0.0038929512810521876,-0.3070921844319986,0.025200379332931448,0.015600081179195553,0.11686563927850452,0.011175013487492133,0.0012173692415958569
2025-07-22,-0.0002988965834635578,0.00488512462736887,-0.00017507225017716828,-0.0013384997566007065,0.0005510425410654138,0.002217709809328383,-0.02954180073516252,0.02095890248639718,0.020270172942016128,-0.1932943679621319,-0.0007543066636875387,0.008273937864242603
2025-07-23,-0.0017947011355599434,0.0033006223100703496,0.0003183842026840734,-0.001092366934273199,0.0002652958610943597,0.003510002522414797,-0.11862119255457299,0.02319236029555325,0.017131417298997153,-0.16405719780671263,0.0006616622617318987,0.03150968361273428
2025-07-24,0.0013984027841092521,0.0018667301576681854,0.0005725572560148409,-0.0013513890940982992,0.0007582800133133602,0.005666693695790502,-0.19194532609591808,0.016516155628873007,-0.008251739646793356,0.2882802622520155,-0.0032671236043666056,0.060475471040743176
2025-07-25,0.0012919523967845565,0.00014242463902093398,0.0011816709254593766,-0.0009663150891237374,0.0005660795949946215,0.005478206698125548,-0.4116510476123189,0.010637522910160428,-0.021262813007389053,0.45359307055596976,-0.002116344045622963,0.04750018411005097
2025-07-28,0.00216235750871039,0.0015328988241405624,0.0008815741801551418,0.00026933837994884375,0.00047323477330887386,0.006040794075160924,-0.32307587219022665,0.016008660746355836,-0.006044677267092376,0.8057403454532714,-0.0055054524097917345,0.018182482734244946
2025-07-29,0.003451769391391204,0.0010974582574810703,7.741685868174625e-05,0.0006854016705292005,0.00040342578853704014,0.003728452658859332,-0.12592449085252364,0.02737393639119672,0.009614392757151459,0.854041410370151,0.010269104597988422,0.03956212007195477
2025-07-30,0.000788719452858917,0.0011557470954537505,-2.992580172521933e-05,0.0011502402063334658,0.0005635785667582812,0.0008102531650625872,0.014005946666723001,0.03111136808593268,0.029853712282140052,0.2806909945570909,0.010651798829726455,0.023624478278293976
2025-07-31,-0.0005970814455866372,0.003066762664833281,-0.0005185883675896428,9.844672933021165e-05,0.0002588488198916607,-0.0010829830259862189,0.22419350897622398,0.026769667212774843,0.03686822152036777,0.040700055022341086,0.00048132361951126745,0.008351215291645495
2025-08-01,-0.001150574950310333,0.0015922845363133065,-0.0006250691346385786,-0.0001318505970831108,8.6516616070651e-05,-0.00013490699943011827,-0.09753215643989246,0.014340771328314853,0.02042310929129009,0.5125323552876884,0.007764678882198066,0.024294112474352543
2025-08-04,-0.002602371077451685,-0.002832098285388418,-0.00024240586687750262,-0.0009021766496957893,0.00044421909615084313,0.004034394015967661,-1.2167979347768951,0.026164412240977063,0.048560615025019155,0.7548276833642307,0.0029367902626896486,0.02657709654630009
2025-08-05,-0.0001328017074375798,0.0020139093363012264,0.0008486260820413823,-0.0008905034662038663,0.00041775833060752216,0.006196133030180297,-0.7897179702523756,0.043263254181158395,0.02497535589480248,1.2660086433297508,0.00745358686522506,0.037519661525962415
2025-08-06,0.0025813580532090892,0.0012113978873049124,0.0007164089164459708,-0.0010352733200169701,0.0005635959824816423,0.00988313113878039,-1.4744114811961748,0.034090510501937774,0.006349221881524245,1.7423899069071314,0.011611919569360057,0.029243146409850426
2025-08-07,0.0031422587248276295,0.0052670247451664385,0.0011597244578310357,-0.0006349728363954964,0.0010535146060349802,0.009431457766522282,-1.1658464182874693,0.03554466366639017,0.008957745349160152,1.8509562706836284,0.02285582626532268,0.03152376497908971
2025-08-08,0.002617466755039551,0.0035364094922343214,0.0008560499091508997,-7.389162786663474e-05,0.0001396474243362338,0.007631071701024686,-0.811323613521373,0.06003284704749223,0.002921113414829735,1.4938657934534814,0.02283525195023189,0.03023609755568496
2025-08-11,0.0019439915062993546,0.004348014514059659,0.00011065516733251335,-2.6812978062699e-05,0.0004959752312019864,0.007900568649700002,-0.07847899687205284,0.04325750313254158,0.006774367427692484,1.0679690175871588,0.018052820649903975,0.027542964078081923
2025-08-12,0.0021350658725278232,0.0009323678298879172,-0.0001758157890131995,0.00023088177223350143,0.0007206604061956916,0.005560312833154261,-0.5141330234521575,0.03202315828484438,0.004169288053575382,0.7610700635562734,0.003494797442484948,0.04007085632438248
2025-08-13,0.0007080503727261056,0.0010594655094978535,-2.587240471402237e-05,-0.0005922881003473453,0.000210294083932262,0.00528354114759986,0.08815090388445584,0.031121571057584257,0.0008774073755882031,0.8479509925530515,0.007112311236376705,0.04465923666497812
2025-08-14,0.000781591191749066,-0.001340635021535685,4.965514156471519e-05,-0.0013290092660879274,0.0005120320115167907,0.00463193522953622,-0.07737049881587038,0.019840769803550862,-0.004828601116685791,0.8817853590749263,0.0027999330640873753,0.053139054626048975
2025-08-15,0.002261861668230325,0.0003228660826413185,0.0006640183002573954,-0.000314494602071365,0.00026944082670001185,0.004173853013983857,-0.11272139748176443,0.0006136951154854329,-0.0025450978201661083,0.7386337387681128,0.005080860808495383,0.04984378132364195
2025-08-18,0.0006805449185332667,0.00034745385763018503,0.0004830273482544416,-0.00023413968962459405,0.0008767245614169014,0.004740517512341005,-0.29351847497874417,-0.010666524994671411,-0.016000811697424518,1.1132088913828113,0.008416979586181601,0.01346983193438939
2025-08-19,0.0014469991074851892,0.0019442408607093682,0.0006818243163870849,0.0004256646309780849,0.0004167043240799225,0.004639033201590649,-0.12939556175980535,-0.01419390104831273,-0.013179133735614192,1.026295803371979,0.023924487608595627,-0.02151525064367172
2025-08-20,4.1231823987726546e-05,0.004551288458548896,-2.7396117901688717e-05,-0.00018598942584454456,9.441957265842089e-05,0.005103590023525562,-0.5490086403707781,-0.005343894522592815,-0.018002697218605652,0.8818691078557217,0.018386684732302074,0.004146082941729977
2025-08-21,0.00276894437906681,0.004546988379693406,-7.135209165810915e-05,0.0001586155020304874,0.0009239639345827476,0.004764107034941778,-0.6191186410941953,0.010617028739576855,0.002851103288892166,0.5701834377369817,0.008803981087961493,-0.017921385177818758
2025-08-22,0.0033553999005861393,0.0015239951701032936,-0.0002972846737812618,0.0007435581653105221,0.00015164691252338722,0.00419655086661379,-0.6721459532376413,0.024576026485692876,0.00016791730967882258,0.3875786037961332,0.0017553451827689815,-0.030441724539578614
2025-08-27,-0.001253526775466729,0.002634531073869941,-8.425257369784172e-05,-0.001697639877618057,0.0005904791190159653,0.002802535415247804,0.16424883420462633,0.039088587609743805,0.002925810861557342,0.37018842207266617,0.0004264280501791243,0.02454706963604882
2025-08-28,-0.0013473017487581258,0.0023763658674186374,0.0005682281439436278,-0.0016145829019347973,0.0003621102287918316,0.0010864337458676805,0.10855798290666896,0.057205392086600436,0.007292590454904005,0.2674772833662144,0.011150367891619517,0.041930224891644136
2025-08-29,-0.00316512553484561,0.0029108486947245073,0.001164894136289667,-0.0027267059640158084,0.00028561993926414853,0.0006795011229377488,0.38645771460843686,0.05668891511586117,0.0050917329335241355,0.047050975629169045,0.007096200135655713,0.018776241020964958
2025-09-03,-0.0021347235765431785,0.0015773656386781454,0.0018502181364038021,-0.0003480289591304522,0.0007986159458813313,0.002748258882578755,-0.07659044276023491,0.044769378430556346,0.003757801247661229,0.2722159706309575,0.005477952780588979,0.014113954302994686
2025-09-04,-0.0027592213163437486,0.0012580857081117528,0.0011871713282901922,-0.0007752509287583312,-0.00024505463626496457,0.005551641513949139,0.03410817306613817,0.04553532444659222,0.003490581144319497,0.5901052595460582,-0.002840704260012447,-0.007764333076882285
2025-09-05,0.0032091848306121887,0.0030265781432677616,0.0007689509128597451,0.0001705716379316404,0.0007309707462428385,0.005510596608857882,-0.21657180268351478,0.0347971201019971,0.011541539542472543,0.7477909340662116,0.005890570538872665,-0.05752407926839501
2025-09-08,0.003503660293559015,0.0006272895374091047,0.00041095476571608315,-0.0011239629829851723,0.00015647108170565042,0.008768238579540594,-0.6531444070846193,0.02159014686526444,0.0135722342772459,1.1444407851229126,0.011061194461084917,-0.04860138502633751
2025-09-09,0.005951447286690494,0.00408501469941783,0.0008550387241557505,-0.0006351787647929201,0.00025244522427298946,0.007423730280475766,-0.6809411316629643,0.023920985131444528,0.016586024800543345,1.1675237274765369,0.023500143317146328,-0.04548077036783956
2025-09-10,0.005325864677338965,0.005074587239414389,0.0006142532671530703,-0.0007301243204348529,0.00019091860258795793,0.006428383844916653,-0.17740552967815326,0.031182645822979818,0.0055137622327898865,0.8638968137087897,0.01478788268384861,-0.036610655033074674
2025-09-11,0.002562668347458818,0.004108437403408179,0.0004273566761526646,-0.0003095002025456411,0.0008688039517876988,0.003729620199232805,0.01620115973677566,0.0283290185430959,0.0038724504217032543,0.4483713877664563,0.020362778213496927,-0.03672450045821212
2025-09-12,-0.00161406067791404,0.0009839647731853453,2.5033818053667316e-05,1.9309075738387256e-05,-6.895634602248715e-06,0.0018690793660721286,0.3013322994690955,0.031178189212757425,0.006836706081918461,0.44248270478831453,0.01414456817259155,-0.008810379565515803
2025-09-15,-0.0020749138751971325,-0.0018498034244014325,-0.000591876259599227,8.27389242362779e-05,0.00041290997376264424,0.0021806829557382665,0.0895497464861803,0.026250413522637628,0.00048700420113450237,0.3101509332431975,0.009194165186203074,0.01682700857931749
2025-09-16,-0.00013930767821821198,-0.0023486515034302664,-0.00018823833406733857,-0.000790521021074972,0.0004977459828215395,0.0026847918073798233,-0.25998044798750986,0.0229640397491942,-0.0010089655710679418,0.22703276708402648,-0.0003896301138739018,0.00030963498090841746
2025-09-17,0.0013264922705438246,-0.0028316574644857585,0.0002961347431316245,-0.001035561139374363,0.00037766699615478466,0.002316238396655042,-0.2389887348823318,0.03403786972077969,0.0013418819875187418,0.11767875044958362,0.0030582954751003618,-0.014015551985805216
2025-09-18,0.0011827883000159695,-0.0002369110794761078,0.0006782827300037523,-0.001915768234241656,0.0001362602505530273,0.0027466232888586867,-0.1291811878363158,0.0498076586568362,-0.0007813446369931334,0.19064131940575654,0.0020760552200657055,-0.012288811954531395
2025-09-19,0.002440300075942951,0.004169444486153356,0.0012218558606427064,0.00018742025995653876,0.0006181937404873208,0.0022932158993317427,-0.38957666265007634,0.05268428806036242,-0.0031488572943628636,0.187104530304001,0.0016808205748797813,0.017111976421022745
2025-09-22,0.0012500120654612991,0.005590214986448521,0.0004989856785475663,0.0011922440161128741,0.0005016446192027838,0.004375094291966864,-0.43706019094045595,0.05916585477820767,-0.006737701696697811,0.4291825507840944,0.0018364811060574233,0.04159491197868374
2025-09-23,0.001251607017709357,0.007168781657899955,-0.00015421938673664928,0.0007498729951144927,0.00022564221848972161,0.005197182451648863,-0.597803088174204,0.055961120011667385,-0.0029932544690478326,0.6318713443495475,0.003912423234887326,0.07004319928966625
2025-09-24,0.0012222721945104084,0.0029566810781384103,-0.0005205822067724099,-5.405785160632559e-05,0.0002900315017242996,0.005467399571503264,-0.6811727670542694,0.05104619160454957,0.004119316314486931,0.6041001765847305,0.004167757834043636,0.061632911460437347
2025-09-25,0.0007879730858400011,0.0024580959836827346,-0.000908946129452457,4.357089258445935e-05,0.0007317041454877137,0.003428796466089617,-0.41735769493335956,0.0352479492484814,0.001511223735341882,0.15389309846261684,0.00628384053276149,0.05686681664810671
2025-09-26,9.134602229927518e-05,0.001062967012426036,-0.0005010035760129513,0.0007743162745168223,0.0008278375522978291,0.0021923264412867056,-0.2786935645204354,0.015280034063855807,-0.0025091422746334278,0.09566976429636018,0.003869231349745942,0.04043945748076757
2025-09-29,-0.0012176539762931114,0.0016723965851363739,-0.0004109609277192961,0.000816129382395498,0.0006331582510830635,-0.0002911843794121101,0.36840678378955893,0.00470393110548442,-0.0018262164714747103,-0.15580654997919863,0.005602974551040056,0.048059178934315126
2025-09-30,-0.004791279528434723,0.0007375866107758686,-0.00034171770430231526,-0.0012074054002334275,0.00025628843660481146,0.0017577040728027921,0.022893137027279076,0.01756907730445502,0.000957651009609567,0.22331498831173135,-0.00029945554977686174,0.013841719610087632
2025-10-01,-0.0052484883849353,0.003302587243180463,0.00021272186736630904,-0.0007776396008982295,0.000504546083619359,0.0046579108534221675,-0.18903184048793026,0.019730699653229614,0.004225741855299814,0.6938999210441691,0.003184579342400148,0.0011495051273011244
2025-10-02,-0.0039756408460041625,0.0038374995823276,0.0005652707815696564,-0.0010090580451013946,0.0008075708534483895,0.006950638406545406,-0.7025535555560927,0.028530999270345213,0.002728703577855137,0.8785957060304431,0.009212295344644076,-0.00625971845015196
2025-10-03,-0.0010668197941638836,0.00481571208414989,0.0008098444863246685,0.00037124017894881725,0.0005687846528366238,0.010113522003729334,-1.13516202721997,0.03805929009859271,0.0054800437786307,1.2097141162561993,0.008746036924087961,-0.03735686346865065
2025-10-06,0.0007977856857503234,0.004186063793776176,0.00020477231290963265,-0.00012156559165489011,0.00034966593568957105,0.008693013513506778,-1.1612431789173643,0.040432666234161474,-0.001754122683269032,1.2546072688350942,0.012005905771603759,-0.030212197279502438
2025-10-07,-0.0008403921763672765,0.002253970550382435,-8.034313539041756e-05,0.00024204209705926225,0.00046280663082239515,0.005956183402874455,-0.652664004615344,0.0397589683828766,-0.0050251498369023335,0.6414657363063353,-6.102208877683743e-05,-0.009745882237966528
2025-10-08,-0.000344944594463653,0.0016657433157092785,-5.40997475795757e-05,0.00013983734657907595,0.0005569618104189116,0.00465895683715131,-0.5514049672713285,0.04762161059491,-0.000725821554499715,0.40732898929465194,0.0014964513880434118,-0.006003647304990853
2025-10-09,-0.0017666484590111403,0.0038994076735377487,-0.00038951001995722866,0.0010972074484556986,0.0009261559402722426,0.0016806465311854596,-0.0039909246607719995,0.04809051684334197,0.00591538023082556,0.17100727152461048,0.007123605872982603,0.02107695871137608
2025-10-10,-0.0031550289504923093,0.004221505472985478,-0.00048013057223788945,0.00046990763300321634,0.000420404935408163,0.002873612879048724,-0.17632136232746118,0.03285638496461999,0.005176702299715174,0.19057046792679974,0.004399966470731726,0.05081845515519746
2025-10-15,-0.003327649389545093,0.0021719160726636245,-0.0005538349651041194,0.0006527525312972612,0.0006722015753363055,0.009177316314604823,-1.8417660923542543,0.027063782767760204,0.011655164366455265,1.1566748202027313,0.015259869497236553,0.08586675099410121
2025-10-16,-0.00031246867705788295,0.004006429966966795,-0.00038382049723387706,-0.0009471189459547553,0.0004105504818785065,0.009157462293000934,-1.5714662988286339,0.01872431503939586,0.008867515765128418,1.6213352146357876,0.019464161252424568,0.10619243716740914
2025-10-17,0.0009389108407856052,-0.0020707716491671856,9.744335373779739e-06,-0.0014068499421482977,0.0005426323460646665,0.011774860350550616,-2.626578717009704,0.024331748689850406,0.006141389624933645,1.507371487474096,0.011795208596692884,0.10289000116860772
2025-10-20,0.004228545237171062,-0.000141806689985756,0.0006609068446155443,-0.0007770002640591267,0.0007417381783722524,0.009226964157136277,-1.5022866191057438,0.03173059392488921,0.006875767597332781,1.4575490613056756,0.006455505991292456,0.09146756365233677
2025-10-21,0.0030070738802808906,0.002026501973285172,0.0005952498962298836,-0.0005460343390633655,0.00033514588518057675,0.004121617811204752,-1.1412899270003685,0.037447271156207655,9.589526077601225e-05,0.7250812144742822,-0.0014821320419545845,-0.020147893828087814
2025-10-22,0.004792476025357763,0.0018950394774311288,0.0006610288861277287,0.0011527855948725327,0.0005222257475148083,0.004834562959156886,-0.3017897741431269,0.039300337769842014,0.006063634953490376,0.13337078080670503,-0.0036498662738871594,-0.03485646951002722
2025-10-23,0.004094453194708952,0.004000982032628219,-0.00015082771960208373,0.00023249546124692844,0.000507764787690158,0.0029711904297269496,0.11226705647739477,0.03456830176438976,0.004306877522467971,0.08032959058154585,-0.001532602655027698,-0.05676035515568219
2025-10-24,0.00258737533263899,0.006008036971171374,-0.0002497340288291967,0.0008655718090874173,0.0004798429354281638,-0.0006706649197504118,1.3739183460482156,0.01736056529459916,0.0019350145685733391,-0.4151795393075679,0.003134241719119835,-0.0588319441973118
2025-10-27,-0.004871936476216453,0.004592656673554529,-0.0005743214077073076,-1.7278805143571734e-05,0.0004225667089451042,-0.0014712579172974998,1.1985581930841318,0.008350271132829153,-0.0029060927603760545,-1.8330152633849577,-0.01597760771613409,-0.004336444494498634
2025-10-28,-0.005798020666264884,0.004145760267959748,-0.00013358435192581712,-0.0006245576292860919,0.0005589084668110673,-0.0030144564235556636,1.12286418459024,0.00995659209716655,4.5409545148351535e-05,-1.5427337522331162,-0.01155594982004958,0.05654071033729878
2025-10-29,-0.008542489395092275,0.0032361281302893336,0.00029143004694794767,-0.0008651922309289538,0.0003962068894823272,-0.00013920880624941536,0.4556578585141301,0.011520950660655732,0.005789114965729439,-1.2450653229889461,-0.018736017625858303,0.005524966342698449
2025-10-30,-0.006275883866908826,0.0008319879945541412,0.0004264578113127442,-0.0020986707180139174,0.0004179236500045044,0.0039680874953122005,-0.12140946650295015,0.005996777656268434,-0.002931085136135431,-0.7946992827484942,-0.022880445606423053,0.011583248890733058
2025-10-31,-0.0013589960326518017,0.0006605270162729905,0.0008668426685184586,-0.0003030803339304804,0.0005282665772631511,0.006601553780430142,-0.6453251904059504,0.0022199002923726507,-0.00902577046658671,-0.003774885330451616,-0.0056538184368423745,0.007491873491979178
2025-11-03,-0.00016794487478350654,0.0006611503765020922,0.0003574016889024264,-0.0006421157250513579,0.0006882519918401192,0.00557929082232974,-0.660488733945623,0.0062669309565933405,-0.002601101263321356,0.4353239458179423,0.00469859956533767,-0.039665011745178155
2025-11-04,0.00015621579161528005,0.0019070456012417049,0.00043475453557536366,0.00043994209350943665,0.000577079987814647,0.0035040512585856605,-0.27800520315694144,0.013402007097557737,-0.0036198561432417738,0.4686614704784763,0.006690441938051917,-0.03737739666016663
2025-11-05,0.00034720614085248335,0.00238841753013329,-0.0002658330278308877,0.0005586469953459555,0.00033130634050746935,0.004487575315553336,-0.780658850551622,0.00928199872429151,0.002546240196141118,0.7559182768301553,0.010052744579741417,-0.008716628185053678
2025-11-06,0.0016728033764058816,0.003548265229846933,-0.0003748425467419842,0.000253725227808713,0.0008965973854753269,0.004596104736861767,-0.6546792558840079,0.009282193833929633,-0.0027121384508062216,1.3009939179892855,0.01568369693613604,-0.0284259086407667
2025-11-07,0.0020316535358147476,0.0036569780824048464,-0.0002332061912844075,0.0010012756530981127,0.0005101833868150216,0.007383127467873594,-1.3076406352386032,0.0102512225789911,-0.0031506602451768315,1.389207985980902,0.014891073073617835,-0.00400590542683651
2025-11-10,0.003817583539227804,0.003721614454123832,-0.000833699475146054,0.001047877830681037,0.000249542312537459,0.00662731143663659,-0.9858583986134927,0.013444504607436535,0.004655718235455423,1.7396850608484487,0.020590040347898835,0.01615737089998048
2025-11-13,0.00427847571556627,0.00158220820592692,-0.0007374325164221805,0.00024294027476897166,0.0004941879760740743,0.003264868952418102,-0.39654049469531716,0.013741717001631813,-0.001401379116929084,1.8278225221507667,0.027434923516571674,0.011783596284795389
2025-11-14,0.002533974589475895,-0.001007302166944244,-0.0003789034377003866,-0.0004536834904927747,0.0005201361272255915,0.004848803004270706,-0.8489573459262589,0.005952579375604968,-0.0010658499889681736,1.8133464056915944,0.024179972321277544,0.017755755433368433
2025-11-17,0.004538525078996316,-0.0006738538312548218,-0.00011467343755433607,-0.002436843335606592,0.0003092228127346082,0.0013243674614784972,-0.47938702743731887,0.007842770938969238,-0.00432306204729908,1.1476517196995075,0.020307157152997662,0.009569655983673642
2025-11-18,0.0053604598324839435,7.417099508077573e-05,0.0006828734879881748,-0.001049005507117259,0.0002402329458273176,0.0034579733693812535,-0.9022841721805381,0.00922111375200098,0.001487053525853434,0.6450497890167581,0.010743184905295574,-0.020630552746020582
2025-11-19,0.008592872115060372,0.0022783212438885836,0.0008425576440023246,-0.0004940532267770478,0.000817355937518103,0.0036631054162462014,-0.9888783860112472,0.011283212942312378,0.004990561450285041,0.31104203780597284,0.020234732753228606,-0.028893109940952597
2025-11-20,0.0024527169230839363,0.004859957640656911,0.0005917438142251566,0.0009127906368073093,0.0002856150596660446,0.001818566182170225,-0.7180112147108297,0.012731968390631121,0.0028502409179014063,-0.31758270345817813,0.0019144102354651292,-0.020842297405648996
2025-11-21,0.0008624615590942658,0.0046203912663327195,-0.00014336040763530337,0.000680153420226862,0.0006504044086189168,0.005475130516265976,-1.499317799986921,0.010844993866971903,0.0054252792681923805,-0.35587912910031533,0.000985551195634522,0.001968687813598909
2025-11-24,-0.003866584248381938,0.0041873156086194826,-0.0003957856726179517,-3.191415024524969e-05,0.0005964876004311166,0.005143080623087796,-0.7018803691942558,0.013982980010329224,0.009040147356269377,-0.3038584174484688,-0.008695655248382544,-0.004638405462796447
2025-11-25,-0.0021881660074375077,0.0025148180585335706,-0.00035781339377455773,7.617126708363254e-05,0.0004895615778772919,0.0040172311769821134,0.17427473947479424,0.01620787032716184,0.006027319056304992,0.22739271557198304,-0.0069764562907733,0.031227736468292883
2025-11-26,-0.0026837404990676006,0.0017723716040898827,-2.1530786220997627e-05,-0.0012035515090406104,0.0005044694234150995,0.0047529924484985145,0.7680528552232395,0.015615051474646152,0.0077439625014949645,0.8252562173402398,0.0007340326148027841,0.044209560964173514
2025-12-02,-0.002640686854141028,0.0013716620023139117,0.0004683821145845139,-0.0007804383969855441,0.00020025273199842582,0.001672732933475892,1.1498814186092075,0.013187616740759243,0.005335637760713316,0.8440560494793763,0.00989980960870039,0.0013622697621276992
2025-12-03,-0.002487811774547494,0.0024982618824793967,0.0006464768110225791,-0.0009228581605078738,0.00042718464077925794,0.004204689623737938,1.212579746210149,0.011112463064612412,0.00447897595049955,0.787560962146914,0.012517924283730683,-0.023006437654730677
2025-12-04,0.0015372256308028237,0.00044111222928269614,0.0007274445204962824,-0.0007177912123631344,0.0003012738863859591,0.0046836118895512485,0.712282754445944,0.013286286837488247,0.004358479919799637,0.38061712166168343,0.010995376042061897,-0.01183344482621296
2025-12-05,0.002585226502590756,0.0015886003336951118,0.0005272590308229195,0.00017472252693601531,0.00021931018797844546,0.0036898279823470038,0.34437063258991063,0.012824624540735862,0.0037644162002960857,-0.1485103162557248,0.00730561028040231,-0.021638784817907993
2025-12-08,0.0011869371057753905,0.003713887322914074,0.00015389668872859905,-0.0002926158518484572,0.00013275698324670355,0.002961615060838865,0.20372705575231187,0.006628436911766305,-0.0035769798748841886,-0.20524802022053673,0.0028740307486288903,-0.04901716383031737
2025-12-09,-0.0013727421948936983,0.00685048115019404,0.0002513428334360968,-0.0003815224602276143,0.0006976386238317113,0.004043042695558545,-0.31853027375515114,0.0069487782058361616,-0.007804474406618399,0.05189499483734461,-0.004241518233222602,0.008444510766485868
2025-12-10,-0.002553285762881744,0.008903805775544239,0.000156427720091663,-0.0007914185339738911,0.00018406926245701684,0.005036302617141842,-0.5057356528016835,0.008386107972302673,-0.005105582341220594,0.1304200088427091,-0.003877634849907295,0.03912774816546968
2025-12-11,-0.000766657702631676,0.009517889701939213,0.00017356206616934695,-0.000828799355027365,0.00032689016087852034,0.004916220689924668,-0.3855632733269729,0.010387916920173658,0.005220354946248097,0.20189561131418957,-0.003581308864871395,0.0488707737406534
2025-12-12,-0.0015478779163996192,0.00633951679836499,0.0002745308331553115,-0.0002949024297073026,0.00024585000270365613,0.00626629052141171,-0.47819474152987035,0.014190641871716453,0.0077005062517407925,0.43517243125073496,0.000740346455887061,0.07784463522094268
2025-12-15,-0.0008669313696008515,0.0011886562420411768,-0.00010249517827429213,0.000266240082801861,0.00022594568886146453,0.006354251566157645,-0.7591772740386761,0.014613284493304625,0.0015658268596671346,0.30726598434457264,0.002367692296209592,0.09017464493783096
2025-12-16,-0.002733197775102538,-0.0011911540718596955,-0.00016556286162326597,-0.0008489973522008095,0.00020079785260687064,0.006371570273773505,-0.6265308041069435,0.009194417809677854,0.0005235121407826679,0.41800033422383714,-0.003609819628504988,0.0502090363811711
2025-12-17,0.0006550919780585787,-0.0017921443840245776,0.00014046344018739824,-0.000402068610751795,0.0005007938250704015,0.008625382101754595,-0.7470361933414398,0.013559244977033088,0.0031621699878487163,1.1103460376976968,0.003963578853065969,0.04824742270250745
2025-12-18,0.0027970924688229095,-0.0005408008744031157,2.0876003960489402e-05,-0.0007271275388260208,-0.00010305700785382619,0.007999979577672706,-1.2110322271300031,0.013004583542107179,0.0025828221093927,1.6329351427100927,0.016158384777505606,0.052291765456939185
2025-12-19,0.002778814916729857,0.0023826765910043035,0.000533330813883975,-0.00027695240597755747,0.00060517012691242,0.00503735940272578,-0.7834175217763589,0.011718426116383986,0.003726174412233112,1.5546631990755864,0.011815740119669509,0.03405456303269304
2025-12-22,0.0032691819459430877,0.00509079086369955,0.0004956795998739824,4.0225876925556e-05,0.00042401893652980197,0.0035475500511401884,-0.0317508046717451,0.011196125776731796,-0.0002592278942944847,1.1683781763764385,0.008773447482735244,0.051423196862619855
2025-12-23,0.001997857491563516,0.0063787866752682415,9.975059578122774e-05,-0.0002055533571503375,0.0003087055428597565,0.00015336392057079852,0.42223076602770926,0.01251547250464492,-0.0060623690014468806,0.5848934957766613,0.011218282034573205,0.0799617039847818
2025-12-24,-0.0006113132653334676,0.006412328342503391,0.00027318655392792433,4.440761437823676e-05,0.000352702241761406,-0.0016541420074016044,0.7353804118520328,0.010384643227632754,-0.00048541254719884977,-0.08730404682028048,-0.0006794564462150061,0.1532629075654474
2025-12-30,-0.002572089257448658,0.0070511137457975335,0.000769911159877317,-0.0037596933752390514,0.00034165081338564756,0.0001995777809121681,0.9067165513845451,0.010567724645894866,0.006017379683632102,-0.41758373951541433,-0.0013540830556260514,0.16883515688194617
2025-12-31,-0.0024092362125650653,0.003122628676812975,0.001631335917803375,-0.0027093355134239997,0.00041264542225088736,0.0016691103818498331,0.4110630642391536,0.008829552731283342,0.023119721087163925,-0.5883346702376862,-0.0017312948141889207,0.18977035414815566
2026-01-06,-7.460389053727751e-05,-0.0027097499799936947,0.0006622298813047324,-0.0022247597711397065,0.0004271353230302364,0.004250553411808182,-0.4139934471852673,0.011314617128466882,0.012163182929476471,-0.2002369623450198,-0.006943646585490795,0.16266039789434386
2026-01-07,0.0018188323902049424,-0.004211497749350234,0.000736127182794718,0.0008111332719287388,0.0004810633931976732,0.0060223185482227845,-0.6719128260446029,0.00709244811254546,0.020922705799728915,0.2566920071126195,-0.008717099363439236,0.10183978324330523
2026-01-08,0.0023121100621537926,-0.0037498774833811697,0.0003897642009772113,0.0008008224726248564,0.0005839542701211075,0.00801954807697396,-1.0429724741452262,0.008963162158985544,0.017563823554692576,0.6472448281489973,-0.002493574808865028,0.03381292773810495
2026-01-09,0.004287323315353125,-0.0004253533942587985,0.0005689707007502768,-3.785791532535628e-05,0.0005001032738214783,0.005635614092996243,-0.7894888892724581,0.00934568993822248,0.0040638925116566055,0.4880628626321608,0.005719187387239531,0.02122538008925759
2026-01-12,0.004009157950253159,0.004454322654381804,0.00055762262447073,0.0003683879622968113,0.0006574684338075641,0.0021493992397450647,-0.0455205555523322,0.006567973656519368,0.0008356344959116807,0.0798352538941196,0.003837665070176969,-0.004396071304245963
2026-01-13,0.0012990001159546107,0.005448173177404056,0.00041775543104488643,0.00104924511064247,0.0006084529980742999,0.0009758173621464872,0.21171711847846908,0.005846202291858023,0.003589152246438833,-0.12563736044938195,0.00575104488311507,-0.021177617681391977
2026-01-14,0.0003812785855398846,0.004512066167486533,0.0004518822010206563,0.0013174809102077174,0.0003986443004752614,-0.0021655110234970057,0.42833610399038363,0.009249889445486532,0.005215240692982152,-0.6653930780075908,0.0064974767856779796,-0.027416247741563298
2026-01-15,1.937905324694714e-05,0.0021815301681022206,0.0003647319872595597,-0.0005512466986593141,0.0005338764396611101,-0.0016889700992382363,0.2918979165039926,0.011802413193318274,0.008817716983040643,-1.0169558693201421,-0.0015670079709170929,-0.041144859672137324
2026-01-16,-0.0006352401619308112,0.0011262576395628377,0.00035660739923371943,-0.00047334399692383546,0.0007374035877833304,0.0027976860634816307,-0.029661551645422085,0.008533737149987104,0.008296179173437798,-0.15304379496029175,-0.0015220771927491735,-0.023964660586306603
2026-01-21,0.0019293405578777944,-0.0012109466562336348,0.00017793672744217053,-0.0007272854160009273,0.00039743908710724907,0.0037494676477733834,-0.43503564659753524,0.005993111354857084,0.0029426194215707207,0.21720141205340865,0.0018570792274472843,-0.045086098338551144
2026-01-22,0.001014400593327292,0.0006413141632768274,0.0003629704481748474,-0.0010545240034956478,0.00075890765714946,0.004064870307980425,0.06805704254399214,0.006389406966954956,0.0035515367432066717,0.24882849787784525,0.006592073393613365,-0.08562491253958156
2026-01-23,0.003026758887511484,-0.00010663973920376532,2.7774859737960696e-05,-0.0010299283795972736,0.000375922246219804,0.00582456171457358,-0.04959536842317572,0.010210620371281814,0.009575761898410074,0.7946386180000571,0.006083172897082056,-0.18865385814418
2026-01-26,0.0013137143953666432,0.0008759706592084715,0.0003462720781002832,-0.001734111350228383,0.0005606754850573158,0.004056991964528301,0.27109467265504733,0.008997321010678952,0.012938320541955577,0.5082420825231122,0.01004439483926987,-0.5435542751853681
2026-01-27,-0.00126764388501682,0.0009501703694067493,0.00020623941290758035,-0.0027308573457644177,5.477548006197782e-05,0.002789929884474843,0.4896532721359865,0.01098485952485309,0.013723428967401755,-0.03878126318637426,-0.00630864253546607,-0.41909724968500744
2026-01-28,-0.00030002636430203814,4.715127658937992e-05,0.00034134601022526396,-0.0022596212118125743,0.0001134247306290972,0.0016925815307707996,0.676090185835718,0.014118112302177181,0.010729167558103755,-0.4914451528906886,0.0020007620473744972,-0.18567657344595107
2026-01-29,-0.002827088173412087,-0.0003567101849682319,0.0004240693239727616,-0.0023336625602389666,2.01820563605332e-05,-0.00013995840270861724,0.45445864765432925,0.01156299228628389,0.00621227791853312,-0.9306772795893528,-0.003785063530992147,0.08394393333804641
2026-01-30,-0.002487023371711046,3.057576158896016e-05,0.0006683225624551651,-0.0008420798675132868,0.0004464174872274685,-0.0017551136582750508,0.06394055949194138,0.009373875137845333,0.008301056378791296,-1.3515236547244764,-0.005058283438101204,0.1110117266403925
2026-02-02,-0.002184001186473021,0.0002669049725043696,0.00035116437010987076,0.0007747141207749058,0.000376024525953397,-0.00011037137385807531,-0.07215669030365965,0.011800745924682818,0.007667694129247316,-1.2962880142229414,-0.020276369814391976,0.3206277919538825
2026-02-03,-0.0015095070650535058,6.35179117417353e-05,0.0003704350741431257,0.0009565981293083461,0.0003466760929799786,0.0035238840909459154,-0.3696503252970553,0.011039907369985984,0.005420647184492718,-0.4427805860565961,-0.01664683994987851,0.49154593724413653
2026-02-04,-9.54055977760568e-05,-0.002889428153841052,0.0005075659364155708,0.0004231168506238373,0.0008915398868429207,0.0052305494247304254,-0.9939337414357583,0.005625102328768268,0.004370247978024263,-0.09591955193417478,-0.012629268976484417,0.3634877849473505
2026-02-05,0.0007069558441435684,-0.002377614261452646,0.0004891714124978625,0.000994365272114228,0.0005887040501514646,0.004661211819953501,-0.8687355642675174,0.00932130616985629,0.005006917917133168,-0.2402400802007118,-0.004110972090670386,0.1514570576161483
2026-02-06,0.002181852214200977,-0.003919008861809546,0.0004661445214642803,0.00039873821356540526,0.0005912182206819461,0.006813418269287561,-1.413952893049228,0.015036969778397033,0.012609835503776038,0.36550906934273397,-0.0021975791380679155,0.08365493798659046
2026-02-09,0.0012222572605580361,0.003346829467381544,0.0005228475966992206,0.000581634470272166,0.0007809196068818683,0.00250433845770577,0.02837979286229364,0.014443134372831495,0.018157704944214627,0.06867482271646597,0.006621291489642625,0.02671472529170296
2026-02-10,-0.0016997430501035473,0.005477374829413904,0.0007332431215806728,-0.0005632327163753668,0.000138038949885514,0.0003455934563007068,-0.23286314783984446,0.011816867415374266,0.010689829147285355,-0.5156893571836201,-0.0051331360453942656,0.08518054437270867
2026-02-11,0.0006705822711614308,0.00683041620622053,0.0005946113872969732,-0.0010733237998391044,0.00018374174504936418,0.0022982556779976944,-0.18276865240649043,0.009763414486730508,0.010462235821354374,-0.15045861367207197,-0.0034542495655731182,0.1594425198054474
2026-02-12,6.770771046762881e-05,0.0042764887872370014,0.0006121955255147993,-0.001936286909447375,0.00026870125490766896,0.00132571213240859,0.11283023622431398,0.013358206240974689,0.009032661928177173,0.018760232018484257,0.003137423063948417,0.19883085400647785
2026-02-13,-0.0005733764753646775,-0.0003365857271806086,0.0007419918098665215,-0.0020522293108971505,0.0006154771873177951,0.007064396069237451,-0.6852268832238347,0.0070884429964252595,0.011298140392049094,0.2162854221517152,-0.008140684658559445,0.12211607983001473
2026-02-18,0.0016073846004268965,-0.0005231331336051628,0.0006025047760002925,-0.001418959585821492,0.0002268629095347243,0.00664222949055591,-0.9637083520225671,0.013917656034226056,0.014818388510330481,0.6178616598642965,-0.0004694456844798094,0.07337560976858895
2026-02-19,0.002752035258126129,-0.00020788624821372302,0.00039332584289579323,-0.0007321087066354298,0.0005299012044340572,0.0029423349322295796,-0.7093267441277173,0.016952267170420227,0.0077491403794289,0.22064600556577635,0.009661849672980493,0.08097303023058192
2026-02-20,0.001208147968572618,0.0015775419573194971,0.0006141938177580037,0.00039113406720819416,0.0006857548828063747,0.0012481355095198391,-0.5482853839710474,0.006811923001711554,0.006659576315146083,-0.18959282755861373,0.0029971139988897878,0.060777030695316855
2026-02-23,0.000672139318203907,0.0043297405899418336,0.00048588814229658567,-0.0003548564861001718,0.0006858588838282594,-0.0020846678365667817,0.0893421020307904,0.008575059294936713,0.006586460885260805,-0.27723780938835524,-0.00022054986867595713,0.03768095701079869
2026-02-24,-0.0005489502088294269,0.001045032187322188,0.0004089143910150115,-0.000765805570343875,0.00043607579090514315,0.00042253402556480506,-0.28482833528290064,0.013902054026030737,0.01131460637681276,-0.4381787449610752,-0.004475829283193612,0.03346043729068194
2026-02-25,0.0003571547279289243,0.00011570048835867082,0.0005498604080805707,-0.0012422701812055765,0.00037409342704191825,0.002802163522915708,-0.16093931396821268,0.012191483495821588,0.01070976940962928,-0.24212000327334765,-0.00837521184386435,0.011848643480598024
2026-02-26,0.0006496918519958343,0.0009041254327592965,0.0007433567908172987,-0.002299352724417793,0.0006081085328579624,0.0042961423762091925,-0.2475073843193523,0.011112318160862424,0.007135841147374588,0.249814882830745,-0.003363546530042648,0.023626985637571762
2026-02-27,0.0012614715791199826,0.0004283874991502638,0.001119006507821125,-0.001013845722590976,0.0004351302201512668,0.006306348460633317,-0.4465384295725433,0.008719342281847635,0.007406766922227026,0.4836327114639213,0.0019720431215131187,0.02839287802246748
2026-03-02,0.0016269856062996338,-0.0013335478750526792,0.0009619799070813065,-0.00033451643888526947,0.0002740860704951504,0.003236439647483426,-0.5319348993370925,0.014309339122157927,0.008656129249058668,0.11760365483780821,0.01336824881794051,0.05549992733793237
2026-03-03,0.0020194530361789297,0.0031585386925126377,0.0004710334187779326,0.0004824918122818456,0.00079860476755018,-0.0007476452830816505,0.09285164334853685,0.010850442180598415,-0.0004336972463300486,-0.6914219602825347,0.0020933409708372474,-0.01856831539007935
2026-03-04,-0.0011029067111858822,0.002988942828820686,-8.792586018246604e-06,0.00472099244647876,0.0009908493321980853,-0.005185476977940806,0.2999962329409774,0.002871918705545166,-0.0011330806769792694,-1.19634289088373,-0.0052484532347272525,-0.05334728275399996
2026-03-05,-0.003846622466499513,0.002371508571727058,-0.0005233400961346794,0.0007442054195309934,0.0011277543627221218,-0.008150018239255527,0.8445088707948452,0.0038597043547297536,-0.0025820837907119046,-1.1505752387525587,-0.004890685418547127,-0.0609834155339542
2026-03-06,-0.0031193214823596166,0.0015548974965852694,-0.00020889002489895387,0.0032384135418238387,0.00043088948868988977,-0.012583520147053356,0.5293330900485946,0.008772586429878174,-0.006684665144797696,-1.8012765798693366,0.005899224364973651,-0.03230636294886948
2026-03-09,-0.00500012341588888,0.0009744928013926087,3.8569441795241005e-05,-0.0001668583500208351,0.002770407528405692,-0.017892666916843047,-1.9300064512945412,0.0060432542103159865,-0.002869467133184261,-3.920776268724628,-0.0056046713877004,-0.017317054119687526
2026-03-10,-0.008851449127684043,0.0015289007421390014,0.0004242637684090462,0.0003476371178651338,0.0027041585707792003,-0.02073879606942961,-0.686311640455125,0.00934359904134876,0.0006759947969637225,-4.199240157835837,-0.024504368759735874,-0.030854832989794273
2026-03-11,-0.013099139528382256,-0.0016913234346580424,0.0006428114237136666,-0.0018972060581236758,0.0007964249359161877,-0.006893844246176438,-1.0484125420765786,0.00959943751309076,-0.00596315854437003,-1.8034539808272776,-0.07385225931591195,-0.0028395879036967626
2026-03-12,-0.004927704622199428,0.0002461593848866258,0.000941210338541784,-0.001090086110431231,7.87648543982203e-05,-0.004008366758468429,-0.7902389516586678,0.005480015863907787,-0.014734115901529675,-1.1300221912690291,-0.019896081653600114,-0.000301954165904769
2026-03-13,0.0001395672159453413,-0.003466682469684675,0.0005977873845241292,0.0007782080138983489,-0.0006126598844204351,-0.002732097489728205,-0.834769140219585,0.00049808250321433,-0.013412025825907536,-1.5812481305307136,0.0003602115178641969,0.007254467933858949
2026-03-16,0.002391935695773137,0.0003658725919642922,0.0006780719644544013,0.002228819568552703,0.0001786560118033642,-0.0020350690095078134,-0.25369703724209597,0.0013939778151588478,-0.016136083906824257,-1.0236276090965506,0.00872785428118623,-0.0014996690939907398
2026-03-17,-0.0035516245368932874,0.0047971835681945,0.0004515885342187662,0.0010798670057163395,-0.00022383314118470406,-0.004102654087237321,-0.0925518725717463,0.011838125164743411,-0.003730064167998995,-0.3996283072925541,-0.023104071934216344,-0.012725775616577383
2026-03-18,-0.005093103756117888,0.0042528119776462075,0.00035096327580888884,-0.0006180023051823372,0.00043416861272909166,-0.007838271769919426,-0.019250715276448616,0.0147623384042325,0.01262894719242243,-1.5702331217045238,-0.018547011373843524,-0.003335823146392823
2026-03-19,-0.002106726443105173,0.003313240073194367,0.0004983364221975762,-0.00018577572766822646,0.0012225380340776411,-0.0017222293735855944,-0.4069281297749693,0.004404451635282984,0.006081389128116475,-0.808441614327039,-0.015954555020935783,-0.004803861359337378
2026-03-20,0.0025235907831083933,0.004566325453932483,0.00036778123841324983,-0.0004457809283969017,0.0018578611817642021,0.0027258213042971905,0.24802520884776003,0.0030336517041956767,0.0001232167395554002,0.5192997947101908,0.033978819837755705,-0.027060539174685892
2026-03-23,0.001207691493418873,-0.001952546256559494,0.0005792546360400403,0.0008546271446064518,0.0007029005896960967,0.001600567760943713,-0.8666145293400335,0.0034659801335155697,0.0003119300858908901,0.04882796267682127,0.02514655547857763,0.013359070844413727
2026-03-24,-0.0011642352336970912,0.001092849355428423,0.0005909376081517289,-0.0012128140899732658,-0.000752527196650504,0.008549311809365006,-0.7571293785596463,0.006719371683038331,0.006958702914575175,1.1207850240323218,0.00493271552002215,0.006821354889684351
2026-03-25,0.0040644336903654515,-0.0006203785371839373,3.6038401237506066e-05,-0.0004162552321913132,-0.0010647756690055682,0.007530225021762632,-0.977416977573843,0.006686032904596585,0.006156200572936903,1.3427150548215832,0.02499658823263411,0.019085006582201563
2026-03-26,0.004504149609993084,0.0006320040372269439,0.0003024148456960675,-0.0006864146619263288,-0.0012882613370575132,0.009549398792793665,-0.30485727938807705,0.01001972374758157,0.014533104951709893,1.2119473290312406,0.011912059373521473,0.009046215983665895
2026-03-27,0.003814968119132755,-0.005591718210026632,-0.00024180865747118238,0.00040641395400329856,-0.0012859369715028542,0.005083387077947725,-1.0679158906065025,0.003973490050795126,0.022515248804401887,0.7386962067374416,0.02605205308795185,0.016404277274499692
2026-03-30,0.0018180205678206645,-0.004795054339328336,-0.00023563495162139816,0.0007113007034180419,-0.0003083367540683758,-0.0014530269734575555,-1.4374797792024543,0.009313866656704823,0.0014992543497230658,-0.8071880266951439,0.020121701518134603,0.002961834378732239
2026-03-31,-0.003105892994609477,-0.0038202487174496262,-0.0004448631853475513,0.0011542027652269571,0.0008849199245769233,-0.00961677120894085,-1.2751597151661016,0.01127022856270012,0.020266514489865887,-2.4129465191773423,-0.012311447121261528,0.034118243906695996
2026-04-01,-0.006151738256357095,0.00378334777382054,0.0003747473452370973,0.001150238493253051,0.0015748289091365591,-0.00964153968460994,0.05495562505348528,0.021163538080035807,0.02943187085403101,-1.7817709144771874,-0.03306766571195649,0.023739816938735198
2026-04-02,-0.006452831365152707,0.0038179081695129307,0.00024631583023455747,-0.0005000771236571375,0.0016226554182729293,-0.007755872613988057,0.12082231213093869,0.007927979941309211,0.016502346865486843,-1.2584931774054036,-0.0126874114879964,0.01892935084816597
2026-04-08,-0.0012767697280031615,0.00471453210416202,0.0009327332620433901,-0.0011696434321011816,0.001705635038022718,-0.012305260122052795,0.874500111472353,0.010791990142538236,0.0084559124749266,-2.260559097420859,0.017273865840712117,0.02651458082606872
2026-04-09,-0.009174655098339214,0.0022822043393219403,0.001089602893650644,-0.002848551676752687,0.001752902478099875,0.005882662865046289,1.641603772663895,0.012609988610435302,0.008866412592306834,0.840363878842076,0.02270569279727968,0.04990855743028992
2026-04-10,-0.009115043388083294,0.0006362265702908494,0.0008718815131297107,-0.0029607190357207494,0.0021843222992012096,0.010018512345814808,0.5948811089596601,0.013924256417419192,0.003942418430757534,2.185691984959667,0.02918412328668181,0.05106463978447601
2026-04-13,-0.009145291670200412,0.00021565988844125084,0.0007853957935409172,-0.0015546757515212868,0.002007651684637899,0.013474435985836277,-0.38968759169409545,0.009598940083965246,0.0038082484762959074,1.055293614293919,0.018114925941041318,0.06333859026429633
2026-04-14,-0.003620539878876735,0.0019088663499155442,0.0007532963323870237,-0.0007078523843219051,0.004164996750065742,0.011228335506074064,-0.01931223406751717,0.01003871421377783,-0.000984554480118978,1.9626330619192012,0.006609157907724997,0.02952909445888738
2026-04-15,-0.006160196040624885,0.0023391178677429933,0.0008755179051698049,-0.0018913728897871239,0.0039852966607414695,0.01601127069206543,0.3841609638389405,0.012688357778256295,0.00692735986483092,2.199866196096669,0.005594200517790457,0.003543521481166325
2026-04-16,-0.003469537854841327,0.0019132295969130288,0.0003345176196608579,-0.0005702305721940134,0.0035948445809229766,0.007436196243204453,0.11682445528462798,0.01363075934161784,0.00102308330946256,1.5376469022512955,0.017619333606853,0.007682576777165374
2026-04-17,-0.0030983511756886547,0.004036294596523188,0.0009121718572927008,-0.0010499365612357298,0.0032737714813279467,0.006477796780418007,-0.2492795447447376,0.008853645836488771,-0.0036464844777861494,0.9609513929846552,0.014596087335515557,0.012235218772320072
2026-04-20,-0.0031264837947291646,0.0026928389435887175,0.0005063325912441119,-0.00326283100472422,0.0029750600350128024,0.015538899206236571,-1.2169103890543838,0.012107061548954691,0.007650463277005435,2.2459414151748742,0.03554496361778316,0.02626377224902207
2026-04-21,-0.003225462848759145,0.00394854520511286,0.0008034703218398866,-0.0016961135985049556,0.0019328926436500003,0.012920671990495607,-1.9149266803008231,0.01451720974073369,0.012011332210989514,1.9976166939140216,0.02430234888719158,0.0027132914533763873
2026-04-22,-0.0017730201760629643,0.004308804010415017,0.0005483858731487482,-0.0006357963113464601,0.0021550224604272965,0.008626619043956762,-1.8589122229081962,0.010004180445515687,0.00355575424568698,0.24124026497294584,0.00610969600382546,0.018754093374602765
2026-04-23,-0.0010942303533745526,0.005357308740209867,0.0006620958761947879,0.0006115135568753269,0.0024203249695568954,0.0039026799013891,-0.6608608750800274,0.003986839426134548,0.005557191516047967,0.5069931305657591,-0.007899446324592814,-0.004074890171529653
2026-04-24,-0.0005876756710100254,0.00584348203260515,0.00031679600643066703,-0.0002707166223107529,0.002246303727072086,-0.003182652842148241,0.1382102119186746,0.009069355778708718,0.003815511382169903,-0.6357282086125281,-0.006394986530100151,-0.016064609754490228
2026-04-27,-0.001197740744900639,0.005442458478432031,0.0001830205700618437,-0.0013983171867224986,0.002087197899441879,-0.009037658354729725,0.7760065381430381,0.01136886383269594,0.002167214069467561,-1.272723160882395,0.01097708780712321,0.012351307418727041
2026-04-28,-0.002329664842725899,0.003924948446735497,0.00032686110644205766,-0.00039648407883208084,0.002114853568347141,-0.006216102052990671,0.6055363237729618,0.011758173107213289,0.006765334289002909,-0.604240998831795,0.01091186762133816,0.02570870969042944
2026-04-29,-0.001242677836833181,0.003428061426042266,-0.00017891671627112194,-0.0011794696317362552,0.002418202159386869,-0.004102797059507683,0.23679846474882332,0.010516966680032273,0.0016024588433549555,-0.9288285533022779,0.005509734536852369,0.003253401457125602
2026-04-30,-0.0013142505323088952,0.0028574129148265467,0.0002814434921986156,0.0002810599671503075,0.002484142215007096,-0.009263270388402887,0.3185344505164417,0.0017786122637058633,0.005784931224977388,-1.5409293664264272,-0.004035122642231178,0.022511213154037486
2026-05-01,-0.0030158127615818125,-0.0005368063290032239,-7.087314844805512e-05,-0.0001328339851877329,0.002123381816329236,-0.008115910893570066,1.266236727449179,0.007048614057310527,-0.005659994302361115,-1.321094931892452,0.00024297048761636082,0.04345967643807677
2026-05-06,-0.004285265137893659,-0.0007338926211388935,0.0002073337912723152,0.00035092806298556243,0.001469163986485876,-0.00529168773922641,0.7170931548526671,0.013016156934613818,0.011128800674692654,-0.49626116392879127,0.015814992263105822,0.018616129603581295
2026-05-07,-0.003682765695202806,0.000420428891820318,0.0004517002394043999,-0.0052053485258840414,0.0016193715690542751,0.004535364101479382,-0.20759095850301623,0.014754767686303502,0.012373108827917867,0.8600117379886815,0.033951621914998974,0.02267024450953184
2026-05-08,-0.003526034748407533,0.00024574899191640514,0.0006234746990182222,-0.0018620676165122746,0.001454705948806559,0.014183830668528366,-1.3785522550625258,0.009542689291787941,0.0052201080078860115,2.0902720961688863,0.03136370727334714,0.03155238559886888
2026-05-11,-0.0021303468405119985,0.0029057458046580233,0.0006840470481968265,-0.000856241202353671,0.0012509334280700916,0.014063882049661356,0.13466064261170127,0.010698916687317189,0.006263885965950617,2.0098981407574774,0.007290702405461731,0.020269046380917657
2026-05-12,-0.0003055420996401036,0.0024208325142644183,0.0005888478738693056,0.0021100047270437615,0.0015022852199308603,0.00842199046057249,-0.2781789553669331,0.00699415234805859,0.006880090900927828,1.445581121816714,-0.0037300340241945163,-0.016943069191304734
2026-05-13,-0.0019660450881003374,0.0020004167938204144,0.0005187370992286185,0.002845476209991772,0.0017874624854749275,0.0016446532260039946,-0.310116790737891,0.009290065189589258,0.0008620809582320782,-0.02277916723321738,-0.009085422941058142,-0.01824042192400363
2026-05-14,-0.0013152066526117545,0.003506183114956161,0.00043718565027909976,0.0007330359810616195,0.0022994641337245126,-0.0023517038578650252,-0.3320307480063913,0.005602174758820631,0.006333982492914205,-0.5417620027505532,0.0023767170266214424,-0.019743980646100643
2026-05-15,-0.0008300337721934047,0.00769931446420271,0.0005100426304882252,-0.0016518405260351635,0.0026837565088042234,-0.001114435127657023,-0.13902533947337148,0.01202761596061729,0.0067849916668407395,-0.14628023878242824,0.014571480768515204,-0.011753930917640463
2026-05-18,0.002300434418841882,0.007151266842691973,0.00026443671979205956,-0.0024854044443606057,0.0030204574115808556,0.0005101248931261579,-0.5710718265714869,0.007065430691638408,0.000979037798380781,-0.38034511541092153,0.020914449282155544,0.002151801583488052
2026-05-19,0.00027563070422444575,0.003005332284610264,0.0004294721304169112,-0.0010941843725722072,0.0032877270888471053,0.00024829038747907093,-0.3354453093382191,0.003926298768090039,-0.0012424237937589122,-0.3457789071893975,0.01575110393912189,0.036299582167769955
2026-05-20,0.0009662798762590746,0.0018621312175246018,0.00019572291894197848,0.0010804658143210492,0.0029900086534022973,0.0023357865973142665,-0.5922398955191304,0.008734607221148695,0.0019891433190268063,0.07174694810660087,0.020694136196835834,-0.017439347750129765
2026-05-21,0.0013531272522932646,0.0035725618365136866,0.00033706633205055314,0.0015195210662206644,0.0026885166961875357,0.004974704343062578,-0.21056835660832268,0.013282905910336675,0.011524333043571838,1.2112467596569807,0.02401597761019013,-0.0067973218840758865
2026-05-22,0.0020700833762528122,-9.730044565206682e-05,0.000401748362229417,0.0020228546630346746,0.0026775518903019305,0.007865657389531112,-0.05916467724422003,0.010438589851037405,0.019824254027070824,1.5258913712846967,0.022695805900989168,0.028331661403638454
2026-05-27,-0.0005192554468492708,0.0009067927142162094,0.0005976893857320911,0.0012387541182700221,0.0019362361767708883,0.009352387370691006,0.0794259014699347,0.010813154144085835,0.010819035925796286,1.6698622321286347,0.010301373959162537,0.013431566184880984
2026-05-28,0.0013219791317016084,0.0011757603985060477,0.000640758864788014,-0.0018532776303178753,0.002089975710285407,0.010428264150808922,0.09956729183843696,0.0030140712993475833,0.011726677809516528,3.3038373147795363,0.01780184283476667,0.019998077029295253
2026-05-29,-0.0007133005644422933,0.004313196651208551,0.000938731334195348,-0.001146819910835673,0.0017041538748327682,0.010580402781222749,0.18643597577306567,0.013824381006058858,0.00892743260725609,2.87303642062939,0.017965626415440323,-0.02114113308253768
2026-06-01,-0.0021454263726572312,0.0074230422875076005,0.0009281261705200018,0.0013153418235487856,0.002116383186646922,0.010454499523930126,0.18537857489590112,0.01249288270805923,0.010828529426380509,1.6880080465486023,0.020340912270888595,-0.0679082767131782
2026-06-02,-0.0007573560530764051,0.01093469455901925,0.0007813073340704205,0.0004500700468113976,0.0019471296267694147,0.006931163138594085,-0.019212493370709044,0.007433652089071183,0.006775978468979876,0.9392385107888238,0.0038137144169908196,-0.09447682085991167
2026-06-03,-0.0004189095741445564,0.006252583800490713,0.00042476663503491433,0.001909599909561861,0.0019642362020719562,0.0032227347375942362,0.020882771502912373,0.006701545399115149,0.006651691693419087,-0.018682194793494478,-0.0025347835166432877,-0.017700957725207443
2026-06-04,1.8987773117241057e-05,0.0010802650270577085,-0.00010430390775956414,-0.0020467784155616536,0.0022528746377841967,0.0003800879353482566,-0.41385087166950574,0.007930612445013769,0.006057696058975881,-0.6369370669011905,-0.0009887469323252539,-0.003501399756421093
2026-06-05,-0.00018392384181743478,0.0010137284735446922,-0.00023788401652871994,0.0011062202353374925,0.002495745082576089,0.0004400874140110004,-0.3146654418511606,0.012445355076194375,0.007604173982013184,-0.2875280220751022,0.01061108132902124,0.017325925653081147
2026-06-08,0.000993598934114375,-0.00532004373745708,4.6654862055753446e-05,0.0019543010250670234,0.00386002697776216,0.005859340893939434,-1.7372942319783544,0.0057491756331344785,0.0048793268989248215,0.7085416325689176,0.025356551084420892,0.05907345776225408
2026-06-09,0.0014181463175465376,-0.0029374481392753058,-0.00037352521860987617,-0.0035925104569150875,0.003600477091606609,0.006735666571249938,-0.863316884234193,0.005992913946137738,0.001435070674759652,1.3164401148991667,0.024937214009281977,0.06650293303765857
2026-06-10,0.0022213599501302575,0.0011060287584097202,0.00015352699510672794,0.00011619179120820168,0.0007675883288522276,0.005499349154594864,-1.3734465480391187,0.00923068354386778,0.009814746912269925,1.626753898906005,0.013137395777470806,-0.0018544483018009558
2026-06-11,-0.0001522091559050232,0.0001691037502180927,0.00011726105232916817,-0.0020178476893446483,0.00017210546023220606,0.0068310825191427085,-1.6911862630389785,0.017905410943863373,0.00952820604480185,1.6749793283868464,0.02810349048996018,0.002120957153715008
2026-06-12,-0.001103873843509681,0.0019506587108084636,0.0004319429945741592,0.0028206171340887185,0.0008503901853755334,0.0024248122190922245,-0.6608194453844914,0.01192450670280259,0.01664514900375238,1.193172878108156,0.011723080426702606,-0.005374468314294876
2026-06-15,-0.0008163337014359127,0.001175146246811208,0.00040366428164887244,0.0008785844077958557,0.00031803123457381705,0.003450948539505404,0.2964087828077495,0.014406819512544149,0.014750493461240145,1.7099852623546048,0.012968613433538091,-0.008796855929885446
2026-06-16,-0.0028552286081004402,-0.002159591700969696,0.00041750388154445376,-0.0017193267175564346,0.00011496247003542549,0.001037502942282335,0.5212589358389854,0.012294577667530308,0.007909580944398923,2.2374218264494825,0.012437452288148975,0.039155343082846183
2026-06-17,-0.00405736518653502,-0.0027563966283175568,0.00039537058204027576,-0.004913187895051618,2.4510480832878932e-05,0.0008414877457846061,0.5622320623067102,0.009865800025036751,0.012327862856340846,2.935395239760834,0.012285016258963277,0.03429709392607886
2026-06-18,-0.00037570862155697916,-0.003568193982532264,0.0005198820723005418,-0.0027885288223611113,0.0004197408476596543,0.004477552173775269,0.10085346835368339,0.010828020184780946,0.005736331273095611,3.0372533701247524,0.024996841169328043,0.019747832484622623
2026-06-23,0.0034662437672224786,-0.0011039934511705618,0.00046201837249832463,0.00024228203735478585,0.0004970137027060272,0.0036313967263498195,0.23310595428936784,0.002642265736858806,0.007490745644490576,2.451890640099918,0.021137217589735118,0.009644321754270298
2026-06-24,0.006053697849916282,0.003769287193608618,7.692939669356157e-05,-0.0009641496985957447,0.0009869491264676217,0.00623929566832696,-0.8240426322822425,0.011447804339693125,0.010856339264598254,2.70501735325998,0.008322323211936848,-0.03222745244950477
2026-06-25,0.0038468208936075993,0.004260181848875512,8.802397207378733e-05,0.001779156708514776,0.0010229552527808003,0.004554813913682671,-0.6671583466491157,0.023629623296827315,0.015494915920776377,2.520258106574499,0.01699287385694813,-0.013234609204119107
2026-06-26,0.0035448389121540058,0.004172377777175781,3.5423887957969173e-05,0.002167171432961039,0.0006507671547759293,0.003990174417688461,-0.6689285189382848,0.013669200579926778,0.018353339284391215,1.7016557115619373,0.01653839014344484,-0.01598834729873431
2026-06-29,0.005129275932151727,0.00362112421699089,0.00020677337912912005,0.0006963399339484771,0.0007855812839295673,0.005110958448298206,-0.28090306302520457,0.01204428275789719,0.011572614870314447,2.1409137355125942,0.017160277872650412,-0.03023233724062898
2026-06-30,0.004105280040728238,0.0012974548342892076,0.0003574301004833029,0.0015270936370554698,0.00029442502609984013,0.0021280880315011933,-0.12497394492100677,0.011996660215457047,0.010200206479335425,1.7802602149316795,0.02049737605455614,-0.021633902788014903
2026-07-01,0.005603431835390855,0.0016559683752387499,0.0008286248443126355,0.0027500018671757203,0.0003801783592820085,0.00201141311712148,0.4704777290606197,0.009302110134471873,0.0028332262901544693,0.9458603757126833,0.0036155158624922284,-0.03315664591642861
2026-07-02,0.0036132858680538284,0.0020449009948459466,0.000723491142368464,0.0014456265220060302,0.0002528047063465589,0.0023002275981680925,0.1526755136767158,0.0074147640573299835,0.0011156343431548412,0.9723547427064512,0.004532062009326239,-0.03074606685129285
2026-07-07,0.001797120566324409,0.0036796500220895333,0.0006352977603052705,-0.00015940817815505277,0.0002750808556467194,0.0026310690252079267,0.19300997709872028,0.011585947559455401,0.00375615122867595,0.8866795690552867,0.014473296400493767,-0.04355707223704602
2026-07-08,0.0006601206013034158,0.0029617379466070222,0.00034432809632994177,-0.00486305389756217,0.00011327267596260299,0.004448226736225202,-0.15720464949765128,0.011335336874571018,0.0029413283146004993,0.36839115627369734,0.013584705205951984,-0.006608732613097327
2026-07-09,0.0015113952066972726,0.0019744523647396376,0.0002804206861576725,-0.0029582314890974257,0.0002530276998610637,0.004853226161862668,-0.40794908757710024,0.008524891140016156,0.004133173736339953,-0.114017949148141,0.003656407371064844,0.024684822992622056
2026-07-10,-0.0003161536191894351,-0.0008629813532465892,0.0002050762175110599,-0.0001470137228208084,0.0005157335351520789,0.0035191619847429077,-0.19634773618166487,0.009387524649259555,0.009587068890876274,-0.1806703164217751,-0.007814398459233015,0.05335908466301433
2026-07-13,-0.0019841665990758873,-0.003294244115108569,0.0004470823566620391,0.0006820501810048336,-2.3459256382158213e-06,0.003136176845320325,-0.06058710017757113,0.014871719341475322,0.009450981546300195,-0.03059289427354145,2.7057152810447058e-05,0.08003448566031893
2026-07-14,-0.0006754965969172052,-0.004454463794124379,0.00035104669911556637,-0.0011321269514265805,0.00029301693802550574,0.0033528448954949688,-0.5995667420201751,0.007276511247012052,0.004997496228987663,-0.9359527339326466,-0.01462861327458263,0.06069700998232147
2026-07-15,0.0007612495745055273,-0.003598840719706069,0.0010684293438265305,0.0023708029016675366,0.0005269251504947095,0.0031238184504057014,-0.23041606843644488,0.008884126217509402,0.006698666321745136,-1.0176653319026785,-0.023144087131263823,0.08357529659804568
2026-07-16,-0.001655416260744284,-0.0006088432138691318,0.0010192148339439138,0.002056054955386812,0.000129824025818619,0.0038357022053811755,-0.12330138530487657,0.020074297365669166,0.012726770474643998,-0.565000023657197,-0.007860242637705312,-0.015669714978909986
2026-07-17,-0.001044867865805336,0.0018915685466655617,0.0007873466502358515,0.00042400558712014935,0.00015841162135749276,0.0041616183126757435,-0.5608788947895202,0.01617652077601696,0.010917960672822469,-0.9151008685032902,0.00953283247440756,-0.039070559275969384
2026-07-20,0.001087809029731019,0.003742056184175988,0.0007808077189542546,6.054377095294919e-05,0.00041869051078370303,0.004288920907521634,-1.0223298093998847,0.0067588699063786855,0.010529371004699136,-0.9896983698355379,0.0010067246576958592,0.02746242857977653
2026-07-21,-0.00042585819627905783,0.002729834101729547,0.0007104709041085373,-0.004337819226050688,0.0002939416660993879,0.005245030905287914,-0.7153938200324077,0.008305111087043512,0.0058174672006568685,-0.4644018388989645,-0.005131927905783739,0.12260261520719887
2026-07-22,-0.0021402878424551966,0.0020460956462055487,0.00032755566142766025,-0.0039248530536245465,0.0004604258814763639,0.004438527080923044,-0.4588967571521758,0.009104479870150624,0.0023305702032154,-0.40378479085332736,-0.010483477451194392,0.020431816597247184
2026-07-23,0.0014737946171274584,-0.0013916370238403592,0.00046622480422677377,-0.0036154213446051324,0.00038342963575983363,0.003616597876699748,-0.48968891220866306,0.005829579984254867,0.0033456570147402257,-0.8101236921496413,-0.014153471553003946,0.044059857021870825
2026-07-24,0.0020476141553122406,-0.0012721404428293237,0.0007090704566395581,-0.0019725075540503946,0.0004710600411044364,0.003921398049024817,-0.768378052485085,0.005403684084134446,0.0018407063845144326,-1.4274623108581899,-0.020459862674348878,-0.1542757993094749
2026-07-27,0.004803371479953916,-0.0014593796695153353,0.0003666813932827298,0.0012123326680855639,0.0005797844524216779,0.004329366568609196,-0.33787984269238297,0.009581849396147814,0.007468224402434806,-1.0938899875946295,4.4110817427798175e-05,-0.10246812088021184
2026-07-28,0.002477402848919295,0.001554967948371522,0.000550363624530475,0.003554385483154474,0.00046759150707077383,0.005223546733295613,-0.4803977608737554,0.014227866732965179,0.013239629655764902,0.3167037829920128,0.02489811129355586,-0.05534675867021709
2026-07-29,0.0007430161738060516,0.0018844673833472239,0.00047640251445362153,0.0002730179801900104,0.00021651495368917896,0.004115740293340199,-0.5282122525742889,0.017123960763323544,0.016046853170621298,1.2005607949112067,0.034262617326057836,-0.030057456491640693
2026-07-30,0.0018988062622744553,0.003113891941045357,0.00027309966106083363,-0.0018427210717208505,0.0004735793781223067,0.004480666017101171,-1.1760379642481058,0.014618248870339001,0.009528326316054376,1.0218658450403184,0.015842294255905838,-0.013511489133612713
2026-07-31,0.0008309082038222297,0.00046790358673391014,0.0003012670015516605,-0.0026099071811067553,-0.00018383711144174863,0.003349855866435954,0.10183380466789577,0.015080495894032299,0.003533914637355187,1.5616631973658486,-0.0021803353308471295,0.1781446845241943
2026-08-03,-0.0039757292826723325,-0.000558300312296915,0.0004681339885503218,-0.0017800897479966949,-0.00020464140142015258,0.0028431750805332995,0.17157108322173975,0.008695589352773671,0.0013787616600974125,1.1690495013727575,-0.008613334883947332,0.023715704873907145
2026-08-04,0.0006888556391883163,-0.0015955693193554703,0.00036507232214476706,-0.002139728599705493,-0.00026713900145388015,0.0011273767328126476,0.5805115505887749,0.009333329852313875,0.005482711268524602,0.3159512690336856,0.002458144122082057,-0.006609444931402885
2026-08-05,0.002073150161803099,0.00034118083644592767,0.0007440808991919721,-0.0005410032046670618,0.0003897388588662092,-0.0015375050095341632,0.8197173028789281,0.015533292919114965,0.01799710981436048,1.1669394347396032,0.011305330726221946,-0.030930350054956198
2026-08-06,0.00020140547291574082,0.0008521655140415532,0.0005417844522685197,-0.0018766316180951433,-0.00037947006653613573,0.0011820345527568652,0.8809869404829217,0.017829359458940108,0.015458429202278804,1.8361415417002145,0.006714398225736532,-0.005311654539867418
2026-08-07,0.0002828613638258374,0.0019789996474868085,0.0007392893651371651,-0.001631207764468489,0.00025894218336555745,0.0018521837413292776,0.03590492778897114,0.009272993479679999,0.007496279426299576,1.5324556677540189,-0.005914079777054843,-0.04389237468776793
2026-08-10,0.0017138884959644622,0.0013647253385902828,0.0008141986627713502,-0.001320857828932787,0.0002896660030248916,0.003014576231384907,-0.07010981721410289,0.009464624610803045,0.005706008791407388,1.3022608618540543,-0.014056246424271529,-0.025460856003863767
2026-08-11,0.0005410126458696884,0.002544897781699132,0.0010079996564661923,0.0013598213879212862,0.00022180544721437197,0.0011768245224032135,-0.17154062059211006,0.011409550228462644,0.004521017590847604,0.09074693525677396,-0.01047891144875277,-0.09083657901111343
2026-08-12,0.0015704227552144402,0.0002703271142837179,0.0007383088911000902,0.00046574680923229094,0.00019218195357178749,-0.0004646882974734751,-0.11656905863226982,0.013150424595811982,0.005502524498444784,-0.8018521077532097,-0.006725081225946257,-0.022550051578015904
2026-08-13,0.0008765035111580103,0.002193532021381931,0.0014006533617674684,0.0008660513809893068,0.0005421152998420613,0.0005114545980368676,-0.1389267208267279,0.009642670532692141,0.012570605051524682,-0.6775278500745039,0.00018189338817259978,-0.04479156617591829
2026-08-14,0.0005073865002074164,0.0024365341374718826,0.0008897772988705486,-0.0007196050548189946,0.0002661090243216812,0.0017750109682385456,-0.14093957099245044,0.01918763681288438,0.013732101855176492,-0.24235470724033448,0.004676351538798555,-0.04590562274555289
2026-08-17,0.0003278225496512378,0.0034419819747613443,0.001143628944934319,0.00012532488392496838,0.0002775777116006704,0.003913880045492615,-0.08670876747790365,0.01242377206696402,0.0116060656567521,0.005442008992035063,0.00740190820277966,0.0016889092637640086
