,audusd,brlusd,cnyusd,krwusd,eurusd,sp500,vix,us2y,us10y,wti,brent,henry_hub
2023-07-26,-0.0006103929850444,0.0040570856326826,-0.0010365172974411,-0.0011370038541358,-0.0003007822914951,0.0062844628096709,-0.5012609157316474,0.0286485927425482,0.0316361585574371,0.9775627252530584,0.0282721101926421,-0.0105961942145814
2023-07-27,0.0006709461834544,0.0018506463831953,-0.0004280354372546,-0.0009707241919735,0.0002251201237106,0.0053743261503947,-0.1710726317105305,0.0610757981063455,0.0499522021716519,1.2123235720424483,0.0226743721225381,-0.002702815702665
2023-07-28,-4.347478169812501e-05,0.0010713655372552,-0.0009784994153441,-0.0029148502725001,0.0002781048813455,0.0052729798386112,-0.536637582474357,0.0649432344264577,0.0312867534472596,0.9386405533333504,0.0273446087891159,0.010704449916049
2023-07-31,0.0027296630359258,0.0048982711353465,-8.954902095963536e-05,0.000417916940344,6.897653849591669e-05,0.0057045439308238,-0.2048649639320038,0.0343954488800652,0.029850197394103,1.05346323829779,0.0288088600053686,-0.003245215309431
2023-08-01,0.0005906693247908,0.0026505322927701,-3.605963231417061e-05,-0.0010759565799396,0.0006522172058598,0.003321507893397,-0.3413778050753616,0.0487800879697151,0.0394980044526659,1.2508732789142067,0.0334381663851119,-0.0019500689651191
2023-08-02,0.0011359491088469,0.0025802271193666,-0.0005442339801736,-0.0012177675700681,0.000270862204699,0.0086820871131674,-0.7678515714236853,0.0673958381861774,0.0246092158949623,0.875111190743516,0.0209268172299341,0.0044349749343256
2023-08-03,0.0003774371113255,0.001984637072294,-0.000643282574405,-0.0011987260134557,-0.0007133245862323,0.0056026222758693,-1.0844628005645771,0.0381698008196244,0.026005723978594,1.3326529079781126,0.0185240033678438,-0.0119767815195251
2023-08-04,0.0002593442501767,0.0023249935342783,-0.0005173470637191,0.0007859846744257,0.001007562577013,0.0044633239099131,-1.0470264680874877,0.0090420985598325,0.0254140177504901,1.4976211784385236,0.0422736826261181,-0.0033610086777651
2023-08-07,-0.0024541573423539,0.0021370178846574,-0.0006331228014615,0.0014089125233692,9.915192749906032e-05,0.0043472860442172,-1.4597100970806527,0.0212629853829027,0.0096545442132715,2.2617986009574875,0.0417686984098326,-0.0011759395481375
2023-08-08,0.0009944364331372,0.004204266989918,-0.0008224214140422,-0.001103074044867,0.0004128475221555,0.0074264445030409,-1.3224262230380224,0.0544855876213407,0.0272200051210634,2.443080679148406,0.0282709677295688,-0.0040007246386328
2023-08-09,-6.175198810360835e-05,0.0045055227423265,-0.0006894753667382,-0.001947085006755,-3.391034836066687e-05,0.0107125390039444,-1.3099934715824095,0.0574181971068843,0.0388748970249611,2.555689149659379,0.0409485138247871,-0.0333237665413184
2023-08-10,0.0011963505110266,0.0029936520474436,0.0003780037620167,0.0001019084023207,0.0012524958610257,0.0069447577781139,-1.0314123345343602,0.037264589731418,0.0432264118680357,1.65214028134567,0.0384626509675796,-0.036462329352899
2023-08-11,0.0005102354150403,0.0044458365581378,-0.000240053306201,0.0003419613741605,0.0018796092027966,0.0067512264173517,-0.6967962666981735,0.0412968123760736,0.0183895269924968,1.2624168145730834,0.0192820415801584,-0.0335489259777281
2023-08-14,0.0022912903820962,0.0035186525529545,-0.0003345196765195,-0.001101945981109,0.0015454519466519,0.0059504805887572,-0.4765820097495133,0.0504928434741942,0.0099241362514213,1.2767669894664322,0.0257864712275266,-0.0053151579444366
2023-08-15,0.0004061070598779,0.0043251329527965,-0.0003809773652926,-0.0010690157200951,0.0009622174191804,0.0026933458143702,-0.3785911616990421,0.0538965058589665,0.0181656744260923,1.3557293317590688,0.0259244503940426,-0.0057703453172639
2023-08-16,-0.0015819918403812,0.0025100353180439,-0.0006804406835932,-0.0008657844454458,-0.0004462017745189,0.0046910584857031,-0.4201174319328626,0.0463362915669205,0.0297266003607249,1.349915454785481,0.0202001016594995,0.0013455201494327
2023-08-17,-0.000728004115175,0.0025384331131202,-0.0013583870883027,-0.0012790955035856,-0.0002080071096097,0.0059658322609467,-0.9212395884142504,0.0426007875236343,0.026425628312522,1.2507309727384928,0.014768543032443,-0.011553078321356
2023-08-18,-0.0012035015670736,0.0028715568274208,-0.0013689365239369,-0.0010860813914227,-0.0003197967605228,0.0054967324664792,-1.811382354182288,0.0161315262285416,0.0043047609412765,2.012356583422772,0.0393938655674064,-0.0004004525540707
2023-08-21,-7.421986424045127e-05,0.0029797074617003,-0.0005569549317366,6.91094510551722e-05,0.0004435364605225,0.0048471790235768,-1.42818580266179,0.0247528427772521,0.0035045456969133,2.187760057895823,0.0369872071451966,0.0166168683312221
2023-08-22,0.0004313409622748,0.0039150545151014,-0.0002183077661869,-2.902036116030548e-05,0.0005249243695107,0.0066089889762956,-0.9066354589805444,0.0475247268953357,0.012509071588616,2.23175301841495,0.0289637208536591,-0.0007962412428593
2023-08-23,-0.0003095401520609,0.0028102549318094,-0.0008846975647667,-0.0021452679901447,-0.000122078222285,0.0064220763801129,-0.4879057293576431,0.0518136198390934,0.0254440072209706,1.844437392881368,0.0256628649912392,0.0028772407226682
2023-08-24,0.0012503119773712,0.0047527230284968,0.0001504423187,-0.0002648819120016,0.0007366952256696,0.0055545157848624,-0.4901557725311392,0.0556045794303911,0.0444530212268692,1.5750586646110412,0.0160134170922433,-0.0208941427674195
2023-08-25,-0.0008080349010801,0.0015549046969568,-0.0002190294284999,-0.0036894982400491,-0.0001616300542522,0.0089865288415275,-0.9859714971833886,0.0581830626951961,0.0468691546083338,1.188844986744262,0.02535826576353,0.0035673485737482
2023-08-30,0.0013683511299303,0.003953628005537,-0.0004297730253389,-0.0017831079334805,0.0002751299101578,0.0093973379946574,-0.4257190433978971,0.0561156658134199,0.0294491330344421,0.9859494119436804,0.0305778414047551,0.0007264952709947
2023-08-31,0.0017677887851656,0.0034172598503293,0.000324903003351,0.0013350958318442,0.0008224141336235,0.0060479239732708,-0.1106979032460644,0.0519880419609587,0.0233492837340447,1.3693648604259223,0.0321372438557397,0.0020868971396584
2023-09-01,0.0011207648036727,0.0025289990309969,-0.0004262624568975,-0.0033377621908719,0.0009127878427991,0.0055474223377763,-0.2426207245656477,0.0360568897549244,0.0361247127406327,0.941639167847705,0.0350529670741233,-0.0043413249966707
2023-09-06,0.0010354775406328,0.0020401707641491,-0.0002270093174922,-0.0028092832490753,0.0002055530860814,0.0073170551748442,-0.2764687296608303,0.0482776055068169,0.0329634253027693,1.1969175046207945,0.039651821550215,-0.0196423125844973
2023-09-07,0.0001043821084667,0.00102531387619,-0.0001775274142384,-0.0017754743994857,8.455130277934441e-05,0.005567238879843,-0.5063874646013724,0.0469408210405042,0.0213825800771369,0.6384507328794651,0.0306448564611746,-0.0131411401895298
2023-09-08,0.0008752835475794,0.001924352201892,-0.0003210865207959,-0.0012504128566915,0.0002806403663131,0.0033362292507941,-0.4238298625156356,0.0401893437826161,0.0379875648444455,1.2751233549965133,0.0236336607477927,-0.0148580062266108
2023-09-11,6.3901895220969e-05,0.0034845371219817,-0.0004408770556229,-0.0018498574818498,0.0003091702958923,0.0057920754913028,-0.995171076852233,0.0497453979128732,0.0346089553643388,1.635386073800747,0.0323938912158929,-0.0107376487522009
2023-09-12,-0.0001532272561419,0.0046348575532031,-0.0005055102960944,-0.0009943274099444,-6.077242347908351e-05,0.0075223731837602,-0.6741965070340491,0.0191987926976394,0.0153840031312957,1.673774390550202,0.0255790784414127,-0.0051835879221604
2023-09-13,3.403219221255065e-05,0.0011751995374078,-0.0004413333805323,-0.0018279088210897,0.0002692530274375,0.0066202967313149,-0.6458692008154968,0.0562751589288897,0.025208844399677,1.736622713491089,0.0350246803288247,-0.0148630317486848
2023-09-14,0.0012731938717227,0.0020579444507567,0.0001938504414924,-0.001087071979017,0.0010993843390906,0.0058526622920884,-0.665409881398044,0.0413509475823677,0.0235122750680965,1.1436652216081804,0.0253907019697824,-0.0139808351876092
2023-09-15,0.0016603869972971,0.0034498972311826,0.0005018485537588,-0.0026833483989914,-0.0002121252016704,0.0068772346268923,-0.1841864307835941,0.062564149196504,0.04814313551607,1.262295310435288,0.0326580047501855,-0.0266632351400117
2023-09-18,0.0001276669821175,0.0006224011154693,-0.0002948172498214,-0.002420625348937,-2.497522888664705e-05,0.0049182991293796,-0.2527014934414545,0.047696756789945,0.0476021603369211,0.9978698015842286,0.0264121414779302,-0.0094875901432837
2023-09-19,0.0005976247086526,0.002082021814901,0.0002176905663254,-0.0011303637694324,0.0002438185677427,0.0050677106667663,-0.3873978475324712,0.0559819234015585,0.0384676493154677,1.128638753491213,0.0309650712371947,-0.0028630959475493
2023-09-20,-0.0005714555310716,0.0022160297138739,-0.0009751909258236,-0.0021885727606127,0.0002313899114934,0.0046112484679428,-0.389988514764386,0.0439994748291497,0.033856605494303,1.1730119431886907,0.0242592350936903,0.0095060691403022
2023-09-21,-0.0017804270243932,0.0019943643413963,-0.0007913235165117,-0.0013902300824636,-0.0004192542309895,0.0062643204161742,-1.0181095460585443,0.0341907162220848,0.0231652578796022,1.3224495238158742,0.0122488409777925,-0.0009892766031229
2023-09-22,-0.0008424517807809,-0.0014547051582082,-0.0010211863238601,-0.0036247414014052,-0.0002185870597959,0.005583407058515,-1.5454067517042938,0.0303540063809752,0.0299619578032179,2.0806180363611504,0.0371818940997552,-0.005185628751773
2023-09-25,-4.202336927780959e-05,0.0017961133529862,-0.0002046228440786,-0.0014074839068002,0.000237563637183,0.0048397673189286,-1.221583506911333,0.0200333348294074,0.0078626496218732,2.062752466287092,0.0371907945699962,-0.0196341174888657
2023-09-26,3.429214176294801e-05,0.0025030628687885,-0.0009003935133084,-0.0019093921304168,-0.0002640215871174,0.0002525409481053,-0.8694166172999469,0.0408990822428894,0.0343919585343626,2.5140146274314974,0.0319441667566144,-0.0004919273456754
2023-09-27,-0.0028097789415589,0.0006958378558216,-0.0012195269137178,-0.0031896566308914,-0.0009239692852233,0.0047797595193442,-1.1897905062368042,0.0341931965213996,0.0248606798543338,2.670777030638719,0.0453295464518127,0.0137631728644231
2023-09-28,0.0007494731653203,0.0011464914632063,-0.0009392062155033,-0.0015542807923665,-0.0003045033374518,0.0028705417397212,-1.018882857754253,0.0345540361206203,0.026576690820411,2.105743417512312,0.0482688603846816,-0.0113284601852809
2023-09-29,-0.0004971979367747,0.0038970622636872,-0.0006084924231134,-4.769889873668261e-05,6.417929168514995e-05,0.0036838694282517,-0.6806857230803678,0.0308272665824194,0.0214855680677458,1.8224173241429935,0.0196996872872844,-0.0092476220573108
2023-10-02,-0.0007658719604338,0.0023402591995826,-0.0007915459249556,-0.0010325018743039,-0.0004673361928098,0.0057369637809824,-0.8745239872051509,0.0503699340468276,0.0305178519758683,2.013605009433193,0.019179875669873,-0.0036760691890628
2023-10-03,-0.0002438735665093,0.0026228261701442,-0.0015046081447734,-0.0036251575625841,-0.0001027029899912,0.0046807402262554,-0.823999189782329,0.0491224464099617,0.042937771319745,1.9294016422933795,0.0247374867951534,-0.0092551086929327
2023-10-04,-0.000845796355078,-0.0002331865776315,-0.0005039746916104,-0.0029375495405388,-0.0007931257250769,0.0039806473207641,-1.0330804268188372,0.0256043886769642,0.0261276936739806,1.5431667301587435,0.0296291699689304,-0.007891485179844
2023-10-05,0.0005956200523661,0.0028623567953535,0.0002711719672949,0.000808790633546,0.0004759888650769,0.0006273637229217,-0.6338906635479591,0.0386063808831442,0.0221568913004415,1.6503202647662687,0.0018178206268857,-0.016912050677585
2023-10-06,-0.0004185375565995,0.0028082542640813,-0.0008204516791843,-0.0008059949880364,-0.0004848123500426,0.003822749573713,-0.7065471061051568,0.0460080239722978,0.0378444237273538,2.581536266042149,0.0173808950750692,-0.0166099380734093
2023-10-11,-0.0002083144493148,0.0046636161146149,-0.0007420035992369,-0.0004543137031043,-0.0009147144527504,0.0078263215498711,-1.2930914232059418,0.0543050387415663,0.0313541928479184,2.376115227412341,0.033849847752121,-0.0319378261767464
2023-10-12,0.002407207715585,0.0047483246018201,0.0005153662612011,-0.0007689365507607,-0.0001960571470457,0.006472043510596,-0.4108396002196028,0.0641943124283691,0.0277109984886887,1.7684519202729805,0.0193298243261646,-0.028519201591625
2023-10-13,0.001633064275958,0.0014545894797017,0.0003379715303278,-0.0031610240108621,0.0005622051651597,0.0044553593913886,-0.5045435413653652,0.0567571231286114,0.0415204159888248,0.6485143316714496,0.0110971414838786,-0.0274419349921068
2023-10-16,8.00542738999425e-05,0.0024292044800539,0.00135378831373,-0.0031428488135585,-0.0007323615151287,0.0059956027560063,-0.9637852886843856,0.0442211504275934,0.0316738203351248,0.9731447560101534,0.0511947346614704,-0.0068361235055179
2023-10-17,0.0021903319989145,0.0032271910337814,0.0003205220236142,0.0007547391523168,0.0003563595221087,0.0031922531967887,-0.0333881297068374,0.0497383581195026,0.025941624073218,0.4550487506114928,0.023122995064569,0.0002513960662264
2023-10-18,-0.0011305419683531,0.0034477079942453,-0.0006066421839615,-0.0008835421110405,-0.0003505715507556,0.0053791926663291,-0.4560447456942972,0.0495143882200288,0.0200601950834133,0.9794905577079788,0.0180659599429572,0.0109730190953054
2023-10-19,-0.0018979683842875,-0.0008830478945433,-0.002026676933149,-0.0034231827152571,-0.000522659589223,0.0021504681720574,-0.984604644621217,0.0454117699002719,0.0351671610313888,1.2476173491572813,0.0382641476502847,0.0193186294313105
2023-10-20,-0.0025106146848574,-0.0004662192729872,-0.0010133283061001,-0.0019431313284831,-0.0004342887302517,0.0005375280560807,-0.9977672137700891,0.0319068794141093,0.0211483076444014,1.0751602607746942,0.035264077368607,-0.0030884730768109
2023-10-23,-0.0013609944662254,4.681663942341296e-05,-0.0001716295228318,-0.0009670532428415,-0.0011276342577889,0.0022462707434568,-0.9758401678795072,0.0334241348525243,0.0179798619479043,1.6319363876371489,0.0258450632681494,0.0202347337426191
2023-10-24,-0.000663925502923,0.0025142541692824,-0.0006486258620456,0.0001903078763175,-0.0007739801706051,0.0047900518867697,-0.9529444812457974,0.038442935536936,0.0302798283532934,2.8305880769394576,0.0088089368993657,0.0192503275886027
2023-10-25,5.3510132888731805e-05,0.0048259931760379,-2.7422128715195413e-05,-0.00163685285829,-0.0003711155688785,0.0100513628846195,-1.129079118917745,0.0438748416052029,0.0340260145740344,3.6508219740480192,0.0380189439807782,0.011875120562916
2023-10-26,-0.0005628345100579,-0.0003952659404287,-0.0009314179800496,-0.0021042672301622,-0.0003926835405458,0.0083151307767387,-0.6885226054475699,0.0496229873436627,0.0406470503075063,2.4308536373998684,0.0333545661228171,-0.0102394619209079
2023-10-27,0.000834070539492,-9.040924572816965e-05,0.0008362439807107,-0.0023606532032839,0.0004223642033165,0.0055751968664658,-0.976560735736506,0.03453544277127,0.0447990742588609,1.7287640503767068,0.0170900582148362,-0.0258650440958108
2023-10-30,7.230449350588212e-05,0.0005184441050673,-7.402564368163807e-05,-0.0003287051095958,0.0002368156261732,0.0031139263905919,-0.7032062204457885,0.0369750795601922,0.0303933362610742,2.069522668027978,0.0416571314281677,-0.0381500526511828
2023-10-31,0.0003043256258519,0.005159485427786,-0.00029750598173,-0.0009246479453843,-6.375561401305903e-05,0.0073912651522676,-0.839765555380595,0.0446022490465333,0.0389942443669389,1.9043651154452927,0.0051715951039904,-0.0168616470464846
2023-11-01,0.0018405841216293,0.0042037063287905,-0.0008272440167208,-0.0018440620332164,-4.352063321113288e-05,0.0055214572417486,0.1514479187025242,0.0543963735967494,0.0434700607347586,2.4024169056628573,0.0281587613702686,-0.0331340610583368
2023-11-02,0.0013973218050873,0.0053926379905066,0.0004856123094909,-0.0011160219070136,0.0008918787752389,0.0035980766921473,0.1880217273738945,0.0725183499801495,0.0445741047691748,1.9383584870532704,0.0214850378920243,-0.0080120882724912
2023-11-03,0.0012286788770129,0.0071704488414077,0.0010525762091931,0.0002952829039608,3.779592532907267e-05,0.0078338505374946,0.2738736421314348,0.0886040252761733,0.0412502926939669,1.030036116690111,0.0331306014218629,-0.015396641643036
2023-11-06,-7.606232734369737e-05,0.0080628433801387,0.0003550992022837,0.0001982075620445,-0.0002281348465553,0.0109397040336617,-0.3873391462043169,0.0801719561796361,0.0344551210569981,0.6149829600304481,0.0086025295242281,0.0045771595317653
2023-11-07,0.0010307161569176,0.003595347199932,-0.0003873005271419,-0.0021593128205166,0.0003273898355337,0.0112602358849942,-0.4234359046348238,0.0711786403279122,0.0456187390499115,0.4980964802900013,0.0200714113543455,0.021207540719019
2023-11-08,0.0026570477139255,0.003022480978699,0.0014468231490899,-0.0027518026580257,0.0011336043860024,0.0077201643749402,-0.5416806793668609,0.0681832013685449,0.0373549774101497,0.3891222101837861,0.0063887351423231,0.0746875973512653
2023-11-09,0.0020056153834118,0.0022016848675707,0.0028893459249356,-0.0002499855116265,0.0007464449079776,0.0068333132543054,-0.2199443198859683,0.0621864584725218,0.0341702016818816,0.8804317875691519,0.0101313599837536,0.0572223392705224
2023-11-14,-0.0008475582461827,0.0009352724120323,0.0005085905914963,-0.0018694395867176,-0.0002311051436599,0.0099697156713836,-1.150152863129864,0.0443224083666014,0.0444184417884159,0.9592640074772094,0.0249368658412161,0.0194660865914149
2023-11-15,0.0019555206843594,0.0056775206659251,0.0006774996453214,0.0018479499577472,-0.0002824077467186,0.011416297893604,-1.0686205055456737,0.039981959680938,0.0430886451313147,1.6639777687164408,0.0284118794480302,-0.0353335418128785
2023-11-16,0.0012255911882487,0.0023938395354302,-0.0002155829307253,-0.0022195980099077,0.0008047087194321,0.0050588090438848,-1.0684519775132575,0.0727151265485004,0.0385152895964883,1.2824232595290883,0.0112749586971845,-0.0594235292881486
2023-11-17,0.000754007783524,0.0050506131208337,0.0005599421485089,-0.0026093448705584,-0.0002970311468683,0.0069876050349159,-0.698465536123078,0.0604353991025702,0.0424937929627937,1.390817427129159,0.0087748175540495,-0.0336109943978676
2023-11-20,0.0029939428436644,0.001420642478278,0.0016487808793399,-0.0002464288612639,4.495446468047852e-05,0.0052816548691752,-0.0888661904963002,0.0447677509872867,0.0507387020432417,1.7552149343669885,0.0427588068777339,-0.0138690225491106
2023-11-21,0.001554141093076,0.0033043316292487,0.0018348179594547,-0.0009657566995261,0.0008362554237353,0.0057409797977634,-0.4566927366594444,0.0328718940502802,0.0325982212366017,0.4392873894721649,0.0301319715022104,0.0187065537442569
2023-11-22,0.0014468590712342,0.0010231101045526,0.0010695778146813,-0.0022314361528148,-0.0005103412050717,0.007663099648841,-0.2178766706314113,0.0413744870675839,0.0434117633584933,0.8867085226234288,0.0264582920137702,0.0278381731931749
2023-11-27,0.0009141563656851,0.0009517330826205,0.0003941704742165,-0.0026034151981028,0.0005552920790735,0.0078489397005379,-0.8091452769715277,0.0682295935546809,0.0599503278008545,0.8169656093607416,0.0137947685103414,0.0099890032853566
2023-11-28,0.0006680064305961,0.0021108814323125,0.0007730479181224,-0.0018673310541558,-0.0001487008831018,0.0069495425097794,-0.7350810112538009,0.0557617803129184,0.063737625304721,1.4759016935757456,0.024944394312891,-0.0133531530767569
2023-11-29,-3.906919349655729e-05,0.0036763076403181,0.0003287923920083,0.0003388648491174,0.000334936906189,0.0072593486131864,-0.6135099333642854,0.0477664593688459,0.0607746173775615,1.353074570237644,0.0286611991675848,-0.0228548927933462
2023-11-30,-0.0001508805988639,0.0038588782604641,4.474348734687061e-06,-0.001865170824732,0.0001712317373971,0.0100137237365332,-1.11814692256155,0.0511258261850995,0.04570351706015,1.4589505774541394,0.0328560714433431,-0.0091845847073943
2023-12-01,0.0018146646181184,0.0030008845461464,-0.0001081833028078,-0.0026146701405968,0.0006549577138702,0.0081938685772814,-0.8067696070407684,0.0519656703974089,0.02113214365373,1.1156755240902942,0.0133931269797373,-0.002447065990719
2023-12-04,0.0021175050465453,0.0054379740695797,0.0020638891730905,0.0005214243356535,0.0013910050017693,0.0082505916696992,-0.6262565877625381,0.0532163892388238,0.0372453265564655,1.7752676159163512,0.0177371983345505,0.0057771389289306
2023-12-05,0.0013296874163472,0.0013961409192566,5.614708141857141e-05,-0.002343782126956,0.0010793721962724,0.0061125238011356,-0.7624554485182211,0.0601850937998103,0.0514938944743405,1.37365448291629,0.0137833313860897,0.0062455434948569
2023-12-06,-0.0009364289743443,0.0045141934842391,-0.0004594261000774,-0.0011198767081799,0.0003541211109422,0.0098083509701685,-1.5503253264967976,0.0433224789577065,0.0492315735064593,1.355091745996256,0.0235638987339144,-0.0021943145320178
2023-12-07,-0.0006329335493094,0.0029567714417611,-0.0007022516516796,0.0004757075045965,0.0002710991018233,0.0091845155439681,-1.3244148930284143,0.0501496692614088,0.041460720424183,1.349933300596549,0.0078554146863903,-0.0118709169085316
2023-12-08,-0.0008549358608207,0.0051271989836165,-0.0009107221790153,-0.0005885142483895,0.0010826618289987,0.0095979748502314,-1.3299177258122654,0.046470695431177,0.0381213178987868,1.5399531230743282,0.0223826504909195,-0.000910948503578
2023-12-11,0.0010422181851019,0.0032536758705528,-0.0009021947089426,-0.0018140104275136,0.0004336285881885,0.0057081575268835,-0.7204853401052566,0.057692326227484,0.0358547941868286,1.3798169019833784,0.0340576387813754,-0.000819961738399
2023-12-12,-0.0011910996713182,0.0030519368134348,-0.0008165504244963,-0.0012200889849552,0.0011371095988243,0.0029005439917752,-0.3678432691744508,0.056547014334522,0.0372631598314373,0.6437658122278793,0.0235525483789472,0.0198952503156155
2023-12-13,0.0006178866350426,0.00348824774763,0.0003021688773956,0.0007240616265814,0.0004547011345359,0.00463761651907,-0.1726763938718271,0.0564148819356391,0.0315273054732586,0.5787696119457402,0.0050736860918345,0.0085960026160894
2023-12-14,0.0003135840991487,0.0069206244418407,0.0004806055883523,0.0002548145266988,-0.000206903092634,0.0081186186787313,-0.5909700907114108,0.0653229874525606,0.0288851462047939,1.2582934266842067,0.0288557331405265,0.0130844405645953
2023-12-15,-0.0006216884913684,0.0055069936128908,0.0013993396339495,0.0038749606261239,-0.000634218161786,0.0133541434615173,-1.2077594282379291,0.0484388835991721,0.0108760114689152,1.3194029719245606,0.0287234633304399,0.0029797354027429
2023-12-18,-1.2118916591616609e-05,0.0034204535305778,0.0001417370131314,-0.0027060376620753,0.0004588414147466,0.0141375740264558,-1.4106517688321418,0.0709315728643939,0.0385742400082291,0.7114980341275033,0.0203594137154474,0.0030503911155064
2023-12-19,0.0034505998702442,0.0029616239460687,0.0016527933290042,-0.0010241514625237,0.0013110069758456,0.0106992108375872,-0.8735513741141038,0.0555941300922553,0.0302083161173538,0.9427573420054944,0.0285738117986084,-0.0114794582939679
2023-12-20,0.0035345323777418,0.0039321513371954,0.0027195864872996,0.0004379134855114,0.0024873374273327,0.0056553467872565,-0.4823790586922951,0.0574322050601088,0.0446541322594724,0.664483119967569,0.0246664251099119,-0.0128949195944039
2023-12-21,0.0005817700197951,0.0008751466712575,0.0009668767846323,-0.0022766452685709,0.0007924686666246,0.0054558276153723,-0.3452202203728446,0.0540430193704073,0.0615608635106861,0.8433793988995238,0.0214113039455821,-0.0158293744861495
2023-12-22,-0.0006986027520971,0.0045238427269715,-0.0002397792801162,-0.0008568833270475,-3.8798333102278254e-05,0.006430029914559,-1.135823418690196,0.0509139851772086,0.0330482909292907,1.0455201638157725,0.0233556831994962,0.0005968779709093
2023-12-28,0.0003909449315278,0.0038056532067647,0.0001364434343718,0.0001742542490609,0.0002617614121434,0.0078705422835074,-0.3830386153207853,0.0457836961252234,0.0255397607113416,1.4500985153665915,0.0229109782044178,-0.0117421364175385
2023-12-29,0.0008107342510715,0.002172542964499,-0.000638334483814,-0.0020278432118261,0.0009136713780465,0.0038379461062334,-0.306677978205101,0.0372261542939425,0.0317290966366969,1.1485285755215793,0.0067552144237757,0.0030290525931035
2024-01-03,0.0007981723227209,0.0006277483764505,0.0006219995038098,-0.0010792582369794,0.0008705486846672,0.0038711190645659,-0.6186428031711119,0.0359052682354688,0.024022893486876,1.4510307808730163,0.0276622077278419,-0.0018378342779754
2024-01-04,0.000213317368939,-0.0003521329018191,-0.0003516459610385,-0.0015717453785592,-9.316682140924932e-05,0.0036094322056664,-0.5873010510588011,0.0359575911506814,0.0306897720207,0.87722693219573,0.0364833440138573,2.4547444738141043e-05
2024-01-05,0.0003226344535749,0.000632638799523,-0.0002424868909858,-0.0005932897381105,-0.0003836626994242,0.0044345403531878,-0.9655446716652714,0.0329551717693842,0.0396357559081292,0.902147949012684,0.0236576610805008,-0.0244724688184555
2024-01-08,0.0007495507324634,0.0019802773114345,-0.000530417729136,-0.0009982954120411,-0.0004996363239046,0.0035275020255875,-0.5435181789654572,0.0286127158330376,0.04653969545547,1.329093507973664,0.0290261804841992,-0.0205542951344078
2024-01-09,0.0010123082043381,0.0042521873185538,-0.0002944724211909,-0.000215947079128,0.0004291868318906,0.0028719484527475,-0.3608937453560232,0.0557693682054853,0.0339817105711128,1.309877959932643,0.0069683172147389,-0.0165400880718482
2024-01-10,-0.0005084492133975,0.0029400141354245,-0.000833570531369,-0.00135297301061,0.0002366278846582,0.0037047249726889,0.0360978728169778,0.0568845134476085,0.0309070204596362,1.4136344009752222,0.0257445280715075,-0.0380459831417287
2024-01-11,0.000183805365867,0.0039484385157667,-0.0006355248773065,-0.0006385673582146,-0.0006455916212602,0.006067770773719,-0.2158583490729841,0.0533500754477372,0.0440543038721873,0.7829285195096319,0.0139980111192193,-0.0451429097981243
2024-01-12,0.0016414701171873,0.0030769757095596,-8.761925254388303e-05,-0.0006413856998151,0.0001463608354632,0.0065862096795917,-0.0589482814436295,0.0452043890784705,0.0288989054713925,0.8010149197873345,0.0211996771263031,-0.0404133520798252
2024-01-17,0.0003531755655164,0.0036549778148574,0.0002718264815554,-0.0004992804926266,0.0007005891728105,0.0058938678155283,-0.4893311645850534,0.0501215855909948,0.020376081778951,0.726538917434365,0.0249050466298747,-0.2830455641852319
2024-01-18,0.0044981873511146,0.0021679540794948,8.852204115710262e-05,-0.0016129631118402,1.2512791399538626e-05,0.0078638747920359,-0.8326463003929472,0.0406604244436693,0.0308136588624078,0.9841936252486728,0.0267720614601159,-0.2466801812480821
2024-01-19,0.0074687944343538,0.0033365029049351,0.0016290023987167,-0.0004205132679788,0.0007573942691952,0.005818457314755,-0.4617734698779493,0.0387061467340632,0.0215570875587105,1.0609605513844924,0.0295303975801285,-0.2970670983083867
2024-01-22,0.0044844424525295,0.0097630229367008,0.0014973139402861,0.0001010985406872,0.001495539288175,-0.0092451891423214,1.901349537709572,0.0453191327324343,0.0250352740239467,0.9462336276353516,0.0179984186993262,-0.0910686881756019
2024-01-23,-0.0005487533732387,0.0026809501166843,-0.0003966384338306,-0.0005816042801691,0.0005911867137253,0.0017867283880276,1.4363544537912227,0.0529772725637057,0.0329140039441303,0.7287920459378034,0.0284548099265973,-0.0163461449367977
2024-01-24,0.0001373788137996,0.0031149012943169,-0.0006279259518547,-0.0022452849851724,-0.0003125268160792,0.0065224258229117,-0.4702769176462208,0.0404393317233523,0.0242468871237981,0.5248892465434489,0.0172727042452547,0.0534549779528742
2024-01-25,-0.0006166141659501,0.0018351806714132,0.0004399923555856,-3.132387996410298e-05,-0.0002446411405929,0.0063272158549988,-0.3852472656742338,0.040332786946363,0.0290611308851934,0.3974205562880267,0.0243624863152368,0.0218519195256072
2024-01-26,0.0011601017929122,0.0015779057036189,0.0002315954899619,-0.0018430392586553,0.0001049061984728,0.0064004696536188,-0.6505600901391985,0.0565778851093761,0.0301589419295994,0.6661625442054908,0.0360619889740859,0.0015255335072864
2024-01-29,0.0010022002887392,0.0018948429551102,8.512151619416441e-05,-0.0004715032442299,0.0004071019286949,0.0066257227427751,-0.9610136098211524,0.0467177264765078,0.0296465053884491,0.606967195346855,0.0228749546098062,-0.0154857287398238
2024-01-30,0.0009146116655298,0.0050065946689368,0.0008211165835715,-0.0020645209038617,-0.0002392199782416,0.0069472313370262,-0.5820097916873004,0.0509779103545213,0.0450615734350352,0.6988824862164408,0.0107498991499708,-0.0123228238623709
2024-01-31,0.0007359623586106,0.0033800860781102,-0.0002051525454302,-4.5332383146585455e-05,0.0002665991509646,0.0075750878096871,-0.1012729217590183,0.0367929388890347,0.0228274899860785,0.933866210747022,0.0294596760402164,0.0108545851585747
2024-02-01,-0.0005634238546549,0.0011092546201653,0.000538000758196,-0.0004815467760381,0.0004393808805584,0.0112618778137405,-1.4911214162556925,0.0316214509210763,0.0214858688151219,0.7441341618286285,0.0084424570444379,0.0117832827810174
2024-02-02,0.0026803245411169,0.005102242816868,0.0013201884682403,0.0007209415814688,0.0005360413736367,0.0109811499188475,-1.1424410719367677,0.0444681029782548,0.0211473838193141,1.3249557080425085,0.0111966511474545,0.0284239029498768
2024-02-05,0.0021097870497565,0.005005072397792,0.0005451832491028,-0.0032896604823639,0.0007774213074625,0.0099703640058303,-1.1011686844585231,0.0422273187628824,0.0144546677479325,1.5830778323577197,0.0180055273295877,0.0289435056052681
2024-02-06,0.0013561830789144,0.0020662110326596,-8.325869888447344e-05,-0.0021149201328629,0.0004287591037561,0.0048748290886622,-0.347489674012637,0.0429845500997467,0.0379466278177882,1.292666846512498,0.025779651564455,0.0154933616053376
2024-02-07,0.001681677108829,0.0015024653548134,0.000482530146688,0.0007153786108734,0.0017134367715523,8.149297276728584e-05,-0.1750301957370943,0.0393991824604,0.0184715119144652,0.8451036223382553,0.0251659975034431,0.0130593956059176
2024-02-08,5.84965778019416e-05,0.003135777350646,0.0002588393479351,-0.0002318148802495,0.0004437816624701,0.0036068922483079,-0.5187540395225446,0.0487026170719372,0.0154547549896012,0.3217047842869156,0.0202570202388904,0.0192195440352778
2024-02-09,-0.0001371827424647,0.0033523314213186,-0.0004529608432131,-0.0014987931982954,-0.0017185601464239,0.0066823187409927,-0.4204533915332824,0.0441420517788109,0.0348374969536719,0.6789267339384011,0.0337144469930796,0.0326427201992565
2024-02-12,0.0004651692188099,0.0030970228773987,-0.0003559666691261,-0.0009370522942863,-0.0004188654338917,0.0050029057780948,-0.1109344158724104,0.0413630651708486,0.0316932470188339,0.5897267881935622,0.0249506425118548,0.0337809847389012
2024-02-13,-0.0004308350642096,0.0017271521273915,0.000121808820794,-0.0016125245325384,0.0005808532945513,0.0045187103357997,-0.3916757498203787,0.0442889832508536,0.0279312158250702,0.5233061409607264,0.0194273831314701,0.0301860174600317
2024-02-14,-0.0014082441601498,-0.0010727148254398,-0.0014085644343876,-0.0043158078113372,-0.0005978712647128,0.0044386852293899,-1.2875806405979209,0.0313556420260245,0.0306445504186771,0.4577277594048115,0.0245822298822323,0.0289310994221385
2024-02-15,0.0008003683589663,0.0031248137487686,0.0001137552290458,0.0005308057498593,6.749787394703081e-06,0.0034517246042001,-0.6692815720199562,0.0338888577494785,0.0348519208522703,0.92483637901906,0.0168833081915012,0.029472388324237
2024-02-16,0.0003692389396932,0.0029826430631679,6.870540557011703e-06,0.0005246175608412,0.0001532497593981,0.0034483137267188,-0.2593620395791051,0.0368404445091859,0.020530958518282,1.229893694239934,0.0326654630092317,0.034672560285876
2024-02-21,-0.0011638410650599,0.0017237267234953,-0.0006645339459313,-0.0016785470927394,-0.0005705630332247,0.007036295962673,-0.6964192224478676,0.0433576555205093,0.0319507697193495,1.0519925766287324,0.0281962170805676,0.0303044713524225
2024-02-22,0.0004528265560369,0.001955276095012,-0.000484997305332,-0.001468027646617,-0.0008280921859203,0.0062327909771475,-0.5884987727044051,0.037351444457548,0.0376572172692233,0.8498046425309312,0.025473149785017,-0.0021522414381392
2024-02-23,0.0021826922106271,0.0050197327042606,0.0004813313324765,-0.0006850314295641,0.0010673648086964,0.0028640834546906,0.0640947534085911,0.0474868595920378,0.021163926041264,0.5451428918405908,0.0243125530903884,-0.0026405127869041
2024-02-26,0.0005841450789,0.0038353612584079,0.0007010584371595,0.0001895213317202,0.0002231443270572,0.0051116272219371,0.0599203271678241,0.0505591071592309,0.0257774067533895,0.6948805649235569,0.0080851242445107,0.0079334112697163
2024-02-27,0.0007295625392033,0.002327187714688,0.0003534549640225,-0.0005453784471928,-0.0006389140087193,0.0069149629460762,-0.2302975691659436,0.0458707040309708,0.0334335539112983,0.7117308399002815,0.0276345789627475,-0.002268713980279
2024-02-28,0.0015660998418158,0.0029218588199552,0.0005437033384773,-0.000974591093109,-0.0001826953672367,0.0072114920221861,-0.4646137087422063,0.0387042050809768,0.0254335534252247,0.5617766775906051,0.0324955848598237,0.0169241396186085
2024-02-29,0.0009977276464809,0.0022256448352641,0.0004542052836245,-0.0006886686651543,0.000294962204543,0.0065017299580392,-0.6470787672828399,0.0381995325654696,0.0266774781682441,0.4920659091222435,0.0146713463918916,0.000705508374692
2024-03-01,0.0009719669416617,0.0036868331413572,0.000413073333293,-0.001082822260942,0.0006714165021992,0.0059668440610886,-0.6918623161666985,0.0391049242305047,0.0270165080555288,1.173381812982081,0.0202092212841638,0.0062348085758903
2024-03-04,0.0004260195480049,0.0043292526215996,0.0003124516042182,0.0004944752170575,3.924472817024179e-07,0.0092679280430222,-0.4633536477111852,0.0454301803044342,0.0278786414817196,1.4259294112605936,0.0351119003632641,0.0196593004732023
2024-03-05,-0.0001452423791419,0.0029165888641298,-0.0002208119332624,-0.0008996414727119,0.000102955299823,0.0080810636418003,-0.3505659986243067,0.0508357857720555,0.0330459085054894,0.7972018837734263,0.0060420815007562,0.0110125753530094
2024-03-06,-0.0004285230990171,0.0017195492139842,2.4594161461236568e-05,-0.0010519983317004,0.000330445944047,0.0094968408755308,-1.0902188054663982,0.0398000581029888,0.0319612262300392,1.0058902075071734,0.0191956431179804,0.0154047565684601
2024-03-07,0.0007105478833641,0.0028231706040712,0.0008484658088843,0.0004571118770002,0.0005909847199652,0.0087935171185168,-1.0476852829968826,0.0376761407376706,0.0261292106561493,1.015042550046516,0.0284764572772982,-0.0016256271421493
2024-03-08,0.001166990904279,0.0051053464440017,0.0011987718813357,-0.0003429465544153,0.0005183758528103,0.009576554005184,-0.8359052850699606,0.042773151887154,0.0195283891497014,1.2206969615579706,0.0237783667272887,0.0036939737549986
2024-03-11,0.0003020864592588,0.0021062274671234,0.0003554959886325,-0.0015887090200696,0.0001860640726116,0.0083967313740877,-0.7126662720113255,0.0401122214824458,0.0289865389016924,1.2570748715285482,0.0157639851373113,0.0043231534641978
2024-03-12,0.0010614131718734,0.001742887206669,0.0010127160238747,-0.0018063327455228,0.0007166843351366,0.0072699537652874,-1.0080403307364811,0.0381699991108543,0.0243429912714774,1.2082951163107043,0.0260332876287413,0.0113500425429136
2024-03-13,0.0030339976728599,0.0034375809751351,0.0013481430867214,-0.0006512825576853,0.0007063538700443,0.0054454365475083,-0.1706042644445786,0.0406953938073687,0.019724792394514,0.9629662931249128,0.0198760477203039,0.0121378513184884
2024-03-14,0.0013804940267326,0.0015947766306771,0.0010979103614417,-0.000444161440553,0.0003420143016664,0.0045530889886959,-0.379240263607285,0.0475947857074827,0.0267529457109737,0.9368532350536812,0.0344023472900058,0.034595834797071
2024-03-15,0.0003139437056487,0.0005510451400376,-8.311409309960771e-06,-0.0031113743156476,-0.0001056382535553,0.0026940698768238,-0.4922236913033233,0.046241169868742,0.0346229500706193,0.7080629611863428,0.0273245821299973,0.0257344426785029
2024-03-18,-0.0005854588573579,0.0007186090218239,-0.0005256953192098,-0.0012929000734425,-0.0003206121122806,0.0031824157300288,-0.424894475424278,0.0343888060944941,0.0343413876789902,0.5583455264155416,0.023346587669599,0.0144969914040979
2024-03-19,0.0001020942917073,0.0019558533535157,-0.0006902987167432,-0.0005813215274224,-0.000419792931845,0.003399229282045,-0.5422846463016165,0.0367549634434361,0.0337553470589054,0.8255116977230639,0.0323058794842772,-0.0037713092760294
2024-03-20,-6.844013924708599e-06,0.003532102275575,-0.0011126237615453,-0.0005398322393061,-0.0003220796179244,0.0051898716333745,-0.4479243560735667,0.0435957196576686,0.0307198956346566,1.2261049246930693,0.0268601248172948,-0.0164905611595702
2024-03-21,-0.0001284131114326,0.0043573713142274,-0.0007670213637425,-7.815203815156465e-05,-0.0004146265306196,0.0072016901050329,-0.1419248908151263,0.0553357907629982,0.0386768731011201,1.0779159978114576,0.012289782782625,-0.0191238877374579
2024-03-22,-0.0006820288934855,0.0038794043178311,-0.0006481139521888,-0.0004435445282506,-0.0001100629191067,0.0082709176037,-0.2451901469852574,0.055536950315763,0.0300859247565961,1.141620745506586,0.0165870702134601,-0.0019475551741634
2024-03-25,0.0004900395846687,0.0029306441636973,-0.000126376454561,-0.0011690759415584,0.0001757669757465,0.0085744261441315,-0.4918637734437976,0.0659987504273471,0.0425250340983131,0.8725037923453439,0.0128802214841054,0.004591325137284
2024-03-26,0.0009975033144629,0.0024364542999866,0.0003676861122821,-0.0008613760560952,0.0006781959392072,0.0077657195259173,-0.703121448519462,0.0307719104221752,0.0254599963391921,0.8827394953877021,0.0277235003590565,0.0079753443052196
2024-03-27,0.0006555003589558,0.0023144671929631,0.0001548197847291,-0.0007397746207786,0.0004926894848776,0.007529624216955,-0.7255384903150375,0.0400790729681797,0.0250325532276315,0.824074879801765,0.0223616523147919,0.0114839590307179
2024-03-28,0.0004016609809989,0.0036006596804031,8.177918975120842e-05,-0.000464255310965,0.0006013444323189,0.0069541547184692,-0.4270387378344741,0.0472988537329487,0.0349345297772164,1.1918201781797768,0.0228841960019095,0.0142514390165824
2024-04-03,-0.0007271570631926,0.0035298305939647,-0.0009073503949788,-0.0007114647627025,0.0004638011104877,0.007953661828272,-0.7797201237597582,0.0437395734671038,0.0243324876592685,1.280720529969114,0.0323160979987222,0.0007415720629535
2024-04-04,-5.273616110857261e-05,0.002876815777274,-0.0003359478789174,2.4949137437034648e-05,0.0001054226928849,0.0074033383749336,-0.4669240482471489,0.0456442785252938,0.0361111493530046,0.8862195964018938,0.0176426688702278,-0.014915103873095
2024-04-05,-0.0013107988381161,0.0006724796663463,6.432725480665159e-05,-0.0011101178250833,-8.151135169100673e-05,0.0080524692887092,-1.115686126193159,0.0392275112118548,0.0260577041833602,0.8387719203221016,0.0300218879171693,-0.0112932178608495
2024-04-08,0.0019408069554198,0.0033154465044335,0.0002267676717023,-0.0021347407161377,0.0004977435098944,0.0064747233335737,-0.6058995862224449,0.0364671602639214,0.0259471716246822,0.7734158758174032,0.0184642200038144,0.0047396476820604
2024-04-09,0.0006384433911609,0.0026277189712893,0.0005507914181671,-0.0012274563332636,0.00030497703718,0.0059796083163654,-0.4798917954117259,0.0311814382457608,0.021467160180543,1.239283354301951,0.0227444632943425,0.0040924000682973
2024-04-10,0.0003705418724395,0.0020999413652691,0.0002233425489584,0.0001047517969115,0.0004505225449974,0.0050900781382438,-0.1755275542959635,0.0513110412569827,0.0310850462518413,1.107041723294359,0.0084369302157224,0.0158055842489895
2024-04-11,8.525502741417836e-05,-0.0001367486588259,-0.0014803619060907,-0.0055701675810697,-0.0001017205152619,0.0045878682783382,-0.7755159775611569,0.0275354348014101,0.0329064118438255,1.1527506967638157,0.032515121883553,-0.0102016764664163
2024-04-12,0.0010282856823719,0.0028536551208039,-0.000388091050449,-0.0003555372903637,-0.0002911316800879,0.003949249886135,-0.2203613418232258,0.0307961073488972,0.0314140747470157,0.8025738444637556,0.015091321274303,0.0040606543282602
2024-04-15,-0.0013457424976418,-0.0008089668205435,-0.0008928522961598,-0.0020180209452961,-0.0004638059057419,0.0027147670492799,-0.6087453893084256,0.0294280823381799,0.028772623819597,1.2610298689594743,0.0240240555726803,0.0357716541871526
2024-04-16,-0.0033909219081951,-0.0005249383152664,-0.0020255510318239,-0.0030368470674617,-0.000781441311916,0.0052048687142622,-1.6664961585790818,0.0189438551607259,0.0289196037762283,1.1857071943774524,0.0282174535593753,0.0421367207216178
2024-04-17,-0.0004364269421959,0.0013179090374218,-0.0020799760581586,-0.0004009535211906,-0.0008988415061881,0.0062209761235772,-1.5055480045447038,0.0115799450279677,0.0336810702464733,1.7550546213719274,0.0299808821038428,0.0381112626125857
2024-04-18,-0.001478557063958,0.0008305160093145,-0.0020729824666039,0.0004063909694919,0.0004872119305604,0.0043413555052046,-1.687719035954784,0.0231129220426721,0.0276819951424972,1.6842251003025388,0.0102442482032412,0.0162148299399687
2024-04-19,-0.001948647924193,0.0014397217654016,-0.0013139080898268,-0.0004395032833101,7.854496825655458e-05,0.0064561079318368,-1.5381705494097733,0.0320603832690651,0.031339320989968,2.16403305231807,0.0277128922473683,-0.00252131871046
2024-04-22,-0.0005680338453651,0.0012501136752453,-0.0006101151871143,-0.0011401339399185,-0.0009140023837467,0.0081553443627734,-1.2516726418139306,0.0314970240140382,0.0307653895211102,1.9152823888351909,0.0292528546632237,0.0007891911436674
2024-04-23,0.0026590117289561,0.0028699030692799,0.0009412219862064,-1.0060310236298884e-05,0.0006716830797362,0.0065755477984653,-0.6654033347937713,0.0401001543053618,0.022267282330549,1.4386512325455638,0.0246285176338241,-0.0149216034106596
2024-04-24,0.0021548953724098,0.0045346312898337,0.0014371765954744,0.0007590396216025,0.0007219101846371,0.0070208320961612,0.0031723679713973,0.0510947206878331,0.0188551786911491,1.6275113974366442,0.0236252163332853,0.0040063011255023
2024-04-25,0.0003890896318458,0.0026891491797848,0.0001742398180768,-0.002003272714431,-0.000154385254262,0.0069152091632701,-0.061888791170287,0.0565528888187165,0.031736522594806,1.131859633446178,0.0159123209459473,-0.0021025148411391
2024-04-26,-0.0001366081466231,0.0013131050883523,-0.0003135785708787,-0.000915182465336,0.0004347351937908,0.0055589719662931,0.141532410759383,0.0442734737813351,0.0331684214037669,0.9024288086016166,0.0290413151036632,0.0029238816216082
2024-04-29,0.0012810411524431,0.0032301520685851,0.000733941958541,-0.0010332501545534,0.0003735371687057,0.0049405392551894,0.0736473578715082,0.0441925521151657,0.0261540094798938,0.5521483642464146,0.0195404195981751,0.0180720253552995
2024-04-30,0.0005072658820807,0.0031935270048681,0.0007208588611728,-8.240501716145826e-05,0.0003458497340065,0.0064388594766442,-0.1057299256411296,0.040771947760565,0.018914303791481,0.6859547796661277,0.0126474442574454,0.0117605874723715
2024-05-01,-0.0001825234000147,-0.0001211779096297,-0.0005229162248979,-0.0028066849055851,-0.0005538494849828,0.0079878667627705,-0.6836700913411835,0.0369510992836393,0.0333030510893937,0.9830306854602344,0.015366586197005,-0.0050083583603249
2024-05-02,0.0005336350930516,0.0015705297128899,-0.0001943620939846,-0.0003575974079277,-1.988382841624993e-05,0.008147361798941,-1.0515466829570752,0.0263293811432004,0.0322350632550503,1.2302835829450718,0.0171810469610281,-0.0111882382551485
2024-05-03,0.0003196673242498,0.0032737459094415,9.15486103245799e-05,0.0010652326863545,0.0003636115558459,0.0064969059735831,-0.3902470842056899,0.0421403431006649,0.0255114903720085,1.5974449141830325,0.0180541234925535,-0.0141243235183317
2024-05-08,0.0001624309575766,0.0047635573052686,0.0006925142880482,0.0007694903639244,0.0002813351673836,0.0095325455554064,-0.5660872149457894,0.0624336906606006,0.0305779078351229,1.8261755200913128,0.0155622726325209,0.0045505751899238
2024-05-09,0.0010838322984236,0.0028258715945821,0.0004929090484069,-0.0017910705698668,-5.380578715742955e-05,0.010274355266205,-0.4902548572968452,0.0576797847822255,0.0330650838000711,1.6264254926760628,0.026289931209879,-0.0014620605983719
2024-05-10,0.001922186966676,0.0030548638055315,0.0016194094286236,-0.0007792505126347,0.0005618068407448,0.0086855068988566,-0.2139436927491221,0.0488097238815498,0.0294146644430575,0.8438088112793909,0.0219575383290701,-0.0054122041380644
2024-05-13,0.0017732067690096,0.0023705378040029,0.0013382799774026,-0.0015065061781346,0.0005213840586929,0.0064430639161752,0.1813578644673953,0.0404741491992463,0.022188570801828,0.4509495145224574,0.0131247015099849,-0.0133396761543107
2024-05-14,-0.0001828284767937,0.0019766918942395,0.0004637966281385,-0.0011909574405264,0.0001053197713473,0.0060752000667393,-0.3145964340828405,0.0483470675589517,0.0324553088608951,0.7673486838086938,0.0256188672595639,-0.0060765217344976
2024-05-15,0.0001917421655634,0.0028425314622529,9.775745770193993e-05,-0.0003561064032119,9.09805390515137e-05,0.0065631176536592,-0.7375557309024653,0.0490261498193098,0.0360049513790856,0.9293023236460964,0.0179779729192174,-0.0066990297936263
2024-05-16,0.0006518130601192,0.0043049585551041,0.0007253584336324,0.0009784102432954,0.0003156721886862,0.0083137087804719,-0.6778129928085173,0.0491946293427331,0.023165887470328,1.0858639017622191,0.0264393206897658,0.0025997814686108
2024-05-17,0.0002371337921079,0.0021602514251447,0.0002866310318973,-0.0013350648384693,-0.0001511414266412,0.008977290857062,-0.6255521313827606,0.0499116987509015,0.0240045619730094,0.965949352452895,0.0199184779197735,-0.0010711610014479
2024-05-20,0.0012213952651088,0.0019769912973056,0.0008434479733918,-0.0017561993747882,0.0003398539788934,0.0078454972966948,-0.3871342958527505,0.0489409821444618,0.0350696526984866,0.6668821005154801,0.0248008509425264,-0.0112607976281065
2024-05-21,0.0021092996830512,0.0018459283177079,0.0012132138092414,-0.0017081372036256,0.0003097795569156,0.005299458120151,-0.1233691538600698,0.0484685685140726,0.0279604551160559,0.6172314450177956,0.0186513687872086,-0.0219866017338818
2024-05-22,0.0014624352957064,0.0023623187018267,0.0010990422141442,-0.0008876122195595,0.0004089512116444,0.005020721231845,-0.146308552646007,0.045857087663354,0.0292819992414505,0.7224197327085549,0.014641297205305,-0.0157201702834497
2024-05-23,-2.5715838970539627e-05,0.0019475662552129,-9.111679511535442e-05,-0.0017020211775353,-0.0003003118765436,0.0066512643754417,-0.5020119092495416,0.0395470372587641,0.0352859019988156,1.1529716958363028,0.0146298755460329,-0.0073355643146463
2024-05-24,-0.0008105384943717,0.0010482097238119,-0.0012518484724486,-0.0014844725226426,-0.0002788496009247,0.0059928327331393,-0.7378079167271543,0.0329256309686095,0.0286137094136313,1.1495653720479213,0.0116053325214619,-0.003686405281746
2024-05-29,0.0009281202841824,0.0025022051553286,-0.0001612834502949,0.00053703322277,0.0002870893359975,0.0054492033046011,-0.5742702823678157,0.0379842382286085,0.0319049534815587,1.31222898567626,0.0308606643157684,0.0211632470437872
2024-05-30,-0.000626840488158,0.000836388556342,-0.0009733768574257,-0.0033478140712755,-0.0002344573065086,0.0046789783635558,-1.0526050049476487,0.0338732001635258,0.0298602563056367,1.1664646948117754,0.0167109057740278,0.025101291587281
2024-05-31,-0.0011321440291158,0.0009899718707119,-0.0005213779351288,-7.234420420458338e-05,-0.0002146045977219,0.0059430271988418,-1.0042222524384683,0.0358865555889524,0.0300519894323806,1.211763560995272,0.0133480532963443,0.0526343557634725
2024-06-03,0.0003704331875213,0.0030312200447045,-0.000219940198976,0.0008810439503806,0.0002280178135707,0.0072690430357231,-0.8203591493089141,0.0336782843609895,0.0370189844105127,1.5786844276321017,0.0229919270246536,0.0460595605832837
2024-06-04,-0.0012479039136267,0.003225821970104,-0.0004285534710193,0.0003819279206086,-0.0001453931180836,0.0103520884597489,-1.0223478297125324,0.0453906322672686,0.0278234272236753,1.5510843684800224,0.0095872921433523,-0.0032321928527393
2024-06-05,0.0008316601091465,0.0029688207063912,-0.0005411802903356,-0.0004491331745697,-0.0001614817563531,0.0114773456425756,-1.2217615789976275,0.0473556218501506,0.0320486462865353,1.7741519104039318,0.0180535868142143,-0.0167227356395824
2024-06-06,0.0017592908494195,0.0039364191629092,0.0006379775702673,-0.0009460037324452,0.0006183128688043,0.0118449813465405,-0.9405506989127131,0.0536976423088267,0.0393881349346677,1.345495286885852,0.0281080561105181,-0.0293085548835884
2024-06-07,0.0006248186687939,0.0023056146398283,0.0001201074945698,-0.000722094268373,0.0005629812695638,0.0086900014523341,-0.3963632388932375,0.048265137481009,0.0214430960468105,0.7099315499974093,0.0212079666684046,-0.0067278941009387
2024-06-10,0.0018252402026057,0.0015187813223107,0.0002449783752687,-0.0038523845528098,0.0008625283022748,0.006091831534509,-0.3399368073939899,0.0404674426136434,0.0316896399481617,0.3645960530124417,0.0160598140047295,0.0126575804620823
2024-06-11,0.0009527768761483,0.0014537731355592,0.0001610906214458,-0.0024430779727459,0.0004591932267268,0.0035309184669379,-0.4699571253060899,0.0320781805936525,0.0265650542170432,0.5311957309968902,0.0338454252693354,-0.002337189358531
2024-06-12,0.0013157828216152,0.0017973667470092,0.0004086976737202,-0.0003739895946715,0.0003710328327076,0.0030579037706499,-0.1692571613064805,0.0429062628811824,0.0213561454335182,0.4494746675526495,0.0184895874489864,-0.0152579947433028
2024-06-13,-0.0002775423404335,0.0032453111560658,0.0002467347312709,0.0018867846178247,5.238765379290321e-06,0.0077354043160598,-0.207876760192275,0.0502931780889815,0.0290531752916291,0.8553930401546639,0.0231241858275234,-0.0167230256156217
2024-06-14,0.0010411386423952,0.0030298409145419,-0.0006274011555142,-0.0024982913883475,-0.0005591719790805,0.0114203818260321,-0.7759043229062444,0.049873959451712,0.0338784970128099,0.9799534005512132,0.0175440427181827,-0.0042820654614542
2024-06-17,0.0005060244629029,0.0023176518770795,-0.0003467781186434,-0.0028988131849156,7.315807044883853e-05,0.0107727348640171,-0.925004220785405,0.0521226731817747,0.0307265817317106,0.715204554828422,0.0154912349343031,0.0033827905700036
2024-06-18,0.001266952617179,0.002823870345629,0.0006597464634148,-0.0007583160779685,0.0007032337449516,0.0084104259430642,-0.5040358873494636,0.0405464002901065,0.0271291594103573,0.6883784698116608,0.0313249464770417,0.0163019007402119
2024-06-21,0.0002892609796969,0.0023087403044342,9.082346808307612e-05,0.0001537667241866,0.0007842627125072,0.0060752269724354,-0.253711031898114,0.0424781525023226,0.0261091576103044,0.5308050762759495,0.0230010350790931,0.0231966079549869
2024-06-24,0.0002757211900829,0.0016020971984624,-0.000434170786527,-0.0015463510356011,0.0005895713822605,0.0064671455334218,-0.5943357181111577,0.0466329690211291,0.0324936985106164,0.4717871885027852,0.0039591552191651,0.0241419823050837
2024-06-25,-0.0001500438944653,0.0014306597894887,-8.042008552385263e-05,-0.0009354951799235,7.356721061981079e-05,0.0082521262526764,-0.800831755754434,0.0393101772427604,0.0271406446893596,0.8975294643029699,0.0252623497460612,0.0088174494773442
2024-06-26,0.0012792547533282,0.0023316017765157,-7.744433861884e-05,-0.0011618093001084,9.5626719986144e-05,0.0072300209455749,-0.6007756853736127,0.0439727122031716,0.0286763229224043,0.894773233640122,0.0137568091028302,-0.0025891930734573
2024-06-27,0.0006414716497942,0.0019146382083174,-0.0003633763323684,-0.002183480443312,0.0004928790817322,0.0057856389281992,-0.3697863398537109,0.0351397338739949,0.0302925854951655,1.0209590593389386,0.024962915969346,0.004444620932139
2024-06-28,0.0006277073857947,0.0018968774702699,4.8392532343649e-05,-0.000154522037056,0.0002359810581925,0.0053917182618844,-0.2044607805108767,0.0387770417289103,0.0270838337275476,1.0717167002898862,0.0248907034338401,0.0027358212880224
2024-07-01,-0.0001214214490226,0.000901420348759,-0.0005760544944926,-0.0021813368676401,0.0001577980535161,0.0041340203129123,-0.3927264465549605,0.0337975003410624,0.0239830118731682,0.7907194635102712,0.0185458735522625,0.0151829485670314
2024-07-02,0.0008698902874648,0.0015524614097129,-7.37930734489643e-05,-0.0015569041437572,0.0001479592073333,0.0043028285834632,-0.7112581600372213,0.0321389118192885,0.0272012852173913,0.7960224729269767,0.0356930081946258,0.0226376024497839
2024-07-03,0.0010700928436451,0.0023619235430949,0.0003295397841889,-0.0004006589232825,-4.911295938657764e-05,0.0027335418789967,-0.3334084633635115,0.0382566036496621,0.0220660552169667,0.8692948890734754,0.0135475219742643,0.0300231105753451
2024-07-08,-0.0003321347651144,0.0023788752343108,0.0006371302769764,0.0005135364023782,8.119360981375247e-05,0.0056469730646885,-0.5287191599962351,0.0481086945382323,0.0207803750547561,0.9068241818171312,0.0265719202051595,0.0339595100883346
2024-07-09,-9.421939504086948e-05,0.002476280513816,0.0001848707612474,-0.0011298839167442,-0.0003621445637487,0.0094676035584685,-0.8027199659716047,0.0543341440958471,0.0348455616373947,0.8046409680596346,0.0138693288257991,0.0191412066425439
2024-07-10,0.0006858622578722,0.0013099276571968,-0.0004560089500627,-0.0021727183401766,-0.0002825370937554,0.0091330131419613,-0.8846428633765346,0.0459697175454458,0.0285260180693307,0.744370970478854,0.0133252461506005,-0.0101452388803394
2024-07-11,0.0013587345217279,0.0025256186227254,0.0005832645504344,-0.0009915368051159,0.000387195269055,0.0071869892496531,-0.6769795704828747,0.0487287731192406,0.0243615586871655,0.8485406768271136,0.0222139849636317,-0.0137299031789671
2024-07-12,-0.000136850491652,0.0001584673236018,0.0001920755784136,-9.171399666925168e-05,0.0002941307545451,0.0078620944224207,-0.2394112223683952,0.0346865317966297,0.0242754561442131,0.9499465198651624,0.0215189739956484,-0.0048338681921973
2024-07-15,0.0006191487059466,0.0016018372159026,0.0002525380928878,-0.0002607053498935,0.000118659705782,0.0089784207471625,-0.5268766834924813,0.0368136764496262,0.0254191008557919,0.8643997549805403,0.0152734189501822,0.0138185078309347
2024-07-16,0.0009463501024592,0.0013993574773946,0.0005721019318486,-0.0017147284025988,-7.6856809624442e-05,0.0090233361108503,-0.5935780136124588,0.0415286809264833,0.0214378702980577,1.2133782223780625,0.0225560739175905,0.0303952337518527
2024-07-17,0.0021706045084843,0.0021630739207232,0.0007869060793058,-0.0012477262691559,0.0003510544906516,0.0077306734971794,-0.3217197208704242,0.0498805313898037,0.0230384953060934,1.078754145967569,0.0075594764526499,0.0199941329140901
2024-07-18,-0.0011804992720865,-0.0006469794151555,4.078605044203575e-05,-0.0011110635703318,0.0001169979634415,0.0076869364398272,-1.3432691568081383,0.0299626540074315,0.0322251513439913,1.2485966958956052,0.0398158331640888,0.017579683780489
2024-07-19,-0.0013604313622727,-0.0001618549994565,-0.000745432829,-0.0022317245029802,-0.0003090141859305,0.0078604716640035,-1.5806811348856555,0.0210876823819258,0.0317572205693904,0.5617529951248144,0.0205361849424857,0.0184441773064621
2024-07-22,0.0003739506760763,0.000163627529339,-0.0009137344285633,-0.0020464494490753,5.903852072814732e-06,0.0062146236021663,-1.4219778815084698,0.0173913180905151,0.019470632774689,1.0557193370120086,0.0070363943456655,0.026522065774727
2024-07-23,0.0024724351984506,0.0025737988623912,0.0003756945584372,-0.0003052262447172,0.0007315002791977,0.0053926371670494,-0.96169831884268,0.0320918265261518,0.0198593942721437,1.6959896003430912,0.0239296109476243,0.0001319462535162
2024-07-24,0.0004319065865346,0.0014159606079612,-0.0003707782706573,-0.0010221141986638,1.0829928256095269e-07,0.0056850717491834,-0.8597176819103538,0.0404199087679403,0.0279374593215715,2.016659716352448,0.0039882493555683,0.0036622568249682
2024-07-25,-0.0023513047284884,-0.0020272061172919,-0.0012351464327465,-0.0027872391303019,-0.0010675595116921,0.0067504854012941,-1.7783535769350298,0.0206744232715851,0.0276627817134352,1.5899945768051795,0.0236329196629068,0.0039313266351135
2024-07-26,0.0004962305414697,-9.41109662172205e-05,-0.0002455771431139,-0.0009311894516307,-0.0002056186119952,0.0065513458662638,-1.4660192692927787,-0.000754599071951,0.0162776643861458,1.3806182641660942,0.0333867428475855,0.0064945403937071
2024-07-29,0.0024601509489475,0.0021672228593557,0.0007406020241026,0.0009306609917646,0.0006331961767172,0.0079455038681267,-0.8662770037694485,0.0346123438694034,0.0185489863271593,1.4709427502872794,0.019985385558838,0.0265742181067737
2024-07-30,0.0009247987793439,0.001437363464392,0.0004458750100422,-0.0013731566582496,0.0001060346946351,0.0095376363462613,-1.3015522295139443,0.0435203405446734,0.0231697566479195,1.8190436459052488,0.011829895503314,0.0315669512720235
2024-07-31,-0.0003856761406774,0.0008051436058108,0.0002425889457024,-0.0018583050102229,-0.0004053415882787,0.0103229208445524,-1.2094130152452434,0.0373279280651369,0.0353145617820695,1.7413900141832308,0.0193506609627643,0.0175463232762596
2024-08-01,0.0020016316491428,0.0028906912869672,0.0004645399079046,-0.0003939106495074,0.000490579098665,0.0093170691177028,-0.2816861863057396,0.0284604446813592,0.0275044337854,1.2276758628312177,0.0402790637306372,0.0052444779461196
2024-08-02,-0.000869621088661,-0.0007015575685906,-8.668178118266423e-05,-0.0020652833166014,1.285147944711534e-07,0.0106835549165834,-1.4251450740672085,0.0530921153735082,0.0204388374295125,0.7981290195098654,0.0064712711387132,0.0139935331772938
2024-08-05,-0.0020224042753558,-0.0014229233501154,0.0012172735764597,0.0001759527590177,-0.0009760000150442,0.014590799695473,-2.447358723627532,-0.0063667812267577,0.0156516341786975,1.3740805736227333,0.0078036970526242,0.0127637527044285
2024-08-06,-0.0069483088345693,-0.0038703469129772,0.0006479787263486,-0.0073826767393652,-0.0035734261996567,0.0148418177518816,-5.101385369318997,-0.0115523360168638,0.0145139945516236,2.082980592993557,0.0267049832554431,0.0180843653847931
2024-08-07,0.0073588406434516,0.0004287539883857,0.0013181714339279,0.0031662884269769,0.0034857135798829,0.010619446799519,-1.785178634932005,0.0170775940759677,0.0210261250313122,1.860123197232644,0.0265913288273751,0.0359056619164686
2024-08-08,-3.634715006480319e-05,-0.0002399559792314,0.0004523799654097,-0.000825407054169,0.0009045076949106,0.0041599707938198,-2.479511603340923,0.0282577957286565,0.0167537968327424,2.46097150908214,0.0341506610284333,0.0180633522573008
2024-08-09,0.0023544865648818,0.0039129327130678,0.0007367343979079,-0.001190853545538,0.0016229995567218,0.0012778976982996,0.2941265473210524,0.0443678265788233,0.0567844487243853,1.614436469870427,0.0216920655278778,0.0480184216363997
2024-08-12,0.0007588485273591,0.0018377614424993,-0.0004793583086876,-0.0004033165567468,0.0007234718779451,0.0048200743448112,2.023809940447989,0.0505863406689521,0.0285549696892845,1.3614438209044222,0.0262180058523419,-0.0399341292748806
2024-08-13,0.0003533318095224,0.0006054174253913,-0.0006663400548052,-0.0009574270723976,-0.00031449703021,0.0068393531729964,0.9638930753405466,0.0640544874042794,0.0228023337213954,0.1554673957128115,0.0292099599309021,-0.0082984717040099
2024-08-14,0.0030064735952162,0.0029780826585865,0.0010579326932138,0.0009112266823322,0.0007008878739707,0.0091040839826105,0.962872424585572,0.0414797553747771,0.0180250163015543,0.2498479894112486,0.0084849316923045,-0.0235406663943118
2024-08-15,0.0025320859700587,0.0014359850926515,0.0007923069894996,0.0006024763440176,0.000668484147797,0.0088540409967084,0.9203069980734158,0.0431134179279351,0.0152652506076321,0.2162879098891202,0.0026238848543104,-0.0220771560914595
2024-08-16,0.001710282120638,0.0025031146213187,0.0008102536877997,-0.0022885825022507,0.0005777226379325,0.0069069064054086,0.881668721078144,0.0686465507071092,0.0364959871996111,0.5652889986829983,0.0215637653909316,-0.0030856523621101
2024-08-19,0.0011910231113452,0.0014598996425472,0.0007578985386272,-0.000966981595629,0.000541771877945,0.0056869203721874,0.7077456358601257,0.0399929020071143,0.0214535811421573,0.2888852486842065,0.0083963471346285,0.0021674120990128
2024-08-20,0.0004660194197689,0.0023079254087101,0.0013470548036077,-0.000646473675684,0.0003746684765835,0.0052346579163391,0.4690600409557312,0.0426533650643396,0.0255491719843532,-0.031525490098371,-0.0038629172998182,-0.0017021360987108
2024-08-21,-0.0007997063253715,0.0002773880695133,0.0009781366236091,-0.0014187075387285,-0.0003678947222279,0.0086755698023193,-0.425255207858682,0.0382169573114973,0.0278341970101886,0.7580972200517369,0.0174850508026715,0.0088234684814092
2024-08-22,0.0018176134935117,0.0010206679746353,0.0010961276859475,-0.000350306772675,-0.000128236558876,0.0089289104638634,-0.6856901698492401,0.0376650446788498,0.0098666681226154,0.5438775913717011,-0.0020612470899611,0.0054391034026039
2024-08-23,0.0010956716967563,-0.0005150692103124,0.0013606535224599,-0.0029435912864183,-6.767352744554032e-05,0.0075499395577292,-1.1804034068917275,0.0241810739542249,0.0175006306739982,1.0348677784206086,0.026887856246997,0.0137844046732007
2024-08-28,0.0011545294094451,0.0020748290630102,0.0016604079247594,0.0003456871052701,0.0006422750870805,0.0058642016691612,-0.1950260959574947,0.0214473836971068,0.0253816063797555,0.8447231638866036,0.0312288652022728,0.0297841852833827
2024-08-29,-0.001806089546603,2.2093268135281387e-05,-2.046615999807076e-05,-0.0025449639494487,-5.726083360914938e-05,0.0059581344897165,-1.0243748323588775,0.0325850015330761,0.0243142231789331,0.8261791765138008,0.0140958805977373,0.0334988781189506
2024-08-30,0.0007153661380536,0.0003519940567549,-0.0001158603575196,-0.0019362238672548,0.0005623457365298,0.0072757407962876,-0.5378305212216923,0.0092790192881831,0.0244037133626277,0.8202651198046265,0.0258619187909066,0.0329261448663633
2024-09-04,0.0020056071034723,0.0018487751413085,0.0004984297113022,-0.0015905928516193,0.0002222587043066,0.0055150524601181,-0.4766555728413963,0.0195358781766515,0.0089316595261345,0.960450674035398,0.0093092448987183,0.0075491587225553
2024-09-05,9.547638580284996e-05,0.0003481730888493,0.0008933720926668,-0.0004601679320117,0.0001096849671678,0.0058908462553383,0.0235365415730515,0.035673803355113,0.0289503089950104,0.960498390061706,0.0105324867381679,0.0059035716509286
2024-09-06,0.0009488406519944,0.0001046742756856,-0.0002463238595588,0.0004140396948813,0.0003604160448909,0.0076707198712312,-0.6661214816105143,0.0335141243882789,0.0263402362425164,1.169843060337501,0.0183906836150304,-0.0062430304967559
2024-09-09,-0.0012740858911911,-0.0019317415951811,-0.0002158060831866,-0.0026515881792842,-0.0009218912147657,0.0095788428723129,-1.8304676748500976,0.0240919548788804,0.0331486029467926,1.05906019149653,0.0124210522943122,-0.0064885500248795
2024-09-10,0.0032595395682398,0.0020567061903796,0.0006288935621521,0.0006378816275902,0.0012494036007985,0.0088141142945908,-0.3062340661095472,0.0353088151437613,0.021900279343769,1.0662123717099976,0.0282978173762613,0.0076654640660008
2024-09-11,0.0014929745895893,0.0014386892322866,0.0009966568633058,6.835474094277932e-05,0.0010917787788157,0.008704473155564,-0.4428206660260361,0.0251536438304904,0.0152633377266436,1.572254724993567,0.0058944122412836,-0.008485783200391
2024-09-12,0.0015460984865615,0.0019325973475141,0.0003885857833508,-0.0003741745497663,0.0010263461736211,0.008484586929135,0.1481090281512237,0.0377174921289564,0.0248677762701479,1.32086919868096,0.027990152134404,0.0026741087455759
2024-09-13,0.0007387343725926,0.0016400619908123,-0.0002166616412426,-0.0001955345799013,0.0008319878375172,0.0077211027707679,0.039782599743587,0.0361327197654691,0.0238307739757701,0.9326277191136436,0.0230411134718234,-0.0115811405655856
2024-09-16,0.0012178880241695,0.001406624021783,0.0004472840878858,-0.0004937770830481,0.0007990198926512,0.0066914885533434,0.2197783717926927,0.0373342071229924,0.0152990964457339,-0.0200949294609472,0.0101646117102829,-0.0072438370974168
2024-09-17,0.0004473001471521,0.000975691162811,0.0008564846746076,-0.0008713389298154,0.0005893320349867,0.0068271239715637,-0.1385829716875253,0.0515144757544881,0.0219213134851408,0.2867236674806546,0.022765430828341,-0.0024366402393548
2024-09-18,0.0009641749416453,0.0009431630633071,0.0009745412187939,-0.0015129267017533,9.46427059450968e-05,0.0076205316082814,-0.4980396784429514,0.03723541027579,0.0228604233619796,0.2032056986775932,0.0207687894375125,-0.0073498647027255
2024-09-19,0.0017563705937304,0.0006230210151887,0.0009645648597937,-0.0018571357345847,0.0002683448250881,0.006761387405924,-0.5572874947091084,0.0234139324422811,0.0156674570665942,0.3262418310294499,0.0141581256592511,-0.0037955940583842
2024-09-20,0.0026086190382441,0.0023607359466103,0.0014073570797082,0.0005134311796961,0.0011673212757266,0.0046189449543892,0.3839761724627601,0.0338408484296421,0.0208224595911673,0.6579817832581594,0.019412710629367,0.0103172070359766
2024-09-23,0.000239604429819,0.0006034401835354,0.0002036393132929,-0.0007898784808229,0.0004532744473006,0.0045769079172652,0.151013508908241,0.0267660489802952,0.0199768559842665,0.8259465941857929,0.0140165240824019,0.0172843281036529
2024-09-24,-0.0002120953369737,0.0011156885678085,-0.000385958049586,-0.0020580040604605,0.0001913172713695,0.0054305788756498,0.1054489848971432,0.0290239751297277,0.0250907354165559,0.506823259467441,0.0102050789907513,0.0050646573706755
2024-09-25,0.0001936178175864,0.0011061474435378,-9.305153850690632e-05,-0.0001421981371975,0.0002989550283959,0.0061696330559435,0.0863321413857756,0.0242140979358131,0.0240688356155068,0.8487747795345779,0.0260221246679683,-0.0161384759259867
2024-09-26,0.0007457229989121,0.0006790583813297,-0.0005379188810625,-0.0016748818741737,0.0004289549898498,0.0058957707057841,-0.1082843536623865,0.0337170113462616,0.0286502780553711,0.4282260880182083,-0.0018175305118539,-0.0150468156201897
2024-09-27,0.000619441496303,0.0013030975598761,0.000692894597596,-0.0008994934341359,0.0004263664573289,0.0059575438713801,-0.5607271289631885,0.0220527018214455,0.0180165267963215,0.8784715513783546,0.009301641802323,-0.0118751608356774
2024-09-30,-0.000166459114721,0.0007103263295235,0.0007832861002273,-0.0015818993720523,5.276803358812671e-05,0.0059599012997762,-0.6853896569087214,0.0328256015286812,0.0190866803495299,1.0609344602996755,0.0233945641648516,0.005520857755805
2024-10-01,0.0011697104937519,0.0012684531050854,0.0008375905108594,-0.001625102544086,0.0005201434185611,0.0065661558790141,-0.6044246067787505,0.0324442675287011,0.0260913567383281,0.69176026237511,0.0151990180702208,0.0050935953877298
2024-10-02,0.0012790037606713,7.520849050493452e-05,0.0006768760366842,-0.0029292190401069,-0.0006045975428468,0.0072324331678627,-1.435325703320467,0.0254885603946553,0.0122363625712951,0.893257054088597,0.0238955037109974,0.0023820589425013
2024-10-03,0.0012876419244829,0.0007974761747092,0.0007651018909608,-0.0019810965685422,0.0004198066707476,0.0065462294029002,-0.9651501115526304,0.026801452074972,0.0229476496550254,0.5340020332064064,0.020388995801886,-0.0003684744134896
2024-10-04,-0.000479752055986,0.0007133223521904,-0.0007455531132369,-0.0018601156993314,-6.952576931355071e-05,0.006327486936247,-1.268113037761323,0.0156810947126583,0.0202204103316242,0.9419629532219488,0.0404757742833599,-0.0026064866330082
2024-10-07,0.0016452325225278,0.0014935214262952,-0.0016567731573534,-0.001956472525284,0.000473901476649,0.0027402235963984,-0.3110635755207243,0.0213866023671959,0.0203560876506221,0.3641452068577573,0.0190374816307491,0.0235465182947156
2024-10-08,-0.0022190180948668,-0.0002492544389776,-0.0015653742900107,-0.0025314011476361,-0.0003001145118466,0.0012640678928429,-0.762526765493774,0.021553882575737,0.0211970524058494,0.6585927531125617,0.0332464178084365,0.0164904403697745
2024-10-09,-0.0007051503601426,0.0017560867052326,-0.0009749598625349,-0.0002839746409254,0.0002668260343061,0.0015626045178534,-0.0469789464281111,0.0442558206740157,0.0358755714848303,0.2788326643295038,0.0007404733941257,0.0218021411780235
2024-10-10,-0.000243750081579,0.0017647762104583,-0.001249463266886,-0.0001276184514823,-0.0005420616787848,0.0040593623220817,-0.2352536664245463,0.0308205039166654,0.0222668566710449,1.0749449551140993,0.0198900744667232,0.0047957878940856
2024-10-11,0.0002964000580494,0.0007270466579847,-0.0011162189147896,-0.001095525417589,-0.0009667798426107,0.0050976396968619,-0.3374850436120196,0.0255927041691286,0.0189137724509745,0.8469855222766856,0.0278307621640311,0.0203728441586064
2024-10-16,0.0006154362729511,0.0016737356876954,0.0003588494212166,-0.0003443854818243,0.000218013617234,0.0056305383430498,-0.2726136613929975,0.0191190497121491,0.0190743975294113,0.5423638241003104,0.0146722011013158,0.0109685130042686
2024-10-17,0.0012631300527589,0.0016118323423216,6.052584367610415e-05,-0.0006262661681625,0.000674512852854,0.006413663819763,-0.1070924818888936,0.022154668499353,0.0080200311417289,0.482111111702069,0.0152712140156256,0.028545340309924
2024-10-18,0.0001252799077262,0.0011371163658521,-0.0003715751642236,-0.0015713541367277,0.0004254018400026,0.0065909653487925,-0.2316802861499035,0.0268457456419351,0.0192874205198853,0.6033756903892873,0.0154434097761639,0.0214370392876055
2024-10-21,0.0014065584412538,0.00144299635193,0.0002692998638246,0.0002286499606811,0.0007086271173822,0.005975602010799,0.0762031965442673,0.0177092414130661,0.020019271379101,0.6678483810729536,0.0114552469725457,0.0421223522819453
2024-10-22,-8.808838782969355e-05,0.0007271026013457,-0.0006272807616159,-0.0021145859311158,0.0004936928352652,0.0041421380136259,-0.2072486204065311,0.0284099373745733,0.0233337086176232,0.6622715418096963,0.0251294932322069,0.0406714095224645
2024-10-23,-0.000664753339091,0.0008903652342915,-0.0005683960368373,-0.0010488066260903,0.0003345456048027,0.0038941311058266,-0.2036201266595757,0.0273938213913,0.0233680667313225,0.5727136645650214,0.0232775320822029,0.0363192602636911
2024-10-24,-0.0005505704037735,3.35125900072222e-05,-0.0011117078714323,-0.0020368869171656,-8.603058964941465e-05,0.0034530222979532,-0.6527269398206141,0.0204615940019724,0.0215939080483704,0.5540046889145853,0.009913975516543,0.0076000502180804
2024-10-25,-9.878920420868972e-05,0.0012963472112497,-0.0001382585934365,5.536720649051974e-05,0.0001260012166421,0.0053655581586706,-0.6263534910838939,0.0193108230802155,0.0244618737885493,0.9239481232205612,0.0140162971793967,-0.009029295191487
2024-10-28,0.0003744130483653,0.001028395562089,-0.0009388198272405,-0.0006824990714584,-0.0004125001101986,0.0057928641299433,-0.9718485078945476,0.020685661865407,0.0128882453293455,1.2641092472907882,0.027005741962445,-0.0031094026244685
2024-10-29,0.0011722155922238,0.0014313117357179,0.0001939398483009,-0.0007998347068021,0.0003062697298051,0.0067084088377056,-0.6013481459506868,0.0295037408703032,0.0201861103944418,0.9901760310438972,-0.0039922727700998,-0.0043148707527892
2024-10-30,0.0009785450478712,0.0011884904955101,3.070514735165953e-05,-0.0003147854487556,0.000333135744694,0.0055057298486339,-0.4076011760295357,0.0281304397581091,0.0209604394398603,1.4398632643542937,0.0207279404475338,0.0170376424238386
2024-10-31,-0.0007746358501665,0.0007032858060188,0.0001520405135139,2.8854177811959525e-05,2.376437300366676e-05,0.0057218861552646,-0.8987727715193823,0.0195810641210723,0.0227535038619408,0.9481409208656506,0.0224697327603458,0.005810888895875
2024-11-01,-0.0008338793844145,-0.0006554605413374,-0.0002783185690755,-0.0023752008931698,-0.0006233447659471,0.0070090678619926,-1.5036448716163644,0.0101342163231017,0.0152259778419199,0.6820600957819625,0.0243282233280926,0.0198416716546855
2024-11-04,0.0017163252481079,0.0014069286425155,0.0005588281877917,-0.000801406152285,0.0006421871449974,0.0060327943910699,-1.026583314610921,0.0079829725438808,0.01435203495227,0.6989350007395929,0.021273345643384,0.0496270136847387
2024-11-05,-5.474455083769752e-05,0.0007757284915552,0.0010398507175091,0.0007844869123851,0.0003013822981312,0.0057601518838725,-1.0622064108545266,0.005566118558091,0.0046170552856073,1.340378753579151,0.0327427167543302,0.0618832910376061
2024-11-06,0.0007021945298672,0.0022924782502079,0.0008463577700456,0.0006916034938101,0.0005947531292805,0.0061668462297467,-0.3194083890652703,0.0369413741859733,0.0207539495203196,1.0793977577481662,0.0148212592323842,0.0439465498664758
2024-11-07,0.0040285818445069,0.0027702693055815,8.10598279119176e-05,-0.0034011276706445,0.0010218389263089,0.0070632631451197,0.7035560018800129,0.0749134923078241,0.0340151528289647,1.141702497234365,0.0199796756706563,-0.0165203432232385
2024-11-08,0.001971721028206,0.0011141219509395,0.0006273397887926,0.0007159300959226,0.0002251913521604,0.0062749306056342,1.4203570454950087,0.0449234458722183,0.0294029395197968,0.3594842540355267,0.0173135012980041,-0.0195478155561875
2024-11-13,-0.0003083123934803,0.0009634016842611,-0.0002169585284308,-0.0025007987206903,0.0006028595576794,0.0058964043749224,1.1206878220587335,0.0631007664170257,0.0542483824247837,-0.0538017462660558,0.0035531720730344,0.0069392506579708
2024-11-14,-0.001365434728412,0.0010517529468626,-0.0009394987491279,-0.0019488433256945,0.0001596326166148,0.0090892539341827,0.5358824480145541,0.0321029671331238,0.0257904165506417,0.0066154663627991,0.0170247775501807,0.022713166997964
2024-11-15,0.0009103906743626,0.0001284726353063,-0.0009206473403821,-0.0003286991617821,-3.34131167112355e-05,0.0081386341505291,-0.155940560875346,0.0317464951629767,0.0167184723697938,0.0088421993955495,0.0131949941775257,0.0238239987419589
2024-11-18,-0.0008379035212343,-0.0005298681239847,0.0004393640643236,-0.0024211244080346,0.0001181699554752,0.0078319104349123,-1.423321379097478,0.0270429267615602,0.0301626388822735,0.6558150032247507,0.0049812950531835,0.035822081030459
2024-11-19,0.0002147891737829,0.0010476278467545,0.0002025376457073,0.0007113139465811,0.0005160763047864,0.007303632190264,-1.2222532270027733,0.0234000712027683,0.0093157645008245,1.162786132170721,0.0334795169632853,-0.0090817862823218
2024-11-20,0.0005862142458164,0.0012527418443212,0.0010149768337334,-0.0011951447889537,2.3683680577327388e-05,0.007743348646976,-1.0485536512542155,0.0281353914221677,0.016013748037167,1.311789493503308,0.0218959540751445,0.0081844448746523
2024-11-21,0.001567190762142,0.0007935111060237,0.000546836255194,-0.0027558780120264,-0.0001286626303352,0.0080685878473523,-1.0678028481395772,0.0329165320348858,0.0206198714038183,1.1499103774116943,0.0150266683075742,-0.0234070619501415
2024-11-22,0.0016637900347021,0.0010423509820567,0.0007440876719275,-0.0020889192162367,0.0004727822103669,0.00714980127339,-0.6980963516783407,0.0262682503371233,0.0240205004514935,1.0632077850152282,0.0268299391266326,-0.053455810061266
2024-11-25,0.0023432219681788,0.0007186792615119,0.0001291346624969,-0.0013959919946661,0.0009116853298795,0.0064348008019773,0.071639694011684,0.0357759847756018,0.0269160809896846,0.5460401687915165,0.0243289069750729,-0.0109756184426324
2024-11-26,0.0003225945636888,0.001578756208311,0.0006785727264027,0.0016786695586366,0.0004427332780807,0.0086542367861536,-0.2250595947808276,0.036691890231555,0.0255683114084393,0.5828166832835098,0.0041108226686551,-0.0281271400004835
2024-11-27,0.000755731285941,0.0017957846142749,-0.0001807739487111,-0.0007958823571107,3.590943425276169e-05,0.0103383082310192,-0.2488832885969044,0.0402926514753968,0.0281333177856866,0.9183487777151284,0.0140119863919191,-0.0245730145773938
2024-12-02,0.0016672435360215,0.0010477804011738,0.0006064953179937,0.0010705449073706,1.4656735158611114e-05,0.01141992954241,-0.6082491119180965,0.0282474593395058,0.0232904002269912,0.8448002621755122,0.0179218727009529,-0.0347375636392515
2024-12-03,0.00302320047905,0.0009558226440508,0.0009889704535269,-0.0014877519574703,0.00094918552107,0.0087049788931939,-0.4828748603231683,0.03287392985271,0.0247377259669251,0.6597106587992747,0.022932287013335,-0.0253230289577727
2024-12-04,0.0009784497669042,0.0005933881424183,0.0008577273800908,0.0002774166433523,0.001124062082974,0.007641211299567,-0.5314005976148866,0.0288040479030343,0.0181370738017198,0.7459604148836241,0.0270873359782163,-0.0049121628817081
2024-12-05,0.000922104293547,0.0011881117348196,0.0007167786071407,-0.0008880399666993,0.0002682914535828,0.0066289731368443,-0.3538185584051145,0.0262885756665347,0.0210093799018734,0.65902892679005,0.0071941602445405,0.0203592008420197
2024-12-06,-0.0015721255913907,0.0005847826387627,-0.0003443798993634,-0.0001142086322969,0.0003622749642627,0.0074031560118607,-0.7136238572719278,0.0371429070683885,0.0311769341901371,0.9576620637780762,0.0180220776482821,0.0162725237261965
2024-12-09,0.0004689058434133,0.0013223161014638,-0.0002097985375703,6.108031638965626e-05,0.0003338138985896,0.0086266874122737,-0.7697320181194719,0.0392051787840004,0.0274944813018434,0.8839326250321218,0.0166546787462971,0.0150864253399472
2024-12-10,0.0001705097393392,-2.3188641046538385e-05,-0.0007210250718214,-0.0014576257976885,-0.0001439821264957,0.0080802400962492,-0.9367549323296712,0.0166660531189856,0.0174871251827813,0.7370563556857707,0.0205324554302847,-0.0064441468006118
2024-12-11,0.0008324278617886,-2.539751255393801e-05,0.0003666440605872,-0.0021101862364884,0.0001943364614285,0.0070413932838712,-0.5956065216017008,0.0258185089078464,0.0321016158332699,0.8435514487389807,0.0190546898769241,0.0041710968846395
2024-12-12,0.0001375879522856,0.0005946656781361,-0.0005503620624621,-0.001398911800252,0.0004364077555784,0.0050523565534645,-0.4161495742840498,0.0353901443977805,0.0249028912282714,1.029394598906626,0.0297510581348947,0.001725465246313
2024-12-13,-0.0011176700285636,-0.00055650819237,-0.0007987062871724,-0.0010337416694982,4.411347477010031e-05,0.0050612549504998,-0.7684093094836719,0.0370441477145478,0.0230950491280203,0.7998322590431098,0.0163110901277582,-0.0032412289941128
2024-12-16,0.0003326211391113,-0.0003203513571305,-0.0011169505048658,-0.0019461647288487,-0.0004269279508544,0.0035449171386954,-0.2390582998498577,0.0299903946398508,0.030564433402144,0.8601758631681748,0.0243556206819349,-0.0057546035540685
2024-12-17,-0.000296926221644,0.0002132261719931,-0.0001725795652429,-0.001235059496087,-0.0003916255707998,0.0037827429024386,-0.4242966567646397,0.026937093691923,0.0202715184259716,0.7631392356073832,0.0186610110310503,0.0014108353453566
2024-12-18,-0.0014479791966324,-0.0002279156441931,-0.0004017900978873,-0.0017983345819493,-0.0005225886193549,0.004978450464842,-0.4664975221184277,0.0276759041569325,0.0206466524257007,0.7733636815259419,0.0141539412122291,0.0085675114415802
2024-12-19,-0.0071054840828968,-0.0025820023414005,-0.0020898931775991,-0.0091514587739135,-0.003457317260074,0.0062654098393002,-3.888334664703572,0.0133932665987091,0.024629795425856,1.0232565505028566,0.0203236566445146,0.0088712838840549
2024-12-20,0.0021482636943098,-0.0004213195474345,-0.0009124542235633,-0.0011006001151472,0.0004351848430709,0.0044783880885521,-2.158063698579815,0.0135941313765964,0.0210196636496852,1.117824947281268,0.0215584974486256,-0.0016521912935427
2024-12-23,0.0029183588436288,0.0007573103909602,0.0002602610142839,0.0045334912607491,0.0014994157494036,0.0032670634346421,-0.8468386122560375,0.0231143994712036,0.0091957462391701,1.6856675423341605,0.0205218228599669,-0.0067601616468512
2024-12-24,5.209177273366047e-05,0.0009468486480396,-0.0004657832330415,-0.0004794170285835,-0.0001126725741431,0.0049493732540229,-0.3681247962560848,0.0318423432492861,0.0224937605900268,1.8219072520492787,0.0187117731650658,0.0249767198584452
2024-12-30,0.0010275157876456,0.001077618655252,-0.0009684704921203,0.0001628723600451,-8.847591714043336e-05,0.0060745056774988,1.4491345474686177,0.0328786076200764,0.028012310200401,1.482325165564632,0.0291232899153379,0.0024122575145038
2024-12-31,-0.0013393632718434,-0.0003625342120355,-0.0008847188205919,-0.002041519134213,-0.0002562058672466,0.006817288717426,0.7923710555040407,0.0371911502108114,0.0270702766735265,0.3656859508447342,0.0175898402168889,-0.0186343553738161
2025-01-03,-0.0001423034406202,0.0002264127637241,-0.0004853454250563,-0.0019233728758967,0.0001878607977437,0.0084402052003168,-0.1647125907258186,0.0318943835987187,0.0323848326494371,0.1905995051749101,0.0193440136284326,-0.0166520745001753
2025-01-06,0.0017171547483743,0.0014602243211828,-0.0003452213975917,0.0003567798596542,0.0002421787253686,0.0079331065331618,-0.2783203421208094,0.0329215048849425,0.0241940963602174,0.6889469010011999,0.0234970687055447,-0.016673478654673
2025-01-07,7.417246212757374e-05,0.0005696277488199,-0.0001592765942066,0.0008812133759991,0.0004660526036755,0.0058219674633223,0.0841498036201318,0.0375719149236035,0.0193742418619556,0.7399849089160109,0.0110563670656189,-0.0233985570337335
2025-01-08,-0.0009594439306818,-0.0009963108733323,-0.0003841460473922,-0.0034687917415209,5.630875817330279e-05,0.0055320344126276,-0.5780204133961284,0.0466698817349653,0.0261568890177124,0.9015997445299724,0.0192001217990393,-0.000998208086046
2025-01-13,0.0010758396732471,0.0002805799769905,0.0003856221335005,-0.002185699580728,-0.0001257870835384,0.0056342563846198,-0.5344497703653023,0.0294830880835273,0.0222669410933459,0.6403059860062053,0.0133619163668636,-0.0118177622456676
2025-01-14,0.0007982731054517,0.000240983566732,0.0008475672697442,-0.0015017443306196,-2.908727791005936e-05,0.0052202308842819,-0.3960589579349486,0.0190096138556208,0.0047994075106202,0.78445562671811,0.0275051319880636,-0.0072161799538217
2025-01-15,0.0002631330754751,0.0005134955793033,0.0007789527586845,0.0004924448488217,-4.686947506611599e-05,0.0066433080232455,-0.1902957883562213,0.0346446456004861,0.0173980115501352,0.834593631354864,0.0071694703827256,0.0075646097715081
2025-01-16,0.0017733672311231,0.0023234902220752,0.0011446697258857,0.0008772514756734,0.0005187846598798,0.0079288308043609,0.344675959995942,0.0419862777968823,0.025323293127231,1.2196698163188853,0.0338116350834513,-0.0066118990313117
2025-01-17,0.0004032352422294,0.0009429145426183,0.0006574776331736,-0.0010092481144656,-0.0001661209608682,0.0104998516169121,-0.3346608415265627,0.0383454125302884,0.0178006571678508,0.6633702576055402,0.0081334244786936,0.0042490522457828
2025-01-22,0.002085538931573,0.0017546345052979,0.0017180197370378,-0.0015506178902926,0.0001204119061352,0.0115076217858365,0.0287814447922949,0.0386751657350727,0.0263023871063378,0.4775684539880488,0.0072108744621759,-0.1100344223229922
2025-01-23,0.0030543064177606,0.0008074201814942,0.0009829768294118,-0.0013245613971223,0.0006107981036482,0.0088894037002397,0.1279252938520377,0.0463222639694925,0.026637282253585,0.602341640151292,0.0126610535558326,-0.0859911162802494
2025-01-24,0.0012985988431464,0.0002327653248159,0.0009460480305483,-0.0015704873828734,0.0009696939881017,0.0063052811477298,0.0649578099047075,0.0539629137423605,0.0286188555100899,0.2803339060480718,0.0057115876650887,-0.0955553957238604
2025-01-27,-0.0004529913177113,-0.0002392809181962,0.0002029342176006,0.0005228721672523,0.0001599423168129,0.0052454677813138,0.0524524539641887,0.0257158282533676,0.0282902777141742,0.6767566187268192,0.0152708629455994,-0.0293801059948196
2025-01-28,-0.0020968346645232,-0.0005740680095853,-4.364816907964574e-06,-0.002660784872349,-0.001078642113608,0.0077683960503434,-0.9219294603725648,0.0321895708742978,0.0303646329652763,0.6301331647003647,0.0087004156733165,0.0251994587603856
2025-01-29,0.0013762156052846,0.0014599814808912,0.0002852247165899,-0.0011112498361763,0.0001463309162846,0.0094421474129235,-0.8681875359690006,0.0234154286208183,0.0234759808897744,1.040074374709939,0.0222167457938984,0.026126081749378
2025-01-30,0.0003194148005653,0.0001779317456022,0.0002754062569559,-0.0013940282745973,-0.0003108864273754,0.009737389500613,-1.108367860043788,0.0278363700241399,0.0222055773622517,1.2778835005711804,0.0121920474367639,0.0238625828106435
2025-01-31,-7.177932123186108e-06,0.0006722448052322,7.479692231793343e-05,-0.0006632825634171,0.0006563027020921,0.0075629317946713,-0.4663197455468448,0.02937684943442,0.0401547496540368,1.2597874722496842,0.0182747670595398,0.0398129190034348
2025-02-03,-0.0012594063466731,-0.0003316318151657,-0.0007964175302545,-0.001747417348926,0.0003692574059683,0.0073020661716357,-0.998214596314531,0.0343844264467281,0.0329232168079879,1.1927308017035134,0.0202570745817495,0.0271871400666699
2025-02-04,-0.0009510810596507,-0.0004529824511159,-0.000998977415726,-0.004470128823948,-0.0008746920543079,0.0073671559507392,-1.0136574269753142,0.0338243233596789,0.0290410098609644,0.7644869045503361,0.0216202847756145,0.0089861287421903
2025-02-05,-5.025153434987804e-05,0.0008910466686036,9.504692674881445e-05,0.0014740314128232,0.0003950970250354,0.0068804700184847,-0.8055768102421439,0.0318437841061886,0.0271647105779281,0.9649302341614316,0.0166195915466188,0.004802830030878
2025-02-06,-0.0005167738126345,0.0009601472824965,0.0003390496633715,0.0007509895923469,0.0002665966782321,0.0093050571429738,-0.5822774410549836,0.0448865257097049,0.0300270248218478,1.0871605592218796,0.0098113271635632,-0.0046101229852843
2025-02-07,0.000587311605555,0.0010578428078184,-0.0005870177917189,-0.0022063063069642,-0.0003893638610406,0.0096635050639408,-0.3959669720090331,0.0403478633230705,0.0271794624045545,1.279136452225326,0.0154802955815681,-0.0024925521813
2025-02-10,0.0009110454510633,-0.0005845908893678,0.000574153640445,-0.0027867084339601,-0.0001131363610718,0.009166597798589,-0.7876299697896536,0.0346953540400487,0.0205228607510172,0.9127165639731004,0.0202844505243226,-0.0037223300198352
2025-02-11,0.0014539639358466,0.0003241256450992,0.0009399619453562,-0.0013486048405303,0.0007804236780934,0.0060289936933813,0.0783212960085865,0.0315900750006503,0.01937636999107,0.5244866694738791,0.0228614227461051,-0.01058855349548
2025-02-12,-0.0008026717480592,-0.0002695218033733,-8.091372884437843e-05,-0.0007974093714925,0.0003520922413927,0.0050676917516561,-0.4811731547568075,0.0313585902628956,0.0199353859928797,0.7206747802720233,0.0207738716799326,-0.0119320325065109
2025-02-13,-0.0004611472414916,-0.0004190595073534,-0.000869394041811,-0.0012423180575604,-0.0004885523706649,0.0051939125534793,-0.376534198820586,0.0340612959558254,0.0254364248866056,0.6849120075707422,0.0081335853262842,-0.0177444254471974
2025-02-14,0.0006655853689176,0.0009808804064153,0.0001842453320462,0.0004284815260387,-0.0002274891790398,0.0052276226070955,-0.0557519869903625,0.0256056057758352,0.0213402237034038,1.1725606472593155,0.0191375948674938,-0.0313450695060575
2025-02-19,-0.0005362072236139,0.0005871031275263,0.0006413860539992,0.0004593984543115,-8.736273101112192e-05,0.0075662099029933,-0.2268284004338449,0.025705091635301,0.020689211402689,0.8198854032690491,0.0122660054204296,-0.0235229826020495
2025-02-20,0.0006936839919638,0.0015789440052436,0.0008047484662252,-0.0020917679510566,-0.000553642106147,0.0106222328304773,-0.4515289006754747,0.0373545783770074,0.0239170274141248,0.7985424212798092,0.0177562750773772,-0.0247295106668171
2025-02-21,0.0010948580053167,0.0008826187033286,0.0007882900718606,-0.0006444013846904,-0.0003785419772202,0.0098892953603923,-0.6189321020363755,0.0196198371551443,0.0197907720754292,0.6407539987572853,0.0182247750555438,0.0182464040868928
2025-02-24,-0.0009848324067346,-9.883164465004589e-05,0.0013330505162674,-0.0025205761506917,-0.0001527490746635,0.0103075429498878,-1.404065725188282,0.0239554073685791,0.0271356237737453,0.627799191787062,0.0054546427348338,0.0547770714953453
2025-02-25,-0.0001615221923451,0.0008199136119362,0.000782542523172,-0.0014569348450982,4.5479609491034034e-05,0.0103927876051272,-1.6266927912255358,0.0155119260157223,0.0253072879860817,1.3446139926119574,0.0233638987634432,0.0842178078147523
2025-02-26,0.0006121443861954,0.0014719830338882,0.0011503846539814,-0.000151360411876,-0.0001010172195411,0.011736073778098,-2.065802321108462,0.0123597142570042,0.0166606374252385,1.647223978853617,0.0138924440691952,0.0749050131374375
2025-02-27,0.001208812233971,0.0018856092159017,0.0010051016220443,-0.0004113175250011,0.0004428236196345,0.0112815009558723,-1.6654211943490282,0.0212260117345061,0.0227374359119426,1.8434132197558968,0.0182100030003136,0.0442912694344798
2025-02-28,-0.0001505476433354,-0.0002414401080282,-0.000242659008279,-0.003521871437838,0.0001839013341886,0.0113087401377191,-2.379057167640246,0.0247075965972851,0.0240144220563468,1.8281568716927337,0.0313936023602713,0.0182059373763243
2025-03-03,0.0024083792857022,0.0021941885148644,0.0005887008423762,2.005052060226071e-05,0.0009944718150631,0.0087006831852592,-0.8482625440602676,0.01641726244351,0.0284582108812758,1.2245415798474673,0.0187422009914992,0.0089602252411901
2025-03-04,-0.0027148145309175,-0.0002161884247637,-0.0006346496503351,-0.0005743688697156,-0.0001240975727772,0.0089648107569603,-1.6736795391169614,0.0204409584453788,0.0199497585265654,1.2861308380161884,0.0159838575324725,0.0151125694154784
2025-03-05,-0.0017189020701806,0.0003253588777113,-0.0014961645805349,-0.0010354052225241,-5.090646547080871e-05,0.0102782873620108,-1.9336114236280544,0.0193527363684646,0.0325821172172452,1.2535176050463317,0.0179436619701451,-0.0035497483638435
2025-03-06,0.0008090065736482,0.0012801561349819,-0.0003496550731341,0.0030765461347113,0.0005526623136984,0.0078908678848174,-1.451432636064819,0.0193577463517159,0.0188837144313283,1.4168066671754795,0.0154888386509481,8.239989659349599e-05
2025-03-07,-0.0018310863459507,-0.0012131878093645,-0.0001791735861995,-0.001316984377132,-0.0001131239497597,0.0053060309057742,-1.5686794168560327,0.0285082831100073,0.015495484354441,1.3145002669402954,0.0136127549469532,-0.0049069230318048
2025-03-10,0.0013579079788408,0.000782351679546,0.0009803600049664,-0.0005916174367206,0.0004862565971053,0.0047587946363387,-0.7568277313070434,0.0234838004830199,0.0218620348817592,1.6382693721591024,0.022562652826079,0.0034791227101643
2025-03-11,-0.0028355369884581,-0.0011297612874137,0.0002826538375411,-0.0031666910755056,-0.0017567824931118,0.0080337099578334,-2.1167495728592662,0.0233239585828955,0.0220930336167523,1.3820160846562206,0.019777969717539,0.0176022170942241
2025-03-12,-5.784214027060097e-06,0.0001633783968716,4.519139465530543e-05,0.0001155125346389,-0.000131007243339,0.0085917766210559,-1.3044993260215456,0.0038984869993995,0.0281568898097847,1.153709172067283,0.0189551935125444,0.0049930741379113
2025-03-13,0.0012883547215876,0.0011360267717162,-0.0001367146543509,6.673852967999019e-05,0.0004781890119816,0.0079482734212868,-1.0256650926850814,0.0138557472092074,0.0227122649351736,1.980394830841031,0.0335471772407425,0.0217019255359061
2025-03-14,-0.0004945000264218,-0.0007444377022224,-0.0006556702674904,-0.0017111912677748,0.0001758716372666,0.0065902317247394,-0.6912183992261949,0.0261986960980884,0.0205226669343695,1.5166837092162746,0.016060579720803,0.0230584443077165
2025-03-17,0.0016188050951183,0.0021946009447802,0.0009761082419623,0.000188003404763,0.0010448920053963,0.0061046580426058,0.2251783670776346,0.0309239296398335,0.0172010220605633,1.6968485373038609,0.0244444554662329,0.0273071663984423
2025-03-18,0.0003463444461308,0.0014291175469303,0.0004000542672368,2.1414701503860625e-05,-0.0004872342823007,0.007193704152963,0.6300605084922255,0.0395160504128673,0.0252139414253944,1.0778485337373205,0.0197657546274027,0.018960527084324
2025-03-19,-0.0005219092401911,-0.0005751439197676,-0.0003762023522926,-0.0018490977597363,-0.0003841837038794,0.0070918556989512,0.0638972518039749,0.0415167133805155,0.0272742527465301,0.4335178249917505,0.0083734818668928,0.0086293241198491
2025-03-20,0.0017772260893749,0.0016226507028562,0.0008522581048142,-0.0005114461009119,0.0007871034659776,0.0068421702760539,0.1694298250876997,0.0301569246441192,0.021873583644605,0.6027183906668268,0.0178237150768686,-0.0023003691261068
2025-03-21,0.0004542567380752,0.0007486107342881,-1.4625208151895397e-06,-0.0012119372919884,-0.0001478292227971,0.0072445457105748,0.237276162936873,0.0292524109691031,0.0234863764224355,0.4140066919181011,0.0189628234289913,0.0019564100714422
2025-03-24,0.0004050678696258,0.0009334595761189,-0.0003039214106374,-0.0018688940937755,0.0005918944887857,0.0070739667884897,0.0350110558809831,0.0246974188593883,0.034395351359045,0.6173284814313807,0.0143812932136863,0.0170786818070151
2025-03-25,0.0010771885048886,0.002034494849315,-0.0006417118412825,-0.0008253195701036,0.0012124666052208,0.0062047148369047,0.4118367702496589,0.0286967584654118,0.0317242222147369,0.7622609084351007,0.0225584199547958,0.0139271781934461
2025-03-26,0.0001078095591259,0.0005291553362303,-0.0003723172329974,-0.0004805371164651,0.0010965393399867,0.0051776123872802,0.4450766706258338,0.038552589687754,0.0178803037403189,0.3974816375267583,0.0124320223175442,0.0206144252627291
2025-03-27,-0.0012694772252826,-0.00083629339533,-0.0008254348641036,-0.0025670215723741,0.0001886143909768,0.0052668732079638,-0.4322758269395616,0.034582638266595,0.0204012483445022,0.3329083724555446,0.0150655717959288,0.0174190456033392
2025-03-28,-0.0005992461090555,0.0006271798499762,-0.0001255177869404,-0.0015952174857602,-0.0004965930562685,0.0064443145696553,-0.8396802890305234,0.0164616129423768,0.0202328695405344,0.3289057700966961,0.0198855515026321,0.0126840079412232
2025-03-31,-0.0019875235995697,-0.0009522736320653,-0.0004711180465739,-0.0018018120437663,-0.0005633067764894,0.0055976188175559,-1.43744825387191,0.0107356597891811,0.0181459580561357,0.6031823434604668,0.01203051253666,0.0137825971944811
2025-04-01,0.0001381325327053,0.0017480797066883,0.0003691429165158,-0.0016322082796736,0.0004276140929998,0.0073152750138914,-1.5850851356970024,0.0117365589266899,0.0163760573680196,1.34235869439047,0.0282961640089685,0.0024014860843795
2025-04-02,0.0006221671414703,0.001979591892244,0.0003939829548916,-0.0006808097582558,0.0001381465615823,0.009011286560162,-1.4867445249490585,0.027336477642189,0.0126503854297025,1.460626157799879,0.0175174058229922,0.0071744665203573
2025-04-03,0.0008763641522996,0.0014814338304851,0.0006411805082762,-0.0005871624236367,0.0011642996060967,0.0078928369921774,-0.7643830359925208,0.0325860876174632,0.0231752908079344,1.0986678380085435,0.0197579631706821,0.0026816416142074
2025-04-04,-0.0048606415927234,-0.0028238516618385,0.0003056841228354,-0.0029602975561743,0.0004914824081082,0.0077801928101683,-3.141454417819584,0.0294918861116303,0.0178719111138909,1.0532224086437163,-0.002446582364494,0.0030808892956993
2025-04-07,-0.0059223868288983,-0.0034689100051667,-0.0003190709346292,-0.0098075584524267,-0.001242687514272,0.0085252665168532,-6.660352371524973,-0.015810510532987,0.0146585621357329,1.4352177630559968,-0.0021768200524513,0.0095278085487427
2025-04-08,0.0012079459439149,0.0014697827490547,0.0011759898315571,-0.0034355508066284,0.0004234803764459,0.0092468609207443,-6.095319400249708,-0.0439790479580038,-0.0028286648791092,2.872124743497055,0.0339576239838921,0.009482245941663
2025-04-09,-0.0016166896004545,-0.0015784339075401,5.025458050515558e-05,-0.0019671918011805,0.0006373098182833,0.0051590016186466,-6.23470194078754,-0.0199030230760921,-0.0046415137628517,3.731950507312853,0.0269034474093425,0.0191740912548785
2025-04-10,0.0108528742845364,0.0067747119803492,0.002326888254481,0.0100202831312905,0.0050327427415727,0.0017962698396257,1.2526483994607065,0.0280676559370093,0.016321189289418,3.803392523713265,0.0412372333981314,0.0361667969173945
2025-04-11,-0.0079695218312478,-0.0020096293407109,-0.0021800650851137,-0.0036060913546703,-0.0014100750166533,0.0043741091515575,-1.1975743638193643,0.0447638500957249,0.0113472940792685,2.030325537041244,0.0117268125450849,0.0196201421911233
2025-04-14,0.0002194919628495,0.0004852617352689,-0.0001982983511773,0.0003183455777951,-0.0010120772894805,0.0041061270851244,1.6396659988994338,0.0613961378662272,0.0208917078280382,-0.9542318430637364,0.0078110293945861,0.0322349176819349
2025-04-15,0.0027908849609581,0.0014559479014445,0.0019690771144436,0.0027257361455317,-0.0002751633475618,0.004411929924739,2.399369473005824,0.037865255476804,-0.0033383868785513,-0.2964149799675935,0.0204970052337577,0.010085009953861
2025-04-16,0.0011996312333729,0.0004634405420785,0.0025528401518552,-0.0018881181135424,-0.0009927326938712,0.0066037183608596,1.869344493437063,0.0299926489580392,-0.00238835296938,-1.3016147219957972,-0.004104754181057,0.0224193719835467
2025-04-17,-0.0002271834640489,-0.0001982593040116,0.0021090703864173,-0.0022742815675219,-0.0004942171798858,0.0078095822122771,-0.0055950422065954,0.0194006086725923,0.0147143658453935,1.0733287071486126,0.0245033742823346,0.0199600814844259
2025-04-23,0.0021553249942966,0.0006338996678774,0.0012721276719867,-0.0007761127578944,0.0010253586594153,0.0068219220719429,0.9991598535236784,0.0152355585194014,0.0276105709396495,0.1116471960898306,0.024939473497117,0.0342946828203974
2025-04-24,0.0021967093932241,0.0019283429262308,0.0009684972852955,-0.0013147788361903,0.0022700531913501,0.0060116209116967,0.8616848712589207,0.013209216427716,0.0055608676906847,0.8308796536980192,0.0050392383411352,0.028856126530937
2025-04-25,0.0020132176277372,0.0019434642955588,0.001447456381751,0.0009620404362533,0.0015595568908989,0.0051455876165335,1.2188286664959542,0.0352175351367874,0.0143125025629986,1.2828010430648198,0.0217418486947435,0.0369298510504476
2025-04-28,0.0006660063140283,0.0012086988903151,0.0009197363442772,0.0001259615666691,0.0008671247906966,0.0069676097474217,1.2153002569365965,0.0405465473950886,0.0281651549441312,0.8823113157911071,0.0188719155033448,0.0344926678272454
2025-04-29,-0.0002318727536313,0.0011140557194807,-0.0004426395809785,-0.0013401216919132,7.347797253273497e-05,0.0072593813994472,0.8052842037674626,0.0386445521379207,0.0336221497942237,-0.2270495708904214,0.0104282392713428,0.0163037684957167
2025-04-30,0.0009228315261589,0.001536499010913,0.0003356485290992,-0.0006183109084188,0.0012089145393514,0.0068621992848516,0.7499440947896849,0.0255964107825714,0.0325404674101083,-0.236795107914737,0.0074861608902791,0.0025943676019122
2025-05-01,0.000169040873173,0.0013262438179565,0.0005482329487783,-0.0019411462268428,0.0015838407720276,0.0073699321380592,0.1829610734550331,0.0294425749564146,0.0182106155894074,0.1924149426699191,-0.0029903606856706,-0.0067096834249423
2025-05-02,0.0014229379442241,0.0008620293584888,0.0003954426471433,-0.0020196807819724,0.0014446882286362,0.0063812887179904,-0.1587091135550345,0.0231585536700316,0.0185259755444679,0.692145784598567,0.0245242515762324,-0.0053082629139599
2025-05-07,0.0017763761002035,0.0012078754799507,0.0014682833332101,-0.0014931632756954,0.0014261595940775,0.0047851186828789,0.4984359562806604,0.0282926234414738,0.0027942933993798,0.432021252347299,0.010883975114241,0.0063115816695478
2025-05-08,0.0004655846648039,-8.828753873277014e-06,0.0009631493554804,-5.228320504018207e-06,0.0011438641577024,0.0034791480567143,0.6719845695089125,0.0350245660586689,0.0294604317920647,0.4329287452899589,0.0118484293779334,0.0062499384083152
2025-05-09,0.0009964933002796,-4.758454674318738e-05,0.0003059478890436,-0.0026007343613855,-0.0002568821339749,0.0057406298675144,0.4476076140898483,0.037806240718442,0.0188763651702666,0.3677585847032474,0.0194908362008317,0.0017823880439099
2025-05-12,0.001275585742101,-0.0001462238752118,-0.0001810328511779,-0.0008124753835645,-0.0010352173612199,0.0041075997430798,0.5331404268104208,0.0326507569756902,0.0055424522257015,0.0051613004470448,0.0132088087195901,0.0010126840985385
2025-05-13,0.0017870695185063,0.0018211666467066,0.0004047387897095,-0.001354928448831,-0.0001401116231088,0.0032911100476659,1.7992671299479517,0.0200926985182728,0.0412341285073467,-0.0347732037362683,0.0151136593245537,0.005082227798088
2025-05-14,-0.0018180443325531,0.0005210436276908,-0.0017763135638674,-0.0004463787105387,-0.0002446020546394,0.0045636914894711,1.386911591258587,0.041592275555683,0.0220370011699012,0.1296656373743914,0.0184499349108808,0.0064650040449975
2025-05-15,-0.0011930781575978,-0.0003126320270961,-0.0014970520031468,-0.002175275883712,-0.0007144884244223,0.003390446663272,1.0350628754284352,0.0452098999092456,0.0229641628741074,-0.3466181698404235,0.0068012204787647,0.0050486366926417
2025-05-16,-0.0010216802893732,0.000647466908478,-0.0003458901672564,-0.0011748062949805,-0.0002144701990805,0.0049071005272228,0.6786964624684678,0.0298424836276601,0.0383480109414594,-0.0942281031839634,0.0097085053856894,0.0082863126909324
2025-05-19,0.0003656726411412,0.0012214595172634,4.354546050099654e-05,-0.0013414239860622,-0.0006522542256335,0.0065900072830482,0.2980067895563606,0.0232609887066041,0.0241699547234687,-0.1161276969990201,0.0130752501100598,0.0174297099673125
2025-05-20,0.0004342878367117,0.0010503485427946,0.0010838860047961,-0.0008356333070334,-6.306824102697344e-05,0.0068582194398344,-0.089233817547575,0.0266107226359053,0.0036525510304748,0.3458158654515517,0.0107165263636162,0.0226847366589914
2025-05-21,0.0010158524651043,-0.0001141670379908,0.0009393980856374,-0.0011031973506813,0.0010610888933027,0.0056281311928196,-0.3018830055611635,0.0285232983516355,0.0237085096156766,0.4657447829601411,0.0119473186543601,0.0136711519652926
2025-05-22,-0.0012509676084112,-0.000744525490484,0.0003801990003973,-0.0020277667429655,0.0015550712543951,0.0066360405130886,-1.4385870189606167,0.0149054349147752,0.0089201150712671,0.408784305343248,0.0104344186131105,0.0033704663919803
2025-05-23,0.0012206734524752,0.0004098234565049,0.0012298030651559,-0.0005212890058649,0.0004548863934281,0.0054276258931793,-1.201602647239301,0.0233650033705332,0.0176157337372911,0.7977243508231513,0.0164452113581327,0.0060474834866634
2025-05-28,-0.0007009114132744,7.21837782444361e-05,0.0011476332297783,-0.000869450323595,0.0008594875673093,0.0071150184115579,-1.7145185437423165,0.0135147941408797,0.0028273103585116,1.1930908307026094,0.0168678799108372,0.0102701178822247
2025-05-29,0.0003166128976657,0.0002878190563453,0.0007689512775047,-0.0013389792376682,-0.0002971251413871,0.0080529230016025,-1.6735373162737042,0.0118907155884385,0.0109543020393454,1.1598415315072723,0.0202910141502622,0.024365595778286
2025-05-30,0.0010394713225852,0.0010282607031588,0.0015304906072673,-9.5801564728439e-05,0.0001819342918714,0.008591573052175,-1.3013750553029992,0.0192867427360253,0.0216628896197248,1.110199614038739,0.0153926441775301,0.0245870494713279
2025-06-02,0.0014466417054892,0.0006662041105455,0.0009472484587846,-0.0001169348053901,0.0008050031901679,0.0069211550315384,-0.6081427257677617,0.0283850747906162,0.0169297858000845,1.0488854764772582,0.0150383823105531,0.0240798395637211
2025-06-03,0.0003103368842919,0.0013414414250323,0.0010527918952201,-0.0006184544125798,0.0003026116555879,0.0084459675609816,-0.8467352299080269,0.0174334838442589,0.0218391768219648,0.8981950908414102,0.0214099658237131,0.0123255215185858
2025-06-04,0.001124532153745,0.0012986790141656,0.0003234342810767,-0.0018642887826548,0.0002575340594292,0.005901772251658,-0.3005938964103185,0.0283306055382897,0.0267951286373487,0.6176339905690396,0.0181373473537858,0.0167123770495738
2025-06-05,-0.0005565123449736,0.0005158336027528,0.0004288896755632,-0.0008659876909812,0.0012890898834088,0.0057487651337261,0.1556851597133157,0.0332471515565175,0.0157367054850842,0.3460059132003346,0.009867433605016,0.0112715108247852
2025-06-06,-0.0008002793153387,0.0003996983897522,0.0005054830226902,-0.0015145601597679,8.919632672826119e-05,0.0073361572939378,-0.6622223920142194,0.0263578357819979,0.0118639630057484,0.4864784889977356,0.0156780242898167,0.0102354066825734
2025-06-09,0.0023125330227058,0.0020650153906768,0.0007686950240751,-0.0021767628605368,-0.0001289780558068,0.0087088406244932,-0.0780463496665005,0.0308387317345456,0.019432445757566,0.503201088211324,0.0196315951913556,0.0194722240306437
2025-06-10,0.0016123627422144,0.0002303707982625,0.0011997378545811,-0.0005972215462041,0.0014881338022102,0.0054717111630864,-0.0685018009728463,0.0265098469823061,0.0074634627415984,0.5398415206989099,0.0164880177139121,-0.0096967057993555
2025-06-11,0.00069648430769,0.0006418637115608,0.0014890589699766,-0.0008505229655136,0.0005245056215088,0.0061840207730313,-0.114805149774424,0.0334439116360159,0.0270393989067779,0.4728906194562953,0.0113057650931631,0.0116270011776521
2025-06-12,-0.0005604694610358,0.0005550730004351,-6.75090943628513e-05,-0.0005342151747087,-0.0009795724630755,0.007140574178039,-0.1834429384034411,0.0347119194439725,0.0228635166295242,0.5924725011527809,0.0278061007186394,0.0041088490474784
2025-06-13,-0.000200574085006,0.0013339137801092,2.4573097263874672e-05,-0.0002252130830207,-0.0005027074994158,0.0072846217173644,-0.5342835451286329,0.0235171596524783,0.0149433454061134,0.0566699108631582,0.0121739226348382,0.0063738012627883
2025-06-16,-0.0008791902251001,6.881743425421786e-05,-0.0005392777561086,-0.0022452302512609,0.0010787215458611,0.0067334550520087,-1.0278854226878649,0.0272976136637348,0.0417617708299946,0.4731743838112706,0.0355761887497193,0.0244805323669261
2025-06-17,0.0016260177163691,0.0017784601882563,0.0005436426483861,-0.0008384087340396,0.0015543751516079,0.0068961454399651,-0.6623865709908716,0.0226887613713611,0.0045682707860773,0.0730798946751754,0.0070027417651763,-0.0028814255474617
2025-06-18,0.0003746119087146,-0.0006148918571717,0.0003927096210134,-0.0012433748316967,0.0016527175709723,0.0039881718315388,-0.945394900202745,0.0333193046746031,0.0317609597637461,0.8077314590817785,0.0263275312171329,0.0046019873719284
2025-06-23,-9.16611830174336e-05,0.0008586554794909,0.0003082782181728,-0.0015194289610364,0.0003462814131099,0.0076626553019796,-0.7874896479310838,0.0271991493198557,0.0253423939206519,0.4539018143135791,0.0154248136591689,-0.0237023754078776
2025-06-24,0.0012020509357924,0.0020729674315105,-6.683634021695744e-06,0.0005156714902124,-6.271781466482746e-06,0.0078302182081678,-0.4718025655414607,0.0243318098183139,0.0255090374314246,0.8225706605719919,-0.0137025559898172,-0.0383184053080905
2025-06-25,0.0004237253205854,0.0021365463580436,0.000550632404666,0.0007501499378322,0.0010544902005904,0.0079957670689324,0.4162279449238074,0.026427900840743,0.0102050371752778,1.3166391979501286,0.0018649480457579,-0.0276802523801176
2025-06-26,-0.0002770418853876,0.0014272171612038,-4.613942797275161e-05,0.0002665097829387,0.0010114659280546,0.0069950316081215,-0.0228265401167612,0.0313157858879382,0.0224920218807812,1.4754749835316083,0.0216352350078333,-0.0169598780090825
2025-06-27,0.0008531388760728,0.0022539868266893,0.0014044786866597,-1.688938829825582e-05,0.0011202311173467,0.0087890610185417,-0.1984809394165844,0.0250200336268346,0.0133482936613668,0.4551126468995397,0.0172064119199815,0.0070997554830723
2025-06-30,0.0024785282613281,0.0016397615974204,0.0014852756612075,-0.0004145785504605,0.0015249800093656,0.0079478204947311,0.1130954319345664,0.0346777548809527,0.0113242302191781,0.2622751797327469,0.0120113033121171,0.0131296681203707
2025-07-01,0.0011940787287464,0.0014741508515688,0.0021057021233166,-0.0011170854415493,0.0012965638819343,0.0085894451680686,0.009930144859857,0.0314779178014482,0.0181577751660946,0.2782091620860588,0.0124391585085188,0.0058824309179788
2025-07-02,0.0004470216508887,0.0008648633434532,0.0006401604147988,-0.0005494547109467,0.0008942294967176,0.0068067183083283,-0.5224416393706781,0.0317828181107485,0.0224447603888172,0.5052567208654525,0.0185290422593017,0.0103279845608935
2025-07-03,0.0009254151645748,0.0012168069449473,0.0005094492555423,-0.0009217551101121,0.0007935810443641,0.0071984871093284,-0.2911442424911439,0.0255760093005204,0.0232302344454202,0.3670722743887832,0.0183521427129075,0.0099755890988472
2025-07-08,0.0012159003322365,0.0010949920875796,0.0001893062863203,-0.0011453289266294,0.000768120772567,0.0057021895758555,-0.200576846740296,0.030086294439357,0.0233554885302125,0.3458422311035012,0.0113262694758827,0.0057212498210512
2025-07-09,9.787049272317516e-05,0.000530792197124,1.2165087533540952e-05,-0.0008655655073697,0.0006434207575223,0.0049384398831935,0.3548301850044925,0.0288955731586969,0.0272230683909473,0.5126844850070853,0.0143408041544942,0.0059066522862787
2025-07-10,-0.000178825902598,0.0007170552810665,-0.0002151661617296,-0.0002969096770453,0.0001273095080748,0.0049126106837777,-0.0272261643951238,0.0322098883985305,0.0243279694648016,0.5191473612285258,0.0166927564258182,0.0061108445299153
2025-07-11,-0.0009280639843022,0.0014028414036071,-0.000523092563133,-0.0010322789572747,-8.962187880288367e-05,0.0070333282713531,0.0950014731730327,0.0236781003599968,0.0266283658913793,0.4568813231933405,0.0074180157511289,0.0066521264340811
2025-07-14,-0.0004228708531928,0.0007701488176231,-0.000955425925201,-0.0010225985339013,5.197865024117042e-05,0.0068506618931975,-0.1880834797985584,0.0154389119085407,0.0250758551916145,0.6370779119984079,0.0233977075678892,0.0063342400930589
2025-07-15,0.0009110317317943,0.0007234266506992,-0.0001028151194397,-0.0014111568788109,0.0011214593942304,0.0055880283971715,-0.671297854207725,0.0218322407336053,0.027524068000966,0.5631593217337718,0.0098614895397578,0.0031434453257083
2025-07-16,0.0001661923053151,0.0002968740838285,-0.000443570906329,-0.0014151543942875,0.0013979497869101,0.0050629669854764,-0.6465022032978158,0.0239074258015955,0.0230284785212261,0.7254613180459821,0.0146900458838992,-0.0045473950951721
2025-07-17,-0.0002703669561779,0.0008251670170739,-0.0001590672794154,0.0003300589697445,0.0002915445366046,0.0053651239081643,-1.0058268099282055,0.0261887435668376,0.0307232352729044,0.9095491452968985,0.0135222801556429,-0.0055767505049495
2025-07-18,0.0003106186373929,0.001207381206636,-0.000957951862549,-0.0006179206685564,0.000215379886064,0.0049010787650096,-0.66930337524042,0.0263853177654159,0.0287499890276653,1.0292671713298795,0.0236719358849185,-0.0076045972567664
2025-07-21,-0.0009795323637575,0.0012155479220153,-0.0005648261572094,-4.071705600677464e-05,0.000445569859897,0.0063695809429174,-0.4236711251679438,0.0264229049722906,0.0224558603891964,0.6149674778095618,0.0135949444937888,-0.0051700109964113
2025-07-22,1.1143920900183338e-05,0.0010393335442005,3.631577614641128e-06,9.038777713495212e-05,0.0005250837201516,0.0059803764976206,-0.2614005753362316,0.0288646575789151,0.0162319742242686,0.6288362244805711,0.0117423806704774,-0.0006101790403202
2025-07-23,0.0001580551302819,0.0013749593715966,0.0006240868679143,-0.0004850070040103,0.0011011039502584,0.0082869078103545,-0.379383625595106,0.0277531500155244,0.0171293509147606,0.6158977530665259,0.0156232568259419,0.017721018642021
2025-07-24,0.0014973151884135,0.0019508779630575,0.0011639800044538,-0.0005606055666295,0.0008842383191617,0.0087610583349741,-0.1270653951426378,0.0203908978058553,0.0109505640059875,0.6938777163547143,0.0060836535173484,0.0216161646906145
2025-07-25,0.0015311338900655,0.0008517825086269,0.0010972447132849,-0.0013630064950264,0.0014390326948283,0.007296188221514,-0.406325803146861,0.0262436462860639,0.0139311128950522,0.8973990681879477,0.0174743161614547,0.0241727421582123
2025-07-28,0.0018238578634096,0.0007992906873667,0.0013081561777083,-0.0010061767890312,0.0013467442499825,0.0067817642192684,-0.213530382384157,0.0308294130278359,0.0255597188244949,0.5512196281734094,0.0123148812573027,0.0179716957727368
2025-07-29,0.0011452818231796,0.0008278991432382,-3.362028304374821e-05,-0.0019283901908413,0.0007904190965403,0.0070427492261124,-0.2246944745668094,0.0251393336623617,0.0240134719124793,0.5684856993990959,0.0203638507580706,0.0054541818897941
2025-07-30,0.0002441944446329,0.0004973617111471,-0.0004445773608138,-0.0012826254366377,0.0003044202998493,0.006778005417818,-0.5121652014812617,0.0265115432698145,0.031591160746097,0.3456892632880155,0.0232283614786287,0.0070989820734837
2025-07-31,0.0004171936387491,0.0012084140705392,-0.0011265841163382,-0.0015647039109084,0.0008685549793458,0.0067805081067302,-0.411073784584042,0.0277515479863511,0.0301144382665757,0.315090932272871,0.017849239821973,0.0124556403479921
2025-08-01,-8.5616822787445e-05,0.000709863173978,-0.0011742284414508,-0.0009203108524071,0.0013748096348687,0.0065987106482831,-0.8589381244352934,0.0224837198918477,0.0229816222039599,0.5221662578462521,0.0126201052555359,0.0105389948595813
2025-08-04,-0.0014496684087507,-0.0008711210343746,-0.0003379174911917,0.0011536543579189,0.0013874090191917,0.0065094634030149,-1.8796704548874903,0.0332288674312891,0.0183795775328948,0.897679337609378,0.0104890800096204,0.0112624487833229
2025-08-05,0.0016065619040927,0.002832200601043,0.0007521064531365,0.0005851649267367,0.0011473283876785,0.0091103030475652,-0.9894787150592188,0.0154626911575266,0.0129550602596795,1.2233695353109806,0.0125708780509024,0.012421324141351
2025-08-06,0.0009821165161022,0.0021532172859835,0.0003240572041292,-0.0008322378903037,0.0010747304333166,0.0102444918872711,-1.59989286857273,0.0285878152373664,0.0129411589395639,1.471736923491514,0.0113005081055266,0.0086688446380519
2025-08-07,0.0020779447261262,0.0017646623966138,0.0014050250274113,0.0004195642369673,0.0022323047957487,0.0078840313971982,-0.6590207724018233,0.024907506081599,0.0048636970079286,1.0453542723830247,0.0117481006778011,0.006070943411908
2025-08-08,0.0012951329883811,0.0006528728713572,0.0012247287108421,-0.000998282732002,0.0021160146040503,0.0078282411413789,-0.3353181443392352,0.0308908635282434,0.0246562935185328,1.062777026025738,0.0155790988271255,0.0018960354767307
2025-08-11,0.0010663274557094,0.0016884284468625,0.0005106777120178,-0.0004625861782148,0.0007764372387013,0.0070981117477401,0.3194246970442512,0.0275839292236173,0.0282917398172408,0.4564750113104297,0.0110712654628011,0.0020348810555315
2025-08-12,0.0004688219525494,0.0003190824404241,7.450041035342729e-05,-0.0016319154169564,0.0009027774963779,0.0062338120890984,-0.410670705934558,0.0306831494019458,0.0231023394804925,0.7517881313362524,0.0150224116102498,0.0037866918824065
2025-08-13,0.0008207848548965,0.001603092660367,0.0003278503320855,1.007876367581644e-05,0.0006839210775775,0.0061595136311191,0.2947580569719225,0.0227499476635936,0.0166440070114822,0.4263165036530912,0.008528239223912,0.0111347117188326
2025-08-14,3.058720290606673e-05,0.0010511073570362,0.0004416820867325,-6.751584736706636e-05,0.0004988439469448,0.006326422036392,0.0172444485791222,0.032567256018163,0.0198600188456111,0.7290655584439016,0.0120047891253023,0.0108282245360141
2025-08-15,0.0008662236866723,0.0014367211711523,-0.00037171358295,-0.0018264648246756,0.0003444231399097,0.0070583898826757,-0.1661527789541641,0.0268154786495889,0.0254571398688791,0.494602500295814,0.015480969885858,0.0196472856009272
2025-08-18,0.0007334275416163,0.000767521047632,0.0006503246047394,-0.0003910143332506,0.0010347881114761,0.0080406131234596,-0.6084662655708025,0.0265374348147826,0.0140382675527243,0.4023709813723203,0.0097127494761817,0.0062176118573523
2025-08-19,0.0011138984136624,0.0002812306276392,0.000243382349801,-0.0008747538342198,0.0010957320718226,0.0052373529771762,-0.1320849871228647,0.0249163695576,0.0246209523453219,0.4679748469895619,0.0148572363230806,0.007303364666828
2025-08-20,-0.0002703135029368,0.0002365117841199,-0.0001959912779471,-0.0010579292633955,0.001001827063761,0.0063617101177917,-0.9272738155908312,0.0199113175738637,0.030169115980266,0.7843872191748189,0.0140199922749753,0.0053258622837445
2025-08-21,0.000224152859358,0.0007618658378141,-0.0004958883118201,-2.984738008211829e-05,0.0004049398883584,0.0066694533644387,-0.8896911502716035,0.0169176230248474,0.0192517468446107,0.905887466449634,0.0194316775466526,0.0096866410028771
2025-08-22,0.0002819583092021,0.000906247580614,-0.0005919842816464,-0.0011647211172774,0.000796757207289,0.0078362042880659,-1.0999450756906708,0.0204090610665411,0.0220013193814778,0.8942205433546019,0.0157225248562599,0.0103822240656996
2025-08-27,0.0009118672869951,0.0021750232373231,0.000583065312402,0.0012411084467906,0.0011638906724636,0.0059410233416654,-0.1695663410228636,0.019331625457024,0.0081000003053511,0.7997575935401837,0.0118079126606903,0.0136090113867813
2025-08-28,1.7827561521879007e-05,0.001414879635818,0.000117895886216,-0.0012658792733117,0.001059113981971,0.0063560724268023,-0.4082903517672627,0.0333818919371451,0.0257979018226883,1.0010096103202213,0.0175010653866402,0.0064961555872123
2025-08-29,0.0005317105199609,0.0021159281232992,0.000865226124616,-0.0012254956435563,0.0004596784017124,0.0089242939635278,-0.0445508039612725,0.0220879683044274,0.0103543228959752,0.4365299097227579,0.0126275274511758,0.0061497296945369
2025-09-03,0.0013111221764665,0.0008755238851594,0.0013186652509497,-0.0007559553988894,0.0009378783412251,0.0087121309396031,-0.4734689267782211,0.0275484849481845,0.0147801812975655,0.3271138928818425,0.0127430181805756,0.007232404943662
2025-09-04,0.001633075174843,0.0012807541479977,0.0018559077988717,-0.0008916828025377,0.0014971149436812,0.0087006336852458,0.0405579899197283,0.023104470055891,0.0163409784019704,0.2941746236998241,0.0023069715950297,-0.010543951984475
2025-09-05,0.0022720731716657,0.0023171839498598,0.0011103150716713,-0.0005711611221784,0.000946655707083,0.0083433634386157,-0.2983452209491899,0.0255816925508842,0.0200864946748444,0.962116238725627,0.0158305804631848,-0.0120690509150702
2025-09-08,0.0001735930327958,0.0014774518428925,0.001216840890945,3.064887893445721e-05,0.0011857236861698,0.0098333821365462,-0.3409463827832594,0.0270523370538933,0.0207666030157566,0.8203504243211031,0.0067906652444216,-0.0118640263589115
2025-09-09,0.0008384274512032,0.0018519245210336,0.000584070574267,-0.0005421067467606,0.0009269263006987,0.0087810692214055,-0.5589523107550383,0.029708394711466,0.0182200119078581,0.7692639234370818,0.0150051717552071,-0.007223842447784
2025-09-10,0.0015194340384893,0.0021022205961694,0.0005936206203879,-0.0019753023640328,0.0016905565351714,0.0090670508536062,-0.2842349943781607,0.0192269542012477,0.0201022411524058,0.5459108893402271,0.0089219473524571,0.0030175702253109
2025-09-11,0.0012934367053998,0.0013291565780238,0.0010359438342004,-0.0012106007304814,0.0017995188023566,0.0076970328313578,-0.3163945652962528,0.025345548964166,0.0147879244520709,0.4581020085237319,0.0203831487119433,0.0146260410098113
2025-09-12,0.0010108603975505,0.0017354311860107,0.001010684067114,-0.0004453779007089,0.0014989695207311,0.0072672928162799,0.0820468681838088,0.0271159487545687,0.0236000349215401,0.5358690303111078,0.0053038207926544,0.0165229747041525
2025-09-15,0.0005272073033267,0.0011753373563777,-4.719355278867671e-05,-0.0015820082220929,0.0008183759512522,0.0080321819285174,-0.4310941953389657,0.0301772032251453,0.0251488716155533,0.6199939418322377,0.0126531820939135,0.0179027481219444
2025-09-16,0.0004750976375646,0.0012818307783217,0.000232513756774,-0.0008959616245816,0.0007856058913676,0.0066863108520872,-0.6064673039298392,0.0278140224924875,0.0184666340673016,0.4349329478470721,0.0163095869572113,0.006573776935097
2025-09-17,9.050290764989872e-05,0.0007945758470985,0.0003251205868279,-0.0002011208719579,0.0011844184701901,0.0055218249538923,-0.5652034643668336,0.029021499335277,0.0221140129394997,0.3592077892688392,0.0150039559120901,-0.0036885907059178
2025-09-18,0.0004067581956907,0.0011519604089826,0.0003846309228389,-0.0016883430486468,0.0006974892757131,0.0075814605484118,-0.5538036739856611,0.021291675448,0.0144965087566256,0.2667471912296515,0.0104162676200005,-0.0108731865495518
2025-09-19,0.0020997641144963,0.0015437341928456,0.0005395157292416,-0.0009924834834699,0.0006493258471316,0.0074700534189837,-0.540001683949502,0.0242464302573977,0.0191318382380198,0.6492430682844946,0.0154190493488399,-0.0018047653388675
2025-09-22,0.0017166397953317,0.0011248660508851,0.0008427683583472,-0.0002649185255786,0.0012773229706621,0.0070652812454725,-0.2422952654893573,0.0225501814318859,0.0213179379745731,0.747237052700387,0.0103333537191339,0.0102196852034209
2025-09-23,0.0002982639975135,0.0009407656032775,-5.509711917506366e-05,-0.0003390863237324,0.0007011052751272,0.0056511567332513,-0.5240721457789309,0.0218711337640835,0.0210474729411051,0.7837169948773515,0.0149211974770538,0.0149856012601114
2025-09-24,-0.0014466116462471,0.0005365491229587,-0.0008988592864175,-0.0001603784392181,0.0002884354663748,0.0053389569411839,-0.7361677136534582,0.0262491669920503,0.0331216875274417,0.5703127935598559,0.0151140004359829,0.0198152924010996
2025-09-25,-0.0002766325790198,0.0009321567264098,-0.0013261188387895,-0.0008936167208333,0.0003475418016473,0.006232633107025,-0.7649413918703314,0.0295693183440241,0.0229150320194506,0.2900692031102847,0.0181378635169506,0.0117402393253099
2025-09-26,0.0008267259871848,0.0010542320977955,-0.0007288233267737,-0.0017878112300039,0.0008462168011992,0.0065950858041321,-0.8913247165317534,0.0156170026892847,0.0168604890030231,0.4063768803812765,0.0135986715305276,0.0007527502389224
2025-09-29,0.0010353866527746,0.0014387603753225,-0.0001309295656417,0.0003260267214225,0.0014218605117871,0.0054246294590513,-0.2259001931537111,0.0153005346447215,0.0189907932989511,0.655265961151391,0.0193247421705034,0.0051238713222874
2025-09-30,-0.0006347344163403,0.0009178676287726,-0.0001948455718937,-0.0004175770661598,0.0011813440940734,0.0060434424196018,-0.3061358733283117,0.0196976814790731,0.0158432314605347,0.8787872825249858,0.0066929982646915,0.0021323834567784
2025-10-01,-0.0003352569849353,0.0019719524078845,-0.0004127682573605,-0.0002027004650761,0.0002227716341566,0.0068813031544409,-0.4489942249250807,0.0229557919260367,0.0158145764687576,0.9171535785363631,0.0086221276136676,-0.001390051100163
2025-10-02,0.0013491582473536,0.0015900512817003,0.000707031811119,-0.0010401768513443,0.0006523300166896,0.0088981492553301,-0.7734193021836032,0.0244476005738568,0.0131799093449237,0.8945421987329949,0.0179355694801735,-0.0064484249506941
2025-10-03,0.0015154193574961,0.0019040077142803,0.0006506738539079,-0.0010975132960749,0.0010244794582657,0.0083066782551873,-0.798063155822361,0.0221772104903481,0.0178787884627785,0.568025208267132,0.009549875900078,-0.0126127708442457
2025-10-06,0.000649510343695,0.0018006429800153,0.0006635327124545,-0.000199495036595,0.0014179534495196,0.0086937379492784,-0.8549745293405615,0.0198733949180183,0.0223701045770614,0.6311496262038072,0.014284346713698,-0.0024723754245081
2025-10-07,0.0010015772489129,0.0013676933289705,-0.0002198013365533,-0.0009705086396094,0.0012245746262963,0.0066445815199777,-0.6116204824361782,0.0229838276421045,0.0187096123720317,0.5458248270575898,0.015718252629799,-0.0012659293143124
2025-10-08,0.0005685516800914,0.0004636932365547,-9.424948827704274e-05,-0.0013901505185456,0.0014030572717075,0.0057105847888821,-0.680467722297541,0.0240880942928765,0.0211857805924838,0.4956973400003494,0.013631089676341,0.0051087105886024
2025-10-09,0.0006015443544807,0.0019041004288199,-0.0001480204749386,-0.0005231586922138,0.0009123304019903,0.006327103755109,-0.4472518255130536,0.0189409674941087,0.0219622076775702,0.5405707218895901,0.0194941825671265,0.0016281697217226
2025-10-10,0.0004203615100092,0.0013207685139624,-0.0006935469342721,-0.0010653567871298,0.000625510964165,0.0078766901260886,-0.513647844242664,0.0231399528662135,0.0197822618465962,0.6185430153210675,0.0086796026806116,0.0056970984294862
2025-10-15,-0.0015818525347314,-0.0009103113499097,-0.0011136319186481,-0.0010389575229554,0.0009450508175354,0.0071422254153209,-2.008074436190093,0.0171369425415499,0.0310029153722838,0.6725558589446243,0.0071314583952849,0.023006278758105
2025-10-16,-6.113301649725983e-05,0.0021238692739353,-0.0002929019620067,0.0002753780746191,0.0015751590142862,0.0079235464950087,-1.9174130080859408,0.0024921172147373,0.0187128682923287,1.0993074782019443,0.0193581450849048,0.0253255034699211
2025-10-17,0.0001069554298575,0.001259569043398,-8.506835418826698e-05,-0.0005512817322036,0.0016608105241064,0.0085181459881245,-3.0534367674066085,0.0197077186027854,0.0181543209595352,1.4555700198485455,0.0167737916512598,0.0268783120736617
2025-10-20,0.0020438564274647,0.0021175506909108,0.0007178151127438,0.0004795804682369,0.00166899411653,0.0079315614556567,-1.5252345374512215,0.0180379860393475,0.0077953972153364,1.3746786141551368,0.0147841490298628,0.0241893049212788
2025-10-21,0.0020700205375655,0.0025866061567184,0.001338986146258,0.0002696643627066,0.0017239488349038,0.0086097463499441,-1.3276776749135752,0.0236156152365545,0.0066692035349517,1.4213147395142205,0.0215121097779346,-0.0034983215297432
2025-10-22,0.00156826399072,0.0012665595934443,0.0005271969166483,-0.0007078677255476,0.0011801399346516,0.0073650580541476,0.2821851101802707,0.0290728464726171,0.0226359594855323,0.59530198803292,0.0125962524216781,-0.0123778730624354
2025-10-23,0.0001656708651278,0.0009424041627768,8.961284955416807e-05,-0.0013160591612173,0.0010869426510322,0.0078052378618472,0.1542767386593383,0.0242458995267439,0.0210722988111732,0.4396055741746407,0.0136342536899787,-0.0262353384735443
2025-10-24,0.0009542122395481,0.0018362869116257,-0.0007120806303483,-1.2738564170621557e-05,0.0008424548990603,0.0059804983224205,0.7344400579788568,0.0181610541608807,0.0218206529031208,0.2109627533511323,0.0206165945009726,-0.0199206573558585
2025-10-27,0.0008745831211575,0.0014860037844875,-0.0001230856886959,-0.0007735858747929,0.0012776806581996,0.006127319800191,0.6437825654154388,0.0208382445243988,0.0213944765340245,0.1517058525295302,0.0119519022517462,0.0010516331062355
2025-10-28,6.978658506058728e-05,0.0018674862941264,-4.788853034801873e-05,-0.0007481017316445,0.0009977957924329,0.0049595660835511,0.7198474652736677,0.0206415652214916,0.0121207205305395,0.4396143704924766,0.0119757670055776,0.0086036622435336
2025-10-29,-0.0005866223770351,0.0014061687369919,0.0002628252856983,-0.0009269673485432,0.0003603355263453,0.0069859204996411,0.0524886540363708,0.0248383135768751,0.0209474648988575,0.4984898843625946,0.0102034222367618,0.0064089563932804
2025-10-30,-5.255455466698347e-05,0.0011641046398374,-9.328723977119956e-05,-0.0025705572807557,0.0001610737933693,0.0073116219838644,-0.2466149047487988,0.0243052263328642,0.0125783250370001,0.2021535392208201,0.0095555686599165,0.0037740522388589
2025-10-31,0.0010305033393938,-0.0003066737527731,5.0385639401148415e-05,-0.0023847281628967,0.000692294247029,0.0065350371500044,-0.7246168966285247,0.0231637754633598,0.020780868776119,0.226095802275546,0.0129785606500899,-0.0032864606379172
2025-11-03,0.0010584396024913,0.0002951393698113,0.0006307675661419,-0.0013898771230393,0.0011375297057342,0.0056477815825344,-0.7682753567694744,0.0161940250451267,0.0175943299585084,0.3104282513272517,0.0147599145766061,-0.0021366901602797
2025-11-04,0.0007765006622557,0.0009582584741097,0.000300558551766,-0.0002167570502376,0.0005041063402586,0.0066227967702012,-0.540339802415583,0.0212598829558761,0.0157360200602802,0.7709084345323273,0.0134241399582047,0.0069464826775648
2025-11-05,-0.0004325915055132,0.0001396703461206,-0.0005876160729438,-0.0014110251967181,9.304124697533847e-05,0.0072032029310719,-1.1016706279478374,0.0232408841086159,0.0246919984331161,0.7886618956021427,0.0128391941750804,0.00685998621671
2025-11-06,0.000424445580893,0.0015831694171285,-0.000586456822501,-0.0003467406688605,0.0007650109741643,0.0069909918843153,-0.9566019754170708,0.0146657463138897,0.0097842697235933,0.8544677707399233,0.0149915658333204,0.0065571860058563
2025-11-07,2.038811241457904e-06,-4.917071706962988e-05,-0.0003580257400276,0.0003201026313205,0.0011099598192241,0.0062505415246497,-1.3039461018605167,0.0207422584369975,0.0222221723784161,0.9562045352781166,0.0142548272472065,-0.0016272062331947
2025-11-10,-0.0001612442486946,0.0013810355389074,-0.000714462389268,0.0003261986585201,0.0010352747445629,0.0060600178347167,-1.058138151099973,0.0180239729272939,0.0217139662078451,0.8638929829005318,0.0146197008886692,-0.0088716577817462
2025-11-13,0.0006310995687144,0.0027199836841591,-0.0002594955512081,-0.0002921343838869,0.0009061727961437,0.0073350551162216,-0.474630674418836,0.0206692916264375,0.0125935400338882,1.052009250383391,0.0218015738155083,-0.0092006057830877
2025-11-14,-0.0015579363278407,-0.0001689315640294,-0.0010202109332269,-0.0016810778574348,0.0007078645201549,0.0057564917963202,-0.7625420808267231,0.02053120514928,0.0261130208744035,0.6916467714327874,0.0122755705204822,-0.0012741698391308
2025-11-17,-0.0004805618134342,0.0006526225215987,-0.0003205875636636,-0.0023445676822934,0.0010152981590018,0.0051916546143456,-0.9032292191202158,0.0198580996271696,0.0170104564693036,0.4989659425647018,0.0183113940538301,0.008950299793437
2025-11-18,4.744054630031981e-05,1.5625334560148045e-05,-0.0001724847449207,-0.0015528218622141,0.001021235137634,0.0060530970089885,-1.410788484275764,0.0200751334374825,0.0199903393403767,0.5249974640447425,0.015420107461598,0.0006854972970604
2025-11-19,0.0003656394081063,0.0002626392926206,0.0005603900772353,-0.0014794217643107,0.0006450571762224,0.0073508169699419,-1.6151185630170697,0.0134508224760091,0.0169391617264252,0.6098912672221707,0.0122805601843614,0.0030811399155514
2025-11-20,0.0019774886212628,0.0016075141937991,0.0004358924885167,-0.0004102266510969,0.0007083168561842,0.0082091105714173,-1.5760179340228704,0.0149442733336492,0.0162019660830733,1.2001626598237798,0.0136267984257211,-0.0090196249609339
2025-11-21,-0.0003675020352439,2.675414704657775e-05,-0.0003051867949398,-0.0010415166829966,0.0011754302658438,0.0073516605074459,-1.9892964797050063,0.0177453756972585,0.0218199909803621,1.1211679113991213,0.0143041056679631,-0.00726133254467
2025-11-24,0.0009812554022031,0.0022612964001582,-0.0001344148421069,0.0004097870538559,0.0011144914783064,0.006843587138576,-1.001282329744227,0.0135429173494568,0.0099562960749207,1.0854906206573425,0.0117832523112075,-0.0095342184596743
2025-11-25,0.0016777665068168,0.0029431833499879,5.807872740398021e-05,0.0009311270413608,0.0012957451683747,0.0070492168504732,0.0984836050244444,0.0148373716337811,0.0172319247805661,1.232609938833508,0.0126790908353689,-0.0052203028551488
2025-11-26,0.001163673311267,0.0024323555255728,0.0003417894727214,-0.0004327110484158,0.0008536708860129,0.0079317563074147,0.8961566237551452,0.0217577173953912,0.010414727702668,0.7444026116325108,0.0085606380095995,0.002421076658594
2025-12-02,0.0002603552289386,0.0023723183054485,0.0004602490087706,-0.0002386718893088,0.0010195502822497,0.0071243498436013,1.3364258836849547,0.0280466236615981,0.0170731891212214,0.5043292662728405,0.0137170353347693,-0.0081402275540801
2025-12-03,0.0009497359100684,0.0017517036516555,0.0006952107756688,-0.001423783139372,0.000928264697698,0.0081801336120142,1.0728119356851913,0.0296848761860942,0.0205790431884838,-0.0757596282895862,0.0090198628917949,0.0029019438810294
2025-12-04,0.0007308141137198,0.0013934546572476,0.0008191158500975,-0.0008603263801599,0.0009979919594048,0.0072181826578385,0.7955614178453932,0.0259104275486728,0.0159267761643121,-0.0168474782601499,0.0103969964314448,-0.001962921612781
2025-12-05,0.0004637725020801,0.0015980702095981,0.0006202988697312,-0.001126270676086,0.0008243401109433,0.0075587332033846,0.3073884421961901,0.0272466316681833,0.0270108704544258,0.2409195875374773,0.014706870517141,0.0065967175156174
2025-12-08,0.0006143982779629,0.0011112725783638,2.777072348690934e-05,-0.0020931858578179,0.0008220101078371,0.0066628148366151,0.2134031423565496,0.0159098563232968,0.0188754754692229,0.2638802394284572,0.0143215654914977,0.0019128654984268
2025-12-09,0.000152814321686,0.000483423335346,9.974201038873531e-06,-0.0020520956096608,0.0008830582069691,0.0053930853610887,-0.4394473647926347,0.0104402763716014,0.0176291801745197,0.4383410780855864,0.0107661323244115,-0.0004576281944093
2025-12-10,-0.000647171019761,0.0005885158283483,0.0001304700600728,-0.0012284943934558,0.0007095711839564,0.0057188505198838,-0.4733289564889238,0.0156495735652096,0.0207293381162927,0.6178607394333617,0.0117511912603997,0.0105305223872859
2025-12-11,0.0007891041372555,0.0016179611743381,0.000151925204837,-0.0002142105211273,0.0001939323941484,0.0060146290549348,-0.4051928410096934,0.0193322230429345,0.0124108871056921,0.809663367024233,0.0148989399814442,0.0193474191822204
2025-12-12,0.0003728224118588,0.0014377415654583,0.0006585216815731,8.401601569923544e-05,0.0004913302251052,0.0080989670395538,-0.6705704878876333,0.0213656034189883,0.0135633967984429,0.7450612134731275,0.01318116570882,0.0336491853635348
2025-12-15,0.0001646846900068,0.0006611700492645,-8.061194072001143e-05,-0.0014551970058744,0.0002716029858643,0.0079134582204975,-0.7578749512298102,0.0263699630063999,0.0220610672527702,0.7047662637194736,0.0112663907951439,0.0367705039064166
2025-12-16,0.0003304184813635,0.0009640389279307,0.0001260086823853,-0.0014448279615116,0.0011981623125689,0.0061044045757939,-0.7740742382950165,0.0167292074883957,0.0169128915389536,0.5796237740763598,0.0122096549677249,0.0344095077466157
2025-12-17,-1.0980779245790568e-06,0.0011824895067878,0.0005322917769136,-0.0001656695659168,0.0013306936176809,0.0061802907123255,-0.8168243562063411,0.0158018733191256,0.0206818055506938,0.8068125750562931,0.0116044258903868,0.0408697533863827
2025-12-18,-0.000361785977171,0.0005829069394977,-0.0003269700529463,-0.0015947556344316,0.0005915991850658,0.0077631795753468,-1.1951354834763033,0.0113326928388253,0.0209462460869696,1.0604268065337918,0.0169325798978215,0.0282406651722491
2025-12-19,0.0013566904451435,0.0020398549480136,0.0003965582685434,-0.0005161201497997,0.0007293030672164,0.0075794551110982,-1.1577987745428175,0.0120034583059282,0.0125645103553227,1.025146804310479,0.0184450905748795,0.0142991989532468
2025-12-22,0.0016077879115411,0.0020692195289531,0.0005120367677272,-0.0002094101252498,0.0012876848620806,0.0071968997508261,-0.1523486705967055,0.0207941068812321,0.0205976722029581,0.9256928586295632,0.0165641863956487,0.0153618767131432
2025-12-23,0.0003319952452858,0.0015794485874337,0.0001797382621198,-0.0004276083507869,0.0008678050854986,0.0066041830698307,0.085876286734813,0.0189067025290767,0.0177744528442566,0.6878338661222441,0.0197861851772405,0.0045774473877461
2025-12-24,0.0001738717076487,0.0013562662147457,-1.2293679585754748e-05,-0.0009749497334946,0.000655558973801,0.0052942926780976,0.2300098578936219,0.0198539178341415,0.0173697933920289,0.3698066020119074,0.0120472139954339,0.0244350372644496
2025-12-30,-7.273152402829865e-05,0.0016847570639853,0.0004545963433769,-0.0028478672892148,0.0005990370624464,0.0062963590765517,0.5725624520994842,0.0249840915129403,0.004268092086066,0.008077358311908,0.010948446243948,0.0244457143686022
2025-12-31,-0.0002544978140788,0.0010629994373771,0.000528330529797,-0.0012863011723726,0.0004281549973611,0.006918468270662,0.1027310165602483,0.025713337357401,0.0220210394175955,0.171680663839874,0.0125571381327616,0.0210898611898086
2026-01-06,0.001633720297862,0.0002377872378168,0.0012590010082109,-0.0017307222852839,0.0006172072643048,0.0090722572965201,-0.7463612055219779,0.0260015840625354,0.0154404006760601,0.3490590347898348,0.0117027139105584,0.0274779107062376
2026-01-07,0.00258821398355,0.0011338608177476,0.0015755948701715,-0.0011479695675819,0.0010417055874596,0.0075042823672218,-0.556966383333392,0.0192168193912673,0.0059428575172573,0.5502604807116002,0.0086484895554225,0.0170646984003747
2026-01-08,0.0006657987239595,0.000553977529089,0.0013415311583625,-0.0008218666682297,0.0010825778701528,0.0075773771743175,-0.808809279111697,0.0260994928671153,0.0256590337244658,0.8957397307997261,0.0110495323098805,0.0084363516955454
2026-01-09,0.0002487320652884,0.0010304033364491,-0.0007167544842913,-0.0014535057460794,0.0003951863725828,0.0063227368731991,-0.7376828490596556,0.0125665755552802,0.0234161631793175,0.8223678377737351,0.0164325142468706,0.0094485706448801
2026-01-12,0.0011383879000685,0.0012011035942008,-0.000261461979216,-0.000741489151517,0.0007570796089979,0.0063003190053824,-0.5131207663620806,0.0198283659524263,0.0208606246523035,0.5926224534458975,0.016177174673256,0.0033329027368153
2026-01-13,-2.1974312947175132e-05,0.0009994880301539,-0.0001326867200204,-0.0001774072726103,0.0010059799169503,0.0057563547148986,-0.1403106438716612,0.020630772576277,0.020518441784595,0.2801001770863733,0.0125341797119204,0.0106516094425758
2026-01-14,6.673109920170631e-07,0.0004525433671408,-0.0005310431167247,-0.0011843736293025,0.0006354179253986,0.0060337448660598,-0.4433985333214427,0.0203147348002114,0.0228126779886556,0.4308662912639388,0.0155269051480693,0.0084373990848391
2026-01-15,-0.0004173525475556,0.0006525900940604,-0.0008718206938601,-0.0018544392233422,0.000595100070307,0.0060557635566001,-0.7893518684363521,0.0183651156120979,0.0218310907451546,0.2563906550166388,0.015116811417122,-0.0031842129493504
2026-01-16,-0.0001309433089557,0.0014045040846207,-0.0002382087312662,-0.0010057966496677,0.000944074466932,0.0070362750843503,-0.5077892725266197,0.0165430931520465,0.0252994939434381,0.3090309424609112,0.0032540184009308,0.0049610568044521
2026-01-21,0.000829280038385,0.0007882555927118,-0.0003530570019639,-0.0009560990168169,0.0009775041605638,0.0066981664044462,-0.6693249546125281,0.0177430483139396,0.0196071479234436,0.9732651446812104,0.013592255699818,0.0005662264354426
2026-01-22,0.0018281057788119,0.0011214972743543,0.0005812233829597,-0.0010747223940425,0.0011840044321492,0.0056165016427145,0.1393344667070385,0.0218076467117023,0.0021769333265415,0.8635505707584548,0.0179021211796556,-0.0194268082877523
2026-01-23,7.88402966798692e-05,0.0014163722037158,0.0007140735788717,-0.0001618484259069,0.0007567517364157,0.0064404444803356,0.4355025000968975,0.0293735176372327,0.0200812355555962,0.649544522858429,0.0098145129326389,-0.0900017526525048
2026-01-26,0.0003748208561523,0.0010288928995023,0.0004400247623246,-0.001355301885887,-1.2694866412278343e-05,0.0074714738397083,0.4553082688192168,0.0239360360869066,0.0177037565262986,0.3954322864929949,0.0112796798246693,-0.2617409185026262
2026-01-27,0.0026048360586339,0.0014661017006434,0.0012131027031653,-0.0014639598284027,0.0004161929040511,0.0078530449646093,0.292466804111583,0.0214465953067602,0.0011236794673593,0.1741236470740902,0.0119433456928943,-0.2202191503404674
2026-01-28,0.001211860132881,0.0014446417201769,0.0020040102165438,-0.000739367282969,0.0010373820378639,0.0074482558635524,0.6066425907898502,0.0267760874911872,0.0120254920931884,0.1179928576387468,0.0117582075330898,-0.1546402622397171
2026-01-29,0.0009244897164281,0.001045699673089,0.0013084181919896,-0.0027530305695329,0.000803661832167,0.0075673537763005,0.3645376897321708,0.0244712849344172,0.0103425890274587,0.2055258797533696,0.0126851243419875,0.066357265475565
2026-01-30,0.0007237620065435,0.0009724711058823,0.001640327092246,-0.0018200927612967,0.0010986433606469,0.0074300899830237,-0.2378728424901383,0.0212210933726351,0.0091845443352158,0.2101740289029687,0.0252005979705218,0.1416158283943822
2026-02-02,0.000892678476618,0.0005727534087542,0.0011210572314966,-0.0017471043770613,0.0009963181684167,0.0080273283859514,-0.8565801321678921,0.0181047802831379,0.0219780787558264,0.1706353542549565,0.0070077614496704,0.1620032253149402
2026-02-03,0.0014075850519493,0.0013506375518676,0.000332418887804,-0.0017098094076078,0.0006851849144126,0.0083510915836735,-0.7094203690183065,0.0122401754216724,0.0179530129867944,0.4973649625208282,0.0079708035023553,0.1450644521659383
2026-02-04,-0.0014877185536319,0.000210322252026,-0.0005441964559808,-0.0010110170143175,0.0011089489454462,0.005423807902119,-1.0577284542592942,0.0179749290509396,0.0186777833911362,1.0263979686283735,0.0142017596358544,0.122585716181863
2026-02-05,-0.0003825331218285,0.0006097827329141,-0.0006458304888645,-0.0007346520339439,0.0006587857362022,0.0065419878938926,-1.4574385513616672,0.0202885284626679,0.0264833425368401,0.7215940227866253,0.023413622503938,0.0657091488901334
2026-02-06,7.7949515306704e-05,0.0003553528289789,-0.0007082559359965,-0.0016632638830918,0.0007913674790657,0.0076613667052253,-2.296871702954962,0.0154407993004894,0.0232764477976328,0.5814846215863135,0.0097284161617762,0.0323365913933866
2026-02-09,0.0020411135760681,0.0032816458064836,0.0002710871292806,0.0008044698877976,0.0008672482786505,0.0074135786377088,-0.5851077549161329,0.0163465238222244,0.0140716743368129,0.8530314519105021,0.0189465782421616,-0.0114039720206304
2026-02-10,0.0002041291170127,0.0022127042158251,0.0003683090227613,-5.776242752435657e-05,0.0011647307579102,0.0076370942122495,-0.363042175819372,0.0229324742566263,0.020642575524756,1.168984895304715,0.0181629094128311,0.0665904558704942
2026-02-11,0.0001878591940557,0.0009883868878698,7.254298914277678e-05,-0.0018189609278041,0.0008688845135437,0.0065681904847722,-0.2519720624919909,0.0246168774428923,0.0170711398479885,0.4771486405621421,0.0099807862477398,0.0940255386653852
2026-02-12,4.4710464676924106e-05,0.0017295191520839,0.0006423947127733,-0.0025801672080538,0.0013009796368875,0.0082305739480445,-0.3864151439686867,0.0229075369828858,0.0143202266045198,0.3679629675111966,0.0172183416687336,0.0726793803246087
2026-02-13,0.000395012920186,0.0002920098088163,0.0009388298198117,-0.0025039827553269,0.0008221517747087,0.0093533256269675,-1.149761294499248,0.0190753617748116,0.0177422423914247,0.1482427941202186,0.0046285138565827,0.0333749640416611
2026-02-18,0.0018744683008406,0.0015672227468296,0.0012521839610957,-0.0009956999078307,0.0013534558332885,0.0091742730126208,-1.3608346857746485,0.0144162435481991,0.0212110048377972,0.7656451232387518,0.0142283125312824,0.0130232489382187
2026-02-19,0.0023988972586659,0.0022646190354802,0.0011892825677897,-0.0005062907153488,0.0015721320313698,0.0103218577026329,-1.3219663266051462,0.0142537174269538,0.0116637867866888,1.1461487437373987,0.0301180699632276,0.0145894685999805
2026-02-20,0.0018259348228107,0.0012851514411556,0.0006336164175388,-0.0013171435181836,0.0013399761206715,0.0077829879810541,-0.9869458875811468,0.0194926938219895,0.0161822268321682,0.6632691938586446,0.0180918017673411,0.0195070902276192
2026-02-23,0.0010594673659898,0.0016485346815255,0.000834856115507,-0.00051503012564,0.0018485475575602,0.0065070560365784,-0.436256371315433,0.0212482504803456,0.0173886839350677,0.5506042755375188,0.0166867465839759,0.0171167739767662
2026-02-24,-5.700580630750758e-05,0.0005234362803896,0.0001675596126374,-0.0010745117111221,0.0009774233469219,0.0073961284794627,-0.8335357755491868,0.0283899694739983,0.0168998274640604,0.5004327471358745,0.0136297262838595,0.0086170616388605
2026-02-25,0.0012572541348553,0.0021090337452964,0.0003821719487402,-0.0009770621838869,0.0005994923753543,0.0079705033141907,-0.366701391318105,0.0159993319757879,0.015300864736954,0.472928509017286,0.0098041908476137,0.0130730246016543
2026-02-26,0.0016066593349698,0.0021337791519332,0.0009753200538685,-0.0007554771692474,0.0011967965479161,0.0081285118187309,-0.2030410651041934,0.0183262436328438,0.0071614819436383,0.8672289120195533,0.0151148729614347,0.017183819242406
2026-02-27,0.0010421461579854,0.0008627340773412,0.0008752292532807,-0.0012182824336466,0.0009793362018212,0.0071029024844793,-0.2405044813463354,0.0155547834804543,0.0167008883731805,0.6189912978294662,0.0070488881900672,0.0250798750917174
2026-03-02,0.0001811093781168,0.0010863696985347,0.0010915509904783,-0.0008707631909626,0.0010631119199316,0.008566022066309,-0.7322214373911526,0.0260694899740381,0.0209172773027939,0.5459727018047966,0.0275070061121324,0.0181471684946103
2026-03-03,0.00184379051518,0.0016796969953662,-3.6522756689692174e-05,-0.0030315516090929,0.0007079967525358,0.0078815330427839,-0.7725013169982013,0.0215655862343016,0.0222310861633407,0.2045823419372729,0.0236866697596395,0.0149249612674866
2026-03-04,0.0007550984541146,0.0002760389135701,-0.000759900184904,-0.0007267692066191,0.0012599799482355,0.0061538129686766,-1.3864542007348772,0.012017566202199,0.0476689934799891,0.0901044999868779,0.018667589913823,0.0084262752269548
2026-03-05,0.0008077996263397,0.0011838969333544,-0.0005052310368913,-0.0006961525898353,0.0015268244482386,0.0046361243487584,-0.5818883255371415,0.0103473014534145,0.0124176455942018,0.2311152792182847,0.019880181557938,0.0156120559182933
2026-03-06,-0.0004712218080842,0.000256558021505,-0.0022488858113587,-0.0008489283277304,0.0007639787046214,0.0030207979318509,-0.9590020801203496,0.0203759473442849,0.0268516430805227,0.6568718600018804,0.0377652365779315,0.0140200285816735
2026-03-09,-0.0024547763938464,-0.0002148539224895,-0.0020777987492134,-0.0026124725997669,0.0002886292787921,0.0046980888331047,-2.268956366226736,0.0135325625312923,0.0234672587896363,0.1296954984449524,0.0622703795522084,0.0032757473407555
2026-03-10,0.0014694180397462,0.0016588285144771,-0.0008745687510529,0.0002717635433882,0.0005681040202672,0.0042420191400002,-0.5909180849930923,0.0198425704019904,0.0008072000462047,-0.3377910108436535,0.0454911410764519,-0.0084500998262422
2026-03-11,-0.0004886532328151,0.0013368798551339,0.0005357870088859,-0.0011538329223715,0.0005294583395886,0.0070708696234499,-0.5811813101549375,0.0182960655591759,0.0168650730417768,0.0836104308686602,-0.048644533782407,-0.008584347934813
2026-03-12,0.0007007773771041,0.0009587880136239,-0.0003213444839508,-0.0016918806824379,7.441472822149826e-05,0.0067140500840369,-0.8255089098825663,0.0188716718285315,0.0158046675492204,1.7801201192745142,0.0321706630960474,-0.0098623569033331
2026-03-13,0.0008063048186075,-0.0004488795880194,-0.0005027134957343,-0.0031051283296346,0.0008929560068164,0.0051244137719949,-1.18398977861006,0.013211498922446,0.0164954725463832,1.159650889396883,0.0511500211445715,-0.0079471618414969
2026-03-16,0.0014479742845201,-3.326782697156915e-05,-2.3760084183202784e-05,-0.001893546290008,0.0009098066539797,0.0048198509580248,-0.3568279420382662,0.0106600000029207,0.0155949002455881,-0.3760923190797467,0.0307090058142279,-0.0018197540096132
2026-03-17,0.0006892499911411,0.001334158124447,-0.0001231270170907,0.0010625975578855,0.0007346000281772,0.0045677511106974,0.6271871996584353,0.0100188697506887,0.0244800665428778,0.4272336306388829,-0.0114865650256781,0.0123061505739037
2026-03-18,-0.0004277302204328,0.0020583724150939,-0.00090018156191,0.0005861628282105,-0.0001231735533323,0.005881505533456,0.2023630353503384,0.0235180801737794,0.0200579291808124,1.5006593930647418,0.0168707010981049,0.010301982337005
2026-03-19,-0.0003343541659103,0.0006935710652721,-0.0012757095461408,-0.0022989125234375,0.000188989583095,0.0072976596355035,-0.7468737415660678,0.021181844983753,0.0169476391084596,1.022512057779509,-0.0022967073404102,0.0091338186573228
2026-03-20,0.0019861022764352,0.0007528834468379,0.0006779502572887,-0.0015161946506056,0.0011599831763292,0.0071499533248627,0.125417436372915,0.0199122245439956,0.004087005598217,0.4683216311644034,0.0291032447627958,0.0021840493469118
2026-03-23,-0.0001005538473216,-0.0005821259375104,-0.0003196904633472,-0.0009323846251103,0.0015837806371115,0.0046237665734383,-0.6341161732508878,0.0023789719851941,0.0201832312428329,0.7046661275421873,0.0193054050304995,0.0093959123943824
2026-03-24,0.0014603360906976,0.0011730105823197,0.0011378008909573,-0.0004753341300665,0.0005810139975984,0.0066795461165718,-1.087388859061166,0.0097615403466557,0.0165871843375234,0.8586872978237791,-0.0161543951499389,0.0103324747113123
2026-03-25,0.0003724180581807,0.0006151431558444,-0.0005856887587827,-0.0003334180405216,0.0008137583261446,0.0037437803425934,-1.0707494836392275,0.0241628594765984,0.0156355111248332,2.143107127893757,0.0349659993896873,0.0245251206520702
2026-03-26,0.0008128346140252,0.0018442050274056,0.000854951138957,0.0003434234788217,-3.645620168283084e-05,0.0081315464363841,-1.2251507816156848,0.0220653926736796,0.0095442139048645,1.025606184015296,0.0038032232222633,0.0162648607541902
2026-03-27,0.0005285347714418,-0.0002598902538174,-0.0007957188899609,-0.0018332871797603,0.0003169582169332,0.0063552617905312,-1.448944610802516,0.0246077835797773,0.0195826181708,0.835559506978026,0.0383386018737505,0.0132156388450211
2026-03-30,-0.0004602341627304,-0.0002034931370637,-0.0002717651240914,-0.0015595617110761,0.000935705307315,0.0062369332761592,-1.4696142542135593,0.0116748880436379,0.0213363767786163,0.0775403828259453,0.0313519291101159,0.003230329287339
2026-03-31,0.0010878675773005,0.0002652867413794,-0.0005098723901921,-0.0002206187795324,0.0012386297255973,0.0046875108280212,-1.3199739358884084,0.0134934171132975,0.0140490015346303,0.3834707119613418,0.039931625784824,0.0054764144823157
2026-04-01,0.0027581245489963,0.0046613054581341,0.0006572896610975,0.0024653073354869,0.0010328203126461,0.0064687394094427,0.5626768673423355,0.0117615035581848,0.0071209587846959,0.7807554587723664,-0.0038005829615676,0.0095320554729845
2026-04-02,0.0005127551424453,0.0025667791578978,0.0002678153195067,0.0001359866790631,0.0004451971574027,0.0093164381551598,0.152085265009558,0.0229134906445026,0.0082522981472203,1.5301139351210846,0.0221101583048182,0.0080448874221177
2026-04-08,0.0011634203739056,0.0014633606676505,-0.0003314028136339,-0.0016555174297575,0.000512231925136,0.0057444955958822,1.0887639837604195,0.0339571055457686,0.0186344347401729,0.7052270424445762,0.0726369798059604,0.0083938784321068
2026-04-09,0.0015251336257612,0.0030828839564597,0.0023001357948564,-0.0010217133018203,0.0013722427691521,0.0079444926057615,1.881451731328156,0.0201727892826071,0.0078114066846878,-0.4697918877051568,-0.0865033983003078,0.0171871491212286
2026-04-10,0.0013266113539522,0.0020655774939339,0.0019256065215797,-0.0002217024047498,0.000279259301076,0.0093118050983963,2.0581486307937937,0.03531079205521,0.0171116097624099,0.8580288382320687,0.0343096696721601,0.0263320533116816
2026-04-13,0.0015757140352731,0.0013426349382143,0.0014101026655397,-0.0019579064885508,0.0002088974809011,0.0106900870665713,0.7073362894687076,0.029068448667355,0.0199368957390465,-0.1048703248530505,0.0006401832875585,0.0292177167963666
2026-04-14,0.0029044787706187,0.0019641175494079,0.0018780996229128,-0.0009941459333573,0.0008329668594262,0.0074559354893849,0.5608141786730243,0.0274103606596429,0.00955203663112,0.2405187738874133,0.0232669277788556,0.022527904378676
2026-04-15,0.0014129175035078,0.0020381053472012,0.0019059599778157,-0.0012308912721621,0.0009930392092759,0.0070478116399573,0.974494646346162,0.023233526005436,0.0146294856855516,-0.0379081514542949,-0.0345214646636299,0.0140099180641169
2026-04-16,0.0004554921539868,0.0022137837933759,0.0006863823943591,-0.0006339760323454,0.0001521574274317,0.0075499645172304,0.468456222647191,0.0278032733275306,0.0220396138257191,0.8942855302778658,0.0180334932989416,-0.0013253913244906
2026-04-17,0.000981890860385,0.0014420432738131,0.000256010897262,-0.0017609681973107,0.0004142937123919,0.0074729624164502,-0.0865557971968765,0.0237463901257011,0.0182662641945958,0.4008440801590276,0.0337112780346246,-1.72818608985539e-05
2026-04-20,0.0019653327373819,0.001985446652197,0.0020778166085689,-0.0018949344548385,0.0007382844512344,0.00875318157091,-0.2048881576347591,0.0241906580630641,0.0072422587919258,-0.0203800698775269,-0.0272684548292903,0.0031764879508032
2026-04-21,0.0004471451959195,0.0013191844145819,0.0007073540957856,-0.0005990556721051,0.0006997863181843,0.0074165962338102,-0.499722057799523,0.0264925833165085,0.025367193509634,0.8794009379945311,0.0374629784501466,0.0055791883225017
2026-04-22,0.0005451079510531,0.0012100336108854,6.380356252075217e-05,-0.0020554650250948,0.0002784371280515,0.0099652849397589,-1.6285247001393413,0.0236032003556192,0.0181175187273715,0.0976690570984586,0.026051962137902,0.0027912005054762
2026-04-23,0.0024114950839113,0.0017875731737047,0.0004043164493076,-0.0011666491919578,0.0010032798897139,0.0038989336499382,-0.5036736765805387,0.0230396663253261,0.0111567713634312,0.5085720365133604,0.0121532100953796,0.0042932022065654
2026-04-24,0.0002614849262351,0.0006168152363311,0.0001567463858513,-0.0019765705095133,0.0011587737511389,0.004860979127666,-0.2566826578386569,0.0210431849004279,0.018634286545733,0.6924831795583098,0.0458470847401929,0.0126914719819511
2026-04-27,0.0004574413405848,0.0015705347194749,-5.11275863327484e-07,-0.0006651854625441,0.0002638697274441,0.003818834528139,0.1196264631686115,0.022857812942114,0.0193855828945823,0.6301046642698889,0.0133927476214134,0.0177007426402889
2026-04-28,0.0001041870970308,0.0012732064182099,-0.0001702148218456,-0.0008324596412782,0.0005295217868262,0.0057007485453405,0.0247180800960698,0.016413902876076,0.0140205778587207,0.9284162572395962,0.0247950668033963,0.0149038426575126
2026-04-29,0.0005577947649161,0.0009650227570338,0.0001967541254681,-0.0019027772931695,0.0002020967635577,0.0061420150850991,-0.1910594780724576,0.0273829130847379,0.0151237862708784,0.461788959859322,0.0318080711581617,0.0056461387699262
2026-04-30,0.0013939369886,0.001145508361029,6.472451452192474e-05,-0.0014805634151965,0.0007781160960194,0.0042719617048679,-0.3123282956398581,0.0168001002127435,0.019782310678073,0.6299502397612773,0.0552530984979454,0.0031893213791911
2026-05-01,0.0010214014446599,0.0013784717959559,0.0009026433523787,-0.0006114906086854,0.0009417276894048,0.0042824325479654,0.43181393395295,0.0182586044037084,0.0089915034719211,0.3956165282369787,0.004237548304112,0.0063011909608898
2026-05-06,0.0001035478922966,0.0011223224536908,0.0003228192294071,-0.0006830717845417,0.0001815122630706,0.0051573936379118,0.3633669011774422,0.0267606959930419,0.0188420479262426,1.0300012581713829,0.0033283818120884,0.0066956143688345
2026-05-07,0.0006229497588133,0.0026083611481219,0.0013246275424688,-0.0024033561888337,-8.718418095013673e-05,0.0088454611474555,-0.070004257281681,0.0219398015755108,0.0083676306718385,0.949601526519626,-0.0122902958368413,0.0095660173227293
2026-05-08,0.0006888490058278,0.0014055330114091,0.0005848577497998,-0.0006313514329994,0.0002892404053707,0.0097686299280284,-0.4944659530248228,0.0205427923786152,0.0168738608488704,0.9198982490137542,0.0153731579717005,0.0150178347858685
2026-05-11,0.0024051469124895,0.0022427920818616,0.0020670352020451,-0.0008773461010382,0.000594554849986,0.010483988234522,-0.721344808453044,0.0240026847027263,0.0183575952462151,0.6619488693139973,0.0122592205527135,0.0059663821803535
2026-05-12,0.0023009708113838,0.0015451283978841,0.0013364038761915,-0.0009861206162227,0.0011480804277515,0.0073683612917297,-0.7773540302228865,0.0236642561823082,0.0109850968357059,0.5285805619864998,0.0240002942808634,0.0050220074298181
2026-05-13,0.001194615666251,0.0012755747612333,0.000707376494977,-0.000712505443974,0.0005919390591317,0.0062646880776508,-0.3254605416843977,0.0204772385084808,0.0304392298276805,0.1418207964918874,0.0260358816036726,-0.0050410958902719
2026-05-14,0.0005282702401664,0.0015502955390426,-0.0005248909173537,-0.0014126066856034,0.0007166620584519,0.0044232792285566,-0.4573892104070951,0.0202616617659833,0.0230528531970596,0.3918591094453468,0.0119193864678478,-0.008305604846008
2026-05-15,0.000868393999365,0.0018854443034367,-0.0006071993218386,-0.0008746703428166,0.0006111417822565,0.0041604929544006,0.1336932169665911,0.0164330145181303,0.0226964626366208,0.6882380603382083,0.0145423660720256,-0.001115459281067
2026-05-18,-0.0004433605909898,0.000549740291376,-0.0015515614360844,-0.0022198336594114,0.0003919135778319,0.0053480551235082,-0.6382141061008851,0.0157405771051848,0.0300768488322097,0.6313809127075116,0.0346933680835575,0.0003725497326309
2026-05-19,0.0005038439802913,0.0008123791046096,-0.0006180814491268,-0.000323900738796,0.000848618522892,0.0037080409103909,-0.5153736507825186,0.0115960717770707,0.0160582463376678,0.2003231693665375,0.0324136811932231,-0.0067499215112111
2026-05-20,0.0005924646148379,0.0004121867602014,-0.0004804571197787,-0.0003358546806139,0.0010213607181897,0.0035071625818575,-0.5734391108083086,0.0248413759961362,0.0230823239682938,0.4783012812465891,0.0191106655458405,-0.0191179703879134
2026-05-21,0.0002502916493052,0.0023345060990988,0.0003688851145631,-0.00036409639178,0.0004523064900453,0.0061071955726259,-0.4172327129198777,0.0148237220694888,0.0114948889884878,1.3043258221096972,-0.0291154319354504,-0.0230260237457521
2026-05-22,0.0009531780616692,0.0020022807342357,-0.0001274218883861,0.0002936730990351,0.000211417177615,0.0078333605183521,-0.6397837135599527,0.0256769494577228,0.012624110013242,2.1627462751615507,0.0157890287675517,-0.0146250360064603
2026-05-27,0.0009650354479929,0.0023301578775376,0.0003266364326304,-0.0007095762356794,0.0002927763012659,0.0097451224845592,-0.3454042138922893,0.0206749928433727,0.0225931392237439,1.303630338103539,0.0130511080664517,0.0046393335054454
2026-05-28,0.0019437452837563,0.0015295578748734,0.0002371422020734,-0.0009816441456036,0.0010695934101712,0.0080262168988372,-0.4832870082970538,0.0181168649109653,0.0097604094953491,1.043515377455503,4.8655625681980064e-05,0.0182987828954946
2026-05-29,0.0009194852868476,0.0018496916206624,0.0006990223479975,-0.0005106445018737,0.0011995724827907,0.0074505025971053,0.0799722905028578,0.0201345598594362,0.0231651749091478,1.033529834145511,0.0204990888679678,0.026387141691562
2026-06-01,0.0006368529989974,0.0019752313075455,0.000416244998939,0.0003717641794754,0.0005451813121318,0.008842887214209,-0.3481149704917042,0.0199625259121617,0.0211017322919398,1.0167478897372402,0.0128800932656095,0.0041794867977746
2026-06-02,0.002104125406015,0.0018118349718117,0.000458688220994,-0.0017782254657631,0.0006293826040064,0.0074257500996808,-0.5179728685996058,0.0216969639417296,0.0187797589521463,0.6452683727535453,0.0296767169147325,0.0063832435438347
2026-06-03,0.0009661708361854,0.0016675047175979,0.0006205055378788,-0.000793731487533,0.0010863829966516,0.006939495756705,-0.5045119514991007,0.0247634397824544,0.019355447218574,0.3456800514591954,0.0230831490234207,0.0065054008469611
2026-06-04,0.0004463169728824,0.0006726113979797,-0.0002075486368304,-0.0015757570772132,0.0007922420188377,0.0050386533234974,-0.2827426768303939,0.0225589063797275,0.022863024797311,0.3224711282195176,0.0203991759510597,0.0208596921988456
2026-06-05,0.0007562295433086,0.0017256451823683,-0.0001938710295444,0.0001412774430777,0.000666256844846,0.0063475342578656,-0.4477348087198519,0.016817922813255,0.0268530463572184,0.6635773996937376,0.0070886073424591,0.0088672785824373
2026-06-08,-0.0007767198498108,-0.0005156995946359,-0.0011247835423287,-0.0020800419859349,0.0009691462174247,0.0060670270886035,-2.0300169956027587,0.0115965122159514,0.0294516484272264,1.2274955470812898,0.0072863830100786,0.0091418371544615
2026-06-09,0.0010897432780677,0.0015005569044986,-0.000485753919981,-0.0017004673975517,0.0009696935447682,0.0057480655194354,-1.1928781920187062,0.0096710981003541,0.0082701479509831,1.2387496703129246,0.0244026168538693,-0.0012094711159712
2026-06-10,0.0004211782773177,0.0005477946882815,-0.000318789221834,2.823584385150228e-05,0.0014802565682932,0.0047585001290415,-1.9702067892478268,0.014463940917187,0.0190178712713753,1.5774724468716248,0.0125266684920202,-0.0043300039575513
2026-06-11,-0.0014952153519148,0.000521514059565,-0.0005330215140759,-0.0024410400866515,0.0003586154759107,0.0071323762708436,-2.115947249319187,0.0194908301325322,0.0207989560793395,1.3541822150088776,0.0216884025418426,-0.0152043783513625
2026-06-12,0.0033374615882723,0.0026298611421821,0.0011206078442847,0.0005375963485932,0.000544158912175,0.0084066422781482,-1.1653749904267454,0.0211393154767411,0.0087190108429913,1.3937423111821985,0.0185685223141313,-0.0057177310901422
2026-06-15,0.0016493117407139,0.0021929038881329,0.0015367346516274,-0.0005529376520519,0.0012224407211018,0.009675075533669,0.0042472215447149,0.0258763101276895,0.0090932074866849,1.4033906458078125,0.0099298331383529,0.0016724143707939
2026-06-16,0.0019791380763757,0.0027392535199827,0.0012450437984187,-0.0008044422122339,0.0002774483627038,0.0093201301643694,0.3676474968918285,0.0310474584585887,0.014509305803532,1.4036658049248572,0.0022985844984284,0.0128487941611192
2026-06-17,0.0009721248949041,0.0008469937545806,0.0007456926797302,-0.0022371427549302,0.000898906358039,0.008063514986067,0.1185805426933712,0.0304960306419577,0.0198357556004443,1.4484704072627888,-0.0004062479273989,0.0096830593315616
2026-06-18,-8.278354882858621e-05,0.0008437923944108,0.0006068560982616,-0.0027428398635726,0.0006512425649932,0.0087875616187175,-0.5254791709448199,0.0224369044545093,0.0186736095349853,0.6823832419029093,0.0162967331377204,0.0011529033922747
2026-06-23,0.0032110640317905,0.0018493850892374,0.0010814056823949,-0.0005314498068727,0.0007334104376036,0.0082076912276118,-0.2500153430614134,0.0185573548193284,0.0241169284443897,0.6878788621361313,0.0173146209468233,-0.0006164822770682
2026-06-24,0.0009444132654508,-0.0002614621156056,-7.04374593252062e-05,-0.0022514243213914,0.0015800210395803,0.0068683101786586,-1.1526897946126944,0.0158998038340751,0.0158098087509836,1.0822283429758837,-0.0047365843865606,0.0022823183370191
2026-06-25,0.0005099417242515,0.0014538838470397,-1.4667718031903033e-06,0.0001859324364152,0.0006113957494376,0.0076714128688327,-1.0093960545859333,0.0206834591118272,0.0212608914047928,1.5362975179456,0.0121845015252959,0.009642643574878
2026-06-26,0.0002174652506249,0.0022505868538165,-0.0006690310423028,0.0002628832540434,0.0009393149384187,0.0078583026368638,-1.0294591544117817,0.017035631922941,0.0222303559481316,1.5151804561448334,0.0217439646401377,0.0023564461752132
2026-06-29,0.0014221377303615,0.0016939088229327,-4.098965456392315e-05,-0.000918962291945,0.0012604279479886,0.0093319081500178,-1.030393226021002,0.0247868980092685,0.0077402514342645,1.0439016866071658,0.0131473869330942,0.0031591888036033
2026-06-30,0.0024350129407251,0.0023947690001357,0.0007492466584847,-0.0003170388990344,0.0016305782398893,0.0071203437271482,-0.5082950148304863,0.0212346521134874,0.0141443169297829,1.2233486111222318,0.0219074347445511,-0.0063260970047745
2026-07-01,0.0014743474963494,0.0019732415576937,0.0007906582387133,-0.0003265304885361,0.0013333188776715,0.0082078386359457,-0.0532463024510529,0.0214576095756073,0.0131154005210113,0.8808608540358428,0.0117016654927086,-0.0086791364304141
2026-07-02,0.0010618452488839,0.0007013444266297,0.0003168851894295,-0.0018016660477421,0.000577318545516,0.0062614347420353,0.1520893208791102,0.0274866920265387,0.0194817405811596,0.7517793243173899,0.0121666480947717,-0.0047618972736112
2026-07-07,3.048516442663649e-05,0.0009428615005377,0.0003752729970651,-0.0013773359203261,0.0005513218169918,0.0053182506612782,-0.055369574595572,0.0202876593270008,0.0185758246570517,0.632715620913489,0.0172228884915285,-0.0016190019012717
2026-07-08,-0.0001985173348482,0.0008243343950418,-0.0002041040033853,-0.0027548431836633,0.0002634941426798,0.0055539189843643,-0.4938938272438988,0.020273000837913,0.0187957004892424,0.4699374444193437,0.016971819777312,0.007308218822178
2026-07-09,0.0005555106078766,0.0009399006443469,0.0001759278753895,-0.0024577677583021,0.0002704151674239,0.0055159221545284,-0.747333127182892,0.0217489802783587,0.0176123654656812,0.421363682769041,0.0168849363225625,0.0120715046343979
2026-07-10,0.0014209339946885,0.0015451865740069,0.0015216714422889,-0.0001455021461231,0.0007019668317722,0.0066084151565781,-0.3731234315624697,0.0198967417795119,0.0094116462314072,0.7054695255258678,0.0160678729206854,0.0115615759066187
2026-07-13,0.0013932215221243,0.0016009517564117,0.0013668967828692,-0.0016615986482683,0.0002101587012366,0.0076870453316963,0.0986355677353573,0.0238026976803321,0.0105802773902903,1.0333376227817666,0.0110823202795368,0.0269275484898675
2026-07-14,0.0004071915327292,0.0007304410843619,0.0003605152582287,-0.003567430488421,3.284671086533047e-05,0.0072653905126991,-1.003896728057556,0.0244961953656306,0.0137394418661469,0.6478668588179992,0.0301606686349723,0.0317980695118715
2026-07-15,0.0008749636341939,0.0008625433846208,0.0010621887649024,-0.0007956275652793,0.0006543629539912,0.0060390372771418,-0.5007553084377138,0.0215134016900235,0.0149550417398826,0.1643725135062322,0.0158677268150898,0.0322022414001274
2026-07-16,0.0009419478142853,0.0014123232043965,0.0011117531739871,-0.0009290097592762,0.0004292404987502,0.0067205545767339,0.2452428952951088,0.0257618930372502,0.0172841788708697,0.4647687748161434,0.015618632251892,0.0162707939142334
2026-07-17,0.0004553710290917,0.0014004796798479,0.0006667619938924,-0.003057594293032,-7.700491732252478e-05,0.008937783751402,-0.5973048914714563,0.0230671901325061,0.0143516329548841,0.6222397969975073,0.0130661089942304,0.0139884560672879
2026-07-20,0.0006468022599026,0.0006450294865065,0.0006401995012697,-0.0014388021543147,0.0005322643861673,0.007508549645205,-1.3925391955464783,0.0216602840101396,0.0210068814978395,0.6956872003764917,0.0238913487078435,0.0007373080736743
2026-07-21,0.0008233996081396,0.000898555912558,0.0006228057043363,-0.0025939819858392,0.0012446956340489,0.0075226569651975,-1.0782293288233302,0.015373140871031,0.0146166387013697,0.4466173582692339,0.0151451358964566,0.0037855913491884
2026-07-22,0.0017717189592265,0.0013798753178316,0.0006945367633939,-0.0008368972785604,0.0008480463638455,0.0056161715276097,-0.4526211354920104,0.020246001617379,0.0116081933518263,0.7205991955485395,0.00774215384161,0.0037667628728873
2026-07-23,0.000681879898596,0.0007200010146698,0.0004288303137335,-0.0017738400769583,0.0005846110534141,0.005844135796102,-0.4020000867945508,0.0253417180076855,0.0149758382300932,0.7855672621751143,0.0218764760389835,-0.0055629675529161
2026-07-24,-0.0003108696668177,-9.39742055013407e-05,-0.0001664305651079,-0.0026766488402499,0.0002890166569007,0.0046311907900396,-0.6140274510544652,0.0221796137925658,0.0144799785555907,0.5522755446952021,0.0202080217683478,-0.0059926193439025
2026-07-27,0.0004174651177741,0.0007030365403507,0.0005938449966505,-0.0019429293106522,0.0002271340215248,0.0064173863419489,-0.4631861098149279,0.0194259004193008,0.0164368518995605,0.2942009463044053,0.0179132886496194,-0.0069958937597213
2026-07-28,0.0006497483560449,0.0010023342813297,0.0006310685102322,-0.0005459412432817,0.0004163712625784,0.0067748261552811,-0.1980089586105107,0.0196140431345398,0.0152898891753111,0.8190851977808816,-0.0090325621868998,0.0129108248101636
2026-07-29,0.0010625917767026,0.001656227333041,0.0009033180630051,-0.0020295504599716,0.0001281000322018,0.009688963408768,-0.9074917003682694,0.0198205729799981,0.0083946364967635,1.325026753800439,0.0106950754460864,0.0197454308177523
2026-07-30,0.0008038176821604,0.0004848824629739,0.0003016540558789,-0.0024359440661242,0.0007026464674332,0.0087861716777659,-2.126208456589737,0.0193267241349886,0.0120012978629027,1.098599714141078,0.028363775420085,0.0290552625210756
2026-07-31,0.0017163456674261,0.0022963085624271,0.0016842890715055,-0.0003753984966316,0.0009573774465623,0.007940342333144,-0.4144687529593084,0.0170980173199925,0.0103347989256395,0.3801502350708273,0.0096675195309159,0.0158079917450851
2026-08-03,0.0019737889618457,0.0017192432239818,0.001145906347001,3.819596116436575e-05,0.0010832881340618,0.005418300670544,0.2549175778182596,0.0258949938097187,0.0138237767997706,0.8571986329663948,0.0080370281667943,0.0137335704461278
2026-08-04,0.0020143481799128,0.0017196161809408,0.0018045717568955,-0.0029131945905144,0.0003908464451803,0.0079285755069023,0.495665941693183,0.0281193505917251,0.0103901329977637,0.572086613045102,0.0056257256015085,-0.0084439910172828
2026-08-05,0.0016863966582205,0.0022522788471516,0.0017433574210469,-0.0012805117531569,0.0001953551240495,0.0067197784690085,0.6953954416869766,0.0293074691288262,0.0154508737758438,0.8673060572006468,-0.0056225407451045,-0.0058585227087891
2026-08-06,0.0001406997224581,0.0015079471212774,0.0009888772697431,-0.001300063956389,-0.0002757272442095,0.0101420073056049,0.3518718128143564,0.0276933666615219,0.0241984985945019,0.4269088589554044,0.0052636200055362,-0.0041790544401082
2026-08-07,0.0012378338220301,0.0013029659280992,0.000126602496537,-0.0024064644480905,0.0001366237456672,0.0082794476280306,-0.4502931423622021,0.0255004491257701,0.0173891666788859,0.1663644523060464,0.0150853181438132,0.0110592229673419
2026-08-10,0.0014693351826387,0.0013299756154729,0.0012514388445265,-0.0016917769038532,0.0012603694055822,0.0066795849579939,-0.236929513654798,0.0257023283437742,0.0127810894409457,0.1287972508758601,0.0212049331570153,0.0127261537934201
