,audusd,brlusd,cnyusd,krwusd,eurusd,sp500,vix,us2y,us10y,wti,brent,henry_hub
2023-07-26,-0.0006103929850444,0.0040570856326826,-0.0010365172974411,-0.0011370038541358,-0.0003007822914951,0.0062844628096709,-0.5012609157316474,0.0286485927425482,0.0316361585574371,0.9775627252530584,0.0282721101926421,-0.0105961942145814
2023-07-27,0.0006709461834544,0.0018506463831953,-0.0004280354372546,-0.0009707241919735,0.0002251201237106,0.0053743261503947,-0.1710726317105305,0.0610757981063455,0.0499522021716519,1.2123235720424483,0.0226743721225381,-0.002702815702665
2023-07-28,-4.347478169812501e-05,0.0010713655372552,-0.0009784994153441,-0.0029148502725001,0.0002781048813455,0.0052729798386112,-0.536637582474357,0.0649432344264577,0.0312867534472596,0.9386405533333504,0.0273446087891159,0.010704449916049
2023-07-31,0.0027296630359258,0.0048982711353465,-8.954902095963536e-05,0.000417916940344,6.897653849591669e-05,0.0057045439308238,-0.2048649639320038,0.0343954488800652,0.029850197394103,1.05346323829779,0.0288088600053686,-0.003245215309431
2023-08-01,0.0005906693247908,0.0026505322927701,-3.605963231417061e-05,-0.0010759565799396,0.0006522172058598,0.003321507893397,-0.3413778050753616,0.0487800879697151,0.0394980044526659,1.2508732789142067,0.0334381663851119,-0.0019500689651191
2023-08-02,0.0011359491088469,0.0025802271193666,-0.0005442339801736,-0.0012177675700681,0.000270862204699,0.0086820871131674,-0.7678515714236853,0.0673958381861774,0.0246092158949623,0.875111190743516,0.0209268172299341,0.0044349749343256
2023-08-03,0.0003774371113255,0.001984637072294,-0.000643282574405,-0.0011987260134557,-0.0007133245862323,0.0056026222758693,-1.0844628005645771,0.0381698008196244,0.026005723978594,1.3326529079781126,0.0185240033678438,-0.0119767815195251
2023-08-04,0.0002593442501767,0.0023249935342783,-0.0005173470637191,0.0007859846744257,0.001007562577013,0.0044633239099131,-1.0470264680874877,0.0090420985598325,0.0254140177504901,1.4976211784385236,0.0422736826261181,-0.0033610086777651
2023-08-07,-0.0024541573423539,0.0021370178846574,-0.0006331228014615,0.0014089125233692,9.915192749906032e-05,0.0043472860442172,-1.4597100970806527,0.0212629853829027,0.0096545442132715,2.2617986009574875,0.0417686984098326,-0.0011759395481375
2023-08-08,0.0009944364331372,0.004204266989918,-0.0008224214140422,-0.001103074044867,0.0004128475221555,0.0074264445030409,-1.3224262230380224,0.0544855876213407,0.0272200051210634,2.443080679148406,0.0282709677295688,-0.0040007246386328
2023-08-09,-6.175198810360835e-05,0.0045055227423265,-0.0006894753667382,-0.001947085006755,-3.391034836066687e-05,0.0107125390039444,-1.3099934715824095,0.0574181971068843,0.0388748970249611,2.555689149659379,0.0409485138247871,-0.0333237665413184
2023-08-10,0.0011963505110266,0.0029936520474436,0.0003780037620167,0.0001019084023207,0.0012524958610257,0.0069447577781139,-1.0314123345343602,0.037264589731418,0.0432264118680357,1.65214028134567,0.0384626509675796,-0.036462329352899
2023-08-11,0.0005102354150403,0.0044458365581378,-0.000240053306201,0.0003419613741605,0.0018796092027966,0.0067512264173517,-0.6967962666981735,0.0412968123760736,0.0183895269924968,1.2624168145730834,0.0192820415801584,-0.0335489259777281
2023-08-14,0.0022912903820962,0.0035186525529545,-0.0003345196765195,-0.001101945981109,0.0015454519466519,0.0059504805887572,-0.4765820097495133,0.0504928434741942,0.0099241362514213,1.2767669894664322,0.0257864712275266,-0.0053151579444366
2023-08-15,0.0004061070598779,0.0043251329527965,-0.0003809773652926,-0.0010690157200951,0.0009622174191804,0.0026933458143702,-0.3785911616990421,0.0538965058589665,0.0181656744260923,1.3557293317590688,0.0259244503940426,-0.0057703453172639
2023-08-16,-0.0015819918403812,0.0025100353180439,-0.0006804406835932,-0.0008657844454458,-0.0004462017745189,0.0046910584857031,-0.4201174319328626,0.0463362915669205,0.0297266003607249,1.349915454785481,0.0202001016594995,0.0013455201494327
2023-08-17,-0.000728004115175,0.0025384331131202,-0.0013583870883027,-0.0012790955035856,-0.0002080071096097,0.0059658322609467,-0.9212395884142504,0.0426007875236343,0.026425628312522,1.2507309727384928,0.014768543032443,-0.011553078321356
2023-08-18,-0.0012035015670736,0.0028715568274208,-0.0013689365239369,-0.0010860813914227,-0.0003197967605228,0.0054967324664792,-1.811382354182288,0.0161315262285416,0.0043047609412765,2.012356583422772,0.0393938655674064,-0.0004004525540707
2023-08-21,-7.421986424045127e-05,0.0029797074617003,-0.0005569549317366,6.91094510551722e-05,0.0004435364605225,0.0048471790235768,-1.42818580266179,0.0247528427772521,0.0035045456969133,2.187760057895823,0.0369872071451966,0.0166168683312221
2023-08-22,0.0004313409622748,0.0039150545151014,-0.0002183077661869,-2.902036116030548e-05,0.0005249243695107,0.0066089889762956,-0.9066354589805444,0.0475247268953357,0.012509071588616,2.23175301841495,0.0289637208536591,-0.0007962412428593
2023-08-23,-0.0003095401520609,0.0028102549318094,-0.0008846975647667,-0.0021452679901447,-0.000122078222285,0.0064220763801129,-0.4879057293576431,0.0518136198390934,0.0254440072209706,1.844437392881368,0.0256628649912392,0.0028772407226682
2023-08-24,0.0012503119773712,0.0047527230284968,0.0001504423187,-0.0002648819120016,0.0007366952256696,0.0055545157848624,-0.4901557725311392,0.0556045794303911,0.0444530212268692,1.5750586646110412,0.0160134170922433,-0.0208941427674195
2023-08-25,-0.0008080349010801,0.0015549046969568,-0.0002190294284999,-0.0036894982400491,-0.0001616300542522,0.0089865288415275,-0.9859714971833886,0.0581830626951961,0.0468691546083338,1.188844986744262,0.02535826576353,0.0035673485737482
2023-08-30,0.0013683511299303,0.003953628005537,-0.0004297730253389,-0.0017831079334805,0.0002751299101578,0.0093973379946574,-0.4257190433978971,0.0561156658134199,0.0294491330344421,0.9859494119436804,0.0305778414047551,0.0007264952709947
2023-08-31,0.0017677887851656,0.0034172598503293,0.000324903003351,0.0013350958318442,0.0008224141336235,0.0060479239732708,-0.1106979032460644,0.0519880419609587,0.0233492837340447,1.3693648604259223,0.0321372438557397,0.0020868971396584
2023-09-01,0.0011207648036727,0.0025289990309969,-0.0004262624568975,-0.0033377621908719,0.0009127878427991,0.0055474223377763,-0.2426207245656477,0.0360568897549244,0.0361247127406327,0.941639167847705,0.0350529670741233,-0.0043413249966707
2023-09-06,0.0010354775406328,0.0020401707641491,-0.0002270093174922,-0.0028092832490753,0.0002055530860814,0.0073170551748442,-0.2764687296608303,0.0482776055068169,0.0329634253027693,1.1969175046207945,0.039651821550215,-0.0196423125844973
2023-09-07,0.0001043821084667,0.00102531387619,-0.0001775274142384,-0.0017754743994857,8.455130277934441e-05,0.005567238879843,-0.5063874646013724,0.0469408210405042,0.0213825800771369,0.6384507328794651,0.0306448564611746,-0.0131411401895298
2023-09-08,0.0008752835475794,0.001924352201892,-0.0003210865207959,-0.0012504128566915,0.0002806403663131,0.0033362292507941,-0.4238298625156356,0.0401893437826161,0.0379875648444455,1.2751233549965133,0.0236336607477927,-0.0148580062266108
2023-09-11,6.3901895220969e-05,0.0034845371219817,-0.0004408770556229,-0.0018498574818498,0.0003091702958923,0.0057920754913028,-0.995171076852233,0.0497453979128732,0.0346089553643388,1.635386073800747,0.0323938912158929,-0.0107376487522009
2023-09-12,-0.0001532272561419,0.0046348575532031,-0.0005055102960944,-0.0009943274099444,-6.077242347908351e-05,0.0075223731837602,-0.6741965070340491,0.0191987926976394,0.0153840031312957,1.673774390550202,0.0255790784414127,-0.0051835879221604
2023-09-13,3.403219221255065e-05,0.0011751995374078,-0.0004413333805323,-0.0018279088210897,0.0002692530274375,0.0066202967313149,-0.6458692008154968,0.0562751589288897,0.025208844399677,1.736622713491089,0.0350246803288247,-0.0148630317486848
2023-09-14,0.0012731938717227,0.0020579444507567,0.0001938504414924,-0.001087071979017,0.0010993843390906,0.0058526622920884,-0.665409881398044,0.0413509475823677,0.0235122750680965,1.1436652216081804,0.0253907019697824,-0.0139808351876092
2023-09-15,0.0016603869972971,0.0034498972311826,0.0005018485537588,-0.0026833483989914,-0.0002121252016704,0.0068772346268923,-0.1841864307835941,0.062564149196504,0.04814313551607,1.262295310435288,0.0326580047501855,-0.0266632351400117
2023-09-18,0.0001276669821175,0.0006224011154693,-0.0002948172498214,-0.002420625348937,-2.497522888664705e-05,0.0049182991293796,-0.2527014934414545,0.047696756789945,0.0476021603369211,0.9978698015842286,0.0264121414779302,-0.0094875901432837
2023-09-19,0.0005976247086526,0.002082021814901,0.0002176905663254,-0.0011303637694324,0.0002438185677427,0.0050677106667663,-0.3873978475324712,0.0559819234015585,0.0384676493154677,1.128638753491213,0.0309650712371947,-0.0028630959475493
2023-09-20,-0.0005714555310716,0.0022160297138739,-0.0009751909258236,-0.0021885727606127,0.0002313899114934,0.0046112484679428,-0.389988514764386,0.0439994748291497,0.033856605494303,1.1730119431886907,0.0242592350936903,0.0095060691403022
2023-09-21,-0.0017804270243932,0.0019943643413963,-0.0007913235165117,-0.0013902300824636,-0.0004192542309895,0.0062643204161742,-1.0181095460585443,0.0341907162220848,0.0231652578796022,1.3224495238158742,0.0122488409777925,-0.0009892766031229
2023-09-22,-0.0008424517807809,-0.0014547051582082,-0.0010211863238601,-0.0036247414014052,-0.0002185870597959,0.005583407058515,-1.5454067517042938,0.0303540063809752,0.0299619578032179,2.0806180363611504,0.0371818940997552,-0.005185628751773
2023-09-25,-4.202336927780959e-05,0.0017961133529862,-0.0002046228440786,-0.0014074839068002,0.000237563637183,0.0048397673189286,-1.221583506911333,0.0200333348294074,0.0078626496218732,2.062752466287092,0.0371907945699962,-0.0196341174888657
2023-09-26,3.429214176294801e-05,0.0025030628687885,-0.0009003935133084,-0.0019093921304168,-0.0002640215871174,0.0002525409481053,-0.8694166172999469,0.0408990822428894,0.0343919585343626,2.5140146274314974,0.0319441667566144,-0.0004919273456754
2023-09-27,-0.0028097789415589,0.0006958378558216,-0.0012195269137178,-0.0031896566308914,-0.0009239692852233,0.0047797595193442,-1.1897905062368042,0.0341931965213996,0.0248606798543338,2.670777030638719,0.0453295464518127,0.0137631728644231
2023-09-28,0.0007494731653203,0.0011464914632063,-0.0009392062155033,-0.0015542807923665,-0.0003045033374518,0.0028705417397212,-1.018882857754253,0.0345540361206203,0.026576690820411,2.105743417512312,0.0482688603846816,-0.0113284601852809
2023-09-29,-0.0004971979367747,0.0038970622636872,-0.0006084924231134,-4.769889873668261e-05,6.417929168514995e-05,0.0036838694282517,-0.6806857230803678,0.0308272665824194,0.0214855680677458,1.8224173241429935,0.0196996872872844,-0.0092476220573108
2023-10-02,-0.0007658719604338,0.0023402591995826,-0.0007915459249556,-0.0010325018743039,-0.0004673361928098,0.0057369637809824,-0.8745239872051509,0.0503699340468276,0.0305178519758683,2.013605009433193,0.019179875669873,-0.0036760691890628
2023-10-03,-0.0002438735665093,0.0026228261701442,-0.0015046081447734,-0.0036251575625841,-0.0001027029899912,0.0046807402262554,-0.823999189782329,0.0491224464099617,0.042937771319745,1.9294016422933795,0.0247374867951534,-0.0092551086929327
2023-10-04,-0.000845796355078,-0.0002331865776315,-0.0005039746916104,-0.0029375495405388,-0.0007931257250769,0.0039806473207641,-1.0330804268188372,0.0256043886769642,0.0261276936739806,1.5431667301587435,0.0296291699689304,-0.007891485179844
2023-10-05,0.0005956200523661,0.0028623567953535,0.0002711719672949,0.000808790633546,0.0004759888650769,0.0006273637229217,-0.6338906635479591,0.0386063808831442,0.0221568913004415,1.6503202647662687,0.0018178206268857,-0.016912050677585
2023-10-06,-0.0004185375565995,0.0028082542640813,-0.0008204516791843,-0.0008059949880364,-0.0004848123500426,0.003822749573713,-0.7065471061051568,0.0460080239722978,0.0378444237273538,2.581536266042149,0.0173808950750692,-0.0166099380734093
2023-10-11,-0.0002083144493148,0.0046636161146149,-0.0007420035992369,-0.0004543137031043,-0.0009147144527504,0.0078263215498711,-1.2930914232059418,0.0543050387415663,0.0313541928479184,2.376115227412341,0.033849847752121,-0.0319378261767464
2023-10-12,0.002407207715585,0.0047483246018201,0.0005153662612011,-0.0007689365507607,-0.0001960571470457,0.006472043510596,-0.4108396002196028,0.0641943124283691,0.0277109984886887,1.7684519202729805,0.0193298243261646,-0.028519201591625
2023-10-13,0.001633064275958,0.0014545894797017,0.0003379715303278,-0.0031610240108621,0.0005622051651597,0.0044553593913886,-0.5045435413653652,0.0567571231286114,0.0415204159888248,0.6485143316714496,0.0110971414838786,-0.0274419349921068
2023-10-16,8.00542738999425e-05,0.0024292044800539,0.00135378831373,-0.0031428488135585,-0.0007323615151287,0.0059956027560063,-0.9637852886843856,0.0442211504275934,0.0316738203351248,0.9731447560101534,0.0511947346614704,-0.0068361235055179
2023-10-17,0.0021903319989145,0.0032271910337814,0.0003205220236142,0.0007547391523168,0.0003563595221087,0.0031922531967887,-0.0333881297068374,0.0497383581195026,0.025941624073218,0.4550487506114928,0.023122995064569,0.0002513960662264
2023-10-18,-0.0011305419683531,0.0034477079942453,-0.0006066421839615,-0.0008835421110405,-0.0003505715507556,0.0053791926663291,-0.4560447456942972,0.0495143882200288,0.0200601950834133,0.9794905577079788,0.0180659599429572,0.0109730190953054
2023-10-19,-0.0018979683842875,-0.0008830478945433,-0.002026676933149,-0.0034231827152571,-0.000522659589223,0.0021504681720574,-0.984604644621217,0.0454117699002719,0.0351671610313888,1.2476173491572813,0.0382641476502847,0.0193186294313105
2023-10-20,-0.0025106146848574,-0.0004662192729872,-0.0010133283061001,-0.0019431313284831,-0.0004342887302517,0.0005375280560807,-0.9977672137700891,0.0319068794141093,0.0211483076444014,1.0751602607746942,0.035264077368607,-0.0030884730768109
2023-10-23,-0.0013609944662254,4.681663942341296e-05,-0.0001716295228318,-0.0009670532428415,-0.0011276342577889,0.0022462707434568,-0.9758401678795072,0.0334241348525243,0.0179798619479043,1.6319363876371489,0.0258450632681494,0.0202347337426191
2023-10-24,-0.000663925502923,0.0025142541692824,-0.0006486258620456,0.0001903078763175,-0.0007739801706051,0.0047900518867697,-0.9529444812457974,0.038442935536936,0.0302798283532934,2.8305880769394576,0.0088089368993657,0.0192503275886027
2023-10-25,5.3510132888731805e-05,0.0048259931760379,-2.7422128715195413e-05,-0.00163685285829,-0.0003711155688785,0.0100513628846195,-1.129079118917745,0.0438748416052029,0.0340260145740344,3.6508219740480192,0.0380189439807782,0.011875120562916
2023-10-26,-0.0005628345100579,-0.0003952659404287,-0.0009314179800496,-0.0021042672301622,-0.0003926835405458,0.0083151307767387,-0.6885226054475699,0.0496229873436627,0.0406470503075063,2.4308536373998684,0.0333545661228171,-0.0102394619209079
2023-10-27,0.000834070539492,-9.040924572816965e-05,0.0008362439807107,-0.0023606532032839,0.0004223642033165,0.0055751968664658,-0.976560735736506,0.03453544277127,0.0447990742588609,1.7287640503767068,0.0170900582148362,-0.0258650440958108
2023-10-30,7.230449350588212e-05,0.0005184441050673,-7.402564368163807e-05,-0.0003287051095958,0.0002368156261732,0.0031139263905919,-0.7032062204457885,0.0369750795601922,0.0303933362610742,2.069522668027978,0.0416571314281677,-0.0381500526511828
2023-10-31,0.0003043256258519,0.005159485427786,-0.00029750598173,-0.0009246479453843,-6.375561401305903e-05,0.0073912651522676,-0.839765555380595,0.0446022490465333,0.0389942443669389,1.9043651154452927,0.0051715951039904,-0.0168616470464846
2023-11-01,0.0018405841216293,0.0042037063287905,-0.0008272440167208,-0.0018440620332164,-4.352063321113288e-05,0.0055214572417486,0.1514479187025242,0.0543963735967494,0.0434700607347586,2.4024169056628573,0.0281587613702686,-0.0331340610583368
2023-11-02,0.0013973218050873,0.0053926379905066,0.0004856123094909,-0.0011160219070136,0.0008918787752389,0.0035980766921473,0.1880217273738945,0.0725183499801495,0.0445741047691748,1.9383584870532704,0.0214850378920243,-0.0080120882724912
2023-11-03,0.0012286788770129,0.0071704488414077,0.0010525762091931,0.0002952829039608,3.779592532907267e-05,0.0078338505374946,0.2738736421314348,0.0886040252761733,0.0412502926939669,1.030036116690111,0.0331306014218629,-0.015396641643036
2023-11-06,-7.606232734369737e-05,0.0080628433801387,0.0003550992022837,0.0001982075620445,-0.0002281348465553,0.0109397040336617,-0.3873391462043169,0.0801719561796361,0.0344551210569981,0.6149829600304481,0.0086025295242281,0.0045771595317653
2023-11-07,0.0010307161569176,0.003595347199932,-0.0003873005271419,-0.0021593128205166,0.0003273898355337,0.0112602358849942,-0.4234359046348238,0.0711786403279122,0.0456187390499115,0.4980964802900013,0.0200714113543455,0.021207540719019
2023-11-08,0.0026570477139255,0.003022480978699,0.0014468231490899,-0.0027518026580257,0.0011336043860024,0.0077201643749402,-0.5416806793668609,0.0681832013685449,0.0373549774101497,0.3891222101837861,0.0063887351423231,0.0746875973512653
2023-11-09,0.0020056153834118,0.0022016848675707,0.0028893459249356,-0.0002499855116265,0.0007464449079776,0.0068333132543054,-0.2199443198859683,0.0621864584725218,0.0341702016818816,0.8804317875691519,0.0101313599837536,0.0572223392705224
2023-11-14,-0.0008475582461827,0.0009352724120323,0.0005085905914963,-0.0018694395867176,-0.0002311051436599,0.0099697156713836,-1.150152863129864,0.0443224083666014,0.0444184417884159,0.9592640074772094,0.0249368658412161,0.0194660865914149
2023-11-15,0.0019555206843594,0.0056775206659251,0.0006774996453214,0.0018479499577472,-0.0002824077467186,0.011416297893604,-1.0686205055456737,0.039981959680938,0.0430886451313147,1.6639777687164408,0.0284118794480302,-0.0353335418128785
2023-11-16,0.0012255911882487,0.0023938395354302,-0.0002155829307253,-0.0022195980099077,0.0008047087194321,0.0050588090438848,-1.0684519775132575,0.0727151265485004,0.0385152895964883,1.2824232595290883,0.0112749586971845,-0.0594235292881486
2023-11-17,0.000754007783524,0.0050506131208337,0.0005599421485089,-0.0026093448705584,-0.0002970311468683,0.0069876050349159,-0.698465536123078,0.0604353991025702,0.0424937929627937,1.390817427129159,0.0087748175540495,-0.0336109943978676
2023-11-20,0.0029939428436644,0.001420642478278,0.0016487808793399,-0.0002464288612639,4.495446468047852e-05,0.0052816548691752,-0.0888661904963002,0.0447677509872867,0.0507387020432417,1.7552149343669885,0.0427588068777339,-0.0138690225491106
2023-11-21,0.001554141093076,0.0033043316292487,0.0018348179594547,-0.0009657566995261,0.0008362554237353,0.0057409797977634,-0.4566927366594444,0.0328718940502802,0.0325982212366017,0.4392873894721649,0.0301319715022104,0.0187065537442569
2023-11-22,0.0014468590712342,0.0010231101045526,0.0010695778146813,-0.0022314361528148,-0.0005103412050717,0.007663099648841,-0.2178766706314113,0.0413744870675839,0.0434117633584933,0.8867085226234288,0.0264582920137702,0.0278381731931749
2023-11-27,0.0009141563656851,0.0009517330826205,0.0003941704742165,-0.0026034151981028,0.0005552920790735,0.0078489397005379,-0.8091452769715277,0.0682295935546809,0.0599503278008545,0.8169656093607416,0.0137947685103414,0.0099890032853566
2023-11-28,0.0006680064305961,0.0021108814323125,0.0007730479181224,-0.0018673310541558,-0.0001487008831018,0.0069495425097794,-0.7350810112538009,0.0557617803129184,0.063737625304721,1.4759016935757456,0.024944394312891,-0.0133531530767569
2023-11-29,-3.906919349655729e-05,0.0036763076403181,0.0003287923920083,0.0003388648491174,0.000334936906189,0.0072593486131864,-0.6135099333642854,0.0477664593688459,0.0607746173775615,1.353074570237644,0.0286611991675848,-0.0228548927933462
2023-11-30,-0.0001508805988639,0.0038588782604641,4.474348734687061e-06,-0.001865170824732,0.0001712317373971,0.0100137237365332,-1.11814692256155,0.0511258261850995,0.04570351706015,1.4589505774541394,0.0328560714433431,-0.0091845847073943
2023-12-01,0.0018146646181184,0.0030008845461464,-0.0001081833028078,-0.0026146701405968,0.0006549577138702,0.0081938685772814,-0.8067696070407684,0.0519656703974089,0.02113214365373,1.1156755240902942,0.0133931269797373,-0.002447065990719
2023-12-04,0.0021175050465453,0.0054379740695797,0.0020638891730905,0.0005214243356535,0.0013910050017693,0.0082505916696992,-0.6262565877625381,0.0532163892388238,0.0372453265564655,1.7752676159163512,0.0177371983345505,0.0057771389289306
2023-12-05,0.0013296874163472,0.0013961409192566,5.614708141857141e-05,-0.002343782126956,0.0010793721962724,0.0061125238011356,-0.7624554485182211,0.0601850937998103,0.0514938944743405,1.37365448291629,0.0137833313860897,0.0062455434948569
2023-12-06,-0.0009364289743443,0.0045141934842391,-0.0004594261000774,-0.0011198767081799,0.0003541211109422,0.0098083509701685,-1.5503253264967976,0.0433224789577065,0.0492315735064593,1.355091745996256,0.0235638987339144,-0.0021943145320178
2023-12-07,-0.0006329335493094,0.0029567714417611,-0.0007022516516796,0.0004757075045965,0.0002710991018233,0.0091845155439681,-1.3244148930284143,0.0501496692614088,0.041460720424183,1.349933300596549,0.0078554146863903,-0.0118709169085316
2023-12-08,-0.0008549358608207,0.0051271989836165,-0.0009107221790153,-0.0005885142483895,0.0010826618289987,0.0095979748502314,-1.3299177258122654,0.046470695431177,0.0381213178987868,1.5399531230743282,0.0223826504909195,-0.000910948503578
2023-12-11,0.0010422181851019,0.0032536758705528,-0.0009021947089426,-0.0018140104275136,0.0004336285881885,0.0057081575268835,-0.7204853401052566,0.057692326227484,0.0358547941868286,1.3798169019833784,0.0340576387813754,-0.000819961738399
2023-12-12,-0.0011910996713182,0.0030519368134348,-0.0008165504244963,-0.0012200889849552,0.0011371095988243,0.0029005439917752,-0.3678432691744508,0.056547014334522,0.0372631598314373,0.6437658122278793,0.0235525483789472,0.0198952503156155
2023-12-13,0.0006178866350426,0.00348824774763,0.0003021688773956,0.0007240616265814,0.0004547011345359,0.00463761651907,-0.1726763938718271,0.0564148819356391,0.0315273054732586,0.5787696119457402,0.0050736860918345,0.0085960026160894
2023-12-14,0.0003135840991487,0.0069206244418407,0.0004806055883523,0.0002548145266988,-0.000206903092634,0.0081186186787313,-0.5909700907114108,0.0653229874525606,0.0288851462047939,1.2582934266842067,0.0288557331405265,0.0130844405645953
2023-12-15,-0.0006216884913684,0.0055069936128908,0.0013993396339495,0.0038749606261239,-0.000634218161786,0.0133541434615173,-1.2077594282379291,0.0484388835991721,0.0108760114689152,1.3194029719245606,0.0287234633304399,0.0029797354027429
2023-12-18,-1.2118916591616609e-05,0.0034204535305778,0.0001417370131314,-0.0027060376620753,0.0004588414147466,0.0141375740264558,-1.4106517688321418,0.0709315728643939,0.0385742400082291,0.7114980341275033,0.0203594137154474,0.0030503911155064
2023-12-19,0.0034505998702442,0.0029616239460687,0.0016527933290042,-0.0010241514625237,0.0013110069758456,0.0106992108375872,-0.8735513741141038,0.0555941300922553,0.0302083161173538,0.9427573420054944,0.0285738117986084,-0.0114794582939679
2023-12-20,0.0035345323777418,0.0039321513371954,0.0027195864872996,0.0004379134855114,0.0024873374273327,0.0056553467872565,-0.4823790586922951,0.0574322050601088,0.0446541322594724,0.664483119967569,0.0246664251099119,-0.0128949195944039
2023-12-21,0.0005817700197951,0.0008751466712575,0.0009668767846323,-0.0022766452685709,0.0007924686666246,0.0054558276153723,-0.3452202203728446,0.0540430193704073,0.0615608635106861,0.8433793988995238,0.0214113039455821,-0.0158293744861495
2023-12-22,-0.0006986027520971,0.0045238427269715,-0.0002397792801162,-0.0008568833270475,-3.8798333102278254e-05,0.006430029914559,-1.135823418690196,0.0509139851772086,0.0330482909292907,1.0455201638157725,0.0233556831994962,0.0005968779709093
2023-12-28,0.0003909449315278,0.0038056532067647,0.0001364434343718,0.0001742542490609,0.0002617614121434,0.0078705422835074,-0.3830386153207853,0.0457836961252234,0.0255397607113416,1.4500985153665915,0.0229109782044178,-0.0117421364175385
2023-12-29,0.0008107342510715,0.002172542964499,-0.000638334483814,-0.0020278432118261,0.0009136713780465,0.0038379461062334,-0.306677978205101,0.0372261542939425,0.0317290966366969,1.1485285755215793,0.0067552144237757,0.0030290525931035
2024-01-03,0.0007981723227209,0.0006277483764505,0.0006219995038098,-0.0010792582369794,0.0008705486846672,0.0038711190645659,-0.6186428031711119,0.0359052682354688,0.024022893486876,1.4510307808730163,0.0276622077278419,-0.0018378342779754
2024-01-04,0.000213317368939,-0.0003521329018191,-0.0003516459610385,-0.0015717453785592,-9.316682140924932e-05,0.0036094322056664,-0.5873010510588011,0.0359575911506814,0.0306897720207,0.87722693219573,0.0364833440138573,2.4547444738141043e-05
2024-01-05,0.0003226344535749,0.000632638799523,-0.0002424868909858,-0.0005932897381105,-0.0003836626994242,0.0044345403531878,-0.9655446716652714,0.0329551717693842,0.0396357559081292,0.902147949012684,0.0236576610805008,-0.0244724688184555
2024-01-08,0.0007495507324634,0.0019802773114345,-0.000530417729136,-0.0009982954120411,-0.0004996363239046,0.0035275020255875,-0.5435181789654572,0.0286127158330376,0.04653969545547,1.329093507973664,0.0290261804841992,-0.0205542951344078
2024-01-09,0.0010123082043381,0.0042521873185538,-0.0002944724211909,-0.000215947079128,0.0004291868318906,0.0028719484527475,-0.3608937453560232,0.0557693682054853,0.0339817105711128,1.309877959932643,0.0069683172147389,-0.0165400880718482
2024-01-10,-0.0005084492133975,0.0029400141354245,-0.000833570531369,-0.00135297301061,0.0002366278846582,0.0037047249726889,0.0360978728169778,0.0568845134476085,0.0309070204596362,1.4136344009752222,0.0257445280715075,-0.0380459831417287
2024-01-11,0.000183805365867,0.0039484385157667,-0.0006355248773065,-0.0006385673582146,-0.0006455916212602,0.006067770773719,-0.2158583490729841,0.0533500754477372,0.0440543038721873,0.7829285195096319,0.0139980111192193,-0.0451429097981243
2024-01-12,0.0016414701171873,0.0030769757095596,-8.761925254388303e-05,-0.0006413856998151,0.0001463608354632,0.0065862096795917,-0.0589482814436295,0.0452043890784705,0.0288989054713925,0.8010149197873345,0.0211996771263031,-0.0404133520798252
2024-01-17,0.0003531755655164,0.0036549778148574,0.0002718264815554,-0.0004992804926266,0.0007005891728105,0.0058938678155283,-0.4893311645850534,0.0501215855909948,0.020376081778951,0.726538917434365,0.0249050466298747,-0.2830455641852319
2024-01-18,0.0044981873511146,0.0021679540794948,8.852204115710262e-05,-0.0016129631118402,1.2512791399538626e-05,0.0078638747920359,-0.8326463003929472,0.0406604244436693,0.0308136588624078,0.9841936252486728,0.0267720614601159,-0.2466801812480821
2024-01-19,0.0074687944343538,0.0033365029049351,0.0016290023987167,-0.0004205132679788,0.0007573942691952,0.005818457314755,-0.4617734698779493,0.0387061467340632,0.0215570875587105,1.0609605513844924,0.0295303975801285,-0.2970670983083867
2024-01-22,0.0044844424525295,0.0097630229367008,0.0014973139402861,0.0001010985406872,0.001495539288175,-0.0092451891423214,1.901349537709572,0.0453191327324343,0.0250352740239467,0.9462336276353516,0.0179984186993262,-0.0910686881756019
2024-01-23,-0.0005487533732387,0.0026809501166843,-0.0003966384338306,-0.0005816042801691,0.0005911867137253,0.0017867283880276,1.4363544537912227,0.0529772725637057,0.0329140039441303,0.7287920459378034,0.0284548099265973,-0.0163461449367977
2024-01-24,0.0001373788137996,0.0031149012943169,-0.0006279259518547,-0.0022452849851724,-0.0003125268160792,0.0065224258229117,-0.4702769176462208,0.0404393317233523,0.0242468871237981,0.5248892465434489,0.0172727042452547,0.0534549779528742
2024-01-25,-0.0006166141659501,0.0018351806714132,0.0004399923555856,-3.132387996410298e-05,-0.0002446411405929,0.0063272158549988,-0.3852472656742338,0.040332786946363,0.0290611308851934,0.3974205562880267,0.0243624863152368,0.0218519195256072
2024-01-26,0.0011601017929122,0.0015779057036189,0.0002315954899619,-0.0018430392586553,0.0001049061984728,0.0064004696536188,-0.6505600901391985,0.0565778851093761,0.0301589419295994,0.6661625442054908,0.0360619889740859,0.0015255335072864
2024-01-29,0.0010022002887392,0.0018948429551102,8.512151619416441e-05,-0.0004715032442299,0.0004071019286949,0.0066257227427751,-0.9610136098211524,0.0467177264765078,0.0296465053884491,0.606967195346855,0.0228749546098062,-0.0154857287398238
2024-01-30,0.0009146116655298,0.0050065946689368,0.0008211165835715,-0.0020645209038617,-0.0002392199782416,0.0069472313370262,-0.5820097916873004,0.0509779103545213,0.0450615734350352,0.6988824862164408,0.0107498991499708,-0.0123228238623709
2024-01-31,0.0007359623586106,0.0033800860781102,-0.0002051525454302,-4.5332383146585455e-05,0.0002665991509646,0.0075750878096871,-0.1012729217590183,0.0367929388890347,0.0228274899860785,0.933866210747022,0.0294596760402164,0.0108545851585747
2024-02-01,-0.0005634238546549,0.0011092546201653,0.000538000758196,-0.0004815467760381,0.0004393808805584,0.0112618778137405,-1.4911214162556925,0.0316214509210763,0.0214858688151219,0.7441341618286285,0.0084424570444379,0.0117832827810174
2024-02-02,0.0026803245411169,0.005102242816868,0.0013201884682403,0.0007209415814688,0.0005360413736367,0.0109811499188475,-1.1424410719367677,0.0444681029782548,0.0211473838193141,1.3249557080425085,0.0111966511474545,0.0284239029498768
2024-02-05,0.0021097870497565,0.005005072397792,0.0005451832491028,-0.0032896604823639,0.0007774213074625,0.0099703640058303,-1.1011686844585231,0.0422273187628824,0.0144546677479325,1.5830778323577197,0.0180055273295877,0.0289435056052681
2024-02-06,0.0013561830789144,0.0020662110326596,-8.325869888447344e-05,-0.0021149201328629,0.0004287591037561,0.0048748290886622,-0.347489674012637,0.0429845500997467,0.0379466278177882,1.292666846512498,0.025779651564455,0.0154933616053376
2024-02-07,0.001681677108829,0.0015024653548134,0.000482530146688,0.0007153786108734,0.0017134367715523,8.149297276728584e-05,-0.1750301957370943,0.0393991824604,0.0184715119144652,0.8451036223382553,0.0251659975034431,0.0130593956059176
2024-02-08,5.84965778019416e-05,0.003135777350646,0.0002588393479351,-0.0002318148802495,0.0004437816624701,0.0036068922483079,-0.5187540395225446,0.0487026170719372,0.0154547549896012,0.3217047842869156,0.0202570202388904,0.0192195440352778
2024-02-09,-0.0001371827424647,0.0033523314213186,-0.0004529608432131,-0.0014987931982954,-0.0017185601464239,0.0066823187409927,-0.4204533915332824,0.0441420517788109,0.0348374969536719,0.6789267339384011,0.0337144469930796,0.0326427201992565
2024-02-12,0.0004651692188099,0.0030970228773987,-0.0003559666691261,-0.0009370522942863,-0.0004188654338917,0.0050029057780948,-0.1109344158724104,0.0413630651708486,0.0316932470188339,0.5897267881935622,0.0249506425118548,0.0337809847389012
2024-02-13,-0.0004308350642096,0.0017271521273915,0.000121808820794,-0.0016125245325384,0.0005808532945513,0.0045187103357997,-0.3916757498203787,0.0442889832508536,0.0279312158250702,0.5233061409607264,0.0194273831314701,0.0301860174600317
2024-02-14,-0.0014082441601498,-0.0010727148254398,-0.0014085644343876,-0.0043158078113372,-0.0005978712647128,0.0044386852293899,-1.2875806405979209,0.0313556420260245,0.0306445504186771,0.4577277594048115,0.0245822298822323,0.0289310994221385
2024-02-15,0.0008003683589663,0.0031248137487686,0.0001137552290458,0.0005308057498593,6.749787394703081e-06,0.0034517246042001,-0.6692815720199562,0.0338888577494785,0.0348519208522703,0.92483637901906,0.0168833081915012,0.029472388324237
2024-02-16,0.0003692389396932,0.0029826430631679,6.870540557011703e-06,0.0005246175608412,0.0001532497593981,0.0034483137267188,-0.2593620395791051,0.0368404445091859,0.020530958518282,1.229893694239934,0.0326654630092317,0.034672560285876
2024-02-21,-0.0011638410650599,0.0017237267234953,-0.0006645339459313,-0.0016785470927394,-0.0005705630332247,0.007036295962673,-0.6964192224478676,0.0433576555205093,0.0319507697193495,1.0519925766287324,0.0281962170805676,0.0303044713524225
2024-02-22,0.0004528265560369,0.001955276095012,-0.000484997305332,-0.001468027646617,-0.0008280921859203,0.0062327909771475,-0.5884987727044051,0.037351444457548,0.0376572172692233,0.8498046425309312,0.025473149785017,-0.0021522414381392
2024-02-23,0.0021826922106271,0.0050197327042606,0.0004813313324765,-0.0006850314295641,0.0010673648086964,0.0028640834546906,0.0640947534085911,0.0474868595920378,0.021163926041264,0.5451428918405908,0.0243125530903884,-0.0026405127869041
2024-02-26,0.0005841450789,0.0038353612584079,0.0007010584371595,0.0001895213317202,0.0002231443270572,0.0051116272219371,0.0599203271678241,0.0505591071592309,0.0257774067533895,0.6948805649235569,0.0080851242445107,0.0079334112697163
2024-02-27,0.0007295625392033,0.002327187714688,0.0003534549640225,-0.0005453784471928,-0.0006389140087193,0.0069149629460762,-0.2302975691659436,0.0458707040309708,0.0334335539112983,0.7117308399002815,0.0276345789627475,-0.002268713980279
2024-02-28,0.0015660998418158,0.0029218588199552,0.0005437033384773,-0.000974591093109,-0.0001826953672367,0.0072114920221861,-0.4646137087422063,0.0387042050809768,0.0254335534252247,0.5617766775906051,0.0324955848598237,0.0169241396186085
2024-02-29,0.0009977276464809,0.0022256448352641,0.0004542052836245,-0.0006886686651543,0.000294962204543,0.0065017299580392,-0.6470787672828399,0.0381995325654696,0.0266774781682441,0.4920659091222435,0.0146713463918916,0.000705508374692
2024-03-01,0.0009719669416617,0.0036868331413572,0.000413073333293,-0.001082822260942,0.0006714165021992,0.0059668440610886,-0.6918623161666985,0.0391049242305047,0.0270165080555288,1.173381812982081,0.0202092212841638,0.0062348085758903
2024-03-04,0.0004260195480049,0.0043292526215996,0.0003124516042182,0.0004944752170575,3.924472817024179e-07,0.0092679280430222,-0.4633536477111852,0.0454301803044342,0.0278786414817196,1.4259294112605936,0.0351119003632641,0.0196593004732023
2024-03-05,-0.0001452423791419,0.0029165888641298,-0.0002208119332624,-0.0008996414727119,0.000102955299823,0.0080810636418003,-0.3505659986243067,0.0508357857720555,0.0330459085054894,0.7972018837734263,0.0060420815007562,0.0110125753530094
2024-03-06,-0.0004285230990171,0.0017195492139842,2.4594161461236568e-05,-0.0010519983317004,0.000330445944047,0.0094968408755308,-1.0902188054663982,0.0398000581029888,0.0319612262300392,1.0058902075071734,0.0191956431179804,0.0154047565684601
2024-03-07,0.0007105478833641,0.0028231706040712,0.0008484658088843,0.0004571118770002,0.0005909847199652,0.0087935171185168,-1.0476852829968826,0.0376761407376706,0.0261292106561493,1.015042550046516,0.0284764572772982,-0.0016256271421493
2024-03-08,0.001166990904279,0.0051053464440017,0.0011987718813357,-0.0003429465544153,0.0005183758528103,0.009576554005184,-0.8359052850699606,0.042773151887154,0.0195283891497014,1.2206969615579706,0.0237783667272887,0.0036939737549986
2024-03-11,0.0003020864592588,0.0021062274671234,0.0003554959886325,-0.0015887090200696,0.0001860640726116,0.0083967313740877,-0.7126662720113255,0.0401122214824458,0.0289865389016924,1.2570748715285482,0.0157639851373113,0.0043231534641978
2024-03-12,0.0010614131718734,0.001742887206669,0.0010127160238747,-0.0018063327455228,0.0007166843351366,0.0072699537652874,-1.0080403307364811,0.0381699991108543,0.0243429912714774,1.2082951163107043,0.0260332876287413,0.0113500425429136
2024-03-13,0.0030339976728599,0.0034375809751351,0.0013481430867214,-0.0006512825576853,0.0007063538700443,0.0054454365475083,-0.1706042644445786,0.0406953938073687,0.019724792394514,0.9629662931249128,0.0198760477203039,0.0121378513184884
2024-03-14,0.0013804940267326,0.0015947766306771,0.0010979103614417,-0.000444161440553,0.0003420143016664,0.0045530889886959,-0.379240263607285,0.0475947857074827,0.0267529457109737,0.9368532350536812,0.0344023472900058,0.034595834797071
2024-03-15,0.0003139437056487,0.0005510451400376,-8.311409309960771e-06,-0.0031113743156476,-0.0001056382535553,0.0026940698768238,-0.4922236913033233,0.046241169868742,0.0346229500706193,0.7080629611863428,0.0273245821299973,0.0257344426785029
2024-03-18,-0.0005854588573579,0.0007186090218239,-0.0005256953192098,-0.0012929000734425,-0.0003206121122806,0.0031824157300288,-0.424894475424278,0.0343888060944941,0.0343413876789902,0.5583455264155416,0.023346587669599,0.0144969914040979
2024-03-19,0.0001020942917073,0.0019558533535157,-0.0006902987167432,-0.0005813215274224,-0.000419792931845,0.003399229282045,-0.5422846463016165,0.0367549634434361,0.0337553470589054,0.8255116977230639,0.0323058794842772,-0.0037713092760294
2024-03-20,-6.844013924708599e-06,0.003532102275575,-0.0011126237615453,-0.0005398322393061,-0.0003220796179244,0.0051898716333745,-0.4479243560735667,0.0435957196576686,0.0307198956346566,1.2261049246930693,0.0268601248172948,-0.0164905611595702
2024-03-21,-0.0001284131114326,0.0043573713142274,-0.0007670213637425,-7.815203815156465e-05,-0.0004146265306196,0.0072016901050329,-0.1419248908151263,0.0553357907629982,0.0386768731011201,1.0779159978114576,0.012289782782625,-0.0191238877374579
2024-03-22,-0.0006820288934855,0.0038794043178311,-0.0006481139521888,-0.0004435445282506,-0.0001100629191067,0.0082709176037,-0.2451901469852574,0.055536950315763,0.0300859247565961,1.141620745506586,0.0165870702134601,-0.0019475551741634
2024-03-25,0.0004900395846687,0.0029306441636973,-0.000126376454561,-0.0011690759415584,0.0001757669757465,0.0085744261441315,-0.4918637734437976,0.0659987504273471,0.0425250340983131,0.8725037923453439,0.0128802214841054,0.004591325137284
2024-03-26,0.0009975033144629,0.0024364542999866,0.0003676861122821,-0.0008613760560952,0.0006781959392072,0.0077657195259173,-0.703121448519462,0.0307719104221752,0.0254599963391921,0.8827394953877021,0.0277235003590565,0.0079753443052196
2024-03-27,0.0006555003589558,0.0023144671929631,0.0001548197847291,-0.0007397746207786,0.0004926894848776,0.007529624216955,-0.7255384903150375,0.0400790729681797,0.0250325532276315,0.824074879801765,0.0223616523147919,0.0114839590307179
2024-03-28,0.0004016609809989,0.0036006596804031,8.177918975120842e-05,-0.000464255310965,0.0006013444323189,0.0069541547184692,-0.4270387378344741,0.0472988537329487,0.0349345297772164,1.1918201781797768,0.0228841960019095,0.0142514390165824
2024-04-03,-0.0007271570631926,0.0035298305939647,-0.0009073503949788,-0.0007114647627025,0.0004638011104877,0.007953661828272,-0.7797201237597582,0.0437395734671038,0.0243324876592685,1.280720529969114,0.0323160979987222,0.0007415720629535
2024-04-04,-5.273616110857261e-05,0.002876815777274,-0.0003359478789174,2.4949137437034648e-05,0.0001054226928849,0.0074033383749336,-0.4669240482471489,0.0456442785252938,0.0361111493530046,0.8862195964018938,0.0176426688702278,-0.014915103873095
2024-04-05,-0.0013107988381161,0.0006724796663463,6.432725480665159e-05,-0.0011101178250833,-8.151135169100673e-05,0.0080524692887092,-1.115686126193159,0.0392275112118548,0.0260577041833602,0.8387719203221016,0.0300218879171693,-0.0112932178608495
2024-04-08,0.0019408069554198,0.0033154465044335,0.0002267676717023,-0.0021347407161377,0.0004977435098944,0.0064747233335737,-0.6058995862224449,0.0364671602639214,0.0259471716246822,0.7734158758174032,0.0184642200038144,0.0047396476820604
2024-04-09,0.0006384433911609,0.0026277189712893,0.0005507914181671,-0.0012274563332636,0.00030497703718,0.0059796083163654,-0.4798917954117259,0.0311814382457608,0.021467160180543,1.239283354301951,0.0227444632943425,0.0040924000682973
2024-04-10,0.0003705418724395,0.0020999413652691,0.0002233425489584,0.0001047517969115,0.0004505225449974,0.0050900781382438,-0.1755275542959635,0.0513110412569827,0.0310850462518413,1.107041723294359,0.0084369302157224,0.0158055842489895
2024-04-11,8.525502741417836e-05,-0.0001367486588259,-0.0014803619060907,-0.0055701675810697,-0.0001017205152619,0.0045878682783382,-0.7755159775611569,0.0275354348014101,0.0329064118438255,1.1527506967638157,0.032515121883553,-0.0102016764664163
2024-04-12,0.0010282856823719,0.0028536551208039,-0.000388091050449,-0.0003555372903637,-0.0002911316800879,0.003949249886135,-0.2203613418232258,0.0307961073488972,0.0314140747470157,0.8025738444637556,0.015091321274303,0.0040606543282602
2024-04-15,-0.0013457424976418,-0.0008089668205435,-0.0008928522961598,-0.0020180209452961,-0.0004638059057419,0.0027147670492799,-0.6087453893084256,0.0294280823381799,0.028772623819597,1.2610298689594743,0.0240240555726803,0.0357716541871526
2024-04-16,-0.0033909219081951,-0.0005249383152664,-0.0020255510318239,-0.0030368470674617,-0.000781441311916,0.0052048687142622,-1.6664961585790818,0.0189438551607259,0.0289196037762283,1.1857071943774524,0.0282174535593753,0.0421367207216178
2024-04-17,-0.0004364269421959,0.0013179090374218,-0.0020799760581586,-0.0004009535211906,-0.0008988415061881,0.0062209761235772,-1.5055480045447038,0.0115799450279677,0.0336810702464733,1.7550546213719274,0.0299808821038428,0.0381112626125857
2024-04-18,-0.001478557063958,0.0008305160093145,-0.0020729824666039,0.0004063909694919,0.0004872119305604,0.0043413555052046,-1.687719035954784,0.0231129220426721,0.0276819951424972,1.6842251003025388,0.0102442482032412,0.0162148299399687
2024-04-19,-0.001948647924193,0.0014397217654016,-0.0013139080898268,-0.0004395032833101,7.854496825655458e-05,0.0064561079318368,-1.5381705494097733,0.0320603832690651,0.031339320989968,2.16403305231807,0.0277128922473683,-0.00252131871046
2024-04-22,-0.0005680338453651,0.0012501136752453,-0.0006101151871143,-0.0011401339399185,-0.0009140023837467,0.0081553443627734,-1.2516726418139306,0.0314970240140382,0.0307653895211102,1.9152823888351909,0.0292528546632237,0.0007891911436674
2024-04-23,0.0026590117289561,0.0028699030692799,0.0009412219862064,-1.0060310236298884e-05,0.0006716830797362,0.0065755477984653,-0.6654033347937713,0.0401001543053618,0.022267282330549,1.4386512325455638,0.0246285176338241,-0.0149216034106596
2024-04-24,0.0021548953724098,0.0045346312898337,0.0014371765954744,0.0007590396216025,0.0007219101846371,0.0070208320961612,0.0031723679713973,0.0510947206878331,0.0188551786911491,1.6275113974366442,0.0236252163332853,0.0040063011255023
2024-04-25,0.0003890896318458,0.0026891491797848,0.0001742398180768,-0.002003272714431,-0.000154385254262,0.0069152091632701,-0.061888791170287,0.0565528888187165,0.031736522594806,1.131859633446178,0.0159123209459473,-0.0021025148411391
2024-04-26,-0.0001366081466231,0.0013131050883523,-0.0003135785708787,-0.000915182465336,0.0004347351937908,0.0055589719662931,0.141532410759383,0.0442734737813351,0.0331684214037669,0.9024288086016166,0.0290413151036632,0.0029238816216082
2024-04-29,0.0012810411524431,0.0032301520685851,0.000733941958541,-0.0010332501545534,0.0003735371687057,0.0049405392551894,0.0736473578715082,0.0441925521151657,0.0261540094798938,0.5521483642464146,0.0195404195981751,0.0180720253552995
2024-04-30,0.0005072658820807,0.0031935270048681,0.0007208588611728,-8.240501716145826e-05,0.0003458497340065,0.0064388594766442,-0.1057299256411296,0.040771947760565,0.018914303791481,0.6859547796661277,0.0126474442574454,0.0117605874723715
2024-05-01,-0.0001825234000147,-0.0001211779096297,-0.0005229162248979,-0.0028066849055851,-0.0005538494849828,0.0079878667627705,-0.6836700913411835,0.0369510992836393,0.0333030510893937,0.9830306854602344,0.015366586197005,-0.0050083583603249
2024-05-02,0.0005336350930516,0.0015705297128899,-0.0001943620939846,-0.0003575974079277,-1.988382841624993e-05,0.008147361798941,-1.0515466829570752,0.0263293811432004,0.0322350632550503,1.2302835829450718,0.0171810469610281,-0.0111882382551485
2024-05-03,0.0003196673242498,0.0032737459094415,9.15486103245799e-05,0.0010652326863545,0.0003636115558459,0.0064969059735831,-0.3902470842056899,0.0421403431006649,0.0255114903720085,1.5974449141830325,0.0180541234925535,-0.0141243235183317
2024-05-08,0.0001624309575766,0.0047635573052686,0.0006925142880482,0.0007694903639244,0.0002813351673836,0.0095325455554064,-0.5660872149457894,0.0624336906606006,0.0305779078351229,1.8261755200913128,0.0155622726325209,0.0045505751899238
2024-05-09,0.0010838322984236,0.0028258715945821,0.0004929090484069,-0.0017910705698668,-5.380578715742955e-05,0.010274355266205,-0.4902548572968452,0.0576797847822255,0.0330650838000711,1.6264254926760628,0.026289931209879,-0.0014620605983719
2024-05-10,0.001922186966676,0.0030548638055315,0.0016194094286236,-0.0007792505126347,0.0005618068407448,0.0086855068988566,-0.2139436927491221,0.0488097238815498,0.0294146644430575,0.8438088112793909,0.0219575383290701,-0.0054122041380644
2024-05-13,0.0017732067690096,0.0023705378040029,0.0013382799774026,-0.0015065061781346,0.0005213840586929,0.0064430639161752,0.1813578644673953,0.0404741491992463,0.022188570801828,0.4509495145224574,0.0131247015099849,-0.0133396761543107
2024-05-14,-0.0001828284767937,0.0019766918942395,0.0004637966281385,-0.0011909574405264,0.0001053197713473,0.0060752000667393,-0.3145964340828405,0.0483470675589517,0.0324553088608951,0.7673486838086938,0.0256188672595639,-0.0060765217344976
2024-05-15,0.0001917421655634,0.0028425314622529,9.775745770193993e-05,-0.0003561064032119,9.09805390515137e-05,0.0065631176536592,-0.7375557309024653,0.0490261498193098,0.0360049513790856,0.9293023236460964,0.0179779729192174,-0.0066990297936263
2024-05-16,0.0006518130601192,0.0043049585551041,0.0007253584336324,0.0009784102432954,0.0003156721886862,0.0083137087804719,-0.6778129928085173,0.0491946293427331,0.023165887470328,1.0858639017622191,0.0264393206897658,0.0025997814686108
2024-05-17,0.0002371337921079,0.0021602514251447,0.0002866310318973,-0.0013350648384693,-0.0001511414266412,0.008977290857062,-0.6255521313827606,0.0499116987509015,0.0240045619730094,0.965949352452895,0.0199184779197735,-0.0010711610014479
2024-05-20,0.0012213952651088,0.0019769912973056,0.0008434479733918,-0.0017561993747882,0.0003398539788934,0.0078454972966948,-0.3871342958527505,0.0489409821444618,0.0350696526984866,0.6668821005154801,0.0248008509425264,-0.0112607976281065
2024-05-21,0.0021092996830512,0.0018459283177079,0.0012132138092414,-0.0017081372036256,0.0003097795569156,0.005299458120151,-0.1233691538600698,0.0484685685140726,0.0279604551160559,0.6172314450177956,0.0186513687872086,-0.0219866017338818
2024-05-22,0.0014624352957064,0.0023623187018267,0.0010990422141442,-0.0008876122195595,0.0004089512116444,0.005020721231845,-0.146308552646007,0.045857087663354,0.0292819992414505,0.7224197327085549,0.014641297205305,-0.0157201702834497
2024-05-23,-2.5715838970539627e-05,0.0019475662552129,-9.111679511535442e-05,-0.0017020211775353,-0.0003003118765436,0.0066512643754417,-0.5020119092495416,0.0395470372587641,0.0352859019988156,1.1529716958363028,0.0146298755460329,-0.0073355643146463
2024-05-24,-0.0008105384943717,0.0010482097238119,-0.0012518484724486,-0.0014844725226426,-0.0002788496009247,0.0059928327331393,-0.7378079167271543,0.0329256309686095,0.0286137094136313,1.1495653720479213,0.0116053325214619,-0.003686405281746
2024-05-29,0.0009281202841824,0.0025022051553286,-0.0001612834502949,0.00053703322277,0.0002870893359975,0.0054492033046011,-0.5742702823678157,0.0379842382286085,0.0319049534815587,1.31222898567626,0.0308606643157684,0.0211632470437872
2024-05-30,-0.000626840488158,0.000836388556342,-0.0009733768574257,-0.0033478140712755,-0.0002344573065086,0.0046789783635558,-1.0526050049476487,0.0338732001635258,0.0298602563056367,1.1664646948117754,0.0167109057740278,0.025101291587281
2024-05-31,-0.0011321440291158,0.0009899718707119,-0.0005213779351288,-7.234420420458338e-05,-0.0002146045977219,0.0059430271988418,-1.0042222524384683,0.0358865555889524,0.0300519894323806,1.211763560995272,0.0133480532963443,0.0526343557634725
2024-06-03,0.0003704331875213,0.0030312200447045,-0.000219940198976,0.0008810439503806,0.0002280178135707,0.0072690430357231,-0.8203591493089141,0.0336782843609895,0.0370189844105127,1.5786844276321017,0.0229919270246536,0.0460595605832837
2024-06-04,-0.0012479039136267,0.003225821970104,-0.0004285534710193,0.0003819279206086,-0.0001453931180836,0.0103520884597489,-1.0223478297125324,0.0453906322672686,0.0278234272236753,1.5510843684800224,0.0095872921433523,-0.0032321928527393
2024-06-05,0.0008316601091465,0.0029688207063912,-0.0005411802903356,-0.0004491331745697,-0.0001614817563531,0.0114773456425756,-1.2217615789976275,0.0473556218501506,0.0320486462865353,1.7741519104039318,0.0180535868142143,-0.0167227356395824
2024-06-06,0.0017592908494195,0.0039364191629092,0.0006379775702673,-0.0009460037324452,0.0006183128688043,0.0118449813465405,-0.9405506989127131,0.0536976423088267,0.0393881349346677,1.345495286885852,0.0281080561105181,-0.0293085548835884
2024-06-07,0.0006248186687939,0.0023056146398283,0.0001201074945698,-0.000722094268373,0.0005629812695638,0.0086900014523341,-0.3963632388932375,0.048265137481009,0.0214430960468105,0.7099315499974093,0.0212079666684046,-0.0067278941009387
2024-06-10,0.0018252402026057,0.0015187813223107,0.0002449783752687,-0.0038523845528098,0.0008625283022748,0.006091831534509,-0.3399368073939899,0.0404674426136434,0.0316896399481617,0.3645960530124417,0.0160598140047295,0.0126575804620823
2024-06-11,0.0009527768761483,0.0014537731355592,0.0001610906214458,-0.0024430779727459,0.0004591932267268,0.0035309184669379,-0.4699571253060899,0.0320781805936525,0.0265650542170432,0.5311957309968902,0.0338454252693354,-0.002337189358531
2024-06-12,0.0013157828216152,0.0017973667470092,0.0004086976737202,-0.0003739895946715,0.0003710328327076,0.0030579037706499,-0.1692571613064805,0.0429062628811824,0.0213561454335182,0.4494746675526495,0.0184895874489864,-0.0152579947433028
2024-06-13,-0.0002775423404335,0.0032453111560658,0.0002467347312709,0.0018867846178247,5.238765379290321e-06,0.0077354043160598,-0.207876760192275,0.0502931780889815,0.0290531752916291,0.8553930401546639,0.0231241858275234,-0.0167230256156217
2024-06-14,0.0010411386423952,0.0030298409145419,-0.0006274011555142,-0.0024982913883475,-0.0005591719790805,0.0114203818260321,-0.7759043229062444,0.049873959451712,0.0338784970128099,0.9799534005512132,0.0175440427181827,-0.0042820654614542
2024-06-17,0.0005060244629029,0.0023176518770795,-0.0003467781186434,-0.0028988131849156,7.315807044883853e-05,0.0107727348640171,-0.925004220785405,0.0521226731817747,0.0307265817317106,0.715204554828422,0.0154912349343031,0.0033827905700036
2024-06-18,0.001266952617179,0.002823870345629,0.0006597464634148,-0.0007583160779685,0.0007032337449516,0.0084104259430642,-0.5040358873494636,0.0405464002901065,0.0271291594103573,0.6883784698116608,0.0313249464770417,0.0163019007402119
2024-06-21,0.0002892609796969,0.0023087403044342,9.082346808307612e-05,0.0001537667241866,0.0007842627125072,0.0060752269724354,-0.253711031898114,0.0424781525023226,0.0261091576103044,0.5308050762759495,0.0230010350790931,0.0231966079549869
2024-06-24,0.0002757211900829,0.0016020971984624,-0.000434170786527,-0.0015463510356011,0.0005895713822605,0.0064671455334218,-0.5943357181111577,0.0466329690211291,0.0324936985106164,0.4717871885027852,0.0039591552191651,0.0241419823050837
2024-06-25,-0.0001500438944653,0.0014306597894887,-8.042008552385263e-05,-0.0009354951799235,7.356721061981079e-05,0.0082521262526764,-0.800831755754434,0.0393101772427604,0.0271406446893596,0.8975294643029699,0.0252623497460612,0.0088174494773442
2024-06-26,0.0012792547533282,0.0023316017765157,-7.744433861884e-05,-0.0011618093001084,9.5626719986144e-05,0.0072300209455749,-0.6007756853736127,0.0439727122031716,0.0286763229224043,0.894773233640122,0.0137568091028302,-0.0025891930734573
2024-06-27,0.0006414716497942,0.0019146382083174,-0.0003633763323684,-0.002183480443312,0.0004928790817322,0.0057856389281992,-0.3697863398537109,0.0351397338739949,0.0302925854951655,1.0209590593389386,0.024962915969346,0.004444620932139
2024-06-28,0.0006277073857947,0.0018968774702699,4.8392532343649e-05,-0.000154522037056,0.0002359810581925,0.0053917182618844,-0.2044607805108767,0.0387770417289103,0.0270838337275476,1.0717167002898862,0.0248907034338401,0.0027358212880224
2024-07-01,-0.0001214214490226,0.000901420348759,-0.0005760544944926,-0.0021813368676401,0.0001577980535161,0.0041340203129123,-0.3927264465549605,0.0337975003410624,0.0239830118731682,0.7907194635102712,0.0185458735522625,0.0151829485670314
2024-07-02,0.0008698902874648,0.0015524614097129,-7.37930734489643e-05,-0.0015569041437572,0.0001479592073333,0.0043028285834632,-0.7112581600372213,0.0321389118192885,0.0272012852173913,0.7960224729269767,0.0356930081946258,0.0226376024497839
2024-07-03,0.0010700928436451,0.0023619235430949,0.0003295397841889,-0.0004006589232825,-4.911295938657764e-05,0.0027335418789967,-0.3334084633635115,0.0382566036496621,0.0220660552169667,0.8692948890734754,0.0135475219742643,0.0300231105753451
2024-07-08,-0.0003321347651144,0.0023788752343108,0.0006371302769764,0.0005135364023782,8.119360981375247e-05,0.0056469730646885,-0.5287191599962351,0.0481086945382323,0.0207803750547561,0.9068241818171312,0.0265719202051595,0.0339595100883346
2024-07-09,-9.421939504086948e-05,0.002476280513816,0.0001848707612474,-0.0011298839167442,-0.0003621445637487,0.0094676035584685,-0.8027199659716047,0.0543341440958471,0.0348455616373947,0.8046409680596346,0.0138693288257991,0.0191412066425439
2024-07-10,0.0006858622578722,0.0013099276571968,-0.0004560089500627,-0.0021727183401766,-0.0002825370937554,0.0091330131419613,-0.8846428633765346,0.0459697175454458,0.0285260180693307,0.744370970478854,0.0133252461506005,-0.0101452388803394
2024-07-11,0.0013587345217279,0.0025256186227254,0.0005832645504344,-0.0009915368051159,0.000387195269055,0.0071869892496531,-0.6769795704828747,0.0487287731192406,0.0243615586871655,0.8485406768271136,0.0222139849636317,-0.0137299031789671
2024-07-12,-0.000136850491652,0.0001584673236018,0.0001920755784136,-9.171399666925168e-05,0.0002941307545451,0.0078620944224207,-0.2394112223683952,0.0346865317966297,0.0242754561442131,0.9499465198651624,0.0215189739956484,-0.0048338681921973
2024-07-15,0.0006191487059466,0.0016018372159026,0.0002525380928878,-0.0002607053498935,0.000118659705782,0.0089784207471625,-0.5268766834924813,0.0368136764496262,0.0254191008557919,0.8643997549805403,0.0152734189501822,0.0138185078309347
2024-07-16,0.0009463501024592,0.0013993574773946,0.0005721019318486,-0.0017147284025988,-7.6856809624442e-05,0.0090233361108503,-0.5935780136124588,0.0415286809264833,0.0214378702980577,1.2133782223780625,0.0225560739175905,0.0303952337518527
2024-07-17,0.0021706045084843,0.0021630739207232,0.0007869060793058,-0.0012477262691559,0.0003510544906516,0.0077306734971794,-0.3217197208704242,0.0498805313898037,0.0230384953060934,1.078754145967569,0.0075594764526499,0.0199941329140901
2024-07-18,-0.0011804992720865,-0.0006469794151555,4.078605044203575e-05,-0.0011110635703318,0.0001169979634415,0.0076869364398272,-1.3432691568081383,0.0299626540074315,0.0322251513439913,1.2485966958956052,0.0398158331640888,0.017579683780489
2024-07-19,-0.0013604313622727,-0.0001618549994565,-0.000745432829,-0.0022317245029802,-0.0003090141859305,0.0078604716640035,-1.5806811348856555,0.0210876823819258,0.0317572205693904,0.5617529951248144,0.0205361849424857,0.0184441773064621
2024-07-22,0.0003739506760763,0.000163627529339,-0.0009137344285633,-0.0020464494490753,5.903852072814732e-06,0.0062146236021663,-1.4219778815084698,0.0173913180905151,0.019470632774689,1.0557193370120086,0.0070363943456655,0.026522065774727
2024-07-23,0.0024724351984506,0.0025737988623912,0.0003756945584372,-0.0003052262447172,0.0007315002791977,0.0053926371670494,-0.96169831884268,0.0320918265261518,0.0198593942721437,1.6959896003430912,0.0239296109476243,0.0001319462535162
2024-07-24,0.0004319065865346,0.0014159606079612,-0.0003707782706573,-0.0010221141986638,1.0829928256095269e-07,0.0056850717491834,-0.8597176819103538,0.0404199087679403,0.0279374593215715,2.016659716352448,0.0039882493555683,0.0036622568249682
2024-07-25,-0.0023513047284884,-0.0020272061172919,-0.0012351464327465,-0.0027872391303019,-0.0010675595116921,0.0067504854012941,-1.7783535769350298,0.0206744232715851,0.0276627817134352,1.5899945768051795,0.0236329196629068,0.0039313266351135
2024-07-26,0.0004962305414697,-9.41109662172205e-05,-0.0002455771431139,-0.0009311894516307,-0.0002056186119952,0.0065513458662638,-1.4660192692927787,-0.000754599071951,0.0162776643861458,1.3806182641660942,0.0333867428475855,0.0064945403937071
2024-07-29,0.0024601509489475,0.0021672228593557,0.0007406020241026,0.0009306609917646,0.0006331961767172,0.0079455038681267,-0.8662770037694485,0.0346123438694034,0.0185489863271593,1.4709427502872794,0.019985385558838,0.0265742181067737
2024-07-30,0.0009247987793439,0.001437363464392,0.0004458750100422,-0.0013731566582496,0.0001060346946351,0.0095376363462613,-1.3015522295139443,0.0435203405446734,0.0231697566479195,1.8190436459052488,0.011829895503314,0.0315669512720235
2024-07-31,-0.0003856761406774,0.0008051436058108,0.0002425889457024,-0.0018583050102229,-0.0004053415882787,0.0103229208445524,-1.2094130152452434,0.0373279280651369,0.0353145617820695,1.7413900141832308,0.0193506609627643,0.0175463232762596
2024-08-01,0.0020016316491428,0.0028906912869672,0.0004645399079046,-0.0003939106495074,0.000490579098665,0.0093170691177028,-0.2816861863057396,0.0284604446813592,0.0275044337854,1.2276758628312177,0.0402790637306372,0.0052444779461196
2024-08-02,-0.000869621088661,-0.0007015575685906,-8.668178118266423e-05,-0.0020652833166014,1.285147944711534e-07,0.0106835549165834,-1.4251450740672085,0.0530921153735082,0.0204388374295125,0.7981290195098654,0.0064712711387132,0.0139935331772938
2024-08-05,-0.0020224042753558,-0.0014229233501154,0.0012172735764597,0.0001759527590177,-0.0009760000150442,0.014590799695473,-2.447358723627532,-0.0063667812267577,0.0156516341786975,1.3740805736227333,0.0078036970526242,0.0127637527044285
2024-08-06,-0.0069483088345693,-0.0038703469129772,0.0006479787263486,-0.0073826767393652,-0.0035734261996567,0.0148418177518816,-5.101385369318997,-0.0115523360168638,0.0145139945516236,2.082980592993557,0.0267049832554431,0.0180843653847931
2024-08-07,0.0008929023573642,-0.0129302822467858,0.002192039423267,0.0043685672364985,0.004708639400329,0.0009688726242867,-0.4207460743751163,-0.0415177006880802,-0.0834200723506435,0.6641906483199655,0.0080330410368593,-0.0083375440139837
2024-08-08,-0.0063774943011073,-0.0139820577578565,0.0015643341664425,0.0006017124984833,0.0024629978057739,-0.0061119794427866,-1.5573773606045611,-0.0346539201586677,-0.0833996529945642,0.7046387740917182,0.0149576458012981,-0.0539718553915949
2024-08-09,-0.0044542450891732,-0.0086912663058838,0.0024098776019668,0.0003687200209864,0.0032798413197413,-0.009281657984181,0.9420019732632174,-0.0272125708629221,-0.0389724317806939,-1.091849063408295,-0.0056449034460836,0.0522388032371413
2024-08-12,-0.0061112812612607,-0.0109539899795737,0.0012540121980029,0.0012314852635926,0.0022606115682673,-0.0044039564156668,2.652130588929368,-0.0304406637060978,0.0108728159092351,-2.404428593487375,0.0023476425728058,-0.0389892302895592
2024-08-13,-0.0074786889604506,-0.010862531638596,0.0010920030027978,0.0006566823163439,0.0013179926113816,0.0053043528042156,0.8080398170055121,-0.0207651109158169,0.0462610073872161,-4.07415745418527,-0.0024678895187674,-0.0329197867969526
2024-08-14,-0.0026220198918842,-0.0057384781956362,0.0022897254036902,0.002679483311615,0.0027112167769913,0.0067022090702106,0.7201800871135071,-0.044724848406319,0.0230040626151474,-3.1563351580034302,-0.0234707512438414,-0.0533413812120421
2024-08-15,-0.00124593059967,-0.0061338758607288,0.0018821749065433,0.002419183110538,0.0024300631417076,0.0104415089394347,0.7879613480528249,-0.0485330431699856,0.0042000351022376,-2.408921245277018,-0.0245102776741984,-0.0810250260089796
2024-08-16,-0.0040891983585913,-0.0060965477189273,0.0018813635702509,-0.0002362239387067,0.0026931140881704,0.0097431936019211,1.1980331488248983,-0.0241403818632718,0.0027842337909754,-1.3853651102192492,-0.002954070612555,-0.0816515270317736
2024-08-19,-0.0026276853054877,-0.00657819451069,0.0022139381518886,0.0012383369969333,0.0032188388910243,0.0061391471732695,1.5186464961311024,-0.0514720693245351,-0.0384967736211424,-0.7731516153119097,-0.008324799737874,-0.035888392094246
2024-08-20,-0.0016743601569986,-0.0050807719615971,0.0029890995318765,0.0016265153683586,0.0030500515455398,0.0049249699791335,1.6649844265692295,-0.0473600139825568,-0.0297487139457139,-1.3283943038143085,-0.014947259326888,0.0034404621728551
2024-08-21,-0.0033784664749795,-0.0090033118436188,0.0031575851360761,0.000885325446246,0.0022643045487499,0.0056447452022774,1.0992393888270209,-0.0544210182912032,0.0133750117114627,-2.0580046115978936,0.0188850906795035,0.0072427610130152
2024-08-22,-0.0027902762488148,-0.009002982184781,0.0035163782415161,0.0018064642995864,0.0032673689688768,0.0083390170615392,0.8223201593063076,-0.0460473769942233,-0.0320221799700253,-2.465476149914216,-0.0061871051406827,0.0658074219447353
2024-08-23,-0.0003590641226861,-0.011287597041157,0.003350996810904,-0.0009339306947672,0.0028413266099296,0.008769348715873,-0.0101258212385819,-0.0565688250947288,-0.0062812036996568,-1.073387768647605,0.0281461158392384,0.0397877340513179
2024-08-28,-0.0009803910687855,-0.0094212584178939,0.0029758448886738,0.0021866697679972,0.0028244368588023,0.008696428961954,1.229701589065043,-0.0577061030135227,-0.0204557556177006,-0.2303139994502422,0.0303698621915168,0.0321538558460559
2024-08-29,-0.0044518624422183,-0.01224589701195,0.0008318439624427,-0.0007808001310728,0.0023544247873016,0.0248274467778696,-0.466298720380614,-0.0443750909038332,-0.0519411944237943,0.9246127284307012,0.0082733837824737,0.0648387502271865
2024-08-30,-0.0034245638486032,-0.0106567375409587,0.0003385419413062,-0.0003459799868572,0.0031364147206889,0.0247084454640423,0.2349026042786506,-0.0583398896789923,-0.0365393560179607,2.216785540781526,0.0261293561289972,0.0426037777384614
2024-09-04,0.0001223540616921,-0.0085802290032172,0.0012926422444382,-8.068118776054039e-05,0.0028203816917154,0.0289940093917276,0.0915610337245058,-0.0491121507437936,-0.0588827608788139,2.661021116140338,0.0109289481990302,0.0339785001912313
2024-09-05,-0.0043857894966667,-0.0095446410826316,0.0012352106859971,0.0011831277809505,0.0015528739913299,0.0138348470130496,1.1697353326648992,-0.0411575860819932,-0.0436696988004943,2.963607177785284,0.0079046560830954,-0.0320131464542685
2024-09-06,-0.0053758828459562,-0.010793895049968,0.0007661896265646,0.0020483208200247,0.0019571590420736,0.0089791474676539,1.0167147250758513,-0.0449594761493774,-0.0550154234186206,1.7638932094266186,0.011570999617886,-0.049449957349012
2024-09-09,-0.0095981831106672,-0.0152068809261925,0.0010236753184199,-0.0008015351534558,0.001439614417567,0.0016282474173511,0.1507099234176407,-0.0552825275448785,-0.0097222718474372,0.9496146592962442,0.011983262420822,-0.0904328460076572
2024-09-10,0.000208947751961,0.0002931274182457,0.0049821045086799,0.0031975835261406,0.0079428547371091,-0.0197891755119619,2.49938821145914,-0.0438124086443032,-0.0315077873347111,-0.2725697111908469,0.036225881725402,0.0076654640660008
2024-09-11,-0.0009659871318589,-0.0045188596275465,0.0057565730552565,0.0029346362203617,0.0079278680749058,-0.0095793723777922,0.2477604744943256,-0.0641970655615973,-0.0311905498924067,-1.7079150977866413,-0.0096206446514318,-0.008485783200391
2024-09-12,-0.0017164225074894,-0.0069935057764096,0.0045647716100534,0.0025605006183089,0.008246126594304,-0.0079932396560084,1.200633190733977,-0.0490770157183007,-0.0673153647684495,-2.5666417603851235,0.0087180221105665,0.0026741087455759
2024-09-13,-0.0021048999225001,-0.0052382123461625,0.0035909887412504,0.0028034644985437,0.0080256757948932,-0.0089091126707798,1.153323459128473,-0.0494806740816272,-0.0505109229865755,-2.508366910285128,0.0021721845369607,-0.0115811405655856
2024-09-16,0.000314658535393,-0.0061271365908936,0.0032628177144721,0.0023486577617406,0.0074020808457483,-0.0025291275836311,0.5849442475777391,-0.0419317717006981,-0.0388564908089255,-2.7446701377464717,-0.0151187594082704,-0.0072438370974168
2024-09-17,0.0021187266209556,-0.006248288100548,0.0026427133812001,0.0017480996212815,0.0069377650754128,0.0092405332580232,1.3591103818405643,-0.0236226289581819,0.0135645886952818,-1.8108135562169425,-0.0049352799533058,-0.0024366402393548
2024-09-18,0.0019792241723089,-0.0039198384313189,0.0025018620106395,0.0009220961204081,0.0062922629307132,0.0039998948914069,1.328501702739786,-0.0299338729031033,0.0168743181501153,-1.3028496709269763,0.001197909470517,-0.0073498647027255
2024-09-19,0.0026419807674793,-0.0023629436188061,0.002413296362702,0.0005027294216889,0.0052969041772309,0.0024039432131028,0.9774472989215256,-0.0406067344615697,0.0113687400018491,-0.8484163776508427,-0.0023689348453355,-0.0037955940583842
2024-09-20,0.002584947193761,-0.0013631024942339,0.0027157302750437,0.002600193454552,0.0052882265923665,0.0002257930815329,0.9469377369327848,-0.011079419794318,0.0409073046461294,-1.1595053130828692,0.0004217088066598,0.0103172070359766
2024-09-23,-0.000331889741219,-0.0022854640462844,0.0017151967013367,0.0013090979522684,0.0038347223921972,-0.0034051037885499,1.025623012862783,-0.0058300853728124,-0.0181843542554093,-1.1115269325512735,0.000162888505944,0.0172843281036529
2024-09-24,0.0015387348886997,-0.0002539177444782,0.0005706537335999,-1.906974407297991e-05,0.0019278446543597,0.0022184461851768,-0.3300913029352543,0.0073816558217907,-0.0278258043667047,-1.1993096153778886,-0.0062955793570599,0.0050646573706755
2024-09-25,0.0058478820165562,0.0028536390348489,-0.0002222010394086,0.001961435153651,0.0020979669514693,0.00767137907336,0.7471509326435731,0.0026923565299822,-0.0382315659198448,-0.07006174271272,0.0103917518889442,-0.0161384759259867
2024-09-26,0.0083290469302939,0.0030858421688604,-0.0011119443488496,0.0004175075848062,0.0035478323937308,0.0045229884615267,0.2169135303520997,0.0179459196790954,0.0036155723067072,-0.3729809278431418,-0.017664277536375,-0.0150468156201897
2024-09-27,0.0080257098846745,0.0059591462550088,-0.0001493294142456,0.0011438116460053,0.0037449989320136,0.0034565928308443,-0.2963678137603078,-0.0033858443321928,-0.0189739231804829,0.1279219187475703,-0.0109411320068995,-0.0118751608356774
2024-09-30,0.0067094618226798,0.0045233369098702,0.0007844681410015,0.0004549825580377,0.0038543968322479,0.0038673008142053,0.4022371763677981,0.0002301194202956,0.0334426325445139,-0.1356009228453918,0.0024717661708128,0.005520857755805
2024-10-01,0.0062020665103955,0.0035190174685399,0.0017592527576752,0.0004678228187422,0.0027800389044298,-0.0022657772287847,-0.6070711006905033,-0.023301957717579,0.005536102320252,-1.918033142769079,-0.0044794197565595,0.0050935953877298
2024-10-02,0.0012712270478752,-0.0020658188918869,0.0035827655209787,-0.0007723862637509,0.0021948395271368,-0.0083596586209726,-1.5479108432855269,-0.037014089572593,0.0058625949576626,-3.2996538099027832,0.0020346480360425,0.0023820589425013
2024-10-03,0.0015440152987081,-0.0042161820191666,0.0047881822027794,0.0001590481731949,0.0030448814501867,-0.0007263793021055,-0.7267381986192911,-0.0521144132243041,0.0088348919971932,-3.8411362723452047,-0.0052492728892422,-0.0003684744134896
2024-10-04,0.000918696221792,-0.006568029155648,0.0033496588390314,0.0006510310984539,0.002711423397441,0.0010517084382787,-0.3407847136550861,-0.073187260453812,-0.0467294892220111,-3.0589311310996035,0.0212144685263786,-0.0026064866330082
2024-10-07,0.0060102230611754,-0.00548349105385,0.0020348253599731,0.0008650682209244,0.0060800260988337,-0.000303574514663,0.2491626163193495,-0.0786845146308934,-0.0450469253308257,-3.276464794216289,-0.0021744295941722,0.0235465182947156
2024-10-08,0.0019478428161496,-0.0033021001707218,0.002083485443486,0.0005660414198178,0.0045669909884942,-0.0022965739770548,-0.4987631702303983,-0.0598383072657754,-0.0289529667363701,-1.3251210487422114,0.007726412885393,-0.0186623921737379
2024-10-09,0.0028277860670078,-0.0027153958465085,0.0021274106457684,0.0029471611764025,0.0052990880349107,0.0030544881476922,-0.1666326864832994,-0.0377979544278374,-0.0121869541510638,-1.3714242149487563,-0.0157808224291425,-0.007575704480671
2024-10-10,0.003780092580217,-0.0006210280371069,0.0019292398151418,0.003430866615198,0.0042240001712289,0.0073671812700164,-0.6608190461882129,-0.0438684565568687,-0.0238002882115036,-0.8920058787580294,0.0001798842206375,0.014051716413785
2024-10-11,0.0050298537371641,-0.0035353506691647,0.0026390958555683,0.0024641651642054,0.0034131570219633,0.0096602682091228,-0.8590704954575072,-0.0417781537232527,-0.0209191451167415,-1.7613707898036366,0.0072605103896528,0.0359230597031734
2024-10-16,0.004628131347019,-0.0016763482388101,0.0044515842435231,0.0031804301741846,0.0032193896846518,0.0115398431322341,-0.860477807866233,-0.044542491365558,-0.0191834100503929,-2.0427139723657506,-0.0071228269037862,0.0237242781399887
2024-10-17,0.0060604052338872,-0.0008596652389066,0.0037411054556197,0.0027375978436582,0.0046977707436167,0.0079635849084197,-0.1157819416910942,-0.0400380953347109,-0.0289980127388495,-1.4708493726183232,-0.0030593585952159,0.0413075549909743
2024-10-18,0.0049963552072028,0.0006506861147164,0.0017228950589933,0.0017986011720356,0.0042053485663061,0.0087121592549266,-0.4791802746365958,-0.0288725620193553,-0.0129502216778456,-0.7955002788262278,-0.0007347703570551,0.0059460344052624
2024-10-21,0.0055402732894755,8.027574957454424e-05,0.0018373745209961,0.0036400706235809,0.0046595796461434,0.0076830788001457,-0.0297162602396714,-0.0332769768373014,-0.0120474534417311,0.2291586659282761,-0.0040233456352763,-0.000228922941263
2024-10-22,0.0028720564612098,0.0007399991125031,0.0016949160224949,0.0009932091885277,0.0056834957585434,0.0062730391516493,-0.1329015120474662,-0.0205074543600923,-0.0070402600142971,0.6245626106355893,0.0130985029657825,0.0272637406782972
2024-10-23,0.0018117319665062,0.0013121863754565,0.0019424488743941,0.0018783365976498,0.0042765285159213,0.0074101340895444,-0.3257887853691186,-0.0135536352684748,-0.0028881028187037,-0.3460385866575364,0.0151793272937556,0.0084353264244698
2024-10-24,0.0009877130048393,0.0001206693378313,0.0015884989817751,0.0008011007307267,0.0036808893375761,4.67435763065998e-05,-0.0511884433635924,-0.0200823047541046,-0.0004120443571256,-0.7842499197585007,-0.003491803700487,-0.0015741451352872
2024-10-25,0.0013427723893103,0.0016079553683166,0.0025767236210305,0.0024901042768549,0.0038900193308171,0.0002542002535273,0.1363967176531265,-0.0201567842564364,0.0029419836638369,-0.3736006279285271,0.0004913514374797,0.0437352290019424
2024-10-28,0.0010036313023402,0.0007568556281511,0.0016847183815427,0.0011805601514025,0.0029608678795539,-0.0025396704994998,0.2311606058079522,-0.0196915657740788,-0.0077939343516065,0.5657157539467152,0.0077991085642852,0.0558648429064113
2024-10-29,0.0022185246463799,-0.001411196253292,0.0029899449769957,0.0007281989930825,0.0024282767329327,-0.0001064453208307,0.0961119780595022,-0.0141979675408448,-0.0041852346711777,0.3491076621861343,-0.013686145475446,-0.0002415053009277
2024-10-30,0.0001333186509094,-0.0002492858587682,0.0028607302086278,0.0011126112422871,0.0028139934481305,-0.0031596749034234,0.4242214687611869,-0.0290360478301482,-0.0086807623464992,0.5332880584053887,0.0020669513226239,0.0764506693030311
2024-10-31,-0.0026626107360348,-0.0014879614145198,0.0030356319857841,0.0011790308882545,0.0026697330049535,-0.0029699191844462,0.3448436003460757,-0.039897692322421,-0.0116121513158375,-0.0255193102075714,0.0048300384167191,0.0141415342598375
2024-11-01,-0.0029448723125876,-0.0025243736016431,0.0027113095232031,-0.0010983827777524,0.0022429320081247,0.0021623899848546,-0.6233954696769172,-0.0529125728234435,-0.0202623866257484,-0.4535902364829243,-0.0047813489163513,-0.0553026859767748
2024-11-04,0.0017121085895993,-0.0009148236787707,0.0036216258655097,0.0007245699554358,0.0040296019696371,0.0016709231657457,-0.6965752146874328,-0.0573306098214085,-0.0260828157809947,-0.6606831888642963,0.003664795964816,0.0191980230675626
2024-11-05,-0.0023520106631256,0.0018106981369459,0.0036544282575885,0.0028395364607303,0.0032090459775146,-0.005855678286345,0.5132141325545299,-0.0629772463958821,-0.0354679471960364,-0.3070047240373776,-0.0004609997126951,0.0009077866979576
2024-11-06,-0.0018453015589264,0.0052732341991835,0.0032577349430015,0.0029690294123936,0.0028694997208612,-0.0031116547035687,1.223918055256948,-0.022850300445627,-0.0163145290326718,-0.9372246865069576,-0.0257553717008165,-0.0227043909486812
2024-11-07,0.0040285818445069,0.0048726582420585,0.001821417278372,-0.0034011276706445,0.0017306555267027,0.0113590294315862,0.7513202112797877,0.0807048729129357,0.0340151528289647,0.9493893374026636,0.0014021007321643,-0.1228669025622808
2024-11-08,0.001971721028206,0.0039648992511189,0.0020387610526167,0.0007159300959226,0.000714308262139,0.0063068463984188,1.3215244067798568,0.0493504574845659,0.0294029395197968,-0.2454272253581801,0.0023802749816977,-0.1381697129125111
2024-11-13,-0.0003083123934803,0.0054885255724638,0.0011043240464406,-0.0025007987206903,0.0007444671216571,0.0118394025802825,1.123645686824122,0.0764709533032109,0.0542483824247837,-1.074471453017848,-0.0055234842715003,-0.0966414608412984
2024-11-14,-0.001365434728412,0.0024838632491668,0.001212552186458,-0.0019488433256945,-0.0001385165298791,0.0203041389641811,0.0890149371315819,-0.0091358043080976,0.0257904165506417,-0.282328193303771,0.0277621357336948,-0.073254058809202
2024-11-15,0.0009103906743626,-0.0003628371799655,0.0011544377628425,-0.0003286991617821,0.0004433786004201,0.0177930645991103,0.4934469375807082,-0.0243108307453025,0.0167184723697938,0.2860407366740213,0.0174706530099544,-0.0737394366455894
2024-11-18,-0.0008379035212343,-0.0028449739327135,0.0024641933294373,-0.0024211244080346,0.000895533850155,0.0159891262267009,-0.3165469527659217,-0.0281308411080427,0.0301626388822735,0.9849679434224966,0.0089714173900014,-0.0560133167892763
2024-11-19,0.0002147891737829,-0.0067772862650011,0.0034158663250655,0.0007113139465811,0.0023375044719097,0.0161799178976872,0.5434785914995732,0.0225491019070791,0.0093157645008245,1.769875526185749,0.0672879688810806,-0.1146307062283138
2024-11-20,0.0005862142458164,-0.0096977137354877,0.0029669007503124,-0.0011951447889537,0.0023705323006637,0.0072181946377439,0.0878011120039807,0.0369133138429945,0.016013748037167,0.9619703711397688,0.0371095369313093,-0.1361290980422336
2024-11-21,0.001567190762142,-0.0103210115985837,0.0022833538395844,-0.0027558780120264,0.0015522779509092,0.008942190817825,-0.3014645543388784,0.1024127714864735,0.0206198714038183,0.972768751153314,0.0304869927000067,-0.1853424348348759
2024-11-22,0.0016637900347021,-0.011429087977531,0.0024690829096329,-0.0020889192162367,0.0014870635696783,0.0055124781805223,0.0841061056304979,0.1353051448233355,0.0240205004514935,0.5368242644658958,0.0379399044932292,-0.2487216890590855
2024-11-25,0.0023432219681788,-0.0157910495209452,0.0017465189753726,-0.0013959919946661,0.0012644097705448,-0.006341700052915,0.1175748324869101,0.1628183444981085,0.0269160809896846,0.177727877165628,0.0271197619022288,-0.1682801332891161
2024-11-26,0.0003225945636888,-0.0128393656772032,0.0027454987060623,0.0016786695586366,0.001108584177214,-0.0034721324812085,-0.2227833649676625,0.1205504565217254,0.0255683114084393,0.5115443964726498,-0.015378654495375,-0.1673236256459734
2024-11-27,0.000755731285941,-0.0109410579293377,0.0018526551369821,-0.0007958823571107,0.0010576419472547,3.455732289929861e-05,-0.1056512384517219,0.0933082021414774,0.0281333177856866,0.5128850208494241,0.0043728949918456,-0.2205157018704446
2024-12-02,0.0016672435360215,-0.0097830603000965,0.0027209253497151,0.0010705449073706,0.0017690126864847,-0.0007845210816537,-0.5461618895524235,0.0533133582864649,0.0232904002269912,0.2106699990028936,-0.0027929541517359,-0.1934942968334856
2024-12-03,0.00302320047905,-0.0072950514814993,0.0026786110185614,-0.0014877519574703,0.0026217886885444,-0.0040258359641801,-0.0056885770878439,0.0786685441054754,0.0247377259669251,-0.0693066806266701,-0.0090875324375249,-0.0894683885365701
2024-12-04,0.0009784497669042,-0.0051683927512766,0.002397199628345,0.0002774166433523,0.0017544127766424,0.0029188259455666,-0.0162489518875971,0.0578413047006564,0.0181370738017198,-0.2411433083068098,0.0082330100995608,-0.08674650291715
2024-12-05,0.000922104293547,-0.0042591745232792,0.0021447237846484,-0.0008880399666993,-2.294799816604618e-05,-0.0008622705928337,0.3368871852667201,0.0691307099721462,0.0210093799018734,-1.0625961729122044,-0.0056649379232705,0.0035051522543614
2024-12-06,-0.0015721255913907,-0.0035923766439331,0.0008191357464423,-0.0001142086322969,0.0006433044192533,0.0030017483482938,-0.2258790959277489,0.0708395655964855,0.0311769341901371,-0.6808723843291449,0.0061108407464781,-7.058998063273064e-05
2024-12-09,0.0004689058434133,-0.0004245426591943,0.0015932075950885,6.108031638965626e-05,0.0009378354849614,0.012296070836885,-0.6452223649918524,0.0935937576591279,0.0274944813018434,-0.1185741414861802,0.0057146626145406,-0.0791200247213506
2024-12-10,0.0001705097393392,-0.0021292599612398,0.001347103204541,-0.0014576257976885,0.0009486916105925,0.0123513206469461,-0.8812407561319713,0.0125083978662642,0.0174871251827813,-0.23860446137739,0.0140279790504262,-0.2230449634271906
2024-12-11,0.0008324278617886,-0.0008122720242089,0.0017641582932154,-0.0016845108045355,-0.0015745642328963,0.006454368711355,-0.8716470948949437,-0.0209577727497912,0.0272937644843331,-1.0049799106118504,0.0147214027587948,0.0041710968846395
2024-12-12,0.0001375879522856,0.002121313876223,0.0007073699242659,0.0019479757373234,-0.0008814304235873,0.0058695094269165,-0.915462209251428,-0.00662625773032,0.008554898806631,-0.8635573653015094,0.027478345633428,0.001725465246313
2024-12-13,-0.0011176700285636,-0.0003984106848643,0.0001825727629493,0.0019906089670934,-0.0006951677028492,0.0040801483601451,-0.9088046261286622,0.004455798453456,-0.00015567370168,-0.7148595643798105,0.0156011917450464,-0.0032412289941128
2024-12-16,0.0003326211391113,-0.0009476413060584,-0.0002333255747011,0.0005591069293742,-0.0007567591746118,0.002877582087746,-0.118272214715316,0.0009275793919257,0.025630663270086,-0.1396820748453513,0.0277027474944536,-0.0057546035540685
2024-12-17,-0.000296926221644,-0.0040880449723287,0.000395312119527,0.003588806453898,-0.0004320095510304,0.0009545996641087,-0.0697734468352755,0.0033475723619088,0.00126348170726,-0.3507119920393144,0.0236949440964111,0.0014108353453566
2024-12-18,-0.0014479791966324,-0.0042130213495536,0.0001110576516578,0.0022809124528034,-0.0003712678992516,0.0037904370948597,0.0771775945207044,0.0052408006877686,0.0075590389203074,0.3049682032795184,0.0244602586193403,0.0085675114415802
2024-12-19,-0.0071054840828968,-0.008069269208133,-0.0015244658216389,-0.0066889829844261,-0.0028039372277779,0.0032705917776026,-2.6621856677147138,-0.0146635682183678,0.0167455879331635,0.6632894283193989,0.0317541453190862,0.0088712838840549
2024-12-20,0.0021482636943098,-0.007096430076835,-0.0001341342094952,-0.0005541896386497,0.002303379426165,0.0033169197609905,-1.179595393088689,-0.0198790989341714,0.0125913906310785,0.8628072864228151,0.032951178706853,-0.0016521912935427
2024-12-23,0.0029183588436288,-0.0079562012199016,0.001237316896672,0.0035087955139039,0.0033172200567803,0.0015235571289746,0.07334748407208,-0.0177727244340331,0.0169992966496769,0.998771935422965,0.0268895420443092,-0.0067601616468512
2024-12-24,5.209177273366047e-05,-0.0048026635135335,0.0007258518343354,-0.0048171360113327,0.0009892089617693,0.0061097238062772,0.2031971189510503,-0.0079102117472807,0.043377030674386,1.2380908231751366,0.018755944132223,0.0249767198584452
2024-12-30,0.0010275157876456,-0.0029455049740593,0.0002294935348766,-0.0045935578753784,0.0015257478236169,0.0060347121715602,1.4737282085950034,-0.0062259599902479,0.0252288000149444,0.1486284684584993,0.0178462737267887,0.0024122575145038
2024-12-31,-0.0013393632718434,-0.0015702009343426,3.0817392264942574e-05,-0.0035725723604571,0.0013970556857004,0.0039432901926389,0.3633629798219336,0.0024422365340734,0.0411701682546089,-2.481915552931815,-0.0004864454802361,-0.0186343553738161
2025-01-03,-0.0001423034406202,-0.0032668269470445,0.0002652251148225,-0.0027220868665453,0.0013976810648537,0.0029450597963989,-0.3276386999781865,-0.0041407344784809,0.0657944522698329,-3.778633360793068,-0.0130899768163269,-0.0166520745001753
2025-01-06,0.0017171547483743,-0.0038423792304639,1.9091238440108367e-05,0.0032570457274938,0.0006093114035597,0.0023987836805863,-0.7099905052067901,-0.0103586514270972,0.0589924395224185,-3.341179649599589,-0.0050591434909287,-0.016673478654673
2025-01-07,7.417246212757374e-05,-0.0065516286694043,0.0009284328152632,0.0058637296438401,0.0003594662941651,-0.0008991849922569,0.0847473823151682,-0.0319731832749643,0.0638579716716959,-3.733653803711686,-0.0181523135414549,-0.0233985570337335
2025-01-08,-0.0009594439306818,-0.0009374509584839,0.001981505825531,0.000869329797271,-0.0014223035544297,0.0047822542714568,-0.7671882287094551,-0.0604422091450875,0.0664219231367714,-3.249522722616654,-0.0135579868908502,-0.000998208086046
2025-01-13,0.0010758396732471,0.0066564346902857,0.0035115339505376,0.0031010154577655,-0.0034592199552378,0.0059206193906543,-0.7220381977339541,-0.0984214765211776,0.0545715560517669,-3.47693858575565,-0.0224201606302433,-0.0118177622456676
2025-01-14,0.0007982731054517,0.0083678944102526,0.0046320246299672,-0.000835113817727,-0.0048813533932292,0.0042941292077772,-0.1894424281740166,-0.1267343585265134,0.0007009025168669,-2.6780354836424776,-0.0111394660083089,-0.0072161799538217
2025-01-15,0.0002631330754751,0.0080351408311523,0.0047345760146996,0.0003239791011361,-0.0049467289820764,0.0053622627517176,0.0467339466513725,-0.1167974661038319,-0.0129521983827063,-2.9093552569074443,-0.0254645294734972,0.0075646097715081
2025-01-16,0.0017733672311231,0.0054781162425912,0.0048883858443328,-0.0003177135669968,-0.003995835896061,0.0058301781552856,0.5573876833010982,-0.1081149309741572,-0.017771976948261,-2.586857254131853,-0.0008293406380541,-0.0066118990313117
2025-01-17,0.0024804413930786,0.0055545522966228,0.0006574776331736,-0.0004390717950001,-0.0044294993314126,0.0109401464600229,-0.6189840187122193,-0.1752021316664527,-0.0106366121145373,-2.3750783730866774,-0.0200231519304583,-0.1338804653930979
2025-01-22,0.0056788034797763,0.0043336889063729,0.0017180197370378,-0.0010520619499347,-0.0030154175551823,0.0094622221416888,-0.032226364261556,-0.1745159067958426,-0.0036803403941016,-2.601944172219693,-0.0195898102303801,0.0292434606119948
2025-01-23,0.0026922007527159,-0.0024712581756177,0.0009829768294118,-0.0021206681672467,-0.0022197976619276,0.003607404650646,0.2953020080730071,-0.1573097768615584,0.0240640877873026,-3.253588055912099,-0.0167514065382581,-0.2305054916047308
2025-01-24,0.0034598146722338,-0.002038040378752,0.0009460480305483,-0.0010077000590158,-0.0016324967835852,0.0039659164252403,0.0202023902352571,-0.1756481045754639,0.0359626610796266,-4.445531479500333,-0.0397704849755291,-0.3352922766591331
2025-01-27,0.001356415512838,0.0014996989212327,0.0002029342176006,0.0015383691976462,-0.0040293201322253,0.0057668146828977,-0.1964337636509243,-0.2613113039334844,0.031076102583781,-3.761415272010471,-0.0448405324293334,-0.3467317967434491
2025-01-28,-0.0035265603529619,0.0020560837993961,-4.364816907964574e-06,-0.0035032986697865,-0.0053052929522676,0.0126181850156618,-0.8238793419104409,-0.2403659318096689,0.0081530454707633,-3.725407960508549,-0.0543774418583815,-0.3771343271038715
2025-01-29,0.006146458253349,0.0067166399338706,0.0002852247165899,4.388578460654989e-05,-0.0031349107422923,0.0138049603074582,-0.9501810360026336,-0.2410975578750687,-0.0474984883489074,-4.375011593120664,-0.0456963413762639,-0.1229593054770064
2025-01-30,0.0032972474949073,0.0005668689998701,0.0002754062569559,0.0001560728833011,-0.0022739939472948,0.0116988014621138,-1.2705456709783147,-0.2295863627104389,-0.0292450753467627,-4.30879320530581,-0.0519368058513842,0.108512855916548
2025-01-31,-0.0004961584241222,-0.0024208663522661,7.479692231793343e-05,-0.0017113883697714,0.0003842040078473,0.008927264071082,-0.3698159752644211,-0.2441231230874748,-0.0027951485580818,-4.207344682015271,-0.0315477096971502,0.2675283529865759
2025-02-03,-0.0019150747620183,-0.0018752035467373,-0.0007964175302545,-0.0016284652600835,0.002327940217262,0.0103837371282493,-0.980194730967971,-0.1942300552646199,0.0068315660037368,-4.432977135067135,-0.0281441146158504,0.1528001223153206
2025-02-04,-9.898540580766676e-05,-0.0038388261357376,-0.000998977415726,-0.001085374923007,0.0004616867411845,0.0053181239888851,-1.5107369481548705,-0.2273279718968286,0.0511516784537946,-6.196734967312592,-0.0320237970002686,0.0587123392096837
2025-02-05,-0.0021908189345559,-0.0016439268175559,9.504692674881445e-05,0.002852947334258,0.0011878013762659,0.0043728837461625,-0.9634110688976982,-0.2508598778024642,0.0642048885289283,-6.108928021172383,-0.0295741024482289,-0.0656158432624148
2025-02-06,-0.0004665646041975,0.006661317644126,0.0003390496633715,0.0032170916681145,0.0007009483368825,0.0100204641169452,-0.766091970875542,-0.2567909331365174,0.0421811648948309,-5.620242145730698,-0.0441002621522588,-0.2039334521720822
2025-02-07,0.0023890333427843,0.0096129633938099,-0.0005870177917189,0.0003135099388087,-0.0005010087741965,0.011313723568085,-0.5614791301663226,-0.2683122767488424,0.0602067736380233,-5.266430139210829,-0.0429797107808576,-0.2172469547441865
2025-02-10,0.0021925001969062,0.0069603998039135,0.000574153640445,-0.0032661282027968,-0.0016795238721599,0.00892607868432,-0.7982155488334287,-0.3307427817764418,0.0471980496977799,-6.378673122981242,-0.0302574588360403,-0.1309139968908168
2025-02-11,-0.0008837613627752,0.0043353568375218,0.0009399619453562,-0.0050265985768409,-0.0015301961395461,0.0075699029057239,0.5309063406301113,-0.3590603686905028,0.0269947864119185,-6.014256534526336,-0.0278784473616465,0.0406401257683549
2025-02-12,-0.0015050905223611,0.0085229183167118,-8.091372884437843e-05,-0.0035489414754194,-0.0020739034785755,0.0106978826005308,-0.3100118010993614,-0.3591843557645787,0.0029643954581786,-5.516716730020013,-0.041258372725495,-0.0464374487079417
2025-02-13,-0.0019204561975849,0.0080047347072763,-0.000869394041811,-0.0045377080025824,-0.0026127410642789,0.0102303860873146,-0.1468075144200393,-0.3613572389297932,0.0072370600676729,-5.846761928472991,-0.0529467831583106,-0.0110160962979046
2025-02-14,-0.0015070750615422,0.0077263542332847,0.0001842453320462,-0.0032599931460595,-0.0017955912551782,0.010414455257671,0.254931886537423,-0.3550739484083223,-0.0068622969234218,-5.312528745727592,-0.0369169552279018,0.0970535658281454
2025-02-19,-0.0045528230886064,0.0032869792603715,0.0006413860539992,-0.0016943817158917,-0.0014502756872009,0.0134723626181969,0.1031959339896921,-0.3464043844710698,-0.0021308953816346,-5.487146958234986,-0.0497071777400494,-0.0291249860600858
2025-02-20,0.0004389976791343,0.0239596659368637,0.0008047484662252,-0.0007242494080511,-0.0007987106308092,0.0106222328304773,-0.6717807485343367,-0.0038495941090221,-0.1160018282464795,-3.746475100920201,-0.0241064504401617,0.1074075765270643
2025-02-21,0.001945028902146,0.0248900827798713,0.0007882900718606,0.0015449481801775,-0.000325439113514,0.0098892953603923,-0.8469430833869243,-0.0199517536993656,-0.1025558469395579,-3.689094220179595,-0.0155866811744493,0.1484462383354769
2025-02-24,-0.0016659546663425,0.0209412820214191,0.0013330505162674,-0.000974546926057,0.0016340143614866,0.0103075429498878,-1.4066781679080047,-0.0127344311920685,-0.0831282892329383,-3.745358668571174,-0.0295043119887023,0.1829034252229624
2025-02-25,-0.0050181088627763,0.01942867529596,0.000782542523172,-0.0027753272238864,0.0037448648702637,0.0103927876051272,-1.2038088104031353,0.005690290673787,-0.067577351609836,-2.8992394296096724,-0.008873677372698,0.2076767640809132
2025-02-26,-0.0017712582952779,0.0233011377717936,0.0011503846539814,-0.0034700562231036,0.0025986745666273,0.011736073778098,-1.706759564193269,0.0012097512123082,-0.0835314078109359,-2.67825223444572,-0.0167497239727466,0.1946297663319373
2025-02-27,-0.0015651487187361,0.0282717142406098,0.0010051016220443,-0.0052556154579692,0.0004995626867832,0.0112815009558723,-1.2975960011358278,0.0364323023039323,-0.0927301285332955,-2.874666524323643,-0.0144626000576562,0.1678458054416275
2025-02-28,-0.0057527561552645,0.0254518658250123,-0.000242659008279,-0.0093280461965475,-0.0023644553133871,0.0113087401377191,-1.8773941508194716,0.0357580880907697,-0.1076452081893728,-2.5884511128906604,0.0007149010976684,0.1412755166329225
2025-03-03,-0.0029841712202438,0.0292600466117371,0.0005887008423762,-0.0030774056239195,-0.0033699852751887,0.0087006831852592,-0.5265857224096719,0.0590289244362091,-0.1107806017694381,-3.09203677899761,-0.0146684684864735,0.1280813706901108
2025-03-04,-0.0059863672906263,0.0241796405759664,-0.0006346496503351,-0.0031519819212273,-0.0050797471977587,0.0089648107569603,-1.3611305022258409,0.0673903010490093,-0.1221292204659283,-3.1544536363416147,-0.016512308534468,0.1327531657266032
2025-03-05,-0.0061431661643506,0.0220407420673734,-0.0014961645805349,-0.0050841636811054,-0.0047713528875011,0.0102782873620108,-1.3637456682069686,0.0905119749465085,-0.0982213628128437,-2.722951463069367,-0.0118708010318604,0.1146650990805003
2025-03-06,-0.0022650125749739,0.0236160672021528,-0.0003496550731341,-6.585628320667598e-05,-0.0030306712233009,0.0078908678848174,-1.0135012941164776,0.0661784623242714,-0.1057920648432253,-2.110716321189413,-0.0151112399005947,0.1126102228773214
2025-03-07,-0.000345157900869,0.0204275912162194,-0.0001791735861995,-0.0047258473549472,-0.0019199099765294,0.0053060309057742,-1.1936227371898651,0.0730322061368615,-0.0932635961581699,-2.3521941759325413,-0.0146831985605469,0.111571540293349
2025-03-10,-0.0013007800093955,0.0173219836532205,0.0009803600049664,-0.0041625915708668,-0.0016805294696561,0.0047587946363387,-0.3698417817382904,0.0591911381696207,-0.0766343374506253,-1.8195574063428088,-0.006169299939063,0.1256228668494779
2025-03-11,-0.0020731162340854,0.020633812739917,0.0002826538375411,0.0001397152198118,-0.0042007836600638,0.0080337099578334,-2.5577798547303794,0.019889424200016,-0.0674284071481503,-1.785983901627192,-0.0055544248062529,0.1320957503226553
2025-03-12,0.0024069670907765,0.0283248482609367,4.519139465530543e-05,0.0041162619123811,-0.0008337813038295,0.0085917766210559,-1.682542929355228,-0.0270764222059752,-0.0608831634619632,-2.486262533025825,-0.0123271439368395,0.115268938597163
2025-03-13,0.0057181649236828,0.0243421931702147,-0.0001367146543509,0.0065055098098143,0.0002350470810017,0.0079482734212868,-1.552224448387005,-0.0350099793204507,-0.0658280574982858,-1.754521140563611,0.0061296444773412,0.1298997831477879
2025-03-14,0.0023178419499379,0.0258450953975819,-0.0006556702674904,0.0063068145685784,-0.0026438670709407,0.0065902317247394,-1.3435806611045518,-0.02051055070197,-0.0739042546115192,-2.527639241975208,-0.016322924895943,0.1281170871741259
2025-03-17,0.007734570822193,0.0340562254077609,0.0009761082419623,0.0062989844639346,-0.0029325809606961,0.0061046580426058,-0.4144710799979747,-0.0618219256832784,-0.0853817741451184,-2.45431924092276,-0.0035367740372118,0.1356637145992934
2025-03-18,0.0081134572287018,0.0277466303998046,0.0004000542672368,0.0018082360164984,-0.0050393487849073,0.007193704152963,0.5389108395126948,-0.0193209145537945,-0.0909771530892028,-3.5052064811467183,-0.0144310239404436,0.1360385546826643
2025-03-19,0.0026435538160955,0.0186252667551708,-0.0003762023522926,-0.0009602565348985,-0.0075895711994089,0.0070918556989512,-0.0996296110786613,-0.0026093212032339,-0.0948818856778309,-3.931513338765816,-0.0212745546032529,0.1315496609504589
2025-03-20,0.0039729228764704,0.0042023572042342,0.0048627074646908,-0.0016060935562709,0.0136868346000741,-0.0071746919069705,0.1426086827315538,-0.1344950681119494,-0.1108787390800871,-1.8378555805533316,-0.0017970128941782,-0.0023003691261068
2025-03-21,0.004894703854089,0.0014241957487768,0.0037388626849144,-0.0030276222947611,0.0133438395312818,-0.0114170109674985,0.2118948153476693,-0.12727145178536,-0.1075365808577612,-2.2885478456284907,-0.0031719028255471,0.0019564100714422
2025-03-24,0.0027307929255117,-0.0008889787209795,0.0033749201726572,-0.0008974679222023,0.0131120985109081,-0.0071377406305883,-0.2617804328414664,-0.0931378514004046,-0.0899689279657256,-2.7395051548218183,-0.0195157109556891,0.0170786818070151
2025-03-25,0.0018890330672185,0.0029951283884876,0.0027318823624893,0.0024747178568252,0.0129738222517111,-0.0078508002371624,-0.2150920817186871,-0.0940344745540847,-0.0855944570337886,-2.717531149783038,-0.0127516585644172,0.0139271781934461
2025-03-26,0.0060605019582835,0.0030340201556635,0.0029231775642665,0.0067122310922232,0.0121567496951725,-0.0048739553598593,-0.5912276923428332,-0.1056641814096842,-0.0916706071669538,-3.254310505729804,-0.0265861993909172,0.0206144252627291
2025-03-27,0.0036179167664855,0.0023043604478453,0.0020257151828821,0.0045017143667053,0.0107620930742577,-0.0061069261101636,-1.24272460005134,-0.1005119989529415,-0.0833999476899697,-2.7979732205503103,-0.0168623128565892,0.0174190456033392
2025-03-28,0.0049582561178833,0.0033950519540218,0.0031971831682007,0.0061710703130881,0.0097957295767537,-0.0022703929251319,-1.7184798668729382,-0.1436812971508365,-0.085520756787175,-2.581389919260116,-0.0089427909645628,0.0126840079412232
2025-03-31,0.006548701925455,0.001560815470517,0.0028505174285814,0.0051014435945866,0.010638475428213,-0.0004833683960852,-2.312879173788448,-0.1695897857023146,-0.0950851681378683,-2.049728077523741,-0.0151279056704789,0.0137825971944811
2025-04-01,0.0060353661031991,0.0044219111069688,0.0034405921601072,0.0039110654532827,0.0119788180190487,0.0004225142861114,-2.446196211047437,-0.2050092376499981,-0.102712050004098,-1.0332837374534405,0.0052110614340509,0.0024014860843795
2025-04-02,0.0056938898638692,0.0053336611548014,0.0031890272605211,0.0034547633832619,0.0122431145080564,0.0015904503057492,-2.0942856179615617,-0.1663871606653686,-0.1086570480789925,-0.7903496473057507,-0.0041363695776075,0.0071744665203573
2025-04-03,0.0077828628139855,0.0060797008484172,0.003466815115204,0.0043981512957172,0.013094779575123,-0.000206509419544,-1.6111085446184952,-0.1664553787151167,-0.0951598486740943,-1.285715135764067,-0.0031342075314479,0.0026816416142074
2025-04-04,-0.0003702830365666,0.0034526593924685,0.0029378443491162,0.001850683547491,0.0120159415900149,0.0007568836092427,-3.973725674636015,-0.1589844816469299,-0.0966155469542776,-1.2385376998276032,-0.0258199834877206,0.0030808892956993
2025-04-07,-0.0017018939666757,0.0076446829230044,0.0026610590953823,-0.0051838870795763,0.0098478090133823,-0.0003427193522719,-7.408374941612559,-0.2102592499399583,-0.0965170326069718,-0.7004842748230997,-0.0216336056089232,0.0095278085487427
2025-04-08,0.009622936548751,0.0148561196619192,0.0038487740061471,0.0026262701219643,0.0111776552534265,0.0040287058681224,-6.969428725994209,-0.2145668992097451,-0.1110725467836438,0.536122443463813,0.0105365861039509,0.009482245941663
2025-04-09,0.0051787906323319,0.0133446276191133,0.0027901679917733,0.0023374326159862,0.0115259381190519,-0.0037177619223215,-6.882723569629998,-0.1952815787638325,-0.1125109802208,1.715454711625485,0.0090556567201944,0.0191740912548785
2025-04-10,0.0179457932521356,0.0210650623945768,0.0051793693441574,0.0139059285677273,0.015889925784897,-0.0048893280013592,0.6911598210502782,-0.1640910680414393,-0.0930835567851431,1.747709069634054,0.0214767155560824,0.0361667969173945
2025-04-11,0.0003548664389204,0.0116947164731073,0.0006417929131367,-0.0013539565965525,0.0095286551445975,-0.0057088923070332,-1.5435343786496694,-0.1469115365140685,-0.101476106585464,0.0526448426983401,-0.0044126787658736,0.0196201421911233
2025-04-14,0.0062587221543878,0.0102090017607093,0.0025770689151186,0.000567340056723,0.0104754766601238,-0.00804694496762,1.5009964324318692,-0.1138213186208289,-0.0924118011514362,-2.902263788918614,-0.0077873627576176,0.0322349176819349
2025-04-15,0.0054471426057909,0.006523195732707,0.0049436417875295,-0.0010302272245057,0.0108565171858022,-0.0156059868366418,2.910443960669772,-0.1063587432940878,-0.1139149054648341,-2.0873402590830743,0.010574357491682,0.010085009953861
2025-04-16,0.0033803943688022,0.003359600417362,0.0052533601718045,-0.0047263821639962,0.0096658860258073,-0.0094341348236348,2.074855536780356,-0.1091895032621115,-0.1099604030858497,-3.723838123623116,-0.0249306769099954,0.0224193719835467
2025-04-17,0.0032282938242697,0.0072213607193616,0.0021090703864173,-0.0053860656901217,0.0099789817086458,-0.0110133185134094,-0.0055950422065954,-0.060764328003065,-0.0667788309441257,-1.4200562736686655,-0.000570779497844,0.0199600814844259
2025-04-23,0.0051370648355943,0.0077496415234672,0.0012721276719867,-0.0033532328765257,0.011101757483054,-0.0120083706515082,0.9991598535236784,-0.047724445527212,-0.0500509718873502,-2.529349505740797,-0.0011905939603343,0.0342946828203974
2025-04-24,0.0038578595027048,0.0061413730792891,0.0009684972852955,-0.0010123670033958,0.0108330195040515,-0.0161723660800103,0.8616848712589207,-0.0140646683835616,-0.0658558115437665,-1.7799478847110382,-0.0230957765428801,0.028856126530937
2025-04-25,0.0019255701335699,0.0051972943287419,0.001447456381751,-0.000647513399872,0.0106978736812644,-0.0174574803812478,1.2188286664959542,0.0057672357574221,-0.053251046421739,-1.423648553399028,-0.0033273529055199,0.0369298510504476
2025-04-28,0.0032411998406001,0.0074016692845249,0.0009197363442772,-0.0032611722561487,0.0098624509014673,-0.0129450396467002,1.2153002569365965,0.0095916314935883,-0.0395284502489457,-1.4828453967164288,-0.0041680627807453,0.0344926678272454
2025-04-29,0.0044823773647391,0.0084851311943632,-0.0004426395809785,-0.0010359110627502,0.0090328178938769,-0.0157072651955393,0.8052842037674626,-0.0055726205310099,-0.0417185955946895,-2.226840642153918,-0.0110911609287575,0.0163037684957167
2025-04-30,0.0026163080881308,0.0047369015998819,0.0003356485290992,-0.0005864735112816,0.0113296619645428,-0.013700247155548,0.7499440947896849,-0.0515335511146813,-0.0484071330198283,-2.607946219157874,-0.012873639551649,0.0025943676019122
2025-05-01,0.0010320295758235,0.0063388778336676,0.0005482329487783,-0.0009150317926892,0.0121966022440489,-0.0136558873144074,0.1829610734550331,-0.0471946202556231,-0.0635246145421441,-2.144804739179893,-0.0254946246234913,-0.0067096834249423
2025-05-02,0.0043826689457693,0.0079785580333334,0.0003954426471433,0.0005523434766976,0.0109927788664802,-0.015667605690019,-0.1587091135550345,-0.058071132642017,-0.0583040195376622,-1.6718806979409786,0.0023576598073164,-0.0053082629139599
2025-05-07,0.0051579963539549,0.0104133047372787,0.0014682833332101,0.0025366953936015,0.0099807800944767,-0.0174699947964831,0.4984359562806604,-0.0503009332846149,-0.065789464303308,-1.853411277271127,-0.0099296360138076,0.0063115816695478
2025-05-08,0.0031501667310224,0.0113086694534662,0.0009631493554804,-0.0045378022155209,0.00895844702684,-0.0155125326461721,0.6719845695089125,-0.0330336948290367,-0.0273803342089171,-1.7347326239809489,-0.0090680112114656,0.0062499384083152
2025-05-09,0.0065289651830525,0.0148418766789548,0.0003059478890436,-0.0069265806652119,0.0066548191264495,-0.0139831406907358,0.4476076140898483,-0.0188235609819646,-0.0336027343091901,-1.656824000986366,-0.001656125802299,0.0017823880439099
2025-05-12,0.007270536044182,0.0159832076857893,-0.0001810328511779,-0.0037417535455204,0.0060563901082761,-0.0141574019769052,0.5331404268104208,-0.0212028803746552,-0.0510842802251192,-2.0752138678983734,-0.0080472441071264,0.0010126840985385
2025-05-13,0.0072464784670284,0.0169426551821993,0.0004047387897095,-0.0082610848448674,0.0080795357312602,-0.0169768326442029,1.7992671299479517,-0.0186439338517024,-0.0248711267988761,-1.985060361828301,-0.0052321980201722,0.005082227798088
2025-05-14,0.0052160862613257,0.0166212149981729,-0.0017763135638674,-0.0048056571026508,0.008862027675201,-0.0123378243183463,1.386911591258587,0.0064441842065862,-0.0504028929816084,-1.985467393223287,-0.0008494851052854,0.0064650040449975
2025-05-15,0.0057402036099625,0.013928499757377,-0.0014970520031468,-0.0041378386843143,0.0084757604780397,-0.0125344335950339,1.0350628754284352,0.0280765833485468,-0.0519576121545925,-2.3987922440125904,-0.0127817863476777,0.0050486366926417
2025-05-16,0.0045968109539647,0.0114762716963685,-0.0003458901672564,-0.003415067617689,0.0091252265364858,-0.0109198383954835,0.6786964624684678,-0.0031162665416807,-0.0342571223044028,-2.279602636484575,-0.0109167164782149,0.0082863126909324
2025-05-19,0.0042639328697923,0.0082109720402493,4.354546050099654e-05,-0.0039218028892928,0.0084724444793354,-0.0105732498649142,0.2980067895563606,0.0195295996278506,-0.0462319392871926,-2.2392162102076885,-0.007284919968719,0.0174297099673125
2025-05-20,0.0033573758047116,0.0056653176102713,0.0010838860047961,0.0035752216146632,0.008840219796695,-0.0098177256220212,-0.089233817547575,-0.0236862823790953,-0.0664215354969631,-1.659094243750335,-0.0087613101340474,0.0226847366589914
2025-05-21,0.0028941466019686,0.0013210598484889,0.0009393980856374,0.0020327276138763,0.0091473102299062,-0.0118127304411457,-0.3018830055611635,-0.0233568151374727,-0.0422430616697966,-1.4574166009948653,-0.0071116971031002,0.0136711519652926
2025-05-22,-0.0009482387707409,-0.0034069678777247,-0.0005971086043728,-0.0038825557760196,0.0078354672417631,0.0066360405130886,-1.4385870189606167,0.0028113206022434,-0.0304663793653734,-1.0613126887761417,-0.0066601774047929,0.0033704663919803
2025-05-23,0.0022724874914472,-0.0033322416825,0.0003166054794076,0.0009969065065012,0.0098716851681137,0.0054276258931793,-1.201602647239301,0.0013264034132768,-0.0202658843764779,-0.6613725773998973,0.0010036928659585,0.0060474834866634
2025-05-28,0.0013344985876177,-0.003261493870586,0.0003586872823744,0.0003045859957801,0.0075486685826558,0.0071150184115579,-1.7145185437423165,-0.0506619564337182,-0.0330731687456365,-0.5309307735847528,0.0014543978032751,0.0102701178822247
2025-05-29,0.002947997281042,0.0074126178068042,0.0037503247128274,0.0057539576285382,0.0028219030266533,0.0080529230016025,-1.6735373162737042,-0.0350232627813482,-0.0129798551296916,-0.1171629173910278,0.0035518534910647,0.024365595778286
2025-05-30,0.0060784667658151,0.0098156036695691,0.0042861693075874,0.0081113305520012,0.0038486415894818,0.008591573052175,-1.3013750553029992,0.0022480577169793,0.0017837146414271,-0.125433690404553,-0.0013981126252426,0.0245870494713279
2025-06-02,0.0054090063691324,0.0164602422706968,0.0053733672180604,0.0105949808917549,0.0035202197990659,0.0069211550315384,-0.6081427257677617,0.0242683083022905,-0.0131178146367442,-0.0312139698206028,0.0002818917174397,0.0240798395637211
2025-06-03,0.0040928487057365,0.0147474796005365,0.0046383044546461,0.0012782097381209,0.0030237780138862,0.0084459675609816,-0.8467352299080269,0.0141245132812933,-0.0282488973579751,-0.1352758176380746,0.008503046988242,0.0123255215185858
2025-06-04,0.0068900293424385,0.0242429644718968,0.0063865427944672,0.004897775530698,0.0043150381467719,0.005901772251658,-0.3005938964103185,0.0598427274210468,-0.0236162084940065,-1.0770212897003282,0.0052446718272296,0.0167123770495738
2025-06-05,0.0065870381337235,0.0250917686541617,0.007545647146955,0.0077969621487732,0.0060107831794782,0.0057487651337261,0.1556851597133157,0.0655045277712046,-0.0298697953424014,-1.3172078996577774,-0.0036087719426022,0.0112715108247852
2025-06-06,0.0061026201450337,0.0233471234957295,0.0065050251891689,0.0080831702270472,0.0042089564275474,0.0073361572939378,-0.6622223920142194,0.066066627964774,-0.023007455975019,-1.2772414509186707,0.0005392582034381,0.0102354066825734
2025-06-09,0.0065485172052978,0.0182057248884553,0.0049322418925171,0.0057246917546907,0.0045969211203059,0.0087088406244932,-0.0780463496665005,0.0474592561956837,-0.0173664931043288,-0.8698401829368203,0.0029795305257732,0.0194722240306437
2025-06-10,0.0060359959040454,0.0174560794606884,0.0063414080052744,0.0071649340349122,0.0063541598763054,0.0054717111630864,-0.0685018009728463,0.0512243578335025,-0.0260098314111416,-0.7433605170854761,-0.0002074803591158,-0.0096967057993555
2025-06-11,0.0087640724171254,0.0230883417908061,0.0078443798560542,0.0109920437113817,0.0053365602464867,0.0061840207730313,-0.114805149774424,0.0523581313970158,-0.0104013809404129,-0.6535676349383709,-0.0053962549845527,0.0116270011776521
2025-06-12,0.0062449646414737,0.0186708804268631,0.0045359943481454,0.0098967969642143,0.0051930096763125,0.007140574178039,-0.1834429384034411,0.0575632131889926,-0.0166004054603742,-0.5060336877720026,0.0110090688374627,0.0041088490474784
2025-06-13,0.0051362858388288,0.0174958668784778,0.0044445733957267,0.0070908660912024,0.0051792363120383,0.0072846217173644,-0.5342835451286329,0.0289782365358839,-0.0298133605768968,-1.1879257589986492,-0.0037581061591259,0.0063738012627883
2025-06-16,0.0054598536109909,0.015800707461776,0.0036127509895555,0.0027612697202834,0.006937020982034,0.0067334550520087,-1.0278854226878649,0.0413561414445292,-0.0008105577630221,-0.8444457047591142,0.0200262351591548,0.0244805323669261
2025-06-17,0.0084365457231522,0.0145036066154261,0.0034931638532842,0.0059452439809108,0.0093990140776532,0.0068961454399651,-0.6623865709908716,0.0151557009968568,-0.036082219142318,-1.3863477901895958,-0.0091198524723389,-0.0028814255474617
2025-06-18,0.0045482644511663,0.0065203255138537,0.002254455183872,0.0026205474467719,0.0094509213729392,0.0039881718315388,-0.945394900202745,0.0191659340449337,-0.007320118173959,-0.682617372498857,0.0111234408025761,0.0046019873719284
2025-06-23,0.0044738876843612,0.0061530243124447,0.0017298096613358,0.0019599149427228,0.0072826559765638,0.0076626553019796,-0.7874896479310838,0.0018784823190448,-0.010301336077012,-0.8986115074088825,0.0008266562722678,-0.0237023754078776
2025-06-24,0.0051845414203078,0.0113454349313544,0.0030931039360006,0.0079472722198274,0.0053063493876705,0.0078302182081678,-0.4718025655414607,0.0321801641343351,-0.0060253910293549,-0.5513314101771075,-0.0282014854574788,-0.0383184053080905
2025-06-25,0.0043117357520278,0.0090623059859455,0.000550632404666,0.0051113091349854,0.0096419349015568,0.0079957670689324,0.4162279449238074,0.0221560587013636,-0.0175535792835234,-0.1959395802703296,-0.0117771476724491,-0.0276802523801176
2025-06-26,0.0024851008645465,0.0110342483919453,-4.613942797275161e-05,0.0060122354333138,0.0095250165442401,0.0069950316081215,-0.0228265401167612,0.0530986379056717,-0.0061645165670472,0.3459050604614362,0.0162128995582097,-0.0169598780090825
2025-06-27,0.0035588310256215,0.0124687969186093,0.0014044786866597,0.0038020555641966,0.0076826759728408,0.0087890610185417,-0.1984809394165844,0.0551146929662989,-0.0207293389458076,-0.2546790570074064,0.0163544820999544,0.0070997554830723
2025-06-30,0.0083408925674007,0.0159190045931859,0.0014852756612075,0.0081610144429779,0.0079952617240845,0.0079478204947311,0.1130954319345664,0.1014882996316702,-0.0225617851692937,1.0545118123225334,0.0217074602266913,0.0131296681203707
2025-07-01,0.0070284949337876,0.0212681037882176,0.0021057021233166,0.0085255001930952,0.0092641872319851,0.0085894451680686,0.009930144859857,0.0978118022777258,-0.0200617307517276,0.7874705150345661,0.0225433739302089,0.0058824309179788
2025-07-02,0.0067405359821252,0.0202742698337997,0.0006401604147988,0.0086792621825124,0.0101909131369131,0.0068067183083283,-0.5224416393706781,0.0985813370780351,-0.015540482416757,0.805332311675937,0.0245110205874647,0.0103279845608935
2025-07-03,0.0061796158446075,0.0193486879018726,0.0005094492555423,0.0093852206147833,0.0100378374559457,0.0071984871093284,-0.2911442424911439,0.0867926084160645,-0.0175893728356047,0.8903144245313487,0.0310158424670706,0.0099755890988472
2025-07-08,0.0064061140729282,0.0178179151897381,0.0001893062863203,0.0082191276710393,0.0080576872937449,0.0057021895758555,-0.200576846740296,0.0784667335423001,-0.0165199261602179,0.722934502092953,0.0253580831066187,0.0057212498210512
2025-07-09,0.0059411150560556,0.0140346121017757,1.2165087533540952e-05,0.0069249969904313,0.0058801896889335,0.0049384398831935,0.3548301850044925,0.083199714031768,-0.0121569087183031,1.9809661286710551,0.0344666572974404,0.0059066522862787
2025-07-10,0.0052966998459401,0.015209088063394,-0.0002151661617296,0.0082062572492589,0.0049753448698709,0.0049126106837777,-0.0272261643951238,0.0749095714417641,-0.010439236648927,1.6480915598518973,0.032657367747605,0.0061108445299153
2025-07-11,0.0030759744765206,0.0115779400644839,-0.000523092563133,0.0032999403627708,0.0044226874209073,0.0070333282713531,0.0950014731730327,0.0754763214628603,-0.0038566529083903,1.2487471261488972,0.0150965534306781,0.0066521264340811
2025-07-14,0.0033142721367782,0.0066473904065037,-0.000955425925201,0.0038528024881609,0.0050491615626627,0.0068506618931975,-0.1880834797985584,0.0390598874467046,-0.0049103845031679,1.6383630003812626,0.0302152592725336,0.0063342400930589
2025-07-15,0.0033577990585239,0.0068602728227814,-0.0001028151194397,0.0035828792534259,0.0065253444120572,0.0055880283971715,-0.671297854207725,0.0501983135926462,-0.0062912427102986,0.8267474588631305,0.0106607469227286,0.0031434453257083
2025-07-16,0.0051267562963938,0.00784776712314,-0.000443570906329,0.0047998406203784,0.0081441766881975,0.0050629669854764,-0.6465022032978158,0.0234966158323781,-0.0127311466769922,0.8162209031182973,0.0083144136573938,-0.0045473950951721
2025-07-17,0.0051289021334991,0.0069653409725735,-0.0001590672794154,0.0093047674041353,0.0077885205809363,0.0053651239081643,-1.0058268099282055,0.0286073617961111,-0.0033251697353321,0.919017712018795,0.0102970172962069,-0.0055767505049495
2025-07-18,0.0053235984203085,0.0041509429173844,-0.000957951862549,0.0066135163840027,0.0055481660236083,0.0049010787650096,-0.66930337524042,0.0052708274257676,-0.000817755558182,0.9113798010463622,0.0181750909539103,-0.0076045972567664
2025-07-21,0.0076320862654136,0.008746951063629,-0.0005648261572094,0.00938571420193,0.0057919019220524,0.0063695809429174,-0.4236711251679438,-0.007628225503273,-0.008780859332798,1.2475691403345022,0.0138961116636331,-0.0051700109964113
2025-07-22,0.0100117550954296,0.008972566965763,3.631577614641128e-06,0.0104905751981544,0.0070042098733682,0.0059803764976206,-0.2614005753362316,-0.0189782852985803,-0.0173688279684621,1.0621183610147442,0.0107575325750508,-0.0006101790403202
2025-07-23,0.0085365381262483,0.0051159811076068,0.0006240868679143,0.0072684696799421,0.0075275213961365,0.0082869078103545,-0.379383625595106,-0.0231880323158583,-0.020776863635446,0.8562479880537638,0.0154530090654923,0.017721018642021
2025-07-24,0.0092185235660706,0.0060924281086691,0.0011639800044538,0.0055655818398032,0.0071916480479856,0.0087610583349741,-0.1270653951426378,-0.0208529168573929,-0.0288735159003199,0.2275471748633764,0.0049983684674074,0.0216161646906145
2025-07-25,0.0093166379284343,0.0060053341850168,0.0010972447132849,0.0009037033198871,0.0094729128154437,0.0126397783320452,-0.406325803146861,-0.003213103738233,-0.029044641662449,-0.8987005024435238,0.0083857384035645,0.0241727421582123
2025-07-28,0.0086140302471688,0.0075301633041476,0.0013081561777083,-0.0010019982276774,0.0085000503669439,0.014519305640922,-0.213530382384157,0.0411176083063611,-0.0134311217112065,-1.2656106281999495,0.0037661688021987,0.0179716957727368
2025-07-29,0.0042638533905548,0.0042864238756145,-3.362028304374821e-05,-0.0036155085256021,0.0067505140815518,0.0098645050884869,-0.2246944745668094,0.0517616831505315,-0.0098955298885483,-1.1814528900395012,0.0114932239108098,0.0054541818897941
2025-07-30,0.0031243222892099,0.0059133467436778,-0.0004445773608138,-0.00177455419989,0.0050598917777541,0.0113061462455651,-0.5121652014812617,0.0782133171504273,0.0006131619819176,-1.41458496481794,0.0136981261693672,0.0070989820734837
2025-07-31,0.0025767571313887,0.0076253422010013,-0.0011265841163382,-0.0015105063097173,0.0042893197333033,0.0126103987696571,-0.411073784584042,0.0865380883927767,-0.0020265416207811,-0.7233596230922863,0.0089140575423075,0.0124556403479921
2025-08-01,0.0024067740916024,0.0063795591380265,-0.0011742284414508,0.0014824351333256,0.0060398862721227,0.0120299797144081,-0.8589381244352934,0.1110918021406344,-0.0091150790179096,0.0683124802547725,0.0044962565480783,0.0105389948595813
2025-08-04,-0.0009546705602432,0.0024830892513687,-0.0003379174911917,0.0026580045093027,0.0053420857761386,0.0087910774735183,-1.8796704548874903,0.0944827898895188,-0.0155480934026129,0.0938970400999738,0.0017741289299425,0.0112624487833229
2025-08-05,0.0040181794882512,0.009583677869238,0.0007521064531365,0.0020487436372952,0.0052354829245596,0.0158666251365681,-0.9894787150592188,0.0704496669668713,-0.0229302119699367,0.4090740881153459,0.0032681405097415,0.012421324141351
2025-08-06,0.0045937262984622,0.0105342451984429,0.0003240572041292,0.0015529093794337,0.007161458342759,0.0195908767424777,-1.59989286857273,0.0711561800784322,-0.0234526435635623,1.0525162321063353,0.0047101574204258,0.0086688446380519
2025-08-07,0.0054581980040755,0.0096322997756947,0.0014050250274113,0.0030449581028747,0.0087695450632129,0.0158540403901984,-0.6590207724018233,0.0646801340449037,-0.031098252842156,1.003710451204897,0.0057130615992336,0.006070943411908
2025-08-08,0.0046646384243662,0.009577842528216,0.0012247287108421,0.0022159059503796,0.0082008986709993,0.015485824013211,-0.3353181443392352,0.0362959814749818,-0.0102500369107392,1.3110337175548326,0.0098081018079514,0.0018960354767307
2025-08-11,0.0063010977591848,0.0121135317538708,0.0005106777120178,0.0022943484852958,0.0066312390909885,0.0164104796538826,0.3194246970442512,0.0361106045000619,-0.0026429881273955,0.6017765482154491,0.0029093453348602,0.0020348810555315
2025-08-12,0.0055203541378713,0.0106213792712488,7.450041035342729e-05,-0.0001805782052961,0.0054541264177687,0.0153869361356903,-0.410670705934558,0.0333867163458479,-0.0040191098853032,0.5381865498567905,0.0082593180454955,0.0037866918824065
2025-08-13,0.0047623265086113,0.0098739670699391,0.0003278503320855,-0.0018798269263862,0.003612020395081,0.0128595643236941,0.2947580569719225,0.041708815366824,-0.0074330208304854,-0.2338490134740494,0.0025331680578958,0.0111347117188326
2025-08-14,0.0041138705267555,0.0083060867463058,0.0004416820867325,-0.0010512167564927,0.0040849335038917,0.0128017023976732,0.0172444485791222,0.0476128544429899,-0.0026038657853439,-0.5346510909091999,0.0062905941014059,0.0108282245360141
2025-08-15,0.0032661596893578,0.0046767626985947,-0.00037171358295,-0.0031943657559092,0.0038846013088529,0.0097271178003695,-0.1661527789541641,0.0557992089892449,0.0010297786437676,-1.1137338990391608,0.0092634467267297,0.0196472856009272
2025-08-18,0.0015580656761215,0.0024534834306364,0.0006503246047394,-0.000586649786124,0.0037795646558923,0.0096838575953621,-0.6084662655708025,0.0803790312495076,-0.0144600816258133,-0.5399573689248934,0.0049897305633508,0.0062176118573523
2025-08-19,0.0025426482309275,-0.0002824828606498,0.000243382349801,0.0019668077736754,0.0069168637800477,0.0051218786078026,-0.1320849871228647,0.0643410023939073,-0.0038751978885338,-0.0836591153665071,0.0097207573631918,0.007303364666828
2025-08-20,0.0018524449729574,-0.0001704955395928,-0.0001959912779471,0.0064127963902129,0.0086961131812764,0.0070270073547613,-0.9272738155908312,0.0526190252862862,0.0045607614117041,0.6562413942677949,0.0060641371968191,0.0053258622837445
2025-08-21,0.0020927888986229,0.0013689448719007,-0.0004958883118201,0.0064760144251563,0.0067608838995775,0.0080486042386673,-0.8896911502716035,0.0296460501412844,-0.007258077228031,0.8800473101803201,0.011706979192375,0.0096866410028771
2025-08-22,0.0017250673345174,0.0045935088511957,-0.0005919842816464,0.0029371915456205,0.0062319713504143,0.0121962212985088,-1.0999450756906708,0.0372317044029546,-0.0012844170802714,0.6816367504174143,0.0081075053730021,0.0103822240656996
2025-08-27,0.0026696567299109,0.0064086238759168,0.000583065312402,0.0028256026604089,0.0068278854758763,0.0096866670302144,-0.1695663410228636,0.0038450633741855,-0.0152740818133032,-0.3200539014695334,0.0038914999357965,0.0136090113867813
2025-08-28,0.0031956159375214,0.0089273398739117,0.000117895886216,-0.0116676206324993,0.0065418080241948,0.0122920915069064,-0.4082903517672627,0.0972341662333119,-0.0016724891673072,-0.0248006332827048,0.0099689015373482,0.0064961555872123
2025-08-29,0.0061700418680275,0.0131779131824224,0.000865226124616,-0.0100623318639587,0.005416965555358,0.0182234755681016,-0.0445508039612725,0.0596952060703297,-0.0152481571839563,0.007724296726207,0.0061320567144896,0.0061497296945369
2025-09-03,0.0083550659572094,0.0138647275747827,0.0013186652509497,-0.0113167172305214,0.0058419030018181,0.0203324650088814,-0.4734689267782211,0.0867509760732234,-0.0074646475860305,0.0756515068855164,0.0065724819585975,0.007232404943662
2025-09-04,0.0068695407713315,0.0102739506469618,0.0018559077988717,-0.0056562612670353,0.005075647165219,0.0152824562789894,0.0405579899197283,-0.0585955353909977,-0.0020963447050042,-0.3684059583552235,-0.0059504489325903,-0.010543951984475
2025-09-05,0.0074061864724283,0.0114996024512309,0.0011103150716713,-0.0053730114398745,0.0035516965183237,0.0153018610062222,-0.2983452209491899,0.0089917309454346,-0.0039110145029655,0.0078563116578442,0.008838421771788,-0.0120690509150702
2025-09-08,0.0055388326422879,0.0098730438017464,0.001216840890945,-0.0001588277747617,0.0040241902311426,0.0171176033987858,-0.3409463827832594,0.0045262569714026,-0.0041378919646145,0.0278352881217328,0.0003960815761424,-0.0118640263589115
2025-09-09,0.0064744857902352,0.0116376815335972,0.000584070574267,0.004442377704793,0.0049007421385631,0.0190361995435425,-0.5589523107550383,0.0512551778766555,-0.0090075530495863,0.7216043754836279,0.0105537326203972,-0.007223842447784
2025-09-10,0.0055953715231565,0.0094590884723027,0.0005936206203879,0.0021068862605509,0.0064360859592753,0.0161588102403134,-0.2842349943781607,0.0609576738324694,-0.0042614917062325,1.1996605947351735,0.002868983443331,0.0030175702253109
2025-09-11,0.0050693694679006,0.0085956392664785,0.0010359438342004,0.0024952072692506,0.0060694472863512,0.0143232814143892,-0.3163945652962528,0.0521169498480898,-0.0100435360175988,1.089280225807041,0.0135222093709189,0.0146260410098113
2025-09-12,0.0037839382526535,0.0068055567329893,0.001010684067114,-0.000746093929551,0.0048759306995985,0.0105969317653219,0.0820468681838088,0.0716371256437081,-0.0007076825862556,0.6342179813271214,-0.0026616179790825,0.0165229747041525
2025-09-15,0.0045819149008558,0.00886600123843,-4.719355278867671e-05,-0.0036323769479914,0.003765359454595,0.0145033244405912,-0.4310941953389657,0.0328928128880785,0.004016343676678,-0.4641698285366648,0.0053488379437258,0.0179027481219444
2025-09-16,0.0054796093186043,0.010080016723409,0.000232513756774,-0.0035355191997593,0.0040007329590986,0.0148697270169332,-0.6064673039298392,0.0665297022412355,-0.001186970535158,-1.407909043856594,0.0082628653831042,0.006573776935097
2025-09-17,0.0056923965815966,0.0112831553921432,0.0003251205868279,-0.0014707751427476,0.005579892420774,0.0159332199204127,-0.5652034643668336,0.0400013054887673,0.0015472235098016,-1.4003912402932317,0.0069145066515528,-0.0036885907059178
2025-09-18,0.0055577912004585,0.0112694407914428,0.0003846309228389,-0.0005275486204926,0.0057439038665132,0.0165123329368725,-0.5538036739856611,0.021065899694064,-0.0123214269529822,-1.4870284085986047,0.0029496995442112,-0.0108731865495518
2025-09-19,0.0090395090545419,0.0154528741835905,0.0005395157292416,0.0037239761098453,0.0067281934878081,0.019946135095382,-0.540001683949502,-0.0088317062933751,-0.0154761211351944,-0.429147597062724,0.0088356830419008,-0.0018047653388675
2025-09-22,0.0100396238177719,0.0169759647377258,0.0008427683583472,0.0056567219202789,0.0081369335881163,0.0210126580819713,-0.2422952654893573,-0.0145713920775776,-0.0214492839076684,0.6775206078479032,0.0046947072745762,0.0102196852034209
2025-09-23,0.0087787037849122,0.0165537919448749,-5.509711917506366e-05,0.0087030716856695,0.0070356635502974,0.0189006983809706,-0.5240721457789309,-0.0542012729015839,-0.0223610242090759,0.5646349229980214,0.0078251358389891,0.0149856012601114
2025-09-24,0.0059877036301566,0.0138608468679193,-0.0008988592864175,0.011288868717268,0.0054093641241678,0.0154104408550929,-0.7361677136534582,-0.0589856583447262,-0.012970681090126,0.2302491584638943,0.0082471346644099,0.0198152924010996
2025-09-25,0.0073467718926251,0.0162505890748185,-0.0013261188387895,0.0006727095953228,0.005078743215983,0.017334862008177,-0.7649413918703314,-0.0056614167257471,-0.0250531471636296,-0.054618269728846,0.0119088890529996,0.0117402393253099
2025-09-26,0.0078098901715668,0.0147186778503054,-0.0007288233267737,-0.0007023833310031,0.005781058810771,0.0169493470258717,-0.8913247165317534,-0.0228225914494862,-0.0376024084517572,-0.2052459272773482,0.0083121459150907,0.0007527502389224
2025-09-29,0.0062985536740131,0.0127437120148423,-0.0001309295656417,0.0011428614125627,0.0074752480048257,0.0139141330044724,-0.2259001931537111,-0.0233300863390045,-0.0381644911943494,-0.3669021301961178,0.0124259554089485,0.0051238713222874
2025-09-30,0.003340523926389,0.0106749921141213,-0.0001948455718937,0.0002116428557039,0.0076475885802459,0.0123204636550223,-0.3061358733283117,-0.0202819816687158,-0.0384378706413215,-0.0358602915034176,3.187174178563741e-05,0.0021323834567784
2025-10-01,0.0038494211303132,0.012317750374352,-0.0004127682573605,0.0002414129612436,0.0064413509390512,0.0140978493961186,-0.4489942249250807,-0.0127055030285953,-0.0295607664568861,-0.0216162573811399,-7.565784225990052e-05,-0.001390051100163
2025-10-02,0.0053203808141932,0.0118996938336741,0.000707031811119,0.0001074358754196,0.0067577449998431,0.0158377282125286,-0.7734193021836032,-0.0023183999066446,-0.0229398217302584,0.1668967234057614,0.0098457099751791,-0.0064484249506941
2025-10-03,0.0056791356158052,0.0124576209432772,0.0006506738539079,0.0008332110853582,0.00622679584358,0.015291131760801,-0.798063155822361,0.0009384929773798,-0.0049668386692827,0.166211412479609,0.0010704103702959,-0.0126127708442457
2025-10-06,0.0061578256483905,0.0144923640033911,0.0006635327124545,0.0013923908788238,0.0056740814371203,0.0181430649646286,-0.8549745293405615,0.0003518879323742,0.0032473560828026,0.3614758600471614,0.0065853134718837,-0.0024723754245081
2025-10-07,0.0071054198763666,0.0143449446338472,-0.0002198013365533,0.0007433892038305,0.00570690402612,0.0163599975043256,-0.6116204824361782,0.0042126382649548,-0.0005216717418561,-0.2383799031377144,0.007762760585719,-0.0012659293143124
2025-10-08,0.0075224118604432,0.0147234755368366,-9.424948827704274e-05,-0.0006405756722035,0.0058499622033236,0.0172439447181166,-0.680467722297541,0.0014092854309837,-0.0041320280397879,-0.222804775151643,0.0100756069025382,0.0051087105886024
2025-10-09,0.0076035661037603,0.0156077678585006,-0.0001480204749386,-0.0002182355790936,0.0046956341025934,0.0167669372099041,-0.4472518255130536,-0.0042108059287509,-0.0070138146270736,-0.0178796540561688,0.0181159994049836,0.0016281697217226
2025-10-10,0.0067249483013892,0.0138083048891746,-0.0006935469342721,-0.0014827673854361,0.0040919539849683,0.0170212483040566,-0.513647844242664,0.0021454817286664,-0.012083810063793,0.0691921243334608,0.0065007799031756,0.0056970984294862
2025-10-15,0.0033713442051301,0.0094792799368442,-0.0011136319186481,0.0006865470510406,0.0038156245942066,0.0138209334053216,-2.008074436190093,-0.0055892019177151,-0.000105484490981,0.4689344965894199,0.0032287706639331,0.023006278758105
2025-10-16,0.0046944466028571,0.0118117126128412,-0.0002929019620067,0.0021428488468923,0.0041170660158869,0.0147690857661495,-1.9174130080859408,-0.0230904875186645,-0.0140151392506324,1.1392228663383608,0.0144463505301154,0.0253255034699211
2025-10-17,0.0059893222782303,0.0132851279941389,-8.506835418826698e-05,0.0017355739399524,0.0060665923181668,0.0193545820525905,-3.0534367674066085,-0.0050631021116115,-0.0157773891555712,1.196706632506075,0.0117013133410183,0.0268783120736617
2025-10-20,0.0076848799728179,0.0134934652748757,0.0007178151127438,0.0007804141989111,0.0073885013020175,0.0178721412258498,-1.5252345374512215,-0.0077295997556644,-0.0260911566011903,0.6799483236691752,0.0099690863763464,0.0241893049212788
2025-10-21,0.0063985856344597,0.0122989563766536,0.001338986146258,0.0007634992637376,0.0073443581831864,0.0158887668003113,-1.3276776749135752,-0.0037245878771967,-0.0308410362161955,0.918478427681745,0.0198816237376034,-0.0034983215297432
2025-10-22,0.0055651720328883,0.011340256118096,0.0005271969166483,-0.0006109876323043,0.0055818061526887,0.0131308230355491,0.2821851101802707,0.0034713933024472,-0.0114634379321534,-0.1916802984294506,0.0079175550649585,-0.0123778730624354
2025-10-23,0.0052928007683281,0.0116955276556986,8.961284955416807e-05,0.0001013560190528,0.0051256227286679,0.0149792159018852,0.1542767386593383,0.0003678177282131,-0.0124913063400398,-0.1837509329456511,0.0065355889925422,-0.0262353384735443
2025-10-24,0.0057153611975389,0.011786710086779,-0.0007120806303483,0.0011820226846121,0.0045178736185321,0.0132357453133123,0.7344400579788568,-0.0058675645437321,-0.0085820164655753,-0.3308809221048522,0.0149063672725515,-0.0199206573558585
2025-10-27,0.0008745831211575,0.0059900018921462,-0.0001230856886959,0.000135795179686,0.0031498264752555,0.006127319800191,0.6437825654154388,-0.0986275408049033,-0.0077105889511312,-0.1593198796453835,-0.0080988802403008,0.0010516331062355
2025-10-28,6.978658506058728e-05,0.0085517821847104,-4.788853034801873e-05,0.0004168647543991,0.003541134785279,0.0049595660835511,0.7198474652736677,-0.0889035115458308,-0.014362927003018,-0.0913608675033739,0.0001350940757178,0.0086036622435336
2025-10-29,-0.0005866223770351,0.0041989027435937,0.0002628252856983,0.0002638275544298,0.0037823160250663,0.0069859204996411,0.0524886540363708,-0.0960639570407005,-0.0112115864569903,0.0650657216352433,0.0018624221852282,0.0064089563932804
2025-10-30,-5.255455466698347e-05,0.0046840053081,-9.328723977119956e-05,-0.0015573850029417,0.0032834870992752,0.0073116219838644,-0.2466149047487988,-0.0799258987450936,-0.018693145432269,-0.164000089205997,0.0061941271805451,0.0037740522388589
2025-10-31,0.0010305033393938,0.0025966974746208,5.0385639401148415e-05,-0.0020974039374271,0.0040126891978374,0.0065350371500044,-0.7246168966285247,-0.0431962532571461,-0.0117974763643699,-0.4036653670582831,0.0100550338702627,-0.0032864606379172
2025-11-03,0.0010584396024913,0.0049499228653244,0.0006307675661419,-0.0006268775273166,0.005499068718777,0.0056477815825344,-0.7682753567694744,-0.0181563613454426,-0.0172956704806804,-0.3996172084178126,0.0084980793407926,-0.0021366901602797
2025-11-04,0.0007765006622557,-0.0004382900015638,0.000300558551766,0.0002218407262464,0.0040099617673932,0.0066227967702012,-0.540339802415583,0.0112441567487255,-0.0166701656461323,-0.1769494833681834,0.0032014690561304,0.0069464826775648
2025-11-05,-0.0004325915055132,0.0006889094739906,-0.0005876160729438,-0.0009499424183016,0.0027179896948267,0.0072032029310719,-1.1016706279478374,0.0304279719851958,-0.0060856385212911,-0.075268460013015,0.0102701565498879,0.00685998621671
2025-11-06,0.000424445580893,0.0019914319943896,-0.000586456822501,-0.000255050566214,0.0040026461996308,0.0069909918843153,-0.9566019754170708,0.0624292957740368,-0.0178119006819626,0.0361340754596761,0.0220597403184819,0.0065571860058563
2025-11-07,2.038811241457904e-06,0.0022841588448028,-0.0003580257400276,0.0010485748729891,0.0053867522450234,0.0062505415246497,-1.3039461018605167,0.0643891927628265,-0.0009859922853198,0.4888457781835315,0.0172157378468867,-0.0016272062331947
2025-11-10,-0.0001612442486946,0.0017157699671431,-0.000714462389268,0.001552979123147,0.0053333045574916,0.0060600178347167,-1.058138151099973,0.0971362802857658,-2.0877417100134688e-05,0.2198429710329463,0.0220999271137327,-0.0088716577817462
2025-11-13,0.0006310995687144,0.0092170641671784,-0.0002594955512081,0.0010169402689742,0.0058798073817169,0.0073350551162216,-0.474630674418836,0.1351777195665078,-0.01386653153258,0.9445804714495596,0.0369750877431812,-0.0092006057830877
2025-11-14,-0.0015579363278407,0.0060916860705875,-0.0010202109332269,-0.000321598591199,0.0054792715650514,0.0057564917963202,-0.7625420808267231,0.12006882595406,-0.00040993761755,0.4554954979794448,0.0079087922165304,-0.0012741698391308
2025-11-17,-0.0004805618134342,0.0111080981261752,-0.0003205875636636,-0.0020525639136052,0.0048906910438881,0.0051916546143456,-0.9032292191202158,0.129334652995934,-0.0130625206229307,0.0292009527970705,0.0072826986790871,0.008950299793437
2025-11-18,4.744054630031981e-05,0.0098038848260153,-0.0001724847449207,-0.0013155257879075,0.0037766056496811,0.0060530970089885,-1.410788484275764,0.0601075577877016,-0.0067950772272266,-0.4149639559444188,-0.0211066047055588,0.0006854972970604
2025-11-19,0.0003656394081063,0.0129149724795433,0.0005603900772353,-0.0009245079565021,0.0028699595995901,0.0073508169699419,-1.6151185630170697,0.074873288620879,-0.0107088588038045,-0.2030638419843931,-0.0166045081131802,0.0030811399155514
2025-11-20,0.0019774886212628,0.0140949808234162,0.0004358924885167,0.0006112309671278,0.0032702704955097,0.0082091105714173,-1.5760179340228704,-0.045639756145199,-0.015054580075406,0.7126136661740506,-0.0163657782329856,-0.0090196249609339
2025-11-21,-0.0003675020352439,0.0136913174378489,-0.0003051867949398,0.0002465135783249,0.0043809671858988,0.0073516605074459,-1.9892964797050063,-0.0602945832556153,-0.0162381217703917,0.7944546517672595,-0.000425452904615,-0.00726133254467
2025-11-24,0.0009812554022031,0.0166197460477478,-0.0001344148421069,0.0014103662100465,0.004943143265776,0.006843587138576,-1.001282329744227,-0.1191347186935851,-0.0315164356129883,0.594233490712882,-0.003389107017563,-0.0095342184596743
2025-11-25,0.0016777665068168,0.0202129787802772,5.807872740398021e-05,0.0021919429848136,0.0051085032464165,0.0070492168504732,0.0984836050244444,-0.0739249953529131,-0.015445717640202,0.818588778374493,0.0128252448406787,-0.0052203028551488
2025-11-26,0.001163673311267,0.0173771348934607,0.0003417894727214,-0.0004327110484158,0.0043160528267307,0.0079317563074147,0.8961566237551452,0.0041853936005224,-0.0481797515319873,0.0510048026531515,0.0047677042817705,0.002421076658594
2025-12-02,0.0002603552289386,0.0172894088955842,0.0004602490087706,-0.0002386718893088,0.0043656239042747,0.0071243498436013,1.3364258836849547,0.0086033842879857,-0.0134974105504371,-0.154883646010896,0.0199349729472891,-0.0081402275540801
2025-12-03,0.0009497359100684,0.013370572978107,0.0006952107756688,-0.001423783139372,0.0047252218375094,0.0081801336120142,1.0728119356851913,0.0049048902755416,-0.0229041089086693,-0.4100648312326796,0.0187459272214222,0.0029019438810294
2025-12-04,0.0007308141137198,0.0145966260370647,0.0008191158500975,-0.0008603263801599,0.0051102090797407,0.0072181826578385,0.7955614178453932,-0.0030301825760667,-0.0012181506610801,-0.379027992623659,0.014355037006537,-0.001962921612781
2025-12-05,0.0004637725020801,0.0096409749097731,0.0006202988697312,-0.001126270676086,0.0044665367320192,0.0075587332033846,0.3073884421961901,0.0029245152821761,0.0024898524866093,-0.6387772184576931,0.0025009125634215,0.0065967175156174
2025-12-08,0.0006143982779629,0.011503344766508,2.777072348690934e-05,-0.0020931858578179,0.0040780035301142,0.0066628148366151,0.2134031423565496,0.0025460763312119,0.0114896992103525,-0.4972527979686794,0.0062325924098948,0.0019128654984268
2025-12-09,0.000152814321686,0.0081026105397859,9.974201038873531e-06,-0.0020520956096608,0.0038624122687174,0.0053930853610887,-0.4394473647926347,-0.0013298882821947,-0.0237174709894945,0.1310360673458543,-0.0018504530752983,-0.0004576281944093
2025-12-10,-0.000647171019761,0.0080200677326942,0.0001304700600728,-0.0012284943934558,0.0033818035320618,0.0057188505198838,-0.4733289564889238,-0.002104652531663,-0.0364881964839628,0.8796604744576251,0.0017410371300915,0.0105305223872859
2025-12-11,0.0007891041372555,0.0059648266632106,0.000151925204837,-0.0002142105211273,0.003050249983675,0.0060146290549348,-0.4051928410096934,-0.00056130993524,-0.0507730838251497,1.3550589999784206,0.0119092244353307,0.0193474191822204
2025-12-12,0.0003728224118588,0.0089519813177857,0.0006585216815731,8.401601569923544e-05,0.0042187675500608,0.0080989670395538,-0.6705704878876333,0.0011639890927351,-0.0509849782306961,1.6639261646511336,0.0225065919318997,0.0336491853635348
2025-12-15,0.0001646846900068,0.0051459495888887,-8.061194072001143e-05,-0.0014551970058744,0.0042264296969813,0.0079134582204975,-0.7578749512298102,0.0010230984699755,-0.0410633148172871,0.7062261272870214,0.0150335496362712,0.0367705039064166
2025-12-16,0.0003304184813635,0.0082644061329564,0.0001260086823853,-0.0014448279615116,0.0054680456202827,0.0061044045757939,-0.7740742382950165,-0.0130185139883203,-0.049625766228987,-0.1877922521053427,0.0135134373856667,0.0344095077466157
2025-12-17,-1.0980779245790568e-06,0.0075058794617875,0.0005322917769136,-0.0001656695659168,0.0052991576349471,0.0061802907123255,-0.8168243562063411,-0.0098241222860073,-0.0073565396102114,-0.5281109793237053,0.0075804818546647,0.0408697533863827
2025-12-18,-0.000361785977171,0.0090816214549611,-0.0003269700529463,-0.0015947556344316,0.0046770535956175,0.0077631795753468,-1.1951354834763033,-0.0088903137768412,0.0138253942888425,-0.4282864038867773,0.0063581464403064,0.0282406651722491
2025-12-19,0.0013566904451435,0.0093827387525389,0.0003965582685434,-0.0005161201497997,0.0044726102199931,0.0075794551110982,-1.1577987745428175,-0.0095525815923109,0.0183039485967213,-0.6382108367488959,-0.0020571966337705,0.0142991989532468
2025-12-22,0.0016077879115411,0.0119913776729735,0.0005120367677272,-0.0002094101252498,0.0042411607745296,0.0071968997508261,-0.1523486705967055,-0.0002969912805766,0.0315392338314532,-0.2775961851429663,-0.0046510657204643,0.0153618767131432
2025-12-23,0.0003319952452858,0.0085205142801454,0.0001797382621198,-0.0004276083507869,0.0038142332347812,0.0066041830698307,0.085876286734813,0.0049386843716307,0.0464175582837905,-0.033457617766239,-0.0005375625122376,0.0045774473877461
2025-12-24,0.0001738717076487,0.0083183713233654,-1.2293679585754748e-05,-0.0009749497334946,0.0034059993229883,0.0052942926780976,0.2300098578936219,0.0079693485893056,0.0282660309337854,0.2844600825345976,0.0031715410478642,0.0244350372644496
2025-12-30,-7.273152402829865e-05,0.0098852244955008,0.0004545963433769,-0.0028478672892148,0.0030806774480081,0.0062963590765517,0.5725624520994842,0.0107629437068406,-0.0082028850670865,0.2763955545033701,0.0020003242146667,0.0244457143686022
2025-12-31,-0.0002544978140788,0.0078232818880325,0.000528330529797,-0.0012863011723726,0.0041627820068184,0.006918468270662,0.1027310165602483,0.0009182986790191,-0.0462517237342578,1.3454148243880697,0.0251787376271848,0.0210898611898086
2026-01-06,0.0032426247744725,0.0002377872378168,0.0017313191390378,-0.0017307222852839,0.0036920199636624,0.0090722572965201,-0.7463612055219779,0.0260015840625354,-0.0410673439991484,0.4154460941386836,0.015656112989566,0.0274779107062376
2026-01-07,0.0041103661697959,0.0011338608177476,0.0021019765647981,-0.0011479695675819,0.0042729980658494,0.0075042823672218,-0.556966383333392,0.0192168193912673,-0.0548431558961337,-0.844016409859688,-0.0043873877641626,0.0170646984003747
2026-01-08,0.003046520715365,0.000553977529089,0.0015635826632002,-0.0008218666682297,0.0049022091929812,0.0075773771743175,-0.808809279111697,0.0260994928671153,-0.0043721410939938,-0.8215631304840998,-0.0044433221574819,0.0084363516955454
2026-01-09,0.001807821510964,0.0010304033364491,-0.0006987461703858,-0.0014535057460794,0.0029264795339625,0.0063227368731991,-0.7376828490596556,0.0125665755552802,0.0127040166114122,-0.3629333822508207,0.0086285571703223,0.0094485706448801
2026-01-12,0.0020749887238434,0.0012011035942008,-0.0003345424904109,-0.000741489151517,0.0014318693720024,0.0063003190053824,-0.5131207663620806,0.0198283659524263,0.0103318993728743,0.1060969626967807,0.0164940817159975,0.0033329027368153
2026-01-13,-0.0003094313256412,0.0009994880301539,-0.0003321270809463,-0.0001774072726103,0.0010077234486108,0.0057563547148986,-0.1403106438716612,0.020630772576277,0.0018216287848297,0.0896040386181828,0.0136740502703054,0.0106516094425758
2026-01-14,0.0001773673827708,0.0004525433671408,-0.0007287419308206,-0.0011843736293025,0.0002043358862873,0.0060337448660598,-0.4433985333214427,0.0203147348002114,0.0074639179590149,0.0892901559280247,0.0104387982543872,0.0084373990848391
2026-01-15,0.0003347849856571,0.0006525900940604,-0.000937210101913,-0.0018544392233422,0.0012757161142168,0.0060557635566001,-0.7893518684363521,0.0183651156120979,0.0069699031557336,-0.5227951986772392,0.0028724601477673,-0.0031842129493504
2026-01-16,-0.0001433075640957,0.0014045040846207,-0.0002738585697383,-0.0010057966496677,0.0039943387122957,0.0070362750843503,-0.5077892725266197,0.0165430931520465,0.0160198554081224,-0.7697578392451572,-0.0066953728873505,0.0049610568044521
2026-01-21,0.000154498937851,0.0007882555927118,-0.0002838100303079,-0.0009560990168169,0.0039629571596492,0.0066981664044462,-0.6693249546125281,0.0177430483139396,0.0057827753476157,-0.2990984149340348,1.7546939605197695e-05,0.0005662264354426
2026-01-22,0.0017814805673059,0.0011214972743543,0.0006769207357832,-0.0010747223940425,0.0043577650992845,0.0056165016427145,0.1393344667070385,0.0218076467117023,-0.0112027845427765,0.8103131621642954,0.0214805823030934,-0.0194268082877523
2026-01-23,0.0013274590927203,0.0014163722037158,0.0007403173890213,-0.0001618484259069,0.0040979484732713,0.0064404444803356,0.4355025000968975,0.0293735176372327,0.0094253899621783,0.6151965964113967,0.0080543824487647,-0.0900017526525048
2026-01-26,0.0023545397719087,0.0010288928995023,0.0003942297996283,-0.001355301885887,0.0032862320578142,0.0074714738397083,0.4553082688192168,0.0239360360869066,0.0079792363458821,0.6161669368379368,0.0100333535227609,-0.2617409185026262
2026-01-27,0.0066843377505782,0.0014661017006434,0.0010721915913364,-0.0014639598284027,0.0036333698717947,0.0078530449646093,0.292466804111583,0.0214465953067602,-0.0047844419839759,1.2020265388627078,0.0186395169052729,-0.2202191503404674
2026-01-28,0.0064318380166475,0.0014446417201769,0.0017053970948049,-0.000739367282969,0.004845441572424,0.0074482558635524,0.6066425907898502,0.0267760874911872,0.0064756979453278,0.0538556545723468,0.0010594302478348,-0.1546402622397171
2026-01-29,0.0070637120854748,0.001045699673089,0.0010310607391901,-0.0027530305695329,0.0046768167621449,0.0075673537763005,0.3645376897321708,0.0244712849344172,0.0063199400964497,-0.2041700648749947,-0.0026109161889854,0.066357265475565
2026-01-30,0.005675788421861,0.0009724711058823,0.0016252687634659,-0.0018200927612967,0.0033203976248259,0.0074300899830237,-0.2378728424901383,0.0212210933726351,0.0001874251338814,0.135114385108954,0.0174935448486982,0.1416158283943822
2026-02-02,0.0066232054706954,0.0005727534087542,0.0013190329648671,-0.0017471043770613,0.0017356906315162,0.0080273283859514,-0.8565801321678921,0.0181047802831379,0.0125823086150327,0.5872732776498107,0.0071669773830256,0.1620032253149402
2026-02-03,0.0068880387830447,0.0013506375518676,0.0006658301891306,-0.0017098094076078,0.0035595311024828,0.0083510915836735,-0.7094203690183065,0.0122401754216724,0.0013538693796334,-0.7871380154285789,-0.0161818210143468,0.1450644521659383
2026-02-04,0.0017207597631175,0.000210322252026,1.7281059448374892e-05,-0.0010110170143175,0.004453311769852,0.005423807902119,-1.0577284542592942,0.0179749290509396,-0.0015433406101989,-0.4527502522856128,-0.0037557969427706,0.122585716181863
2026-02-05,0.0004218656965211,0.0006097827329141,0.0009336166766745,-0.0007346520339439,0.0032518339946051,0.0065419878938926,-1.4574385513616672,0.0202885284626679,0.0204102567589609,0.408942815860865,0.0196244491013547,0.0657091488901334
2026-02-06,-0.0005066007442823,0.0003553528289789,0.0001833940519675,-0.0016632638830918,0.0037957219537618,0.0076613667052253,-2.296871702954962,0.0154407993004894,0.017457461279331,0.3953374703456185,0.0065392134326613,0.0323365913933866
2026-02-09,0.0031968882086197,0.0032816458064836,0.0007950199945887,0.0008044698877976,0.0031425807373369,0.0074135786377088,-0.5851077549161329,0.0163465238222244,0.0083326681362749,0.46525831277336,0.0111112027674634,-0.0114039720206304
2026-02-10,0.0015764779122686,0.0022127042158251,0.0004627555181932,-5.776242752435657e-05,0.0022350262603075,0.0076370942122495,-0.363042175819372,0.0229324742566263,0.0096955984378795,1.161383896665283,0.0145861637649471,0.0665904558704942
2026-02-11,0.0025349328790047,0.0009883868878698,0.0005703011272229,-0.0018189609278041,0.0017806719516368,0.0065681904847722,-0.2519720624919909,0.0246168774428923,0.0056061999631215,0.676414236557883,0.0127336791472303,0.0940255386653852
2026-02-12,0.0043190163537879,0.0017295191520839,0.0015488984954173,-0.0025801672080538,0.0030778685138755,0.0082305739480445,-0.3864151439686867,0.0229075369828858,0.0080479177894864,0.2574689745386074,0.0162490282005765,0.0726793803246087
2026-02-13,0.0047995068207771,0.0002920098088163,0.0024260868298884,-0.0025039827553269,0.0025843563939794,0.0093533256269675,-1.149761294499248,0.0190753617748116,0.0157402926880166,-0.4977837325274128,-0.0006143368313304,0.0333749640416611
2026-02-18,0.0052193957020464,0.0015672227468296,0.0034219269280914,-0.0009956999078307,0.0042359347565734,0.0091742730126208,-1.3608346857746485,0.0144162435481991,0.0148076413950063,0.1497119468264927,0.0118528695958509,0.0130232489382187
2026-02-19,0.0046775311237296,0.0022646190354802,0.0028755330421842,-0.0005062907153488,0.004840202540299,0.0103218577026329,-1.3219663266051462,0.0142537174269538,0.0032745586809823,0.4185871998235398,0.0266575313244453,0.0145894685999805
2026-02-20,0.0026843155513587,0.0012851514411556,0.002002534145922,-0.0013171435181836,0.0049193856484281,0.0077829879810541,-0.9869458875811468,0.0194926938219895,0.01108795474965,-0.0147156757939825,0.0116681169970109,0.0195070902276192
2026-02-23,0.0023010230216271,0.0016485346815255,0.0017806954552854,-0.00051503012564,0.0060199089232599,0.0065070560365784,-0.436256371315433,0.0212482504803456,0.0141228475394838,0.4439160299172849,0.0170948439496721,0.0171167739767662
2026-02-24,0.0036212913381802,0.0005234362803896,0.0012541757210472,-0.0010745117111221,0.0051459505530873,0.0073961284794627,-0.8335357755491868,0.0283899694739983,0.0074477471062455,0.5652032459988547,0.0125891464217523,0.0086170616388605
2026-02-25,0.0035714804462458,0.0021090337452964,0.0008360949645341,-0.0009770621838869,0.0057391441621397,0.0079705033141907,-0.366701391318105,0.0159993319757879,0.0017745207050504,0.3466919667120386,0.0064662517069884,0.0130730246016543
2026-02-26,0.0027723635550283,0.0021337791519332,0.0012609665943603,-0.0007554771692474,0.0055322436370077,0.0081285118187309,-0.2030410651041934,0.0183262436328438,-0.005520487098261,0.5928650447765595,0.0104809517556913,0.017183819242406
2026-02-27,0.0014065170394864,0.0008627340773412,0.000854488452131,-0.0012182824336466,0.0045693973656745,0.0071029024844793,-0.2405044813463354,0.0155547834804543,0.0087985839645002,0.3996124897244326,0.0050643188756284,0.0250798750917174
2026-03-02,-0.0014998636143984,0.0010863696985347,0.0007149682063178,-0.0008707631909626,0.004155165631352,0.008566022066309,-0.7322214373911526,0.0260694899740381,0.0042206973876453,0.5960496396475367,0.028036899696062,0.0181471684946103
2026-03-03,0.0011196284062762,0.0016796969953662,-1.582317838233454e-06,-0.0030315516090929,0.0036060913114188,0.0078815330427839,-0.7725013169982013,0.0215655862343016,0.0090238213973403,0.2042250932384346,0.0326245078566823,0.0149249612674866
2026-03-04,0.0004360576415224,0.0002760389135701,-0.0016001264071015,-0.0007267692066191,0.0041642307395349,0.0061538129686766,-1.3864542007348772,0.012017566202199,0.0327437022378323,0.1447097575496277,0.0277964435232503,0.0084262752269548
2026-03-05,-0.0011161344040396,0.0011838969333544,-0.0018364407708001,-0.0006961525898353,0.0045983383611495,0.0046361243487584,-0.5818883255371415,0.0103473014534145,-0.0053771577838182,-0.0847103766333334,0.0312783511967344,0.0156120559182933
2026-03-06,-0.0018878567698938,0.000256558021505,-0.0031364544144234,-0.0008489283277304,0.0041144314852737,0.0030207979318509,-0.9590020801203496,0.0203759473442849,-0.002126963416622,-0.1321927973100399,0.0456692927124381,0.0140200285816735
2026-03-09,-0.0001016256137539,-0.0002148539224895,-0.0018856665590859,-0.0026124725997669,0.0002886292787921,0.0046980888331047,-2.268956366226736,0.0135325625312923,-0.0064614169218309,-0.6192138922834205,0.0761092575980966,0.0032757473407555
2026-03-10,0.0015937668792055,0.0016588285144771,-0.001418950573968,0.0002717635433882,0.0005681040202672,0.0042420191400002,-0.5909180849930923,0.0198425704019904,-0.0280499857739562,-0.6770028239186947,0.0637753745045562,-0.0084500998262422
2026-03-11,-0.0028363220614062,0.0013368798551339,7.608716864857527e-05,-0.0011538329223715,0.0005294583395886,0.0070708696234499,-0.5811813101549375,0.0182960655591759,-0.0040352308383281,-0.3012866006709664,-0.0290366768054345,-0.008584347934813
2026-03-12,0.0017335852718664,0.0009587880136239,0.000568398521677,-0.0016918806824379,7.441472822149826e-05,0.0067140500840369,-0.8255089098825663,0.0188716718285315,0.0007393731618814,1.5123523767130091,0.0439078402950441,-0.0098623569033331
2026-03-13,0.00241756997964,-0.0004488795880194,-2.357484219209032e-06,-0.0031051283296346,0.0008929560068164,0.0051244137719949,-1.18398977861006,0.013211498922446,-0.0048620168969205,0.8325915246053224,0.0488879658995791,-0.0079471618414969
2026-03-16,0.0003619551011361,-3.326782697156915e-05,-0.0001272167839378,-0.001893546290008,0.0009098066539797,0.0048198509580248,-0.3568279420382662,0.0106600000029207,0.0032504055148957,-1.1762341738359434,0.0112386975289539,-0.0018197540096132
2026-03-17,0.0005092673706212,0.001334158124447,9.027151959348982e-05,0.0010625975578855,0.0007346000281772,0.0045677511106974,0.6271871996584353,0.0100188697506887,0.0172980548429742,-0.1296540438793976,-0.0870365330523816,0.0123061505739037
2026-03-18,0.0036004588644582,0.0020583724150939,0.0002645535905866,0.0005861628282105,-0.0001231735533323,0.005881505533456,0.2023630353503384,0.0235180801737794,0.0120942968270658,0.994631371294819,-0.0647232158041317,0.010301982337005
2026-03-19,0.0041737617343278,0.0006935710652721,-0.000147560429864,-0.0022989125234375,0.000188989583095,0.0072976596355035,-0.7468737415660678,0.021181844983753,0.0081679806654779,0.7128686868637781,-0.0899811934379187,0.0091338186573228
2026-03-20,0.0052756422955719,0.0007528834468379,0.0013766740623269,-0.0015161946506056,0.0011599831763292,0.0071499533248627,0.125417436372915,0.0199122245439956,-0.0028875817331709,0.4436499230170693,-0.058901501136437,0.0021840493469118
2026-03-23,0.0031214562771495,-0.0005821259375104,0.0011590611400269,-0.0009323846251103,0.0015837806371115,0.0046237665734383,-0.6341161732508878,0.0023789719851941,0.0056452240088495,0.511966909346277,-0.0346793656230267,0.0093959123943824
2026-03-24,0.0027038827431395,0.0011730105823197,0.0014246741181374,-0.0004753341300665,0.0005810139975984,0.0066795461165718,-1.087388859061166,0.0097615403466557,-0.0007593725520895,1.1467279944062398,-0.063821257420448,0.0103324747113123
2026-03-25,-0.0015463487198442,0.0006151431558444,-0.0006039052191595,-0.0003334180405216,0.0008137583261446,0.0037437803425934,-1.0707494836392275,0.0241628594765984,0.0026387146207229,2.556078846182627,-0.015442267732608,0.0245251206520702
2026-03-26,-0.0043660450841048,0.0018442050274056,-0.0008047774503462,0.0003434234788217,-3.645620168283084e-05,0.0081315464363841,-1.2251507816156848,0.0220653926736796,-0.0097245261485014,1.4089348428834214,-0.0409031815496025,0.0162648607541902
2026-03-27,-0.004831838438129,-0.0002598902538174,-0.0026516547039387,-0.0018332871797603,0.0003169582169332,0.0063552617905312,-1.448944610802516,0.0246077835797773,-0.0036794547446986,1.4006861783340612,-0.0078273510281776,0.0132156388450211
2026-03-30,-0.009362894928299,-0.0002034931370637,-0.0043342130185747,-0.0015595617110761,0.000935705307315,0.0062369332761592,-1.4696142542135593,0.0116748880436379,0.0166983539715473,0.5026231412876208,-0.0149350719187391,0.003230329287339
2026-03-31,-0.010224573655262,0.0002652867413794,-0.0051693223901991,-0.0002206187795324,0.0012386297255973,0.0046875108280212,-1.3199739358884084,0.0134934171132975,0.0044272028649327,-0.1334184479106825,0.0033285687349011,0.0054764144823157
2026-04-01,-0.010700722451949,0.0046613054581341,-0.0054412746176449,0.0024653073354869,0.0010328203126461,0.0064687394094427,0.5626768673423355,0.0117615035581848,-0.0069112550809736,0.3638647223727513,-0.0390017607614251,0.0095320554729845
2026-04-02,-0.0145358322650799,0.0025667791578978,-0.0057433623819078,0.0001359866790631,0.0004451971574027,0.0093164381551598,0.152085265009558,0.0229134906445026,-0.0028064298672353,1.144515879806442,-0.0085126803883148,0.0080448874221177
2026-04-08,-0.0154396439403185,0.0014633606676505,-0.006837086939342,-0.0016555174297575,0.000512231925136,0.0057444955958822,1.0887639837604195,0.0339571055457686,0.0084153074271705,-0.2429740498190967,0.0477822334426372,0.0083938784321068
2026-04-09,-0.0120712943131191,0.0030828839564597,-0.0038296151476713,-0.0010217133018203,0.0013722427691521,0.0038412200528731,1.881451731328156,0.0201727892826071,-0.1048134058593112,-0.4697918877051568,-0.0865033983003078,0.0171871491212286
2026-04-10,-0.011749228584315,0.0020655774939339,-0.0044466552978699,-0.0002217024047498,0.000279259301076,0.0074440909064833,2.0581486307937937,0.03531079205521,-0.0879823299482828,0.8580288382320687,0.0343096696721601,0.0263320533116816
2026-04-13,-0.0107645038081261,0.0013426349382143,-0.0048387462580671,-0.0019579064885508,0.0002088974809011,0.0092016496652654,0.7073362894687076,0.029068448667355,-0.0794664617392209,-0.1048703248530505,0.0006401832875585,0.0292177167963666
2026-04-14,-0.0060889331692869,0.0019641175494079,-0.0033961249028954,-0.0009941459333573,0.0008329668594262,0.0031548609171468,0.5608141786730243,0.0274103606596429,-0.0756373407805667,0.2405187738874133,0.0232669277788556,0.022527904378676
2026-04-15,-0.0062773578395917,0.0020381053472012,-0.0025263793965012,-0.0012308912721621,0.0009930392092759,0.0048242133816585,0.974494646346162,0.023233526005436,-0.0179824962773581,-0.0379081514542949,-0.0345214646636299,0.0140099180641169
2026-04-16,-0.008300854829272,0.0022137837933759,-0.0032797116135439,-0.0006339760323454,0.0001521574274317,0.003611782641069,0.468456222647191,0.0278032733275306,-0.0106739332460513,0.8942855302778658,0.0180334932989416,-0.0013253913244906
2026-04-17,-0.0084432953046533,0.0014420432738131,-0.0038378483955693,-0.0017609681973107,0.0004142937123919,0.0032248359782566,-0.0865557971968765,0.0237463901257011,-0.0136271504843622,0.4008440801590276,0.0337112780346246,-1.72818608985539e-05
2026-04-20,-0.0033268674438657,0.001985446652197,-0.0010260670963065,-0.0018949344548385,0.0007382844512344,0.0036322531069597,-0.2048881576347591,0.0241906580630641,-0.0210073914415962,-0.0203800698775269,-0.0272684548292903,0.0031764879508032
2026-04-21,-0.0061479285685279,0.0013191844145819,-0.0025085311856808,-0.0005990556721051,0.0006997863181843,0.0052845999468211,-0.499722057799523,0.0264925833165085,-0.0035023628834887,0.8794009379945311,0.0374629784501466,0.0055791883225017
2026-04-22,-0.0076992333769266,0.0012100336108854,-0.0032719610598841,-0.0020554650250948,0.0002784371280515,0.0064697812966826,-1.6285247001393413,0.0236032003556192,-0.009574113689763,0.0976690570984586,0.026051962137902,0.0027912005054762
2026-04-23,-0.007054724476621,0.0017875731737047,-0.003369923646124,-0.0011666491919578,0.0010032798897139,0.0013061371718737,-0.5036736765805387,0.0230396663253261,-0.0185009334887741,0.5085720365133604,0.0121532100953796,0.0042932022065654
2026-04-24,-0.0083843677934885,0.0006168152363311,-0.0031209755382506,-0.0019765705095133,0.0011587737511389,0.0027214058249084,-0.2566826578386569,0.0210431849004279,-0.0077591367780139,0.6924831795583098,0.0458470847401929,0.0126914719819511
2026-04-27,-0.008022806955205,0.0015705347194749,-0.0039644874991461,-0.0006651854625441,0.0002638697274441,0.0018197865751396,0.1196264631686115,0.022857812942114,-0.0211122050448626,0.6301046642698889,0.0133927476214134,0.0177007426402889
2026-04-28,-0.0073884697758257,0.0012732064182099,-0.0038442369313496,-0.0008324596412782,0.0005295217868262,0.0066605357756382,0.0247180800960698,0.016413902876076,-0.0233848433474543,0.9284162572395962,0.0247950668033963,0.0149038426575126
2026-04-29,-0.0063498803207612,0.0009650227570338,-0.0036404912524717,-0.0019027772931695,0.0002020967635577,0.0059425009645013,-0.1910594780724576,0.0273829130847379,-0.0220650831130864,0.461788959859322,0.0318080711581617,0.0056461387699262
2026-04-30,-0.0029838696236783,0.001145508361029,-0.0034068820594145,-0.0014805634151965,0.0007781160960194,0.0040686777546254,-0.3123282956398581,0.0168001002127435,-0.0154363463493707,0.6299502397612773,0.0552530984979454,0.0031893213791911
2026-05-01,-0.0030807214249971,0.0013784717959559,-0.002779820246918,-0.0006114906086854,0.0009417276894048,0.0035687307621185,0.43181393395295,0.0182586044037084,-0.028059697051377,0.3956165282369787,0.004237548304112,0.0063011909608898
2026-05-06,-0.0065388336338931,0.0011223224536908,-0.0030852821432088,-0.0006830717845417,0.0001815122630706,0.0056852790969177,0.3633669011774422,0.0267606959930419,-0.0034604937473501,1.0300012581713829,0.0033283818120884,0.0066956143688345
2026-05-07,-0.008132315165472,0.0026083611481219,-0.0022210421266021,-0.0024033561888337,-8.718418095013673e-05,0.0095510730384135,-0.070004257281681,0.0219398015755108,-0.0119950541422975,0.949601526519626,-0.0122902958368413,0.0095660173227293
2026-05-08,-0.0082051778734402,0.0014055330114091,-0.0031441055047143,-0.0006313514329994,0.0002892404053707,0.0102638750558272,-0.4944659530248228,0.0205427923786152,-0.0070693299963163,0.9198982490137542,0.0153731579717005,0.0150178347858685
2026-05-11,0.0057891778763901,0.0022427920818616,0.0029975266480212,0.000633863329528,0.000594554849986,0.010483988234522,-0.721344808453044,0.0240026847027263,0.005509970605911,1.0467719368827035,-0.0135599558707016,0.0059663821803535
2026-05-12,0.0055159657404358,0.0015451283978841,0.0021762536381485,0.0007250868440325,0.0011480804277515,0.0073683612917297,-0.7773540302228865,0.0236642561823082,-0.0021238185054123,0.5075805071542081,-0.003040716792396,0.0050220074298181
2026-05-13,0.0054219197946971,0.0012755747612333,0.0017726318412426,0.0012673998749633,0.0005919390591317,0.0062646880776508,-0.3254605416843977,0.0204772385084808,0.0170515581841811,-1.0774532691580976,-0.0002751193474092,-0.0050410958902719
2026-05-14,0.0042913166756873,0.0015502955390426,0.0004726427380187,0.0004820384914246,0.0007166620584519,0.0044232792285566,-0.4573892104070951,0.0202616617659833,0.0107029385259843,-1.202064458086792,-0.0129151742371612,-0.008305604846008
2026-05-15,0.0044942102846102,0.0018854443034367,0.0003601428864605,0.0010652822756576,0.0006111417822565,0.0041604929544006,0.1336932169665911,0.0164330145181303,0.0114208626596068,0.0250067186616971,-0.0073720570828549,-0.001115459281067
2026-05-18,0.0019063582889219,0.000549740291376,-0.0007301960622842,3.993064682996034e-05,0.0003919135778319,0.0053480551235082,-0.6382141061008851,0.0157405771051848,0.0219102986311115,0.6762232746932273,0.0164980876325385,0.0003725497326309
2026-05-19,0.0025411904988125,0.0008123791046096,0.0003728229639247,0.0016736782479707,0.000848618522892,0.0037080409103909,-0.5153736507825186,0.0115960717770707,0.0083281691187378,-0.1961432023733796,0.01755816537912,-0.0067499215112111
2026-05-20,0.0023640228500595,0.0004121867602014,0.0003704240999888,0.0015558021218512,0.0010213607181897,0.0035071625818575,-0.5734391108083086,0.0248413759961362,0.0144795846561361,0.7830798097628375,0.0009112008932256,-0.0191179703879134
2026-05-21,0.002655972537074,0.0023345060990988,0.0012296456738644,0.0012718643004826,0.0004523064900453,0.0061071955726259,-0.4172327129198777,0.0148237220694888,-0.0059543320883878,1.9787134861270943,-0.0491623599433168,-0.0230260237457521
2026-05-22,0.0036331867095122,0.0020022807342357,0.000854134091839,0.0022459281173088,0.000211417177615,0.0078333605183521,-0.6397837135599527,0.0256769494577228,-0.0103795443497824,2.479136641896884,-0.0007809882445626,-0.0146250360064603
2026-05-27,0.005788520633614,0.0023301578775376,0.001678435155513,0.0008266024300682,0.0002927763012659,0.0097451224845592,-0.3454042138922893,0.0206749928433727,-0.0239826895736364,1.4816059338461178,-0.0138403435063657,0.0046393335054454
2026-05-28,0.007270088326564,0.0015295578748734,0.0014686241091515,0.0005197705519547,0.0010695934101712,0.0080262168988372,-0.4832870082970538,0.0181168649109653,-0.0357757815881728,1.3543298301256212,-0.0305395096216357,0.0182987828954946
2026-05-29,0.0062066999564597,0.0018496916206624,0.0020425689887794,0.0014121727179628,0.0011995724827907,0.0074505025971053,0.0799722905028578,0.0201345598594362,-0.0203648121698526,0.7037702083375301,-0.0054161047918597,0.026387141691562
2026-06-01,0.0052475696734182,0.0019752313075455,0.0017020051018743,0.002267791521046,0.0005451813121318,0.008842887214209,-0.3481149704917042,0.0199625259121617,-0.0138649579311241,0.3253801846526717,-0.0169342844499781,0.0041794867977746
2026-06-02,0.0067209906318983,0.0018118349718117,0.0016327179844746,0.0003953766316891,0.0006293826040064,0.0074257500996808,-0.5179728685996058,0.0216969639417296,-0.0149297792171321,0.4775380510105831,-0.0059709641359385,0.0063832435438347
2026-06-03,0.0036752314717832,0.0016675047175979,0.0014439339620195,0.0010724206160514,0.0010863829966516,0.006939495756705,-0.5045119514991007,0.0247634397824544,0.0067942811423463,0.8731799408340108,-0.0047048761897168,0.0065054008469611
2026-06-04,0.0033180864315783,0.0006726113979797,0.0006137935728389,0.0005716800567262,0.0007922420188377,0.0050386533234974,-0.2827426768303939,0.0225589063797275,0.006737710400385,0.9370700799016548,-0.0113777252183674,0.0208596921988456
2026-06-05,0.0035604304357013,0.0017256451823683,0.0006276079737717,0.002627775283668,0.000666256844846,0.0063475342578656,-0.4477348087198519,0.016817922813255,0.0161333769908968,0.9674133546457148,-0.0195881233134707,0.0088672785824373
2026-06-08,0.0021018283610565,-0.0005156995946359,-0.000291289843962,6.289175883601814e-05,0.0009691462174247,0.0060670270886035,-2.0300169956027587,0.0115965122159514,0.0143753131671206,1.1729735446641274,-0.0204009700753675,0.0091418371544615
2026-06-09,0.003934551378704,0.0015005569044986,0.0004083848089245,0.0007880819691511,0.0009696935447682,0.0057480655194354,-1.1928781920187062,0.0096710981003541,-0.0057886733011575,1.1353397833778238,-0.0020291303440513,-0.0012094711159712
2026-06-10,0.0002381617052458,0.0005477946882815,0.0005344842306075,2.823584385150228e-05,0.0014802565682932,0.0047585001290415,-1.9702067892478268,0.014463940917187,0.0054677980288933,1.4341470088510568,-0.0137921219350533,-0.0043300039575513
2026-06-11,0.0009097901844115,0.000521514059565,0.0002910808104888,-0.0024410400866515,0.0003586154759107,0.0071323762708436,-2.115947249319187,0.0194908301325322,0.0111942875486252,0.9928310519542696,0.003068932279141,-0.0152043783513625
2026-06-12,0.0041658579064795,0.0026298611421821,0.0019494455663816,0.0005375963485932,0.000544158912175,0.0084066422781482,-1.1653749904267454,0.0211393154767411,-0.0096947353411789,1.00358567803992,-0.0061261495834236,-0.0057177310901422
2026-06-15,0.0021415520020586,0.0021929038881329,0.0024262313040278,-0.0005529376520519,0.0012224407211018,0.009675075533669,0.0042472215447149,0.0258763101276895,-0.0048244227020166,1.433842511271228,-0.0117325717947144,0.0016724143707939
2026-06-16,0.0028692018099454,0.0027392535199827,0.0020509430647128,-0.0008044422122339,0.0002774483627038,0.0093201301643694,0.3676474968918285,0.0310474584585887,-5.1667266040352974e-05,1.3240936768491638,-0.0208778334406134,0.0128487941611192
2026-06-17,0.0020800314765851,0.0008469937545806,0.0016020237886099,-0.0022371427549302,0.000898906358039,0.008063514986067,0.1185805426933712,0.0304960306419577,0.0074025901901626,1.2597400315444658,-0.0232002290670741,0.0096830593315616
2026-06-18,-0.0032143017849987,0.0008437923944108,0.0015214977687653,-0.0027428398635726,0.0006512425649932,0.0087875616187175,-0.5254791709448199,0.0224369044545093,0.0030801874817391,1.18158346186549,-0.0091401650347692,0.0011529033922747
2026-06-23,0.0013738161201914,0.0018493850892374,0.0018846530828547,-0.0005314498068727,0.0007334104376036,0.0082076912276118,-0.2500153430614134,0.0185573548193284,0.0167430018888919,1.202455316187713,-6.14072655624083e-05,-0.0006164822770682
2026-06-24,0.0040034297863635,-0.0002614621156056,0.0007178784568316,-0.0022514243213914,0.0015800210395803,0.0068683101786586,-1.1526897946126944,0.0158998038340751,0.0007438295854978,1.1950547708250154,-0.0259225393226374,0.0022823183370191
2026-06-25,0.0061484989301119,0.0014538838470397,0.0007782384320853,0.0001859324364152,0.0006113957494376,0.0076714128688327,-1.0093960545859333,0.0206834591118272,0.007230676420132,1.5771149609653736,-0.0064704376992274,0.009642643574878
2026-06-26,0.0044287876135707,0.0022505868538165,9.09633158516506e-05,0.0002628832540434,0.0009393149384187,0.0078583026368638,-1.0294591544117817,0.017035631922941,0.0053415817660454,1.228432947149655,0.0008566777343617,0.0023564461752132
2026-06-29,0.0027712393934931,0.0016939088229327,0.0006379745082484,-0.000918962291945,0.0012604279479886,0.0093319081500178,-1.030393226021002,0.0247868980092685,-0.0101664815675324,0.5625171393972925,-0.0067703183524603,0.0031591888036033
2026-06-30,0.0061580560926614,0.0023947690001357,0.0015031407065954,-0.0003170388990344,0.0016305782398893,0.0071203437271482,-0.5082950148304863,0.0212346521134874,-0.0038744179984744,1.2326346248320883,0.0020317139760265,-0.0063260970047745
2026-07-01,0.0063748409528071,0.0019732415576937,0.0015624153222945,-0.0003265304885361,0.0013333188776715,0.0082078386359457,-0.0532463024510529,0.0214576095756073,-0.0087085615409876,1.128517545636529,-0.0090633195962664,-0.0086791364304141
2026-07-02,0.0069302054306243,0.0007013444266297,0.0010778868457602,-0.0018016660477421,0.000577318545516,0.0062614347420353,0.1520893208791102,0.0274866920265387,-0.000179355456623,0.3885573604933687,-0.007658451462903,-0.0047618972736112
2026-07-07,0.0086235989127044,0.0009428615005377,0.0010739478124763,-0.0013773359203261,0.0005513218169918,0.0053182506612782,-0.055369574595572,0.0202876593270008,-0.0005075753873271,-0.0290047379853414,-0.0020850272877585,-0.0016190019012717
2026-07-08,0.0047251476044343,0.0008243343950418,0.0001260439634541,-0.0027548431836633,0.0002634941426798,0.0055539189843643,-0.4938938272438988,0.020273000837913,0.0065610423317323,0.3566497119644046,0.0009810609857943,0.007308218822178
2026-07-09,0.0040495677078418,0.0009399006443469,0.0003865277512938,-0.0024577677583021,0.0002704151674239,0.0055159221545284,-0.747333127182892,0.0217489802783587,0.0117427566115521,0.3855853535775351,0.0046971433432117,0.0120715046343979
2026-07-10,0.0037121256939216,0.0015451865740069,0.0016558982869544,-0.0001455021461231,0.0007019668317722,0.0066084151565781,-0.3731234315624697,0.0198967417795119,0.0110312353204134,-0.0225130572388325,0.0121122785875849,0.0115615759066187
2026-07-13,0.0032069412157757,0.0016009517564117,0.0014558763276103,-0.0016615986482683,0.0002101587012366,0.0076870453316963,0.0986355677353573,0.0238026976803321,0.0127213320511435,-0.2608422129529466,0.0101825600773297,0.0269275484898675
2026-07-14,-0.0020819303894191,0.0007304410843619,0.0002233526546362,-0.003567430488421,3.284671086533047e-05,0.0072653905126991,-1.003896728057556,0.0244961953656306,0.0202637849934756,-0.5623179830921847,0.0337324204995827,0.0317980695118715
2026-07-15,-0.0009384153971199,0.0008625433846208,0.0008824886860235,-0.0007956275652793,0.0006543629539912,0.0060390372771418,-0.5007553084377138,0.0215134016900235,0.0217231968779088,-0.3680558400227858,0.0189752681944388,0.0322022414001274
2026-07-16,0.0010914994443906,0.0014123232043965,0.0008880916913621,-0.0009290097592762,0.0004292404987502,0.0067205545767339,0.2452428952951088,0.0257618930372502,0.024407264279493,0.1378430559268263,0.0179409704997124,0.0162707939142334
2026-07-17,0.0009358060407394,0.0014004796798479,0.0004581314402199,-0.003057594293032,-7.700491732252478e-05,0.008937783751402,-0.5973048914714563,0.0230671901325061,0.0211851938095858,0.3849535302510286,0.0163878620952994,0.0139884560672879
2026-07-20,-0.0002470250037521,0.0006450294865065,0.0004544098450035,-0.0014388021543147,0.0005322643861673,0.007508549645205,-1.3925391955464783,0.0216602840101396,0.0277692978613807,0.1552582971983247,0.0235779851978706,0.0007373080736743
2026-07-21,0.0020205402600026,0.000898555912558,0.0005323016853869,-0.0025939819858392,0.0012446956340489,0.0075226569651975,-1.0782293288233302,0.015373140871031,0.0213331529803512,0.1298119285814005,0.0138158580649346,0.0037855913491884
2026-07-22,0.0024467551248301,0.0013798753178316,0.0005739256351919,-0.0008368972785604,0.0008480463638455,0.0056161715276097,-0.4526211354920104,0.020246001617379,0.01940697223568,0.7169843726836257,0.0088400796647358,0.0037667628728873
2026-07-23,-0.0011142003391783,0.0007200010146698,0.0003162984005749,-0.0017738400769583,0.0005846110534141,0.005844135796102,-0.4020000867945508,0.0253417180076855,0.0222511110451614,1.0635422850853566,0.0243784973849995,-0.0055629675529161
2026-07-24,-0.0017938055187107,-9.39742055013407e-05,-0.0002865986861518,-0.0026766488402499,0.0002890166569007,0.0046311907900396,-0.6140274510544652,0.0221796137925658,0.0226903250160576,1.007204870140313,0.0235912414839606,-0.0059926193439025
2026-07-27,0.0031024176551324,0.0007030365403507,0.0006055424438354,-0.0019429293106522,0.0002271340215248,0.0064173863419489,-0.4631861098149279,0.0194259004193008,0.0218331243200876,0.6915748002234382,0.0191695239888724,-0.0069958937597213
2026-07-28,0.0043493604396385,0.0010023342813297,0.0007437632387058,-0.0005459412432817,0.0004163712625784,0.0067748261552811,-0.1980089586105107,0.0196140431345398,0.0198211426922205,0.9630333945707128,-0.0056675303052857,0.0129108248101636
2026-07-29,0.0064742795531446,0.001656227333041,0.0010467566940512,-0.0020295504599716,0.0001281000322018,0.009688963408768,-0.9074917003682694,0.0198205729799981,0.0113972957294324,1.1275451505501417,0.014244095582413,0.0197454308177523
2026-07-30,0.0009691925884019,0.0004848824629739,0.0005006863652771,-0.0024359440661242,0.0007026464674332,0.0087861716777659,-2.126208456589737,0.0193267241349886,0.0120653323430463,0.5190750557234953,0.028886161180266,0.0290552625210756
2026-07-31,0.0021010332112709,0.0022963085624271,0.0019636635581989,-0.0003753984966316,0.0009573774465623,0.007940342333144,-0.4144687529593084,0.0170980173199925,0.0094002103869941,-0.743515892841482,0.0089688350746924,0.0158079917450851
2026-08-03,0.002933700999625,0.0017192432239818,0.0015399076110011,3.819596116436575e-05,0.0010832881340618,0.005418300670544,0.2549175778182596,0.0258949938097187,0.0092312467075143,-0.2780679420708274,0.0041070841067911,0.0137335704461278
2026-08-04,0.0006204295018807,0.0017196161809408,0.0022141037095904,-0.0029131945905144,0.0003908464451803,0.0079285755069023,0.495665941693183,0.0281193505917251,0.0052948223618785,-0.1132142736347364,0.001074632602701,-0.0084439910172828
2026-08-05,-0.0014589672461117,0.0022522788471516,0.0021689084593459,-0.0012805117531569,0.0001953551240495,0.0067197784690085,0.6953954416869766,0.0293074691288262,0.0110073934977167,0.066734753673326,-0.0148100626367655,-0.0058585227087891
2026-08-06,0.0039810684416014,0.0015079471212774,0.0014106235164028,-0.001300063956389,-0.0002757272442095,0.0101420073056049,0.3518718128143564,0.0276933666615219,0.0157916105113698,-0.4547834469183163,-0.0069519468268278,-0.0041790544401082
2026-08-07,0.0035757064115776,0.0013029659280992,0.0005487583731779,-0.0024064644480905,0.0001366237456672,0.0082794476280306,-0.4502931423622021,0.0255004491257701,0.0090318079389255,0.024499607384023,0.00489580075412,0.0110592229673419
2026-08-10,0.0023357302506131,0.0013299756154729,0.0017246010089045,-0.0016917769038532,0.0012603694055822,0.0066795849579939,-0.236929513654798,0.0257023283437742,-0.0009397345247232,0.5955123567351464,0.0097411033213846,0.0127261537934201
