,audusd,brlusd,cnyusd,krwusd,eurusd,sp500,vix,us2y,us10y,wti,brent,henry_hub
2023-07-26,0.0002531912137244,0.0005183958543344,0.0011567533233277,0.0004001274553819,0.0008837296135139,0.0035952695304523,-0.4679515306212704,0.0255732808192083,0.0012563577185677,-0.1219104631242207,0.0099458380989389,-0.0167130738446196
2023-07-27,-1.7518794693393994e-06,0.0006208510128897,0.0007081360065371,-0.0009981568804332,0.0009712260469731,0.0026863296058107,-0.2197417908244066,0.0167861224745363,0.0134712324633911,0.0371558577437007,0.0146459789467643,-0.0089510402527372
2023-07-28,0.0015930550147012,0.0002029327925122,-2.8698519949468133e-05,-0.00087612743335,0.0004879512843282,0.0037584771258764,-0.6011668170884676,0.0257338159478646,-0.0010611571743635,0.0270829784897225,0.0139504157218937,0.0121463388643017
2023-07-31,0.0030102162685841,0.0007847461864278,0.0004644073119487,-0.0004355325621215,0.0009420470636671,0.0032584322402615,-0.253084337247309,0.0200195732254387,-0.000810592468925,0.1845490924310205,0.0134116962611571,0.0079241457468605
2023-08-01,0.0006908032247255,0.0019056406633462,0.000269077409004,-0.0003786233511657,0.0004953484569044,0.0031894898169798,-0.3678699661278449,0.0195689305898487,0.0123087138350228,0.2338575339601567,0.0129089855570682,0.006880041905841
2023-08-02,0.002915065162572,0.001948257739409,-0.0006017851977262,-0.0002548081767935,0.0003105345534822,0.0032589444901718,-0.4921040153169453,0.0306443336780423,0.0002377507558766,0.373235216042019,0.0139479738311789,0.007585269838187
2023-08-03,0.0042192698179372,0.002909309814347,-0.0006167937125967,0.0006260164337091,0.0011732207492924,0.0043981394301361,-1.041042229962006,0.0129164895264889,0.0015164749434511,0.8271685777250218,0.0180768813982749,0.0063774678333469
2023-08-04,0.0041305627549496,0.0041522198778036,-4.469054429309583e-05,0.0014313187284304,0.0004644042420629,0.0063097175071707,-0.8260975045744072,0.0303287693974324,-0.0130761146077302,0.6207151586696614,0.0132793542286842,0.004861067012232
2023-08-07,-0.0008279219252469,0.0047998437748498,-0.0002890665192304,0.0013803994891371,0.0003941929601157,0.0068291008456524,-1.2248690304717609,0.022990445780288,0.0087011333311615,0.3443827753349912,0.0096224640374029,-0.0016105905712226
2023-08-08,0.0007515229294166,0.0044420613756363,-0.0004633681506427,0.0004569295308818,7.092016262482342e-05,0.0050985780148509,-0.7071507793346841,0.0306878034175885,0.0243725105830527,0.6661561849458644,0.0137860800672645,-0.0170096161683199
2023-08-09,0.002638722776503,0.0042551047953641,-0.0006579035114128,0.0006950461047795,0.0005185830876458,0.0036970921774221,-0.6151957947963713,0.0390401167488324,0.0255096905461515,0.3759667697233056,0.0136302821088496,-0.0367727866524292
2023-08-10,0.0021310191199271,0.0038458052866305,-0.000506486687199,7.334326315866822e-05,0.0005842600581668,0.0044705152353398,-0.3779333497082657,0.029226700457733,0.0342673778686009,-0.0662987605197846,0.0112944839008623,-0.0524034665349887
2023-08-11,-0.0003105739600143,0.0019069397085706,-0.000690906681582,0.0003483394147022,-0.0002208066621329,0.0041517073026768,-0.277372191645208,0.0348460077221862,0.009230008845669,0.5734433138737984,0.0162932382512506,-0.0372442574490345
2023-08-14,0.0012831085585537,0.0019586809197767,-0.000859779458106,-3.304723144479955e-05,0.0003170697287044,0.0053971672606574,0.0035407583536579,0.0232829654269743,-0.0032634554037023,0.7173539483678443,0.0172745629329738,-0.0062449949045961
2023-08-15,0.0020742757356727,0.0020849261818738,-0.0009351068977745,0.0004328932725677,0.0008896714578948,0.0038132282523791,-0.1737068752616977,0.0207287067277218,-0.0078917599010584,0.7565089645160343,0.0170762020642354,-0.0043486489317987
2023-08-16,0.0016084779087636,0.0028588787993434,-0.0011548739761094,0.0008957315397177,0.0005539566750435,0.0043174358840996,-0.6150676851604662,0.0091799778539783,-0.0025404172876648,1.3039623281413586,0.0180458652089465,0.0189138632002975
2023-08-17,0.0014451473207038,0.0031218917642056,-0.0013204457319266,0.0005650191230307,0.0002568219782463,0.0055553914111921,-0.6310234695819703,0.0219277165171304,-0.0015633385910038,1.7430738469270994,0.0208737622687763,0.0215426093242346
2023-08-18,0.0028426788144908,0.0044109661854454,-0.0008750251195112,0.0003543975558708,0.0008851689134988,0.0065558324930771,-1.002912881932957,0.016724102367566,-0.0010208249909032,1.3595408791995207,0.0172112621724645,0.014181447692368
2023-08-21,0.0017471190982377,0.0036324784387321,-0.0003443905173567,-6.049693049435469e-05,0.0007946097195627,0.0071029853568221,-0.8614006106540133,0.0182385974147301,0.010613888723177,1.0650083234333445,0.0125905433339172,0.0216900037527594
2023-08-22,0.0013951064907688,0.0021608535107493,-0.0001933536737796,-0.0001084404760373,0.0003813618736948,0.0044808383945501,-0.6931005999298122,0.0339465106655145,0.0070127213061752,0.9930920180540288,0.0138055893907427,0.0022702532646648
2023-08-23,6.26121217048158e-05,0.0014979465791409,-0.0001570426322649,-0.0009608796285749,0.0002692332959015,0.0033875345221827,-0.4127425141325689,0.0202915186558624,0.0085328890926272,0.8671689043511595,0.0171614321660153,0.0014006013971487
2023-08-24,-0.0012335589079997,0.0007897011214091,0.0001275956882516,-0.0008370952842524,0.0005563217161202,0.0014356189998204,-0.0265953714432738,0.0197549396408965,0.0321695289523351,1.0076057245345027,0.0187709646753101,-0.0136789385204446
2023-08-25,-0.0003187764663354,-0.0005608615204577,5.606270241096374e-06,-0.0014468490341106,0.0001721003053885,0.0031778844144411,-0.3602458383474626,0.0301992628391026,0.0334505576169771,1.0946851970510956,0.0165945056552437,0.0079581661721648
2023-08-30,0.0016027707816839,-5.752389999301899e-05,-0.0001808710521102,-0.0014759044974693,0.0003269335897925,0.0034501859193725,0.0430350814502956,0.0246169911129639,0.0222800141115529,0.8808630548396476,0.0120086307594632,0.0009358328359278
2023-08-31,0.0005063854441318,-0.0006973198294144,-0.0002223471543353,-0.001754786541751,0.0006612692927179,0.0026328041851202,0.0731928115211053,0.0167239734421858,0.0179018953842566,0.6601186239097968,0.01176668645577,0.0160302853914603
2023-09-01,-0.0003230184241749,0.0005201736867436,0.000163972217277,-0.0004319167944821,-0.0002223743056263,0.0038757081832678,0.0233024570223309,0.0246775437109032,0.0160307490516707,0.1430332461962399,0.0127099563138794,-0.0004438441160268
2023-09-06,0.0009287677165751,0.0029765475408142,7.439439342176011e-05,-0.0005592374986457,0.0008140126403395,0.0018661614172984,0.1177880024652264,0.0252727952833944,0.0116375443754324,-0.4301533954280213,0.0089653657816722,-0.0183898388853158
2023-09-07,0.0012299212948698,0.0030824005970413,-9.97472371163646e-05,-0.0011224702313921,0.0008862595583959,0.0039552792863049,-0.0493153612566166,0.0246541576039084,0.0024460447382038,-0.4443318354202145,0.0097424275082832,-0.0157377098910099
2023-09-08,5.016971120769052e-05,0.0032761306237057,-0.0003101318270104,-0.0009490382838608,-3.420044860135964e-05,0.0046818087468508,-0.2274932999042839,0.0153797048144231,0.010987186803628,-0.085674873444179,0.0148750017615954,-0.0114811039368144
2023-09-11,0.0001116095690033,0.0035329315840908,-0.0006824772045114,-0.0004920966202811,0.0007887462217753,0.0042892111158557,-0.167162556165178,0.0320362254427955,0.0175040330222186,0.0511872049155192,0.0157617995711694,-0.0109981622998111
2023-09-12,-0.0009140980100632,0.0017983715610756,0.0002064386476346,-0.0005767402985937,0.000436393348289,0.0035850909587413,-0.2596738787923222,0.0250151006321878,0.0185553766838436,0.4212097207722472,0.0149128662729854,-0.0006152477170092
2023-09-13,-0.0007683553949483,0.0009774760712555,0.0002976710563856,-0.0011352127726001,2.614854740409618e-05,0.0031123311094167,-0.3960079963884901,0.0191359209333156,0.0181716200827901,0.4304739389140322,0.0115673111954712,-0.0248000951192149
2023-09-14,-1.0217588053542846e-05,0.0008597471096426,0.0008200479954758,-0.0011035923501873,0.0002428716012982,0.0029037714373015,-0.1303753075857402,0.0314822377078187,0.0212988424496067,0.4776128755940998,0.0136506435959301,-0.0304825524258778
2023-09-15,9.389546942268616e-05,6.180530850862344e-06,0.0006720631598483,-0.0009836769048419,0.0001509592841355,0.0023717945672772,-0.0464710258641118,0.0246015553823836,0.0165250067289149,0.1971099092603917,0.0115904607853657,-0.0403736070621242
2023-09-18,-0.0005670647496542,-0.0007133187020276,0.0004047980795558,-0.0007758836555996,0.0004105286582976,0.0042854453571662,-0.4145286313441621,0.025389284947667,0.0095343721089967,0.0589081648917751,0.0117931318182058,-0.0236138295737647
2023-09-19,0.0001306752506306,0.0001440569502121,-0.0002286186536816,-0.0010375116849559,0.0003342228900495,0.0035336878873792,-0.3948617267434722,0.0214030385670582,0.0101210646153276,0.0477080706222832,0.013384899921524,0.0034504750716503
2023-09-20,-2.29551783622586e-05,-0.0003745193789801,-0.0004147139187394,-0.0008015657832857,-2.7253454414855386e-05,0.0042765896472919,-0.4357224954633767,0.0237687196223162,0.0083331824764379,0.3031168712124253,0.0146982344100678,0.0259489954971842
2023-09-21,-0.00119795836814,0.0004527454471049,-0.000305831596028,-0.0005629964762146,0.0006099475118221,0.0060748294477746,-0.8354568016722539,0.018095095324978,0.0121594015112145,0.8216470698954559,0.0183888829010236,-0.0018734938536886
2023-09-22,0.0007672459022005,0.0014150748722449,-0.0005656545072334,-0.0001243531279909,-5.646048928544805e-05,0.0063174394227416,-1.4118627602265414,0.0181185800869616,0.0011497193939811,1.05284129433569,0.0194780414802269,0.0037400533183904
2023-09-25,0.0009891352553641,0.0024564532823372,-0.0002953327627346,-0.0001371140916142,0.0002898459042429,0.007176235440721,-1.0457100266323345,0.0196487465013077,0.0008111508292736,0.99500616422208,0.0167046928128162,-0.0109795350894217
2023-09-26,0.0010927659484451,0.0032723683144898,-0.0003750795668301,-0.0002097141736341,0.000236479341749,0.0059327887928085,-0.9204135976499512,0.0254084011509117,0.0028851585268844,1.130576098739417,0.0146898659770316,-0.0110799264228725
2023-09-27,0.0004099251292277,0.0038729788125183,-0.0003230996611943,-0.0007106821145054,0.0002740968098529,0.0059917542672007,-1.365137882411244,0.0252167180933453,-0.0042015811194168,0.6361127476330795,0.0137053592930674,0.0046190324833824
2023-09-28,0.0022490585094573,0.0049432774255023,-0.000282195964056,-6.097411017078048e-05,0.0005320259679712,0.0042364784329412,-0.7294299291095115,0.0336714061484468,0.004472510053948,-0.1074673541078359,0.0095256355560906,-0.0038471338773391
2023-09-29,-0.0004387587326011,0.0042609718971461,-3.4034416355080736e-05,0.0004797217211606,0.000350927501743,0.0038450989165148,-0.2976123318343535,0.0266590640589264,0.0067989773551267,0.3644752746954273,0.011967886147476,-0.0085371585112362
2023-10-02,-0.001273164987085,0.0041563159399904,6.838177087746017e-05,-0.0004990570363449,5.114042731062619e-05,0.0042903266903695,-0.4415403740568056,0.0298573645094163,0.0179608244480076,0.75999058669506,0.0168016864143314,-0.012403081674163
2023-10-03,0.0006788326739405,0.0028347090397228,0.000126399260771,-0.0006187791551628,6.074386506576879e-05,0.0022901486078121,-0.3188408817938168,0.0373797799082076,0.0047373700996359,1.2035570146043528,0.0266438842415423,-0.0127861714369949
2023-10-04,0.0041296287809332,0.003806411178472,9.27656963064994e-05,-0.0009085917307582,0.000880779151192,0.0044747829474262,-0.7662943144890939,0.0156724127067855,-0.013088687973672,1.4999951094580333,0.0173100800910328,-0.0090114629951107
2023-10-05,0.0016981912809216,0.003089227598345,2.149932849434401e-05,0.0001282144233812,-8.033892947663544e-06,0.0044120785529008,-0.4621320065996956,0.0221090723141522,0.0012085256531301,2.526305374307224,0.0203648877299239,-0.0230841319405007
2023-10-06,-0.0008771064841715,0.0038461054698302,-6.210652945496447e-05,-0.0001702672992094,-0.0003505996388727,0.0039267188316793,-0.5690066255026336,0.0331374792016882,0.0195639604173484,2.821944978510376,0.0232970655299674,-0.0220668150882366
2023-10-11,-0.0015866441714321,0.0052496151193551,-8.980728985620476e-05,-0.001285069438427,0.0002397675120347,0.0023545068597208,-0.244092814265818,0.0283133150128755,0.0130313439494456,2.3400999507260694,0.0203350358915821,-0.062139645175997
2023-10-12,0.0002264020580636,0.0031969100791284,-0.0001610288901178,-0.001953698251067,-0.0001373437149797,0.0001361892136164,0.1410177829159402,0.0235330128595743,0.0240753024114567,2.434059691616068,0.022261322814787,-0.0384959282514804
2023-10-13,0.0018365176937987,0.0016194376165569,-0.0002006746173244,-0.0012835007256724,-0.0003488704078587,0.0022229563826911,0.0344689329192909,0.0312945228880467,0.0124069638603006,2.4056702338459264,0.0174180458256097,-0.0369536737867813
2023-10-16,0.0033224700418183,0.0016862037111829,-0.0002445482321853,-0.0011535888819173,0.0004200539723984,0.0027676049050725,-0.8042250313085075,0.0192859725052429,0.0110217360165403,0.6351294451089554,0.0027880581734041,-0.0096601210318862
2023-10-17,0.0004841817210173,0.0009838647005138,-0.000317655513679,1.0088321381464412e-05,6.889878917420887e-06,0.0032916385496997,-0.1819113678974429,0.0193470451711287,0.0148195739875565,0.4004624106764549,0.0105859980626647,0.0103299553284231
2023-10-18,-0.001676273866126,0.0011715453714557,-0.0002755657256084,0.0004588282747619,-0.0002358060348819,0.0032164012585428,-0.6586220206189565,0.0215090100089548,-0.0111532982335556,0.5494609982522722,0.0151812234023363,0.0238781050269303
2023-10-19,-0.0001013280576115,0.001123501431729,-0.0003130451308602,-0.0005287462046608,8.492775962704097e-05,0.0036961138857156,-1.013480468243814,0.0082547280734967,-0.0149639150559209,-0.1237881470908855,0.0171815388447931,0.0200258852130746
2023-10-20,0.0015599330837954,0.0017861015147222,-0.0002009061744959,-0.0008178342776762,0.0005455563730019,0.00463288326855,-1.252752789278594,0.0200334930111934,-0.0174189386694123,-0.1666006524646671,0.0139222943045106,0.0217821288235267
2023-10-23,0.0009634796498655,0.0008755622443069,-0.0001968737054416,-0.0006833106117786,-0.0003594763408727,0.0076723710541164,-1.1032769583255564,0.0244141502813906,0.001436074471286,0.4256275889245465,0.0121866514167057,0.0383535314509232
2023-10-24,-0.0003635881560374,0.0009304055818337,-0.0001528748773026,-0.0003182494569763,-0.0004587852636306,0.0073480427664206,-0.849372010313447,0.0277830674620875,0.0273577324169481,1.1038969735368012,0.0177890331325114,0.0253803779441142
2023-10-25,-0.0002845447415391,0.0014471712090367,-1.7232327366447563e-05,-0.0012525668056883,5.040961086096818e-05,0.0045794997619075,-0.3249919619295057,0.0346993192608882,0.0353421767621558,1.5415465379946118,0.0261665412739402,0.0066265269275665
2023-10-26,-1.1337992261689972e-05,-3.612833275736167e-05,-0.0001334051159908,-0.0012250147123964,6.084982475017674e-05,0.0045416407364909,-0.3702322824962377,0.0386766547577876,0.0197721884712711,1.3268212233793268,0.0176750825771461,-0.0043573255557528
2023-10-27,0.0009584843743864,0.0003528215881331,-0.0001083849225642,-0.0009072021315879,0.0001148741951848,0.0046986878408318,-0.1965939794680538,0.0304497519980584,0.0178047358352441,1.771300529584757,0.0155993464353549,-0.0204640482041434
2023-10-30,-0.0002643374731584,0.0003956867492754,-0.0001417878074707,0.0001805763362263,-9.40141613592674e-05,0.0056499651206506,-0.4183810109215228,0.0309809869033542,0.0287553104673667,1.203269646728676,0.0103014062520052,-0.0571288400672753
2023-10-31,-0.0013578878641986,0.0004123449992928,-9.819000046736364e-05,-0.0002421902711486,-0.0001494519878433,0.0050599704583978,-0.2160346160054594,0.0366462284828644,0.0219388247797616,1.1008761433790286,0.011115973987236,-0.0382888521193881
2023-11-01,0.0001198657417104,0.0018928582715764,-0.0001461705673119,-0.0013528459986525,-0.0001551271404621,0.0019191356174728,0.0915106255928105,0.0218466496976432,0.0231422081601904,1.5669562287483512,0.0216591973607931,-0.0508377806676142
2023-11-02,0.0004778890680213,0.0019593880777438,-0.0001238374118526,-0.0009971877762433,0.000558158520099,-0.0003764071759166,0.5066840090225884,0.0258370559628055,0.0307212260118175,1.6616462334596158,0.021022325021107,-0.0244805879459185
2023-11-03,-0.0017382666399515,0.0011831135140442,-0.0001035955466094,-0.0007620780862874,-0.0001895145527992,-0.0024515812838509,0.8300382048971093,0.0380801990358158,0.0483087309540596,1.0908730013628072,0.0121976599906365,-0.0122266061491843
2023-11-06,-0.0038934196265601,0.0015971705281024,0.0001422887277391,-0.0016455019882874,-0.0008211919005396,-0.0019334680406381,0.8647659850923801,0.0284345586873579,0.0565295264586918,1.4213080526024258,0.0128697011215725,0.0185810947706581
2023-11-07,-0.0018637394991158,-0.0015765564225823,0.0006329041809967,-0.0036754175989543,-0.0006051782891336,-0.0015097076524193,0.5041875717677591,0.0397450297925778,0.0339080108475852,1.03308480469176,0.0156613619312951,0.0453691319172277
2023-11-08,0.0014755649117373,-0.001899065918196,0.0004700301207666,-0.0035232307287049,3.189259441678987e-05,-0.0002826644480162,0.2264570167509736,0.0396972289557528,0.024335314889335,1.4438448372790504,0.0243919765462195,0.1288423397380813
2023-11-09,0.0021877367962327,-0.0017954616216438,0.0003835357025046,-0.0018536874110915,-4.9723142571437456e-05,0.0017787686521497,0.0715717232987478,0.0223768988190368,0.0394077294497198,2.0751705019113817,0.0257397062577483,0.0923356512771116
2023-11-14,0.0003523185349338,-0.0002032279820107,0.0001327533233446,0.0003102671630494,-0.0006307083654199,0.0032685878710394,-0.3690311393048761,0.0389340749955284,0.0200087561732725,2.046757133490946,0.0185871786687328,0.038517713291532
2023-11-15,-0.0027821555005625,0.0013916844219117,0.0004680556766838,-0.0003164969543528,-0.000403298434586,0.0014463807169956,-0.2409012512145301,0.0057273967255012,0.0366451259846962,1.7090609095279508,0.0134115910604654,-0.0102846876266327
2023-11-16,-0.0025502521666667,0.0006001569057217,0.0004458747616232,-0.0014191317590885,-0.0006612650353876,0.0012545859042556,-0.2912396446566354,0.0432113099447556,0.0305560499143237,1.864103959723726,0.0164813410661732,-0.0776623930747236
2023-11-17,-0.0001773997183615,0.0011534714805173,0.0005663855712858,-0.0022332046184535,-0.0003023035081385,0.0010513999051865,-0.3595122707728594,0.0302286211591688,0.0247763412518904,2.066247802868527,0.0277544061811821,-0.0925389162509623
2023-11-20,0.0010273842483972,0.0009455759578945,0.0009550962257923,-0.0031578176797074,5.1170348169315935e-05,0.0002887233577058,-0.1850940744600834,0.0227682221003391,0.0376334482050755,1.3277521653717683,0.0160406319747055,-0.0326050213540934
2023-11-21,-0.0019566917620925,0.0007198632404914,0.0014209689183361,-0.0012423297316644,-0.0010277606682767,0.002106844553102,-0.0724543219441688,0.0460091335345138,0.0234889408621079,0.7929882660348961,0.0051744873198177,0.0145687221042583
2023-11-22,-0.0023319258503157,0.0013560822952411,0.0016593932953496,-0.0009222789541948,-0.0003730187508276,0.0018763018304189,-0.1426668469896609,0.0145800948204997,0.0313186081807567,0.6669525795030256,0.0091757238800677,0.0163017541942541
2023-11-27,0.0004911414810101,0.0019342134291847,0.0011229129433996,-0.0009269029387809,0.0001260736236308,0.0016484311273587,-0.006313323379131,0.0349583284240095,0.0217013182196186,0.5726436523028378,0.016395759353602,0.0125411638359054
2023-11-28,0.0006547645972534,0.0014833294080857,0.000695541234822,-0.0003329944927915,0.0001962037881504,0.0020609989016619,-0.1331321746654883,0.0213942224334034,0.031032464161512,0.4693257824315033,0.0184618785933263,-0.0053971449041504
2023-11-29,-0.0012952889765714,0.0011260233430737,0.0006827152490821,0.0002359358177382,-9.889762203333424e-05,0.0031158544410487,-0.2500644958369634,0.0292725602700728,0.0304553739239688,0.4888615119706735,0.0097218969951207,-0.0258457797363897
2023-11-30,-0.0005612169169896,0.0013729025774347,0.0003397905306587,-0.0010999948119445,-0.0001908632707102,0.0028040102889757,-0.3776172153985299,0.0430198346653862,0.033436532828247,0.3494650824423653,0.0064255653849789,-0.016131539355977
2023-12-01,0.0011364228699969,0.0013383844789105,0.0001175634800306,-0.0014964511223096,0.0004744539332475,0.0029867269640994,-0.3895721314035721,0.0399221693643983,0.0181842903205173,0.6161483486801174,0.0126056520056514,-0.0116047206018209
2023-12-04,0.0002531573681417,0.0018417740227263,0.0001964044477871,5.504666672425697e-05,0.0006142870298995,0.0020504855395421,-0.3474797528392549,0.0322088798297261,0.0196801555936418,0.8980476386499349,0.0220731322075761,0.0101738186809785
2023-12-05,-0.0003751734242602,0.0010801960451925,3.544428692698494e-05,0.0006664775412291,9.466937310251808e-05,0.0026173156494918,-0.4570996168379758,0.0431669168057102,0.0220302169117864,1.1418450690393012,0.0211836531836642,0.0172404289172837
2023-12-06,0.0024273448342453,0.0028764842174744,-0.0001352091246927,0.0006242269371645,0.0004510567436546,0.0026766761462888,-0.3471925693688636,0.0376094006642069,0.0240182694865085,1.527089550569075,0.0170603632333403,8.217701497983433e-05
2023-12-07,0.0020871082240434,0.0023273874483822,-0.0003977848544909,-0.0003637584651252,0.0004949220328942,0.0036039140576039,-0.3686690844421849,0.019557823391545,0.0369829211845706,2.1004614787136786,0.0199422919783781,-0.0065981427588707
2023-12-08,-0.0007067648514979,0.0007329768406602,-0.0001758622733868,-0.000485644500792,0.000151314921647,0.0034696825376609,-0.4116337364970333,0.0409850396537928,0.0197674362487136,1.848595040286752,0.0178727515848458,0.0131479272912418
2023-12-11,-0.0002619414368884,0.0019903232754756,-0.0003786660360809,-0.0001903582997722,0.0002504686437827,0.0021386804702189,-0.2125163025381901,0.0186186518114457,0.0115124874819179,1.1109760770051558,0.0099888937878185,-0.0001793764407563
2023-12-12,0.0012395285746141,0.0015301403890155,-0.0005085157872633,-0.0007412055945625,0.0004976662549264,0.0017345304322276,-0.299678056545992,0.0206394865746241,0.00099686220259,0.8484688520120998,0.0089731862847213,0.02976626532133
2023-12-13,0.0009095668957278,0.0011854338386162,-0.0003716487534161,-0.0013453840113455,0.000160815823882,0.0008946247819852,-0.1509979328032467,0.0126690952300467,0.0137905770692514,1.1134412543787309,0.015636883127591,0.0323670370959966
2023-12-14,-0.0004105805758428,0.0026978716731629,-0.0002197796201045,-4.30224208190242e-05,-0.0001605826867188,0.0006797436338621,-0.2034983130813592,0.0233966266642732,0.0384151799186924,0.7421591652181914,0.0169445096164992,0.0354036887673608
2023-12-15,-0.0028730532024018,0.0025344078177756,0.0010767340371478,1.6111330763020565e-05,0.0001345420487925,0.000554990781193,-0.3229410590020156,0.0363262432979015,0.05401806568249,0.348158569859608,0.0077120288890302,0.0113361869840191
2023-12-18,-0.002724843641202,0.0009612135948115,0.0009517773422456,-0.0014465953561285,-0.0006813384194414,0.0009613353075824,-0.3093275769612731,0.0536082370182723,0.0394467851050891,0.536745758448428,0.0076636690178508,0.0016581122212488
2023-12-19,-0.0001133054097456,0.0014072070285813,0.0007700822032393,-0.0016087296872795,0.000291218823517,0.0011806077944549,-0.4101882792918031,0.0275849650629202,0.017832076783459,0.2732007894844877,0.0075331006602815,-0.0289860788840857
2023-12-20,0.0001871363158669,0.0006436010243175,0.0006029183559976,0.0001590615973422,0.0005113333712483,0.0021194686257132,-0.4313788653810539,0.0440499484309024,0.00686523311161,-0.231776474135768,0.0090502615299717,-0.0114951677812443
2023-12-21,-0.0013501490255437,-0.000768222967195,4.8398200907907e-05,0.0011697349457945,-0.0008985368511564,0.0033682531369809,-0.7000061415794776,0.0341869412393982,0.0191442609775174,-0.1206590172289313,0.0091376353122811,-0.0192523983649519
2023-12-22,-0.000832876169916,0.0013114905672875,-0.0003394668211174,-0.0001512462089495,0.0004822885312382,0.0026506743158137,-0.6096880653988332,0.0270093829437418,0.0233643400570276,0.1839845224740129,0.0123662824183139,-0.0054242548633604
2023-12-28,4.947670514726898e-05,8.332859296923852e-05,-6.160411274668962e-05,-0.0009733237686293,7.200470176236725e-05,0.0029382707924976,-0.437802764875423,0.0324223177471084,0.0180799003651032,0.3255085409849599,0.0155748266434403,-0.009259512816837
2023-12-29,-0.0003443836155103,-0.00025848748266,0.0006791005387033,-0.0005368277929441,-0.0001405746764834,0.003279945596291,-0.4449555627146438,0.0300673721912042,0.0088832542741203,0.9307363157754912,0.0191634875291711,0.0042425553772419
2024-01-03,0.0008920563627992,0.0016986230237323,0.0007349318645103,-0.0005617384485253,0.0004231482722819,0.0019513418393089,-0.3391505068271693,0.0221813849434254,0.0007511230614503,1.1663766719356166,0.0194428814200363,-0.0085093608662632
2024-01-04,0.001809602260184,0.0012184377976478,0.0006734035456383,-0.0005435931847746,0.0001226378313781,0.0043336255038295,-0.4526839440128861,0.0196033967829229,0.0153931134832371,0.7325169428806998,0.013526225361126,-0.003529781151808
2024-01-05,0.0017586458856824,0.001930888984278,0.0004243877362431,0.0004115325474386,0.0002008827822359,0.0047236734395492,-0.4800434535640564,0.0237369451579361,0.0117603344025692,0.6661031930746115,0.0138493892899908,-0.0329517359282626
2024-01-08,0.0006161156981876,0.0020157870486313,0.0003657160945968,0.000377971929013,0.0001588071796609,0.0045720926114379,-0.3251159895725162,0.0140965604372103,0.0076053277607554,0.3317057902982598,0.0084311485484244,-0.0205330494124042
2024-01-09,4.595709625416573e-05,0.001094624332618,-0.0001016822225185,-8.206977562850315e-05,0.0001085217819367,0.0028125697407865,-0.2867332602483919,0.0178479594304282,0.0127190210748911,0.4711944879650653,0.0151024421047093,-0.0257572681615402
2024-01-10,0.0011333634968841,0.0011997555357873,-0.0002823413264819,-0.0003923833411996,0.0003563080450966,0.0017913561903177,-0.1530129085361636,0.0220961844656966,0.013831183131601,0.556144915909085,0.0112413120295622,-0.0675997919672717
2024-01-11,0.0011632318315888,0.0007344895247387,-0.0002340807081662,-0.0005968661856318,7.629417642587964e-05,0.0011303308923802,-0.0688746298356165,0.0206900231500417,0.0200075989046852,0.7724674262382205,0.0089766489743358,-0.0542213785952921
2024-01-12,0.0013527270163226,0.0008090651553309,-0.0001910911398863,-0.000575616286927,0.0001083656688858,0.0015792992517528,-0.0674042845140002,0.0194514530001371,0.0208457884923694,0.7862542936898826,0.007018887561167,-0.0444130318478499
2024-01-17,0.0003035078124657,0.001450814711101,-0.0001897667722442,-0.0004040057086229,6.936150791921769e-05,0.0031234582876581,-0.2597565021249834,0.0304722998305649,0.0171530161443486,0.6068941880970944,0.0105131696607579,-0.462192416343224
2024-01-18,0.0011926500034903,0.001129620496709,-0.0001685109356676,-0.0006051776390641,0.0003157537470518,0.0031747747587726,-0.5534716232557482,0.0367673870681352,0.0153797316847536,0.2987046260446736,0.016417420462717,-0.364379735949813
2024-01-19,0.000668353540145,0.0008602146325319,-4.058276579704379e-05,0.0001232151511952,0.0001071725905258,0.0031659685837005,-0.3628647043680374,0.0207645405877343,0.0083525104025933,0.1684448130843393,0.0114264278753592,-0.4208838143815912
2024-01-22,0.0003547582956111,0.000994572375109,-2.639455064389545e-06,0.0004118973234268,0.0002225820668964,0.0016909839278927,-0.2019072522526232,0.0195848552219555,0.0033864541697843,0.1487272270373291,0.0106901964839713,-0.2781718776820203
2024-01-23,-0.0007092863545803,0.0012288670670665,-3.2597460873836232e-06,-0.0012079430668245,-4.468191824041182e-05,0.0013316218270761,-0.2186634386681659,0.0236307925031486,0.0145187863009656,0.0814893394271609,0.0100474276540131,-0.1136982412250202
2024-01-24,0.0010806892804269,0.0026058744455197,0.0004182800605212,-0.0007642516656892,0.0002519923469928,0.000469086235751,0.0386232411468219,0.0120954849646787,0.0179386849108498,0.1845016983063411,0.0110799169798876,0.0967930286591855
2024-01-25,0.0001542532528882,0.0020088245026439,0.0006776671081853,-0.000265479465153,0.0003663996422739,0.0016852234100501,-0.1221734843630447,0.0262241255568018,0.012072217988231,0.2483193521606452,0.0122266467922663,0.0400210243688638
2024-01-26,0.0002295558286611,0.0010208272132542,0.0004407713075234,-0.0005263424672283,-0.0001493149642009,0.0024573959117634,-0.312507290806436,0.0202691035652985,0.0129074148514109,-0.0832599438709936,0.0124794106951119,0.0183086312960242
2024-01-29,0.0003508408270288,0.001459685284949,0.0002762878049931,-2.6873152946390265e-05,0.0002387307046209,0.0024258081177159,-0.3443680817704268,0.0245080917509942,0.0130046120706617,-0.2401112085693986,0.0108840277878365,0.0073156156962186
2024-01-30,0.0006395483525814,0.0001574319775272,2.9433861057267745e-05,-0.0004940447295634,0.0004729028315044,0.0020570860548734,-0.5019914739592031,0.0241642708291227,0.0229299589845658,0.1937266214282087,0.0099724177671883,-0.0203992079034069
2024-01-31,1.2614766223670216e-05,0.0007071501120762,-0.0001112567584348,-0.0006700165611778,-3.447253822571128e-05,0.0020792393160259,-0.4199054719699446,0.0188525025359901,0.0236427829640024,0.0746768736784868,0.0112670183015037,0.007729466193114
2024-02-01,0.0004470881795509,0.002082116987235,2.9710205828284157e-05,-0.0004431989506267,0.000345317988804,0.0041697946189833,-0.6258054254212286,0.0226536429735896,0.0195699331704682,0.5662332131607881,0.0151631643432408,0.0295802273758283
2024-02-02,0.000975835611334,0.0015102385730367,-6.868040069838906e-05,-0.0006690446684451,-0.0001848919049919,0.003318893792223,-0.4185346837968731,0.019653088733357,0.0300542897130272,1.3741570487313204,0.0167854080590955,0.0347394040803411
2024-02-05,0.0022147845804614,0.0019050226657221,-0.0001727148210569,-0.0002719410716954,0.0004855831923979,0.0030071785513091,-0.4272213688538452,0.0321605382101377,0.0074202677723781,1.656961114754473,0.0203425704790614,0.0450454411438924
2024-02-06,0.002475306458993,0.0020816077672528,-0.0002825314947073,-0.0007142782507519,0.0003077196811776,0.0027553655710837,-0.3593404293309117,0.0081881087884367,-0.0137103255829251,1.4846677798452146,0.017858894120754,0.0201213815739543
2024-02-07,0.0003247132672183,0.0017332905136606,-0.0002099096377978,-0.000882060029033,0.0003470664170711,0.0008453729571171,-0.157708162010797,0.0075200866839171,-0.004094269376301,1.2840246412653802,0.0113624150831572,0.019642706732048
2024-02-08,-0.0006102050839252,0.001753409915644,-0.0002415784392184,0.0004348440743068,-4.653367702420366e-05,0.0020485116201539,-0.0648951561171738,0.0211248329827138,0.0130982864489217,0.8463607539439064,0.008450365818667,0.0317560626274357
2024-02-09,0.0007202806507812,0.0025595327670324,-8.033415921727682e-05,-0.0006372034914077,0.0003234479525889,0.0027908942601306,-0.1253419380111016,0.0129771436723841,0.0253886216315756,0.1071403445441719,0.0067919107699165,0.0488584435533892
2024-02-12,0.0009074513764759,0.0016967664895338,9.76333033568452e-05,-0.0003557453701006,0.0003287466530042,0.0016536766888947,-0.1922872343233389,0.0095112026984372,0.0148446757739386,-0.2435791344571677,0.0087806906416216,0.0413039769437093
2024-02-13,-0.0005559825537276,0.0005589574494363,8.434717881730666e-05,-0.0001226906010053,4.861500070144812e-05,0.0021026790708515,-0.5224498204106891,0.0187712539409586,0.0046528357989519,-0.0909458489410266,0.0112201515987627,0.0430082871287428
2024-02-14,0.0011345175375755,0.0014560961374275,6.588662717905412e-05,-0.0003616736312164,0.0001303843097865,0.0043249005317056,-1.0557851604095652,0.017304784684292,0.0028313724877282,-0.1327029562158569,0.0113178170417052,0.0558894649231677
2024-02-15,0.0015996245665364,0.0013333212453033,9.840642088150236e-05,-0.0006456745675427,0.0003037078539469,0.0035561208628118,-0.5715226926655541,0.0048976879939962,0.0087766211851085,0.2363909422329695,0.0126736291122203,0.0477856397226625
2024-02-16,-9.701246844513934e-05,0.0007947093357074,8.788934757336398e-05,-0.0004963403039866,4.732246900156903e-05,0.0034900967610879,-0.5280001880343664,0.0131848032644454,0.0184912253079662,0.399327787081822,0.0134980250232852,0.0322728624013812
2024-02-21,-0.0013524844415698,0.0014318437582327,6.264480784471385e-05,0.0001742715440576,-3.795897266150817e-05,0.0034786176408701,-0.4970234029305422,0.0242289072520098,0.0155717417026367,0.1596223108220029,0.0124006170738493,0.0299697128618555
2024-02-22,0.0006261077468251,0.0016869686557586,8.658063121720646e-05,-0.0006831822722518,0.0003273376454959,0.0019431642359936,-0.2190847475664861,0.0040061641370294,0.0138749673218578,0.1977384481973587,0.0121656941931938,0.0064840231933753
2024-02-23,0.0005040488931006,0.0017282026106932,-1.0440611797636044e-05,-0.0008648970323151,6.46843936068277e-05,0.0015294081477802,0.0628072867447037,0.0147211209085528,0.0032300661685083,0.145959466998254,0.0105281410984433,-0.0105803525404208
2024-02-26,0.0001245527367166,0.0018437689715265,-4.021934167598266e-05,-0.0008231903278768,1.6519432958005351e-06,0.0015913325783773,0.0438245533069644,0.0121992457991722,0.0167995709199549,0.4267800252175907,0.014635308933768,0.0030076581673561
2024-02-27,0.0003365298675219,0.0021682768316435,-4.430209307400807e-05,-0.0006869298471264,1.133560417721329e-05,0.0013004748353833,-0.0253917360512662,0.0131478130071164,0.0240007963177509,0.6142889673842797,0.0156601915736554,-0.0211769649995925
2024-02-28,0.000722049350722,0.0021814351066295,-5.4669821266730526e-05,-3.685948276063576e-05,-1.981359639399351e-05,0.0016921319081317,0.0585499549874568,0.0163614861380358,0.0147308741696041,0.4178047805183043,0.0145383235146326,0.0172154613430201
2024-02-29,0.0015868626607467,0.0018296262037136,-1.89934538562482e-05,8.098569793591522e-05,0.0001304679935387,0.004257029952534,-0.1539466725011873,0.0154997462302206,0.0129773543120508,0.52427064187158,0.0124696762465968,-0.0028654722362579
2024-03-01,0.0009727417331729,0.0018168509727406,3.3314918128538664e-05,-0.0002958481364024,0.0001896467221138,0.0032662184773933,-0.1641520266353984,0.0246628420191924,0.0138558706161579,0.5950672995069997,0.0111229337884756,-0.0066095295954753
2024-03-04,0.0001871671727211,0.0011281700680769,8.363576185587573e-05,-0.0002349049571954,0.000120254763849,0.0020089324465375,-0.1978008477284948,0.0231946804182596,0.023725234950737,0.1166138647838846,0.0114135851210445,0.0287360408959424
2024-03-05,-0.0005396703822296,0.0003820359485917,1.74526377240518e-05,-0.0007736765446566,-3.704753503123718e-05,0.0025457151509596,-0.340359861531248,0.0276213351141249,0.0194911302948709,0.4433316981708363,0.0087188308062782,0.0129082314868963
2024-03-06,0.0008674214915552,0.0014358899487561,6.802318797274076e-05,-0.0006233193866596,-4.401458418682895e-05,0.0033843672233221,-0.5817955827931837,0.0261660712523267,0.0182596300179115,0.7926183445138016,0.0114735776904532,0.0135334163994589
2024-03-07,-0.0007206738267857,0.0012669489843035,3.495835549345768e-05,-0.000452745472177,0.0001893869558435,0.0036962102455594,-0.5311523910968874,0.023384958505876,0.0228267058906161,0.5458161582202193,0.011952738349078,-0.0081166317231072
2024-03-08,-0.0021725281330614,0.0005271183027823,0.0001259547659607,-0.0004052600169285,-0.0002000960236359,0.0033994998592519,-0.5727257105193291,0.0307213244288284,0.0165699770151733,0.6011535355127607,0.0157139895842923,0.0073885201686796
2024-03-11,-0.0012771511261567,0.0012474067736389,0.0002369724369605,-0.0012189308498283,-0.0002036385973617,0.0035649984264564,-0.6422142155312318,0.0211982335448929,0.0175956009083964,0.9260583356966592,0.0165499416335348,-0.0075241855866053
2024-03-12,0.0007860335109296,0.0018726206300496,0.0002893153732785,-0.0015294359067164,0.0001678328468509,0.0026153940358219,-0.630696886711517,0.0292916797927026,0.0082021103089245,0.7910906548517297,0.016175854737627,0.0005652440816361
2024-03-13,0.0007431666683671,0.0015152521292681,0.0002976015926809,-0.0006310687094926,-3.252322731001043e-05,0.0024500817536896,-0.128716700121953,0.0190759910453518,0.0067998533941908,0.8172704154469443,0.0136342768164046,0.0051527975447037
2024-03-14,-4.149138708241435e-05,0.0021915109656452,0.0001286741220606,-0.0002374945642764,-1.9078447085660712e-05,0.0036079672422227,-0.1794647830325113,0.0174665582714139,0.0049049081034401,0.5442508970847717,0.0116398683653406,0.0674655300593322
2024-03-15,0.0004948310407274,0.0022603744614872,-4.200007732117035e-05,0.0001874266698223,6.282279462223097e-05,0.0028996806025975,-0.3414941040207151,0.0157221807634695,0.0020939324075764,0.0847983369211648,0.0074376074756482,0.039700210385904
2024-03-18,0.0013262287177842,0.0014498723011613,-0.0001449192088824,0.0006694394002413,0.0003070330592901,0.0036335216530529,-0.2519156057930995,0.0121483417304027,0.0045372811629004,0.0332477132213956,0.0104183600954546,0.0248826564725407
2024-03-19,0.0011855548039694,0.0019626339910307,-0.0002142741189131,0.0003391599524936,0.0002402684393053,0.0044538734030544,-0.2931782692934555,0.0105184801680312,0.0131110584843753,-0.2340945736033327,0.0111355790825763,-0.0039466771581141
2024-03-20,0.0008989376938658,0.0019827339512043,-0.0001753556300984,0.0003362241813875,-7.143155891763475e-05,0.0032362855606771,-0.306283537647335,0.017288218869681,0.0188990858054787,-0.3540221354957286,0.0102585041905419,-0.0215449034666635
2024-03-21,0.0010221786103548,0.0020591454321627,-8.47609625762118e-05,-0.0004588925134322,0.0004421355848791,0.0020449396360617,-0.0832256415234913,0.0216173497522549,0.02781092226437,0.3139795145177761,0.0142274440726468,-0.0447234846459214
2024-03-22,-0.0003845337423541,0.0016432006700649,-2.839457971112045e-05,-0.0012634001344986,0.0001200307263122,0.0009964469690139,-0.0319035005517091,0.0279405097449502,0.0200990234098079,0.7245415290904846,0.0167992609060555,-0.0243376535561771
2024-03-25,0.0003108313783445,0.0011105911124449,-0.0005119027069312,-0.0007806465178494,0.000100996826543,0.002147630918623,-0.0931068150625857,0.0241435737719948,0.0212015198260651,0.9374127758555078,0.0153232713712002,0.0008235983005087
2024-03-26,0.0008836985987807,0.0006650674475417,-7.673753343835236e-05,-0.0007530204668504,0.0003326477712826,0.0030356621908083,-0.1814468037792584,0.0262833428795806,0.0139495344351358,0.9608909591809296,0.0103235542775443,0.0164996804359466
2024-03-27,0.0004500569399668,0.0005734313050231,-0.000277769521487,0.0013326341900639,9.718662229000888e-05,0.0042708017309232,-0.3071572310344513,0.0316636991897032,0.0116902995195324,0.8524830879001155,0.0106164331393718,0.0137708157964526
2024-03-28,-5.327644648458948e-05,0.0008985288078775,-0.000344128047911,6.895239707203416e-05,1.3682836509410348e-05,0.0035843584893423,-0.2711381446553184,0.0213598632389032,0.0183552950310664,0.7074261144851901,0.0144067943937751,0.0232843888903847
2024-04-03,0.0009194123857005,0.0014230657828305,-0.0001401856781456,-0.0009305011961059,0.0003848159110176,0.0030953873783059,-0.3581233523970217,0.0232898765450812,0.0161993031989582,0.2518986179417162,0.0123758485982738,-0.0053509301362752
2024-04-04,-0.0006963081409492,0.0016600957711566,-8.642406181936127e-05,-0.0005560989369615,-1.1657134237099437e-05,0.0026984771072403,-0.2466775700537279,0.0220505112559971,0.0171975161421525,0.0861665941558522,0.0056951569835383,-0.0345316950111077
2024-04-05,-0.0019700538829691,0.0013841212877401,-0.0001749397784405,-0.0009857678300673,-0.00013886691791,0.0037907449650931,-0.7826776614708428,0.0185074986236713,0.0180691201113068,0.0990318435599306,0.0075939287283711,-0.0198707197567897
2024-04-08,-0.0004953341274115,0.0009763420722102,-5.950925299135425e-05,-0.0005305206404524,-7.633396492411469e-05,0.0039554354498777,-0.6117678830145041,0.0240482042951402,0.0102126701367331,-0.0101869443583749,0.0073374251681096,0.0062723254389331
2024-04-09,0.0004783238166112,0.0018501501112436,5.854539003525097e-05,-0.0001037715545458,0.0003037399519067,0.0036299985261388,-0.4260536215330349,0.0126515596057278,0.0049630176350956,0.1843668397235024,0.0118726842389991,-0.0156859066137686
2024-04-10,-0.0002189764604591,0.0005614768359216,3.4920509554362766e-05,0.0001239137868603,-0.0001440174877083,0.0036863821792691,-0.3959355660439794,0.0144602364355937,0.0147281112167675,0.6726130994569814,0.0130437367863568,-0.0044728059819682
2024-04-11,0.0016881930825989,0.0005179181814509,9.765886022080302e-06,-0.0006947310404014,2.3045773224969916e-05,0.0031139958074183,-0.4968825016497788,0.018897708618456,0.0008165965275986,0.6452802957302998,0.0140453099040549,-0.0134608623664221
2024-04-12,0.002558841940338,0.0025295108577978,-4.151027483163615e-05,-0.000195526206012,0.0006856820862568,0.0041694651116573,-0.035555765453891,-0.0002619298593976,0.0002403051995104,0.9268495976892352,0.01368982601624,0.0194624028838569
2024-04-15,0.0017491502779095,0.0016410271544367,-5.915915839246042e-05,0.0002433512196392,0.0003305847515667,0.0050888640998125,-0.8290002827302978,0.0073271399015547,0.0156799311230962,0.9033369336161576,0.0098805003534239,0.0553944340159067
2024-04-16,0.0006483764082464,0.0034604182826146,-8.53307497142257e-05,0.0014272759491242,0.0001970930047268,0.0066834703330219,-1.3038145709919866,0.0259395413271285,0.00685871057439,0.7452883397118739,0.0143194466405448,0.0519800867886496
2024-04-17,0.0027908996971806,0.0050706868865537,-5.389010877432197e-05,0.0007104576451911,0.0007298610943503,0.0056618864529398,-0.919009768909166,0.0036640398391259,0.0085136355557907,0.7038908657923411,0.0145329373301442,0.0668379492215715
2024-04-18,0.0011059400400323,0.0046175895614444,-2.5278789775451185e-05,-0.0005225303252035,8.207891871130868e-05,0.0072203615202124,-0.8628276100239687,0.0188085648117497,0.0148704329536355,1.2014401000416526,0.0165287805111335,0.0207467446631304
2024-04-19,0.0003514224072746,0.0044612824206278,1.2027839876307306e-05,-0.0012527283298902,0.0003663773551637,0.0054508062470519,-0.6938689550881216,0.0236417442605064,0.0148829933878958,1.2278177588119203,0.0172417739472986,-0.0163591104803169
2024-04-22,-0.0001269957565175,0.0033329792245853,-1.998018165620391e-05,-0.0019140625336954,6.094684193868173e-06,0.0052060434399942,-0.4913061224604431,0.0154134666599971,0.01943594162181,1.1428041444223678,0.0156919484739744,0.0025963084344689
2024-04-23,0.000506142162719,0.0019643601312101,-7.228511659994497e-06,-0.0009092085848074,0.0001906919565272,0.0044675605208646,0.1528151204128596,0.0162306452898477,0.0166014996728967,1.0783011027247484,0.0146832811335374,-0.0395682780536137
2024-04-24,-0.000758957236761,3.711241401754069e-05,-7.809686246188044e-05,0.0004671024218708,-1.3413077852789484e-05,0.0024356530574481,0.2811207653038168,0.0249461823949316,0.0122177229078386,0.8572772631206347,0.01131659200582,-0.0082985613234691
2024-04-25,-0.0010254118228911,0.0001321839495285,-9.080196720450256e-05,-0.0003732932028109,-0.0001353935017594,0.0022641266308628,0.0926822031871594,0.025410501567946,0.014018231150946,0.5435170513911104,0.0095901820273887,-0.0091047311267791
2024-04-26,-0.000378839515938,-0.0006388974694167,-8.052416811627351e-05,-0.0012756989150565,5.0442829459735166e-05,0.0018887712331363,0.2767459769919472,0.0251666726670455,0.0052741330882318,0.4198367383034563,0.0125755551006757,0.017521483789152
2024-04-29,-0.0005074193434452,8.093601046670084e-05,-6.593896786352162e-05,-0.0008831267765188,8.092827963818474e-05,0.0022648517411247,0.2464582868369502,0.0152715632576958,0.0112349145230076,0.3340720317438236,0.0103918491507119,0.0253417454723107
2024-04-30,-0.001291686014959,-0.0005695838737803,0.0002202287159159,0.0002227506483974,-5.828720616220853e-05,0.0029934761890091,0.0296089317144548,0.0238452205796351,0.019575027413723,0.5730372979193945,0.0133302039275847,0.0058009204109894
2024-05-01,0.0010539287012094,0.0001429262817143,8.056460189222249e-05,0.000416664990396,0.0001462388048553,0.0043453318299491,-0.3714160922747326,0.0159946735333841,0.0158044094178052,0.8208822469291266,0.0145786809346674,-0.0129705738014123
2024-05-02,0.001586182795775,0.0015980974260756,0.0001150813793718,-6.604649378333377e-05,-2.6072702888814823e-05,0.0043588237014273,-0.2718533780511739,0.0108342180583162,0.0168872098607953,1.3586285174921515,0.0231624946991667,-0.0124271233922004
2024-05-03,-0.0004076352175951,0.0009611851315437,7.657116715454056e-05,-0.0006746099136334,0.000291441687225,0.0044498363281921,-0.1753252669246604,0.0262464619377817,0.0240120185947237,1.566884916493485,0.0174855825806199,-0.0296240372240588
2024-05-08,-0.0029668217072682,0.0010664169382034,-4.367775364630053e-06,-0.0014588314175067,-0.0003669145837538,0.003093510253034,0.0438900520651509,0.0325707983070929,0.0271303843195898,1.616984295467074,0.0142383921122686,-0.0185914810797266
2024-05-09,-0.0004892652462244,0.0005392382845019,-4.421321550928849e-05,-0.0020512115942329,-7.393922532357176e-05,0.0011190082198609,0.067588654728226,0.0265415029884771,0.0255341425876711,1.354298957967767,0.012989542803335,-0.0122216319204484
2024-05-10,-1.4876117453293549e-06,-0.0005206670084032,-8.078190611074504e-06,-0.0007311670651014,-2.2058552962525803e-05,0.0008404883595262,0.2038052214510479,0.0324523386620409,0.0161004969151523,0.9725937062269068,0.0110019336552891,-0.0081197606449657
2024-05-13,-0.0001602496313671,2.3133354434181708e-05,-0.0001098304325541,0.0003548233633725,-0.0001163235764254,0.0018237805449074,0.1228743259723053,0.0300333181756303,0.0112239292634431,0.82510597631486,0.0106355700461766,-0.0231606421462147
2024-05-14,-0.0006322549704844,0.0018070367743,-0.0002086546353244,0.0002174563492791,-0.0004183202256158,0.0031098615804389,-0.3433926983448933,0.0239482535955791,0.0097756789985467,0.6513574541080965,0.0118308202082468,-0.0121484444004131
2024-05-15,0.0002079681674828,0.0029204644608362,-0.0002133364978103,-0.0008793470651195,-1.903665866877412e-05,0.0023898531742773,-0.3885656590572888,0.0198129505017301,0.020250493864209,0.6917732192508407,0.0172372991678569,-0.0148176861383075
2024-05-16,-0.0012423551857989,0.0026574427906256,5.692100053172863e-05,-0.0010273063903369,-0.0002526612506495,0.0017899611977144,-0.1817208377361784,0.0300956713233675,0.0261628376260489,0.7521541183458201,0.0184501927891628,-0.0046240474840021
2024-05-17,-0.0010933207145817,0.0005798187095446,0.0001021402591382,-0.001506025826563,-0.0001947104575091,0.0019655927241539,-0.263989006146659,0.02361217591905,0.0247332785936262,0.544100241239996,0.0115093917244377,-0.0250247834431477
2024-05-20,-0.0003298651662319,0.0004566935608166,0.0001131444010826,-0.0014351872603625,-0.0002135912062282,0.0019955166707588,-0.0931300618570622,0.0235945200671659,0.0102185495373475,0.3195555235108015,0.007951383948617,-0.0279995515291498
2024-05-21,0.0004940780566177,5.117850700582245e-05,-4.663760656313629e-05,-0.0007906602574282,-5.671410539065152e-05,0.0024980882080703,-0.0713006275799742,0.0203087140095143,0.0084215955242375,0.3990449935073397,0.0104670050384556,-0.036281476821582
2024-05-22,0.0003142996286851,0.0004527939700624,-0.0001760792802879,0.0009134103630897,-0.000147348559673,0.0034726682605752,-0.0869136003037217,0.0255245893161163,0.0121410564301455,0.4820984139499084,0.0142746414298561,-0.0307308676283855
2024-05-23,0.0011256008070005,0.0008752615998134,-0.0003221688913405,-0.0001045076029428,3.840760472610086e-06,0.0031940347599395,-0.3292084128026294,0.0168820011669913,0.0170797425449162,0.8910095855724468,0.0168744211246908,-0.0202791245351577
2024-05-24,0.0010778351631231,0.001287848930199,-0.0002915821497402,-0.0003821744568065,0.0001544184665763,0.0041726989015255,-0.4715748285188711,0.0141028930019745,0.0120567528045413,1.3569818170090242,0.0162986027620645,-0.0202384073299415
2024-05-29,0.0007048346042869,0.0016578253236011,-0.0001781862892331,-0.0005627089468031,0.0001022155663142,0.0036506886663275,-0.2534505012721689,0.0165014405019244,0.0135615785243525,1.2703373851219664,0.0144702270881124,0.0378989282553604
2024-05-30,0.0012673358062512,0.0024316990989699,-0.0001497512228697,-6.765406802566702e-05,6.16629146042229e-05,0.0044267720930129,-0.6602588653895802,0.0167520555235555,0.0078149082733288,1.196499425967994,0.012319028208123,0.0368996402970646
2024-05-31,0.0010338235715607,0.0027016737163601,-9.272079486518522e-05,0.0002161173392382,0.0003148044029376,0.0047784154760824,-0.6334115617871768,0.0166266619562009,0.0160290981367851,1.3079892630258343,0.011863625083177,0.0858333839057901
2024-06-03,0.0002227198358244,0.0022153874810108,7.797173970987646e-05,0.0005587156599171,0.0001052424501307,0.0032382276406382,-0.1203340248372225,0.0204390269867063,0.0260123015627826,1.2346646364473517,0.0163312802137,0.0843624585448052
2024-06-04,-0.0009340284515618,0.0026834970218522,6.338106359253823e-05,-0.0002880689866629,-0.0003135639318312,0.0038879578586821,-0.2575165286227415,0.0262935399163396,0.0294996732802629,1.5751734333201184,0.0222292015656757,-0.025874328348349
2024-06-05,0.0006716402647285,0.0029667600796253,0.0001530346721965,6.906941479789639e-05,0.0002587207860874,0.0027710843924996,-0.2548578853648925,0.0290983488495125,0.0365359647550354,1.9128393013617524,0.0210514444418209,-0.0275997189158222
2024-06-06,0.0007439947651271,0.0024851630260996,-1.8703379147198728e-06,-0.0019147802765624,-4.962849097820099e-05,0.0012784328296649,0.0254988870248422,0.0340010546014605,0.0239812385258936,1.4418735101465296,0.0133601936714013,-0.0248591265767284
2024-06-07,0.0004597696273368,0.0022826606032963,5.842709356013908e-06,-0.0011498037054938,0.0001348406250494,0.002207283415303,-0.0935570786254471,0.0311607467947334,0.0178542351736466,0.9085863367754834,0.0051057980067899,-0.0387783356001244
2024-06-10,0.0009512048412755,0.0013604446312319,-8.844062711443652e-05,-0.0009387715350409,-9.152203603482724e-05,0.002464173187745,-0.1550803052394059,0.0255246576936278,-0.0041913694090203,0.5919730647423475,0.0050347865578427,-0.0196122386882474
2024-06-11,0.0016345042878197,0.0022739620204527,-9.24251640133532e-05,-0.0004281812142037,0.0004809498355899,0.0024245593431343,-0.2977288937545041,0.0135668163325142,-0.0070020116508754,-0.1086906155575478,0.0061760285237506,-0.006347432351914
2024-06-12,0.0007360939522518,0.0021077647545983,-0.0001768109334425,0.0002092902267706,0.0005503647690006,0.0033853876485131,-0.3387423348394016,0.0175978756366745,0.0143689835152075,-0.300773902262033,0.0082540330016085,-0.0255827024064501
2024-06-13,-0.002157307892043,0.002318079645491,-0.0001193914110914,0.0001367907032721,-7.660470543937583e-05,0.0022742464230716,-0.1752876077991947,0.0250218529206217,0.0282503119375578,-0.1556510670195309,0.0097450857934402,-0.0397678518036031
2024-06-14,0.0001643145960973,0.0034758317519078,-8.701954637970991e-05,-0.0008721756112372,0.000228913650436,0.0018790489745293,-0.2222638937897868,0.019485678297072,0.0358226960218889,-0.0187523848576838,0.0092092041739824,-0.0270233336715761
2024-06-17,0.0012241879220592,0.002898485020935,-0.0001273390196675,-0.0005963314934201,0.0006115899064843,0.0023495383140568,-0.4242118745255501,0.0311409693023375,0.027045726225802,0.1730244228045914,0.0100371629968719,-0.0101462358994366
2024-06-18,0.0022586865058429,0.0011570894681839,-6.875524951469135e-05,-0.0005619797273812,0.000635015240864,0.0019278400724918,-0.3531712498377878,0.0289698510903154,0.0068979075461939,0.1269521203158116,0.0091526010338261,0.0237461870986437
2024-06-21,-0.0012812779203992,0.0020682229964289,3.695468511905644e-07,-0.0003211508793892,-0.0006238333601329,0.0024772308007366,-0.2749085437475395,0.022602732803743,0.0098298091203208,-0.1424219238992362,0.0054504508735563,0.0316334682755376
2024-06-24,1.0791124478108336e-05,0.0011103815605522,-2.2155157608452745e-05,-0.0003741118074074,0.0004549962922341,0.0027962296294254,-0.3643561762580519,0.0264393548528287,0.0150007150064239,0.2299019363410945,0.0064031746970032,0.0285428927021466
2024-06-25,0.0001319534080733,0.0012988298319051,3.071389101728731e-05,-0.0004379725425667,0.0004244558571141,0.0031026019603814,-0.3599471074556568,0.0235929598321641,0.0131134839325453,0.1962599931801685,0.0093545693214772,0.009287886980989
2024-06-26,0.0008222046218241,0.0013728628083512,-2.4745479080517608e-05,-0.0004606957296306,-8.480890212999792e-05,0.0035983229129058,-0.1434939765977853,0.0164720870721779,0.0192659475256484,0.2951647194537907,0.011493277630176,-0.0025160038524949
2024-06-27,-8.907138684899622e-05,0.0008976939136011,-8.433278831795772e-05,-0.0006954451699696,5.279091856621516e-05,0.0034532193445468,-0.1205302762324624,0.0278615640551859,0.0039706924092724,0.6286318977800692,0.0137497486010896,0.0041062543561088
2024-06-28,0.0005143394275446,0.0019944160903096,-0.0001309175664563,-0.000860283436335,0.0002975587520543,0.0031625099517676,-0.1122636535795891,0.0197314700894517,0.009101732566468,0.5094156623509218,0.0106986115423856,-0.0092287424385733
2024-07-01,-0.0004434307528775,0.0022671223785197,-0.0001052093193525,-0.0010247275050266,-0.0001705173553704,0.0032932726983978,-0.1907308308879666,0.0178809328761493,0.008102013290833,0.3765339167812637,0.0092448011668918,0.0177606875559664
2024-07-02,0.0003205711312998,0.0039776638695555,-0.000107896988973,-0.0009384166472851,0.0001214693250429,0.0036048819242332,-0.1525990494581182,0.0225577654138764,-0.0048997902845002,0.1696745954644358,0.0113493656960836,0.0398905351256255
2024-07-03,0.0004964549840396,0.0042166602986397,-9.433955425464636e-05,-0.0005709921183086,0.0001774642925547,0.002993018762181,-0.1918870935344211,0.0117991795265066,0.0109180949958215,0.1146041416539987,0.0091604993824176,0.0507763946085996
2024-07-08,-0.0006496206920498,0.0033021859250821,-2.957033332999929e-05,0.0002053066311555,-0.0001978485464767,0.002506919583169,-0.2746835874763949,0.0211401769895079,0.022404225846304,0.1042155377028768,0.0092501195609466,0.0501683321287886
2024-07-09,-0.0012095669637913,0.0016813760967308,-3.468153868449792e-05,-0.0003890213241825,-0.0001511101184805,0.0019833685147001,-0.2633817916761731,0.022644745419293,0.0240250765620619,0.2566200680705525,0.0133376130175577,0.0342844993019788
2024-07-10,0.0002775274934865,0.0005460685775898,-0.0001156311426246,-0.0007492266255293,-8.572796494022686e-05,0.0025901628919338,-0.3113256690100906,0.0162401990507991,0.0185853179150121,0.5940711243978799,0.0155330291756687,-0.0188790578029545
2024-07-11,0.0005783171883207,-0.0005533179504337,-0.0001376850495855,-0.0004294395025503,0.0001505596215642,0.0022573047093545,-0.4335363750433798,0.0210191235964474,0.0107005566975912,0.6845811849091814,0.0133486356580637,-0.0230337397238801
2024-07-12,-0.0008515131489891,-0.0023863873195678,0.0001943954353102,-0.0012875200405761,-0.000371360861132,0.0034258487223813,-0.4482800000521658,0.0257436004381146,0.0194083362919444,0.528520929422176,0.0112583662821858,-0.0126083443333733
2024-07-15,-0.0005504628099817,-0.0002091487633743,0.0002829892017603,-0.0011180598610298,-0.0002573302245687,0.0031791318991775,-0.3180913667066556,0.0297557500604697,0.0235996135387657,0.6770545269976864,0.0094131980414555,-0.0004631184486607
2024-07-16,0.0002355403419048,0.0003824706319221,0.0001536024205801,-0.0007393004226279,-4.296149708514995e-06,0.0027855432455077,-0.5162612645427481,0.031312324111692,0.0128416653412013,0.6177658670249636,0.0118352462207412,0.0226209816536449
2024-07-17,0.0017013783181805,0.0007778976987518,3.707832799988938e-05,0.000491972889331,3.602569086951423e-05,0.0032992707798216,-0.4595695479237576,0.0254650840009599,0.0136758837797129,0.7718179672080748,0.0123367602597803,0.0312409777704188
2024-07-18,0.0013582622240235,0.0016572191509055,6.145802801008135e-05,-0.0001462515800628,-0.0001516138835528,0.0034509339353585,-0.7571336285611056,0.0303930121547878,0.0151019321010388,0.548383900204182,0.0134438835106615,0.0380671947408997
2024-07-19,0.000588445301839,0.0017194604172249,-0.0001119246577891,-0.0008467865113855,-0.0002170694462209,0.0053141107864809,-1.092041039906101,0.0233388647333963,0.0106363988284814,0.4277532532811111,0.0117243756808548,0.0215884336306622
2024-07-22,0.000880115743949,0.0020085787075698,-0.0002345917790678,-0.000625401737961,4.352086717200401e-05,0.0060857525100249,-1.148565764676416,0.0169376715610135,0.006898722608099,0.9041264960196904,0.0129237895575892,0.0358178228677561
2024-07-23,0.0026292879169141,0.0025254929003635,-0.0001682822778195,-9.301605658524942e-05,0.0004132097851919,0.0055871733210343,-0.5758139902492272,0.0154404667107436,0.0035600543097516,0.957990495110264,0.016182299061468,-0.0166382342389479
2024-07-24,0.0021704984005202,0.0022975818454338,-0.0001813083916155,-0.000487651561003,-0.0001119686951244,0.0037547284034588,-0.4808179359626526,0.020821073768704,0.0118780772709108,1.3546141985639994,0.0171212801639936,-0.0028636997938804
2024-07-25,0.0014275801757604,0.0024975171735719,-3.6410222404744415e-06,-0.001343682215848,0.0002619880610431,0.0056444121286002,-1.136264308504169,0.0251003569522404,0.0131534007289287,1.6575516622464503,0.0123282948042507,0.0017147466078675
2024-07-26,0.001891237363341,0.0020832829255627,0.0005710098587686,-0.001137767203116,0.0002219803890642,0.0058361701931303,-0.8801751943251008,0.0245876818815506,0.0140849411917161,1.2459737775446231,0.0106451828821157,0.0006175452719511
2024-07-29,0.0017186489916218,0.0018203162027012,0.000272423437602,-0.0007087189693478,5.667206528358166e-05,0.0057722026399969,-0.3337616142744553,0.020707937480949,0.0211610044531954,1.0432581892352606,0.013522945434223,0.0135479847759525
2024-07-30,0.0010096402322206,0.0024032066424373,0.0001951816583329,-0.0002504671563748,0.0002760318345839,0.0049625645949042,-0.6484121921224937,0.0286271969156936,0.0229464805342888,1.1268991480772783,0.0145209232950868,0.0306496817650043
2024-07-31,0.0006507017563702,0.0020239828540866,0.000202184189001,-0.000281694495568,0.0002685263480731,0.0030423363846395,-0.700344122445688,0.0246544568307523,0.0211743291304776,1.0244992623324418,0.016134736163805,0.0329442733440824
2024-08-01,0.0009842344237057,0.0009689419662581,0.0004595050639958,-0.0014496666129275,8.606774531673708e-05,0.0015884062060927,0.0822286783999776,0.0205634712145909,0.0212510784787031,0.5911536937773626,0.0096403641786251,0.0058686109519599
2024-08-02,0.0005997794965388,0.0013687049129873,-9.241798850355544e-05,-0.0013011776413138,5.155406375283727e-05,0.0039843718094811,-0.6958956624803625,0.0331274148291457,0.0260973435799105,0.6948370467464838,0.0081783907669036,0.0073875129767602
2024-08-05,0.0006547553965364,0.0013763739153479,0.0016300459090611,-0.002137135321686,0.0001640966150197,0.0060532862316399,-2.058917593833477,0.0436474634657829,0.041913105808564,1.1740800803434108,0.0162176693167359,0.0072242504766771
2024-08-06,0.0012308934524758,0.001981578812899,0.0018626559178089,-0.0003193913758768,-0.0003928344963536,0.0084998825048227,-5.729145940999567,0.0511062977723877,0.0348446201886796,1.1185709429404012,0.018749729974636,0.0092443713501272
2024-08-07,0.0002922751199692,0.0014653957343954,0.0013178766779525,0.0001991226868578,-0.0002470022473086,0.0088249463417786,-1.850985174421617,0.0293009733739935,0.0047510772111246,1.0127666710104537,0.0155002015869976,0.0102850294511397
2024-08-08,-0.0007243309391001,0.0001029824730751,0.000955540352383,0.0006145328560429,0.0005533350439826,0.0065139659604842,-1.7016441024923776,0.0141079965347173,-0.0082524899005856,0.9149139296965696,0.0078792133634212,-0.0037203219176819
2024-08-09,-0.001489539276587,-0.0008702766568477,0.0004039169081237,-0.0001192544196342,-0.0004946439225383,0.002899873242061,0.03308342454994,0.0244725927164592,-0.006628250206576,0.3153421786516577,0.00205666702268,0.0125106372465396
2024-08-12,2.798846399474847e-05,-0.002159354449473,-0.0003099725603993,-0.0017449612189511,-0.0001560987167333,-0.0005026794233433,1.7267373218370194,0.0122400618388355,0.0099788711210011,-0.1019450355268851,0.0048683749511868,-0.0118776203693436
2024-08-13,-0.0002029782887591,-0.0036106043735241,-0.0004338931654589,-0.0009350344811908,0.0002415027250422,0.0018651573300679,2.136625969616103,0.0091560558451158,0.0225570830874055,-0.6556614787948618,0.0060272510959303,-0.0282634758745822
2024-08-14,-0.0005071208108497,-0.0018857089837107,0.0002555639040471,-0.0011339641551836,2.866665827281992e-05,-0.0004054382637844,1.578341068735818,0.0201551974242367,0.0222504084217995,-0.3867320860547709,0.0100704768674233,-0.027842417450052
2024-08-15,-0.0005366024274815,-0.0016243584489632,0.0006044444711663,-0.0006310944015506,-4.182130308177373e-05,0.0015643912718879,1.637281564952846,0.0215917382976472,0.0196206876026414,0.3156717950962109,0.0125171683654596,-0.0282794532436986
2024-08-16,-4.586947114246581e-05,-0.0020822043227482,-2.486503324585522e-05,-0.0008916461825894,-0.0001763356049887,0.0002282346964331,1.1547715887153194,0.0151469622183524,0.0044563230160324,0.2825484141811643,0.0105455990377148,-0.0251032236832651
2024-08-19,-0.0004361751087866,-0.0003668187988511,0.0002093559943351,-0.0013251913457936,0.00018719150916,-3.4376628933271806e-05,0.7776989071296186,0.0077536138947583,0.004114663476971,0.693087885323852,0.0126333378302423,0.0120509188220751
2024-08-20,-0.0016164040700341,-0.000492553796814,0.000396350172753,-0.0012987452112936,-7.786811545553357e-05,0.0011743864856541,0.5802146438614184,0.0150814715531422,0.0128478838431977,1.4309208209936268,0.0134325232921035,0.0008815415431835
2024-08-21,-0.0016636836750126,-0.0006670006920872,0.0002712326039815,-0.0023629584529329,-0.0006913126383492,0.0013564345337519,-0.1490615317191653,0.0187421381435303,0.0169718103976986,1.3075338167991253,0.016614049349014,0.0020806777854862
2024-08-22,-0.0008056941155763,0.0006233065537019,0.0004220267648411,-0.0016305347519481,6.528613105528887e-05,0.0027714119558305,-0.4536878297799077,0.0154887855273068,0.0213193853928925,1.5744732933070116,0.0142904706651343,0.0045926894080084
2024-08-23,0.0010441577247773,0.0008886463514912,0.0004289457277025,0.000713814481308,2.8550798533351235e-05,0.0033535229758889,-0.8521076932748488,0.0239866265885831,0.0076186283305629,1.561836622471497,0.0108575854803977,0.0258211411391352
2024-08-28,-0.0005500784964759,0.0014541018840007,0.0004840581912762,-0.0003445940604911,-0.0002909135724017,0.0034158563990917,-0.3497978235786017,0.0164143271503636,0.0083329697928049,0.7725750292862991,0.006571686575088,0.0356722859327997
2024-08-29,-0.001052170683991,0.0024036492875407,0.000182940906303,-0.0006645016950909,-0.0001944732714218,0.0031370260984477,-0.7487437637358445,0.0228337744232145,0.0120818580120276,0.5773636519746792,0.0103684338439541,0.0429841560429342
2024-08-30,-0.0010278422002547,0.0019966954196853,0.0006646027002763,-0.0017426793644817,5.1340836834724874e-08,0.0039107607865969,-0.1671544602173492,0.023448839118007,0.0071155340853935,0.2661830932318884,0.0096167799513308,0.0444210837192936
2024-09-04,0.0012536861261229,0.0030416858441628,0.0007923385376511,5.387672552121452e-05,0.0005787861422307,0.0019090607736284,0.0468563465723548,0.0081973397801164,0.0069094883750071,0.3164230501372306,0.0120355593142073,0.0164385823097718
2024-09-05,0.0003891726335743,0.0011373565955588,0.0009070539332412,-0.000526291977953,-0.0002132018534084,0.0032496072097031,-0.1072976163141974,0.0190219767777041,0.0108005461218413,0.905366379173419,0.0159829171351624,-0.0115439235437643
2024-09-06,0.0004626531922375,0.0021002495537953,0.0010475876996441,-0.0005627644255698,8.655906159983532e-05,0.0028835089439547,0.1608758188692289,0.023356821011551,0.0205731829692954,1.0591034795320888,0.0148046446998245,-0.0111019224072497
2024-09-09,0.0006464983341256,0.0010884158513748,0.0008733410666877,-0.000863463974056,0.0002242320344227,0.0048366304073521,-0.4814527103851375,0.0229229019805943,0.0180915872738398,1.2276243849803303,0.0150759272285199,-0.0237010637940498
2024-09-10,0.0018069640009499,-0.0007127294955845,0.000336588140678,-9.858992979410564e-05,0.0005064428164134,0.0050398582752496,0.210077806072621,0.0182372581662145,0.0155005853436199,1.1205609943766324,0.0132376298634332,-0.0072978094466769
2024-09-11,0.0010857815806845,-0.0002193263363751,0.000100278235312,0.0001654494899531,0.0002250339714034,0.0037946178860585,0.1283601474024271,0.0243429692844161,0.0138851029206827,1.1557244130815507,0.0157580741626613,-0.0147330984070845
2024-09-12,0.0003038242708551,0.0003532851297164,-0.0002293232061089,-0.0001310094014796,0.0002196957624358,0.002562878575612,0.4962978479661767,0.0190020643665135,0.0140341374356325,0.9446331961466196,0.0135721145919024,-0.0056834045934062
2024-09-13,-0.0001917709987041,0.0013572806935266,-0.0003378493575047,-0.0007058855149596,0.0001970307268624,0.0001082277857298,0.5077778664579986,0.0193553092675353,0.0078743185414901,0.4055131770638699,0.0027674945469409,-0.0060515433464199
2024-09-16,-0.0007598443972718,0.0012422627389372,0.0002430358969915,-0.0013164084823514,0.0002468597890818,0.0012070135316046,0.7333335209414906,0.0118480511227372,0.0077388909121731,0.3137931981306803,0.0032667908230474,-0.0189438044367727
2024-09-17,-0.0005434040556247,-0.0002004973635603,0.0004116298407928,-0.0013613831398108,3.585210025902101e-05,0.0014448806704612,0.095343815976971,0.0236266307681545,0.0121500532996722,0.086206017880321,0.0078850523221638,-0.0103143363200199
2024-09-18,-7.321731175641836e-05,-0.0016128087377872,0.0005588917577092,-0.0012685037793545,0.0001669169983491,0.0025480179579576,-0.1661912953495097,0.016727366881407,0.011956826876926,-0.4062287655433262,0.010161124884829,-0.0204504114860454
2024-09-19,-0.0002776668173364,-0.0020600268968137,0.000674757047235,-0.0001958259777527,0.0001267722619725,0.0034406499504478,-0.5429788107324225,0.0102395238994768,0.005220399269241,-0.0841640593265301,0.0103442352596683,-0.0120236960071706
2024-09-20,-0.0007025871882311,-0.0028236203098759,0.0006526257114767,0.0006490451590085,4.45320956662815e-06,0.002364041399505,-0.0735094996151565,0.0149614587711994,0.0005313566706669,-0.022764682633163,0.0072594713676286,1.157152397094404e-06
2024-09-23,-0.0005031427402668,-0.0015633111130308,0.0008137599653618,0.0001811357512774,-0.0001358955885184,0.0022716352612732,-0.129460461680346,0.0175260332603047,0.004536243221518,0.0036168791828948,0.008196726456063,0.008957090682977
2024-09-24,-0.0004414340785599,0.000125806154223,0.0008246227968818,3.58516636622759e-05,0.000207620082404,0.0023143753898349,0.026188708953331,0.0172534861015375,0.0086290516938741,0.5104322513491039,0.0120738610748727,-0.0125935326212785
2024-09-25,-0.0003785800745654,0.0004457578396749,0.0010310512647137,-0.0005552690838984,0.0003425582800144,0.0017962170265185,0.2151145347522584,0.0163019691116139,0.0112720530517546,0.5118495364507756,0.0119572908886254,-0.0286281423529563
2024-09-26,-5.513679598697643e-06,0.0002597133518062,0.00073910774444,-0.0006117098118147,1.841219215976581e-05,0.0037582066112242,0.1374454446724745,0.0190490074055997,0.0073693130854895,0.7575340783368201,0.010377604266919,-0.0306560336615761
2024-09-27,0.000155789037136,0.0019427352353857,0.0009070880212682,-0.0015202576733243,4.346794245029648e-05,0.0029650959423341,-0.1263365841716145,0.0146074051868295,0.0050853242096278,1.3391285725315494,0.0146759361235979,-0.0340553350155199
2024-09-30,-0.0008415988940788,-0.0003358734745895,0.0006987220982448,-0.0013390567332195,0.0002868217323273,0.0033271851052232,-0.6261847150232251,0.0069542586634293,0.0136342611803811,1.204240211142401,0.01744264707214,-0.0101455683363624
2024-10-01,-0.0008771998356339,-0.0013021664724653,0.0005329251162609,-0.0015423589922388,0.0001733061421723,0.0032217703412613,-0.548818489094473,0.0158066628461448,0.0084291351244155,0.99881680777517,0.0124276225413924,-0.0104977897822101
2024-10-02,0.0014706984158887,0.0001415273238789,0.0003442134768972,0.0007756855384863,0.0004996241575314,0.0037848502145142,-1.3147650425160873,0.0092511539075186,0.0134549352881666,0.729439706310534,0.0022838283019487,-0.0010042541598565
2024-10-03,0.0006813338408355,-0.0002964380473559,0.0001344090322971,0.0008964919636744,0.0002667692813071,0.0044289414057856,-1.0584944934173883,0.0097597141598921,0.0113780514454416,0.2488407781927991,0.0044298857436456,-0.0129118064063331
2024-10-04,0.0015112012067243,0.0007741287635931,9.99109391935464e-06,0.0005710684427578,0.0004798453761989,0.00424467971422,-1.3946370701370538,0.0166723211797854,-0.000898807267158,-0.5172261967371041,0.0041166402941947,-0.009784549490094
2024-10-07,0.0016404068486934,0.0012960792442016,6.907738964274979e-05,0.0004340732547377,0.0003620870017798,0.0038564423416887,-0.713360017430851,-0.0040902250441646,-0.0071512574772442,-0.7206400419185353,0.0037965773615391,0.018156756315745
2024-10-08,0.0024812440404442,0.0008670608434895,0.0001633136485192,0.0009710620789907,0.00079072408883,0.0036891615045559,-1.5988752206859398,-0.0040271005357565,-0.0116567661463804,-1.0212365544147035,0.0018796005112604,0.0171402320366124
2024-10-09,0.0012828444094611,0.0014993687972955,-0.0005054618252679,-0.0001308519978842,0.000204170345312,0.0032387055799878,-0.7398447567163979,0.0030329964065679,0.0041137179732643,-0.3324646307570423,0.0134373313840799,0.023645015071051
2024-10-10,0.0012566027110825,0.0023646076845629,-0.0007913585271248,-0.0013066935174951,0.000308658514296,0.0021875494093175,-0.5868525253782381,0.0146203016003365,0.0100318522135646,0.2742543546292957,0.0189955554726893,0.0295337450001296
2024-10-11,0.0006927926052317,0.0019393763460662,-0.0009000016188402,-8.389091345126904e-05,0.0006251061376729,0.0033165332671213,-0.4490463822932992,0.005222521380643,0.0110640342433614,0.2153457665433259,0.0102764669061346,0.0373843055408023
2024-10-16,4.747081146807148e-05,0.0029335536440236,-0.0006638638063065,-4.744536507640451e-05,0.0001770692471802,0.0018207180934101,-0.2918371100017554,0.0126703412022762,0.0098673076246397,0.3756994021278776,0.0044702589484122,0.0200169867919171
2024-10-17,0.0009247124781192,0.0031384934138332,-0.0002595493193294,-0.0002293016022775,0.0001730197836459,0.0024916733505559,0.3395142604099737,0.0181523199819146,0.0124590224137632,0.6319151978935532,0.0067908200829934,0.0412945529498431
2024-10-18,0.0006680144788196,0.0026658982080242,0.0002360178158868,-0.0001496440023507,0.0003792981844724,0.0030644370183858,0.2152730244530488,0.0155598499134706,0.0065301038646,0.1465634080453254,0.0090848377443318,0.0317003735919457
2024-10-21,0.0001201327354257,0.0019849093968979,0.0006573131408771,-0.0001643071018272,0.0004936860821261,0.0024720801170592,0.4039174564676639,0.0128887663689055,0.0051804899132982,0.489282807906328,0.0134387102126793,0.0750051932272069
2024-10-22,0.0005339205986911,0.002196645941691,0.0002207730758742,0.0006339589414868,5.405505961126285e-05,0.0032783038390001,0.2007947765233678,0.0134251575229635,-0.0001419121496173,0.6298565493764359,0.0120718570716342,0.0647357604725026
2024-10-23,0.0014887855735005,0.0014868093724476,0.0001859733404628,-1.0653704538477154e-05,0.0003982606191216,0.0037665071699256,0.1163432210141192,0.0107649202580089,-0.0019599286027585,0.1741789235678209,0.005475368349366,0.0607811013004342
2024-10-24,0.0008843218222636,0.0012012634256317,3.853102560169632e-05,0.0002352997364958,0.0005436269529174,0.0045306425346951,-0.3743844818510323,0.0088277614520558,0.006421616938574,0.3667860633804085,0.0074468453145677,0.0244431928969206
2024-10-25,0.001023701999967,0.001079839174737,3.222709746611863e-05,-0.0004481751747057,9.297547046583449e-05,0.0048288282537547,-0.3982059289735873,0.0129870376174198,0.009105540608477,0.5697383625016521,0.0116477061825922,-0.0106857138617704
2024-10-28,0.0012739993363089,0.0010549580708543,7.969829860457727e-06,2.9771652163814973e-05,0.0002436235376563,0.0044098308553234,-0.8711622083056035,0.0092143672942884,0.0138797574839853,0.2359761179411451,0.0096560724371564,-0.0102489278163717
2024-10-29,0.0007718282120273,0.0006190069670861,0.0001146746096844,-0.000173504336791,0.0001502608013918,0.0041166804745931,-0.5996595554351326,0.0115607106466015,0.0047856876843618,1.138447817095356,0.0165066367788825,-0.0281887044185332
2024-10-30,0.0019642781367226,0.0009507717114414,7.313827673854369e-05,-0.0004817643153584,0.0003790871185076,0.0030173246301348,-0.4453411169958374,0.010786473766507,0.0078769586674228,1.5373696404855672,0.018107207538426,0.0177163221931256
2024-10-31,0.0006471197459871,0.0011323959815864,0.0001387552217565,-0.0013142612538198,1.3447697954327265e-05,0.0037456923149667,-0.6067890543876002,0.0147248019141417,0.0081182030307481,0.9415458937646616,0.0093595846043019,-0.0105967622271126
2024-11-01,0.0005208443909187,0.0016739501521007,0.0001676974168617,-0.0009492260409526,-7.912039999276654e-05,0.005525059137141,-1.2988289979768737,0.0099265229600193,0.0121680736962409,0.7420637752160907,0.00566237728907,0.0320055494496579
2024-11-04,0.0004028572700798,0.0021291212390371,0.0001996081976295,-0.0005140291958122,9.186891726090366e-05,0.0056102337221576,-0.6566200594668044,0.0104840533101238,0.0045195174135944,0.607627183484219,0.0072475829395489,0.0857337646994318
2024-11-05,0.000418035782668,0.0022900005480293,0.0006264317141578,-0.0003862266285197,0.0004004770396418,0.0055947920530636,-0.8031773989703683,0.0125613963101344,0.006453921764308,-0.2485686713658411,0.0075413909340675,0.0840551974532442
2024-11-06,-0.0010158803150998,0.001513147170299,0.0004538018527804,-9.494770050686612e-05,-0.0004011311588308,0.0040429032746039,-0.3256239928033272,0.0137130277716856,0.0200584433789861,-0.3417759632059544,0.0040553504074389,0.0321072121235515
2024-11-07,0.0009300828301647,0.0001152461917501,-0.0006773549869557,0.0008958709995942,0.0002806398362473,-0.0003174368376512,1.0532536285164111,0.0154594237135827,0.0067437213083817,-0.0311444531987602,0.0071838239814216,-0.0005828405083364
2024-11-08,-0.0006755473938622,-0.0007754626501989,-9.509238204811774e-05,0.0001939204721772,0.0007544836731776,-0.0003443501233298,1.3975750399847673,0.0082125388779025,0.0103811731457637,-0.0294777245720933,0.0125166943077509,0.0159643584345133
2024-11-13,0.0008361861855197,-0.0013261987956927,-0.0012201771535447,0.0002579592365277,-5.03605940587695e-05,-0.000630723026797,1.1834940803347338,0.0187722680516509,0.0179761884157615,0.4304931071772484,0.0167696157647756,0.0430470825908005
2024-11-14,0.0014830935136882,0.0003734586416034,-0.0007266445091042,-0.0015246129590863,-0.0002202326579798,0.0008711668627194,1.1949113584678046,0.017475626768656,0.0142341536351815,0.7589348196676928,0.0136413217795115,0.0362107611537313
2024-11-15,0.0026161080698999,0.0005693665819747,-0.0004319403937252,-0.000103687571439,0.0014073780384983,0.0038211796187951,0.5952431967488829,0.0136147079372057,0.0193251983883106,0.6728144515469339,0.0091864230768968,0.0543488071694108
2024-11-18,-0.0004606666873621,0.0016464301270611,-0.0001108633418871,-0.0011533121015223,-0.0003708401442253,0.0054686305605681,-0.5401051227347098,0.0176855324468837,0.0072652744688716,0.968835131562528,0.008476265173843,0.0975640741521292
2024-11-19,0.0003332631904428,0.0017676680319083,-0.0001946890777165,-0.0012140735496517,0.0004824139252938,0.0053639371987531,-0.4479306531863858,0.0127587331918395,0.0131824827269465,0.6431732683839595,0.0078310100359522,-0.0138386300852592
2024-11-20,-0.0005760585780116,2.925151063409848e-05,-3.6583951454930656e-05,-0.0009465485455593,0.0001802066871783,0.0046478679863845,-0.7536489754933418,0.0234355648927136,0.0163032283339892,0.2231260748322661,0.0090848487386828,-0.0013936744162551
2024-11-21,0.0002347455156181,-0.0004061143268103,-0.0001904610042752,-0.0001915217887789,0.0002203101889129,0.0039696845827272,-0.9788069115049418,0.0141629023881461,0.0135059662768222,0.4180934769247005,0.0102290143350255,-0.0390511909259184
2024-11-22,0.0009333393647702,0.0004014808014031,-5.539029166748378e-07,0.0001193869321491,0.0005060560615483,0.0023444411318392,-0.7060689252300265,0.0139923563390952,0.0093355888882972,0.1763911940195486,0.0091306481005209,-0.0991903791129808
2024-11-25,0.0003440634865353,0.0005308354132259,-9.5473118509094e-05,0.0003355869710218,0.0001728386688824,0.0026160346481142,-0.0353911018014319,0.0123355253322054,0.0110010674184398,-0.1739985569363816,0.0071016600556196,-0.0374969734062486
2024-11-26,9.69631214014327e-05,0.0012696627304309,0.0001472274980919,-0.0005551157710356,0.0001756235623487,0.0027045375766425,0.0339726189319463,0.0181189664311567,0.0239518307383424,0.4660081852049224,0.0122348367925489,-0.0689494659091135
2024-11-27,0.0011936794873294,0.0010943569840434,-4.732421273340932e-05,-0.0009433919501199,7.260715373516303e-05,0.0021587300376441,0.2716850670578267,0.0259325069809858,0.0252817972107578,0.6778627922998959,0.0129817404585516,-0.0706339742144286
2024-12-02,0.0002058263819349,0.0011678183485356,9.21714722398288e-05,-0.0014887639159157,4.23954677619492e-05,0.0030699187352577,0.2976004925676267,0.0216739858356826,0.0158608280159819,0.6391023266595101,0.0127437795746459,-0.0619282516114945
2024-12-03,0.0008332367784423,0.0010684954787608,-0.0004203244541996,-0.0005177615375092,0.0005171555542786,0.0032348244177232,0.1912993803688689,0.011518313280342,0.0125700829391521,0.8313925991302775,0.0141956694456141,-0.0277660704453544
2024-12-04,0.0005378246038658,0.0022084360531378,-0.0005087262816124,0.0011979920184146,-0.0001772356549724,0.0033865671506359,-0.0745354302046369,0.0198479207701992,0.0019835800164566,0.5245548283313662,0.0086103880141812,-0.0162974346276613
2024-12-05,0.0013317882190731,0.0021033089576207,-0.0002430472966523,0.0006938982988886,0.0002116873888158,0.0033300114267711,-0.2361748186871497,0.0151678403947063,0.012585625755214,0.3790866707421907,0.0075352636255832,0.030237630388877
2024-12-06,0.000393867304943,0.0018677652548833,-0.0001122936387489,-0.0001774895258092,-0.0006575714648103,0.002999131722851,-0.323241311864074,0.0204356250954571,0.015034393555899,0.4948942783139408,0.0111195072739794,0.0187614799092666
2024-12-09,0.0019621712276735,0.0006470330725434,1.6099935786524302e-05,-0.0015695664284286,0.0004195132408128,0.0031890015299765,-0.1129091087146934,0.015698339230122,0.0178287482590678,0.466587808537214,0.0125435615989389,0.0278525821318112
2024-12-10,-0.0005724761306337,9.811967288547037e-05,0.000453990837722,0.0005482263698411,-4.266962700491012e-05,0.0037691399662398,-0.576039903811973,0.0174396469159104,0.0123279963480775,0.5737735909377066,0.0114636653211453,-0.0121053864903233
2024-12-11,0.0011397830529543,-4.365263042872277e-06,0.0003577148567404,0.0006643916057221,0.0002053458439213,0.0049897276912596,-0.5277132503664399,0.0166295194992878,0.0027674540909629,0.6603767605833529,0.0103309522082233,0.0019182106355804
2024-12-12,0.0007546294100303,0.0003277784407771,8.589263583515399e-05,-0.0004236839005978,-5.7911427838269846e-05,0.0038273592056604,-0.3383623867495436,0.0109050018118089,0.0046509078026714,0.1784103157785078,0.0086588438644225,-0.002552511797064
2024-12-13,0.0013992401951718,0.0009387033440386,5.439810853851908e-05,-0.0009269401143611,0.0001437700741776,0.0044617859085622,-0.4773736165956509,0.0167575055999563,0.0026317652937175,0.1366468340360356,0.0108781063076591,-0.0157647681602426
2024-12-16,-0.0005520960015884,-0.0004872853020719,-9.558644444321808e-05,-0.0006372603830374,-0.0001174596880586,0.0039453662288788,-0.4531161622971895,0.011408378543439,0.0026218562077314,-0.0146623996721673,0.0084812539187497,-0.0123577343072764
2024-12-17,0.0009713968678941,1.0418048197863148e-05,-0.0003590351931673,6.461909293197063e-05,0.0003750043074618,0.0033217771517931,-0.5118808328635754,0.0089803123015352,0.0067161254517053,0.0279902215470039,0.0096865963258379,0.0114129624613615
2024-12-18,0.0008452574598141,0.0003352416099403,-0.0003692748859203,-0.0001042323140108,6.523778915733686e-05,0.0045305644011532,-0.8311550002093202,0.0140380943061561,0.0145392871522179,0.3578816268841593,0.0131951191763517,0.0082640575184574
2024-12-19,0.0011340261631673,0.0018799151350707,-0.0002686950369504,-0.0005251535950825,5.532300040049684e-05,0.0070229230422812,-4.143343358092749,0.0142983212618162,0.0073355659525708,0.4713763159166688,0.0098029148868533,0.0031458973618276
2024-12-20,0.0022717944786954,0.0024285717628673,-0.000271949374785,-0.0002478318870182,0.0005113483723596,0.0075869843334763,-2.456647950987904,0.0068880201306247,0.0011927783823974,0.5983800209410624,0.0102254821881525,-0.0046979275593398
2024-12-23,0.0006510249126974,0.0010975593545551,-0.0001513738132032,-5.786000145241167e-05,0.0001400413221434,0.0063790237582868,-0.9157477868102456,0.0146384833932022,0.0084193961484861,0.832639686197042,0.0119276850640268,-0.0078887529650343
2024-12-24,0.0006438542861038,0.0011842744853377,-0.0001554739535173,0.0002201322143348,-0.0001006078438056,0.0047124491266582,-0.3922479360486161,0.0208847839403969,0.0122519562340992,0.7543269015654189,0.0143435316201943,0.0046105157893118
2024-12-30,0.0006691328001614,0.0011135328208925,-6.081744598928452e-05,-0.0001084441613428,3.346469780025507e-05,0.0005010763135914,1.0493104953265893,0.0120373825883467,0.0124424899636447,0.460183749489114,0.0096243242247127,0.0029376620984265
2024-12-31,0.0007844545152036,-3.026739556855697e-05,4.274875196784639e-06,0.0002139186047912,0.0010174447033248,0.0020352567377303,1.871942434407031,0.0181860544463539,0.0199636705717571,0.3253909589457271,0.006848657059558,-0.0271866901910061
2025-01-03,0.0004966795040087,0.0007607385704933,8.302981002200616e-05,5.42264376705826e-05,-0.0002341154938303,0.0040410905736498,1.0577658974471569,0.0210891787565287,0.0136140822639461,0.1151872584404034,0.0075371640465544,-0.0218812798858602
2025-01-06,0.0007772294938783,0.0017317944418624,-0.0001906486792279,-0.000531573635046,0.0001719140598824,0.0033563768620215,0.602369317943535,0.0161668378356245,0.0106650490879264,-0.111566573789427,0.0083434113886009,-0.0130253175515486
2025-01-07,-0.000279236682671,0.0001351646955868,-0.0002364683375609,-0.0011358465918537,-0.0002125032574962,0.0035060256867392,0.1712347606263299,0.0113181184873245,0.0057321798940513,-0.0014735924571183,0.0083834576747461,-0.057426395465426
2025-01-08,-0.0007235011886097,-0.0007791613290018,-0.0003860612393323,-0.001944654662782,-9.258290398634633e-05,0.0034189209083894,-0.615336323506722,0.0167323636872751,0.001943437265458,0.1155152303439174,0.0080426312601213,-0.0124036714416203
2025-01-13,0.0008820227239726,-0.0009525368075904,-0.0003998207724621,-0.0012249409693819,0.000449359609299,0.0033257645921531,-0.3117239787723558,0.0151255996815995,0.009154586029371,0.350694487192959,0.0102681643151111,-0.009213142390957
2025-01-14,0.0008625182265853,-0.0003012169563942,-0.0002376610937746,-0.0006384400757771,0.0003648741644222,0.004419948820916,-0.3325834970081461,0.0151539756234903,0.0116698195529481,0.1585789855781121,0.0052304632344337,-0.022309062098301
2025-01-15,-0.0006908199786926,-0.000922007184482,-7.617897338301879e-05,-0.0005934791852993,-0.0006850811538208,0.0045996224153946,-0.4510025584807081,0.0174399928333597,0.0125208227536117,0.3422089975550834,0.006424827462774,-0.0047619740007217
2025-01-16,-0.0011702136786914,-0.000328967982279,2.44443949269402e-07,-0.0016213178474901,-0.0001319507758946,0.001476513842147,0.3482677765447813,0.0185201419905891,0.0249060738027404,0.0424122014136298,0.0073107041555138,-0.0097670319408387
2025-01-17,-0.0003923587020465,0.0003489676489662,1.5251256642353369e-05,-0.0011958080142743,0.0001638316784162,0.0017299302195101,0.3626779102721452,0.0252442896875938,0.0273784478930279,0.1570353106434061,0.0115002716222202,0.000475216140358
2025-01-22,0.0002948264117678,-0.0008468122082959,0.0001346373861285,-0.0004563222901741,0.000327493464132,0.0011519517274792,0.4946623371872402,0.0199355180012906,0.0178337405751882,0.4757684619938053,0.0109999254006168,-0.2159649497236871
2025-01-23,0.0002645238233816,-0.0014871517436928,9.778195911784392e-05,-0.0003509495246153,-0.0004925833897082,0.0005615746945602,0.3271847759860941,0.0124168535057646,0.006944891350029,0.7628960375574478,0.0111755469509647,-0.1310732038589565
2025-01-24,-0.0003162898318642,-0.0014787052044485,-8.673279718669129e-05,-0.0005635127547367,9.782170828991096e-05,0.0021015622538207,0.0968105894244894,0.016432511006132,-0.002133036365465,0.9691083590915336,0.0138683487661783,-0.1550012131280737
2025-01-27,-0.0008568794119656,-0.0016583456014244,0.0004763157257463,-0.0009860237099962,-0.0003915252159784,0.0019707422985453,-0.2035800907092121,0.0184642087717626,0.007419777340185,1.213477725772968,0.0127835774916242,-0.1017133133119115
2025-01-28,0.0003742800140528,-0.0018599627934393,0.0003009926935638,-0.0007638877598662,-0.0001239078747297,0.004858680244719,-1.1064262214852985,0.018128499843152,0.0233921362745416,1.2187754678057052,0.0137892370391484,-0.021018099058253
2025-01-29,0.0012634369753164,-0.0019822302228195,0.0006048873178908,0.0001075607256313,0.0001451656829306,0.0044946088023115,-0.5808697632151625,0.0226865754997213,0.0229813368137666,1.0294294581770072,0.0108338039124367,0.0450800830555815
2025-01-30,0.0012995825529338,-0.0007109485626374,0.0005868717598544,0.0002673465507289,0.0003913766032387,0.0051236784066114,-0.6716780253384844,0.0165255824908519,0.0137571039094059,1.012138627341668,0.0115814125099484,0.0331040868967564
2025-01-31,-0.0001256395705499,-0.0001542373074663,0.0003902771863352,-0.0001869987586718,-0.0005654439322783,0.0042681180271773,-0.4409186374016332,0.0121715604018177,0.0116804696645004,0.92436589045625,0.0105836535392282,0.0517926753536062
2025-02-03,-0.000124326177191,9.434537359310582e-05,0.0001143573447048,-0.0005923513935075,-5.126627563197661e-06,0.0031433233267738,-0.4841163917517046,0.0198174896218702,0.0051281604691593,0.8167688909652876,0.010658575659182,0.0540792012967424
2025-02-04,0.0011739445495445,-0.0011099520242123,9.19316597247926e-05,0.0003584016819286,0.0006410291657427,0.0053638840351526,-0.7859372725539734,0.0126026749073612,0.0123623188506515,0.5847105210305419,0.0119402230860492,0.0094411219736808
2025-02-05,-0.000309463851017,-0.0004541479893004,3.2739285284712885e-05,-4.559876275189733e-05,0.0001371514870693,0.0039143202684962,-0.4481259378334747,0.0111370233125508,0.0174312821856091,0.6237526064990697,0.0113283188134653,0.0106299412210826
2025-02-06,-0.0015956152132982,-0.0013026129409465,-0.0003676370684628,-0.0015814945502295,-0.000376455053124,0.0039312977800992,-0.0861062496149869,0.0207502619045204,0.0211346714504009,0.8222980348710571,0.0145559364742601,-0.0021129220745702
2025-02-07,-0.001063612184104,-0.0014787943548108,-0.0005983426797259,-0.0018118284379233,-0.0002362178851325,0.0029295058845095,-0.12848801793647,0.0187494062666935,0.0217845693144334,0.9540871319178614,0.0138771650654598,-0.014428143454138
2025-02-10,0.0014670482727568,-0.0007858994357187,-0.0008083429445277,-0.0003269439853054,0.0011141160723894,0.0032671100466304,-0.2543036334322571,0.0093560478434573,0.0049872452081332,0.8747437409897644,0.0111665895288257,-0.0068353561568034
2025-02-11,-5.654307057151317e-05,-0.0007605246062548,-0.0009274006856034,0.0002723559120662,-0.0003566666806563,0.00365751722531,0.2086013375440439,0.0094104396203068,0.0047762526450512,0.6479867825916531,0.0063152393454633,-0.0135252397765786
2025-02-12,-0.0007255736855041,0.0003877101163736,-0.000703185949656,-0.0002882259037225,-0.0003853911214589,0.0037196383244272,-0.1924678841584216,0.0156297132443975,0.004067075259883,0.2622563351688179,0.0039530412808892,-0.0237179061290846
2025-02-13,-6.351807862218156e-05,-0.0004432625085698,-0.0004110539087832,-0.0008977143670261,-3.752810349770834e-06,0.0044142206845578,-0.3608569896921217,0.0141861329560763,0.0068444006650484,0.381534435585679,0.0119222685729559,-0.0416772496668078
2025-02-14,0.0002290470307384,-1.8449484880044777e-06,3.535165167019156e-05,-0.0009052909048758,-5.2836750545718586e-05,0.0022377227139085,-0.1033445494397113,0.0085924855943556,0.0173127568800979,0.4809995945198613,0.0137677913834146,-0.061621374390984
2025-02-19,-0.001198491473778,-0.0004530051288046,0.0006487695540804,-0.0013073535954401,-0.0001146176166155,0.0030145287719602,0.0503873666012447,0.0184833134094712,0.0275837214783355,0.6664992908089693,0.0126944537190063,-0.0591602170637574
2025-02-20,-0.0009136768926327,-0.0003109020270612,0.0007527060762504,-0.0013125761375909,-0.000164249617842,0.002913698393915,-0.0482453329921954,0.0220367139446819,0.0219901467310559,0.8177550467289816,0.0105092084248104,-0.0711382475082481
2025-02-21,-0.0007825610694719,8.517964458300715e-05,0.0012156311440157,-0.0010505734050877,-0.0002343410594978,0.0030822942933081,-0.1673565634305612,0.0132849744737364,0.0182912052038437,0.7089477855637409,0.0085894069108407,0.0143173870061417
2025-02-24,0.0001513821953279,-0.0001005372031499,0.0010170414608863,-0.0006399297866411,-0.0001868853845074,0.0062358545080391,-0.9945257112686142,0.0174783466539996,0.0129723931301293,0.8471352334142034,0.0132575288087426,0.0801779951316015
2025-02-25,-1.838454703280152e-05,-5.9443729114561214e-05,0.0007716301695199,-0.0011968157885878,-0.0006167120519938,0.006745066805842,-1.225891384898817,0.0239860364447414,0.0165532984350664,0.8431828876258168,0.0132347709032349,0.1210863193718883
2025-02-26,0.0014480165780522,0.0011818820765678,0.0004646768716327,-0.0005411382553432,0.000377273368238,0.0072235424779729,-1.330261918096749,0.0235572479233517,0.0193642803356671,1.0432969760163502,0.0149324604615872,0.1184838830661819
2025-02-27,0.0003669953270182,0.0010433315406395,0.0001629773877322,-0.000514921828406,-0.000623617029488,0.0065577276657617,-1.135260415797764,0.0184607011546649,0.020251482741398,1.2508394028900287,0.0119156528116895,0.0935093976514364
2025-02-28,0.0016076941892482,0.0016430316011469,-0.0004177014538039,0.0005018858699374,0.0004350617984417,0.0062761165560358,-1.4982339940901617,0.0183503386593356,0.0068002743884321,0.7898614975001228,0.0062572238265221,0.0459720148898206
2025-03-03,0.0019401141939929,0.0023952560592002,-0.0004608809464886,0.0008385337813537,0.00028371230154,0.0045334467511957,-0.5202445305355564,0.0160923125539836,0.0081615659766109,0.5876992743457663,0.006949556186439,0.0148532114575614
2025-03-04,0.0004927461079447,0.0023801230556889,-0.0005355004998754,0.0006033089549236,-0.0003313132092085,0.0054522016877249,-1.3754099117077034,0.0219179677956879,0.0149605226999568,0.8123056906055115,0.0135635100251984,0.0128262368348442
2025-03-05,-0.0001109752102656,0.0018948104254297,-0.0001015023328158,-0.000483591118387,-0.0008671312365708,0.0073274559290429,-1.377068566594263,0.0205564336731234,0.0117812826302249,0.6330951295994741,0.0153559149046098,-0.0256542729318414
2025-03-06,-0.0012566819692469,0.0015768760731891,0.0003295050353018,-0.0019611284373106,-0.00029448093173,0.0042458163774322,-0.7451729009812227,0.0118060545526341,0.002851638010389,1.010380758105923,0.0153068243312545,-0.0169007044209284
2025-03-07,-0.0014350260312402,0.0001731477026858,0.0006001985909812,-0.0013213209115291,-0.0005856723828983,0.0077215420158138,-1.4623967907597866,0.0150927563749675,0.0006928688109646,1.243274749647862,0.0118517934976277,-0.0185714506521013
2025-03-10,-0.0004701678636063,-0.0008295984965874,0.0007576868249868,-0.0010649943039829,-0.0007853989596608,0.0052665648624616,-0.8541225600473463,0.0162879939538237,0.0056274271393545,0.899618296281917,0.0064862112190561,-0.0158846140457176
2025-03-11,0.0016430753477603,-0.000812455869077,0.0002554345214622,0.0003785413922731,0.0004022604929815,0.0067247579746003,-1.759354736543889,0.0172413933682746,0.0235096966247094,0.873779858699127,0.0097858513225965,0.0063059875559909
2025-03-12,0.0002916365392183,-0.0008917971382859,0.0004721587302107,-0.0001462290813557,-0.001476506505339,0.0093860149101015,-1.226922214811124,0.0178541660464823,0.0202196795287719,0.7540580843616044,0.0106583000851182,-0.0052913583300718
2025-03-13,-0.000526283839846,0.0004957766632533,9.871988294394706e-05,-0.0006482634890573,-0.000476774816262,0.0062505138656733,-0.4413834423760227,0.0143370341495595,0.0048357443615583,0.2995229539991482,0.0083525972770527,0.0229082359361574
2025-03-14,0.0005414037581518,0.0008597788513775,8.318462318577793e-05,-0.0009034483568046,-0.0001294699056749,0.0083115506952604,-0.3347753957060644,0.0062776291578838,0.0119670272303126,0.4509442180527235,0.0115061709090712,0.0341222059232369
2025-03-17,-0.0004538137987629,0.0003267862232507,0.0001382764729212,-0.0006927085887576,0.0005649219967907,0.0031446679347582,0.6129419649902701,0.0203914477542045,0.008546932501277,0.4293108012341107,0.0097000238815674,0.0301632746613279
2025-03-18,-0.0010228286526772,-0.0005412643886753,0.0001313127168661,-0.0009832315195963,-0.0007401380060016,0.0015380608810396,1.3719490977905044,0.0109835237072413,0.0136399815078113,0.2043269822476929,0.0089296983737084,0.0154142692543159
2025-03-19,-0.0008052982622198,-0.0013932206292245,0.0001245008500757,-0.0009715768733306,-0.0003838718835851,0.0036081811288002,0.5849069856417185,0.0059432602206944,0.0150480858848472,0.367942951907754,0.009127954332004,0.0118754236245765
2025-03-20,0.0009360010985851,-0.0016963519204225,0.0002286347736793,0.0001067991487252,0.0006469843805504,0.000950147116032,0.7734388127310525,0.0190631209550704,0.0125215999032218,0.4462517604190982,0.0093222713899885,-0.0065736777395844
2025-03-21,0.0014173776282327,-0.001696711550037,-2.9849759736368467e-05,0.0009665500639014,0.0004138171226001,0.0035586802038022,0.551666307100543,0.0162947776974194,0.0165594225648019,0.1918749509702672,0.0082070830231344,-0.0114971053331088
2025-03-24,0.0010204342589993,-0.0002053791304625,-0.0001244215547427,0.000156948344573,5.4072202621721085e-05,0.0036842682829141,0.2212144527286681,0.0148409226241138,0.0094635536360858,0.2423200279006812,0.0080805830101053,0.0146275259230504
2025-03-25,0.00058818685343,0.000847791989378,-0.000282482544781,-0.000739978812872,0.0001488592989484,0.0008059271695338,0.5861408260241601,0.0116957364279556,0.0007693667980574,0.1439241936041263,0.0061478121190507,0.0109608163012605
2025-03-26,-0.0005062919235307,0.0008557984652013,-0.0002716955734894,-0.0010503653031078,0.0003942124793047,0.001907359160502,0.6214856026762307,0.0087020379370436,0.0030030317986349,0.0517325006138141,0.0075926687262613,0.0209102791717512
2025-03-27,-0.0004075157790843,0.0011535726661641,-0.0002714196324914,-0.0006490889150205,0.0002470466030272,0.0026238669238671,-0.0207924953506306,0.0162534702451675,0.0104579510537422,0.0516589525389865,0.0075661041141246,0.0240796422146017
2025-03-28,0.0003177798926011,0.0014081457626902,-0.0001397764789733,-0.0008000037079119,0.0004269514556011,0.0033840714322611,-0.1604331165466604,0.0175095972151829,0.0081608064411383,0.1135826326518135,0.0081872616829345,0.0150723382256753
2025-03-31,0.0003645477375218,0.0006252225334397,-9.391440936179828e-05,-0.0004046595249425,0.000210602402237,0.0068845012089909,-1.194572814575341,0.0089973210685883,0.0215730921189524,0.2750323175030685,0.0092020649999443,0.0103376904094896
2025-04-01,0.0013537383072117,0.0006756124394123,7.982623903000411e-05,-0.0001901769567298,6.992886845518445e-05,0.0061840079406129,-1.4696390642472492,0.0209927388974817,0.0209005999418168,0.0560190607732574,0.0042382073933715,-0.0049588016840758
2025-04-02,0.0004941789393698,0.0009892423865313,-4.690558014142025e-06,-0.000182562900487,0.0004464012939247,0.0041341360878373,-1.2155083467066643,0.0141588845039806,0.0199173569943109,0.0312966018248971,0.0040510870578085,0.0033410975665102
2025-04-03,-0.0007399663284979,-0.0002176457221484,6.109706002036897e-05,-0.0012063203127975,6.958442899551685e-05,0.0034237499127179,-0.9051785631755902,0.0111192800038896,0.0112768894868517,0.1049977050500183,0.0084502056145985,-0.0058196821873794
2025-04-04,-0.0018154853040285,-0.0003901551881284,-0.0002036755850237,-0.0022867141079502,-0.0003886714694473,0.0057543801130993,-3.119050210800141,0.0166563919419805,0.0089589134526609,0.8529627373532022,0.0210351826375307,-0.0120307730804642
2025-04-07,0.0059507387015186,-0.000969552530557,-0.0001861164359443,-0.001408346566439,1.7520859895596007e-05,0.013260387217498,-6.690906747301349,0.0239217670594611,0.0203960699812711,1.9957384155422704,0.0285001106562808,0.0049796456372592
2025-04-08,0.0065103761268532,0.0017634211593312,-0.0005230441140419,0.000212947610841,0.0006168737964665,0.0137730409275212,-6.283277058623868,0.0201104282793656,-0.0004633137921532,2.522362431967757,0.0247166736351614,0.0086640254443983
2025-04-09,0.0024098665161551,0.0036078360698152,-0.0008261099619188,0.0013892648589071,0.0005382559383938,0.0143956221645212,-7.497303648944225,0.0029588335665373,-0.0102288600107329,2.607248403491617,0.0171886675608723,0.0167300234135731
2025-04-10,-0.0020859764200798,0.0041094961023088,-0.0009360538000085,0.0001784799654449,-0.0010417298442772,0.0005179325150697,-0.8805987867711597,0.0145643569379035,-0.0125812095352104,1.9181901480953647,0.0043571136937044,0.0509839135559338
2025-04-11,-0.0020958464793007,0.0062132808870286,-0.0003888004036587,-0.0023058614814037,-0.0003320758561072,-0.003145164709557,-1.540105120907851,0.0054210346571898,0.0020160322778549,1.2493130369620973,0.0077125400716534,0.0238646832869048
2025-04-14,-0.0036209090276911,0.0020992484520565,0.0001810265683464,-0.0046461457698575,0.0002784509792391,-0.0011369532857017,1.885391860216183,0.0091225023901645,0.0135940508308274,0.529449785743016,0.0073914480754611,0.0421788924248023
2025-04-15,-0.0034580100849712,-2.260953663458344e-05,0.0003808460554017,-0.0036459247798846,0.000241881448827,-0.003713383078213,3.914023358035688,0.0169692406856713,0.0217551437721091,0.166823458860046,0.0070418647550075,0.0185412392439704
2025-04-16,-0.0009788665555859,-0.0009240084372855,0.0004909721903595,-0.0012332090451324,-3.986345969588298e-05,0.0067429889705867,3.353222501393417,0.0097149730568932,0.027899083667737,0.3097558542359689,0.0094747173663612,0.0325121827048685
2025-04-17,-0.0039307617758376,-0.0023136576309631,0.0002315508911722,0.0006884484228925,0.0006955352774804,0.0021587457686866,0.9351026517953852,0.0216006123522445,0.0232607739389795,0.2558904584103493,0.0067467388458873,0.0230501464710214
2025-04-23,-0.0015271053997404,-0.001158185393614,3.933971165956136e-05,-0.0004821007106994,-0.0001654458871436,0.0061338770344315,2.0509062152777755,0.0094105192345662,0.0163358009744961,-0.30411521428522,0.0037960145498166,0.0512622392935291
2025-04-24,-0.0001821988861061,-0.0007687551348794,0.0004647725653175,-0.0013251979065007,0.0001656247840434,0.0038224702682472,1.434378811314257,0.0122259220799583,0.0022254239832774,0.1014322528438269,0.0068537419549124,0.0406040054256406
2025-04-25,-0.000252556649715,-0.001113468393531,0.0005145171284794,0.0003513385901423,0.0011771791282014,0.0002770381701279,1.2017872959133609,0.0071449318292268,0.0154433516634138,0.1011248897691331,0.0114635037428821,0.0581194412491926
2025-04-28,-0.0003467837701128,-0.0014393347271799,0.0005211075414906,0.0008569348057821,-0.0002424426319476,-0.003120162082418,1.657481807634002,0.0172648839521199,0.018478617027086,-0.0046862126945587,0.0126618363171401,0.0568864186793701
2025-04-29,-0.000550275021484,-0.0010565987332373,0.0002484881027231,4.002385574261862e-05,-0.0001513032539092,-0.0011953649654531,1.501861304681921,0.0174715842140587,0.0217869522222065,0.3798272730190731,0.0125004953663469,0.0217070578572746
2025-04-30,0.0004554962544341,-0.0009923975643676,0.0003712675291658,-0.0010284427006064,0.0007907961331576,0.0007551421204395,1.1220799018457095,0.0155331796920718,0.0189844470550824,0.7659482471696247,0.015577599262156,-0.003043234073461
2025-05-01,0.0001043453261191,-0.0005526293140651,0.0002128706809514,-0.0020056248311487,0.0004168216686827,0.0025495163848813,0.4168243942374047,0.0161401347979681,0.0127515485432442,1.0258898820109237,0.0150660842427573,-0.0076400455087724
2025-05-02,0.0007825593705098,0.0002337205097302,0.0002974190621194,-0.0004457355890236,0.0004544996104832,0.0018849509249585,0.0768122809774856,0.0116110683057123,0.0050627690287295,1.0489659329744616,0.0136402792203376,-0.0163646922136282
2025-05-07,-0.0014161280061625,-5.0706910633118606e-05,0.00027110923894,-0.0026105013130567,0.0004095570127355,-1.20460729187543e-05,0.3624737700623593,0.0041819585968862,-0.0062328968435848,1.0815525585096366,0.0126706814798787,-0.0121016385828447
2025-05-08,-0.0005799219934426,-4.423501264155341e-05,3.6440248217456223e-06,-0.0014104720749033,-0.0001121476974357,0.0003272927166418,0.6275148445511401,0.0007965483530392,0.0030602609222065,1.161081164607142,0.0157745115562221,-0.005507178075813
2025-05-09,0.0009627733582725,0.0003932996516921,-0.0002006584848878,-0.0008986560862276,0.0002797824932929,-5.7614588822294845e-05,0.8578696764696074,0.0105031955794753,0.0049013787857865,0.5614875836127435,0.0086421717123445,-0.0040446377516026
2025-05-12,0.0013701489663972,-0.0009084900225542,-0.0002400025340811,0.0017691084564969,0.0009940653126463,0.0011849646335835,0.9833033281600438,0.0069194526093997,0.0052816428875269,0.0754334531483447,0.0004220661039256,-0.0055235018759976
2025-05-13,0.0016364220193833,-0.0009901269533302,0.0002205436278743,0.0016123830623622,4.834570518460698e-05,-0.0009525575610482,1.6806322080246008,0.0056684460186772,0.007004999412185,-0.0183813794551486,0.0001164330388231,-0.0028373418103367
2025-05-14,-0.0010962139553763,-0.0008411450149285,0.0002277681100663,-7.57272471747448e-05,0.0001840554635847,-0.0018409041826372,1.2685011281016056,0.0087921628621477,-0.0011372248551281,-0.4854773441570585,0.0017559212471496,-0.0052734209940603
2025-05-15,-0.0008760712235987,-0.0018958236419381,0.0004008325108891,-0.0010184658701277,0.0003231368882803,-0.0008636490601813,0.938608619334446,0.0037076324969578,0.0084047459718747,-0.4415876114053536,0.008416117363695,-0.0027343115810801
2025-05-16,0.0005612706549782,-0.0005259839350965,0.0003619218789335,-0.0026106263181387,-0.0004234671188988,-0.0008713731085041,0.7999171543134275,0.0153721220168979,0.0133471705249904,0.1523628047531776,0.0145697403577,0.0070034636161402
2025-05-19,0.0018578895694745,0.0004499938951997,8.122531089467754e-05,-0.001994734910708,0.001305466969266,0.0026233508062224,0.5108350806073857,0.0159317776763979,0.0240295876778517,0.2618492865347395,0.0114004747216744,0.0207806792982123
2025-05-20,-0.0012369273227134,-4.439670412762449e-05,-9.35151450763722e-05,-0.0006696151485779,0.0003204696612758,0.0020117137504397,-0.1637989361821559,0.0130501466863295,0.0137376209582211,0.3845002612305133,0.0056571900524644,0.0248752218472332
2025-05-21,0.0002322704262549,0.0009854372535565,-0.0001306043248555,-0.0004307013077703,-7.810565567965757e-05,0.0024943414331141,-0.1446124238524232,0.0090632613072586,0.0079594841682229,0.5653354821786588,0.00400058513086,0.011118425102558
2025-05-22,-0.0003719724851365,0.0012453222909562,0.0001203092041907,-0.002760467663501,0.0001889821725403,0.0054811078186186,-0.9542335122165916,0.0155127498580154,-0.0007902047892961,0.5814656595514425,0.0091346890618356,0.0046614770887832
2025-05-23,0.0005259783516515,0.0004459688900431,9.980373639158786e-05,-0.0010038197981246,0.0006900833505802,0.0059908663500706,-0.7834896401382792,0.0103710925447411,0.0032427415919198,0.5723081197859332,0.0130361716552396,0.0111682009250303
2025-05-28,-0.0012828553214392,8.069088269866819e-06,0.0005375083237088,-0.0023016180136808,0.0001338855439258,0.0060094307758848,-1.3502670337813767,0.0125279162216108,0.016124827572193,0.612419982649753,0.0103270361507732,0.0090805145983021
2025-05-29,0.0002706240678381,0.0015326534961551,0.0005283050897024,-0.0011440885568931,0.0004233280787767,0.0054600455561569,-1.152977693099081,0.0127518598935186,0.0116135331661932,0.4531493184470491,0.0047478418547124,0.023638027437318
2025-05-30,-0.0011493119987909,0.0010861898454715,0.0006038540231313,-0.0015365741988982,-0.0001451198959334,0.0033454376556157,-0.9807504019807578,0.010693564903002,0.0136716927390192,0.4935729960596517,0.007810531818994,0.0371099072207264
2025-06-02,0.0004104503982917,0.0012308900971597,0.000283789623894,-7.623783761137869e-05,0.0006020574506777,0.0039801613162778,-0.5053279725235253,0.0152331189619653,0.0146233078582704,0.4417085420290085,0.0108198110693068,0.0393382826081626
2025-06-03,-0.0017502807311672,0.0024587443697917,0.0001561263057084,6.561676400237531e-05,-1.829427872287201e-05,0.0026668268890135,-0.4155152908289649,0.0156603933016533,0.0088397632033616,0.1036398248971279,0.0050180350184317,0.0165355315145307
2025-06-04,-0.0001562972146705,0.000726999090738,0.0001107038860587,8.80992792276188e-06,0.0006023388306627,0.0020137874431072,-0.0012068057312997,0.0081509978145647,0.0079380153008262,-0.0166898666593751,0.0020314342795979,0.0266525055341815
2025-06-05,-0.0008612775857201,-0.000536205610845,0.0001194033461372,-0.0018554685443921,3.713399059763719e-05,0.0028592569465856,0.0056192800343365,0.0131035605975487,0.0156161469765912,0.1343071389576287,0.0070807627603816,0.0182240589806127
2025-06-06,-0.0006710973447496,-2.1336785532643385e-05,0.0003400995382962,-0.0023441336602627,0.0005402267346654,0.0033881779518663,-0.2559581099891816,0.0189095375523578,0.0165526175522642,-0.0239775560580493,0.0090356389952448,0.0075132468400748
2025-06-09,-0.0006426726698618,-0.0014958374007852,0.0001728401344811,-0.001650616190375,-0.0001473137812928,0.0029879183724285,0.0954328882715554,0.0083808460362313,0.003115863403294,-0.1704854217894136,0.0065919569203146,0.0252436304648277
2025-06-10,-1.4858014088945992e-05,-0.0013296719017329,0.0002241437333674,-0.0010580309019691,0.0006752793286163,0.0032534454023515,-0.1636465005374248,0.0022974080445122,0.0019801238558933,-0.053609411047955,0.0049963703292531,-0.0205272995755613
2025-06-11,-0.0005236736710723,-0.0007423502024527,-1.1015075706838912e-05,0.000855603186473,0.00012247227265,0.0022694634131868,-0.1292280973992206,0.0154408211311574,0.0097883302363789,0.0645149879922094,0.0074705867819673,0.0127159023946893
2025-06-12,-0.0001798418193606,-0.0009620537413624,-9.465346087758802e-05,0.0003815818888294,9.13520285957389e-05,0.0023790582723731,-0.2184132280838835,0.0169900789385833,0.017757224776229,-0.469773703531761,0.0027385274446593,0.0083274238058984
2025-06-13,0.0003051100873355,-0.0004389737614557,0.0001920287427308,-0.0006105801283505,0.0004133224217261,0.0035408452556317,-0.3784838072298961,0.0143780954015695,0.0239500869563795,-0.4622242430076068,0.0044321345529151,-0.0053760133292201
2025-06-16,0.0001096961421098,-0.0003576019775855,6.19015193346295e-05,-0.0006481484269945,0.0001480159257005,0.00439049567901,-1.1990664238770594,0.0167101828003827,0.0126675797180224,-1.0070994422904689,-0.0029323290676607,0.0274101156418917
2025-06-17,-9.002926331081815e-05,-0.0002832649086433,0.0001978831087601,-0.00152184529405,0.000569882367753,0.003878851773745,-0.6240204546313832,0.0084340215482997,0.003197077636165,-0.987869962589974,0.0017467724156986,-0.0007514727805231
2025-06-18,0.0002926993488515,-0.0006128813022576,0.0001027177940451,0.0006783372966958,0.0003349731569897,0.0041431150217953,-1.3324310952937335,0.0125782959503916,0.0090008512867801,-1.113833980133189,0.0003958531287979,-0.0045018340041294
2025-06-23,0.0002364895877551,-0.0002713516963969,-5.105738459350393e-05,0.0003879940317947,6.978131646697002e-06,0.0044296024139101,-0.6780042542782638,0.0171668580327902,0.0158466618749928,-0.9794821869123482,0.0041023685554188,-0.0484799145927287
2025-06-24,0.0010824118768319,-0.0002892552490585,-9.533813773481248e-05,0.0012653600036962,0.0004049700481072,0.0021804666174888,-0.3756216796166988,0.0138786393701153,0.017099177449085,0.4635274276244661,0.0163837623406712,-0.0729757861724526
2025-06-25,-0.0010368279034407,-0.0002895283644395,4.889267248903386e-05,-0.0016514328985538,9.003430500360691e-05,0.0023423878514005,0.486823708833602,0.0184576122410252,0.019745124669421,1.9476663625055093,0.0289094449122831,-0.0527620310368384
2025-06-26,-0.0005958364407182,0.000476321201956,2.5427161579963723e-05,-0.0014224617381797,0.0005053560406173,0.0010836338474872,0.4646688557839218,0.0209176094893565,0.0137108940764841,1.917329123201825,0.0231405765983204,-0.040991190461562
2025-06-27,-0.0018702396213544,0.0012203565349982,0.0002260845564632,-0.0022444756599186,0.0005362837453045,0.0010640300834662,0.7068283970506549,0.0155599528729407,0.0144711600444783,2.10905549566184,0.0122640096135417,-0.0157086955925026
2025-06-30,-0.0002284768093509,0.0002422572827549,0.0001430700786454,-4.935761948716326e-05,0.0006420830862348,0.0019843170586546,0.492238088878544,0.0141702661369996,0.0103525767540994,1.6896071343991346,0.0059398105538396,0.0085802050410153
2025-07-01,-0.0015489714207928,-0.0003076446820196,0.0002453416651115,-0.0003854595847834,0.0002974007470954,0.0022520046954815,0.1229817760922734,0.0143292476656675,0.0110123956421498,0.7433682504101,0.0095794905660966,0.0098687638676024
2025-07-02,-0.0002359916255224,-0.0003596577246554,0.0001841506433471,-0.0001160033591065,0.000763690255576,0.0021585180565519,-0.2122668732558073,0.0102555752897211,0.0133692982862175,0.2818164445312629,0.012223176685589,0.0135765097754619
2025-07-03,-0.000653992178828,-0.001201180853702,0.0001825162866761,-0.0004563277616053,0.0001635867283873,0.0027492460785472,-0.2737800669265674,0.0110592390188444,0.0051745354787572,0.0202349112208258,0.0039941515205573,0.0128532775002697
2025-07-08,0.0003432705913985,-0.0008267386410612,9.826679435909856e-05,0.0004768317905681,0.0005915808736936,0.0022106866016956,-0.2502124060837293,0.007317082311477,0.0039679093872278,0.0940505035593525,0.0040630824722266,0.0010734484919487
2025-07-09,-0.0004043566976028,-0.0004299334846016,6.802253559442193e-05,0.0004871047560193,0.0003127543013685,0.0026266082879065,-0.0287063594042837,0.0082496191515746,0.0022170410408594,0.108910401549274,0.0066049561890292,0.0062733282237052
2025-07-10,-0.0001766240993691,0.0002195567381976,-5.310718585429032e-05,0.0003621885636782,0.0004133816530118,0.0018388382349775,0.1880687722342955,0.0101913297744613,0.0147890036561122,0.0443635937543222,0.0101451493321622,0.0110361178324856
2025-07-11,-0.0008969557745914,0.0003067417125586,3.698709014303614e-05,-0.0002738596880809,0.0002201830676712,0.0024265664016885,0.1940674431645868,0.0175160328197507,0.018108188437845,0.522744516156719,0.0136064473791871,0.0041131091026278
2025-07-14,-0.0007849095528573,0.0017037493950941,0.0001251225844106,-0.000438890073302,0.0003961569060658,0.0034888202758411,-0.0111776686871539,0.0100338967069089,0.0058629280703548,0.5084024299998383,0.0088728143055947,-0.0005642886908843
2025-07-15,0.0002192226146308,0.0020685622265319,0.000186197277952,0.0001676165548172,0.0004827210244102,0.0030596993134944,-0.2832711702080566,0.0095079577805282,0.0041352294006448,0.5750985842394254,0.0093047561748288,0.0026508723451515
2025-07-16,0.0013235380081282,0.00220596980074,0.0001578342223446,0.0004173570323053,0.0003653055056947,0.0042473107952487,-0.4748053076704679,0.0113468400094988,0.0016655038765162,0.8107944772699385,0.011400128577886,-0.0107086334620238
2025-07-17,0.0007658236825013,0.0022171840425524,5.110172313536786e-05,0.0007022589073801,0.0004693364267582,0.0037789074489569,-0.5284745956706923,0.0128304671953676,0.0069728649477452,0.7801829461642067,0.0126275853702584,-0.018298778145653
2025-07-18,0.0013634754646367,0.000959695625062,-9.573044425579572e-05,-1.2602736593760012e-05,0.0002520943738403,0.002730915294536,-0.3504552699429776,0.0140297624244822,0.0152375529097345,0.4382538279692889,0.0070331699073034,-0.0203036579603419
2025-07-21,0.0003168105722732,0.0003651276064099,-6.108563340749878e-05,-0.0003614402733862,0.0002488450635097,0.0029788744203067,-0.2227656465242793,0.0147114413389223,0.012141370719044,0.5114824768299548,0.0067223555091946,-0.0142646452457861
2025-07-22,1.3022232710313054e-05,0.0002361071472159,4.170280092044456e-06,-0.0013384997566007,0.0005510425410654,0.0024887330395995,-0.1710112417397166,0.0121251958985104,0.0205226463191377,0.3899225260009193,0.0066454665180955,-0.0108347289461927
2025-07-23,-0.000829573620118,0.0002982308575969,0.0001250008900008,-0.0010923669342731,0.0002652958610943,0.0031614639486163,-0.1273937653768412,0.0184771080764019,0.0178287415090177,0.4311115422968251,0.0129223884302938,0.0227024555525192
2025-07-24,-0.0007246546428819,0.0002908699634798,0.0003601732917185,-0.0013513890940982,0.0007582800133133,0.0027645857670337,0.0644717275687221,0.0118294078156527,0.0108728676924095,0.7430015517069783,0.0141801467257726,0.0296268831764018
2025-07-25,-0.0011935742315357,1.200928118363936e-05,0.000405943116447,-0.0009663150891237,0.0005660795949946,0.0027143427899474,-0.0933129214037098,0.0092595350429546,0.0028566244643979,0.7767497292938585,0.0087560855033763,0.0283888402253397
2025-07-28,0.0007407979360777,0.0002054628517802,0.000235015272359,0.0002693383799488,0.0004732347733088,0.0025565330388588,0.0385338896929574,0.0096124808721628,0.0072936419472607,0.7788206005859333,0.0091681509266171,0.0276229182131809
2025-07-29,0.0017490219056008,0.0009619134801532,7.037165392199902e-05,0.0006854016705291,0.000403425788537,0.002824462249549,-0.0166876582653802,0.0132987798728234,0.0101597773704394,0.5370673468294156,0.0066772134139943,0.0137201897294259
2025-07-30,0.0015561769503386,0.0008376392499081,-9.479947510564032e-05,0.0011502402063334,0.0005635785667582,0.0039942992340153,-0.3218628786636101,0.0134401902679852,0.0167395423337497,-0.1704304895488614,0.0013869450055111,0.0069022229280724
2025-07-31,0.0022233202381671,0.0012364525074493,-0.0004039937321744,9.844672933021251e-05,0.0002588488198916,0.0039257307202755,-0.305271415258671,0.0125261660428266,0.0158741288230265,-0.5045220058991606,0.0011867467976448,0.0137528995667095
2025-08-01,0.0025350907990537,0.0018268865504084,-0.000372773403264,-0.0001318505970831,8.651661607065139e-05,0.0046720052308639,-0.6720831714127738,0.0089825654361282,0.0074009590784165,-0.2811653010855601,0.0066665775998783,0.0121627636320648
2025-08-04,0.0009296717557508,0.0003780316249735,-0.0004280204477529,-0.0009021766496957,0.0004442190961508,0.0060205522534281,-1.511807624728598,0.0169080171584223,0.0228348983422783,0.0940164331180528,0.0152276946492451,0.0113964350732023
2025-08-05,-2.868270848011608e-06,-0.000401790745231,6.675837994264263e-05,-0.0008905034662038,0.0004177583306075,0.0040544882028728,-0.6034621951725437,0.0314907462855804,0.0222308930273455,0.6932784409792973,0.0168068486677743,0.0189798782298257
2025-08-06,0.0003417196857345,-0.0003666857320698,9.196118445704184e-05,-0.0010352733200169,0.0005635959824816,0.0043468434244155,-0.7795182398473504,0.016877958066733,0.0147593854549061,1.2515175649928598,0.0137806566876075,0.004954872189181
2025-08-07,-0.000263182995994,-0.0014826766501492,0.0003794970779699,-0.0006349728363954,0.0010535146060349,0.0028244268770853,-0.3396282808608228,0.0064087316361607,0.0107759733794211,1.4761597216275275,0.0129923645039736,0.001355599178422
2025-08-08,-0.0006075958920292,-0.001368993812305,0.0003946604849348,-7.389162786663442e-05,0.0001396474243362,0.0018532452258393,-0.0373726922467272,0.0193449613173873,0.0050834216837124,1.3460212382124244,0.0138321501105426,-0.0018956587595564
2025-08-11,-0.0005384153925564,-0.0010919378123613,0.0001743979771955,-2.6812978062699e-05,0.0004959752312019,0.0033521123259527,0.5944412025648953,0.010970623033609,0.0059599579551873,1.0267084484010474,0.0113383407391014,-0.0023559398699484
2025-08-12,0.0001905867779463,-0.0008267954588922,4.11280855679761e-06,0.0002308817722335,0.0007206604061956,0.0026021060967017,-0.0959067780806632,0.0077615919542555,0.0063758738310308,0.7905171910011048,0.008722047373149,-0.0039800259616998
2025-08-13,-0.0003366509594207,-0.0008737076442422,0.0001305390460616,-0.0005922881003473,0.0002102940839322,0.0025060961012352,0.3204422020482737,0.014084637900611,0.0082272390130394,0.7252745601979331,0.0095158845061878,0.0110398710900596
2025-08-14,-0.0001455567647963,-0.000789730462093,0.0001567051856733,-0.0013290092660879,0.0005120320115167,0.0019976343692498,0.1010000158907881,0.0167221473401348,0.0125906667122515,0.7211935021377576,0.011058468996714,0.0091634781514924
2025-08-15,0.000920359202087,-0.0001399430141137,0.0001537444390139,-0.0003144946020713,0.0002694408267,0.0028697284913372,-0.0510452475782722,0.0137394304164335,0.0123713265901022,0.45267077547327,0.0060616791937747,0.025768383794467
2025-08-18,0.0008916260603138,0.0001920664414171,0.000159228619606,-0.0002341396896245,0.0008767245614169,0.0029205187222138,-0.2352224363653679,0.0084769661057645,0.0030296409722397,0.5894371210772213,0.0070828521523473,0.0036394351145059
2025-08-19,0.0008235562494662,-3.3008012901387e-05,3.99657372448344e-05,0.000425664630978,0.0004167043240799,0.004377687218288,-0.1714453102264474,0.0093233014818187,0.0058584530591619,0.5174148434615821,0.0069489057067243,0.0063701248983341
2025-08-20,0.0012039170337567,0.0014155011538638,7.765225436840478e-06,-0.0001859894258445,9.441957265842147e-05,0.0047303584590812,-0.5155562171580027,0.0144410706155816,0.01019668078272,0.4975882037061236,0.011109945123234,0.0077712525226289
2025-08-21,0.0025069701323366,0.0015625568914869,0.000101351362577,0.0001586155020304,0.0009239639345827,0.0047259784224668,-0.5154649632131046,0.0119482232935315,0.0164501407890126,0.4609510077042149,0.00891090158783,0.0098863917809054
2025-08-22,0.0013522154292543,0.0015676651767911,0.0001037017780768,0.0007435581653105,0.0001516469125233,0.0048071285051578,-0.6883606303984288,0.0115627997790127,0.0096440121403025,0.3875786037961332,0.0058271255914282,0.0033240762000531
2025-08-27,-0.0003417180836947,0.0015750100404173,0.0003214698247857,-0.001697639877618,0.0005904791190159,0.003087233612645,-0.0211615327150472,0.011814386179652,0.012160667366019,0.3701884220726661,0.0061120438713112,0.0198794049140439
2025-08-28,-0.0004524628019578,0.0005978829689479,0.0002590920429648,-0.0016145829019347,0.0003621102287918,0.0022015908506542,-0.1936494518343869,0.0191088800000693,0.0163032468681177,0.2674772833662144,0.0060989124207619,0.0072527680298488
2025-08-29,-0.0009056488167359,-0.000411799645037,0.000537118455788,-0.0027267059640158,0.0002856199392641,0.001842525045656,0.0740264792218107,0.0167246007520383,0.0138214093628114,0.0470509756291689,0.0046623282799058,0.0032354016526139
2025-09-03,-0.000722783458509,-0.0005714085359308,0.0004833897821527,-0.0003480289591304,0.0007986159458813,0.0027913848640124,-0.1645989402991852,0.0080616980249819,0.0130843376069768,0.2722159706309573,0.0075651680179669,0.0041350630538907
2025-09-04,-0.0018171045818082,-0.0006107570865029,0.0004400755860502,-0.0007752509287583,-0.0002450546362649,0.0040878650759453,0.0640922800286695,0.0174738407874278,0.0115567016157861,0.590105259546058,0.0100579650258225,-0.0244336165207252
2025-09-05,0.000232875333872,0.0004218807775751,0.000323172217462,0.0001705716379316,0.0007309707462428,0.0028609239384099,-0.0385259726826245,0.0181078933232816,0.018846375768579,0.7477909340662114,0.0127607913521345,-0.0295855312361153
2025-09-08,-0.0010098233211652,5.490788984209463e-05,0.0002582647580756,-0.0011239629829851,0.0001564710817056,0.0032618705463966,-0.0215091373400233,0.0162668435667869,0.0202829159493987,1.1444407851229126,0.0149981588255934,-0.0226028372314013
2025-09-09,-0.0010831899782175,0.0001115116827632,0.0001949738714535,-0.0006351787647929,0.0002524452242729,0.0024304962732906,-0.0028082383750583,0.0185820248791558,0.0219294608510826,1.1675237274765369,0.0116273956965876,-0.0243603110328875
2025-09-10,-0.0011423379517347,8.528638827344064e-05,0.0003436008015416,-0.0007301243204348,0.0001909186025879,0.0032749130435122,0.0542273679766904,0.0148306992024424,0.0115877623766412,0.8638968137087899,0.0027765393741326,-0.0131741474713742
2025-09-11,-0.0004559764718538,-0.000129611744921,0.000335852758739,-0.0003095002025456,0.0008688039517876,0.0035069652533633,-0.1965529763570057,0.0080700263624894,0.0094576861289609,0.4483713877664564,0.0033880755236573,0.0181367654660605
2025-09-12,-0.0016852344209036,-0.0005007168238484,0.0003124386650083,1.930907573838661e-05,-6.8956346022483895e-06,0.0020000291292086,-0.1647186247255974,0.0129494232749243,0.0135000421865854,0.4424827047883144,0.0079004220842997,0.0231641640168623
2025-09-15,-0.0004826037003317,0.0001625599453904,0.0001526245389692,8.273892423627742e-05,0.0004129099737626,0.0025841879043867,-0.2380488602973292,0.0134102301980576,0.0075829025581218,0.3101509332431973,0.008002475830603,0.0190132469909422
2025-09-16,-0.0004742718808951,-0.0009173853812901,0.0001527786882813,-0.0007905210210749,0.0004977459828215,0.0024231180620152,-0.4551591316817998,0.0091664070188105,0.0075063812604911,0.2270327670840264,0.007227108889381,0.0071967158946831
2025-09-17,-0.000667165411452,-0.0013851924677031,0.0001398749254637,-0.0010355611393743,0.0003776669961547,0.003076644347904,-0.5763450111635626,0.0128382161049359,0.0096842734441609,0.1176787504495836,0.0038527334734444,-0.0051912963928868
2025-09-18,-0.0003169454836942,-0.0011048738341848,0.0002888287886241,-0.0019157682342416,0.000136260250553,0.003928061199232,-0.4044646325243125,0.0155616390816121,0.0081334610645931,0.1906413194057564,0.0057227788501072,-0.0233462887766674
2025-09-19,0.0018077198643165,-0.0007440081033708,0.0002032297091347,0.0001874202599565,0.0006181937404873,0.0031327962486794,-0.5026256875340956,0.0088964547326912,0.0059845082011724,0.1871045303040008,0.0109367596264586,-0.0132887025972542
2025-09-22,0.0015622187554586,-0.000131955386309,0.0001911744964467,0.0011922440161128,0.0005016446192027,0.0031084639299779,-0.3481244448897118,0.008168132291948,0.0021315672958222,0.4291825507840942,0.0133977022543335,0.0098609259960898
2025-09-23,0.0013987643881987,0.0010326185672695,7.332587692181323e-05,0.0007498729951144,0.0002256422184897,0.0023088709925213,-0.3749849806359123,0.0100542186144212,0.0050289189881695,0.6318713443495474,0.0115031151273159,0.0140180191656548
2025-09-24,0.0005979050979729,0.0008710231862916,2.190409491701396e-05,-5.405785160632657e-05,0.0002900315017243,0.0030776425666447,-0.4238182195780926,0.0127720161977842,0.0112394164535327,0.6041001765847306,0.0070147437746357,0.0237647202792735
2025-09-25,0.0011743992075029,0.0006741613143397,-0.0001677117237273,4.3570892584459406e-05,0.0007317041454877,0.0042225856385327,-0.3886747805490196,0.012561710060241,0.0103290342196554,0.1855151446042831,0.0025311810066317,0.0190269055253731
2025-09-26,0.0015612253803009,0.0012531128272341,-0.0001303956741044,0.0007743162745168,0.0008278375522978,0.0051457527341123,-0.5639026068496085,0.0087557095912948,0.0050324551995617,-0.0194067811933361,0.0020850152180753,0.0012486473789002
2025-09-29,0.0014541065238867,0.0008817908466232,-0.0001789023661939,0.0008161293823954,0.000633158251083,0.0045057976606956,-0.1483181535639475,0.0030407819653144,0.0056043569253709,-0.2643398958788129,0.0036882663905247,0.0037899817450388
2025-09-30,0.0001469153804659,0.0003968451017295,1.2302141914105284e-05,-0.0012074054002334,0.0002562884366048,0.0033482548003879,-0.3342569332737151,0.0126084895645618,0.0090799443238092,0.1073959762429297,0.0108976805333555,-0.0016583669437545
2025-10-01,-0.0007795287311623,0.0013569676034815,0.0001697695030974,-0.0007776396008982,0.0005045460836193,0.0027472565695509,-0.2449054657255477,0.0127993996930571,0.0137685708360228,0.6352144417587364,0.0131768024918357,-0.0159550096972011
2025-10-02,-0.0001203224045249,0.0009373867396937,0.0003053075641491,-0.0010090580451013,0.0008075708534483,0.0022584445357832,-0.3154064315568326,0.0127685027293817,0.0116546338575723,0.943537473424599,0.0153473270764821,-0.019749909139565
2025-10-03,0.0005113952471911,0.0007818008873029,0.0002730637138172,0.0003712401789488,0.0005687846528366,0.0031837426253638,-0.4007268439340639,0.0152047197806657,0.0143752678327388,1.248865759603416,0.015675596153071,-0.0249104044270333
2025-10-06,-0.0001327896057491,0.0009314668351268,0.0001591646984197,-0.0001215655916548,0.0003496659356895,0.0033451686460299,-0.5166729483398924,0.0105077351201502,0.0069693398252699,1.2111728367792631,0.0112211729187186,-0.0128023576342613
2025-10-07,-0.0003932794491181,0.0008012575580753,9.709113761794498e-05,0.0002420420970592,0.0004628066308223,0.0033918690672533,-0.3388178538785333,0.0079272494777377,0.0031278475481732,0.6667521555315832,0.0058311060967778,-0.0165440483780873
2025-10-08,0.0008292386280067,0.0008001878609005,0.0001031042323662,0.000139837346579,0.0005569618104189,0.0039978420038305,-0.5374617156798709,0.0111319315184729,0.0053197295842615,0.4533452523353691,0.0058298626630952,-0.0038139400512686
2025-10-09,0.0012449111606532,0.0008788875585296,0.0001077089458036,0.0010972074484556,0.0009261559402722,0.003290965860825,-0.2329699194853085,0.0126949343039433,0.0118548913348492,0.1678228358518712,0.0068163353667448,-0.0027222604508762
2025-10-10,0.0011977378813438,0.0004466907780922,1.580224771549476e-05,0.0004699076330032,0.0004204049354081,0.0037056368916398,-0.295248348163522,0.0100601713978365,0.0102574133724049,0.154655794426265,0.0080137801552304,0.0049403832434401
2025-10-15,0.0023597772115914,0.0018560774181266,-6.269161677931244e-05,0.0006527525312972,0.0006722015753363,0.0068452328501642,-1.5404033652863258,0.0110699560384712,0.0159130536162865,0.7651483253856454,0.0150711461276154,0.0335387605415097
2025-10-16,0.0018119374431542,0.0030283376567359,6.465238909336647e-05,-0.0009471189459547,0.0004105504818785,0.005888916665022,-1.2309504543170442,0.0158953669236261,0.0139377778326729,1.0501458461877986,0.0163776378156129,0.0358911635732861
2025-10-17,0.0012944102236722,0.0022214829512562,0.0001026142779303,-0.0014068499421482,0.0005426323460646,0.0071069099667326,-2.439655697518248,0.0150033693213481,0.0113904687307482,1.203262116684593,0.0155717371580777,0.0341715079306659
2025-10-20,0.0010921656060165,0.0022437606827006,0.0001742180001654,-0.0007770002640591,0.0007417381783722,0.0049647034732127,-1.0688249134809082,0.012363746235737,0.0123398637541879,1.2713244628432188,0.0116935805863383,0.0440476704816827
2025-10-21,0.0006955057200466,0.0013315041131663,0.0003214798462562,-0.0005460343390633,0.0003351458851805,0.0012623390298032,-0.4459829772712721,0.0122926564971623,0.0046327615759399,0.9401755538221857,0.0107721772670652,-0.0052137567279038
2025-10-22,6.183501099794615e-05,-0.0009743188394285,0.0002074456558868,0.0011527855948725,0.0005222257475148,0.0028385377773383,0.373003096752055,0.0076216416495402,0.0124267346472423,0.5293524781964312,0.0088315067286149,-0.0326583818427101
2025-10-23,0.0005626186871849,-0.0002202125580539,0.0001090968087735,0.0002324954612469,0.0005077647876901,0.0028063929194417,0.3915189357810237,0.0148265519040248,0.0091853193516934,0.2983855502468064,0.0050519018731241,-0.0458087919979735
2025-10-24,0.0002597057309734,-0.0001008759204844,0.0001399842767165,0.0008655718090874,0.0004798429354281,0.0034015944819651,1.0050835064312116,0.008949711010156,0.0081082824602497,-0.3477247241131767,-0.0046522207689619,-0.0374827644759383
2025-10-27,-0.0001619114039054,5.832046214691671e-05,0.0001050941153148,-1.7278805143572222e-05,0.0004225667089451,0.0033445661208496,0.4240271405660303,0.0083502711328291,0.0032262855735189,-0.4887754033110278,-0.0015475000124913,-0.0188460605265996
2025-10-28,-0.0004905470953057,0.000802896386508,0.0002464324375765,-0.000624557629286,0.000558908466811,0.0014425097340192,0.2266165725364685,0.0099565920971665,0.0068701947185146,-0.3512034310041314,0.0057002358472047,-0.0052609250497296
2025-10-29,-0.0012005637152889,0.0005910273563578,0.0004175877458042,-0.0008651922309289,0.0003962068894823,0.0009466270484632,0.0311314101848089,0.0115209506606557,0.0098832724757882,-0.0650211345909251,0.0124508569651779,-0.0020206640092805
2025-10-30,-0.0015551952201217,3.4434177405602106e-05,0.0004445578946989,-0.0020986707180139,0.0004179236500045,0.0021644955088037,-0.0687855783167039,0.0059967776562684,0.0051526052706708,0.2429479479159662,0.0093378252032192,0.0049195004680095
2025-10-31,0.0006215856463249,0.0003737206941641,0.0002834016371124,-0.0003030803339304,0.0005282665772631,0.0042469704007111,-0.2956992819227479,0.0022199002923726,-0.0013887187074097,0.5565393172140616,0.0070193775737612,-0.0104514626482108
2025-11-03,0.0008111887204832,0.0006619163765963,7.984181680993795e-05,-0.0006421157250513,0.0006882519918401,0.0049209752751904,-0.5778198964650532,0.0062669309565933,0.0044172115916148,0.4609992826190096,0.0061447126954582,-0.0156096526531966
2025-11-04,0.0010294719159545,0.0005119371781314,-0.000159852614832,0.0004399420935094,0.0005770799878146,0.0043920882088922,-0.4993102636231299,0.0134020070975577,0.0056911322728193,0.3374735147374993,0.0062650054835524,0.0061486801818526
2025-11-05,0.0012346524740146,0.0008569850917464,-0.0002956478986689,0.0005586469953459,0.0003313063405074,0.0052309493511518,-0.8677101430038574,0.0092819987242915,0.0116802120841196,0.2925998865798461,0.008687028921672,0.0065939637151001
2025-11-06,0.0015698437500975,0.001059970978479,-0.0001596067892703,0.0002537252278087,0.0008965973854753,0.0037895168561486,-0.4446030737974197,0.0092821938339296,0.0068313426848318,0.5229707749226995,0.0130708335665726,-0.0024525452895143
2025-11-07,0.001659760245611,0.0001862716171543,1.977225061811089e-05,0.0010012756530981,0.000510183386815,0.0057680847953694,-0.8808444667791906,0.010251222578991,0.0062880468717091,0.6292906792416336,0.0125711365554229,-0.010942241131792
2025-11-10,0.0011014964800125,0.0001143131367213,9.31919336976628e-05,0.001047877830681,0.0002495423125374,0.0052225035946034,-0.5792841667963976,0.0134445046074365,0.0135911101594159,0.612974552968228,0.0091319235881509,-0.0162640269737893
2025-11-13,6.229852193605966e-05,0.0001280463137356,0.000217093924697,0.0002429402747689,0.000494187976074,0.0023194788504121,-0.2043511498134025,0.0137417170016318,0.0060088658296662,0.5013289054694641,0.0093401867281226,-0.0231187726008774
2025-11-14,-0.000952981342227,-0.0004739005567894,0.0004044693857267,-0.0004536834904927,0.0005201361272255,0.0047716668942734,-0.688448308467281,0.0059525793756049,0.0068490835527025,0.3277183512528079,0.0087720228098813,-0.0162816716849251
2025-11-17,7.415749138329147e-05,-0.0001306171558478,0.0002968393533242,-0.0024368433356065,0.0003092228127346,0.0034493270968908,-0.5165992384578747,0.0078427709389692,0.0010210453905816,-0.031056198924739,0.0047964636072011,0.001943885208159
2025-11-18,0.0008011292891538,8.817483186688842e-06,0.000231485281292,-0.0010490055071172,0.0002402329458273,0.0055430570118869,-1.0982418410844517,0.0092211137520009,0.0059004432892897,-0.0544727674089012,0.0053976521413627,-0.0088364842707662
2025-11-19,0.0007654954514629,0.0005078548776591,0.0001664695437022,-0.000494053226777,0.0008173559375181,0.0073654838482311,-1.6211911062893596,0.0112832129423123,0.0101471766010982,-0.0894724366932752,0.003153793868476,-0.0023998398997936
2025-11-20,0.0016647741008243,0.0011502969841297,-3.263586260424399e-05,0.0009127906368073,0.000285615059666,0.0043552367619916,-1.3249054781511116,0.0127319683906311,0.0094289184463083,0.1395699511649129,0.0068643753721541,-0.0202545675808425
2025-11-21,0.0017835028797916,0.0014001287672339,-4.2615251026297294e-05,0.0006801534202268,0.0006504044086189,0.0064248519793091,-1.7492879121665323,0.0108449938669719,0.0104595735559775,0.3806738191437298,0.0091864589655657,-0.0200741979247093
2025-11-24,0.0013830886154394,0.0018559129129916,7.054440969725669e-05,-3.1914150245249855e-05,0.0005964876004311,0.004027466387028,-0.6261686685884991,0.0139829800103292,0.013055869981723,0.713954466694787,0.0114571770595209,-0.0274150172196181
2025-11-25,0.0006334505140789,0.0020074179495075,0.000173383167659,7.617126708363243e-05,0.0004895615778772,0.0020388170880913,0.3243989762767743,0.0162078703271618,0.0128394328629053,0.7614178553261013,0.0051972634478235,-0.0195309616590764
2025-11-26,0.000735321867328,0.0017160136277151,0.0004146550293908,-0.0012035515090406,0.0005044694234151,0.0013832189995492,1.0338312684985127,0.0156150514746461,0.0130622759937615,0.8858936127072662,0.0062774575267735,-0.009954030266625
2025-12-02,-0.0008423051777753,0.0012166489910467,0.0005268816064944,-0.0007804383969855,0.0002002527319984,-0.0007330944728416,1.313787927957503,0.0131876167407592,0.0109240702067781,0.6687496659604482,0.0059369461178512,-0.030548425657044
2025-12-03,-0.0011131570409408,0.0008968983457941,0.0005605294898261,-0.0009228581605078,0.0004271846407792,0.0013834004286308,1.513110141117971,0.0111124630646124,0.0081921415443974,0.62294685412514,0.0089443322689055,-0.0074487976350536
2025-12-04,-0.0013431059525465,-0.0004228369687442,0.000570525318322,-0.0007177912123631,0.0003012738863859,0.0026057934609852,1.0194491181417702,0.0132862868374882,0.0098967628334567,0.4872558506496415,0.0081825883154917,-0.0097154620508328
2025-12-05,-0.0012215512259062,-0.0009036942842079,0.0003019086373546,0.000174722526936,0.0002193101879784,0.0030132814248614,0.5535099198039914,0.0128246245407358,0.0065998188195223,0.3036164699720726,0.0070042203443833,-0.0061659404750603
2025-12-08,-0.0017759712739374,8.669314819560617e-05,0.0001965687906212,-0.0002926158518484,0.0001327569832467,0.0032279557308998,0.2890331630559913,0.0066284369117663,0.0018913183018461,0.1356137329585201,0.006058261887814,-0.0127587764285592
2025-12-09,-0.0002269227375361,0.0017037016811152,8.512756353210477e-05,-0.0003815224602276,0.0006976386238317,0.0036554161208498,-0.2575838242003905,0.0069487782058361,0.0032457308179192,0.3599803036811493,0.0098086293269272,-0.0059938237599683
2025-12-10,-0.0008023676474397,0.0020245617925288,0.0001459878920855,-0.0007914185339738,0.000184069262457,0.0039713805462815,-0.3728389367588871,0.0083861079723026,0.0037111508566475,0.477033550991393,0.0120610068259443,0.0119225351505082
2025-12-11,-0.0002726405652928,0.003061681822052,0.0001572735689096,-0.0008287993550273,0.0003268901608785,0.0033019593175038,-0.1965756136299632,0.0103879169201736,0.0125253335894674,0.5207530896006053,0.0095227026155696,0.0191012512410551
2025-12-12,-0.0006464396353835,0.0028266954102617,0.0002804261118888,-0.0002949024297073,0.0002458500027036,0.0031564507892544,-0.0651725063456092,0.0141906418717164,0.0132027510487908,0.7657795217600137,0.0108696512260127,0.0413518162074053
2025-12-15,0.0005684542274652,0.0005470240638823,0.0002962099798892,0.0002662400828018,0.0002259456888614,0.0038140213163098,-0.2594439784908273,0.0146132844933046,0.0057229641935526,0.8093412961557388,0.0100889318949436,0.0576846832891088
2025-12-16,0.0001784457034109,0.0001668208635264,0.0003566300908548,-0.0008489973522008,0.0002007978526068,0.0042263391986851,-0.2364647895058768,0.0091944178096778,0.0049800706649886,0.7111688747126161,0.0102419752188185,0.0564166102509499
2025-12-17,0.0007877294546785,0.0005262532675801,0.0003825220503694,-0.0004020686107517,0.0005007938250704,0.0052683947195241,-0.2820578708222597,0.013559244977033,0.0090922270882625,0.93919335178798,0.0135226385685469,0.0648267931015669
2025-12-18,0.000787317042275,0.0009220871913889,0.0003368411506936,-0.000727127538826,-0.0001030570078538,0.0059953021712536,-0.7627933204323307,0.0130045835421071,0.0108924749227912,0.8610573223066409,0.010960549378249,0.0444378437709756
2025-12-19,0.0010416540176564,0.0023623413035479,0.0003155235759126,-0.0002769524059775,0.0006051701269124,0.0038011389603702,-0.552612190578157,0.0117184261163839,0.0124387756743463,0.6422725225931807,0.0079658907896878,0.018908472711821
2025-12-22,0.000468788598473,0.0023187731404521,0.0002156003032333,4.022587692555709e-05,0.0004240189365298,0.0031451316088199,0.0237583676814004,0.0111961257767317,0.0088076907587037,0.484996957291179,0.0056054499161097,0.0277710214280313
2025-12-23,-0.0005266085722029,0.0029208856242683,0.0002019382789099,-0.0002055533571503,0.0003087055428597,0.0019541209473705,0.2675492810253663,0.0125154725046449,0.0035221887547082,0.0368575044441938,0.0041183300061422,0.0052281694687297
2025-12-24,-0.0010098156109392,0.0020813728217473,0.0002833780688107,4.440761437823643e-05,0.0003527022417614,0.0006943212019126,0.3441103687928452,0.0103846432276327,0.0068606363744461,-0.2267354320234997,0.0013614273426356,0.0262541295225946
2025-12-30,-0.0013561549034744,0.0006571137325505,0.0004465283974237,-0.003759693375239,0.0003416508133856,0.0020919193874383,0.5283932623648027,0.0105677246458948,0.0080704536355043,-0.1509291435248555,0.0034471124877248,0.0318678776167678
2025-12-31,-0.0008180801019841,0.0001412816804775,0.0005653277472544,-0.0027093355134239,0.0004126454222508,0.0030632218545289,0.2244868487101078,0.0088295527312833,0.0111070599017776,-0.0718419298739391,0.0083358508401575,0.0269456546121337
2026-01-06,0.0001106334538952,-0.0009154532610028,0.0006342096024854,-0.0022247597711397,0.0004271353230302,0.0043014513189878,-0.2315596163932635,0.0113146171284668,0.0045190085774601,0.1813471890332234,0.0120000212266341,0.0426015441462706
2026-01-07,0.0001461210804354,-0.0022707846259795,0.0005986656413536,0.0008111332719287,0.0004810633931976,0.0039591477749245,-0.2960454967860966,0.0070924481125454,0.0043930239303216,0.5961903794313729,0.0132367250215152,0.028397030764497
2026-01-08,0.0004635546794981,-0.0018689782543398,0.0002752332701442,0.0008008224726248,0.0005839542701211,0.0044503460982049,-0.5162054534961888,0.0089631621589855,0.0080696483794036,0.8615867854824355,0.013849068297185,0.0012265830997412
2026-01-09,0.0010020346611785,-0.0013572625748432,0.0003075026864879,-3.785791532535612e-05,0.0005001032738214,0.0039266687851615,-0.5442739587185228,0.0093456899382224,0.0087583071730869,0.6035254173454302,0.0057478451644942,0.0152341749297949
2026-01-12,0.0016923409934032,-0.0005119766484401,0.000257504561058,0.0003683879622968,0.0006574684338075,0.002716165577411,-0.2715251355397516,0.0065679736565193,0.0071630030514772,0.2363090750116679,-0.0006666442020838,0.0072046449965625
2026-01-13,0.0002200195345286,-0.0001818645948046,0.0003296548639016,0.0010492451106424,0.0006084529980743,0.003391719057594,-0.3859905818510768,0.005846202291858,0.008606793519473,-0.0042431965877968,0.0007694634499968,0.0017202126059148
2026-01-14,0.0007499253351585,0.0006287830050046,0.0003379629930792,0.0013174809102077,0.0003986443004752,0.0030171009084298,-0.5125595734464248,0.0092498894454865,0.0071716954675433,-0.4525338103050308,-9.064269606985642e-05,0.0009761470698528
2026-01-15,0.0011598112473312,0.0003640910962658,0.0003576036753092,-0.0005512466986593,0.0005338764396611,0.0039364664418766,-0.6111114756643862,0.0118024131933182,0.0125933469454268,-0.6807090416033421,-0.0008042544160061,-0.0083597244148011
2026-01-16,0.0003695622904186,0.0003126830738967,0.0003060377529166,-0.0004733439969238,0.0007374035877833,0.0043722918088505,-0.4171126986160045,0.0085337371499871,0.0094295466119657,0.066395092204323,0.0090362329687807,0.0041188898406437
2026-01-21,0.0001917023250192,0.0007426731003991,0.0002406244210999,-0.0007272854160009,0.0003974390871072,0.0042925003740842,-0.5514133811418915,0.005993111354857,0.002535734217659,0.3639926478281468,0.0104219424733313,-0.0102147561553368
2026-01-22,0.0004443262255853,0.0002016661576201,0.0002188104434648,-0.0010545240034956,0.0007589076571494,0.0026300798739702,0.406929894514259,0.0063894069669549,0.0044814398209446,0.4310637643954493,0.0107276633051674,-0.0546465764022289
2026-01-23,-0.0012175246037887,-0.0005893190117221,0.00010595228607,-0.0010299283795972,0.0003759222462198,0.0016847027732402,0.6989147453101396,0.0102106203712818,0.0101298530816411,0.876856593609609,0.0124737682941739,-0.1737580102671388
2026-01-26,-0.0023727820424465,-0.0006538751702492,0.0001112623821981,-0.0017341113502283,0.0005606754850573,0.0021470380747598,0.6605663627378835,0.0089973210106789,0.0106322229349864,0.6211118872579553,0.0054017736457082,-0.4786506746384957
2026-01-27,-0.0022955672548106,-0.0006697807475394,0.000189319870773,-0.0027308573457644,5.477548006197749e-05,0.0018481562206849,0.5081326098550437,0.010984859524853,0.0140006684434201,0.2420502342333339,0.0042186084358851,-0.3719247185456191
2026-01-28,-0.0026403322933531,-0.0015076593160981,0.0002590277550124,-0.0022596212118125,0.000113424730629,0.0028579197904492,0.2096691906670906,0.0141181123021771,0.0076803535828865,0.0585866626597157,0.0004168546811144,-0.2616070887410721
2026-01-29,-0.0023973201023747,-0.0013036082557919,0.0004388370675873,-0.0023336625602389,2.0182056360531846e-05,0.0030365248050955,-0.2743842561455445,0.0115629922862838,0.0055397633486698,-0.2159574695103499,0.0010941841088796,0.0010898564073604
2026-01-30,-0.0014784283859433,-0.0008575198797626,0.0003682611235782,-0.0008420798675132,0.0004464174872274,0.0031726538057346,-0.5426418550818476,0.0093738751378453,0.0071766084407302,-0.5971711077617916,0.0036222278541657,0.1231728379142916
2026-02-02,-0.0005656116160293,-0.0005372724723512,0.0002573255360703,0.0007747141207749,0.0003760245259533,0.0042756855041153,-0.5846150215690672,0.0118007459246828,0.0078595783881047,-0.4691025446025628,0.0040298559510406,0.2932747948451679
2026-02-03,0.0006510121247344,0.0002698751413377,0.0002482503443939,0.0009565981293083,0.0003466760929799,0.0039240433344323,-0.2848170680185762,0.0110399073699859,0.00539728069636,0.165870589603087,0.0152302890454918,0.3189819087361048
2026-02-04,-0.0001675419266786,0.0009410220085334,0.0002856643508405,0.0004231168506238,0.0008915398868429,0.0046202869847814,-0.7171826688281265,0.0056251023287682,0.0069451925357343,0.3815175305669196,0.0110829696631689,0.2323194213818576
2026-02-05,0.0001812812266039,0.0011544853123555,0.000252962702478,0.0009943652721142,0.0005887040501514,0.0049176227612642,-0.7203681468057723,0.0093213061698562,0.0076585792229868,0.1750437317628639,0.0048471746377005,0.1809062804458808
2026-02-06,0.0009481290076131,0.0014003918593672,0.0003484558870385,0.0003987382135654,0.0005912182206819,0.0059668703793915,-1.4160923112443389,0.015036969778397,0.0139954103228387,0.6220648438872871,0.0068480361212379,0.1119667657965024
2026-02-09,0.0006186908621026,0.0004744420140432,0.0002803434119834,0.0005816344702721,0.0007809196068818,0.0042936282417963,-0.2653970174448798,0.0144431343728315,0.0158280740302575,0.3582876489504314,0.0083550387022974,0.0235051817169109
2026-02-10,-0.0019101969544019,-0.000225836769648,0.0004485582542244,-0.0005632327163753,0.0001380389498855,0.0025605705099904,-0.4727983687824399,0.0118168674153742,0.0082721306082105,-0.1456628343719411,0.0061095121503238,0.1146970205112338
2026-02-11,-0.0006548214495887,0.0002618896113786,0.0005294349620166,-0.0010733237998391,0.0001837417450493,0.0023414246494214,-0.1453406015614379,0.0097634144867305,0.0132268800182462,0.1609268234466855,0.0064540416145861,0.2012319295005349
2026-02-12,-0.0010611940290523,-0.0003728691579593,0.0005565854357561,-0.0019362869094473,0.0002687012549076,0.0018756240115057,0.116845933177835,0.0133582062409746,0.0097052583965281,0.2169158349660281,0.0065811031191902,0.2138733591492518
2026-02-13,-0.0004298472314179,-0.0005756930283932,0.0006723718452096,-0.0020522293108971,0.0006154771873177,0.0062284670560918,-0.5264085771613841,0.0070884429964252,0.0141591578168019,0.3328221747920547,0.0110482352084711,0.1029212659124997
2026-02-18,0.0002025556056981,0.0006738950576431,0.0004126051064309,-0.0014189595858214,0.0002268629095347,0.0057893102847359,-0.8695083268099832,0.013917656034226,0.0199180774542759,0.6020595370735085,0.0110609823194085,0.0380066829026903
2026-02-19,0.0013739079910166,0.0012247818685188,0.000288982449024,-0.0007321087066354,0.000529901204434,0.0046367837993882,-0.8350207292350973,0.0169522671704202,0.0091411537915184,0.1484331544857316,0.0048511446150633,0.0144246835291584
2026-02-20,0.0006228407913825,0.0011763701894053,0.0002021312781171,0.0003911340672081,0.0006857548828063,0.0045530438856455,-0.8860682742520603,0.0068119230017115,0.0072940931945877,-0.2233548368863814,0.0006161162055802,0.0187370248383678
2026-02-23,0.0006374481942381,0.0013106462688798,0.0001430424593714,-0.0003548564861001,0.0006858588838282,0.0021683315390986,-0.3764692860855529,0.0085750592949367,0.006077481660458,-0.2761744132224373,0.0040519107006365,0.0186781554568118
2026-02-24,0.0008495063900317,0.0003011490645201,0.0001359812010914,-0.0007658055703438,0.0004360757909051,0.004118575749196,-0.5212814943107192,0.0139020540260307,0.0103752621994915,-0.4031301340200087,0.0091950381006361,0.0089045229411056
2026-02-25,0.0004487907672838,-0.000493472691291,0.0004253644617577,-0.0012422701812055,0.0003740934270419,0.0037681976928507,-0.1004084105217512,0.0121914834958215,0.0136493888455296,-0.0571660698493756,0.0116378729815836,0.0091982070000404
2026-02-26,-0.0002060711333189,-0.000583490692033,0.0005905145097765,-0.0022993527244177,0.0006081085328579,0.002623997934383,0.0925963256721926,0.0111123181608624,0.0072470817329427,0.4758365301226607,0.011733491289229,0.0125301817055751
2026-02-27,-0.0002546027538751,-0.0006655276502802,0.0010075800683722,-0.0010138457225909,0.0004351302201512,0.0037310432319318,-0.0623033803254313,0.0087193422818476,0.0098218790365076,0.6778193918928574,0.0079610786779379,0.0281782010163408
2026-03-02,3.371688053766225e-05,-2.4113690954262967e-05,0.0007729827287597,-0.0003345164388852,0.0002740860704951,0.0030859964252829,-0.3436072096066329,0.0143093391221579,0.0128634379154438,0.3359027034284181,0.0075145292143834,0.0217792392511523
2026-03-03,0.0010726109708117,0.0008916912890139,0.0003794909597532,0.0004824918122818,0.0007986047675501,0.0044821493272001,-0.5653088416317489,0.0108504421805984,0.0080327962799572,-0.5813346773572585,-0.0051050871743749,0.0146944399800981
2026-03-04,0.0014718131295529,0.0022365042153703,-0.0001687047624823,0.0047209924464787,0.000990849332198,0.0058806855231112,-1.3273403800412085,0.0028719187055451,0.0018635325283708,-1.4427226063743137,-0.0166053096159711,-0.0026940811636228
2026-03-05,0.0012011921421794,0.0023384412793774,-0.0004498175662488,0.0007442054195309,0.0011277543627221,0.0040164347989196,-0.8223696355465961,0.0038597043547297,0.0037799150200569,-1.5787638118546332,-0.0062387765655222,0.0132487636485639
2026-03-06,0.0013417580506783,0.0021758016888386,-0.000392794795946,0.0032384135418238,0.0004308894886898,0.0043737178426525,-1.4196894623791736,0.0087725864298781,0.0010881192733846,-2.48262483488974,-0.0087731554356003,0.0142526623029145
2026-03-09,0.0016202436584341,0.0030065140278219,-0.0001311512880309,-0.0001668583500208,0.0009037285107815,0.0055652489876614,-2.2438619102997706,0.0060432542103159,0.0055394533637846,-3.920776268724625,-0.0174299659364429,0.0011707955526885
2026-03-10,0.0008836752440141,0.0013039816647656,2.970770046818315e-05,0.0003476371178651,0.0009038245073186,0.0038540767384609,-0.8064947465534851,0.0093435990413487,0.0080721167890162,-4.1992401578358365,-0.0077717206456293,-0.0205202393115498
2026-03-11,-0.0023748556830714,-0.0010118990461048,0.0004478852982312,-0.0018972060581236,3.908770447147187e-05,0.0051277609578066,-0.8677415809392321,0.0095994375130907,0.0090854559366759,-1.803453980827277,0.0119877617000328,-0.0111183241364973
2026-03-12,-0.0009752199767694,-0.0003998511657405,0.0004777320386741,-0.0010900861104312,0.0006819982979978,0.0038201670551891,-0.5586182394438713,0.0054800158639077,0.0027684356711396,-1.130022191269029,0.0142894028836362,-0.0144612747605571
2026-03-13,0.0001575025206742,-0.0005644167389381,0.0005594086663034,0.0007782080138983,0.000557889544862,0.0045506759912663,-0.6911486060095836,0.0004980825032143,-0.000985023581608,-1.5812481305307111,-0.0094085814928643,-0.01247997268541
2026-03-16,0.0026649098611118,0.0004354375469675,0.0003174666398835,0.0022288195685527,0.0011719155528754,0.0064755764667722,-0.0572878647584895,0.0013939778151588,0.0004016409987974,-1.023627609096549,-0.0118562358828072,-0.0062431713315327
2026-03-17,0.0007349119979997,0.0018841460615824,0.0001588284134165,0.0010798670057163,0.0004501137690522,0.0047819476911027,0.1559706244963738,0.0118381251647433,0.0108119763397117,-0.3996283072925555,0.0014728073443515,0.0117852668324595
2026-03-18,3.437399424207417e-05,0.0022108884642729,-7.253785473250479e-05,-0.0006180023051823,0.000685402402436,0.0040101188657297,0.2257189977075117,0.0147623384042324,0.0159943848253211,-1.5702331217045236,-0.0022729226473013,0.0067182334398812
2026-03-19,0.000505841734808,0.0014999034397337,0.0001005877412432,-0.0001857757276682,0.0002511487343406,0.0036637711717354,-0.2445758862002498,0.0044044516352829,0.0086993672218542,-0.8084416143270372,-0.015830636052082,0.0091378500378801
2026-03-20,0.0019511168942672,0.0008387556355028,6.766665919021622e-06,-0.0004457809283969,0.0006536797575412,0.004205532461656,0.4524347373751696,0.0030336517041956,0.0039305324799221,0.519299794710191,0.000105922493451,-0.0006413574948526
2026-03-23,0.0009213702790133,0.0002535766031799,0.0003790767822659,0.0008546271446064,0.000190014196371,0.0072522328980347,-0.6484341533632251,0.0034659801335155,-0.0032478186121882,0.0488279626768206,-0.0002746764827764,0.0086112493904738
2026-03-24,0.0014727399064092,0.0006882600195627,0.0002365151530232,-0.0012128140899732,-2.1466665370866894e-05,0.0053430777996661,-0.8081533630733863,0.0067193716830383,-0.0016588174002022,1.1207850240323225,0.0244449356838931,0.013114908348321
2026-03-25,0.0022862401482238,0.0017274900161946,5.485299232644203e-05,-0.0004162552321913,0.0001934662172096,0.0041348967246853,-1.1059455661123536,0.0066860329045965,0.0094352839380055,1.3427150548215825,0.0180524616006511,0.0263246096353152
2026-03-26,0.0021202645610509,0.0013486459969635,5.3410008077118366e-05,-0.0006864146619263,0.0003080049012267,0.0032336388546602,-0.2996812694378277,0.0100197237475815,0.0076631390529766,1.211947329031241,0.010471356105541,0.0188688455970181
2026-03-27,0.0021427320781125,0.0002518151109688,-4.53551357953516e-05,0.0004064139540032,0.0004483104317786,0.0040246216754676,-0.8732965048072587,0.0039734900507951,0.0111448221515643,0.7386962067374412,-0.0004875130372388,0.0111064715875482
2026-03-30,0.0025010530020449,-0.0002655687320148,-0.0001762038214648,0.000711300703418,0.0004074348579311,0.0074527503156496,-1.2659887665738758,0.0093138666567048,-0.0024812034038572,-0.8071880266951448,-0.0099993769943668,-2.4269919497735704e-05
2026-03-31,0.0025958640819906,0.0004118113228,-0.0001457147813568,0.0011542027652269,0.0007997973344612,0.0071501331582866,-1.1282305899581972,0.0112702285627001,0.0131197447117033,-2.4129465191773414,-0.0061724315665099,0.0048228761196115
2026-04-01,0.0017347612828847,4.1664339081873975e-05,0.0001653967886341,0.001150238493253,0.0005627312734533,0.0041471611200847,0.0803014872537843,0.0211635380800358,0.0164121870556627,-1.7817709144771872,-0.0045508346941452,0.0080655406453454
2026-04-02,-0.0001221765540461,-7.53232776322415e-05,0.0005875989040263,-0.0005000771236571,0.0001855286262287,0.0008093279921133,0.055386801335894,0.0079279799413092,0.0138249027353078,-1.258493177405403,0.011017595551373,0.0030455320976635
2026-04-08,-3.789298084072991e-05,-0.0005805878087468,0.0005165430751518,-0.0011696434321011,2.4286820840543368e-05,-0.0005507459858362,0.8717911725553942,0.0107919901425382,0.0076564463037263,-2.2605590974208587,0.0036081455347407,0.0081682760230529
2026-04-09,-0.0019837701874442,-0.0012662063300877,0.0009062155788799,-0.0043341385497013,0.0002882456062385,-0.0018923060876148,2.316820466573739,0.0126099886104353,0.0091351017074471,0.8403638788420769,0.0227056927972796,0.0252852451410013
2026-04-10,-0.0020940327902133,-0.0021621103895429,0.0006822313504791,-0.0033080610835577,-9.583479454961798e-05,0.0011403563763448,2.0845225747696743,0.0139242564174191,0.010084779973243,2.1856919849596697,0.0291841232866818,0.0305956344123891
2026-04-13,-0.0021419623821385,-0.0021666707337272,0.0005701677715642,-0.0016140010407752,-0.0005526084386009,0.0009330336333966,1.386343739043721,0.0095989400839652,0.0082882756652733,1.0552936142939162,0.0181149259410413,0.0398646301488651
2026-04-14,0.0005574786746989,-0.0016767085645007,0.000447049283388,-3.0465908317841217e-05,0.0006039026563239,0.0004741179892552,1.1739275762464167,0.0100387142137778,0.0066130307415574,1.962633061919204,0.006609157907725,0.0231707034023651
2026-04-15,-0.0018157074999122,-0.0020485856488019,0.0005198774054244,-0.0008370946430325,-0.0002524136132261,0.0020441106344619,0.9596833883169756,0.0126883577782562,0.0103922623714159,2.199866196096667,0.0055942005177904,0.0114799983229807
2026-04-16,-0.0014139515762076,-0.0011287041896241,0.0003151436320131,-0.0010937397023269,-1.5152828070729169e-05,0.0008452884828521,0.2258455061530065,0.0136307593416178,0.0097060361148644,1.5376469022512973,0.0176193336068529,-0.0044820004486621
2026-04-17,-0.0009550557053364,-0.000455040068032,0.0003281478598011,-0.0013348892175505,3.6709632317847066e-05,0.0006546141934545,0.0612186956574193,0.0088536458364887,0.004886690010874,0.9609513929846544,0.0145960873355155,-0.0002569385806473
2026-04-20,-0.000560322842712,3.799699852117524e-06,0.0003532011095943,-0.0020435761352538,0.0004701183500109,0.000917351337446,0.1064452747348753,0.0121070615489546,0.0093974043436626,2.245941415174876,0.0355449636177831,0.0020885674446977
2026-04-21,-0.0005394500381475,3.734501230766416e-05,0.0002519626933411,-0.0004594713258048,0.000114068180545,0.0023571709941484,-0.3238858054203001,0.0145172097407336,0.0117150252274388,1.9976166939140216,0.0243023488871916,0.0017554077412854
2026-04-22,0.0003831177914469,0.0003079483200265,0.0001540202298292,-0.0003949687273356,0.000422740185384,0.0034609502540365,-0.5186835266395983,0.0100041804455156,0.0072581852266512,0.2412402649729441,0.0061096960038254,0.0039059077719106
2026-04-23,0.0007504155867061,1.934714021123115e-05,0.0001112507469832,0.0007026679732615,0.0007340155335206,0.0025562331911858,-0.424091236983986,0.0039868394261345,0.0060268266934849,0.5069931305657602,-0.0078994463245927,0.0015657726265792
2026-04-24,0.0005876636138269,5.745694897096821e-06,0.0001154715434087,0.0003761795178235,0.0005833751840074,0.004146578457648,-0.5874443957836635,0.0090693557787087,0.0032676169991459,-0.6357282086125293,-0.0063949865301001,0.0132883616724123
2026-04-27,0.0008618524205184,0.0006958580514138,-4.190750617940594e-05,-0.0008686776985404,0.0005118786485473,0.0022779866811226,-0.3697732703923471,0.0113688638326959,0.0074292636324476,-1.2727231608823946,0.0109770878071231,0.0214013261939357
2026-04-28,-4.376043375912622e-05,0.0007864199271079,0.0001575369772876,-0.0013501764373447,0.0003741035915988,0.0020155750002584,-0.0270663199746183,0.0117581731072132,0.0092361447104879,-0.6042409988317945,0.0109118676213381,0.012361188487265
2026-04-29,4.9519124638160834e-05,0.0011056636619173,6.2555753918632656e-06,-0.0012253377444391,0.0004266975463605,0.0038307790290509,0.0614210536655644,0.0105169666800322,0.0048859652970999,-0.9288285533022786,0.0055097345368523,0.004010061490691
2026-04-30,0.0012696776335111,0.0013239251401538,0.0001047042875446,0.0006484490477158,0.0004914082615861,0.0031882872197648,-0.2507942301689371,0.0017786122637058,0.004538672209408,-1.540929366426427,-0.0040351226422311,0.004027555552396
2026-05-01,0.0004084505738345,0.0012039280028828,0.0002232284610206,-0.0005207086681224,0.0003642090812302,0.0031059008223242,0.2860845450918347,0.0070486140573105,0.0040076059026492,-1.321094931892452,0.0002429704876163,0.0046007687803467
2026-05-06,-0.0009385347159789,0.000102065810676,0.0001852812190296,-0.0002000739181627,0.0001478846667558,0.00251002454331,0.0106646876250376,0.0130161569346138,0.0117711106486886,-0.4962611639287903,0.0158149922631058,0.0028072374670927
2026-05-07,-0.001271379664817,0.0006312426985727,0.0004342876205644,-0.0045835192988207,4.16628217787054e-05,0.0004363986637527,-0.0211148232802478,0.0147547676863035,0.0147431759369137,0.8600117379886824,0.0339516219149989,0.0122948491324995
2026-05-08,-0.0004331492144176,0.0004498766773451,0.0006038683128315,-0.002735206589704,0.0001487382805753,0.0015604711869673,0.0335027045876377,0.0095426892917879,0.0127108718329257,2.090272096168888,0.0313637072733471,0.0170147615790653
2026-05-11,-0.0006635536816323,8.524495069316606e-05,0.0006052811417528,-0.0014514234042729,8.342096997994067e-05,0.0023906751099563,-0.0170500010575674,0.0106989166873171,0.0062638859659506,2.327578433069763,0.0140171901767349,0.0096050934221888
2026-05-12,-0.0002996003218225,0.0002625113259414,0.0006265206176463,0.0011081662068643,0.0002494944709211,0.0025606113235354,-0.5424434844878874,0.0069941523480585,0.0068800909009278,1.681274400724918,0.0027877093742105,0.0015252240593726
2026-05-13,0.0005312082356851,0.0006735593914321,0.000529856769463,0.0033793719855118,0.0003219078027302,0.0038805190004562,-0.3976908462872291,0.0092900651895892,0.000862080958232,0.0976587743569108,-0.0048070471295496,-0.0112600850268142
2026-05-14,0.0002363746381768,0.000441510361195,0.0003996199701517,0.001797534552697,0.0006163049644812,0.0025823162245363,-0.4304239070137562,0.0056021747588206,0.0063339824929142,-0.5651304704573482,0.002293791263205,-0.0133435592767773
2026-05-15,0.0009850779598157,0.0013120202375225,0.0004074940319711,0.0012553867370839,0.000720551565613,0.002940972406978,-0.2893496405754417,0.0120276159606172,0.0067849916668407,-0.4543824997831139,0.007696078283222,-0.0045221009584286
2026-05-18,0.0021755383991485,0.0033176966481365,7.91224747619652e-05,0.0007020835672139,0.0007207577980408,0.0039383849506846,-0.5180158125376033,0.0070654306916384,0.0009790377983807,-1.1329538312434624,0.0049590134397232,-0.0029847845135499
2026-05-19,0.0024231695871279,0.0032123167936324,0.000172308180853,-0.0004896078222449,0.0008447317609864,0.0038836386447481,-0.1671241525529955,0.00392629876809,-0.0012424237937589,-1.1511789870751843,0.0020301577921165,-0.0143031546526033
2026-05-20,0.0021714867398525,0.0030755794528869,-0.0001080356921707,0.0012270222098739,0.0006957241143597,0.0053472254323761,-0.3573127467709036,0.0087346072211486,0.0019891433190267,-0.6285755934933084,0.0071944409385898,-0.0300706932918955
2026-05-21,0.0012608273108111,0.0030233734658987,7.703864114618454e-05,-0.000759863770237,0.0005973723781092,0.0043459481865432,-0.2035267032558108,0.0132829059103366,0.0115243330435718,0.9085373576143289,0.0190439660272318,-0.0291580786948798
2026-05-22,0.0015094279599231,0.0011046364218577,0.0001245068940404,0.0006773156320942,0.0007998277808159,0.0026939012009132,-0.1195606248053617,0.0104385898510374,0.0198242540270708,1.6832415557181806,0.02261712486477,-0.0210149780507457
2026-05-27,0.0004951988333983,3.774059495979386e-05,0.0003459891918237,0.0007374757816766,0.0003370713127534,0.0026616141942842,0.0201711972938811,0.0108131541440858,0.0108190359257962,1.9490787282383704,0.0146551895078841,0.0094050489819889
2026-05-28,0.0017911232470114,0.0014510944989952,0.0004510316530209,-0.0002970569075023,0.0006252093045705,0.0024217898127822,0.1144426568078538,0.0030140712993475,0.0117266778095165,3.4789498669126937,0.0179503414633982,0.0195773397652759
2026-05-29,0.0001838673530589,0.0009751308889723,0.0004427350129499,-0.0005527614788603,0.0001876768999821,0.0032778179871403,0.1968484979878844,0.0138243810060588,0.008927432607256,2.9477182326573743,0.0187066600905819,0.030398144550476
2026-06-01,0.0001194076997271,0.0014618064757809,0.0005490940030024,-0.0003844467038432,0.000355023648482,0.002921691680437,0.1677631110399021,0.0124928827080592,0.0108285294263805,1.6060253610498718,0.0183201982286776,-8.906352783039648e-05
2026-06-02,0.0006295039504782,0.0014863342595186,0.0004941849525503,0.0005887270234751,0.0003493026483212,0.0029935257471556,-0.121616287718881,0.0074336520890711,0.0067759784689798,0.9295353663478572,0.0050278697542282,0.0094761718035817
2026-06-03,0.0004795523975846,0.0006313994301405,0.0004733288166106,0.0013339094488483,0.00046670736193,0.0029341533670088,-0.0736921876933178,0.0067015453991151,0.006651691693419,0.1008559903036979,0.0010136283302298,0.0081822930473446
2026-06-04,0.0010207401498654,0.0004156617437332,0.0003432792639998,0.0007046873668901,0.0005696719919983,0.0042590814611502,-0.312422686101633,0.0079306124450137,0.0060576960589758,-0.6325121406741916,0.0007216234964012,0.0224890823337833
2026-06-05,0.000783253939506,0.0010143006249487,0.0002165070175538,0.0015010772222968,0.0002965048369341,0.0038585903937168,-0.2179135353323469,0.0124453550761943,0.0076041739820131,-0.4106121704521902,0.0083903455204043,0.0062768993800605
2026-06-08,0.0029741391907496,0.0017893658122587,0.0002062188815894,0.0031815705182928,0.0009489941860062,0.0065823841010657,-1.7023842944411656,0.0057491756331344,0.0048793268989248,0.2975132600228897,0.0153983750365004,0.009242244215244
2026-06-09,0.0019652958270967,0.0031192487128553,-3.744487346050697e-05,-0.0006790620301462,0.0006170638557682,0.0058683622027621,-0.7265408349788764,0.0059929139461377,0.0014350706747596,0.7122729681963424,0.0127709127779539,-0.0061952015152142
2026-06-10,0.0026248031268209,0.0033337138862732,0.0001848393439952,-0.0007504070212114,0.0007675883288522,0.0054993491545948,-1.2702771589088762,0.0092306835438678,0.0098147469122699,1.626753898906005,0.0160177627897323,-0.0119612724057145
2026-06-11,0.0014978228090269,0.0029421421541233,0.0001584702450702,-0.0036669681777221,0.0001721054602322,0.0068310825191427,-1.5332864409157232,0.0179054109438633,0.0095282060448018,1.6749793283868455,0.0117523056016726,-0.0190961525926665
2026-06-12,0.0024097455383841,0.0021132805207372,0.0001591571605593,-0.0007295433726167,0.0008503901853755,0.0024248122190922,-0.6650155406705847,0.0119245067028025,0.0166451490037523,1.193172878108156,0.0133776395628106,-0.0076895281373674
2026-06-15,0.0002683393110532,-0.0001464362692098,0.0003821226856193,-0.0015027599898637,0.0003180312345738,0.0034509485395054,0.3162248445383924,0.0144068195125441,0.0147504934612401,1.7099852623546052,0.0206693169551972,0.0035491727002174
2026-06-16,-0.0003973185512292,-0.001119175305075,0.0004430815771243,-0.0012964683136776,0.0001149624700354,0.0010375029422823,0.408913085217465,0.0122945776675303,0.0079095809443989,2.2374218264494816,0.0256734145311442,0.0125144684059375
2026-06-17,-0.0004516596413063,-0.001047848813972,0.0004431604231383,-0.0023907816729817,2.451048083287866e-05,0.0008414877457846,0.526024671637405,0.0098658000250367,0.0123278628563408,2.935395239760834,0.0280076623799135,0.0105595662422441
2026-06-18,0.0003440222691265,-0.0011446282255473,0.0004442022591752,-0.0011448999101812,0.0004197408476596,0.0044775521737752,0.2492465512212812,0.0108280201847809,0.0057363312730956,3.037253370124751,0.0206677942925224,-0.0028445602946218
2026-06-23,0.0009606488846763,0.0005897069455165,0.000225855639571,0.0020925246086661,0.000497013702706,0.0036313967263498,0.2842523998071632,0.0026422657368588,0.0074907456444905,2.4518906400999185,0.0150097661019198,0.0004068144207749
2026-06-24,0.0026165136621248,0.0030238120244262,-5.381533081890493e-05,0.0012502350531887,0.0009869491264676,0.0062392956683269,-0.6937635348385871,0.0114478043396931,0.0108563392645982,2.705017353259979,0.0132387603209802,0.0009851287323711
2026-06-25,0.0031906088880158,0.0036175592175839,-0.000338073228316,0.002035778829129,0.0010229552527808,0.0045548139136826,-0.4852326919427411,0.0236296232968273,0.0154949159207763,2.5202581065744982,0.0189310943060038,0.0056278976336139
2026-06-26,0.0017557461617242,0.003275228302322,-0.0001865166561169,-0.0002554181782351,0.0006507671547759,0.0039901744176884,-0.5673750446415736,0.0136692005799267,0.0183533392843912,1.7016557115619375,0.0139274736984666,0.0011237468935443
2026-06-29,0.0016239317155336,0.0028772902619174,-0.0001539674404171,-0.001202372444633,0.0007855812839295,0.0051109584482982,-0.1776454167081086,0.0120442827578971,0.0115726148703144,2.1409137355125947,0.0166987501948476,-0.0002961663735716
2026-06-30,0.0018568407483788,0.0013880529221684,0.0001186507812535,-0.0003584373995519,0.0002944250260998,0.0021280880315011,-0.2279726046483613,0.011996660215457,0.0102002064793354,1.7802602149316789,0.0128651598003105,-0.0110346470276876
2026-07-01,0.000767473171722,0.000469436446885,0.0004225873570483,-7.021063141617251e-05,0.000380178359282,0.0020114131171214,0.308228619419942,0.0093021101344718,0.0028332262901544,0.9458603757126832,0.0109138660819621,-0.0121028967180072
2026-07-02,0.000250098189926,0.0004000487195704,0.0003281600942687,0.0005844343638652,0.0002528047063465,0.002300227598168,0.1246674253977204,0.0074147640573299,0.0011156343431548,0.972354742706451,0.0139145753598175,-0.0089199823514815
2026-07-07,0.0001006946385853,0.0012567621708438,0.0003582910970811,-0.0011650091486611,0.0002750808556467,0.0026310690252079,0.2596144798206864,0.0115859475594554,0.0037561512286759,0.8866795690552864,0.013712914691009,-0.0048651306075782
2026-07-08,0.0004592786337336,0.0013569218792608,0.0003186207972666,-0.0032764975881465,0.0001132726759626,0.0044482267362252,-0.0317739797123818,0.011335336874571,0.0029413283146004,0.3683911562736974,0.007134047289486,0.0094302989475582
2026-07-09,0.0005296201134118,0.0012911545574541,0.0001515245381053,-0.0033224730568254,0.000253027699861,0.0048532261618626,-0.3389122211982525,0.0085248911400161,0.0041331737363399,-0.1140179491481409,-0.0052812103653526,0.0148880605170787
2026-07-10,0.0004550553848129,0.000982366826589,0.0003052308335057,-0.0025907094039044,0.000515733535152,0.0035191619847429,-0.2491575134466359,0.0093875246492595,0.0095870688908762,-0.180670316421775,0.0011301435587628,0.0132755323888229
2026-07-13,-0.0003377540179472,4.8378625497374345e-05,0.0004549455688745,-0.0019534175667354,-2.3459256382156045e-06,0.0031361768453203,-0.1155754450048001,0.0148717193414753,0.0094509815463001,-0.0305928942735417,0.0084865208875823,0.0394948077173887
2026-07-14,0.0004191795729022,3.6431644363193625e-05,0.0003873004076058,-0.0024357412328356,0.0002930169380255,0.0033528448954949,-0.6415124644152846,0.007276511247012,0.0049974962289876,-0.9359527339326472,-0.0031781909305178,0.0369507235136197
2026-07-15,7.098874674186747e-05,-0.0005210416319885,0.0005734332801318,-0.0023091619388995,0.0005269251504947,0.0031238184504057,-0.2793747464779483,0.0088841262175093,0.0066986663217451,-1.0176653319026792,-0.0072088075334552,0.0385667152148902
2026-07-16,-0.0008897869300597,-0.0007921147919458,0.0005358575688278,-0.0019126414853296,0.0001298240258186,0.0038357022053811,-0.1336749721936185,0.0200742973656691,0.012726770474644,-0.5650000236571973,0.0006003321914687,0.0187073409997785
2026-07-17,-0.000661992705365,0.0001372930574907,0.0003557010952986,-0.0022733014616018,0.0001584116213574,0.0041616183126757,-0.5380946839112665,0.0161765207760169,0.0109179606728224,-0.9151008685032908,0.0105172085221559,0.0141992675345152
2026-07-20,0.0004860329605135,0.0005070531151826,0.0002584638350924,-0.0004926401861108,0.0004186905107837,0.0042889209075216,-0.983058897747898,0.0067588699063786,0.0105293710046991,-0.9896983698355382,0.0061738387882197,0.0005330829198613
2026-07-21,-0.0001920961725514,0.0002977809262762,0.0003038556826908,-0.0017901042332308,0.0002939416660993,0.0052450309052879,-0.6422320262008006,0.0083051110870435,0.0058174672006568,-0.4644018388989649,-6.659581733042298e-05,0.002747144811028
2026-07-22,-4.664382774100586e-05,0.0006204753474489,0.0002451551509794,-0.0007176733458818,0.0004604258814763,0.004438527080923,-0.4320485991942424,0.0091044798701506,0.0023305702032153,-0.4037847908533274,-0.0079637715440445,0.0012566916836698
2026-07-23,0.0003131862554987,0.0002927754659758,0.0002128619157906,-0.0015508513457738,0.0003834296357598,0.0036165978766997,-0.4129143656944173,0.0058295799842548,0.0033456570147402,-0.8101236921496417,-0.0042724694414199,-0.0102568404272205
2026-07-24,0.0011381868662857,0.0002137890164843,0.0002846849217086,-0.0012606009479735,0.0004710600411044,0.0039213980490248,-0.6241398060904644,0.0054036840841344,0.0018407063845144,-1.4274623108581903,-0.0110290530845554,-0.010019063254086
2026-07-27,0.0003696639691947,4.991572970480503e-07,0.0001987880626815,-0.0025646172114673,0.0005797844524216,0.0043293665686091,-0.2489269628713534,0.0095818493961478,0.0074682244024348,-1.0938899875946304,-0.0005429908742507,-0.009314012524222
2026-07-28,0.0004226262341068,0.0006864244817548,0.0002303325963872,-0.0013556090181237,0.0004675915070707,0.0052235467332956,-0.4406677769228476,0.0142278667329651,0.0132396296557649,0.3167037829920129,0.0221512581080284,0.0186273058149278
2026-07-29,0.0006094396989826,0.0013840625744152,0.0001973322441771,-0.0028699194091762,0.0002165149536891,0.0041157402933401,-0.5195773671014613,0.0171239607633235,0.0160468531706213,1.200560794911207,0.0316208830845943,0.0239940700756794
2026-07-30,0.0018573558858534,0.0016519085789385,0.0002936313712938,-0.0023884193695201,0.0004735793781223,0.0044806660171011,-1.0845031535959166,0.0146182488703389,0.0095283263160543,1.0218658450403184,0.0131888782011795,0.0341505140086009
2026-07-31,-0.0004204823480282,0.000822574810021,0.0003946201455424,-0.0048067677117858,-0.0001838371114417,0.0033498558664359,0.1772790028744373,0.0150804958940323,0.0035339146373551,1.5616631973658486,0.0008864168171953,0.0177145414730592
2026-08-03,-0.0005584125910792,0.0005811012881837,0.0004149890900725,-0.002109237448022,-0.0002046414014201,0.0028431750805332,0.1888838956861586,0.0086955893527736,0.0013787616600974,1.1690495013727582,-0.0040889837311449,0.0160962850063546
2026-08-04,3.282092472674708e-05,0.0001076995899815,0.0003764740825614,-0.0022631558435253,-0.0002671390014538,0.0011273767328126,0.3288620952550452,0.0093333298523138,0.0054827112685246,0.3159512690336853,0.011432312344721,-0.0144304325051818
2026-08-05,0.0003352196810615,0.0002902866258101,0.0004087507413187,-0.0008997963247401,0.0003897388588662,-0.0015375050095341,0.1584727301638682,0.0155332929191149,0.0179971098143604,1.1669394347396032,0.0216794832016259,-0.0102041306904056
2026-08-06,-0.0012218932631336,0.0006653187561837,0.0003444419395728,-0.0015322970879996,-0.0003794700665361,0.0011820345527568,0.5018253050137158,0.0178293594589401,0.0154584292022788,1.836141541700215,0.0152489881128082,-0.0032461437209478
2026-08-07,0.0002452381967965,0.0013821444741451,0.0002644803828435,-0.0014511840700909,0.0002589421833655,0.0018521837413292,0.035776296409606,0.0092729934796799,0.0074962794262995,1.5324556677540186,0.0049828103865185,0.0120061970105163
2026-08-10,0.0001317924729778,0.001038407481589,0.0003054954037653,-0.0025995233915084,0.0002896660030248,0.0030145762313849,-0.0625288061508565,0.009464624610803,0.0057060087914073,1.3022608618540543,0.0050663600592144,0.0146916735282323
2026-08-11,-0.0003963317603608,0.0008477428225714,0.0003443781579399,-0.0005387245861431,0.0002218054472143,0.0041992172176263,-0.1940969847521304,0.0114095502284626,0.0045210175908476,0.0907469352567753,0.0009621859333951,0.0036906107142639
2026-08-12,5.07403456624485e-05,0.0011701878083342,0.0003006208603758,-0.001259827374532,0.0001921819535717,0.0036000834724515,-0.0805528993188887,0.0131504245958119,0.0055025244984447,-0.801852107753209,0.0021987175476037,-0.0106855533837844
2026-08-13,0.0004893819072384,0.0015210462974504,0.0003022998888066,0.0001152088890558,0.000542115299842,0.0034476904581287,-0.0657677416549928,0.0096426705326921,0.0125706050515246,-0.6775278500745048,0.0064620716647789,-0.0236386238751926
2026-08-14,0.0002085007765617,0.0020273531272434,0.0002973550599575,-0.0001671254405576,0.0002661090243216,0.0034861058290981,-0.2009530846684747,0.0191876368128843,0.0137321018551764,-0.2423547072403359,0.0103869962624153,-0.0181240492423647
2026-08-17,-1.804316083594556e-05,0.0030680939570036,0.0002973723377162,-0.0005455820080935,0.0002775777116006,0.0032589377887048,-0.1053284198671412,0.012423772066964,0.0116060656567521,0.0054420089920334,0.0106247004174577,-0.0116188022707641
