date,horizon,source,target,strength,signed_weight
2023-07-26,10,audusd,brlusd,0.0,0.0
2023-07-26,10,audusd,cnyusd,0.0,0.0
2023-07-26,10,audusd,krwusd,0.10144865761545706,-0.048111921108106026
2023-07-26,10,audusd,eurusd,0.0,0.0
2023-07-26,10,audusd,sp500,0.022607997641430892,-0.016199185681740055
2023-07-26,10,audusd,vix,0.01099700468142413,0.007823092572481951
2023-07-26,10,audusd,us2y,0.0260023112704682,0.01473527597401227
2023-07-26,10,audusd,us10y,0.0,0.0
2023-07-26,10,audusd,wti,0.0006201356469056236,-0.0006201356469056236
2023-07-26,10,audusd,brent,0.0010576508843121912,-0.0010576508843121912
2023-07-26,10,audusd,henry_hub,0.0,0.0
2023-07-26,10,brlusd,audusd,0.0,0.0
2023-07-26,10,brlusd,cnyusd,0.015087233041341727,0.008478110407932386
2023-07-26,10,brlusd,krwusd,0.007749899064017666,0.007749899064017666
2023-07-26,10,brlusd,eurusd,0.0005543191554025654,0.0005543191554025654
2023-07-26,10,brlusd,sp500,0.0,0.0
2023-07-26,10,brlusd,vix,0.07862693834795648,0.03583824903775258
2023-07-26,10,brlusd,us2y,0.035172371581600255,0.02022421185905617
2023-07-26,10,brlusd,us10y,0.02122041987323522,0.011179098978041663
2023-07-26,10,brlusd,wti,0.0004740990435652468,-0.0004740990435652468
2023-07-26,10,brlusd,brent,0.03178000643738431,-0.01603975777325878
2023-07-26,10,brlusd,henry_hub,0.0,0.0
2023-07-26,10,cnyusd,audusd,0.0,0.0
2023-07-26,10,cnyusd,brlusd,0.07284501669643523,-0.029019275587151484
2023-07-26,10,cnyusd,krwusd,0.01703733071654529,-0.01703733071654529
2023-07-26,10,cnyusd,eurusd,0.0630146001062346,-0.03297934720617593
2023-07-26,10,cnyusd,sp500,0.0,0.0
2023-07-26,10,cnyusd,vix,0.0,0.0
2023-07-26,10,cnyusd,us2y,0.053248850233938425,-0.04274052583418768
2023-07-26,10,cnyusd,us10y,0.0970446161237345,0.044566568799251666
2023-07-26,10,cnyusd,wti,0.0,0.0
2023-07-26,10,cnyusd,brent,0.0,0.0
2023-07-26,10,cnyusd,henry_hub,0.0023483580975000437,0.00218290809501614
2023-07-26,10,krwusd,audusd,0.0,0.0
2023-07-26,10,krwusd,brlusd,0.004046275633873373,-0.004046275633873373
2023-07-26,10,krwusd,cnyusd,0.014790316354309524,0.006147847023174977
2023-07-26,10,krwusd,eurusd,0.0,0.0
2023-07-26,10,krwusd,sp500,0.0049388651461868115,0.00441889648788268
2023-07-26,10,krwusd,vix,0.0,0.0
2023-07-26,10,krwusd,us2y,0.0,0.0
2023-07-26,10,krwusd,us10y,0.03700324417272999,-0.019572419756023616
2023-07-26,10,krwusd,wti,0.0,0.0
2023-07-26,10,krwusd,brent,0.0,0.0
2023-07-26,10,krwusd,henry_hub,0.0,0.0
2023-07-26,10,eurusd,audusd,0.0,0.0
2023-07-26,10,eurusd,brlusd,0.0,0.0
2023-07-26,10,eurusd,cnyusd,0.02431069096681978,0.020785781107249112
2023-07-26,10,eurusd,krwusd,0.03989255169454058,0.03989255169454058
2023-07-26,10,eurusd,sp500,0.0019117342775063356,-0.0019117342775063356
2023-07-26,10,eurusd,vix,0.020524713023818305,0.020524713023818305
2023-07-26,10,eurusd,us2y,0.00026616732247306836,-0.00026616732247306836
2023-07-26,10,eurusd,us10y,0.018295435201289092,-0.018295435201289092
2023-07-26,10,eurusd,wti,0.0,0.0
2023-07-26,10,eurusd,brent,0.0,0.0
2023-07-26,10,eurusd,henry_hub,0.0,0.0
2023-07-26,10,sp500,audusd,0.05569327217218048,0.05255254005016385
2023-07-26,10,sp500,brlusd,0.061862900193352374,0.04712611649272676
2023-07-26,10,sp500,cnyusd,0.026602973875811908,0.01764104925306166
2023-07-26,10,sp500,krwusd,0.002247802439987006,0.002247802439987006
2023-07-26,10,sp500,eurusd,0.0005502615940486806,-0.0005502615940486806
2023-07-26,10,sp500,vix,0.07906302236085125,0.04311101373067888
2023-07-26,10,sp500,us2y,0.13909438954426354,0.048878182198027975
2023-07-26,10,sp500,us10y,0.01926919382254562,0.01926919382254562
2023-07-26,10,sp500,wti,0.2853945298525311,-0.08869410925440856
2023-07-26,10,sp500,brent,0.1367010750429847,-0.04699552098412653
2023-07-26,10,sp500,henry_hub,0.0025892989727604268,-0.0025892989727604268
2023-07-26,10,vix,audusd,0.023564320205233923,-0.023564320205233923
2023-07-26,10,vix,brlusd,0.0,0.0
2023-07-26,10,vix,cnyusd,0.0,0.0
2023-07-26,10,vix,krwusd,0.05021462142079461,-0.05021462142079461
2023-07-26,10,vix,eurusd,0.024012928538137204,-0.024012928538137204
2023-07-26,10,vix,sp500,0.0,0.0
2023-07-26,10,vix,us2y,0.0,0.0
2023-07-26,10,vix,us10y,0.008267743067775326,0.008267743067775326
2023-07-26,10,vix,wti,0.0,0.0
2023-07-26,10,vix,brent,0.0,0.0
2023-07-26,10,vix,henry_hub,0.046251923061776536,0.03776010557589571
2023-07-26,10,us2y,audusd,0.0,0.0
2023-07-26,10,us2y,brlusd,0.002414470758944989,-0.0015624905502427768
2023-07-26,10,us2y,cnyusd,0.0066556853388631335,-0.0066556853388631335
2023-07-26,10,us2y,krwusd,0.011508473339422627,-0.009258438898513886
2023-07-26,10,us2y,eurusd,0.0318133756227912,-0.023402837058442715
2023-07-26,10,us2y,sp500,0.0,0.0
2023-07-26,10,us2y,vix,0.0,0.0
2023-07-26,10,us2y,us10y,0.011078474428830806,-0.011078474428830806
2023-07-26,10,us2y,wti,0.13800985501470014,-0.03733324941816395
2023-07-26,10,us2y,brent,0.03007973877875835,-0.013872016289628288
2023-07-26,10,us2y,henry_hub,0.0,0.0
2023-07-26,10,us10y,audusd,0.027633795698291882,-0.021582029921584568
2023-07-26,10,us10y,brlusd,0.01293865897253183,-0.009789151569544921
2023-07-26,10,us10y,cnyusd,0.0,0.0
2023-07-26,10,us10y,krwusd,0.0,0.0
2023-07-26,10,us10y,eurusd,0.008871549963412322,-0.006490322045933266
2023-07-26,10,us10y,sp500,0.045739540120136535,-0.03187572509517415
2023-07-26,10,us10y,vix,0.051009577538734606,0.020550096533621273
2023-07-26,10,us10y,us2y,0.0,0.0
2023-07-26,10,us10y,wti,0.0,0.0
2023-07-26,10,us10y,brent,0.0,0.0
2023-07-26,10,us10y,henry_hub,0.0,0.0
2023-07-26,10,wti,audusd,0.0,0.0
2023-07-26,10,wti,brlusd,0.009385422230578193,-0.009385422230578193
2023-07-26,10,wti,cnyusd,0.0,0.0
2023-07-26,10,wti,krwusd,0.0,0.0
2023-07-26,10,wti,eurusd,0.0055587328713425,0.0055587328713425
2023-07-26,10,wti,sp500,0.0,0.0
2023-07-26,10,wti,vix,0.0069721120068811536,0.0069721120068811536
2023-07-26,10,wti,us2y,0.0,0.0
2023-07-26,10,wti,us10y,0.0,0.0
2023-07-26,10,wti,brent,0.17843572605897803,0.17552038586002042
2023-07-26,10,wti,henry_hub,0.0,0.0
2023-07-26,10,brent,audusd,0.0,0.0
2023-07-26,10,brent,brlusd,0.00429953775586975,0.00429953775586975
2023-07-26,10,brent,cnyusd,0.0,0.0
2023-07-26,10,brent,krwusd,0.0009350097136669709,-0.0009350097136669709
2023-07-26,10,brent,eurusd,0.0,0.0
2023-07-26,10,brent,sp500,0.005260560593373708,-0.005260560593373708
2023-07-26,10,brent,vix,0.06728445394754608,0.04606188020666077
2023-07-26,10,brent,us2y,0.0,0.0
2023-07-26,10,brent,us10y,0.0,0.0
2023-07-26,10,brent,wti,0.0,0.0
2023-07-26,10,brent,henry_hub,0.0,0.0
2023-07-26,10,henry_hub,audusd,0.08811389879308412,0.04110377432002017
2023-07-26,10,henry_hub,brlusd,0.026918438497930852,0.017419144027460965
2023-07-26,10,henry_hub,cnyusd,0.035270398518177905,0.018926657332278243
2023-07-26,10,henry_hub,krwusd,0.0,0.0
2023-07-26,10,henry_hub,eurusd,0.032585867728923544,0.019344056330381252
2023-07-26,10,henry_hub,sp500,0.0037939328683228653,-0.0037939328683228653
2023-07-26,10,henry_hub,vix,0.020128464527353784,0.011877823415617116
2023-07-26,10,henry_hub,us2y,0.0,0.0
2023-07-26,10,henry_hub,us10y,0.0,0.0
2023-07-26,10,henry_hub,wti,0.0,0.0
2023-07-26,10,henry_hub,brent,0.0,0.0
2023-07-26,10,pw_bab_el_mandeb_strait_capacity_z,audusd,0.14267685158815457,-0.08526781082144841
2023-07-26,10,pw_bab_el_mandeb_strait_capacity_z,brlusd,0.031333888120974734,-0.031333888120974734
2023-07-26,10,pw_bab_el_mandeb_strait_capacity_z,cnyusd,0.10540108311916163,-0.1048413457416019
2023-07-26,10,pw_bab_el_mandeb_strait_capacity_z,krwusd,0.09751945787953949,-0.04503210514948764
2023-07-26,10,pw_bab_el_mandeb_strait_capacity_z,eurusd,0.08568373782195433,-0.05823599108361709
2023-07-26,10,pw_bab_el_mandeb_strait_capacity_z,sp500,0.0596274065260264,-0.05614111032167138
2023-07-26,10,pw_bab_el_mandeb_strait_capacity_z,vix,0.07794051446721674,0.07794051446721674
2023-07-26,10,pw_bab_el_mandeb_strait_capacity_z,us2y,0.10537962615990487,0.042284739638403776
2023-07-26,10,pw_bab_el_mandeb_strait_capacity_z,us10y,0.037388158383360376,0.02967707800076602
2023-07-26,10,pw_bab_el_mandeb_strait_capacity_z,wti,0.02848145124063459,-0.02848145124063459
2023-07-26,10,pw_bab_el_mandeb_strait_capacity_z,brent,0.056697209823222794,-0.055130363973543116
2023-07-26,10,pw_bab_el_mandeb_strait_capacity_z,henry_hub,0.04905111430770726,-0.04905111430770726
2023-07-26,10,pw_bab_el_mandeb_strait_n_total_z,audusd,0.0,0.0
2023-07-26,10,pw_bab_el_mandeb_strait_n_total_z,brlusd,0.19179575721698594,-0.10370604078555204
2023-07-26,10,pw_bab_el_mandeb_strait_n_total_z,cnyusd,0.040074939349602025,-0.040074939349602025
2023-07-26,10,pw_bab_el_mandeb_strait_n_total_z,krwusd,0.0,0.0
2023-07-26,10,pw_bab_el_mandeb_strait_n_total_z,eurusd,0.0,0.0
2023-07-26,10,pw_bab_el_mandeb_strait_n_total_z,sp500,0.0,0.0
2023-07-26,10,pw_bab_el_mandeb_strait_n_total_z,vix,0.0,0.0
2023-07-26,10,pw_bab_el_mandeb_strait_n_total_z,us2y,0.0,0.0
2023-07-26,10,pw_bab_el_mandeb_strait_n_total_z,us10y,0.029930240787500263,-0.029930240787500263
2023-07-26,10,pw_bab_el_mandeb_strait_n_total_z,wti,0.009355225794889807,-0.006454960209331881
2023-07-26,10,pw_bab_el_mandeb_strait_n_total_z,brent,0.07994762482749647,-0.07994762482749647
2023-07-26,10,pw_bab_el_mandeb_strait_n_total_z,henry_hub,0.0,0.0
2023-07-26,10,pw_cape_of_good_hope_capacity_z,audusd,0.0,0.0
2023-07-26,10,pw_cape_of_good_hope_capacity_z,brlusd,0.11299497657762109,-0.05550681161513806
2023-07-26,10,pw_cape_of_good_hope_capacity_z,cnyusd,0.10565893102842604,-0.048903045367868936
2023-07-26,10,pw_cape_of_good_hope_capacity_z,krwusd,0.012211123738112485,0.012211123738112485
2023-07-26,10,pw_cape_of_good_hope_capacity_z,eurusd,0.0,0.0
2023-07-26,10,pw_cape_of_good_hope_capacity_z,sp500,0.007901897931445153,-0.007901897931445153
2023-07-26,10,pw_cape_of_good_hope_capacity_z,vix,0.0,0.0
2023-07-26,10,pw_cape_of_good_hope_capacity_z,us2y,0.013459850312724309,0.013459850312724309
2023-07-26,10,pw_cape_of_good_hope_capacity_z,us10y,0.06863929143950563,0.03299799086309616
2023-07-26,10,pw_cape_of_good_hope_capacity_z,wti,0.025346322577930624,-0.017180500425696164
2023-07-26,10,pw_cape_of_good_hope_capacity_z,brent,0.10444097079817713,0.046696435934474666
2023-07-26,10,pw_cape_of_good_hope_capacity_z,henry_hub,0.23254230500497647,-0.0884080737193099
2023-07-26,10,pw_cape_of_good_hope_n_total_z,audusd,0.09468498723601868,0.06114085149076898
2023-07-26,10,pw_cape_of_good_hope_n_total_z,brlusd,0.11264906028108437,0.06014862790075623
2023-07-26,10,pw_cape_of_good_hope_n_total_z,cnyusd,0.01924589762731022,0.01924589762731022
2023-07-26,10,pw_cape_of_good_hope_n_total_z,krwusd,0.006455258777603586,0.004657852457682234
2023-07-26,10,pw_cape_of_good_hope_n_total_z,eurusd,0.20140017502417973,0.10973153987681082
2023-07-26,10,pw_cape_of_good_hope_n_total_z,sp500,0.14937117755314844,0.08509916018031151
2023-07-26,10,pw_cape_of_good_hope_n_total_z,vix,0.15155271344223442,-0.05763589166500576
2023-07-26,10,pw_cape_of_good_hope_n_total_z,us2y,0.03034079131066187,0.03034079131066187
2023-07-26,10,pw_cape_of_good_hope_n_total_z,us10y,0.03111081466676895,-0.03111081466676895
2023-07-26,10,pw_cape_of_good_hope_n_total_z,wti,0.04934461775576372,-0.04934461775576372
2023-07-26,10,pw_cape_of_good_hope_n_total_z,brent,0.0,0.0
2023-07-26,10,pw_cape_of_good_hope_n_total_z,henry_hub,0.3558398090948934,0.13770570501590076
2023-07-26,10,pw_malacca_strait_capacity_z,audusd,0.0,0.0
2023-07-26,10,pw_malacca_strait_capacity_z,brlusd,0.05796703184722563,-0.05796703184722563
2023-07-26,10,pw_malacca_strait_capacity_z,cnyusd,0.0197587748069439,-0.0197587748069439
2023-07-26,10,pw_malacca_strait_capacity_z,krwusd,0.0,0.0
2023-07-26,10,pw_malacca_strait_capacity_z,eurusd,0.029683840093124306,-0.029683840093124306
2023-07-26,10,pw_malacca_strait_capacity_z,sp500,0.0,0.0
2023-07-26,10,pw_malacca_strait_capacity_z,vix,0.0,0.0
2023-07-26,10,pw_malacca_strait_capacity_z,us2y,0.12618804779811957,0.12618804779811957
2023-07-26,10,pw_malacca_strait_capacity_z,us10y,0.0,0.0
2023-07-26,10,pw_malacca_strait_capacity_z,wti,0.016101012944712098,-0.016101012944712098
2023-07-26,10,pw_malacca_strait_capacity_z,brent,0.08577529812119777,-0.05135984240505598
2023-07-26,10,pw_malacca_strait_capacity_z,henry_hub,0.0,0.0
2023-07-26,10,pw_malacca_strait_n_total_z,audusd,0.16740207266509433,-0.13636764183165395
2023-07-26,10,pw_malacca_strait_n_total_z,brlusd,0.0,0.0
2023-07-26,10,pw_malacca_strait_n_total_z,cnyusd,0.24969695042282908,-0.12551574402962512
2023-07-26,10,pw_malacca_strait_n_total_z,krwusd,0.1438723064516235,-0.12419319513158072
2023-07-26,10,pw_malacca_strait_n_total_z,eurusd,0.22958316857173328,-0.14181807161784935
2023-07-26,10,pw_malacca_strait_n_total_z,sp500,0.25639910246238595,-0.1233436896375104
2023-07-26,10,pw_malacca_strait_n_total_z,vix,0.024501713840383705,0.012400755365811375
2023-07-26,10,pw_malacca_strait_n_total_z,us2y,0.0797520253060123,0.05266816066067915
2023-07-26,10,pw_malacca_strait_n_total_z,us10y,0.11638586108486826,0.11169487900675616
2023-07-26,10,pw_malacca_strait_n_total_z,wti,0.07040395719079731,-0.07040395719079731
2023-07-26,10,pw_malacca_strait_n_total_z,brent,0.11667084443273414,-0.11667084443273414
2023-07-26,10,pw_malacca_strait_n_total_z,henry_hub,0.0,0.0
2023-07-26,10,pw_panama_canal_capacity_z,audusd,0.06854283184348582,-0.0501425607292385
2023-07-26,10,pw_panama_canal_capacity_z,brlusd,0.01903063649207954,-0.015356956723092775
2023-07-26,10,pw_panama_canal_capacity_z,cnyusd,0.08934311048087523,-0.08934311048087523
2023-07-26,10,pw_panama_canal_capacity_z,krwusd,0.17872267611397763,-0.133348575276312
2023-07-26,10,pw_panama_canal_capacity_z,eurusd,0.01524926129937158,-0.013229759150572883
2023-07-26,10,pw_panama_canal_capacity_z,sp500,0.03825778146042313,0.03825778146042313
2023-07-26,10,pw_panama_canal_capacity_z,vix,0.14388466835541483,-0.14388466835541483
2023-07-26,10,pw_panama_canal_capacity_z,us2y,0.03270420981940146,0.017327143463460242
2023-07-26,10,pw_panama_canal_capacity_z,us10y,0.13311630345170344,0.07105330421029266
2023-07-26,10,pw_panama_canal_capacity_z,wti,0.0,0.0
2023-07-26,10,pw_panama_canal_capacity_z,brent,0.0026126300244440166,0.0019194804934589086
2023-07-26,10,pw_panama_canal_capacity_z,henry_hub,0.005808610757696778,-0.005808610757696778
2023-07-26,10,pw_panama_canal_n_total_z,audusd,0.0,0.0
2023-07-26,10,pw_panama_canal_n_total_z,brlusd,0.0866253392513593,0.07413838230981848
2023-07-26,10,pw_panama_canal_n_total_z,cnyusd,0.11306496884483519,0.11306496884483519
2023-07-26,10,pw_panama_canal_n_total_z,krwusd,0.03220758568763177,0.018525418495297003
2023-07-26,10,pw_panama_canal_n_total_z,eurusd,0.0,0.0
2023-07-26,10,pw_panama_canal_n_total_z,sp500,0.13756105295244472,0.0791645721327692
2023-07-26,10,pw_panama_canal_n_total_z,vix,0.0,0.0
2023-07-26,10,pw_panama_canal_n_total_z,us2y,0.0,0.0
2023-07-26,10,pw_panama_canal_n_total_z,us10y,0.14807868600395246,-0.14807868600395246
2023-07-26,10,pw_panama_canal_n_total_z,wti,0.0,0.0
2023-07-26,10,pw_panama_canal_n_total_z,brent,0.042890431321770985,0.042890431321770985
2023-07-26,10,pw_panama_canal_n_total_z,henry_hub,0.19348871471252188,0.09828787538500523
2023-07-26,10,pw_strait_of_hormuz_capacity_z,audusd,0.2290189218988057,0.14255572402492472
2023-07-26,10,pw_strait_of_hormuz_capacity_z,brlusd,0.0,0.0
2023-07-26,10,pw_strait_of_hormuz_capacity_z,cnyusd,0.02595935539816934,0.02595935539816934
2023-07-26,10,pw_strait_of_hormuz_capacity_z,krwusd,0.0,0.0
2023-07-26,10,pw_strait_of_hormuz_capacity_z,eurusd,0.0748609956295155,0.03366620695568351
2023-07-26,10,pw_strait_of_hormuz_capacity_z,sp500,0.09246513914722365,0.054443614295134946
2023-07-26,10,pw_strait_of_hormuz_capacity_z,vix,0.012177088413317846,-0.012177088413317846
2023-07-26,10,pw_strait_of_hormuz_capacity_z,us2y,0.0006508939272829267,0.0006508939272829267
2023-07-26,10,pw_strait_of_hormuz_capacity_z,us10y,0.03511134111070313,0.03511134111070313
2023-07-26,10,pw_strait_of_hormuz_capacity_z,wti,0.24290122065694886,0.193643479498379
2023-07-26,10,pw_strait_of_hormuz_capacity_z,brent,0.29656232022178586,0.22759172666572702
2023-07-26,10,pw_strait_of_hormuz_capacity_z,henry_hub,0.11298929728722813,0.07447647448859397
2023-07-26,10,pw_strait_of_hormuz_n_total_z,audusd,0.09930582466573117,0.03981198874707939
2023-07-26,10,pw_strait_of_hormuz_n_total_z,brlusd,0.1078840706157161,0.0611472016885483
2023-07-26,10,pw_strait_of_hormuz_n_total_z,cnyusd,0.0615881076625747,0.0615881076625747
2023-07-26,10,pw_strait_of_hormuz_n_total_z,krwusd,0.13458345119879916,0.08207285800421182
2023-07-26,10,pw_strait_of_hormuz_n_total_z,eurusd,0.044388128663194436,0.044388128663194436
2023-07-26,10,pw_strait_of_hormuz_n_total_z,sp500,0.024676318228360913,0.024676318228360913
2023-07-26,10,pw_strait_of_hormuz_n_total_z,vix,0.0,0.0
2023-07-26,10,pw_strait_of_hormuz_n_total_z,us2y,0.006950547584701155,0.006950547584701155
2023-07-26,10,pw_strait_of_hormuz_n_total_z,us10y,0.0638846079695111,0.0638846079695111
2023-07-26,10,pw_strait_of_hormuz_n_total_z,wti,0.0,0.0
2023-07-26,10,pw_strait_of_hormuz_n_total_z,brent,0.0,0.0
2023-07-26,10,pw_strait_of_hormuz_n_total_z,henry_hub,0.0,0.0
2023-07-26,10,pw_suez_canal_capacity_z,audusd,0.0068841162673495436,-0.0068841162673495436
2023-07-26,10,pw_suez_canal_capacity_z,brlusd,0.014427878528588303,0.014427878528588303
2023-07-26,10,pw_suez_canal_capacity_z,cnyusd,0.2108394199326893,-0.10280814345830472
2023-07-26,10,pw_suez_canal_capacity_z,krwusd,0.0,0.0
2023-07-26,10,pw_suez_canal_capacity_z,eurusd,0.07926107994724368,-0.06775143182898334
2023-07-26,10,pw_suez_canal_capacity_z,sp500,0.03946362866666509,-0.03769949498773329
2023-07-26,10,pw_suez_canal_capacity_z,vix,0.08787877573897648,0.05266670143628295
2023-07-26,10,pw_suez_canal_capacity_z,us2y,0.0,0.0
2023-07-26,10,pw_suez_canal_capacity_z,us10y,0.050878633317193736,0.050878633317193736
2023-07-26,10,pw_suez_canal_capacity_z,wti,0.02976810811477598,0.025884627837045572
2023-07-26,10,pw_suez_canal_capacity_z,brent,0.0,0.0
2023-07-26,10,pw_suez_canal_capacity_z,henry_hub,0.004982576955412145,-0.004982576955412145
2023-07-26,10,pw_suez_canal_n_total_z,audusd,0.12122575112307664,-0.08444615891883794
2023-07-26,10,pw_suez_canal_n_total_z,brlusd,0.0,0.0
2023-07-26,10,pw_suez_canal_n_total_z,cnyusd,0.043605563912622824,-0.043605563912622824
2023-07-26,10,pw_suez_canal_n_total_z,krwusd,0.04061085772444712,-0.034285711857137136
2023-07-26,10,pw_suez_canal_n_total_z,eurusd,0.14820628105479958,-0.10679512448576393
2023-07-26,10,pw_suez_canal_n_total_z,sp500,0.05157937329451142,-0.05157937329451142
2023-07-26,10,pw_suez_canal_n_total_z,vix,0.0,0.0
2023-07-26,10,pw_suez_canal_n_total_z,us2y,0.0,0.0
2023-07-26,10,pw_suez_canal_n_total_z,us10y,0.0,0.0
2023-07-26,10,pw_suez_canal_n_total_z,wti,0.024674920623579497,0.024674920623579497
2023-07-26,10,pw_suez_canal_n_total_z,brent,0.08549790643809177,0.04760188082788011
2023-07-26,10,pw_suez_canal_n_total_z,henry_hub,0.03816182666239586,0.018830152024028646
2023-08-23,10,audusd,brlusd,0.0,0.0
2023-08-23,10,audusd,cnyusd,0.0,0.0
2023-08-23,10,audusd,krwusd,0.03699509377024418,-0.025075527265849207
2023-08-23,10,audusd,eurusd,0.0,0.0
2023-08-23,10,audusd,sp500,0.009493074026657179,-0.009493074026657179
2023-08-23,10,audusd,vix,0.0,0.0
2023-08-23,10,audusd,us2y,0.02185324986330868,0.014200941913369368
2023-08-23,10,audusd,us10y,0.0,0.0
2023-08-23,10,audusd,wti,0.0007422707925209778,-0.0007422707925209778
2023-08-23,10,audusd,brent,0.0,0.0
2023-08-23,10,audusd,henry_hub,0.0,0.0
2023-08-23,10,brlusd,audusd,0.0,0.0
2023-08-23,10,brlusd,cnyusd,0.03416460363877897,0.01961742691042001
2023-08-23,10,brlusd,krwusd,0.007826743305850797,0.007826743305850797
2023-08-23,10,brlusd,eurusd,0.006146837168948414,0.006146837168948414
2023-08-23,10,brlusd,sp500,0.0,0.0
2023-08-23,10,brlusd,vix,0.07948624826513599,0.04038175114750801
2023-08-23,10,brlusd,us2y,0.025883411318080987,0.017725051642545335
2023-08-23,10,brlusd,us10y,0.02558646666161843,0.010174144860144887
2023-08-23,10,brlusd,wti,0.0,0.0
2023-08-23,10,brlusd,brent,0.026582092287056686,-0.013349676844436996
2023-08-23,10,brlusd,henry_hub,0.0,0.0
2023-08-23,10,cnyusd,audusd,0.0,0.0
2023-08-23,10,cnyusd,brlusd,0.06452411482254213,-0.02672471310500115
2023-08-23,10,cnyusd,krwusd,0.01908548023066261,-0.01908548023066261
2023-08-23,10,cnyusd,eurusd,0.06305449665637398,-0.03141814104399497
2023-08-23,10,cnyusd,sp500,0.0,0.0
2023-08-23,10,cnyusd,vix,0.0,0.0
2023-08-23,10,cnyusd,us2y,0.06375383367675819,-0.047039534974277014
2023-08-23,10,cnyusd,us10y,0.10233185217042343,0.0469287160312095
2023-08-23,10,cnyusd,wti,0.0,0.0
2023-08-23,10,cnyusd,brent,0.0,0.0
2023-08-23,10,cnyusd,henry_hub,0.008708019947693688,0.005627552000342478
2023-08-23,10,krwusd,audusd,0.003080877582596412,0.0027233666477388496
2023-08-23,10,krwusd,brlusd,0.0,0.0
2023-08-23,10,krwusd,cnyusd,0.041386379031072666,0.0159152551046734
2023-08-23,10,krwusd,eurusd,0.0,0.0
2023-08-23,10,krwusd,sp500,0.018234752803273326,0.010520105901562353
2023-08-23,10,krwusd,vix,0.0,0.0
2023-08-23,10,krwusd,us2y,0.0,0.0
2023-08-23,10,krwusd,us10y,0.03203241589511229,-0.014767570893816431
2023-08-23,10,krwusd,wti,0.0,0.0
2023-08-23,10,krwusd,brent,0.0,0.0
2023-08-23,10,krwusd,henry_hub,0.0,0.0
2023-08-23,10,eurusd,audusd,0.0,0.0
2023-08-23,10,eurusd,brlusd,0.0,0.0
2023-08-23,10,eurusd,cnyusd,0.03865270549871401,0.028312072872829476
2023-08-23,10,eurusd,krwusd,0.050016461373433505,0.050016461373433505
2023-08-23,10,eurusd,sp500,0.0,0.0
2023-08-23,10,eurusd,vix,0.02277333901214935,0.02277333901214935
2023-08-23,10,eurusd,us2y,0.0,0.0
2023-08-23,10,eurusd,us10y,0.02451903667306087,-0.02451903667306087
2023-08-23,10,eurusd,wti,0.0,0.0
2023-08-23,10,eurusd,brent,0.0,0.0
2023-08-23,10,eurusd,henry_hub,0.0,0.0
2023-08-23,10,sp500,audusd,0.042464105374662255,0.042464105374662255
2023-08-23,10,sp500,brlusd,0.06828494793375497,0.05133266538747911
2023-08-23,10,sp500,cnyusd,0.017822453023691526,0.017822453023691526
2023-08-23,10,sp500,krwusd,0.0,0.0
2023-08-23,10,sp500,eurusd,0.0,0.0
2023-08-23,10,sp500,vix,0.08833000383185352,0.0467495102392227
2023-08-23,10,sp500,us2y,0.14152902143905938,0.050180461875174644
2023-08-23,10,sp500,us10y,0.01842270842356295,0.01842270842356295
2023-08-23,10,sp500,wti,0.27103066449921226,-0.08382257038495267
2023-08-23,10,sp500,brent,0.12241611097338002,-0.04168940308835388
2023-08-23,10,sp500,henry_hub,0.0022211697323048056,-0.0022211697323048056
2023-08-23,10,vix,audusd,0.030965326205920587,-0.029618250956135034
2023-08-23,10,vix,brlusd,0.0,0.0
2023-08-23,10,vix,cnyusd,0.003976659359245514,-0.003976659359245514
2023-08-23,10,vix,krwusd,0.05543436008597274,-0.05543436008597274
2023-08-23,10,vix,eurusd,0.025602997103538156,-0.025602997103538156
2023-08-23,10,vix,sp500,0.0,0.0
2023-08-23,10,vix,us2y,0.0,0.0
2023-08-23,10,vix,us10y,0.010820791059851257,0.010820791059851257
2023-08-23,10,vix,wti,0.0,0.0
2023-08-23,10,vix,brent,0.0,0.0
2023-08-23,10,vix,henry_hub,0.045191316638117804,0.03717019326157292
2023-08-23,10,us2y,audusd,0.0,0.0
2023-08-23,10,us2y,brlusd,0.005647828840738794,-0.005647828840738794
2023-08-23,10,us2y,cnyusd,0.0029923552624183465,-0.0029923552624183465
2023-08-23,10,us2y,krwusd,0.0008737945818738796,-0.0008737945818738796
2023-08-23,10,us2y,eurusd,0.01111066747769075,-0.01111066747769075
2023-08-23,10,us2y,sp500,0.0,0.0
2023-08-23,10,us2y,vix,0.0,0.0
2023-08-23,10,us2y,us10y,0.011060300485834049,-0.01100418012426297
2023-08-23,10,us2y,wti,0.13536684767594312,-0.037759468957836106
2023-08-23,10,us2y,brent,0.02422763978250646,-0.012420855305211842
2023-08-23,10,us2y,henry_hub,0.0,0.0
2023-08-23,10,us10y,audusd,0.03564042909906189,-0.02921958614972792
2023-08-23,10,us10y,brlusd,0.03932431150898241,-0.02004796675682959
2023-08-23,10,us10y,cnyusd,0.0,0.0
2023-08-23,10,us10y,krwusd,0.028547714388968637,-0.017413132893430012
2023-08-23,10,us10y,eurusd,0.025877463651582847,-0.016085584808138778
2023-08-23,10,us10y,sp500,0.06593226826574443,-0.040345154809025806
2023-08-23,10,us10y,vix,0.07440468990277488,0.02728315323872211
2023-08-23,10,us10y,us2y,0.0,0.0
2023-08-23,10,us10y,wti,0.0,0.0
2023-08-23,10,us10y,brent,0.0,0.0
2023-08-23,10,us10y,henry_hub,0.0,0.0
2023-08-23,10,wti,audusd,0.0,0.0
2023-08-23,10,wti,brlusd,0.010171954792560778,-0.010171954792560778
2023-08-23,10,wti,cnyusd,0.0,0.0
2023-08-23,10,wti,krwusd,0.0,0.0
2023-08-23,10,wti,eurusd,0.005943922654020663,0.005943922654020663
2023-08-23,10,wti,sp500,0.0,0.0
2023-08-23,10,wti,vix,0.007923665334840206,0.007923665334840206
2023-08-23,10,wti,us2y,0.0,0.0
2023-08-23,10,wti,us10y,0.0,0.0
2023-08-23,10,wti,brent,0.17772989848597254,0.17437962665109233
2023-08-23,10,wti,henry_hub,0.0,0.0
2023-08-23,10,brent,audusd,0.001476577964292994,0.001476577964292994
2023-08-23,10,brent,brlusd,0.006451428027473847,0.006451428027473847
2023-08-23,10,brent,cnyusd,0.0,0.0
2023-08-23,10,brent,krwusd,0.004786551375765368,-0.004786551375765368
2023-08-23,10,brent,eurusd,0.0,0.0
2023-08-23,10,brent,sp500,0.008913351962476062,-0.008913351962476062
2023-08-23,10,brent,vix,0.0698452605818064,0.046159062869157066
2023-08-23,10,brent,us2y,0.0,0.0
2023-08-23,10,brent,us10y,0.0,0.0
2023-08-23,10,brent,wti,0.0,0.0
2023-08-23,10,brent,henry_hub,0.0,0.0
2023-08-23,10,henry_hub,audusd,0.06904782838188162,0.03383743349592272
2023-08-23,10,henry_hub,brlusd,0.019528319940048687,0.013079274857124188
2023-08-23,10,henry_hub,cnyusd,0.03231804853048124,0.017346126041070442
2023-08-23,10,henry_hub,krwusd,0.0,0.0
2023-08-23,10,henry_hub,eurusd,0.014666112368072992,0.011963538544941452
2023-08-23,10,henry_hub,sp500,0.009181491672742948,-0.009181491672742948
2023-08-23,10,henry_hub,vix,0.024784501787623977,0.014882306313726822
2023-08-23,10,henry_hub,us2y,0.0,0.0
2023-08-23,10,henry_hub,us10y,0.0,0.0
2023-08-23,10,henry_hub,wti,0.0,0.0
2023-08-23,10,henry_hub,brent,0.0,0.0
2023-08-23,10,pw_bab_el_mandeb_strait_capacity_z,audusd,0.05463665349937891,-0.047543136146776216
2023-08-23,10,pw_bab_el_mandeb_strait_capacity_z,brlusd,0.018735000962128885,-0.018735000962128885
2023-08-23,10,pw_bab_el_mandeb_strait_capacity_z,cnyusd,0.053807516042952905,-0.053807516042952905
2023-08-23,10,pw_bab_el_mandeb_strait_capacity_z,krwusd,0.010717520397350426,-0.010717520397350426
2023-08-23,10,pw_bab_el_mandeb_strait_capacity_z,eurusd,0.040916603893042636,-0.036328124321356944
2023-08-23,10,pw_bab_el_mandeb_strait_capacity_z,sp500,0.015296340170646112,-0.015296340170646112
2023-08-23,10,pw_bab_el_mandeb_strait_capacity_z,vix,0.05025666020170317,0.05025666020170317
2023-08-23,10,pw_bab_el_mandeb_strait_capacity_z,us2y,0.09282514151899907,0.04074684465110658
2023-08-23,10,pw_bab_el_mandeb_strait_capacity_z,us10y,0.026810655335097088,0.026810655335097088
2023-08-23,10,pw_bab_el_mandeb_strait_capacity_z,wti,0.025676149758087834,-0.025676149758087834
2023-08-23,10,pw_bab_el_mandeb_strait_capacity_z,brent,0.048460541473832504,-0.048460541473832504
2023-08-23,10,pw_bab_el_mandeb_strait_capacity_z,henry_hub,0.048936104168363755,-0.048936104168363755
2023-08-23,10,pw_bab_el_mandeb_strait_n_total_z,audusd,0.0036692904630478405,0.0036692904630478405
2023-08-23,10,pw_bab_el_mandeb_strait_n_total_z,brlusd,0.1398238724546599,-0.0785595361193284
2023-08-23,10,pw_bab_el_mandeb_strait_n_total_z,cnyusd,0.01715297537282394,-0.01715297537282394
2023-08-23,10,pw_bab_el_mandeb_strait_n_total_z,krwusd,0.007497276186459352,0.007497276186459352
2023-08-23,10,pw_bab_el_mandeb_strait_n_total_z,eurusd,0.01712617759936864,0.01712617759936864
2023-08-23,10,pw_bab_el_mandeb_strait_n_total_z,sp500,0.0,0.0
2023-08-23,10,pw_bab_el_mandeb_strait_n_total_z,vix,0.0,0.0
2023-08-23,10,pw_bab_el_mandeb_strait_n_total_z,us2y,0.0,0.0
2023-08-23,10,pw_bab_el_mandeb_strait_n_total_z,us10y,0.08633157110827129,-0.05994813460227662
2023-08-23,10,pw_bab_el_mandeb_strait_n_total_z,wti,0.02476211152727937,-0.009251772180123366
2023-08-23,10,pw_bab_el_mandeb_strait_n_total_z,brent,0.06889627219477759,-0.06889627219477759
2023-08-23,10,pw_bab_el_mandeb_strait_n_total_z,henry_hub,0.0,0.0
2023-08-23,10,pw_cape_of_good_hope_capacity_z,audusd,0.0,0.0
2023-08-23,10,pw_cape_of_good_hope_capacity_z,brlusd,0.11355268518391268,-0.05927706222292675
2023-08-23,10,pw_cape_of_good_hope_capacity_z,cnyusd,0.1049040821596684,-0.04731889824159654
2023-08-23,10,pw_cape_of_good_hope_capacity_z,krwusd,0.013534879761747623,0.013534879761747623
2023-08-23,10,pw_cape_of_good_hope_capacity_z,eurusd,0.01245854598569409,0.0075851461258205945
2023-08-23,10,pw_cape_of_good_hope_capacity_z,sp500,0.0022937125081102104,-0.0022937125081102104
2023-08-23,10,pw_cape_of_good_hope_capacity_z,vix,0.0,0.0
2023-08-23,10,pw_cape_of_good_hope_capacity_z,us2y,0.01272779818633241,0.01272779818633241
2023-08-23,10,pw_cape_of_good_hope_capacity_z,us10y,0.062324220484284654,0.02826086941790624
2023-08-23,10,pw_cape_of_good_hope_capacity_z,wti,0.0373391024162851,-0.019019279296635497
2023-08-23,10,pw_cape_of_good_hope_capacity_z,brent,0.09120462824150416,0.05114867197713827
2023-08-23,10,pw_cape_of_good_hope_capacity_z,henry_hub,0.23270465995851797,-0.09075402784191167
2023-08-23,10,pw_cape_of_good_hope_n_total_z,audusd,0.04076576731873726,0.0171253910047187
2023-08-23,10,pw_cape_of_good_hope_n_total_z,brlusd,0.08251184757850241,0.04662508167906658
2023-08-23,10,pw_cape_of_good_hope_n_total_z,cnyusd,0.0,0.0
2023-08-23,10,pw_cape_of_good_hope_n_total_z,krwusd,0.0,0.0
2023-08-23,10,pw_cape_of_good_hope_n_total_z,eurusd,0.1592581710417696,0.08184660080206371
2023-08-23,10,pw_cape_of_good_hope_n_total_z,sp500,0.11387547239746157,0.07416467645926053
2023-08-23,10,pw_cape_of_good_hope_n_total_z,vix,0.12427492785690973,-0.046163936201700895
2023-08-23,10,pw_cape_of_good_hope_n_total_z,us2y,0.03938181818264087,0.03648721287866623
2023-08-23,10,pw_cape_of_good_hope_n_total_z,us10y,0.005138331773778855,-0.005138331773778855
2023-08-23,10,pw_cape_of_good_hope_n_total_z,wti,0.04974288604713452,-0.04974288604713452
2023-08-23,10,pw_cape_of_good_hope_n_total_z,brent,0.0,0.0
2023-08-23,10,pw_cape_of_good_hope_n_total_z,henry_hub,0.3531935634009087,0.13838971660294677
2023-08-23,10,pw_malacca_strait_capacity_z,audusd,0.0,0.0
2023-08-23,10,pw_malacca_strait_capacity_z,brlusd,0.03597110449686394,-0.03597110449686394
2023-08-23,10,pw_malacca_strait_capacity_z,cnyusd,0.0,0.0
2023-08-23,10,pw_malacca_strait_capacity_z,krwusd,0.0,0.0
2023-08-23,10,pw_malacca_strait_capacity_z,eurusd,0.018500116397698666,-0.018500116397698666
2023-08-23,10,pw_malacca_strait_capacity_z,sp500,0.0,0.0
2023-08-23,10,pw_malacca_strait_capacity_z,vix,0.0,0.0
2023-08-23,10,pw_malacca_strait_capacity_z,us2y,0.13038998888465728,0.13038998888465728
2023-08-23,10,pw_malacca_strait_capacity_z,us10y,0.0,0.0
2023-08-23,10,pw_malacca_strait_capacity_z,wti,0.010776778923182573,-0.010776778923182573
2023-08-23,10,pw_malacca_strait_capacity_z,brent,0.07093121934215736,-0.05047729158564261
2023-08-23,10,pw_malacca_strait_capacity_z,henry_hub,0.0,0.0
2023-08-23,10,pw_malacca_strait_n_total_z,audusd,0.12950846996750176,-0.11365099210997084
2023-08-23,10,pw_malacca_strait_n_total_z,brlusd,0.0,0.0
2023-08-23,10,pw_malacca_strait_n_total_z,cnyusd,0.2293654866548269,-0.11586823527273564
2023-08-23,10,pw_malacca_strait_n_total_z,krwusd,0.09528334405571359,-0.09528334405571359
2023-08-23,10,pw_malacca_strait_n_total_z,eurusd,0.20311781230758977,-0.13174099537913142
2023-08-23,10,pw_malacca_strait_n_total_z,sp500,0.22158102069019336,-0.1162984561319827
2023-08-23,10,pw_malacca_strait_n_total_z,vix,0.010232793894327541,0.008362980279542263
2023-08-23,10,pw_malacca_strait_n_total_z,us2y,0.06965786588505424,0.042577569277573855
2023-08-23,10,pw_malacca_strait_n_total_z,us10y,0.08866723878736224,0.08866723878736224
2023-08-23,10,pw_malacca_strait_n_total_z,wti,0.0718485847133125,-0.0718485847133125
2023-08-23,10,pw_malacca_strait_n_total_z,brent,0.1237276330216763,-0.1237276330216763
2023-08-23,10,pw_malacca_strait_n_total_z,henry_hub,0.0,0.0
2023-08-23,10,pw_panama_canal_capacity_z,audusd,0.07947731422696934,-0.0699788760788284
2023-08-23,10,pw_panama_canal_capacity_z,brlusd,0.017074558688299848,-0.017074558688299848
2023-08-23,10,pw_panama_canal_capacity_z,cnyusd,0.09427620926965637,-0.09427620926965637
2023-08-23,10,pw_panama_canal_capacity_z,krwusd,0.1707233205081661,-0.14702995545591235
2023-08-23,10,pw_panama_canal_capacity_z,eurusd,0.0024500703741064975,-0.0024500703741064975
2023-08-23,10,pw_panama_canal_capacity_z,sp500,0.04880795891393424,0.04880795891393424
2023-08-23,10,pw_panama_canal_capacity_z,vix,0.1365101617983576,-0.1365101617983576
2023-08-23,10,pw_panama_canal_capacity_z,us2y,0.03176025450499129,0.017503327645814092
2023-08-23,10,pw_panama_canal_capacity_z,us10y,0.1255216366646626,0.07657950419037422
2023-08-23,10,pw_panama_canal_capacity_z,wti,0.0,0.0
2023-08-23,10,pw_panama_canal_capacity_z,brent,0.011114035465913085,0.011114035465913085
2023-08-23,10,pw_panama_canal_capacity_z,henry_hub,0.006613243404018737,-0.006613243404018737
2023-08-23,10,pw_panama_canal_n_total_z,audusd,0.020622219188707578,-0.020622219188707578
2023-08-23,10,pw_panama_canal_n_total_z,brlusd,0.05595825930668589,0.05595825930668589
2023-08-23,10,pw_panama_canal_n_total_z,cnyusd,0.08922234793697784,0.08922234793697784
2023-08-23,10,pw_panama_canal_n_total_z,krwusd,0.0,0.0
2023-08-23,10,pw_panama_canal_n_total_z,eurusd,0.036911595515783116,-0.02247832515899793
2023-08-23,10,pw_panama_canal_n_total_z,sp500,0.10547282341113234,0.07266872243240037
2023-08-23,10,pw_panama_canal_n_total_z,vix,0.0,0.0
2023-08-23,10,pw_panama_canal_n_total_z,us2y,0.0,0.0
2023-08-23,10,pw_panama_canal_n_total_z,us10y,0.11551872421360941,-0.11551872421360941
2023-08-23,10,pw_panama_canal_n_total_z,wti,0.0,0.0
2023-08-23,10,pw_panama_canal_n_total_z,brent,0.038775198179955624,0.038775198179955624
2023-08-23,10,pw_panama_canal_n_total_z,henry_hub,0.19616297570499996,0.10301263968686922
2023-08-23,10,pw_strait_of_hormuz_capacity_z,audusd,0.17932075811391673,0.12560547717124979
2023-08-23,10,pw_strait_of_hormuz_capacity_z,brlusd,0.0,0.0
2023-08-23,10,pw_strait_of_hormuz_capacity_z,cnyusd,0.013080343666217846,0.013080343666217846
2023-08-23,10,pw_strait_of_hormuz_capacity_z,krwusd,0.0,0.0
2023-08-23,10,pw_strait_of_hormuz_capacity_z,eurusd,0.03899862390042584,0.022659084502341893
2023-08-23,10,pw_strait_of_hormuz_capacity_z,sp500,0.06836326608214979,0.031122673226809734
2023-08-23,10,pw_strait_of_hormuz_capacity_z,vix,0.0032593524923279727,-0.0032593524923279727
2023-08-23,10,pw_strait_of_hormuz_capacity_z,us2y,0.000337924783865123,0.000337924783865123
2023-08-23,10,pw_strait_of_hormuz_capacity_z,us10y,0.04576361880783765,0.03620892507582201
2023-08-23,10,pw_strait_of_hormuz_capacity_z,wti,0.24263416394373666,0.1926280078045088
2023-08-23,10,pw_strait_of_hormuz_capacity_z,brent,0.29355761526710145,0.2267839418729089
2023-08-23,10,pw_strait_of_hormuz_capacity_z,henry_hub,0.11113266670523718,0.07219381973923804
2023-08-23,10,pw_strait_of_hormuz_n_total_z,audusd,0.11947387975892805,0.04593592214849619
2023-08-23,10,pw_strait_of_hormuz_n_total_z,brlusd,0.09811260445638903,0.06311544515473269
2023-08-23,10,pw_strait_of_hormuz_n_total_z,cnyusd,0.05566312090358469,0.05566312090358469
2023-08-23,10,pw_strait_of_hormuz_n_total_z,krwusd,0.11230320040542599,0.0688045033537907
2023-08-23,10,pw_strait_of_hormuz_n_total_z,eurusd,0.0553829398385032,0.0553829398385032
2023-08-23,10,pw_strait_of_hormuz_n_total_z,sp500,0.029095367798052343,0.014660849821387075
2023-08-23,10,pw_strait_of_hormuz_n_total_z,vix,0.0,0.0
2023-08-23,10,pw_strait_of_hormuz_n_total_z,us2y,0.009398555052195542,0.009398555052195542
2023-08-23,10,pw_strait_of_hormuz_n_total_z,us10y,0.06463794989288568,0.06463794989288568
2023-08-23,10,pw_strait_of_hormuz_n_total_z,wti,0.0,0.0
2023-08-23,10,pw_strait_of_hormuz_n_total_z,brent,0.0,0.0
2023-08-23,10,pw_strait_of_hormuz_n_total_z,henry_hub,0.0,0.0
2023-08-23,10,pw_suez_canal_capacity_z,audusd,0.04408703578217494,-0.03157141207173471
2023-08-23,10,pw_suez_canal_capacity_z,brlusd,0.03206220214812499,0.03206220214812499
2023-08-23,10,pw_suez_canal_capacity_z,cnyusd,0.22672359557006194,-0.12063451579030163
2023-08-23,10,pw_suez_canal_capacity_z,krwusd,0.01528844197437788,-0.007800614680520384
2023-08-23,10,pw_suez_canal_capacity_z,eurusd,0.12326049957770455,-0.07749837079896138
2023-08-23,10,pw_suez_canal_capacity_z,sp500,0.042841610512068716,-0.042841610512068716
2023-08-23,10,pw_suez_canal_capacity_z,vix,0.07172826213602745,0.057794136399680056
2023-08-23,10,pw_suez_canal_capacity_z,us2y,0.0,0.0
2023-08-23,10,pw_suez_canal_capacity_z,us10y,0.03482195138672436,0.03482195138672436
2023-08-23,10,pw_suez_canal_capacity_z,wti,0.05255032772639169,0.029977103840078595
2023-08-23,10,pw_suez_canal_capacity_z,brent,0.0,0.0
2023-08-23,10,pw_suez_canal_capacity_z,henry_hub,0.0,0.0
2023-08-23,10,pw_suez_canal_n_total_z,audusd,0.03192093771985732,-0.03192093771985732
2023-08-23,10,pw_suez_canal_n_total_z,brlusd,0.0,0.0
2023-08-23,10,pw_suez_canal_n_total_z,cnyusd,0.0,0.0
2023-08-23,10,pw_suez_canal_n_total_z,krwusd,0.0,0.0
2023-08-23,10,pw_suez_canal_n_total_z,eurusd,0.05338739200866506,-0.05338739200866506
2023-08-23,10,pw_suez_canal_n_total_z,sp500,0.010932010877369912,-0.010932010877369912
2023-08-23,10,pw_suez_canal_n_total_z,vix,0.0,0.0
2023-08-23,10,pw_suez_canal_n_total_z,us2y,0.0,0.0
2023-08-23,10,pw_suez_canal_n_total_z,us10y,0.0,0.0
2023-08-23,10,pw_suez_canal_n_total_z,wti,0.0,0.0
2023-08-23,10,pw_suez_canal_n_total_z,brent,0.07157682634255039,0.04143534011202974
2023-08-23,10,pw_suez_canal_n_total_z,henry_hub,0.03803870783252861,0.01952626278454215
2023-09-26,10,audusd,brlusd,0.0,0.0
2023-09-26,10,audusd,cnyusd,0.0030938901887481354,0.0030938901887481354
2023-09-26,10,audusd,krwusd,0.03689358881532674,-0.024811710843969444
2023-09-26,10,audusd,eurusd,0.0,0.0
2023-09-26,10,audusd,sp500,0.007269932494149587,-0.007269932494149587
2023-09-26,10,audusd,vix,0.003242087283781968,0.003242087283781968
2023-09-26,10,audusd,us2y,0.013407257549626402,0.0077782693707902925
2023-09-26,10,audusd,us10y,0.0,0.0
2023-09-26,10,audusd,wti,0.004074493737141163,-0.004074493737141163
2023-09-26,10,audusd,brent,0.001112194951197337,-0.001112194951197337
2023-09-26,10,audusd,henry_hub,0.0,0.0
2023-09-26,10,brlusd,audusd,0.0,0.0
2023-09-26,10,brlusd,cnyusd,0.030062821150175112,0.01897205172579479
2023-09-26,10,brlusd,krwusd,0.0076813031538960925,0.0076813031538960925
2023-09-26,10,brlusd,eurusd,0.004375106436333578,0.004375106436333578
2023-09-26,10,brlusd,sp500,0.0,0.0
2023-09-26,10,brlusd,vix,0.07227055431918414,0.03719190768146091
2023-09-26,10,brlusd,us2y,0.02109476932324968,0.017787772863369477
2023-09-26,10,brlusd,us10y,0.020182374326160702,0.009967375021723476
2023-09-26,10,brlusd,wti,0.0,0.0
2023-09-26,10,brlusd,brent,0.02360625123815123,-0.012193802868838312
2023-09-26,10,brlusd,henry_hub,0.0,0.0
2023-09-26,10,cnyusd,audusd,0.0,0.0
2023-09-26,10,cnyusd,brlusd,0.050099685160209496,-0.02123766344113555
2023-09-26,10,cnyusd,krwusd,0.022879218571215578,-0.022879218571215578
2023-09-26,10,cnyusd,eurusd,0.018927170952441723,-0.011850658071356646
2023-09-26,10,cnyusd,sp500,0.0,0.0
2023-09-26,10,cnyusd,vix,0.0,0.0
2023-09-26,10,cnyusd,us2y,0.056211647832269465,-0.04703939458460423
2023-09-26,10,cnyusd,us10y,0.09394015641585703,0.04676164048014151
2023-09-26,10,cnyusd,wti,0.0,0.0
2023-09-26,10,cnyusd,brent,0.0,0.0
2023-09-26,10,cnyusd,henry_hub,0.012800752798878916,0.007004033270471406
2023-09-26,10,krwusd,audusd,0.012420626653106833,0.007860298482969543
2023-09-26,10,krwusd,brlusd,0.0,0.0
2023-09-26,10,krwusd,cnyusd,0.060747743365395276,0.023122873353368992
2023-09-26,10,krwusd,eurusd,0.0,0.0
2023-09-26,10,krwusd,sp500,0.020148376677828414,0.012091565724461517
2023-09-26,10,krwusd,vix,0.0,0.0
2023-09-26,10,krwusd,us2y,0.0,0.0
2023-09-26,10,krwusd,us10y,0.03208149389863972,-0.0131564975599387
2023-09-26,10,krwusd,wti,0.0,0.0
2023-09-26,10,krwusd,brent,0.0,0.0
2023-09-26,10,krwusd,henry_hub,0.0,0.0
2023-09-26,10,eurusd,audusd,0.0,0.0
2023-09-26,10,eurusd,brlusd,0.0,0.0
2023-09-26,10,eurusd,cnyusd,0.034039849943282255,0.026058303602884914
2023-09-26,10,eurusd,krwusd,0.04686186189641864,0.04686186189641864
2023-09-26,10,eurusd,sp500,0.0,0.0
2023-09-26,10,eurusd,vix,0.01825148968286117,0.01825148968286117
2023-09-26,10,eurusd,us2y,0.0,0.0
2023-09-26,10,eurusd,us10y,0.02480735388935121,-0.02480735388935121
2023-09-26,10,eurusd,wti,0.0,0.0
2023-09-26,10,eurusd,brent,0.0,0.0
2023-09-26,10,eurusd,henry_hub,0.0,0.0
2023-09-26,10,sp500,audusd,0.043647467970818865,0.043647467970818865
2023-09-26,10,sp500,brlusd,0.06787939828757261,0.050475943955369924
2023-09-26,10,sp500,cnyusd,0.02043973210494882,0.02043973210494882
2023-09-26,10,sp500,krwusd,0.0,0.0
2023-09-26,10,sp500,eurusd,0.0,0.0
2023-09-26,10,sp500,vix,0.07883475632760133,0.0416200095564663
2023-09-26,10,sp500,us2y,0.13637980883949521,0.04659279035794464
2023-09-26,10,sp500,us10y,0.01710214052911677,0.01710214052911677
2023-09-26,10,sp500,wti,0.26514151187833224,-0.08235511300347921
2023-09-26,10,sp500,brent,0.11955825929211306,-0.04087106923589729
2023-09-26,10,sp500,henry_hub,0.0014604174308085899,-0.0014604174308085899
2023-09-26,10,vix,audusd,0.030162525841766326,-0.02800456146866396
2023-09-26,10,vix,brlusd,0.0,0.0
2023-09-26,10,vix,cnyusd,0.0010124500151101475,-0.0010124500151101475
2023-09-26,10,vix,krwusd,0.05554416724772054,-0.05554416724772054
2023-09-26,10,vix,eurusd,0.022444765529380368,-0.022444765529380368
2023-09-26,10,vix,sp500,0.0,0.0
2023-09-26,10,vix,us2y,0.0,0.0
2023-09-26,10,vix,us10y,0.009336486853180824,0.009336486853180824
2023-09-26,10,vix,wti,0.0,0.0
2023-09-26,10,vix,brent,0.0,0.0
2023-09-26,10,vix,henry_hub,0.042293303388281966,0.03509729081807308
2023-09-26,10,us2y,audusd,0.0,0.0
2023-09-26,10,us2y,brlusd,0.0030298623705057714,-0.0030298623705057714
2023-09-26,10,us2y,cnyusd,0.0,0.0
2023-09-26,10,us2y,krwusd,5.8728636533953e-05,-5.8728636533953e-05
2023-09-26,10,us2y,eurusd,0.0028580825511972207,-0.0028580825511972207
2023-09-26,10,us2y,sp500,0.0,0.0
2023-09-26,10,us2y,vix,0.0,0.0
2023-09-26,10,us2y,us10y,0.010750084799844515,-0.010750084799844515
2023-09-26,10,us2y,wti,0.12327435436761694,-0.03350425943897596
2023-09-26,10,us2y,brent,0.01942218731447482,-0.011434436465568003
2023-09-26,10,us2y,henry_hub,0.0,0.0
2023-09-26,10,us10y,audusd,0.03725394686316611,-0.026517473412642812
2023-09-26,10,us10y,brlusd,0.03568659062385124,-0.019691813407425054
2023-09-26,10,us10y,cnyusd,0.0,0.0
2023-09-26,10,us10y,krwusd,0.0220499088460889,-0.011033770595919791
2023-09-26,10,us10y,eurusd,0.03638103600175516,-0.021933514422748625
2023-09-26,10,us10y,sp500,0.07394843397168327,-0.04448386554489175
2023-09-26,10,us10y,vix,0.06854413617023333,0.026714258528128115
2023-09-26,10,us10y,us2y,0.0,0.0
2023-09-26,10,us10y,wti,0.0,0.0
2023-09-26,10,us10y,brent,0.003013864784250988,-0.003013864784250988
2023-09-26,10,us10y,henry_hub,0.0,0.0
2023-09-26,10,wti,audusd,0.0,0.0
2023-09-26,10,wti,brlusd,0.0077659634483613574,-0.0077659634483613574
2023-09-26,10,wti,cnyusd,0.0,0.0
2023-09-26,10,wti,krwusd,0.0,0.0
2023-09-26,10,wti,eurusd,0.00691360004166668,0.00691360004166668
2023-09-26,10,wti,sp500,0.0006651135759907066,-0.0006651135759907066
2023-09-26,10,wti,vix,0.011288189142074297,0.010157428906189425
2023-09-26,10,wti,us2y,0.0,0.0
2023-09-26,10,wti,us10y,0.0,0.0
2023-09-26,10,wti,brent,0.17648739132365013,0.1740143119586495
2023-09-26,10,wti,henry_hub,0.0,0.0
2023-09-26,10,brent,audusd,0.005074097941845906,0.005074097941845906
2023-09-26,10,brent,brlusd,0.007331987397097941,0.007331987397097941
2023-09-26,10,brent,cnyusd,0.0,0.0
2023-09-26,10,brent,krwusd,0.006716179447804624,-0.006716179447804624
2023-09-26,10,brent,eurusd,0.0,0.0
2023-09-26,10,brent,sp500,0.008266521315108027,-0.008266521315108027
2023-09-26,10,brent,vix,0.06985876752068271,0.046204009421460045
2023-09-26,10,brent,us2y,0.0,0.0
2023-09-26,10,brent,us10y,0.0,0.0
2023-09-26,10,brent,wti,0.0,0.0
2023-09-26,10,brent,henry_hub,0.0,0.0
2023-09-26,10,henry_hub,audusd,0.06103646204141323,0.0299237289936259
2023-09-26,10,henry_hub,brlusd,0.018003441466348347,0.012601372646386087
2023-09-26,10,henry_hub,cnyusd,0.02795546380340841,0.014770657657140866
2023-09-26,10,henry_hub,krwusd,0.0,0.0
2023-09-26,10,henry_hub,eurusd,0.010129121330532963,0.00953343227861806
2023-09-26,10,henry_hub,sp500,0.013126106042653778,-0.013126106042653778
2023-09-26,10,henry_hub,vix,0.02896301798816631,0.016837110870817722
2023-09-26,10,henry_hub,us2y,0.0,0.0
2023-09-26,10,henry_hub,us10y,0.0,0.0
2023-09-26,10,henry_hub,wti,0.0,0.0
2023-09-26,10,henry_hub,brent,0.0,0.0
2023-09-26,10,pw_bab_el_mandeb_strait_capacity_z,audusd,0.0430079282322,-0.03625035891356136
2023-09-26,10,pw_bab_el_mandeb_strait_capacity_z,brlusd,0.014568561697555486,-0.014568561697555486
2023-09-26,10,pw_bab_el_mandeb_strait_capacity_z,cnyusd,0.044536652101396984,-0.044536652101396984
2023-09-26,10,pw_bab_el_mandeb_strait_capacity_z,krwusd,0.01950450902715621,-0.01950450902715621
2023-09-26,10,pw_bab_el_mandeb_strait_capacity_z,eurusd,0.01578055607661774,-0.01578055607661774
2023-09-26,10,pw_bab_el_mandeb_strait_capacity_z,sp500,0.0,0.0
2023-09-26,10,pw_bab_el_mandeb_strait_capacity_z,vix,0.047268251370578364,0.047268251370578364
2023-09-26,10,pw_bab_el_mandeb_strait_capacity_z,us2y,0.0776211207568894,0.03998989979703716
2023-09-26,10,pw_bab_el_mandeb_strait_capacity_z,us10y,0.025259389657958743,0.025259389657958743
2023-09-26,10,pw_bab_el_mandeb_strait_capacity_z,wti,0.048591145109772194,-0.048591145109772194
2023-09-26,10,pw_bab_el_mandeb_strait_capacity_z,brent,0.04756137437438946,-0.04756137437438946
2023-09-26,10,pw_bab_el_mandeb_strait_capacity_z,henry_hub,0.04543721809397141,-0.04543721809397141
2023-09-26,10,pw_bab_el_mandeb_strait_n_total_z,audusd,0.0010015793245726928,0.0010015793245726928
2023-09-26,10,pw_bab_el_mandeb_strait_n_total_z,brlusd,0.13293968588492433,-0.07893725928074154
2023-09-26,10,pw_bab_el_mandeb_strait_n_total_z,cnyusd,0.010491133433145935,-0.010491133433145935
2023-09-26,10,pw_bab_el_mandeb_strait_n_total_z,krwusd,0.008260505782628939,0.008260505782628939
2023-09-26,10,pw_bab_el_mandeb_strait_n_total_z,eurusd,0.03715207334488065,0.03715207334488065
2023-09-26,10,pw_bab_el_mandeb_strait_n_total_z,sp500,0.0,0.0
2023-09-26,10,pw_bab_el_mandeb_strait_n_total_z,vix,0.0,0.0
2023-09-26,10,pw_bab_el_mandeb_strait_n_total_z,us2y,0.014224667802218025,-0.014224667802218025
2023-09-26,10,pw_bab_el_mandeb_strait_n_total_z,us10y,0.10953189090316048,-0.07312936829506586
2023-09-26,10,pw_bab_el_mandeb_strait_n_total_z,wti,0.025951227200578266,-0.01615978274565578
2023-09-26,10,pw_bab_el_mandeb_strait_n_total_z,brent,0.060930415665618014,-0.060930415665618014
2023-09-26,10,pw_bab_el_mandeb_strait_n_total_z,henry_hub,0.0,0.0
2023-09-26,10,pw_cape_of_good_hope_capacity_z,audusd,0.0,0.0
2023-09-26,10,pw_cape_of_good_hope_capacity_z,brlusd,0.10423386801104911,-0.05463661899609275
2023-09-26,10,pw_cape_of_good_hope_capacity_z,cnyusd,0.10189764719028187,-0.05755510082151763
2023-09-26,10,pw_cape_of_good_hope_capacity_z,krwusd,0.0030082409849856917,0.0030082409849856917
2023-09-26,10,pw_cape_of_good_hope_capacity_z,eurusd,0.0646940923672201,0.030488380381377446
2023-09-26,10,pw_cape_of_good_hope_capacity_z,sp500,0.0,0.0
2023-09-26,10,pw_cape_of_good_hope_capacity_z,vix,0.0,0.0
2023-09-26,10,pw_cape_of_good_hope_capacity_z,us2y,0.0050659899059884925,0.0050659899059884925
2023-09-26,10,pw_cape_of_good_hope_capacity_z,us10y,0.058653268513027046,0.031246704168387058
2023-09-26,10,pw_cape_of_good_hope_capacity_z,wti,0.051763345286259324,-0.02941338519752495
2023-09-26,10,pw_cape_of_good_hope_capacity_z,brent,0.0873732199857809,0.05069705356548128
2023-09-26,10,pw_cape_of_good_hope_capacity_z,henry_hub,0.2353351818041316,-0.08480125910805322
2023-09-26,10,pw_cape_of_good_hope_n_total_z,audusd,0.024771597287964176,0.014248424142841174
2023-09-26,10,pw_cape_of_good_hope_n_total_z,brlusd,0.06821715273059922,0.03664377336564268
2023-09-26,10,pw_cape_of_good_hope_n_total_z,cnyusd,0.0,0.0
2023-09-26,10,pw_cape_of_good_hope_n_total_z,krwusd,0.0,0.0
2023-09-26,10,pw_cape_of_good_hope_n_total_z,eurusd,0.084323648827466,0.03903457748944478
2023-09-26,10,pw_cape_of_good_hope_n_total_z,sp500,0.09019892322228758,0.0416268752131015
2023-09-26,10,pw_cape_of_good_hope_n_total_z,vix,0.11856305259183893,-0.03326775909388792
2023-09-26,10,pw_cape_of_good_hope_n_total_z,us2y,0.05580683538866584,0.05185139102463673
2023-09-26,10,pw_cape_of_good_hope_n_total_z,us10y,0.0,0.0
2023-09-26,10,pw_cape_of_good_hope_n_total_z,wti,0.03236773799328015,-0.03236773799328015
2023-09-26,10,pw_cape_of_good_hope_n_total_z,brent,0.0,0.0
2023-09-26,10,pw_cape_of_good_hope_n_total_z,henry_hub,0.36101952231599277,0.1343717116925604
2023-09-26,10,pw_malacca_strait_capacity_z,audusd,0.0,0.0
2023-09-26,10,pw_malacca_strait_capacity_z,brlusd,0.02749200502126058,-0.02749200502126058
2023-09-26,10,pw_malacca_strait_capacity_z,cnyusd,0.0,0.0
2023-09-26,10,pw_malacca_strait_capacity_z,krwusd,0.0,0.0
2023-09-26,10,pw_malacca_strait_capacity_z,eurusd,0.0,0.0
2023-09-26,10,pw_malacca_strait_capacity_z,sp500,0.0,0.0
2023-09-26,10,pw_malacca_strait_capacity_z,vix,0.0,0.0
2023-09-26,10,pw_malacca_strait_capacity_z,us2y,0.11900164589999941,0.11900164589999941
2023-09-26,10,pw_malacca_strait_capacity_z,us10y,0.0,0.0
2023-09-26,10,pw_malacca_strait_capacity_z,wti,0.007210569251677516,-0.007210569251677516
2023-09-26,10,pw_malacca_strait_capacity_z,brent,0.0682328199197832,-0.04802398513965504
2023-09-26,10,pw_malacca_strait_capacity_z,henry_hub,0.0,0.0
2023-09-26,10,pw_malacca_strait_n_total_z,audusd,0.12394299103325583,-0.11024947200835908
2023-09-26,10,pw_malacca_strait_n_total_z,brlusd,0.0,0.0
2023-09-26,10,pw_malacca_strait_n_total_z,cnyusd,0.21938185314547026,-0.11232677765484081
2023-09-26,10,pw_malacca_strait_n_total_z,krwusd,0.09850305255022233,-0.09850305255022233
2023-09-26,10,pw_malacca_strait_n_total_z,eurusd,0.18827390973571756,-0.12344693280967034
2023-09-26,10,pw_malacca_strait_n_total_z,sp500,0.21141188332852556,-0.09446996391392533
2023-09-26,10,pw_malacca_strait_n_total_z,vix,0.008844411523846797,0.008844411523846797
2023-09-26,10,pw_malacca_strait_n_total_z,us2y,0.06768153383737774,0.03884207074368018
2023-09-26,10,pw_malacca_strait_n_total_z,us10y,0.082702964548735,0.082702964548735
2023-09-26,10,pw_malacca_strait_n_total_z,wti,0.08266294572990669,-0.08266294572990669
2023-09-26,10,pw_malacca_strait_n_total_z,brent,0.12206553806016142,-0.12206553806016142
2023-09-26,10,pw_malacca_strait_n_total_z,henry_hub,0.0,0.0
2023-09-26,10,pw_panama_canal_capacity_z,audusd,0.07338821689011214,-0.07338821689011214
2023-09-26,10,pw_panama_canal_capacity_z,brlusd,0.014188197196917392,-0.014188197196917392
2023-09-26,10,pw_panama_canal_capacity_z,cnyusd,0.08325938711986815,-0.08325938711986815
2023-09-26,10,pw_panama_canal_capacity_z,krwusd,0.17593906896801378,-0.1444273432911466
2023-09-26,10,pw_panama_canal_capacity_z,eurusd,0.0,0.0
2023-09-26,10,pw_panama_canal_capacity_z,sp500,0.05953976762898006,0.05953976762898006
2023-09-26,10,pw_panama_canal_capacity_z,vix,0.1385996135700736,-0.1385996135700736
2023-09-26,10,pw_panama_canal_capacity_z,us2y,0.023455048432041624,0.023455048432041624
2023-09-26,10,pw_panama_canal_capacity_z,us10y,0.11635458383994657,0.0817983733269433
2023-09-26,10,pw_panama_canal_capacity_z,wti,0.0,0.0
2023-09-26,10,pw_panama_canal_capacity_z,brent,0.01487684627749096,0.01480299697971463
2023-09-26,10,pw_panama_canal_capacity_z,henry_hub,0.0010319854781851337,-0.0010319854781851337
2023-09-26,10,pw_panama_canal_n_total_z,audusd,0.024713587506431215,-0.024713587506431215
2023-09-26,10,pw_panama_canal_n_total_z,brlusd,0.05656432116825129,0.054784779356855454
2023-09-26,10,pw_panama_canal_n_total_z,cnyusd,0.0844996324236889,0.0844996324236889
2023-09-26,10,pw_panama_canal_n_total_z,krwusd,0.0,0.0
2023-09-26,10,pw_panama_canal_n_total_z,eurusd,0.017534008856959365,-0.015271362906338085
2023-09-26,10,pw_panama_canal_n_total_z,sp500,0.10312957189044399,0.052900773868499784
2023-09-26,10,pw_panama_canal_n_total_z,vix,0.0,0.0
2023-09-26,10,pw_panama_canal_n_total_z,us2y,0.0,0.0
2023-09-26,10,pw_panama_canal_n_total_z,us10y,0.10813985131435402,-0.10813985131435402
2023-09-26,10,pw_panama_canal_n_total_z,wti,0.0,0.0
2023-09-26,10,pw_panama_canal_n_total_z,brent,0.029461459503266348,0.029461459503266348
2023-09-26,10,pw_panama_canal_n_total_z,henry_hub,0.18671659151345132,0.09746263558880457
2023-09-26,10,pw_strait_of_hormuz_capacity_z,audusd,0.16222880385380406,0.11765292203766976
2023-09-26,10,pw_strait_of_hormuz_capacity_z,brlusd,0.0,0.0
2023-09-26,10,pw_strait_of_hormuz_capacity_z,cnyusd,0.013106464734386649,0.013106464734386649
2023-09-26,10,pw_strait_of_hormuz_capacity_z,krwusd,0.0,0.0
2023-09-26,10,pw_strait_of_hormuz_capacity_z,eurusd,0.01582151468270717,0.01582151468270717
2023-09-26,10,pw_strait_of_hormuz_capacity_z,sp500,0.057162946052341485,0.03396956427768385
2023-09-26,10,pw_strait_of_hormuz_capacity_z,vix,0.006144531534095713,-0.006144531534095713
2023-09-26,10,pw_strait_of_hormuz_capacity_z,us2y,0.003963568552368278,0.003963568552368278
2023-09-26,10,pw_strait_of_hormuz_capacity_z,us10y,0.04657640109807659,0.04294823269127576
2023-09-26,10,pw_strait_of_hormuz_capacity_z,wti,0.2453314111417784,0.19159606790049769
2023-09-26,10,pw_strait_of_hormuz_capacity_z,brent,0.29213538057686195,0.2242926778971902
2023-09-26,10,pw_strait_of_hormuz_capacity_z,henry_hub,0.10971750403864425,0.06640068926688238
2023-09-26,10,pw_strait_of_hormuz_n_total_z,audusd,0.1341549206383036,0.04941694009692526
2023-09-26,10,pw_strait_of_hormuz_n_total_z,brlusd,0.09365873811165218,0.05742678396960841
2023-09-26,10,pw_strait_of_hormuz_n_total_z,cnyusd,0.05457615669682179,0.05457615669682179
2023-09-26,10,pw_strait_of_hormuz_n_total_z,krwusd,0.11233931533432819,0.07068058577591124
2023-09-26,10,pw_strait_of_hormuz_n_total_z,eurusd,0.06250482710202626,0.06250482710202626
2023-09-26,10,pw_strait_of_hormuz_n_total_z,sp500,0.03959325138094577,0.028492139093394875
2023-09-26,10,pw_strait_of_hormuz_n_total_z,vix,0.0,0.0
2023-09-26,10,pw_strait_of_hormuz_n_total_z,us2y,0.010576839925626504,0.010576839925626504
2023-09-26,10,pw_strait_of_hormuz_n_total_z,us10y,0.06142395042169806,0.06142395042169806
2023-09-26,10,pw_strait_of_hormuz_n_total_z,wti,0.0,0.0
2023-09-26,10,pw_strait_of_hormuz_n_total_z,brent,0.0,0.0
2023-09-26,10,pw_strait_of_hormuz_n_total_z,henry_hub,0.0,0.0
2023-09-26,10,pw_suez_canal_capacity_z,audusd,0.0439985072810027,-0.027467336088372256
2023-09-26,10,pw_suez_canal_capacity_z,brlusd,0.03561711204291936,0.03561711204291936
2023-09-26,10,pw_suez_canal_capacity_z,cnyusd,0.21548582910209826,-0.12097295679963818
2023-09-26,10,pw_suez_canal_capacity_z,krwusd,0.015261130756139347,-0.008134262946886753
2023-09-26,10,pw_suez_canal_capacity_z,eurusd,0.11579616941371976,-0.07052669212719533
2023-09-26,10,pw_suez_canal_capacity_z,sp500,0.0339988680380941,-0.0339988680380941
2023-09-26,10,pw_suez_canal_capacity_z,vix,0.06935201602297747,0.06419995781344963
2023-09-26,10,pw_suez_canal_capacity_z,us2y,0.0,0.0
2023-09-26,10,pw_suez_canal_capacity_z,us10y,0.028913882871181237,0.028913882871181237
2023-09-26,10,pw_suez_canal_capacity_z,wti,0.04946470659258956,0.031050064912096182
2023-09-26,10,pw_suez_canal_capacity_z,brent,0.0,0.0
2023-09-26,10,pw_suez_canal_capacity_z,henry_hub,0.019102815012244236,-0.019102815012244236
2023-09-26,10,pw_suez_canal_n_total_z,audusd,0.005623397486627703,-0.005623397486627703
2023-09-26,10,pw_suez_canal_n_total_z,brlusd,0.0,0.0
2023-09-26,10,pw_suez_canal_n_total_z,cnyusd,0.0,0.0
2023-09-26,10,pw_suez_canal_n_total_z,krwusd,0.0,0.0
2023-09-26,10,pw_suez_canal_n_total_z,eurusd,0.0,0.0
2023-09-26,10,pw_suez_canal_n_total_z,sp500,0.0,0.0
2023-09-26,10,pw_suez_canal_n_total_z,vix,0.0,0.0
2023-09-26,10,pw_suez_canal_n_total_z,us2y,0.0,0.0
2023-09-26,10,pw_suez_canal_n_total_z,us10y,0.0,0.0
2023-09-26,10,pw_suez_canal_n_total_z,wti,0.0,0.0
2023-09-26,10,pw_suez_canal_n_total_z,brent,0.06387062948258536,0.027372117848908663
2023-09-26,10,pw_suez_canal_n_total_z,henry_hub,0.06318682661649551,0.023233237133092555
2023-10-26,10,audusd,brlusd,0.0,0.0
2023-10-26,10,audusd,cnyusd,0.001623317760711778,0.001623317760711778
2023-10-26,10,audusd,krwusd,0.043240842578448006,-0.02505034115404476
2023-10-26,10,audusd,eurusd,0.0,0.0
2023-10-26,10,audusd,sp500,0.006783106396204198,-0.006783106396204198
2023-10-26,10,audusd,vix,0.008218365609252112,0.008218365609252112
2023-10-26,10,audusd,us2y,0.010130474104970498,0.006770929462481723
2023-10-26,10,audusd,us10y,0.0,0.0
2023-10-26,10,audusd,wti,0.0,0.0
2023-10-26,10,audusd,brent,0.00137666017318943,-0.00137666017318943
2023-10-26,10,audusd,henry_hub,0.0,0.0
2023-10-26,10,brlusd,audusd,0.0,0.0
2023-10-26,10,brlusd,cnyusd,0.030057926438008233,0.01873449968301805
2023-10-26,10,brlusd,krwusd,0.003533811308125288,0.003533811308125288
2023-10-26,10,brlusd,eurusd,0.0018499259471446163,0.0018499259471446163
2023-10-26,10,brlusd,sp500,0.0,0.0
2023-10-26,10,brlusd,vix,0.0719714339172269,0.03854162918340733
2023-10-26,10,brlusd,us2y,0.019061735300399268,0.01581573583820991
2023-10-26,10,brlusd,us10y,0.008050025876775639,0.0035463363500118027
2023-10-26,10,brlusd,wti,0.0,0.0
2023-10-26,10,brlusd,brent,0.01566266603238621,-0.00796789658533938
2023-10-26,10,brlusd,henry_hub,0.0,0.0
2023-10-26,10,cnyusd,audusd,0.0,0.0
2023-10-26,10,cnyusd,brlusd,0.050236703891051254,-0.021985491644681113
2023-10-26,10,cnyusd,krwusd,0.02154067780568736,-0.02154067780568736
2023-10-26,10,cnyusd,eurusd,0.01477836533842989,-0.008566318918226703
2023-10-26,10,cnyusd,sp500,0.0,0.0
2023-10-26,10,cnyusd,vix,0.0,0.0
2023-10-26,10,cnyusd,us2y,0.053814290991629474,-0.0455487908041826
2023-10-26,10,cnyusd,us10y,0.09383137944914566,0.0468901775876284
2023-10-26,10,cnyusd,wti,0.0,0.0
2023-10-26,10,cnyusd,brent,0.0,0.0
2023-10-26,10,cnyusd,henry_hub,0.009287008221521433,0.004779905746810914
2023-10-26,10,krwusd,audusd,0.016533971377609424,0.009513975148480618
2023-10-26,10,krwusd,brlusd,0.0,0.0
2023-10-26,10,krwusd,cnyusd,0.06196311809354044,0.024327228103481983
2023-10-26,10,krwusd,eurusd,0.0,0.0
2023-10-26,10,krwusd,sp500,0.015626577772941644,0.009433004935902527
2023-10-26,10,krwusd,vix,0.0,0.0
2023-10-26,10,krwusd,us2y,0.0,0.0
2023-10-26,10,krwusd,us10y,0.02748646712183363,-0.017427884293215484
2023-10-26,10,krwusd,wti,0.0,0.0
2023-10-26,10,krwusd,brent,0.0,0.0
2023-10-26,10,krwusd,henry_hub,0.0,0.0
2023-10-26,10,eurusd,audusd,0.0,0.0
2023-10-26,10,eurusd,brlusd,0.0,0.0
2023-10-26,10,eurusd,cnyusd,0.034181592622705786,0.025797477409071158
2023-10-26,10,eurusd,krwusd,0.05005714620861926,0.05005714620861926
2023-10-26,10,eurusd,sp500,0.0,0.0
2023-10-26,10,eurusd,vix,0.012507301177476516,0.012507301177476516
2023-10-26,10,eurusd,us2y,0.0,0.0
2023-10-26,10,eurusd,us10y,0.02546038539754645,-0.02546038539754645
2023-10-26,10,eurusd,wti,0.0,0.0
2023-10-26,10,eurusd,brent,0.0,0.0
2023-10-26,10,eurusd,henry_hub,0.0,0.0
2023-10-26,10,sp500,audusd,0.047303986340913685,0.047303986340913685
2023-10-26,10,sp500,brlusd,0.0825815576422467,0.05811495504201603
2023-10-26,10,sp500,cnyusd,0.021891933327290735,0.021891933327290735
2023-10-26,10,sp500,krwusd,0.004529539474551647,0.004529539474551647
2023-10-26,10,sp500,eurusd,0.0,0.0
2023-10-26,10,sp500,vix,0.0712069867614768,0.039602724765260826
2023-10-26,10,sp500,us2y,0.13742826947878434,0.04739878188032588
2023-10-26,10,sp500,us10y,0.012572563290021595,0.012572563290021595
2023-10-26,10,sp500,wti,0.21429784264905927,-0.0693588419463209
2023-10-26,10,sp500,brent,0.09931218642611508,-0.03562630471955717
2023-10-26,10,sp500,henry_hub,0.0015724293873839847,-0.0015724293873839847
2023-10-26,10,vix,audusd,0.030217239920929118,-0.02470382872629643
2023-10-26,10,vix,brlusd,0.0,0.0
2023-10-26,10,vix,cnyusd,0.0,0.0
2023-10-26,10,vix,krwusd,0.05233936753588278,-0.05233936753588278
2023-10-26,10,vix,eurusd,0.024620130617090116,-0.024620130617090116
2023-10-26,10,vix,sp500,0.0,0.0
2023-10-26,10,vix,us2y,0.0,0.0
2023-10-26,10,vix,us10y,0.01157232383678383,0.01157232383678383
2023-10-26,10,vix,wti,0.0,0.0
2023-10-26,10,vix,brent,0.0,0.0
2023-10-26,10,vix,henry_hub,0.042685266719716355,0.03432361667111128
2023-10-26,10,us2y,audusd,0.0,0.0
2023-10-26,10,us2y,brlusd,0.00439811978289156,-0.00439811978289156
2023-10-26,10,us2y,cnyusd,0.0,0.0
2023-10-26,10,us2y,krwusd,0.00228583209624514,-0.001612646016225679
2023-10-26,10,us2y,eurusd,0.0031101476434112936,-0.0031101476434112936
2023-10-26,10,us2y,sp500,0.0,0.0
2023-10-26,10,us2y,vix,0.0,0.0
2023-10-26,10,us2y,us10y,0.019379854135651072,-0.014742229593021553
2023-10-26,10,us2y,wti,0.1123721180710784,-0.02917239065763974
2023-10-26,10,us2y,brent,0.016792848886121342,-0.009906006495916752
2023-10-26,10,us2y,henry_hub,0.0,0.0
2023-10-26,10,us10y,audusd,0.05771693110134536,-0.033355284694616044
2023-10-26,10,us10y,brlusd,0.06142409808634755,-0.02643867823407944
2023-10-26,10,us10y,cnyusd,0.001090036640166652,-0.001090036640166652
2023-10-26,10,us10y,krwusd,0.01624841963234587,-0.008190823626211948
2023-10-26,10,us10y,eurusd,0.03876456665147532,-0.023842804498421934
2023-10-26,10,us10y,sp500,0.09077111511269714,-0.04950937863656652
2023-10-26,10,us10y,vix,0.10007746186114336,0.0337528347312197
2023-10-26,10,us10y,us2y,0.0,0.0
2023-10-26,10,us10y,wti,0.001279648398384265,-0.001279648398384265
2023-10-26,10,us10y,brent,0.011499857252406865,-0.011499857252406865
2023-10-26,10,us10y,henry_hub,0.0,0.0
2023-10-26,10,wti,audusd,0.0,0.0
2023-10-26,10,wti,brlusd,0.006608988974280199,-0.006608988974280199
2023-10-26,10,wti,cnyusd,0.0,0.0
2023-10-26,10,wti,krwusd,0.0,0.0
2023-10-26,10,wti,eurusd,0.00502535848476092,0.00502535848476092
2023-10-26,10,wti,sp500,0.0024336767255054253,-0.0024336767255054253
2023-10-26,10,wti,vix,0.010740004648934137,0.010740004648934137
2023-10-26,10,wti,us2y,0.0,0.0
2023-10-26,10,wti,us10y,0.0,0.0
2023-10-26,10,wti,brent,0.17443916929694572,0.17297139327293073
2023-10-26,10,wti,henry_hub,0.0,0.0
2023-10-26,10,brent,audusd,0.009602492182494895,0.008566332587384956
2023-10-26,10,brent,brlusd,0.009418163333439079,0.009418163333439079
2023-10-26,10,brent,cnyusd,0.0,0.0
2023-10-26,10,brent,krwusd,0.0053031598930085265,-0.0053031598930085265
2023-10-26,10,brent,eurusd,0.0,0.0
2023-10-26,10,brent,sp500,0.0029610943914796287,-0.0029610943914796287
2023-10-26,10,brent,vix,0.059941126978081516,0.042619354887050286
2023-10-26,10,brent,us2y,0.0,0.0
2023-10-26,10,brent,us10y,0.0,0.0
2023-10-26,10,brent,wti,0.0,0.0
2023-10-26,10,brent,henry_hub,0.0,0.0
2023-10-26,10,henry_hub,audusd,0.05426261250385335,0.027477634713044638
2023-10-26,10,henry_hub,brlusd,0.011817824365033477,0.007856745571066064
2023-10-26,10,henry_hub,cnyusd,0.022642326684814022,0.012230913082727004
2023-10-26,10,henry_hub,krwusd,0.0,0.0
2023-10-26,10,henry_hub,eurusd,0.006494611202923924,0.006494611202923924
2023-10-26,10,henry_hub,sp500,0.021566875307494734,-0.020890294003931217
2023-10-26,10,henry_hub,vix,0.037869971357080714,0.023158967288504594
2023-10-26,10,henry_hub,us2y,0.0,0.0
2023-10-26,10,henry_hub,us10y,0.0,0.0
2023-10-26,10,henry_hub,wti,0.0,0.0
2023-10-26,10,henry_hub,brent,0.0,0.0
2023-10-26,10,pw_bab_el_mandeb_strait_capacity_z,audusd,0.044361348164653376,-0.039657610138018995
2023-10-26,10,pw_bab_el_mandeb_strait_capacity_z,brlusd,0.00749164970139468,-0.00749164970139468
2023-10-26,10,pw_bab_el_mandeb_strait_capacity_z,cnyusd,0.0343622243737156,-0.0343622243737156
2023-10-26,10,pw_bab_el_mandeb_strait_capacity_z,krwusd,0.009719103008606561,-0.009719103008606561
2023-10-26,10,pw_bab_el_mandeb_strait_capacity_z,eurusd,0.021356829889272042,-0.021356829889272042
2023-10-26,10,pw_bab_el_mandeb_strait_capacity_z,sp500,0.0,0.0
2023-10-26,10,pw_bab_el_mandeb_strait_capacity_z,vix,0.025507227001435522,0.025507227001435522
2023-10-26,10,pw_bab_el_mandeb_strait_capacity_z,us2y,0.07216218655733952,0.041916466013288994
2023-10-26,10,pw_bab_el_mandeb_strait_capacity_z,us10y,0.034520231497958645,0.034520231497958645
2023-10-26,10,pw_bab_el_mandeb_strait_capacity_z,wti,0.0397281689894617,-0.03643910165570364
2023-10-26,10,pw_bab_el_mandeb_strait_capacity_z,brent,0.03828872693969795,-0.03828872693969795
2023-10-26,10,pw_bab_el_mandeb_strait_capacity_z,henry_hub,0.04606252684672202,-0.04606252684672202
2023-10-26,10,pw_bab_el_mandeb_strait_n_total_z,audusd,0.016362871108735088,0.016362871108735088
2023-10-26,10,pw_bab_el_mandeb_strait_n_total_z,brlusd,0.08880746591059865,-0.05742124673205896
2023-10-26,10,pw_bab_el_mandeb_strait_n_total_z,cnyusd,0.0013111571268283298,-0.0013111571268283298
2023-10-26,10,pw_bab_el_mandeb_strait_n_total_z,krwusd,0.016384337421336066,0.016109672239451107
2023-10-26,10,pw_bab_el_mandeb_strait_n_total_z,eurusd,0.05901995969997608,0.05901995969997608
2023-10-26,10,pw_bab_el_mandeb_strait_n_total_z,sp500,0.024286940172624897,0.020851476638158707
2023-10-26,10,pw_bab_el_mandeb_strait_n_total_z,vix,0.0,0.0
2023-10-26,10,pw_bab_el_mandeb_strait_n_total_z,us2y,0.018220147530176575,-0.018220147530176575
2023-10-26,10,pw_bab_el_mandeb_strait_n_total_z,us10y,0.1890885720147504,-0.10313326325426456
2023-10-26,10,pw_bab_el_mandeb_strait_n_total_z,wti,0.0,0.0
2023-10-26,10,pw_bab_el_mandeb_strait_n_total_z,brent,0.04403389666886781,-0.04403389666886781
2023-10-26,10,pw_bab_el_mandeb_strait_n_total_z,henry_hub,0.0,0.0
2023-10-26,10,pw_cape_of_good_hope_capacity_z,audusd,0.0,0.0
2023-10-26,10,pw_cape_of_good_hope_capacity_z,brlusd,0.08918234992290675,-0.0487422423172127
2023-10-26,10,pw_cape_of_good_hope_capacity_z,cnyusd,0.10152708704908185,-0.048552027916383717
2023-10-26,10,pw_cape_of_good_hope_capacity_z,krwusd,0.0,0.0
2023-10-26,10,pw_cape_of_good_hope_capacity_z,eurusd,0.05920586628831069,0.028877211882424383
2023-10-26,10,pw_cape_of_good_hope_capacity_z,sp500,0.0,0.0
2023-10-26,10,pw_cape_of_good_hope_capacity_z,vix,0.0,0.0
2023-10-26,10,pw_cape_of_good_hope_capacity_z,us2y,0.0,0.0
2023-10-26,10,pw_cape_of_good_hope_capacity_z,us10y,0.036642671688888365,0.021646794498465908
2023-10-26,10,pw_cape_of_good_hope_capacity_z,wti,0.03462549252845072,-0.03462549252845072
2023-10-26,10,pw_cape_of_good_hope_capacity_z,brent,0.11022364685236521,0.06823883875790433
2023-10-26,10,pw_cape_of_good_hope_capacity_z,henry_hub,0.23904816380013205,-0.09858866276834308
2023-10-26,10,pw_cape_of_good_hope_n_total_z,audusd,0.022343563267039516,0.018984706008894195
2023-10-26,10,pw_cape_of_good_hope_n_total_z,brlusd,0.051064524518262266,0.051064524518262266
2023-10-26,10,pw_cape_of_good_hope_n_total_z,cnyusd,0.0,0.0
2023-10-26,10,pw_cape_of_good_hope_n_total_z,krwusd,0.0,0.0
2023-10-26,10,pw_cape_of_good_hope_n_total_z,eurusd,0.059840175035293666,0.03839205886662321
2023-10-26,10,pw_cape_of_good_hope_n_total_z,sp500,0.0456115069631194,0.0456115069631194
2023-10-26,10,pw_cape_of_good_hope_n_total_z,vix,0.07862260752468295,-0.04604311494342697
2023-10-26,10,pw_cape_of_good_hope_n_total_z,us2y,0.04147496488399028,0.04095444427122179
2023-10-26,10,pw_cape_of_good_hope_n_total_z,us10y,0.0,0.0
2023-10-26,10,pw_cape_of_good_hope_n_total_z,wti,0.0,0.0
2023-10-26,10,pw_cape_of_good_hope_n_total_z,brent,0.0,0.0
2023-10-26,10,pw_cape_of_good_hope_n_total_z,henry_hub,0.3386192376782582,0.13339660764961794
2023-10-26,10,pw_malacca_strait_capacity_z,audusd,0.0,0.0
2023-10-26,10,pw_malacca_strait_capacity_z,brlusd,0.00406615768798013,-0.00406615768798013
2023-10-26,10,pw_malacca_strait_capacity_z,cnyusd,0.0,0.0
2023-10-26,10,pw_malacca_strait_capacity_z,krwusd,0.0,0.0
2023-10-26,10,pw_malacca_strait_capacity_z,eurusd,0.0,0.0
2023-10-26,10,pw_malacca_strait_capacity_z,sp500,0.0,0.0
2023-10-26,10,pw_malacca_strait_capacity_z,vix,0.0,0.0
2023-10-26,10,pw_malacca_strait_capacity_z,us2y,0.12436289856338058,0.12436289856338058
2023-10-26,10,pw_malacca_strait_capacity_z,us10y,0.0,0.0
2023-10-26,10,pw_malacca_strait_capacity_z,wti,0.01318288695998207,-0.01318288695998207
2023-10-26,10,pw_malacca_strait_capacity_z,brent,0.06226397289991706,-0.052867551502562816
2023-10-26,10,pw_malacca_strait_capacity_z,henry_hub,0.0,0.0
2023-10-26,10,pw_malacca_strait_n_total_z,audusd,0.11002650631940654,-0.10538693035993019
2023-10-26,10,pw_malacca_strait_n_total_z,brlusd,0.0,0.0
2023-10-26,10,pw_malacca_strait_n_total_z,cnyusd,0.21433697933405618,-0.10854092856455504
2023-10-26,10,pw_malacca_strait_n_total_z,krwusd,0.0999147825396626,-0.0999147825396626
2023-10-26,10,pw_malacca_strait_n_total_z,eurusd,0.18141733614775712,-0.11833132832168136
2023-10-26,10,pw_malacca_strait_n_total_z,sp500,0.19286894838501778,-0.11694879677658536
2023-10-26,10,pw_malacca_strait_n_total_z,vix,0.0,0.0
2023-10-26,10,pw_malacca_strait_n_total_z,us2y,0.061547464786419176,0.030861735691044875
2023-10-26,10,pw_malacca_strait_n_total_z,us10y,0.0535348432183987,0.0535348432183987
2023-10-26,10,pw_malacca_strait_n_total_z,wti,0.05558922465562346,-0.05558922465562346
2023-10-26,10,pw_malacca_strait_n_total_z,brent,0.11237420212271797,-0.11237420212271797
2023-10-26,10,pw_malacca_strait_n_total_z,henry_hub,0.0,0.0
2023-10-26,10,pw_panama_canal_capacity_z,audusd,0.06599814447636457,-0.06599814447636457
2023-10-26,10,pw_panama_canal_capacity_z,brlusd,0.006200986067413775,-0.006200986067413775
2023-10-26,10,pw_panama_canal_capacity_z,cnyusd,0.07448585356354101,-0.07448585356354101
2023-10-26,10,pw_panama_canal_capacity_z,krwusd,0.17708156186058344,-0.13595000123095677
2023-10-26,10,pw_panama_canal_capacity_z,eurusd,0.0,0.0
2023-10-26,10,pw_panama_canal_capacity_z,sp500,0.060371396931512215,0.060371396931512215
2023-10-26,10,pw_panama_canal_capacity_z,vix,0.125552111638152,-0.125552111638152
2023-10-26,10,pw_panama_canal_capacity_z,us2y,0.019782994343191942,0.011488584553269612
2023-10-26,10,pw_panama_canal_capacity_z,us10y,0.09691651708036542,0.06717564139838146
2023-10-26,10,pw_panama_canal_capacity_z,wti,0.0,0.0
2023-10-26,10,pw_panama_canal_capacity_z,brent,0.015902302623290787,0.015902302623290787
2023-10-26,10,pw_panama_canal_capacity_z,henry_hub,0.015513646465210754,-0.015513646465210754
2023-10-26,10,pw_panama_canal_n_total_z,audusd,0.04162660702774006,-0.030272319495814926
2023-10-26,10,pw_panama_canal_n_total_z,brlusd,0.031134050201157205,0.02979121516900807
2023-10-26,10,pw_panama_canal_n_total_z,cnyusd,0.06933094363419139,0.06933094363419139
2023-10-26,10,pw_panama_canal_n_total_z,krwusd,0.0,0.0
2023-10-26,10,pw_panama_canal_n_total_z,eurusd,0.03148645332548004,-0.019305954717607415
2023-10-26,10,pw_panama_canal_n_total_z,sp500,0.07788377259147963,0.04443261756794538
2023-10-26,10,pw_panama_canal_n_total_z,vix,0.0,0.0
2023-10-26,10,pw_panama_canal_n_total_z,us2y,0.0,0.0
2023-10-26,10,pw_panama_canal_n_total_z,us10y,0.060613607598444474,-0.060613607598444474
2023-10-26,10,pw_panama_canal_n_total_z,wti,0.012881107059295578,-0.012881107059295578
2023-10-26,10,pw_panama_canal_n_total_z,brent,0.024853126919306235,0.024853126919306235
2023-10-26,10,pw_panama_canal_n_total_z,henry_hub,0.19741410365356782,0.10420537308463315
2023-10-26,10,pw_strait_of_hormuz_capacity_z,audusd,0.16442644580347837,0.12704373426401402
2023-10-26,10,pw_strait_of_hormuz_capacity_z,brlusd,0.0,0.0
2023-10-26,10,pw_strait_of_hormuz_capacity_z,cnyusd,0.015573547639412265,0.015573547639412265
2023-10-26,10,pw_strait_of_hormuz_capacity_z,krwusd,0.0,0.0
2023-10-26,10,pw_strait_of_hormuz_capacity_z,eurusd,0.028666393456818495,0.026772878179174796
2023-10-26,10,pw_strait_of_hormuz_capacity_z,sp500,0.06828604627452022,0.033824391482741425
2023-10-26,10,pw_strait_of_hormuz_capacity_z,vix,0.008265348571087072,-0.008265348571087072
2023-10-26,10,pw_strait_of_hormuz_capacity_z,us2y,0.0045743416051062915,0.0045743416051062915
2023-10-26,10,pw_strait_of_hormuz_capacity_z,us10y,0.01896702984070429,0.01184063564489446
2023-10-26,10,pw_strait_of_hormuz_capacity_z,wti,0.2398199178726521,0.19415640250980007
2023-10-26,10,pw_strait_of_hormuz_capacity_z,brent,0.28997621854648237,0.22747765509158802
2023-10-26,10,pw_strait_of_hormuz_capacity_z,henry_hub,0.10469277925205875,0.044403255515121844
2023-10-26,10,pw_strait_of_hormuz_n_total_z,audusd,0.1283532742623629,0.051028202875452115
2023-10-26,10,pw_strait_of_hormuz_n_total_z,brlusd,0.09295887592786688,0.05232354643067296
2023-10-26,10,pw_strait_of_hormuz_n_total_z,cnyusd,0.05792527770727255,0.05792527770727255
2023-10-26,10,pw_strait_of_hormuz_n_total_z,krwusd,0.12361456733490114,0.07030258835002427
2023-10-26,10,pw_strait_of_hormuz_n_total_z,eurusd,0.05668952098097305,0.05668952098097305
2023-10-26,10,pw_strait_of_hormuz_n_total_z,sp500,0.030108669126192703,0.030042682679467476
2023-10-26,10,pw_strait_of_hormuz_n_total_z,vix,0.0,0.0
2023-10-26,10,pw_strait_of_hormuz_n_total_z,us2y,0.006505644538977285,0.006505644538977285
2023-10-26,10,pw_strait_of_hormuz_n_total_z,us10y,0.07326850659848991,0.0711076168477541
2023-10-26,10,pw_strait_of_hormuz_n_total_z,wti,0.0,0.0
2023-10-26,10,pw_strait_of_hormuz_n_total_z,brent,0.0,0.0
2023-10-26,10,pw_strait_of_hormuz_n_total_z,henry_hub,0.0,0.0
2023-10-26,10,pw_suez_canal_capacity_z,audusd,0.04742670454663317,-0.030977461309069386
2023-10-26,10,pw_suez_canal_capacity_z,brlusd,0.027625022838276045,0.027625022838276045
2023-10-26,10,pw_suez_canal_capacity_z,cnyusd,0.21939493198082016,-0.1233063439024737
2023-10-26,10,pw_suez_canal_capacity_z,krwusd,0.012905136587624445,-0.005494213836607255
2023-10-26,10,pw_suez_canal_capacity_z,eurusd,0.10642069314305647,-0.06204652295387716
2023-10-26,10,pw_suez_canal_capacity_z,sp500,0.026141264904522708,-0.026141264904522708
2023-10-26,10,pw_suez_canal_capacity_z,vix,0.06517503322136872,0.06517503322136872
2023-10-26,10,pw_suez_canal_capacity_z,us2y,0.0,0.0
2023-10-26,10,pw_suez_canal_capacity_z,us10y,0.03127542877857944,0.03127542877857944
2023-10-26,10,pw_suez_canal_capacity_z,wti,0.03293973905942116,0.02371323369754422
2023-10-26,10,pw_suez_canal_capacity_z,brent,0.0,0.0
2023-10-26,10,pw_suez_canal_capacity_z,henry_hub,0.005404073118778348,-0.005404073118778348
2023-10-26,10,pw_suez_canal_n_total_z,audusd,0.0,0.0
2023-10-26,10,pw_suez_canal_n_total_z,brlusd,0.0,0.0
2023-10-26,10,pw_suez_canal_n_total_z,cnyusd,0.0,0.0
2023-10-26,10,pw_suez_canal_n_total_z,krwusd,0.0,0.0
2023-10-26,10,pw_suez_canal_n_total_z,eurusd,0.0,0.0
2023-10-26,10,pw_suez_canal_n_total_z,sp500,0.0,0.0
2023-10-26,10,pw_suez_canal_n_total_z,vix,0.0,0.0
2023-10-26,10,pw_suez_canal_n_total_z,us2y,0.0,0.0
2023-10-26,10,pw_suez_canal_n_total_z,us10y,0.0,0.0
2023-10-26,10,pw_suez_canal_n_total_z,wti,0.0,0.0
2023-10-26,10,pw_suez_canal_n_total_z,brent,0.05907290530766291,0.027600606288492535
2023-10-26,10,pw_suez_canal_n_total_z,henry_hub,0.05468684093268505,0.0219556565265179
2023-11-29,10,audusd,brlusd,0.0,0.0
2023-11-29,10,audusd,cnyusd,0.0024453813226061006,0.0024453813226061006
2023-11-29,10,audusd,krwusd,0.02299935245800458,-0.016914562852389122
2023-11-29,10,audusd,eurusd,0.0,0.0
2023-11-29,10,audusd,sp500,0.002721281979154468,-0.002721281979154468
2023-11-29,10,audusd,vix,0.00853831719811318,0.00853831719811318
2023-11-29,10,audusd,us2y,0.0015660322547800401,0.0015660322547800401
2023-11-29,10,audusd,us10y,0.0,0.0
2023-11-29,10,audusd,wti,0.000798223419952733,-0.000798223419952733
2023-11-29,10,audusd,brent,8.524252707297308e-05,-8.524252707297308e-05
2023-11-29,10,audusd,henry_hub,0.0,0.0
2023-11-29,10,brlusd,audusd,0.0,0.0
2023-11-29,10,brlusd,cnyusd,0.0395087145130509,0.023011800605014572
2023-11-29,10,brlusd,krwusd,0.00383858950206068,0.00383858950206068
2023-11-29,10,brlusd,eurusd,0.001979530513274661,0.001979530513274661
2023-11-29,10,brlusd,sp500,0.0,0.0
2023-11-29,10,brlusd,vix,0.06075180828580108,0.034949786368866295
2023-11-29,10,brlusd,us2y,0.014651050643385016,0.013837456704060593
2023-11-29,10,brlusd,us10y,0.0,0.0
2023-11-29,10,brlusd,wti,0.0,0.0
2023-11-29,10,brlusd,brent,0.024274608926976332,-0.01264109822060745
2023-11-29,10,brlusd,henry_hub,0.0,0.0
2023-11-29,10,cnyusd,audusd,0.0,0.0
2023-11-29,10,cnyusd,brlusd,0.04912318996621154,-0.02137818951588541
2023-11-29,10,cnyusd,krwusd,0.020326803451281232,-0.020326803451281232
2023-11-29,10,cnyusd,eurusd,0.013458492745868331,-0.006761429077780007
2023-11-29,10,cnyusd,sp500,0.0,0.0
2023-11-29,10,cnyusd,vix,0.0,0.0
2023-11-29,10,cnyusd,us2y,0.052524330820022495,-0.04171593706940545
2023-11-29,10,cnyusd,us10y,0.09611671921060141,0.04817251828659678
2023-11-29,10,cnyusd,wti,0.0,0.0
2023-11-29,10,cnyusd,brent,0.0,0.0
2023-11-29,10,cnyusd,henry_hub,0.015059145383832295,0.008310711196927228
2023-11-29,10,krwusd,audusd,0.04517603150499631,0.02137271916593625
2023-11-29,10,krwusd,brlusd,0.0,0.0
2023-11-29,10,krwusd,cnyusd,0.09521525684816728,0.03388931471982165
2023-11-29,10,krwusd,eurusd,0.0,0.0
2023-11-29,10,krwusd,sp500,0.010516854641165762,0.009292121490946088
2023-11-29,10,krwusd,vix,0.0,0.0
2023-11-29,10,krwusd,us2y,0.0,0.0
2023-11-29,10,krwusd,us10y,0.06385105339025673,-0.0235153481624178
2023-11-29,10,krwusd,wti,0.0,0.0
2023-11-29,10,krwusd,brent,0.0,0.0
2023-11-29,10,krwusd,henry_hub,0.0,0.0
2023-11-29,10,eurusd,audusd,0.0,0.0
2023-11-29,10,eurusd,brlusd,0.0,0.0
2023-11-29,10,eurusd,cnyusd,0.016770115779549385,0.016770115779549385
2023-11-29,10,eurusd,krwusd,0.04690939637002104,0.04690939637002104
2023-11-29,10,eurusd,sp500,0.0,0.0
2023-11-29,10,eurusd,vix,0.012292446000948828,0.012292446000948828
2023-11-29,10,eurusd,us2y,0.0,0.0
2023-11-29,10,eurusd,us10y,0.020704944826035302,-0.020704944826035302
2023-11-29,10,eurusd,wti,0.0,0.0
2023-11-29,10,eurusd,brent,0.0,0.0
2023-11-29,10,eurusd,henry_hub,0.0,0.0
2023-11-29,10,sp500,audusd,0.042377651726691425,0.042377651726691425
2023-11-29,10,sp500,brlusd,0.0757115565682373,0.05629668723990531
2023-11-29,10,sp500,cnyusd,0.03202238002289655,0.026953260700955158
2023-11-29,10,sp500,krwusd,0.0,0.0
2023-11-29,10,sp500,eurusd,0.0,0.0
2023-11-29,10,sp500,vix,0.11329414895796823,0.05205288056107881
2023-11-29,10,sp500,us2y,0.14916482084162194,0.04793657122770909
2023-11-29,10,sp500,us10y,0.03132120837408572,0.026149830527740565
2023-11-29,10,sp500,wti,0.1751895625160806,-0.060109810505141296
2023-11-29,10,sp500,brent,0.06716085904340846,-0.02797651522713
2023-11-29,10,sp500,henry_hub,0.0,0.0
2023-11-29,10,vix,audusd,0.03329892373573863,-0.0320807802608931
2023-11-29,10,vix,brlusd,0.0,0.0
2023-11-29,10,vix,cnyusd,0.005377198894402408,-0.005377198894402408
2023-11-29,10,vix,krwusd,0.06344368855272542,-0.06344368855272542
2023-11-29,10,vix,eurusd,0.028841354887153284,-0.028841354887153284
2023-11-29,10,vix,sp500,0.0,0.0
2023-11-29,10,vix,us2y,0.0,0.0
2023-11-29,10,vix,us10y,0.0,0.0
2023-11-29,10,vix,wti,0.0,0.0
2023-11-29,10,vix,brent,0.0,0.0
2023-11-29,10,vix,henry_hub,0.04113832103535342,0.030009956855604484
2023-11-29,10,us2y,audusd,0.0,0.0
2023-11-29,10,us2y,brlusd,0.0051453775049629105,-0.0051453775049629105
2023-11-29,10,us2y,cnyusd,0.0,0.0
2023-11-29,10,us2y,krwusd,0.010312493501365282,-0.010312493501365282
2023-11-29,10,us2y,eurusd,0.003900173991452758,-0.003900173991452758
2023-11-29,10,us2y,sp500,0.0,0.0
2023-11-29,10,us2y,vix,0.0,0.0
2023-11-29,10,us2y,us10y,0.001969194985359749,-0.001969194985359749
2023-11-29,10,us2y,wti,0.08401929134764265,-0.022934148043656625
2023-11-29,10,us2y,brent,0.010678247410591238,-0.006205444293123342
2023-11-29,10,us2y,henry_hub,0.0,0.0
2023-11-29,10,us10y,audusd,0.047755880792090206,-0.03034576951320769
2023-11-29,10,us10y,brlusd,0.060509900314409205,-0.023431521491210507
2023-11-29,10,us10y,cnyusd,0.01842558093863761,-0.013567834978235284
2023-11-29,10,us10y,krwusd,0.032262957829862014,-0.032262957829862014
2023-11-29,10,us10y,eurusd,0.0429390723620037,-0.025684430647169475
2023-11-29,10,us10y,sp500,0.1214611725407621,-0.051581979892916484
2023-11-29,10,us10y,vix,0.1003365322253415,0.03515765345296527
2023-11-29,10,us10y,us2y,0.0,0.0
2023-11-29,10,us10y,wti,0.007792362005212572,-0.007792362005212572
2023-11-29,10,us10y,brent,0.009520339257361805,-0.009520339257361805
2023-11-29,10,us10y,henry_hub,0.0,0.0
2023-11-29,10,wti,audusd,0.0,0.0
2023-11-29,10,wti,brlusd,0.007546379026797206,-0.007546379026797206
2023-11-29,10,wti,cnyusd,0.0,0.0
2023-11-29,10,wti,krwusd,0.0,0.0
2023-11-29,10,wti,eurusd,0.0010923778879737673,0.0010923778879737673
2023-11-29,10,wti,sp500,0.001255312055255771,-0.001255312055255771
2023-11-29,10,wti,vix,0.007272069016078011,0.007272069016078011
2023-11-29,10,wti,us2y,0.0,0.0
2023-11-29,10,wti,us10y,0.0,0.0
2023-11-29,10,wti,brent,0.179514634197483,0.17589835935190934
2023-11-29,10,wti,henry_hub,0.0,0.0
2023-11-29,10,brent,audusd,0.0006228538711791925,0.0006228538711791925
2023-11-29,10,brent,brlusd,0.005279076203222324,0.005279076203222324
2023-11-29,10,brent,cnyusd,0.005695372402421322,-0.005695372402421322
2023-11-29,10,brent,krwusd,0.014284560986593016,-0.014284560986593016
2023-11-29,10,brent,eurusd,0.0,0.0
2023-11-29,10,brent,sp500,0.008188738100062402,-0.008188738100062402
2023-11-29,10,brent,vix,0.06451061062710471,0.04315814615093804
2023-11-29,10,brent,us2y,0.0,0.0
2023-11-29,10,brent,us10y,0.0,0.0
2023-11-29,10,brent,wti,0.0,0.0
2023-11-29,10,brent,henry_hub,0.0,0.0
2023-11-29,10,henry_hub,audusd,0.03336016218406994,0.019606433866980758
2023-11-29,10,henry_hub,brlusd,0.013136417578117031,0.008843235185273272
2023-11-29,10,henry_hub,cnyusd,0.01372775580726104,0.008417892645028655
2023-11-29,10,henry_hub,krwusd,0.0,0.0
2023-11-29,10,henry_hub,eurusd,0.0021815293012751483,0.0021815293012751483
2023-11-29,10,henry_hub,sp500,0.026522588853504808,-0.021487072524965272
2023-11-29,10,henry_hub,vix,0.043854851419505264,0.024874532613141903
2023-11-29,10,henry_hub,us2y,0.0,0.0
2023-11-29,10,henry_hub,us10y,0.0,0.0
2023-11-29,10,henry_hub,wti,0.0,0.0
2023-11-29,10,henry_hub,brent,0.0002769518664648378,-0.0002769518664648378
2023-11-29,10,pw_bab_el_mandeb_strait_capacity_z,audusd,0.043814730822560856,-0.042847419284546474
2023-11-29,10,pw_bab_el_mandeb_strait_capacity_z,brlusd,0.009204256997907051,-0.009204256997907051
2023-11-29,10,pw_bab_el_mandeb_strait_capacity_z,cnyusd,0.021861330005019115,-0.021861330005019115
2023-11-29,10,pw_bab_el_mandeb_strait_capacity_z,krwusd,0.009647602162463948,-0.009647602162463948
2023-11-29,10,pw_bab_el_mandeb_strait_capacity_z,eurusd,0.01281989890069263,-0.01281989890069263
2023-11-29,10,pw_bab_el_mandeb_strait_capacity_z,sp500,0.0,0.0
2023-11-29,10,pw_bab_el_mandeb_strait_capacity_z,vix,0.03182837193284438,0.03182837193284438
2023-11-29,10,pw_bab_el_mandeb_strait_capacity_z,us2y,0.07303282082828742,0.04484395667576957
2023-11-29,10,pw_bab_el_mandeb_strait_capacity_z,us10y,0.030891107401063076,0.030891107401063076
2023-11-29,10,pw_bab_el_mandeb_strait_capacity_z,wti,0.02364436933518415,-0.02364436933518415
2023-11-29,10,pw_bab_el_mandeb_strait_capacity_z,brent,0.022190955545172326,-0.022190955545172326
2023-11-29,10,pw_bab_el_mandeb_strait_capacity_z,henry_hub,0.046253323493446706,-0.046253323493446706
2023-11-29,10,pw_bab_el_mandeb_strait_n_total_z,audusd,0.020529758780811615,0.020529758780811615
2023-11-29,10,pw_bab_el_mandeb_strait_n_total_z,brlusd,0.08688887798274818,-0.05560986607598801
2023-11-29,10,pw_bab_el_mandeb_strait_n_total_z,cnyusd,0.012011752639297069,-0.012011752639297069
2023-11-29,10,pw_bab_el_mandeb_strait_n_total_z,krwusd,0.009425433659814625,0.009425433659814625
2023-11-29,10,pw_bab_el_mandeb_strait_n_total_z,eurusd,0.05682195876008528,0.05682195876008528
2023-11-29,10,pw_bab_el_mandeb_strait_n_total_z,sp500,0.035066409198315315,0.02208239634652676
2023-11-29,10,pw_bab_el_mandeb_strait_n_total_z,vix,0.0,0.0
2023-11-29,10,pw_bab_el_mandeb_strait_n_total_z,us2y,0.012212684006403988,-0.012212684006403988
2023-11-29,10,pw_bab_el_mandeb_strait_n_total_z,us10y,0.16854247698204805,-0.09111930890786824
2023-11-29,10,pw_bab_el_mandeb_strait_n_total_z,wti,0.0,0.0
2023-11-29,10,pw_bab_el_mandeb_strait_n_total_z,brent,0.03658686121050911,-0.03658686121050911
2023-11-29,10,pw_bab_el_mandeb_strait_n_total_z,henry_hub,0.0,0.0
2023-11-29,10,pw_cape_of_good_hope_capacity_z,audusd,0.0,0.0
2023-11-29,10,pw_cape_of_good_hope_capacity_z,brlusd,0.08958553761487127,-0.04647372111851121
2023-11-29,10,pw_cape_of_good_hope_capacity_z,cnyusd,0.08063917844911142,-0.04088040005598071
2023-11-29,10,pw_cape_of_good_hope_capacity_z,krwusd,0.00826654293577138,0.00826654293577138
2023-11-29,10,pw_cape_of_good_hope_capacity_z,eurusd,0.06401199689468991,0.03127846776754984
2023-11-29,10,pw_cape_of_good_hope_capacity_z,sp500,0.0,0.0
2023-11-29,10,pw_cape_of_good_hope_capacity_z,vix,0.0,0.0
2023-11-29,10,pw_cape_of_good_hope_capacity_z,us2y,0.0,0.0
2023-11-29,10,pw_cape_of_good_hope_capacity_z,us10y,0.02500589410480769,0.015999746978154674
2023-11-29,10,pw_cape_of_good_hope_capacity_z,wti,0.02971028293209318,-0.022972097943731944
2023-11-29,10,pw_cape_of_good_hope_capacity_z,brent,0.1060880437715428,0.06810757664160408
2023-11-29,10,pw_cape_of_good_hope_capacity_z,henry_hub,0.24498450302553793,-0.08655102038875806
2023-11-29,10,pw_cape_of_good_hope_n_total_z,audusd,0.04879321798270503,0.02644153060502037
2023-11-29,10,pw_cape_of_good_hope_n_total_z,brlusd,0.06550338574421898,0.059104046965035295
2023-11-29,10,pw_cape_of_good_hope_n_total_z,cnyusd,0.0,0.0
2023-11-29,10,pw_cape_of_good_hope_n_total_z,krwusd,0.0,0.0
2023-11-29,10,pw_cape_of_good_hope_n_total_z,eurusd,0.08676762942467028,0.04776053463111047
2023-11-29,10,pw_cape_of_good_hope_n_total_z,sp500,0.03652718220675212,0.02586583234621062
2023-11-29,10,pw_cape_of_good_hope_n_total_z,vix,0.07800437711608021,-0.03345375759119105
2023-11-29,10,pw_cape_of_good_hope_n_total_z,us2y,0.01355499449505681,0.01355499449505681
2023-11-29,10,pw_cape_of_good_hope_n_total_z,us10y,0.009612294300280495,-0.009612294300280495
2023-11-29,10,pw_cape_of_good_hope_n_total_z,wti,0.043025172462667266,-0.022025338814596895
2023-11-29,10,pw_cape_of_good_hope_n_total_z,brent,0.024457322237956932,-0.024457322237956932
2023-11-29,10,pw_cape_of_good_hope_n_total_z,henry_hub,0.32790681741239847,0.11884166738687492
2023-11-29,10,pw_malacca_strait_capacity_z,audusd,0.0,0.0
2023-11-29,10,pw_malacca_strait_capacity_z,brlusd,0.004372674363503764,-0.004372674363503764
2023-11-29,10,pw_malacca_strait_capacity_z,cnyusd,0.0,0.0
2023-11-29,10,pw_malacca_strait_capacity_z,krwusd,0.03597442317828602,0.031049707758597864
2023-11-29,10,pw_malacca_strait_capacity_z,eurusd,0.0,0.0
2023-11-29,10,pw_malacca_strait_capacity_z,sp500,0.0,0.0
2023-11-29,10,pw_malacca_strait_capacity_z,vix,0.0,0.0
2023-11-29,10,pw_malacca_strait_capacity_z,us2y,0.09034507322852918,0.09034507322852918
2023-11-29,10,pw_malacca_strait_capacity_z,us10y,0.0,0.0
2023-11-29,10,pw_malacca_strait_capacity_z,wti,0.03807047161032282,-0.03807047161032282
2023-11-29,10,pw_malacca_strait_capacity_z,brent,0.08821065680110529,-0.06377385633124984
2023-11-29,10,pw_malacca_strait_capacity_z,henry_hub,0.0,0.0
2023-11-29,10,pw_malacca_strait_n_total_z,audusd,0.09606120152259649,-0.09406282435806791
2023-11-29,10,pw_malacca_strait_n_total_z,brlusd,0.0,0.0
2023-11-29,10,pw_malacca_strait_n_total_z,cnyusd,0.1938850225808078,-0.1031304542659623
2023-11-29,10,pw_malacca_strait_n_total_z,krwusd,0.12242005265682959,-0.12092716653116138
2023-11-29,10,pw_malacca_strait_n_total_z,eurusd,0.16661866174289072,-0.10488668644491776
2023-11-29,10,pw_malacca_strait_n_total_z,sp500,0.1715144959375815,-0.1101415869344423
2023-11-29,10,pw_malacca_strait_n_total_z,vix,0.0060223935703592356,0.0060223935703592356
2023-11-29,10,pw_malacca_strait_n_total_z,us2y,0.1007543692645011,0.057242682735702544
2023-11-29,10,pw_malacca_strait_n_total_z,us10y,0.04201450033947898,0.04201450033947898
2023-11-29,10,pw_malacca_strait_n_total_z,wti,0.012675012328582948,-0.012675012328582948
2023-11-29,10,pw_malacca_strait_n_total_z,brent,0.07933871274696577,-0.07933871274696577
2023-11-29,10,pw_malacca_strait_n_total_z,henry_hub,0.004091342384855182,0.004091342384855182
2023-11-29,10,pw_panama_canal_capacity_z,audusd,0.046164529692164745,-0.046164529692164745
2023-11-29,10,pw_panama_canal_capacity_z,brlusd,0.0,0.0
2023-11-29,10,pw_panama_canal_capacity_z,cnyusd,0.07129376504203867,-0.07129376504203867
2023-11-29,10,pw_panama_canal_capacity_z,krwusd,0.1743178708357957,-0.12714742294933237
2023-11-29,10,pw_panama_canal_capacity_z,eurusd,0.0,0.0
2023-11-29,10,pw_panama_canal_capacity_z,sp500,0.053441419316489616,0.053441419316489616
2023-11-29,10,pw_panama_canal_capacity_z,vix,0.11398538914872182,-0.11398538914872182
2023-11-29,10,pw_panama_canal_capacity_z,us2y,0.0062095576905836,0.0062095576905836
2023-11-29,10,pw_panama_canal_capacity_z,us10y,0.06473342589873371,0.04635237405453816
2023-11-29,10,pw_panama_canal_capacity_z,wti,0.0,0.0
2023-11-29,10,pw_panama_canal_capacity_z,brent,0.0,0.0
2023-11-29,10,pw_panama_canal_capacity_z,henry_hub,0.0,0.0
2023-11-29,10,pw_panama_canal_n_total_z,audusd,0.07710537939178219,-0.04303970149863464
2023-11-29,10,pw_panama_canal_n_total_z,brlusd,0.01934204558475096,0.01934204558475096
2023-11-29,10,pw_panama_canal_n_total_z,cnyusd,0.04270735833108713,0.04270735833108713
2023-11-29,10,pw_panama_canal_n_total_z,krwusd,0.0,0.0
2023-11-29,10,pw_panama_canal_n_total_z,eurusd,0.053785470098192414,-0.03528453247604813
2023-11-29,10,pw_panama_canal_n_total_z,sp500,0.0525550758597359,0.04899627669710754
2023-11-29,10,pw_panama_canal_n_total_z,vix,0.0,0.0
2023-11-29,10,pw_panama_canal_n_total_z,us2y,0.008752439546690171,0.008752439546690171
2023-11-29,10,pw_panama_canal_n_total_z,us10y,0.011587463256684232,-0.011587463256684232
2023-11-29,10,pw_panama_canal_n_total_z,wti,0.010174307617787126,-0.010036081158644091
2023-11-29,10,pw_panama_canal_n_total_z,brent,0.04709378428923526,0.04709378428923526
2023-11-29,10,pw_panama_canal_n_total_z,henry_hub,0.18159659346628348,0.09135174591122129
2023-11-29,10,pw_strait_of_hormuz_capacity_z,audusd,0.1730818567541223,0.12957112336881008
2023-11-29,10,pw_strait_of_hormuz_capacity_z,brlusd,0.0,0.0
2023-11-29,10,pw_strait_of_hormuz_capacity_z,cnyusd,0.0,0.0
2023-11-29,10,pw_strait_of_hormuz_capacity_z,krwusd,0.0,0.0
2023-11-29,10,pw_strait_of_hormuz_capacity_z,eurusd,0.04187280245355993,0.034343156234964804
2023-11-29,10,pw_strait_of_hormuz_capacity_z,sp500,0.06896665950752236,0.043688023942594
2023-11-29,10,pw_strait_of_hormuz_capacity_z,vix,0.006546155791811356,-0.006546155791811356
2023-11-29,10,pw_strait_of_hormuz_capacity_z,us2y,0.0011702806846451662,0.0011702806846451662
2023-11-29,10,pw_strait_of_hormuz_capacity_z,us10y,0.010316938702501981,0.008991436076154847
2023-11-29,10,pw_strait_of_hormuz_capacity_z,wti,0.2139526634668172,0.16323270281125632
2023-11-29,10,pw_strait_of_hormuz_capacity_z,brent,0.27675839556309234,0.20769145097376723
2023-11-29,10,pw_strait_of_hormuz_capacity_z,henry_hub,0.0885721738484023,0.04007176770332991
2023-11-29,10,pw_strait_of_hormuz_n_total_z,audusd,0.09698138823153643,0.05981621229292488
2023-11-29,10,pw_strait_of_hormuz_n_total_z,brlusd,0.09383773778564804,0.044251645479605035
2023-11-29,10,pw_strait_of_hormuz_n_total_z,cnyusd,0.047217386896534055,0.047217386896534055
2023-11-29,10,pw_strait_of_hormuz_n_total_z,krwusd,0.08823444847908664,0.04130839320616484
2023-11-29,10,pw_strait_of_hormuz_n_total_z,eurusd,0.020914436396107808,0.020914436396107808
2023-11-29,10,pw_strait_of_hormuz_n_total_z,sp500,0.0,0.0
2023-11-29,10,pw_strait_of_hormuz_n_total_z,vix,0.0,0.0
2023-11-29,10,pw_strait_of_hormuz_n_total_z,us2y,0.0,0.0
2023-11-29,10,pw_strait_of_hormuz_n_total_z,us10y,0.09565610515884221,0.05472061710898442
2023-11-29,10,pw_strait_of_hormuz_n_total_z,wti,0.0,0.0
2023-11-29,10,pw_strait_of_hormuz_n_total_z,brent,0.0,0.0
2023-11-29,10,pw_strait_of_hormuz_n_total_z,henry_hub,0.0,0.0
2023-11-29,10,pw_suez_canal_capacity_z,audusd,0.056184581193393694,-0.03097565317102844
2023-11-29,10,pw_suez_canal_capacity_z,brlusd,0.024390404779314166,0.024390404779314166
2023-11-29,10,pw_suez_canal_capacity_z,cnyusd,0.2169076677152763,-0.1303762408745158
2023-11-29,10,pw_suez_canal_capacity_z,krwusd,0.020750892970385043,-0.007883093814829264
2023-11-29,10,pw_suez_canal_capacity_z,eurusd,0.11977837659335594,-0.07253509426422189
2023-11-29,10,pw_suez_canal_capacity_z,sp500,0.03303468406240517,-0.03303468406240517
2023-11-29,10,pw_suez_canal_capacity_z,vix,0.05840811388210045,0.05840811388210045
2023-11-29,10,pw_suez_canal_capacity_z,us2y,0.0,0.0
2023-11-29,10,pw_suez_canal_capacity_z,us10y,0.032049580890149566,0.031656971109404394
2023-11-29,10,pw_suez_canal_capacity_z,wti,0.025523395442982585,0.016445598625527906
2023-11-29,10,pw_suez_canal_capacity_z,brent,0.0,0.0
2023-11-29,10,pw_suez_canal_capacity_z,henry_hub,0.0,0.0
2023-11-29,10,pw_suez_canal_n_total_z,audusd,0.0,0.0
2023-11-29,10,pw_suez_canal_n_total_z,brlusd,0.0,0.0
2023-11-29,10,pw_suez_canal_n_total_z,cnyusd,0.0,0.0
2023-11-29,10,pw_suez_canal_n_total_z,krwusd,0.0,0.0
2023-11-29,10,pw_suez_canal_n_total_z,eurusd,0.0,0.0
2023-11-29,10,pw_suez_canal_n_total_z,sp500,0.0,0.0
2023-11-29,10,pw_suez_canal_n_total_z,vix,0.0,0.0
2023-11-29,10,pw_suez_canal_n_total_z,us2y,0.0,0.0
2023-11-29,10,pw_suez_canal_n_total_z,us10y,0.0,0.0
2023-11-29,10,pw_suez_canal_n_total_z,wti,0.0,0.0
2023-11-29,10,pw_suez_canal_n_total_z,brent,0.03954319843009317,0.020279038135208517
2023-11-29,10,pw_suez_canal_n_total_z,henry_hub,0.046581873601007004,0.01690246128408809
2024-01-03,10,audusd,brlusd,0.0,0.0
2024-01-03,10,audusd,cnyusd,0.0015325391656567553,0.0015325391656567553
2024-01-03,10,audusd,krwusd,0.0288457370013545,-0.020372843348414958
2024-01-03,10,audusd,eurusd,0.0,0.0
2024-01-03,10,audusd,sp500,0.004387002188193524,-0.004387002188193524
2024-01-03,10,audusd,vix,0.009333657397689911,0.009333657397689911
2024-01-03,10,audusd,us2y,0.005782058930810475,0.005782058930810475
2024-01-03,10,audusd,us10y,0.0,0.0
2024-01-03,10,audusd,wti,0.0,0.0
2024-01-03,10,audusd,brent,0.0013016841279080626,-0.0013016841279080626
2024-01-03,10,audusd,henry_hub,0.0,0.0
2024-01-03,10,brlusd,audusd,0.0,0.0
2024-01-03,10,brlusd,cnyusd,0.0366456041394101,0.02200554679515205
2024-01-03,10,brlusd,krwusd,0.005370146554028975,0.005370146554028975
2024-01-03,10,brlusd,eurusd,0.0,0.0
2024-01-03,10,brlusd,sp500,0.0,0.0
2024-01-03,10,brlusd,vix,0.0619565108433143,0.03582234547905868
2024-01-03,10,brlusd,us2y,0.02599206029353443,0.01751072240803983
2024-01-03,10,brlusd,us10y,0.00030359382374236664,0.00030359382374236664
2024-01-03,10,brlusd,wti,0.0,0.0
2024-01-03,10,brlusd,brent,0.0210994595831457,-0.011854505961939259
2024-01-03,10,brlusd,henry_hub,0.0,0.0
2024-01-03,10,cnyusd,audusd,0.0,0.0
2024-01-03,10,cnyusd,brlusd,0.054687958883689436,-0.0209905308705907
2024-01-03,10,cnyusd,krwusd,0.022949815765227134,-0.022949815765227134
2024-01-03,10,cnyusd,eurusd,0.032121576735855986,-0.017301763531535033
2024-01-03,10,cnyusd,sp500,0.0,0.0
2024-01-03,10,cnyusd,vix,0.0,0.0
2024-01-03,10,cnyusd,us2y,0.051981382167178423,-0.04741240528038778
2024-01-03,10,cnyusd,us10y,0.08073452676919254,0.03721213602178659
2024-01-03,10,cnyusd,wti,0.0,0.0
2024-01-03,10,cnyusd,brent,0.0,0.0
2024-01-03,10,cnyusd,henry_hub,0.017144946285788207,0.008575624403339116
2024-01-03,10,krwusd,audusd,0.026048767921080223,0.012979415599548808
2024-01-03,10,krwusd,brlusd,0.0,0.0
2024-01-03,10,krwusd,cnyusd,0.09657693807189523,0.03245752249595271
2024-01-03,10,krwusd,eurusd,0.0,0.0
2024-01-03,10,krwusd,sp500,0.0003559769435531788,0.0003559769435531788
2024-01-03,10,krwusd,vix,0.0,0.0
2024-01-03,10,krwusd,us2y,0.0,0.0
2024-01-03,10,krwusd,us10y,0.053052939518739836,-0.022456060614371706
2024-01-03,10,krwusd,wti,0.0,0.0
2024-01-03,10,krwusd,brent,0.0,0.0
2024-01-03,10,krwusd,henry_hub,0.0,0.0
2024-01-03,10,eurusd,audusd,0.0,0.0
2024-01-03,10,eurusd,brlusd,0.0,0.0
2024-01-03,10,eurusd,cnyusd,0.017956958735689938,0.017956958735689938
2024-01-03,10,eurusd,krwusd,0.05599751271003212,0.05599751271003212
2024-01-03,10,eurusd,sp500,0.0,0.0
2024-01-03,10,eurusd,vix,0.010067188647317746,0.010067188647317746
2024-01-03,10,eurusd,us2y,0.0,0.0
2024-01-03,10,eurusd,us10y,0.005268323224207341,-0.005268323224207341
2024-01-03,10,eurusd,wti,0.0,0.0
2024-01-03,10,eurusd,brent,0.0,0.0
2024-01-03,10,eurusd,henry_hub,0.0,0.0
2024-01-03,10,sp500,audusd,0.04985291358096275,0.04985291358096275
2024-01-03,10,sp500,brlusd,0.07615612129472209,0.05604531839037275
2024-01-03,10,sp500,cnyusd,0.03665546903230081,0.032313712799315636
2024-01-03,10,sp500,krwusd,0.0,0.0
2024-01-03,10,sp500,eurusd,0.0,0.0
2024-01-03,10,sp500,vix,0.10876708011272994,0.050054296136776734
2024-01-03,10,sp500,us2y,0.10638223117079844,0.035426385124714355
2024-01-03,10,sp500,us10y,0.020053403788816173,0.019050614676289313
2024-01-03,10,sp500,wti,0.17397528112115157,-0.05805586291883357
2024-01-03,10,sp500,brent,0.066385005343431,-0.02623030772266677
2024-01-03,10,sp500,henry_hub,0.0,0.0
2024-01-03,10,vix,audusd,0.031243724212693124,-0.027626367351574355
2024-01-03,10,vix,brlusd,0.0,0.0
2024-01-03,10,vix,cnyusd,0.001080443266833958,-0.001080443266833958
2024-01-03,10,vix,krwusd,0.05973280251797343,-0.05973280251797343
2024-01-03,10,vix,eurusd,0.027697456607284066,-0.027697456607284066
2024-01-03,10,vix,sp500,0.0,0.0
2024-01-03,10,vix,us2y,0.0,0.0
2024-01-03,10,vix,us10y,0.0,0.0
2024-01-03,10,vix,wti,0.0,0.0
2024-01-03,10,vix,brent,0.0,0.0
2024-01-03,10,vix,henry_hub,0.03948624876085072,0.02965848324286399
2024-01-03,10,us2y,audusd,0.0,0.0
2024-01-03,10,us2y,brlusd,0.002156657968498238,-0.002156657968498238
2024-01-03,10,us2y,cnyusd,0.0,0.0
2024-01-03,10,us2y,krwusd,0.00037821827742229747,-0.00037821827742229747
2024-01-03,10,us2y,eurusd,0.00909088914139906,-0.00909088914139906
2024-01-03,10,us2y,sp500,0.0,0.0
2024-01-03,10,us2y,vix,0.0,0.0
2024-01-03,10,us2y,us10y,0.0,0.0
2024-01-03,10,us2y,wti,0.051145582061450715,-0.016625644823891332
2024-01-03,10,us2y,brent,0.007423099313002451,-0.004142202824366877
2024-01-03,10,us2y,henry_hub,0.0,0.0
2024-01-03,10,us10y,audusd,0.06233361501820278,-0.031776523031905216
2024-01-03,10,us10y,brlusd,0.04682214008794716,-0.019581402532148174
2024-01-03,10,us10y,cnyusd,0.01913166006778615,-0.009126556936718289
2024-01-03,10,us10y,krwusd,0.030117936970487053,-0.027396814969830062
2024-01-03,10,us10y,eurusd,0.040215790043152816,-0.024044710433992957
2024-01-03,10,us10y,sp500,0.15154048124767797,-0.05911523193569873
2024-01-03,10,us10y,vix,0.10100123072434682,0.035922134553012054
2024-01-03,10,us10y,us2y,0.0,0.0
2024-01-03,10,us10y,wti,0.009008839570813679,-0.009008839570813679
2024-01-03,10,us10y,brent,0.0066053000824310235,-0.0066053000824310235
2024-01-03,10,us10y,henry_hub,0.0,0.0
2024-01-03,10,wti,audusd,0.0,0.0
2024-01-03,10,wti,brlusd,0.008324586448048442,-0.008324586448048442
2024-01-03,10,wti,cnyusd,0.0,0.0
2024-01-03,10,wti,krwusd,0.0,0.0
2024-01-03,10,wti,eurusd,0.0,0.0
2024-01-03,10,wti,sp500,0.002104005651161092,-0.002104005651161092
2024-01-03,10,wti,vix,0.007355039981163462,0.007355039981163462
2024-01-03,10,wti,us2y,0.0,0.0
2024-01-03,10,wti,us10y,0.0,0.0
2024-01-03,10,wti,brent,0.1711571591373893,0.16932520185252645
2024-01-03,10,wti,henry_hub,0.0,0.0
2024-01-03,10,brent,audusd,0.0,0.0
2024-01-03,10,brent,brlusd,0.004614088669605884,0.004614088669605884
2024-01-03,10,brent,cnyusd,0.00999926663708428,-0.00999926663708428
2024-01-03,10,brent,krwusd,0.020466153974831865,-0.01854430693878167
2024-01-03,10,brent,eurusd,0.0,0.0
2024-01-03,10,brent,sp500,0.011245398136296884,-0.011245398136296884
2024-01-03,10,brent,vix,0.06330115662885707,0.043165290972831186
2024-01-03,10,brent,us2y,0.0,0.0
2024-01-03,10,brent,us10y,0.0,0.0
2024-01-03,10,brent,wti,0.0,0.0
2024-01-03,10,brent,henry_hub,0.0,0.0
2024-01-03,10,henry_hub,audusd,0.026395907395816577,0.014775732162536673
2024-01-03,10,henry_hub,brlusd,0.008909854101295866,0.008094113090472147
2024-01-03,10,henry_hub,cnyusd,0.007507561233440007,0.004742972629878024
2024-01-03,10,henry_hub,krwusd,0.0,0.0
2024-01-03,10,henry_hub,eurusd,0.0,0.0
2024-01-03,10,henry_hub,sp500,0.03069476444579523,-0.02362007027135897
2024-01-03,10,henry_hub,vix,0.04161535983394209,0.0232573895365001
2024-01-03,10,henry_hub,us2y,0.0,0.0
2024-01-03,10,henry_hub,us10y,0.0,0.0
2024-01-03,10,henry_hub,wti,0.0,0.0
2024-01-03,10,henry_hub,brent,0.0,0.0
2024-01-03,10,pw_bab_el_mandeb_strait_capacity_z,audusd,0.05422917253830194,-0.04245652327456055
2024-01-03,10,pw_bab_el_mandeb_strait_capacity_z,brlusd,0.0077760425288203325,-0.0077760425288203325
2024-01-03,10,pw_bab_el_mandeb_strait_capacity_z,cnyusd,0.032276688164143176,-0.032276688164143176
2024-01-03,10,pw_bab_el_mandeb_strait_capacity_z,krwusd,0.016305685051132467,-0.016305685051132467
2024-01-03,10,pw_bab_el_mandeb_strait_capacity_z,eurusd,0.012884230094144147,-0.012884230094144147
2024-01-03,10,pw_bab_el_mandeb_strait_capacity_z,sp500,0.0,0.0
2024-01-03,10,pw_bab_el_mandeb_strait_capacity_z,vix,0.033594884089088756,0.033594884089088756
2024-01-03,10,pw_bab_el_mandeb_strait_capacity_z,us2y,0.077646128404911,0.044040698182225536
2024-01-03,10,pw_bab_el_mandeb_strait_capacity_z,us10y,0.02282382178963685,0.02282382178963685
2024-01-03,10,pw_bab_el_mandeb_strait_capacity_z,wti,0.022244351288383646,-0.022244351288383646
2024-01-03,10,pw_bab_el_mandeb_strait_capacity_z,brent,0.025598690623240227,-0.025598690623240227
2024-01-03,10,pw_bab_el_mandeb_strait_capacity_z,henry_hub,0.04933975980491955,-0.04933975980491955
2024-01-03,10,pw_bab_el_mandeb_strait_n_total_z,audusd,0.021087319967072575,0.021087319967072575
2024-01-03,10,pw_bab_el_mandeb_strait_n_total_z,brlusd,0.0836149862418363,-0.053845104470924395
2024-01-03,10,pw_bab_el_mandeb_strait_n_total_z,cnyusd,0.011541014086904285,-0.011541014086904285
2024-01-03,10,pw_bab_el_mandeb_strait_n_total_z,krwusd,0.012621666189134928,0.012621666189134928
2024-01-03,10,pw_bab_el_mandeb_strait_n_total_z,eurusd,0.0622097974501151,0.0622097974501151
2024-01-03,10,pw_bab_el_mandeb_strait_n_total_z,sp500,0.022797509219706958,0.011944328372191436
2024-01-03,10,pw_bab_el_mandeb_strait_n_total_z,vix,0.0,0.0
2024-01-03,10,pw_bab_el_mandeb_strait_n_total_z,us2y,0.0,0.0
2024-01-03,10,pw_bab_el_mandeb_strait_n_total_z,us10y,0.12071298264981216,-0.06790763105812224
2024-01-03,10,pw_bab_el_mandeb_strait_n_total_z,wti,0.0,0.0
2024-01-03,10,pw_bab_el_mandeb_strait_n_total_z,brent,0.03533688662701827,-0.03533688662701827
2024-01-03,10,pw_bab_el_mandeb_strait_n_total_z,henry_hub,0.0,0.0
2024-01-03,10,pw_cape_of_good_hope_capacity_z,audusd,0.0,0.0
2024-01-03,10,pw_cape_of_good_hope_capacity_z,brlusd,0.08781722037029,-0.03934995908442039
2024-01-03,10,pw_cape_of_good_hope_capacity_z,cnyusd,0.08839285643342024,-0.04113071304231214
2024-01-03,10,pw_cape_of_good_hope_capacity_z,krwusd,0.0008237579785657035,0.0008237579785657035
2024-01-03,10,pw_cape_of_good_hope_capacity_z,eurusd,0.06079252950760632,0.04379063681264756
2024-01-03,10,pw_cape_of_good_hope_capacity_z,sp500,0.0,0.0
2024-01-03,10,pw_cape_of_good_hope_capacity_z,vix,0.0,0.0
2024-01-03,10,pw_cape_of_good_hope_capacity_z,us2y,0.0,0.0
2024-01-03,10,pw_cape_of_good_hope_capacity_z,us10y,0.008788552639119875,0.007594858493065748
2024-01-03,10,pw_cape_of_good_hope_capacity_z,wti,0.034641303501104684,-0.026750056860656037
2024-01-03,10,pw_cape_of_good_hope_capacity_z,brent,0.10635709019567005,0.07749432055421475
2024-01-03,10,pw_cape_of_good_hope_capacity_z,henry_hub,0.24716068685867115,-0.09568853122337435
2024-01-03,10,pw_cape_of_good_hope_n_total_z,audusd,0.05707876327963631,0.029345001162456898
2024-01-03,10,pw_cape_of_good_hope_n_total_z,brlusd,0.06328086173730738,0.05195755522141914
2024-01-03,10,pw_cape_of_good_hope_n_total_z,cnyusd,0.0,0.0
2024-01-03,10,pw_cape_of_good_hope_n_total_z,krwusd,0.0,0.0
2024-01-03,10,pw_cape_of_good_hope_n_total_z,eurusd,0.0903340965455291,0.05634414571684652
2024-01-03,10,pw_cape_of_good_hope_n_total_z,sp500,0.047414760058122105,0.022066076640401184
2024-01-03,10,pw_cape_of_good_hope_n_total_z,vix,0.07675200179759761,-0.03154974861983277
2024-01-03,10,pw_cape_of_good_hope_n_total_z,us2y,0.0,0.0
2024-01-03,10,pw_cape_of_good_hope_n_total_z,us10y,0.0014055078884989871,-0.0014055078884989871
2024-01-03,10,pw_cape_of_good_hope_n_total_z,wti,0.04255674178511196,-0.026359370071918405
2024-01-03,10,pw_cape_of_good_hope_n_total_z,brent,0.026025343978866317,-0.026025343978866317
2024-01-03,10,pw_cape_of_good_hope_n_total_z,henry_hub,0.3326455756381037,0.12705398943590135
2024-01-03,10,pw_malacca_strait_capacity_z,audusd,0.0,0.0
2024-01-03,10,pw_malacca_strait_capacity_z,brlusd,0.005563277898686361,-0.005563277898686361
2024-01-03,10,pw_malacca_strait_capacity_z,cnyusd,0.0,0.0
2024-01-03,10,pw_malacca_strait_capacity_z,krwusd,0.05018595226973955,0.04077513485111708
2024-01-03,10,pw_malacca_strait_capacity_z,eurusd,0.0,0.0
2024-01-03,10,pw_malacca_strait_capacity_z,sp500,0.0,0.0
2024-01-03,10,pw_malacca_strait_capacity_z,vix,0.0,0.0
2024-01-03,10,pw_malacca_strait_capacity_z,us2y,0.09278154252820153,0.09278154252820153
2024-01-03,10,pw_malacca_strait_capacity_z,us10y,0.0,0.0
2024-01-03,10,pw_malacca_strait_capacity_z,wti,0.038299228424897976,-0.038299228424897976
2024-01-03,10,pw_malacca_strait_capacity_z,brent,0.08534624294648234,-0.06439877859061367
2024-01-03,10,pw_malacca_strait_capacity_z,henry_hub,0.0,0.0
2024-01-03,10,pw_malacca_strait_n_total_z,audusd,0.08411186090073773,-0.08411186090073773
2024-01-03,10,pw_malacca_strait_n_total_z,brlusd,0.0,0.0
2024-01-03,10,pw_malacca_strait_n_total_z,cnyusd,0.17756573792772484,-0.10469803266421718
2024-01-03,10,pw_malacca_strait_n_total_z,krwusd,0.14050656166380443,-0.1289982768740509
2024-01-03,10,pw_malacca_strait_n_total_z,eurusd,0.17761573904536704,-0.11627542568606718
2024-01-03,10,pw_malacca_strait_n_total_z,sp500,0.1405335409501461,-0.08462619314090505
2024-01-03,10,pw_malacca_strait_n_total_z,vix,0.002927858917502915,0.002927858917502915
2024-01-03,10,pw_malacca_strait_n_total_z,us2y,0.035406115050438884,0.02873182719240065
2024-01-03,10,pw_malacca_strait_n_total_z,us10y,0.0,0.0
2024-01-03,10,pw_malacca_strait_n_total_z,wti,0.03442504421497008,-0.03442504421497008
2024-01-03,10,pw_malacca_strait_n_total_z,brent,0.08606614629194126,-0.08606614629194126
2024-01-03,10,pw_malacca_strait_n_total_z,henry_hub,0.014246556306974544,0.014246556306974544
2024-01-03,10,pw_panama_canal_capacity_z,audusd,0.034642798113461604,-0.034642798113461604
2024-01-03,10,pw_panama_canal_capacity_z,brlusd,0.0,0.0
2024-01-03,10,pw_panama_canal_capacity_z,cnyusd,0.05347862322840238,-0.05347862322840238
2024-01-03,10,pw_panama_canal_capacity_z,krwusd,0.15056098149206534,-0.13812759709604144
2024-01-03,10,pw_panama_canal_capacity_z,eurusd,0.0,0.0
2024-01-03,10,pw_panama_canal_capacity_z,sp500,0.04909099890809048,0.04909099890809048
2024-01-03,10,pw_panama_canal_capacity_z,vix,0.11354871768817913,-0.11354871768817913
2024-01-03,10,pw_panama_canal_capacity_z,us2y,0.0,0.0
2024-01-03,10,pw_panama_canal_capacity_z,us10y,0.13795624962721764,0.08114051766097809
2024-01-03,10,pw_panama_canal_capacity_z,wti,0.0,0.0
2024-01-03,10,pw_panama_canal_capacity_z,brent,0.0,0.0
2024-01-03,10,pw_panama_canal_capacity_z,henry_hub,0.0,0.0
2024-01-03,10,pw_panama_canal_n_total_z,audusd,0.11909858723851681,-0.07138089158760134
2024-01-03,10,pw_panama_canal_n_total_z,brlusd,0.024800419432475386,0.022283059897110744
2024-01-03,10,pw_panama_canal_n_total_z,cnyusd,0.016935200368066484,0.016935200368066484
2024-01-03,10,pw_panama_canal_n_total_z,krwusd,0.0,0.0
2024-01-03,10,pw_panama_canal_n_total_z,eurusd,0.04847221077947718,-0.033698583760925875
2024-01-03,10,pw_panama_canal_n_total_z,sp500,0.0,0.0
2024-01-03,10,pw_panama_canal_n_total_z,vix,0.0,0.0
2024-01-03,10,pw_panama_canal_n_total_z,us2y,0.10330104373756353,0.10330104373756353
2024-01-03,10,pw_panama_canal_n_total_z,us10y,0.004073646789469309,0.004073646789469309
2024-01-03,10,pw_panama_canal_n_total_z,wti,0.018566217341902884,0.015250922923925254
2024-01-03,10,pw_panama_canal_n_total_z,brent,0.05050228405325136,0.04053450129932314
2024-01-03,10,pw_panama_canal_n_total_z,henry_hub,0.17832837386143863,0.10111771817533112
2024-01-03,10,pw_strait_of_hormuz_capacity_z,audusd,0.17252237475335944,0.11753561704200197
2024-01-03,10,pw_strait_of_hormuz_capacity_z,brlusd,0.0,0.0
2024-01-03,10,pw_strait_of_hormuz_capacity_z,cnyusd,0.0,0.0
2024-01-03,10,pw_strait_of_hormuz_capacity_z,krwusd,0.0,0.0
2024-01-03,10,pw_strait_of_hormuz_capacity_z,eurusd,0.052036425523909365,0.026939558053661612
2024-01-03,10,pw_strait_of_hormuz_capacity_z,sp500,0.04602278222228602,0.02453669651033064
2024-01-03,10,pw_strait_of_hormuz_capacity_z,vix,0.004958094766523019,-0.00471887987882944
2024-01-03,10,pw_strait_of_hormuz_capacity_z,us2y,0.0384324909344989,0.0384324909344989
2024-01-03,10,pw_strait_of_hormuz_capacity_z,us10y,0.057914865061511514,0.0507540604582295
2024-01-03,10,pw_strait_of_hormuz_capacity_z,wti,0.2263071547557047,0.17115438927436105
2024-01-03,10,pw_strait_of_hormuz_capacity_z,brent,0.27747018175718247,0.2076685365172103
2024-01-03,10,pw_strait_of_hormuz_capacity_z,henry_hub,0.08064255477613476,0.04460859761327186
2024-01-03,10,pw_strait_of_hormuz_n_total_z,audusd,0.07656320994588332,0.04015750961716559
2024-01-03,10,pw_strait_of_hormuz_n_total_z,brlusd,0.09116066293208311,0.03487677766494857
2024-01-03,10,pw_strait_of_hormuz_n_total_z,cnyusd,0.01912727834222664,0.01912727834222664
2024-01-03,10,pw_strait_of_hormuz_n_total_z,krwusd,0.07785676046711867,0.04641643232218884
2024-01-03,10,pw_strait_of_hormuz_n_total_z,eurusd,0.008901425208896972,0.008901425208896972
2024-01-03,10,pw_strait_of_hormuz_n_total_z,sp500,0.0,0.0
2024-01-03,10,pw_strait_of_hormuz_n_total_z,vix,0.0,0.0
2024-01-03,10,pw_strait_of_hormuz_n_total_z,us2y,0.01844620116130419,0.014009197709813829
2024-01-03,10,pw_strait_of_hormuz_n_total_z,us10y,0.10193389953027376,0.07296666779490342
2024-01-03,10,pw_strait_of_hormuz_n_total_z,wti,0.0,0.0
2024-01-03,10,pw_strait_of_hormuz_n_total_z,brent,0.0,0.0
2024-01-03,10,pw_strait_of_hormuz_n_total_z,henry_hub,0.0,0.0
2024-01-03,10,pw_suez_canal_capacity_z,audusd,0.055003416048155694,-0.02413926363044327
2024-01-03,10,pw_suez_canal_capacity_z,brlusd,0.020048358139978625,0.020048358139978625
2024-01-03,10,pw_suez_canal_capacity_z,cnyusd,0.22118225753737747,-0.12273700086573869
2024-01-03,10,pw_suez_canal_capacity_z,krwusd,0.021505239123659543,-0.021505239123659543
2024-01-03,10,pw_suez_canal_capacity_z,eurusd,0.12270024304916106,-0.07345888912738885
2024-01-03,10,pw_suez_canal_capacity_z,sp500,0.02336043275943771,-0.02336043275943771
2024-01-03,10,pw_suez_canal_capacity_z,vix,0.057887089569916506,0.057887089569916506
2024-01-03,10,pw_suez_canal_capacity_z,us2y,0.0,0.0
2024-01-03,10,pw_suez_canal_capacity_z,us10y,0.024545325366527565,0.024545325366527565
2024-01-03,10,pw_suez_canal_capacity_z,wti,0.02395768508419244,0.013070135525710222
2024-01-03,10,pw_suez_canal_capacity_z,brent,0.0,0.0
2024-01-03,10,pw_suez_canal_capacity_z,henry_hub,0.0,0.0
2024-01-03,10,pw_suez_canal_n_total_z,audusd,0.0,0.0
2024-01-03,10,pw_suez_canal_n_total_z,brlusd,0.0,0.0
2024-01-03,10,pw_suez_canal_n_total_z,cnyusd,0.0,0.0
2024-01-03,10,pw_suez_canal_n_total_z,krwusd,0.0,0.0
2024-01-03,10,pw_suez_canal_n_total_z,eurusd,0.0,0.0
2024-01-03,10,pw_suez_canal_n_total_z,sp500,0.0,0.0
2024-01-03,10,pw_suez_canal_n_total_z,vix,0.0,0.0
2024-01-03,10,pw_suez_canal_n_total_z,us2y,0.0,0.0
2024-01-03,10,pw_suez_canal_n_total_z,us10y,0.0,0.0
2024-01-03,10,pw_suez_canal_n_total_z,wti,0.0,0.0
2024-01-03,10,pw_suez_canal_n_total_z,brent,0.04324213056326031,0.015842299252538716
2024-01-03,10,pw_suez_canal_n_total_z,henry_hub,0.04895774626216748,0.022919775747623085
2024-02-02,10,audusd,brlusd,0.0,0.0
2024-02-02,10,audusd,cnyusd,0.0020260176769102013,0.0020260176769102013
2024-02-02,10,audusd,krwusd,0.04141369837257121,-0.025399679587564453
2024-02-02,10,audusd,eurusd,0.0,0.0
2024-02-02,10,audusd,sp500,0.0028260191735096697,-0.0028260191735096697
2024-02-02,10,audusd,vix,0.007809948773626513,0.007809948773626513
2024-02-02,10,audusd,us2y,0.0033648425472497263,0.0033648425472497263
2024-02-02,10,audusd,us10y,0.0,0.0
2024-02-02,10,audusd,wti,0.004048825033007263,-0.004048825033007263
2024-02-02,10,audusd,brent,0.0021205700624571467,-0.0021205700624571467
2024-02-02,10,audusd,henry_hub,0.0,0.0
2024-02-02,10,brlusd,audusd,0.0,0.0
2024-02-02,10,brlusd,cnyusd,0.03572498919614775,0.02144258155613692
2024-02-02,10,brlusd,krwusd,0.004776580384670313,0.004776580384670313
2024-02-02,10,brlusd,eurusd,0.0,0.0
2024-02-02,10,brlusd,sp500,0.0,0.0
2024-02-02,10,brlusd,vix,0.061503626243342116,0.03625342538018527
2024-02-02,10,brlusd,us2y,0.026667138441358953,0.01754312241396917
2024-02-02,10,brlusd,us10y,0.0029855434661944713,0.0029855434661944713
2024-02-02,10,brlusd,wti,0.0,0.0
2024-02-02,10,brlusd,brent,0.02079051171108634,-0.012060679176003833
2024-02-02,10,brlusd,henry_hub,0.0,0.0
2024-02-02,10,cnyusd,audusd,0.0,0.0
2024-02-02,10,cnyusd,brlusd,0.048824201384270856,-0.017728114962305377
2024-02-02,10,cnyusd,krwusd,0.023264600219628628,-0.023264600219628628
2024-02-02,10,cnyusd,eurusd,0.030209859474947965,-0.016088605129094796
2024-02-02,10,cnyusd,sp500,0.0,0.0
2024-02-02,10,cnyusd,vix,0.0,0.0
2024-02-02,10,cnyusd,us2y,0.05071000941184567,-0.046527683542641037
2024-02-02,10,cnyusd,us10y,0.07966843209002894,0.03875834947420323
2024-02-02,10,cnyusd,wti,0.0,0.0
2024-02-02,10,cnyusd,brent,0.0,0.0
2024-02-02,10,cnyusd,henry_hub,0.007414703484507957,0.006449032255369017
2024-02-02,10,krwusd,audusd,0.035578910576821804,0.016877493223788332
2024-02-02,10,krwusd,brlusd,0.0,0.0
2024-02-02,10,krwusd,cnyusd,0.09868304099234809,0.0340285128132118
2024-02-02,10,krwusd,eurusd,0.0,0.0
2024-02-02,10,krwusd,sp500,0.0,0.0
2024-02-02,10,krwusd,vix,0.0,0.0
2024-02-02,10,krwusd,us2y,0.0,0.0
2024-02-02,10,krwusd,us10y,0.05020259110561376,-0.025710363762207387
2024-02-02,10,krwusd,wti,0.0,0.0
2024-02-02,10,krwusd,brent,0.0,0.0
2024-02-02,10,krwusd,henry_hub,0.0,0.0
2024-02-02,10,eurusd,audusd,0.0,0.0
2024-02-02,10,eurusd,brlusd,0.0,0.0
2024-02-02,10,eurusd,cnyusd,0.01570521224120367,0.01570521224120367
2024-02-02,10,eurusd,krwusd,0.0537062736501505,0.0537062736501505
2024-02-02,10,eurusd,sp500,0.0,0.0
2024-02-02,10,eurusd,vix,0.008478448328042837,0.008478448328042837
2024-02-02,10,eurusd,us2y,0.0,0.0
2024-02-02,10,eurusd,us10y,0.00360749391500009,-0.00360749391500009
2024-02-02,10,eurusd,wti,0.0,0.0
2024-02-02,10,eurusd,brent,0.0,0.0
2024-02-02,10,eurusd,henry_hub,0.0,0.0
2024-02-02,10,sp500,audusd,0.04664394613737552,0.04664394613737552
2024-02-02,10,sp500,brlusd,0.07711867468067642,0.056687540921949234
2024-02-02,10,sp500,cnyusd,0.03834349225956349,0.03405969049842783
2024-02-02,10,sp500,krwusd,0.0,0.0
2024-02-02,10,sp500,eurusd,0.0,0.0
2024-02-02,10,sp500,vix,0.11657510270630556,0.05201471316618746
2024-02-02,10,sp500,us2y,0.10116503817081123,0.034718307387343654
2024-02-02,10,sp500,us10y,0.02223786445821072,0.0199532699012795
2024-02-02,10,sp500,wti,0.16493658580599616,-0.053965567558178336
2024-02-02,10,sp500,brent,0.06908658129557027,-0.02555871504519081
2024-02-02,10,sp500,henry_hub,0.0,0.0
2024-02-02,10,vix,audusd,0.034275055670375275,-0.02986383850690664
2024-02-02,10,vix,brlusd,0.0,0.0
2024-02-02,10,vix,cnyusd,0.0,0.0
2024-02-02,10,vix,krwusd,0.05893020196955152,-0.05893020196955152
2024-02-02,10,vix,eurusd,0.02734845728149578,-0.02734845728149578
2024-02-02,10,vix,sp500,0.0,0.0
2024-02-02,10,vix,us2y,0.0,0.0
2024-02-02,10,vix,us10y,0.0,0.0
2024-02-02,10,vix,wti,0.0,0.0
2024-02-02,10,vix,brent,0.0,0.0
2024-02-02,10,vix,henry_hub,0.02664152643482576,0.024259296664374708
2024-02-02,10,us2y,audusd,0.0,0.0
2024-02-02,10,us2y,brlusd,0.0021327762273216475,-0.0021327762273216475
2024-02-02,10,us2y,cnyusd,0.0,0.0
2024-02-02,10,us2y,krwusd,0.0,0.0
2024-02-02,10,us2y,eurusd,0.004421385588352867,-0.004421385588352867
2024-02-02,10,us2y,sp500,0.0,0.0
2024-02-02,10,us2y,vix,0.0,0.0
2024-02-02,10,us2y,us10y,0.0,0.0
2024-02-02,10,us2y,wti,0.060661737957765256,-0.017080967293084674
2024-02-02,10,us2y,brent,0.0006907587585787346,-0.0006907587585787346
2024-02-02,10,us2y,henry_hub,0.0,0.0
2024-02-02,10,us10y,audusd,0.05738251570121463,-0.028637709728879465
2024-02-02,10,us10y,brlusd,0.05007654572671065,-0.021016695497449403
2024-02-02,10,us10y,cnyusd,0.023629720935658485,-0.012181228677127762
2024-02-02,10,us10y,krwusd,0.028705231567970512,-0.028705231567970512
2024-02-02,10,us10y,eurusd,0.042900328056781595,-0.027517424037057484
2024-02-02,10,us10y,sp500,0.12973966216447858,-0.052761630022168424
2024-02-02,10,us10y,vix,0.0899721233572036,0.032597373261099453
2024-02-02,10,us10y,us2y,0.0,0.0
2024-02-02,10,us10y,wti,0.004305944342560754,-0.004305944342560754
2024-02-02,10,us10y,brent,0.005800000421728307,-0.005800000421728307
2024-02-02,10,us10y,henry_hub,0.0001836417478804531,0.0001836417478804531
2024-02-02,10,wti,audusd,0.0,0.0
2024-02-02,10,wti,brlusd,0.008153999204005374,-0.008153999204005374
2024-02-02,10,wti,cnyusd,0.0,0.0
2024-02-02,10,wti,krwusd,0.0,0.0
2024-02-02,10,wti,eurusd,0.0,0.0
2024-02-02,10,wti,sp500,0.0026122951183790437,-0.0026122951183790437
2024-02-02,10,wti,vix,0.007643855395147509,0.007643855395147509
2024-02-02,10,wti,us2y,0.0,0.0
2024-02-02,10,wti,us10y,0.0,0.0
2024-02-02,10,wti,brent,0.1723932100169321,0.16793793644721233
2024-02-02,10,wti,henry_hub,0.0,0.0
2024-02-02,10,brent,audusd,0.0,0.0
2024-02-02,10,brent,brlusd,0.004312000899349922,0.004312000899349922
2024-02-02,10,brent,cnyusd,0.009645394571875668,-0.009645394571875668
2024-02-02,10,brent,krwusd,0.017887325025193013,-0.017439979323434076
2024-02-02,10,brent,eurusd,0.0,0.0
2024-02-02,10,brent,sp500,0.010474525494035151,-0.010474525494035151
2024-02-02,10,brent,vix,0.0641046878244542,0.04322127102142181
2024-02-02,10,brent,us2y,0.0,0.0
2024-02-02,10,brent,us10y,0.0,0.0
2024-02-02,10,brent,wti,0.0,0.0
2024-02-02,10,brent,henry_hub,0.0,0.0
2024-02-02,10,henry_hub,audusd,0.002883370430196475,0.002883370430196475
2024-02-02,10,henry_hub,brlusd,0.007077187917745719,0.007077187917745719
2024-02-02,10,henry_hub,cnyusd,0.0024650652757922937,0.0024650652757922937
2024-02-02,10,henry_hub,krwusd,0.0,0.0
2024-02-02,10,henry_hub,eurusd,0.0,0.0
2024-02-02,10,henry_hub,sp500,0.0246039155275452,-0.019560843327363665
2024-02-02,10,henry_hub,vix,0.04129108634444998,0.02315421101624601
2024-02-02,10,henry_hub,us2y,0.0,0.0
2024-02-02,10,henry_hub,us10y,0.0,0.0
2024-02-02,10,henry_hub,wti,0.0,0.0
2024-02-02,10,henry_hub,brent,0.0,0.0
2024-02-02,10,pw_bab_el_mandeb_strait_capacity_z,audusd,0.028447708086972504,-0.028447708086972504
2024-02-02,10,pw_bab_el_mandeb_strait_capacity_z,brlusd,0.009926570342867562,-0.009926570342867562
2024-02-02,10,pw_bab_el_mandeb_strait_capacity_z,cnyusd,0.024019117663687962,-0.024019117663687962
2024-02-02,10,pw_bab_el_mandeb_strait_capacity_z,krwusd,0.0,0.0
2024-02-02,10,pw_bab_el_mandeb_strait_capacity_z,eurusd,0.0,0.0
2024-02-02,10,pw_bab_el_mandeb_strait_capacity_z,sp500,0.0,0.0
2024-02-02,10,pw_bab_el_mandeb_strait_capacity_z,vix,0.028709751287694006,0.028709751287694006
2024-02-02,10,pw_bab_el_mandeb_strait_capacity_z,us2y,0.08504288863451492,0.04703677957649583
2024-02-02,10,pw_bab_el_mandeb_strait_capacity_z,us10y,0.015534537443195958,0.015534537443195958
2024-02-02,10,pw_bab_el_mandeb_strait_capacity_z,wti,0.03392887716128573,-0.03332929875945618
2024-02-02,10,pw_bab_el_mandeb_strait_capacity_z,brent,0.02827804892533731,-0.02635905471858786
2024-02-02,10,pw_bab_el_mandeb_strait_capacity_z,henry_hub,0.1497624756114419,-0.1497624756114419
2024-02-02,10,pw_bab_el_mandeb_strait_n_total_z,audusd,0.007146844356093426,0.007146844356093426
2024-02-02,10,pw_bab_el_mandeb_strait_n_total_z,brlusd,0.06594653024739293,-0.04479024981172164
2024-02-02,10,pw_bab_el_mandeb_strait_n_total_z,cnyusd,0.0,0.0
2024-02-02,10,pw_bab_el_mandeb_strait_n_total_z,krwusd,0.0038151348293958428,0.0038151348293958428
2024-02-02,10,pw_bab_el_mandeb_strait_n_total_z,eurusd,0.06835610218277366,0.06835610218277366
2024-02-02,10,pw_bab_el_mandeb_strait_n_total_z,sp500,0.0,0.0
2024-02-02,10,pw_bab_el_mandeb_strait_n_total_z,vix,0.0,0.0
2024-02-02,10,pw_bab_el_mandeb_strait_n_total_z,us2y,0.0,0.0
2024-02-02,10,pw_bab_el_mandeb_strait_n_total_z,us10y,0.08473341573546747,-0.05144824559741619
2024-02-02,10,pw_bab_el_mandeb_strait_n_total_z,wti,0.0,0.0
2024-02-02,10,pw_bab_el_mandeb_strait_n_total_z,brent,0.0432295286219545,-0.0432295286219545
2024-02-02,10,pw_bab_el_mandeb_strait_n_total_z,henry_hub,0.08816798202109295,-0.08816798202109295
2024-02-02,10,pw_cape_of_good_hope_capacity_z,audusd,0.0,0.0
2024-02-02,10,pw_cape_of_good_hope_capacity_z,brlusd,0.0892514842063695,-0.04114903491870833
2024-02-02,10,pw_cape_of_good_hope_capacity_z,cnyusd,0.09877013462996492,-0.04428363028891998
2024-02-02,10,pw_cape_of_good_hope_capacity_z,krwusd,0.0,0.0
2024-02-02,10,pw_cape_of_good_hope_capacity_z,eurusd,0.0582309831290955,0.03602926251902349
2024-02-02,10,pw_cape_of_good_hope_capacity_z,sp500,0.0,0.0
2024-02-02,10,pw_cape_of_good_hope_capacity_z,vix,0.0,0.0
2024-02-02,10,pw_cape_of_good_hope_capacity_z,us2y,0.0,0.0
2024-02-02,10,pw_cape_of_good_hope_capacity_z,us10y,0.010202254509655674,0.005876099981354044
2024-02-02,10,pw_cape_of_good_hope_capacity_z,wti,0.033034578235023,-0.027929295658026217
2024-02-02,10,pw_cape_of_good_hope_capacity_z,brent,0.10223953548729224,0.07592801000409581
2024-02-02,10,pw_cape_of_good_hope_capacity_z,henry_hub,0.17733582117784805,-0.05819354954066842
2024-02-02,10,pw_cape_of_good_hope_n_total_z,audusd,0.031008331518121487,0.028357990187552955
2024-02-02,10,pw_cape_of_good_hope_n_total_z,brlusd,0.05553690785633616,0.04946207311097009
2024-02-02,10,pw_cape_of_good_hope_n_total_z,cnyusd,0.0,0.0
2024-02-02,10,pw_cape_of_good_hope_n_total_z,krwusd,0.0,0.0
2024-02-02,10,pw_cape_of_good_hope_n_total_z,eurusd,0.07419569819749712,0.04856951995118773
2024-02-02,10,pw_cape_of_good_hope_n_total_z,sp500,0.06325386639387758,0.030121863890603007
2024-02-02,10,pw_cape_of_good_hope_n_total_z,vix,0.0732696948510943,-0.029798273723350848
2024-02-02,10,pw_cape_of_good_hope_n_total_z,us2y,0.0,0.0
2024-02-02,10,pw_cape_of_good_hope_n_total_z,us10y,0.014684958932997658,-0.014684958932997658
2024-02-02,10,pw_cape_of_good_hope_n_total_z,wti,0.02518252443921231,-0.0133911929205277
2024-02-02,10,pw_cape_of_good_hope_n_total_z,brent,0.020241363188461037,-0.020241363188461037
2024-02-02,10,pw_cape_of_good_hope_n_total_z,henry_hub,0.323645906989257,0.09374360318167989
2024-02-02,10,pw_malacca_strait_capacity_z,audusd,0.0,0.0
2024-02-02,10,pw_malacca_strait_capacity_z,brlusd,0.004961390813867627,-0.004961390813867627
2024-02-02,10,pw_malacca_strait_capacity_z,cnyusd,0.0,0.0
2024-02-02,10,pw_malacca_strait_capacity_z,krwusd,0.07386172423075332,0.052614974465222474
2024-02-02,10,pw_malacca_strait_capacity_z,eurusd,0.0,0.0
2024-02-02,10,pw_malacca_strait_capacity_z,sp500,0.0,0.0
2024-02-02,10,pw_malacca_strait_capacity_z,vix,0.0,0.0
2024-02-02,10,pw_malacca_strait_capacity_z,us2y,0.0938222558497337,0.08541119402154486
2024-02-02,10,pw_malacca_strait_capacity_z,us10y,0.0,0.0
2024-02-02,10,pw_malacca_strait_capacity_z,wti,0.04042244105869877,-0.04042244105869877
2024-02-02,10,pw_malacca_strait_capacity_z,brent,0.08846025353653178,-0.05987116858766786
2024-02-02,10,pw_malacca_strait_capacity_z,henry_hub,0.0029381827745568814,-0.0029381827745568814
2024-02-02,10,pw_malacca_strait_n_total_z,audusd,0.10302415078024961,-0.08465568794896978
2024-02-02,10,pw_malacca_strait_n_total_z,brlusd,0.0,0.0
2024-02-02,10,pw_malacca_strait_n_total_z,cnyusd,0.18146821365998456,-0.11192112377135353
2024-02-02,10,pw_malacca_strait_n_total_z,krwusd,0.17266661633626107,-0.14160730429034085
2024-02-02,10,pw_malacca_strait_n_total_z,eurusd,0.18524320778014744,-0.11514462508810554
2024-02-02,10,pw_malacca_strait_n_total_z,sp500,0.13478624010814283,-0.06158718058055119
2024-02-02,10,pw_malacca_strait_n_total_z,vix,0.0,0.0
2024-02-02,10,pw_malacca_strait_n_total_z,us2y,0.03020159882316802,0.03020159882316802
2024-02-02,10,pw_malacca_strait_n_total_z,us10y,0.014110648802075024,0.014110648802075024
2024-02-02,10,pw_malacca_strait_n_total_z,wti,0.025827783990997007,-0.025827783990997007
2024-02-02,10,pw_malacca_strait_n_total_z,brent,0.07739500653290024,-0.07739500653290024
2024-02-02,10,pw_malacca_strait_n_total_z,henry_hub,0.06066031875749263,0.031082562816177668
2024-02-02,10,pw_panama_canal_capacity_z,audusd,0.04866107003971502,-0.04866107003971502
2024-02-02,10,pw_panama_canal_capacity_z,brlusd,0.0,0.0
2024-02-02,10,pw_panama_canal_capacity_z,cnyusd,0.047433315883456416,-0.045861732874788196
2024-02-02,10,pw_panama_canal_capacity_z,krwusd,0.12717895563233308,-0.12717895563233308
2024-02-02,10,pw_panama_canal_capacity_z,eurusd,0.0,0.0
2024-02-02,10,pw_panama_canal_capacity_z,sp500,0.03762433766417708,0.03762433766417708
2024-02-02,10,pw_panama_canal_capacity_z,vix,0.11645891217424713,-0.11645891217424713
2024-02-02,10,pw_panama_canal_capacity_z,us2y,0.0,0.0
2024-02-02,10,pw_panama_canal_capacity_z,us10y,0.12811393079978578,0.07985585520579917
2024-02-02,10,pw_panama_canal_capacity_z,wti,0.0,0.0
2024-02-02,10,pw_panama_canal_capacity_z,brent,0.004068357393491938,0.004068357393491938
2024-02-02,10,pw_panama_canal_capacity_z,henry_hub,0.0,0.0
2024-02-02,10,pw_panama_canal_n_total_z,audusd,0.07081289865432772,-0.04634923788628198
2024-02-02,10,pw_panama_canal_n_total_z,brlusd,0.019009880012675395,0.019009880012675395
2024-02-02,10,pw_panama_canal_n_total_z,cnyusd,0.012454768862663324,0.012454768862663324
2024-02-02,10,pw_panama_canal_n_total_z,krwusd,0.0,0.0
2024-02-02,10,pw_panama_canal_n_total_z,eurusd,0.03365013504358382,-0.030491348687523075
2024-02-02,10,pw_panama_canal_n_total_z,sp500,0.0,0.0
2024-02-02,10,pw_panama_canal_n_total_z,vix,0.0,0.0
2024-02-02,10,pw_panama_canal_n_total_z,us2y,0.11689203655689277,0.11689203655689277
2024-02-02,10,pw_panama_canal_n_total_z,us10y,0.0,0.0
2024-02-02,10,pw_panama_canal_n_total_z,wti,0.016493403733126855,-0.008758184400361762
2024-02-02,10,pw_panama_canal_n_total_z,brent,0.04038575315925539,0.02068348301802235
2024-02-02,10,pw_panama_canal_n_total_z,henry_hub,0.0,0.0
2024-02-02,10,pw_strait_of_hormuz_capacity_z,audusd,0.1610325461404128,0.10379410776421445
2024-02-02,10,pw_strait_of_hormuz_capacity_z,brlusd,0.0,0.0
2024-02-02,10,pw_strait_of_hormuz_capacity_z,cnyusd,0.0,0.0
2024-02-02,10,pw_strait_of_hormuz_capacity_z,krwusd,0.0,0.0
2024-02-02,10,pw_strait_of_hormuz_capacity_z,eurusd,0.044915633619073456,0.032405879153882246
2024-02-02,10,pw_strait_of_hormuz_capacity_z,sp500,0.044585832232949145,0.016815513909088593
2024-02-02,10,pw_strait_of_hormuz_capacity_z,vix,0.0008168754070126503,-0.0008168754070126503
2024-02-02,10,pw_strait_of_hormuz_capacity_z,us2y,0.0359235130503061,0.03525269353216361
2024-02-02,10,pw_strait_of_hormuz_capacity_z,us10y,0.05712316058347746,0.05712316058347746
2024-02-02,10,pw_strait_of_hormuz_capacity_z,wti,0.22819100019695332,0.16377302014592238
2024-02-02,10,pw_strait_of_hormuz_capacity_z,brent,0.2736050724130672,0.20210224265560928
2024-02-02,10,pw_strait_of_hormuz_capacity_z,henry_hub,0.035203632472522034,0.035203632472522034
2024-02-02,10,pw_strait_of_hormuz_n_total_z,audusd,0.09169716840991537,0.038557598932859115
2024-02-02,10,pw_strait_of_hormuz_n_total_z,brlusd,0.08647888685057553,0.03757450284167783
2024-02-02,10,pw_strait_of_hormuz_n_total_z,cnyusd,0.020293099771187966,0.020293099771187966
2024-02-02,10,pw_strait_of_hormuz_n_total_z,krwusd,0.09293911535106464,0.06078129266483874
2024-02-02,10,pw_strait_of_hormuz_n_total_z,eurusd,0.014638811317289998,0.014638811317289998
2024-02-02,10,pw_strait_of_hormuz_n_total_z,sp500,0.0,0.0
2024-02-02,10,pw_strait_of_hormuz_n_total_z,vix,0.0,0.0
2024-02-02,10,pw_strait_of_hormuz_n_total_z,us2y,0.023884227382570483,0.012657332986790473
2024-02-02,10,pw_strait_of_hormuz_n_total_z,us10y,0.08317591060054685,0.07864027327270165
2024-02-02,10,pw_strait_of_hormuz_n_total_z,wti,0.0,0.0
2024-02-02,10,pw_strait_of_hormuz_n_total_z,brent,0.0,0.0
2024-02-02,10,pw_strait_of_hormuz_n_total_z,henry_hub,0.0,0.0
2024-02-02,10,pw_suez_canal_capacity_z,audusd,0.033968515076844154,-0.01599279937541589
2024-02-02,10,pw_suez_canal_capacity_z,brlusd,0.013643296080189304,0.013643296080189304
2024-02-02,10,pw_suez_canal_capacity_z,cnyusd,0.22763023050796624,-0.1294081372880927
2024-02-02,10,pw_suez_canal_capacity_z,krwusd,0.007347066709172647,-0.007347066709172647
2024-02-02,10,pw_suez_canal_capacity_z,eurusd,0.11536862911309023,-0.0766924576447829
2024-02-02,10,pw_suez_canal_capacity_z,sp500,0.025140768803088267,-0.024521734102651512
2024-02-02,10,pw_suez_canal_capacity_z,vix,0.06083702825300668,0.06083702825300668
2024-02-02,10,pw_suez_canal_capacity_z,us2y,0.0,0.0
2024-02-02,10,pw_suez_canal_capacity_z,us10y,0.01418143344630813,0.01418143344630813
2024-02-02,10,pw_suez_canal_capacity_z,wti,0.007362308116912101,0.007362308116912101
2024-02-02,10,pw_suez_canal_capacity_z,brent,0.0,0.0
2024-02-02,10,pw_suez_canal_capacity_z,henry_hub,0.14941687376661034,-0.0685899748775762
2024-02-02,10,pw_suez_canal_n_total_z,audusd,0.008080451889181502,-0.008080451889181502
2024-02-02,10,pw_suez_canal_n_total_z,brlusd,0.0,0.0
2024-02-02,10,pw_suez_canal_n_total_z,cnyusd,0.0,0.0
2024-02-02,10,pw_suez_canal_n_total_z,krwusd,0.0,0.0
2024-02-02,10,pw_suez_canal_n_total_z,eurusd,0.0,0.0
2024-02-02,10,pw_suez_canal_n_total_z,sp500,0.0,0.0
2024-02-02,10,pw_suez_canal_n_total_z,vix,0.0,0.0
2024-02-02,10,pw_suez_canal_n_total_z,us2y,0.0,0.0
2024-02-02,10,pw_suez_canal_n_total_z,us10y,0.009201319130524193,-0.009201319130524193
2024-02-02,10,pw_suez_canal_n_total_z,wti,0.006151843892308908,0.006151843892308908
2024-02-02,10,pw_suez_canal_n_total_z,brent,0.04861430473225986,0.0222299690609455
2024-02-02,10,pw_suez_canal_n_total_z,henry_hub,0.291935274241083,0.12387809060000682
2024-03-05,10,audusd,brlusd,0.0,0.0
2024-03-05,10,audusd,cnyusd,0.0048955057232948716,0.0048955057232948716
2024-03-05,10,audusd,krwusd,0.038532257830503104,-0.025646322308823483
2024-03-05,10,audusd,eurusd,0.0,0.0
2024-03-05,10,audusd,sp500,0.003820979994834523,-0.003820979994834523
2024-03-05,10,audusd,vix,0.008381600133210496,0.008381600133210496
2024-03-05,10,audusd,us2y,0.0,0.0
2024-03-05,10,audusd,us10y,0.0,0.0
2024-03-05,10,audusd,wti,0.004655074081313333,-0.004655074081313333
2024-03-05,10,audusd,brent,0.0016236842948117182,-0.0016236842948117182
2024-03-05,10,audusd,henry_hub,0.0,0.0
2024-03-05,10,brlusd,audusd,0.0,0.0
2024-03-05,10,brlusd,cnyusd,0.03481791090412478,0.019252052514743736
2024-03-05,10,brlusd,krwusd,0.004424128208392445,0.004424128208392445
2024-03-05,10,brlusd,eurusd,0.0,0.0
2024-03-05,10,brlusd,sp500,0.0,0.0
2024-03-05,10,brlusd,vix,0.06315566997411831,0.03775194065774604
2024-03-05,10,brlusd,us2y,0.0200406606963238,0.014643791932028999
2024-03-05,10,brlusd,us10y,0.0017387211399252109,0.0017387211399252109
2024-03-05,10,brlusd,wti,0.0,0.0
2024-03-05,10,brlusd,brent,0.019906498172693923,-0.011744348333261214
2024-03-05,10,brlusd,henry_hub,0.0,0.0
2024-03-05,10,cnyusd,audusd,0.0,0.0
2024-03-05,10,cnyusd,brlusd,0.045428886961175384,-0.01672715663532162
2024-03-05,10,cnyusd,krwusd,0.023232677836084428,-0.023232677836084428
2024-03-05,10,cnyusd,eurusd,0.025925717568702482,-0.01483856245307681
2024-03-05,10,cnyusd,sp500,0.0,0.0
2024-03-05,10,cnyusd,vix,0.0,0.0
2024-03-05,10,cnyusd,us2y,0.04945290802898683,-0.04945290802898683
2024-03-05,10,cnyusd,us10y,0.07397268005934884,0.035871036936767096
2024-03-05,10,cnyusd,wti,0.0,0.0
2024-03-05,10,cnyusd,brent,0.0,0.0
2024-03-05,10,cnyusd,henry_hub,0.01378439232003124,0.009154603686406203
2024-03-05,10,krwusd,audusd,0.040583650377773194,0.01793173233380522
2024-03-05,10,krwusd,brlusd,0.0,0.0
2024-03-05,10,krwusd,cnyusd,0.09596891376931355,0.03274546982546415
2024-03-05,10,krwusd,eurusd,0.0,0.0
2024-03-05,10,krwusd,sp500,0.0,0.0
2024-03-05,10,krwusd,vix,0.0,0.0
2024-03-05,10,krwusd,us2y,0.0,0.0
2024-03-05,10,krwusd,us10y,0.03365799568466975,-0.01953885175361573
2024-03-05,10,krwusd,wti,0.0,0.0
2024-03-05,10,krwusd,brent,0.0,0.0
2024-03-05,10,krwusd,henry_hub,0.0,0.0
2024-03-05,10,eurusd,audusd,0.0,0.0
2024-03-05,10,eurusd,brlusd,0.0,0.0
2024-03-05,10,eurusd,cnyusd,0.023044455008522143,0.02009645034544545
2024-03-05,10,eurusd,krwusd,0.05584244483237577,0.05584244483237577
2024-03-05,10,eurusd,sp500,0.0,0.0
2024-03-05,10,eurusd,vix,0.0045021283572265714,0.0045021283572265714
2024-03-05,10,eurusd,us2y,0.0,0.0
2024-03-05,10,eurusd,us10y,0.00454970197470328,-0.00454970197470328
2024-03-05,10,eurusd,wti,0.0,0.0
2024-03-05,10,eurusd,brent,0.0,0.0
2024-03-05,10,eurusd,henry_hub,0.0,0.0
2024-03-05,10,sp500,audusd,0.039694859362275146,0.039694859362275146
2024-03-05,10,sp500,brlusd,0.07663109939876965,0.056049945463354955
2024-03-05,10,sp500,cnyusd,0.033166931451421494,0.03125095167180412
2024-03-05,10,sp500,krwusd,0.0,0.0
2024-03-05,10,sp500,eurusd,0.0,0.0
2024-03-05,10,sp500,vix,0.12298397023719938,0.05359924072898729
2024-03-05,10,sp500,us2y,0.11934450078246908,0.03927191560450477
2024-03-05,10,sp500,us10y,0.02159791641967708,0.01943248892017544
2024-03-05,10,sp500,wti,0.16651005409975017,-0.05542626349406575
2024-03-05,10,sp500,brent,0.0762557033469486,-0.027169444706948057
2024-03-05,10,sp500,henry_hub,0.0,0.0
2024-03-05,10,vix,audusd,0.03954915143645365,-0.034224037703639174
2024-03-05,10,vix,brlusd,0.0,0.0
2024-03-05,10,vix,cnyusd,0.0003720589210336737,-0.0003720589210336737
2024-03-05,10,vix,krwusd,0.05946230570406342,-0.05946230570406342
2024-03-05,10,vix,eurusd,0.027291715767734096,-0.027291715767734096
2024-03-05,10,vix,sp500,0.0,0.0
2024-03-05,10,vix,us2y,0.0,0.0
2024-03-05,10,vix,us10y,0.0,0.0
2024-03-05,10,vix,wti,0.0,0.0
2024-03-05,10,vix,brent,0.0,0.0
2024-03-05,10,vix,henry_hub,0.025051427501350004,0.023133734744142365
2024-03-05,10,us2y,audusd,0.0,0.0
2024-03-05,10,us2y,brlusd,0.0024372690030610273,-0.0024372690030610273
2024-03-05,10,us2y,cnyusd,0.0,0.0
2024-03-05,10,us2y,krwusd,0.0,0.0
2024-03-05,10,us2y,eurusd,0.0,0.0
2024-03-05,10,us2y,sp500,0.0,0.0
2024-03-05,10,us2y,vix,0.0,0.0
2024-03-05,10,us2y,us10y,0.0,0.0
2024-03-05,10,us2y,wti,0.048542531531486216,-0.015335866064768028
2024-03-05,10,us2y,brent,0.0017646589609281009,-0.0017646589609281009
2024-03-05,10,us2y,henry_hub,0.0,0.0
2024-03-05,10,us10y,audusd,0.05871032654596075,-0.02754403143511422
2024-03-05,10,us10y,brlusd,0.046676067843322386,-0.02145617009317647
2024-03-05,10,us10y,cnyusd,0.02418799847572116,-0.011194976771698879
2024-03-05,10,us10y,krwusd,0.029084580697925976,-0.029084580697925976
2024-03-05,10,us10y,eurusd,0.0453251822848989,-0.029117194056741565
2024-03-05,10,us10y,sp500,0.11338114740229188,-0.04649687048743684
2024-03-05,10,us10y,vix,0.08269265801611164,0.03053106316435647
2024-03-05,10,us10y,us2y,0.0,0.0
2024-03-05,10,us10y,wti,0.0,0.0
2024-03-05,10,us10y,brent,0.00250863520261334,-0.00250863520261334
2024-03-05,10,us10y,henry_hub,0.0,0.0
2024-03-05,10,wti,audusd,0.0,0.0
2024-03-05,10,wti,brlusd,0.007692597065251303,-0.007692597065251303
2024-03-05,10,wti,cnyusd,0.0,0.0
2024-03-05,10,wti,krwusd,0.0,0.0
2024-03-05,10,wti,eurusd,0.0,0.0
2024-03-05,10,wti,sp500,0.002057720661339859,-0.002057720661339859
2024-03-05,10,wti,vix,0.008686509992025582,0.008686509992025582
2024-03-05,10,wti,us2y,0.0,0.0
2024-03-05,10,wti,us10y,0.0,0.0
2024-03-05,10,wti,brent,0.17584704785774144,0.16897604474164957
2024-03-05,10,wti,henry_hub,0.0,0.0
2024-03-05,10,brent,audusd,0.0,0.0
2024-03-05,10,brent,brlusd,0.005094602555409891,0.005094602555409891
2024-03-05,10,brent,cnyusd,0.007232834336631157,-0.007232834336631157
2024-03-05,10,brent,krwusd,0.016521385746250374,-0.016463708248438985
2024-03-05,10,brent,eurusd,0.0,0.0
2024-03-05,10,brent,sp500,0.009976246475890915,-0.009976246475890915
2024-03-05,10,brent,vix,0.062144880335499426,0.04271570421812694
2024-03-05,10,brent,us2y,0.0,0.0
2024-03-05,10,brent,us10y,0.0,0.0
2024-03-05,10,brent,wti,0.0,0.0
2024-03-05,10,brent,henry_hub,0.0,0.0
2024-03-05,10,henry_hub,audusd,0.002188825745000681,0.001609078450727001
2024-03-05,10,henry_hub,brlusd,0.0,0.0
2024-03-05,10,henry_hub,cnyusd,0.0,0.0
2024-03-05,10,henry_hub,krwusd,0.0,0.0
2024-03-05,10,henry_hub,eurusd,0.0,0.0
2024-03-05,10,henry_hub,sp500,0.007919369629835155,-0.00779594784883915
2024-03-05,10,henry_hub,vix,0.03616117359071522,0.020950485395067796
2024-03-05,10,henry_hub,us2y,0.0,0.0
2024-03-05,10,henry_hub,us10y,0.0,0.0
2024-03-05,10,henry_hub,wti,0.0,0.0
2024-03-05,10,henry_hub,brent,0.0,0.0
2024-03-05,10,pw_bab_el_mandeb_strait_capacity_z,audusd,0.0,0.0
2024-03-05,10,pw_bab_el_mandeb_strait_capacity_z,brlusd,0.002017249306556734,-0.002017249306556734
2024-03-05,10,pw_bab_el_mandeb_strait_capacity_z,cnyusd,0.0,0.0
2024-03-05,10,pw_bab_el_mandeb_strait_capacity_z,krwusd,0.0,0.0
2024-03-05,10,pw_bab_el_mandeb_strait_capacity_z,eurusd,0.0,0.0
2024-03-05,10,pw_bab_el_mandeb_strait_capacity_z,sp500,0.0,0.0
2024-03-05,10,pw_bab_el_mandeb_strait_capacity_z,vix,0.016505525147363906,0.016505525147363906
2024-03-05,10,pw_bab_el_mandeb_strait_capacity_z,us2y,0.028137304089576987,0.027315638578240018
2024-03-05,10,pw_bab_el_mandeb_strait_capacity_z,us10y,0.0,0.0
2024-03-05,10,pw_bab_el_mandeb_strait_capacity_z,wti,0.036592528458705205,-0.036592528458705205
2024-03-05,10,pw_bab_el_mandeb_strait_capacity_z,brent,0.0086009608742398,-0.0086009608742398
2024-03-05,10,pw_bab_el_mandeb_strait_capacity_z,henry_hub,0.18966631058949163,-0.18966631058949163
2024-03-05,10,pw_bab_el_mandeb_strait_n_total_z,audusd,0.007572053070092593,0.007572053070092593
2024-03-05,10,pw_bab_el_mandeb_strait_n_total_z,brlusd,0.048919161964071124,-0.03403914603038254
2024-03-05,10,pw_bab_el_mandeb_strait_n_total_z,cnyusd,0.0,0.0
2024-03-05,10,pw_bab_el_mandeb_strait_n_total_z,krwusd,0.0016664810753521993,0.0016664810753521993
2024-03-05,10,pw_bab_el_mandeb_strait_n_total_z,eurusd,0.0962918997212085,0.0962918997212085
2024-03-05,10,pw_bab_el_mandeb_strait_n_total_z,sp500,0.0,0.0
2024-03-05,10,pw_bab_el_mandeb_strait_n_total_z,vix,0.0,0.0
2024-03-05,10,pw_bab_el_mandeb_strait_n_total_z,us2y,0.0,0.0
2024-03-05,10,pw_bab_el_mandeb_strait_n_total_z,us10y,0.0951181059637021,-0.05041641121964568
2024-03-05,10,pw_bab_el_mandeb_strait_n_total_z,wti,0.0,0.0
2024-03-05,10,pw_bab_el_mandeb_strait_n_total_z,brent,0.024165088866096095,-0.024165088866096095
2024-03-05,10,pw_bab_el_mandeb_strait_n_total_z,henry_hub,0.029995205399955743,-0.022605103696082395
2024-03-05,10,pw_cape_of_good_hope_capacity_z,audusd,0.0,0.0
2024-03-05,10,pw_cape_of_good_hope_capacity_z,brlusd,0.09301099763607305,-0.038899238743493984
2024-03-05,10,pw_cape_of_good_hope_capacity_z,cnyusd,0.13006744708331883,-0.060804980072583066
2024-03-05,10,pw_cape_of_good_hope_capacity_z,krwusd,0.0,0.0
2024-03-05,10,pw_cape_of_good_hope_capacity_z,eurusd,0.056916809746690555,0.03859642309347355
2024-03-05,10,pw_cape_of_good_hope_capacity_z,sp500,0.0,0.0
2024-03-05,10,pw_cape_of_good_hope_capacity_z,vix,0.0,0.0
2024-03-05,10,pw_cape_of_good_hope_capacity_z,us2y,0.00919582778979404,0.00919582778979404
2024-03-05,10,pw_cape_of_good_hope_capacity_z,us10y,0.012923987591454574,0.006636388188883542
2024-03-05,10,pw_cape_of_good_hope_capacity_z,wti,0.028190690435421342,-0.028190690435421342
2024-03-05,10,pw_cape_of_good_hope_capacity_z,brent,0.10049956018944321,0.08273439366095213
2024-03-05,10,pw_cape_of_good_hope_capacity_z,henry_hub,0.2002037306789196,-0.07323540525784668
2024-03-05,10,pw_cape_of_good_hope_n_total_z,audusd,0.0,0.0
2024-03-05,10,pw_cape_of_good_hope_n_total_z,brlusd,0.04387109633430892,0.04387109633430892
2024-03-05,10,pw_cape_of_good_hope_n_total_z,cnyusd,0.0,0.0
2024-03-05,10,pw_cape_of_good_hope_n_total_z,krwusd,0.0,0.0
2024-03-05,10,pw_cape_of_good_hope_n_total_z,eurusd,0.03965003477643439,0.027686925387892365
2024-03-05,10,pw_cape_of_good_hope_n_total_z,sp500,0.08238646772585792,0.03531836497777378
2024-03-05,10,pw_cape_of_good_hope_n_total_z,vix,0.061697647543014524,-0.022753502875511374
2024-03-05,10,pw_cape_of_good_hope_n_total_z,us2y,0.032781105955189765,0.032781105955189765
2024-03-05,10,pw_cape_of_good_hope_n_total_z,us10y,0.0028147921709649037,-0.0028147921709649037
2024-03-05,10,pw_cape_of_good_hope_n_total_z,wti,0.010911247647582478,-0.0088983331700008
2024-03-05,10,pw_cape_of_good_hope_n_total_z,brent,0.021540797256334964,-0.021540797256334964
2024-03-05,10,pw_cape_of_good_hope_n_total_z,henry_hub,0.260881372194583,0.0827496630168846
2024-03-05,10,pw_malacca_strait_capacity_z,audusd,0.0,0.0
2024-03-05,10,pw_malacca_strait_capacity_z,brlusd,0.004065481683158142,-0.004065481683158142
2024-03-05,10,pw_malacca_strait_capacity_z,cnyusd,0.0,0.0
2024-03-05,10,pw_malacca_strait_capacity_z,krwusd,0.07247748814823501,0.05774435660221055
2024-03-05,10,pw_malacca_strait_capacity_z,eurusd,0.0,0.0
2024-03-05,10,pw_malacca_strait_capacity_z,sp500,0.0,0.0
2024-03-05,10,pw_malacca_strait_capacity_z,vix,0.0,0.0
2024-03-05,10,pw_malacca_strait_capacity_z,us2y,0.06801185425128779,0.06801185425128779
2024-03-05,10,pw_malacca_strait_capacity_z,us10y,0.0,0.0
2024-03-05,10,pw_malacca_strait_capacity_z,wti,0.047101745714910555,-0.047101745714910555
2024-03-05,10,pw_malacca_strait_capacity_z,brent,0.08722972521014487,-0.06323037022868924
2024-03-05,10,pw_malacca_strait_capacity_z,henry_hub,0.010374931230524355,-0.010374931230524355
2024-03-05,10,pw_malacca_strait_n_total_z,audusd,0.09778114801906128,-0.08859660638476077
2024-03-05,10,pw_malacca_strait_n_total_z,brlusd,0.0,0.0
2024-03-05,10,pw_malacca_strait_n_total_z,cnyusd,0.18227322765984103,-0.10850758275162707
2024-03-05,10,pw_malacca_strait_n_total_z,krwusd,0.17140320408651638,-0.1317573346612106
2024-03-05,10,pw_malacca_strait_n_total_z,eurusd,0.17955553477911257,-0.11593845605911787
2024-03-05,10,pw_malacca_strait_n_total_z,sp500,0.13310351444368704,-0.05665690308968523
2024-03-05,10,pw_malacca_strait_n_total_z,vix,0.0,0.0
2024-03-05,10,pw_malacca_strait_n_total_z,us2y,0.0658969980802176,0.0658969980802176
2024-03-05,10,pw_malacca_strait_n_total_z,us10y,0.022704150396155708,0.022704150396155708
2024-03-05,10,pw_malacca_strait_n_total_z,wti,0.013769684600391652,-0.013769684600391652
2024-03-05,10,pw_malacca_strait_n_total_z,brent,0.07395936545209487,-0.07395936545209487
2024-03-05,10,pw_malacca_strait_n_total_z,henry_hub,0.07352903858845908,0.03700703899940945
2024-03-05,10,pw_panama_canal_capacity_z,audusd,0.0514687282406269,-0.0514687282406269
2024-03-05,10,pw_panama_canal_capacity_z,brlusd,0.0,0.0
2024-03-05,10,pw_panama_canal_capacity_z,cnyusd,0.03937158204128535,-0.03585673536584108
2024-03-05,10,pw_panama_canal_capacity_z,krwusd,0.12829854335194704,-0.12829854335194704
2024-03-05,10,pw_panama_canal_capacity_z,eurusd,0.0,0.0
2024-03-05,10,pw_panama_canal_capacity_z,sp500,0.033359494106246806,0.033359494106246806
2024-03-05,10,pw_panama_canal_capacity_z,vix,0.11995823583774563,-0.11995823583774563
2024-03-05,10,pw_panama_canal_capacity_z,us2y,0.0,0.0
2024-03-05,10,pw_panama_canal_capacity_z,us10y,0.12727439416571146,0.08361648227633782
2024-03-05,10,pw_panama_canal_capacity_z,wti,0.0,0.0
2024-03-05,10,pw_panama_canal_capacity_z,brent,0.012136977364195717,0.012136977364195717
2024-03-05,10,pw_panama_canal_capacity_z,henry_hub,0.0,0.0
2024-03-05,10,pw_panama_canal_n_total_z,audusd,0.06223993335376825,-0.03499459483315007
2024-03-05,10,pw_panama_canal_n_total_z,brlusd,0.018850878010860665,0.018850878010860665
2024-03-05,10,pw_panama_canal_n_total_z,cnyusd,0.005865278915271737,0.005865278915271737
2024-03-05,10,pw_panama_canal_n_total_z,krwusd,0.0,0.0
2024-03-05,10,pw_panama_canal_n_total_z,eurusd,0.027294300029611574,-0.027294300029611574
2024-03-05,10,pw_panama_canal_n_total_z,sp500,0.0,0.0
2024-03-05,10,pw_panama_canal_n_total_z,vix,0.0,0.0
2024-03-05,10,pw_panama_canal_n_total_z,us2y,0.09471206262398199,0.09471206262398199
2024-03-05,10,pw_panama_canal_n_total_z,us10y,0.0,0.0
2024-03-05,10,pw_panama_canal_n_total_z,wti,0.012890862240691152,-0.01022133589467574
2024-03-05,10,pw_panama_canal_n_total_z,brent,0.03079755323637782,0.019275808793891718
2024-03-05,10,pw_panama_canal_n_total_z,henry_hub,0.0027735228944055093,0.0027735228944055093
2024-03-05,10,pw_strait_of_hormuz_capacity_z,audusd,0.12831316197759235,0.07734680757025475
2024-03-05,10,pw_strait_of_hormuz_capacity_z,brlusd,0.0,0.0
2024-03-05,10,pw_strait_of_hormuz_capacity_z,cnyusd,0.0,0.0
2024-03-05,10,pw_strait_of_hormuz_capacity_z,krwusd,0.0,0.0
2024-03-05,10,pw_strait_of_hormuz_capacity_z,eurusd,0.028327167735101126,0.016574300409470374
2024-03-05,10,pw_strait_of_hormuz_capacity_z,sp500,0.04441210283638829,0.026138973216787962
2024-03-05,10,pw_strait_of_hormuz_capacity_z,vix,0.0002626953951861056,-0.0002626953951861056
2024-03-05,10,pw_strait_of_hormuz_capacity_z,us2y,0.04480670212375226,0.03721854127731109
2024-03-05,10,pw_strait_of_hormuz_capacity_z,us10y,0.04816907012517416,0.04816907012517416
2024-03-05,10,pw_strait_of_hormuz_capacity_z,wti,0.22204619849979038,0.1607118643087079
2024-03-05,10,pw_strait_of_hormuz_capacity_z,brent,0.2677421934204923,0.20084569824282014
2024-03-05,10,pw_strait_of_hormuz_capacity_z,henry_hub,0.027474377272877423,0.027474377272877423
2024-03-05,10,pw_strait_of_hormuz_n_total_z,audusd,0.11463109313086592,0.05156117885319091
2024-03-05,10,pw_strait_of_hormuz_n_total_z,brlusd,0.0843801652214585,0.034729673997959565
2024-03-05,10,pw_strait_of_hormuz_n_total_z,cnyusd,0.02775960526919641,0.02775960526919641
2024-03-05,10,pw_strait_of_hormuz_n_total_z,krwusd,0.09179832482656419,0.0625499294198389
2024-03-05,10,pw_strait_of_hormuz_n_total_z,eurusd,0.020757920991357266,0.016756624059727346
2024-03-05,10,pw_strait_of_hormuz_n_total_z,sp500,0.0,0.0
2024-03-05,10,pw_strait_of_hormuz_n_total_z,vix,0.0,0.0
2024-03-05,10,pw_strait_of_hormuz_n_total_z,us2y,0.006963019958831586,0.006963019958831586
2024-03-05,10,pw_strait_of_hormuz_n_total_z,us10y,0.08419994152984904,0.0695284710288983
2024-03-05,10,pw_strait_of_hormuz_n_total_z,wti,0.0,0.0
2024-03-05,10,pw_strait_of_hormuz_n_total_z,brent,0.0,0.0
2024-03-05,10,pw_strait_of_hormuz_n_total_z,henry_hub,0.0,0.0
2024-03-05,10,pw_suez_canal_capacity_z,audusd,0.003750767063101296,-0.003084065165014478
2024-03-05,10,pw_suez_canal_capacity_z,brlusd,0.013514787923176425,0.013514787923176425
2024-03-05,10,pw_suez_canal_capacity_z,cnyusd,0.19881165336583956,-0.12554939496568948
2024-03-05,10,pw_suez_canal_capacity_z,krwusd,0.0,0.0
2024-03-05,10,pw_suez_canal_capacity_z,eurusd,0.08632309331216362,-0.06787534740651975
2024-03-05,10,pw_suez_canal_capacity_z,sp500,0.0449940027682475,-0.03573328794235976
2024-03-05,10,pw_suez_canal_capacity_z,vix,0.05527118751725166,0.05527118751725166
2024-03-05,10,pw_suez_canal_capacity_z,us2y,0.0,0.0
2024-03-05,10,pw_suez_canal_capacity_z,us10y,0.0,0.0
2024-03-05,10,pw_suez_canal_capacity_z,wti,0.0,0.0
2024-03-05,10,pw_suez_canal_capacity_z,brent,0.0,0.0
2024-03-05,10,pw_suez_canal_capacity_z,henry_hub,0.0,0.0
2024-03-05,10,pw_suez_canal_n_total_z,audusd,0.0,0.0
2024-03-05,10,pw_suez_canal_n_total_z,brlusd,0.0,0.0
2024-03-05,10,pw_suez_canal_n_total_z,cnyusd,0.0,0.0
2024-03-05,10,pw_suez_canal_n_total_z,krwusd,0.0,0.0
2024-03-05,10,pw_suez_canal_n_total_z,eurusd,0.0,0.0
2024-03-05,10,pw_suez_canal_n_total_z,sp500,0.0,0.0
2024-03-05,10,pw_suez_canal_n_total_z,vix,0.0,0.0
2024-03-05,10,pw_suez_canal_n_total_z,us2y,0.019896352949762698,-0.016470430502624908
2024-03-05,10,pw_suez_canal_n_total_z,us10y,0.01225224038256412,-0.01225224038256412
2024-03-05,10,pw_suez_canal_n_total_z,wti,0.0,0.0
2024-03-05,10,pw_suez_canal_n_total_z,brent,0.03162486863307341,0.01335763285280428
2024-03-05,10,pw_suez_canal_n_total_z,henry_hub,0.2087115421190004,0.07486756865663537
2024-04-05,10,audusd,brlusd,0.0,0.0
2024-04-05,10,audusd,cnyusd,0.0035754974007276012,0.0035754974007276012
2024-04-05,10,audusd,krwusd,0.04340431556456702,-0.026840314154254974
2024-04-05,10,audusd,eurusd,0.0,0.0
2024-04-05,10,audusd,sp500,0.004224320528308802,-0.004224320528308802
2024-04-05,10,audusd,vix,0.007963680578652288,0.007963680578652288
2024-04-05,10,audusd,us2y,0.0,0.0
2024-04-05,10,audusd,us10y,0.0,0.0
2024-04-05,10,audusd,wti,0.005493821419553996,-0.005493821419553996
2024-04-05,10,audusd,brent,0.003165568939450447,-0.003165568939450447
2024-04-05,10,audusd,henry_hub,0.0,0.0
2024-04-05,10,brlusd,audusd,0.0,0.0
2024-04-05,10,brlusd,cnyusd,0.034801605623355984,0.01958155449297715
2024-04-05,10,brlusd,krwusd,0.00440495640947921,0.00440495640947921
2024-04-05,10,brlusd,eurusd,0.0,0.0
2024-04-05,10,brlusd,sp500,0.0,0.0
2024-04-05,10,brlusd,vix,0.06244881501713503,0.03748160369877411
2024-04-05,10,brlusd,us2y,0.023332165344464542,0.015905361263657308
2024-04-05,10,brlusd,us10y,0.0019219364782419425,0.0019219364782419425
2024-04-05,10,brlusd,wti,0.0,0.0
2024-04-05,10,brlusd,brent,0.02037880514645596,-0.01177699649453618
2024-04-05,10,brlusd,henry_hub,0.0,0.0
2024-04-05,10,cnyusd,audusd,0.0,0.0
2024-04-05,10,cnyusd,brlusd,0.04278032261702672,-0.01578186974430293
2024-04-05,10,cnyusd,krwusd,0.023840169807604988,-0.023840169807604988
2024-04-05,10,cnyusd,eurusd,0.026233971669525936,-0.014834826062018538
2024-04-05,10,cnyusd,sp500,0.0,0.0
2024-04-05,10,cnyusd,vix,0.0,0.0
2024-04-05,10,cnyusd,us2y,0.04858865312248104,-0.04858865312248104
2024-04-05,10,cnyusd,us10y,0.07121205434795516,0.03434599711435689
2024-04-05,10,cnyusd,wti,0.0,0.0
2024-04-05,10,cnyusd,brent,0.0,0.0
2024-04-05,10,cnyusd,henry_hub,0.011863784654751432,0.008090314614658943
2024-04-05,10,krwusd,audusd,0.034916858081760996,0.0159707929657498
2024-04-05,10,krwusd,brlusd,0.0,0.0
2024-04-05,10,krwusd,cnyusd,0.08883372063186551,0.030319438935758555
2024-04-05,10,krwusd,eurusd,0.0,0.0
2024-04-05,10,krwusd,sp500,9.99687230567235e-06,9.99687230567235e-06
2024-04-05,10,krwusd,vix,0.0,0.0
2024-04-05,10,krwusd,us2y,0.0,0.0
2024-04-05,10,krwusd,us10y,0.022370145928198998,-0.01703023892222708
2024-04-05,10,krwusd,wti,0.0,0.0
2024-04-05,10,krwusd,brent,0.0,0.0
2024-04-05,10,krwusd,henry_hub,0.0,0.0
2024-04-05,10,eurusd,audusd,0.0,0.0
2024-04-05,10,eurusd,brlusd,0.0,0.0
2024-04-05,10,eurusd,cnyusd,0.02367443898266028,0.020132789295899504
2024-04-05,10,eurusd,krwusd,0.05451920107594418,0.05451920107594418
2024-04-05,10,eurusd,sp500,0.0,0.0
2024-04-05,10,eurusd,vix,0.005160945926366814,0.005160945926366814
2024-04-05,10,eurusd,us2y,0.0,0.0
2024-04-05,10,eurusd,us10y,0.00438628342611001,-0.00438628342611001
2024-04-05,10,eurusd,wti,0.0,0.0
2024-04-05,10,eurusd,brent,0.0,0.0
2024-04-05,10,eurusd,henry_hub,0.0,0.0
2024-04-05,10,sp500,audusd,0.042312733032943216,0.042312733032943216
2024-04-05,10,sp500,brlusd,0.07648708159892766,0.056359453404413846
2024-04-05,10,sp500,cnyusd,0.03259364882194861,0.030656050772820267
2024-04-05,10,sp500,krwusd,0.0,0.0
2024-04-05,10,sp500,eurusd,0.0,0.0
2024-04-05,10,sp500,vix,0.12369851601036778,0.05345099210943498
2024-04-05,10,sp500,us2y,0.11279665745473606,0.03753110502364871
2024-04-05,10,sp500,us10y,0.01617316550547824,0.01617316550547824
2024-04-05,10,sp500,wti,0.17004329811945618,-0.056507624627184144
2024-04-05,10,sp500,brent,0.07596294724900152,-0.026904061317779615
2024-04-05,10,sp500,henry_hub,0.0,0.0
2024-04-05,10,vix,audusd,0.04123425159395767,-0.0335539882926707
2024-04-05,10,vix,brlusd,0.0,0.0
2024-04-05,10,vix,cnyusd,0.00045019669669395,-0.00045019669669395
2024-04-05,10,vix,krwusd,0.05908460777340165,-0.05908460777340165
2024-04-05,10,vix,eurusd,0.02855982563995699,-0.02855982563995699
2024-04-05,10,vix,sp500,0.0,0.0
2024-04-05,10,vix,us2y,0.0,0.0
2024-04-05,10,vix,us10y,0.0,0.0
2024-04-05,10,vix,wti,0.0,0.0
2024-04-05,10,vix,brent,0.0,0.0
2024-04-05,10,vix,henry_hub,0.024106811939058146,0.022599812909662953
2024-04-05,10,us2y,audusd,0.0,0.0
2024-04-05,10,us2y,brlusd,0.001478711628563551,-0.001478711628563551
2024-04-05,10,us2y,cnyusd,0.0,0.0
2024-04-05,10,us2y,krwusd,0.0,0.0
2024-04-05,10,us2y,eurusd,0.0,0.0
2024-04-05,10,us2y,sp500,0.0,0.0
2024-04-05,10,us2y,vix,0.0,0.0
2024-04-05,10,us2y,us10y,0.0031247778377215423,-0.0031247778377215423
2024-04-05,10,us2y,wti,0.04690050578452771,-0.01394523839198001
2024-04-05,10,us2y,brent,9.736723785199921e-05,-9.736723785199921e-05
2024-04-05,10,us2y,henry_hub,0.0,0.0
2024-04-05,10,us10y,audusd,0.054572009369065026,-0.027753138520060876
2024-04-05,10,us10y,brlusd,0.040739581003469624,-0.018638864425993423
2024-04-05,10,us10y,cnyusd,0.030163370172396356,-0.014346940625921225
2024-04-05,10,us10y,krwusd,0.034860550474501144,-0.034860550474501144
2024-04-05,10,us10y,eurusd,0.04060159967660428,-0.026009080306981652
2024-04-05,10,us10y,sp500,0.10810140962761307,-0.04571453253457028
2024-04-05,10,us10y,vix,0.08118835216447268,0.02901547074356253
2024-04-05,10,us10y,us2y,0.0,0.0
2024-04-05,10,us10y,wti,0.0,0.0
2024-04-05,10,us10y,brent,0.0009169628302298572,-0.0009169628302298572
2024-04-05,10,us10y,henry_hub,0.0,0.0
2024-04-05,10,wti,audusd,0.0,0.0
2024-04-05,10,wti,brlusd,0.00739459650641163,-0.00739459650641163
2024-04-05,10,wti,cnyusd,0.0,0.0
2024-04-05,10,wti,krwusd,0.0,0.0
2024-04-05,10,wti,eurusd,0.0,0.0
2024-04-05,10,wti,sp500,0.0011178854752832861,-0.0011178854752832861
2024-04-05,10,wti,vix,0.010635458995315376,0.009692426871442106
2024-04-05,10,wti,us2y,0.0,0.0
2024-04-05,10,wti,us10y,0.0,0.0
2024-04-05,10,wti,brent,0.17542090089833132,0.1692659735046344
2024-04-05,10,wti,henry_hub,0.0,0.0
2024-04-05,10,brent,audusd,0.0,0.0
2024-04-05,10,brent,brlusd,0.004925565019241563,0.004925565019241563
2024-04-05,10,brent,cnyusd,0.006650183470957564,-0.006650183470957564
2024-04-05,10,brent,krwusd,0.015511684937620554,-0.015511684937620554
2024-04-05,10,brent,eurusd,0.0,0.0
2024-04-05,10,brent,sp500,0.010439602419138662,-0.010439602419138662
2024-04-05,10,brent,vix,0.06150248631334486,0.04262993808357955
2024-04-05,10,brent,us2y,0.0,0.0
2024-04-05,10,brent,us10y,0.0,0.0
2024-04-05,10,brent,wti,0.0,0.0
2024-04-05,10,brent,henry_hub,0.0,0.0
2024-04-05,10,henry_hub,audusd,0.002853945888873617,0.00210150748210663
2024-04-05,10,henry_hub,brlusd,0.0,0.0
2024-04-05,10,henry_hub,cnyusd,0.0,0.0
2024-04-05,10,henry_hub,krwusd,0.0,0.0
2024-04-05,10,henry_hub,eurusd,0.0,0.0
2024-04-05,10,henry_hub,sp500,0.008061718593127962,-0.007356646728039563
2024-04-05,10,henry_hub,vix,0.03475499355274002,0.019859656416294953
2024-04-05,10,henry_hub,us2y,0.0,0.0
2024-04-05,10,henry_hub,us10y,0.0,0.0
2024-04-05,10,henry_hub,wti,0.0,0.0
2024-04-05,10,henry_hub,brent,0.0,0.0
2024-04-05,10,pw_bab_el_mandeb_strait_capacity_z,audusd,0.0,0.0
2024-04-05,10,pw_bab_el_mandeb_strait_capacity_z,brlusd,0.0007260242976981397,-0.0007260242976981397
2024-04-05,10,pw_bab_el_mandeb_strait_capacity_z,cnyusd,0.0,0.0
2024-04-05,10,pw_bab_el_mandeb_strait_capacity_z,krwusd,0.0,0.0
2024-04-05,10,pw_bab_el_mandeb_strait_capacity_z,eurusd,0.0,0.0
2024-04-05,10,pw_bab_el_mandeb_strait_capacity_z,sp500,4.171910233489815e-05,-4.171910233489815e-05
2024-04-05,10,pw_bab_el_mandeb_strait_capacity_z,vix,0.013807925981753687,0.013807925981753687
2024-04-05,10,pw_bab_el_mandeb_strait_capacity_z,us2y,0.033923561223942925,0.021562229130551964
2024-04-05,10,pw_bab_el_mandeb_strait_capacity_z,us10y,0.0,0.0
2024-04-05,10,pw_bab_el_mandeb_strait_capacity_z,wti,0.04163666545605917,-0.04163666545605917
2024-04-05,10,pw_bab_el_mandeb_strait_capacity_z,brent,0.0023373234758692035,-0.0023373234758692035
2024-04-05,10,pw_bab_el_mandeb_strait_capacity_z,henry_hub,0.1955809831838515,-0.1955809831838515
2024-04-05,10,pw_bab_el_mandeb_strait_n_total_z,audusd,0.0,0.0
2024-04-05,10,pw_bab_el_mandeb_strait_n_total_z,brlusd,0.044352747244958864,-0.029724259185012192
2024-04-05,10,pw_bab_el_mandeb_strait_n_total_z,cnyusd,0.0,0.0
2024-04-05,10,pw_bab_el_mandeb_strait_n_total_z,krwusd,0.0013097006366423719,0.0013097006366423719
2024-04-05,10,pw_bab_el_mandeb_strait_n_total_z,eurusd,0.09130889133988154,0.09130889133988154
2024-04-05,10,pw_bab_el_mandeb_strait_n_total_z,sp500,0.0,0.0
2024-04-05,10,pw_bab_el_mandeb_strait_n_total_z,vix,0.0,0.0
2024-04-05,10,pw_bab_el_mandeb_strait_n_total_z,us2y,0.0,0.0
2024-04-05,10,pw_bab_el_mandeb_strait_n_total_z,us10y,0.08756905138482118,-0.05262690492454199
2024-04-05,10,pw_bab_el_mandeb_strait_n_total_z,wti,0.0,0.0
2024-04-05,10,pw_bab_el_mandeb_strait_n_total_z,brent,0.02076892141683655,-0.02076892141683655
2024-04-05,10,pw_bab_el_mandeb_strait_n_total_z,henry_hub,0.02347786926496847,-0.0178946065546045
2024-04-05,10,pw_cape_of_good_hope_capacity_z,audusd,0.0,0.0
2024-04-05,10,pw_cape_of_good_hope_capacity_z,brlusd,0.09373603886593868,-0.03857156375914964
2024-04-05,10,pw_cape_of_good_hope_capacity_z,cnyusd,0.15118288392598445,-0.06856286170623073
2024-04-05,10,pw_cape_of_good_hope_capacity_z,krwusd,0.0,0.0
2024-04-05,10,pw_cape_of_good_hope_capacity_z,eurusd,0.04956729353076062,0.033930408624828996
2024-04-05,10,pw_cape_of_good_hope_capacity_z,sp500,0.0,0.0
2024-04-05,10,pw_cape_of_good_hope_capacity_z,vix,0.0,0.0
2024-04-05,10,pw_cape_of_good_hope_capacity_z,us2y,0.0033384993290826036,0.0033384993290826036
2024-04-05,10,pw_cape_of_good_hope_capacity_z,us10y,0.0005948672588461343,0.0005281094052224183
2024-04-05,10,pw_cape_of_good_hope_capacity_z,wti,0.018727920971011454,-0.018727920971011454
2024-04-05,10,pw_cape_of_good_hope_capacity_z,brent,0.09625940741478897,0.08389321784105071
2024-04-05,10,pw_cape_of_good_hope_capacity_z,henry_hub,0.20505734649438034,-0.0766926521999706
2024-04-05,10,pw_cape_of_good_hope_n_total_z,audusd,0.0,0.0
2024-04-05,10,pw_cape_of_good_hope_n_total_z,brlusd,0.03990714361676761,0.03990714361676761
2024-04-05,10,pw_cape_of_good_hope_n_total_z,cnyusd,0.0,0.0
2024-04-05,10,pw_cape_of_good_hope_n_total_z,krwusd,0.0,0.0
2024-04-05,10,pw_cape_of_good_hope_n_total_z,eurusd,0.028182149178059817,0.020617672580109492
2024-04-05,10,pw_cape_of_good_hope_n_total_z,sp500,0.08159981032274587,0.03556235226469924
2024-04-05,10,pw_cape_of_good_hope_n_total_z,vix,0.04813508111236696,-0.017163964857873044
2024-04-05,10,pw_cape_of_good_hope_n_total_z,us2y,0.030641901722639805,0.030641901722639805
2024-04-05,10,pw_cape_of_good_hope_n_total_z,us10y,0.0,0.0
2024-04-05,10,pw_cape_of_good_hope_n_total_z,wti,0.00041054323891399284,-0.00041054323891399284
2024-04-05,10,pw_cape_of_good_hope_n_total_z,brent,0.01888649813071722,-0.01888649813071722
2024-04-05,10,pw_cape_of_good_hope_n_total_z,henry_hub,0.2615142681943495,0.08634675071557588
2024-04-05,10,pw_malacca_strait_capacity_z,audusd,0.0,0.0
2024-04-05,10,pw_malacca_strait_capacity_z,brlusd,0.0016240059154019493,-0.0016240059154019493
2024-04-05,10,pw_malacca_strait_capacity_z,cnyusd,0.0,0.0
2024-04-05,10,pw_malacca_strait_capacity_z,krwusd,0.06180779288274003,0.049364089885575564
2024-04-05,10,pw_malacca_strait_capacity_z,eurusd,0.0,0.0
2024-04-05,10,pw_malacca_strait_capacity_z,sp500,0.0,0.0
2024-04-05,10,pw_malacca_strait_capacity_z,vix,0.0,0.0
2024-04-05,10,pw_malacca_strait_capacity_z,us2y,0.062333910046154836,0.062333910046154836
2024-04-05,10,pw_malacca_strait_capacity_z,us10y,0.0,0.0
2024-04-05,10,pw_malacca_strait_capacity_z,wti,0.04904672224457131,-0.04904672224457131
2024-04-05,10,pw_malacca_strait_capacity_z,brent,0.08483845994339423,-0.060235803415541155
2024-04-05,10,pw_malacca_strait_capacity_z,henry_hub,0.009631481118809706,-0.009631481118809706
2024-04-05,10,pw_malacca_strait_n_total_z,audusd,0.09949252929208023,-0.09140321651734122
2024-04-05,10,pw_malacca_strait_n_total_z,brlusd,0.0,0.0
2024-04-05,10,pw_malacca_strait_n_total_z,cnyusd,0.1837250485630167,-0.11843994901888573
2024-04-05,10,pw_malacca_strait_n_total_z,krwusd,0.15842862162625276,-0.11511974137170052
2024-04-05,10,pw_malacca_strait_n_total_z,eurusd,0.17830776529632347,-0.10983964904530859
2024-04-05,10,pw_malacca_strait_n_total_z,sp500,0.13109175898552197,-0.05695155246866666
2024-04-05,10,pw_malacca_strait_n_total_z,vix,0.0,0.0
2024-04-05,10,pw_malacca_strait_n_total_z,us2y,0.07139327786109595,0.07139327786109595
2024-04-05,10,pw_malacca_strait_n_total_z,us10y,0.023133318395906002,0.023133318395906002
2024-04-05,10,pw_malacca_strait_n_total_z,wti,0.011001594021624853,-0.011001594021624853
2024-04-05,10,pw_malacca_strait_n_total_z,brent,0.07356443556769575,-0.07356443556769575
2024-04-05,10,pw_malacca_strait_n_total_z,henry_hub,0.0742687440360345,0.03646631945155854
2024-04-05,10,pw_panama_canal_capacity_z,audusd,0.05493213636954844,-0.05493213636954844
2024-04-05,10,pw_panama_canal_capacity_z,brlusd,0.0,0.0
2024-04-05,10,pw_panama_canal_capacity_z,cnyusd,0.043203405162943506,-0.0380092156810257
2024-04-05,10,pw_panama_canal_capacity_z,krwusd,0.13259980011088388,-0.13259980011088388
2024-04-05,10,pw_panama_canal_capacity_z,eurusd,0.0,0.0
2024-04-05,10,pw_panama_canal_capacity_z,sp500,0.030821433101758566,0.030821433101758566
2024-04-05,10,pw_panama_canal_capacity_z,vix,0.11627452645762733,-0.11627452645762733
2024-04-05,10,pw_panama_canal_capacity_z,us2y,0.002792750002069809,0.002792750002069809
2024-04-05,10,pw_panama_canal_capacity_z,us10y,0.13085681930092452,0.08819562703588277
2024-04-05,10,pw_panama_canal_capacity_z,wti,0.0,0.0
2024-04-05,10,pw_panama_canal_capacity_z,brent,0.017467435448331743,0.017467435448331743
2024-04-05,10,pw_panama_canal_capacity_z,henry_hub,0.0,0.0
2024-04-05,10,pw_panama_canal_n_total_z,audusd,0.05812795908231584,-0.034329665724922
2024-04-05,10,pw_panama_canal_n_total_z,brlusd,0.017999250958143607,0.017999250958143607
2024-04-05,10,pw_panama_canal_n_total_z,cnyusd,0.0009548629182004877,0.0009548629182004877
2024-04-05,10,pw_panama_canal_n_total_z,krwusd,0.0,0.0
2024-04-05,10,pw_panama_canal_n_total_z,eurusd,0.02733761799172142,-0.02733761799172142
2024-04-05,10,pw_panama_canal_n_total_z,sp500,0.0,0.0
2024-04-05,10,pw_panama_canal_n_total_z,vix,0.0,0.0
2024-04-05,10,pw_panama_canal_n_total_z,us2y,0.09053174866141536,0.09053174866141536
2024-04-05,10,pw_panama_canal_n_total_z,us10y,0.0,0.0
2024-04-05,10,pw_panama_canal_n_total_z,wti,0.00861998388777422,-0.008387764757268129
2024-04-05,10,pw_panama_canal_n_total_z,brent,0.02253780855948117,0.01419769935259065
2024-04-05,10,pw_panama_canal_n_total_z,henry_hub,0.003458892972612904,0.003458892972612904
2024-04-05,10,pw_strait_of_hormuz_capacity_z,audusd,0.1311804430554859,0.0741031579905747
2024-04-05,10,pw_strait_of_hormuz_capacity_z,brlusd,0.0,0.0
2024-04-05,10,pw_strait_of_hormuz_capacity_z,cnyusd,0.0,0.0
2024-04-05,10,pw_strait_of_hormuz_capacity_z,krwusd,0.0,0.0
2024-04-05,10,pw_strait_of_hormuz_capacity_z,eurusd,0.02621141998811411,0.023035062206478142
2024-04-05,10,pw_strait_of_hormuz_capacity_z,sp500,0.03989238039831246,0.01678120692063329
2024-04-05,10,pw_strait_of_hormuz_capacity_z,vix,0.0,0.0
2024-04-05,10,pw_strait_of_hormuz_capacity_z,us2y,0.05033729908649725,0.034681240462759
2024-04-05,10,pw_strait_of_hormuz_capacity_z,us10y,0.05395402975824307,0.05395402975824307
2024-04-05,10,pw_strait_of_hormuz_capacity_z,wti,0.21201875732366635,0.15898327705050666
2024-04-05,10,pw_strait_of_hormuz_capacity_z,brent,0.2690504970049513,0.20141934141393023
2024-04-05,10,pw_strait_of_hormuz_capacity_z,henry_hub,0.022934958930434998,0.022934958930434998
2024-04-05,10,pw_strait_of_hormuz_n_total_z,audusd,0.11536049150736706,0.0550611116295683
2024-04-05,10,pw_strait_of_hormuz_n_total_z,brlusd,0.08447187305572555,0.03546220693971087
2024-04-05,10,pw_strait_of_hormuz_n_total_z,cnyusd,0.04155397402666953,0.04155397402666953
2024-04-05,10,pw_strait_of_hormuz_n_total_z,krwusd,0.10020008578365999,0.07751700559863238
2024-04-05,10,pw_strait_of_hormuz_n_total_z,eurusd,0.03171148071412228,0.016533342864480414
2024-04-05,10,pw_strait_of_hormuz_n_total_z,sp500,0.0,0.0
2024-04-05,10,pw_strait_of_hormuz_n_total_z,vix,0.0,0.0
2024-04-05,10,pw_strait_of_hormuz_n_total_z,us2y,0.007503494159122332,0.007503494159122332
2024-04-05,10,pw_strait_of_hormuz_n_total_z,us10y,0.08095349733965825,0.06710184145672517
2024-04-05,10,pw_strait_of_hormuz_n_total_z,wti,0.0,0.0
2024-04-05,10,pw_strait_of_hormuz_n_total_z,brent,0.0,0.0
2024-04-05,10,pw_strait_of_hormuz_n_total_z,henry_hub,0.0,0.0
2024-04-05,10,pw_suez_canal_capacity_z,audusd,0.007594276600930302,-0.0061836299429900736
2024-04-05,10,pw_suez_canal_capacity_z,brlusd,0.009355562225709478,0.009355562225709478
2024-04-05,10,pw_suez_canal_capacity_z,cnyusd,0.19117452442824295,-0.12100444599279585
2024-04-05,10,pw_suez_canal_capacity_z,krwusd,0.0,0.0
2024-04-05,10,pw_suez_canal_capacity_z,eurusd,0.0829171992860075,-0.06347551429171729
2024-04-05,10,pw_suez_canal_capacity_z,sp500,0.045563728968609135,-0.03683724648134143
2024-04-05,10,pw_suez_canal_capacity_z,vix,0.05014574970658234,0.05014574970658234
2024-04-05,10,pw_suez_canal_capacity_z,us2y,0.0,0.0
2024-04-05,10,pw_suez_canal_capacity_z,us10y,0.0,0.0
2024-04-05,10,pw_suez_canal_capacity_z,wti,0.0,0.0
2024-04-05,10,pw_suez_canal_capacity_z,brent,0.0,0.0
2024-04-05,10,pw_suez_canal_capacity_z,henry_hub,0.0,0.0
2024-04-05,10,pw_suez_canal_n_total_z,audusd,0.0,0.0
2024-04-05,10,pw_suez_canal_n_total_z,brlusd,0.0,0.0
2024-04-05,10,pw_suez_canal_n_total_z,cnyusd,0.0,0.0
2024-04-05,10,pw_suez_canal_n_total_z,krwusd,0.0,0.0
2024-04-05,10,pw_suez_canal_n_total_z,eurusd,0.0,0.0
2024-04-05,10,pw_suez_canal_n_total_z,sp500,0.0,0.0
2024-04-05,10,pw_suez_canal_n_total_z,vix,0.0,0.0
2024-04-05,10,pw_suez_canal_n_total_z,us2y,0.014167766550984624,-0.014167766550984624
2024-04-05,10,pw_suez_canal_n_total_z,us10y,0.009722488891166418,-0.009722488891166418
2024-04-05,10,pw_suez_canal_n_total_z,wti,0.0,0.0
2024-04-05,10,pw_suez_canal_n_total_z,brent,0.02952200991153989,0.012905624777693556
2024-04-05,10,pw_suez_canal_n_total_z,henry_hub,0.2151149739350722,0.07387058084966615
2024-05-03,10,audusd,brlusd,0.0,0.0
2024-05-03,10,audusd,cnyusd,0.003201511505910473,0.003201511505910473
2024-05-03,10,audusd,krwusd,0.038779087272180233,-0.02477609949082541
2024-05-03,10,audusd,eurusd,0.0017334352908910144,-0.0017334352908910144
2024-05-03,10,audusd,sp500,0.004361103672297371,-0.004361103672297371
2024-05-03,10,audusd,vix,0.008871776219867922,0.008871776219867922
2024-05-03,10,audusd,us2y,0.0,0.0
2024-05-03,10,audusd,us10y,0.0,0.0
2024-05-03,10,audusd,wti,0.005469743595684167,-0.005469743595684167
2024-05-03,10,audusd,brent,0.0020429746818187255,-0.0020429746818187255
2024-05-03,10,audusd,henry_hub,0.0,0.0
2024-05-03,10,brlusd,audusd,0.0,0.0
2024-05-03,10,brlusd,cnyusd,0.03355835578261179,0.018347972444952804
2024-05-03,10,brlusd,krwusd,0.0019438673306606507,0.0019438673306606507
2024-05-03,10,brlusd,eurusd,0.0,0.0
2024-05-03,10,brlusd,sp500,0.0,0.0
2024-05-03,10,brlusd,vix,0.0649815566462795,0.03810943771724439
2024-05-03,10,brlusd,us2y,0.022511759265098276,0.014474510227210503
2024-05-03,10,brlusd,us10y,0.0033339926867972736,0.0033339926867972736
2024-05-03,10,brlusd,wti,0.0,0.0
2024-05-03,10,brlusd,brent,0.011439680025737281,-0.007695581058103303
2024-05-03,10,brlusd,henry_hub,0.0,0.0
2024-05-03,10,cnyusd,audusd,0.0,0.0
2024-05-03,10,cnyusd,brlusd,0.03230226367280145,-0.01303821671346668
2024-05-03,10,cnyusd,krwusd,0.01859799768204711,-0.01859799768204711
2024-05-03,10,cnyusd,eurusd,0.016749057778551815,-0.010664377772868014
2024-05-03,10,cnyusd,sp500,0.0,0.0
2024-05-03,10,cnyusd,vix,0.0,0.0
2024-05-03,10,cnyusd,us2y,0.05049794582251464,-0.05049794582251464
2024-05-03,10,cnyusd,us10y,0.06396396366315639,0.03101768455900216
2024-05-03,10,cnyusd,wti,0.0,0.0
2024-05-03,10,cnyusd,brent,0.0,0.0
2024-05-03,10,cnyusd,henry_hub,0.01232439973706971,0.0074835443304941225
2024-05-03,10,krwusd,audusd,0.032264699115735415,0.014469472520834402
2024-05-03,10,krwusd,brlusd,0.0,0.0
2024-05-03,10,krwusd,cnyusd,0.10281381448142593,0.03344943594888054
2024-05-03,10,krwusd,eurusd,0.0,0.0
2024-05-03,10,krwusd,sp500,0.008550956649222813,0.004327034340342041
2024-05-03,10,krwusd,vix,0.0,0.0
2024-05-03,10,krwusd,us2y,0.0,0.0
2024-05-03,10,krwusd,us10y,0.023139361323929245,-0.017441176294989074
2024-05-03,10,krwusd,wti,0.0,0.0
2024-05-03,10,krwusd,brent,0.0,0.0
2024-05-03,10,krwusd,henry_hub,0.0,0.0
2024-05-03,10,eurusd,audusd,0.0,0.0
2024-05-03,10,eurusd,brlusd,0.0,0.0
2024-05-03,10,eurusd,cnyusd,0.02915224022378194,0.020178907726861425
2024-05-03,10,eurusd,krwusd,0.05743645296108513,0.05743645296108513
2024-05-03,10,eurusd,sp500,0.0,0.0
2024-05-03,10,eurusd,vix,0.0028194176486808237,0.0028194176486808237
2024-05-03,10,eurusd,us2y,0.0,0.0
2024-05-03,10,eurusd,us10y,0.004200902723048699,-0.004200902723048699
2024-05-03,10,eurusd,wti,0.0,0.0
2024-05-03,10,eurusd,brent,0.0,0.0
2024-05-03,10,eurusd,henry_hub,0.0,0.0
2024-05-03,10,sp500,audusd,0.04202955815621897,0.04202955815621897
2024-05-03,10,sp500,brlusd,0.07280026825949067,0.05530794557024915
2024-05-03,10,sp500,cnyusd,0.031759468202189146,0.031251565451918366
2024-05-03,10,sp500,krwusd,0.0,0.0
2024-05-03,10,sp500,eurusd,0.0,0.0
2024-05-03,10,sp500,vix,0.1271045650669584,0.05489518238456108
2024-05-03,10,sp500,us2y,0.11080296966551738,0.03707028380250722
2024-05-03,10,sp500,us10y,0.015468395585130381,0.015468395585130381
2024-05-03,10,sp500,wti,0.1536885429629235,-0.05218566413417579
2024-05-03,10,sp500,brent,0.06063696430033906,-0.0238500007273766
2024-05-03,10,sp500,henry_hub,0.0,0.0
2024-05-03,10,vix,audusd,0.04260608951207859,-0.035704596205770996
2024-05-03,10,vix,brlusd,0.0,0.0
2024-05-03,10,vix,cnyusd,9.299311543139572e-05,-9.299311543139572e-05
2024-05-03,10,vix,krwusd,0.05944138138840034,-0.05944138138840034
2024-05-03,10,vix,eurusd,0.029088814360928385,-0.029088814360928385
2024-05-03,10,vix,sp500,0.0,0.0
2024-05-03,10,vix,us2y,0.0,0.0
2024-05-03,10,vix,us10y,0.0,0.0
2024-05-03,10,vix,wti,0.0,0.0
2024-05-03,10,vix,brent,0.0,0.0
2024-05-03,10,vix,henry_hub,0.02396806984016509,0.0222963481586481
2024-05-03,10,us2y,audusd,0.0,0.0
2024-05-03,10,us2y,brlusd,0.0,0.0
2024-05-03,10,us2y,cnyusd,0.0,0.0
2024-05-03,10,us2y,krwusd,0.0,0.0
2024-05-03,10,us2y,eurusd,0.0,0.0
2024-05-03,10,us2y,sp500,0.0,0.0
2024-05-03,10,us2y,vix,0.0,0.0
2024-05-03,10,us2y,us10y,0.0016680789712909035,-0.0016680789712909035
2024-05-03,10,us2y,wti,0.06553619500812802,-0.02163777222720181
2024-05-03,10,us2y,brent,0.006489646841321222,-0.006489646841321222
2024-05-03,10,us2y,henry_hub,0.0,0.0
2024-05-03,10,us10y,audusd,0.0325387275408555,-0.018027660162333113
2024-05-03,10,us10y,brlusd,0.03024740198429731,-0.012709377227634502
2024-05-03,10,us10y,cnyusd,0.029201570375053106,-0.013472096109996166
2024-05-03,10,us10y,krwusd,0.03176594129230549,-0.03176594129230549
2024-05-03,10,us10y,eurusd,0.029075676571391325,-0.021015690422048035
2024-05-03,10,us10y,sp500,0.10628420763963864,-0.0437863055075837
2024-05-03,10,us10y,vix,0.07046446319089127,0.028574630105495408
2024-05-03,10,us10y,us2y,0.0,0.0
2024-05-03,10,us10y,wti,0.0,0.0
2024-05-03,10,us10y,brent,0.0069459118408173055,-0.0069459118408173055
2024-05-03,10,us10y,henry_hub,0.0,0.0
2024-05-03,10,wti,audusd,0.0,0.0
2024-05-03,10,wti,brlusd,0.0070290954896489125,-0.0070290954896489125
2024-05-03,10,wti,cnyusd,0.0,0.0
2024-05-03,10,wti,krwusd,0.0,0.0
2024-05-03,10,wti,eurusd,0.0,0.0
2024-05-03,10,wti,sp500,0.0005637929750258358,-0.0005637929750258358
2024-05-03,10,wti,vix,0.010902948896941517,0.010112150868328664
2024-05-03,10,wti,us2y,0.0,0.0
2024-05-03,10,wti,us10y,0.0,0.0
2024-05-03,10,wti,brent,0.1785916474337741,0.17396238266496838
2024-05-03,10,wti,henry_hub,0.0,0.0
2024-05-03,10,brent,audusd,0.0,0.0
2024-05-03,10,brent,brlusd,0.00289822493353197,0.00289822493353197
2024-05-03,10,brent,cnyusd,0.0056242103972418325,-0.0056242103972418325
2024-05-03,10,brent,krwusd,0.015752253388401295,-0.015752253388401295
2024-05-03,10,brent,eurusd,0.0,0.0
2024-05-03,10,brent,sp500,0.011505589914757778,-0.011505589914757778
2024-05-03,10,brent,vix,0.06494227220011618,0.04374594241471114
2024-05-03,10,brent,us2y,0.0,0.0
2024-05-03,10,brent,us10y,0.0,0.0
2024-05-03,10,brent,wti,0.0,0.0
2024-05-03,10,brent,henry_hub,0.0,0.0
2024-05-03,10,henry_hub,audusd,0.001797428518638856,0.0015969703102575057
2024-05-03,10,henry_hub,brlusd,0.0,0.0
2024-05-03,10,henry_hub,cnyusd,0.0,0.0
2024-05-03,10,henry_hub,krwusd,0.0,0.0
2024-05-03,10,henry_hub,eurusd,0.0,0.0
2024-05-03,10,henry_hub,sp500,0.00799864308532897,-0.00799864308532897
2024-05-03,10,henry_hub,vix,0.03335114557156854,0.020168242235541235
2024-05-03,10,henry_hub,us2y,0.0,0.0
2024-05-03,10,henry_hub,us10y,0.0,0.0
2024-05-03,10,henry_hub,wti,0.0,0.0
2024-05-03,10,henry_hub,brent,0.0,0.0
2024-05-03,10,pw_bab_el_mandeb_strait_capacity_z,audusd,0.0,0.0
2024-05-03,10,pw_bab_el_mandeb_strait_capacity_z,brlusd,0.0,0.0
2024-05-03,10,pw_bab_el_mandeb_strait_capacity_z,cnyusd,0.0,0.0
2024-05-03,10,pw_bab_el_mandeb_strait_capacity_z,krwusd,0.0,0.0
2024-05-03,10,pw_bab_el_mandeb_strait_capacity_z,eurusd,0.0,0.0
2024-05-03,10,pw_bab_el_mandeb_strait_capacity_z,sp500,0.0,0.0
2024-05-03,10,pw_bab_el_mandeb_strait_capacity_z,vix,0.006414061710998748,0.006414061710998748
2024-05-03,10,pw_bab_el_mandeb_strait_capacity_z,us2y,0.0177514713789172,0.014995502805395092
2024-05-03,10,pw_bab_el_mandeb_strait_capacity_z,us10y,0.0,0.0
2024-05-03,10,pw_bab_el_mandeb_strait_capacity_z,wti,0.026450057251363367,-0.026450057251363367
2024-05-03,10,pw_bab_el_mandeb_strait_capacity_z,brent,0.0,0.0
2024-05-03,10,pw_bab_el_mandeb_strait_capacity_z,henry_hub,0.1985741090621794,-0.1985741090621794
2024-05-03,10,pw_bab_el_mandeb_strait_n_total_z,audusd,0.011150419112247109,0.011150419112247109
2024-05-03,10,pw_bab_el_mandeb_strait_n_total_z,brlusd,0.032440449841085614,-0.02511000807696248
2024-05-03,10,pw_bab_el_mandeb_strait_n_total_z,cnyusd,0.0,0.0
2024-05-03,10,pw_bab_el_mandeb_strait_n_total_z,krwusd,0.025585058612278357,0.025585058612278357
2024-05-03,10,pw_bab_el_mandeb_strait_n_total_z,eurusd,0.09648656874211213,0.09648656874211213
2024-05-03,10,pw_bab_el_mandeb_strait_n_total_z,sp500,0.0,0.0
2024-05-03,10,pw_bab_el_mandeb_strait_n_total_z,vix,0.0,0.0
2024-05-03,10,pw_bab_el_mandeb_strait_n_total_z,us2y,0.0,0.0
2024-05-03,10,pw_bab_el_mandeb_strait_n_total_z,us10y,0.09570206690584535,-0.05460619285143557
2024-05-03,10,pw_bab_el_mandeb_strait_n_total_z,wti,0.0,0.0
2024-05-03,10,pw_bab_el_mandeb_strait_n_total_z,brent,0.00876676600532231,-0.00876676600532231
2024-05-03,10,pw_bab_el_mandeb_strait_n_total_z,henry_hub,0.02146647261853973,-0.014347748875447057
2024-05-03,10,pw_cape_of_good_hope_capacity_z,audusd,0.0,0.0
2024-05-03,10,pw_cape_of_good_hope_capacity_z,brlusd,0.09928311531312531,-0.039051716351172334
2024-05-03,10,pw_cape_of_good_hope_capacity_z,cnyusd,0.16163112087160178,-0.07588369410858148
2024-05-03,10,pw_cape_of_good_hope_capacity_z,krwusd,0.0,0.0
2024-05-03,10,pw_cape_of_good_hope_capacity_z,eurusd,0.046281828602367826,0.03540433546798195
2024-05-03,10,pw_cape_of_good_hope_capacity_z,sp500,0.0,0.0
2024-05-03,10,pw_cape_of_good_hope_capacity_z,vix,0.0,0.0
2024-05-03,10,pw_cape_of_good_hope_capacity_z,us2y,0.004702493867725548,0.004702493867725548
2024-05-03,10,pw_cape_of_good_hope_capacity_z,us10y,0.005241113912985529,0.0034430129408387074
2024-05-03,10,pw_cape_of_good_hope_capacity_z,wti,0.013270367687021301,-0.013270367687021301
2024-05-03,10,pw_cape_of_good_hope_capacity_z,brent,0.10091226019519396,0.0904590810778258
2024-05-03,10,pw_cape_of_good_hope_capacity_z,henry_hub,0.20378211708936417,-0.07581654605851715
2024-05-03,10,pw_cape_of_good_hope_n_total_z,audusd,0.0,0.0
2024-05-03,10,pw_cape_of_good_hope_n_total_z,brlusd,0.032038586766317934,0.032038586766317934
2024-05-03,10,pw_cape_of_good_hope_n_total_z,cnyusd,0.0,0.0
2024-05-03,10,pw_cape_of_good_hope_n_total_z,krwusd,0.0,0.0
2024-05-03,10,pw_cape_of_good_hope_n_total_z,eurusd,0.008778354186435283,0.008778354186435283
2024-05-03,10,pw_cape_of_good_hope_n_total_z,sp500,0.05359802473973667,0.02506698194620006
2024-05-03,10,pw_cape_of_good_hope_n_total_z,vix,0.03921998142900581,-0.013401236598719017
2024-05-03,10,pw_cape_of_good_hope_n_total_z,us2y,0.043912117352485805,0.043912117352485805
2024-05-03,10,pw_cape_of_good_hope_n_total_z,us10y,0.0,0.0
2024-05-03,10,pw_cape_of_good_hope_n_total_z,wti,0.015492368929854507,-0.015492368929854507
2024-05-03,10,pw_cape_of_good_hope_n_total_z,brent,0.04094735186155762,-0.03318424005494779
2024-05-03,10,pw_cape_of_good_hope_n_total_z,henry_hub,0.25811644814835666,0.08739672409155161
2024-05-03,10,pw_malacca_strait_capacity_z,audusd,0.0,0.0
2024-05-03,10,pw_malacca_strait_capacity_z,brlusd,0.0,0.0
2024-05-03,10,pw_malacca_strait_capacity_z,cnyusd,0.0,0.0
2024-05-03,10,pw_malacca_strait_capacity_z,krwusd,0.06053582914101294,0.046473085487315956
2024-05-03,10,pw_malacca_strait_capacity_z,eurusd,0.0,0.0
2024-05-03,10,pw_malacca_strait_capacity_z,sp500,0.0,0.0
2024-05-03,10,pw_malacca_strait_capacity_z,vix,0.0,0.0
2024-05-03,10,pw_malacca_strait_capacity_z,us2y,0.05593407564241762,0.05593407564241762
2024-05-03,10,pw_malacca_strait_capacity_z,us10y,0.0,0.0
2024-05-03,10,pw_malacca_strait_capacity_z,wti,0.027347973918917058,-0.027347973918917058
2024-05-03,10,pw_malacca_strait_capacity_z,brent,0.05583734813027744,-0.0366708890993007
2024-05-03,10,pw_malacca_strait_capacity_z,henry_hub,0.004974254591059566,-0.004974254591059566
2024-05-03,10,pw_malacca_strait_n_total_z,audusd,0.07704977805550048,-0.06650440259750276
2024-05-03,10,pw_malacca_strait_n_total_z,brlusd,0.0,0.0
2024-05-03,10,pw_malacca_strait_n_total_z,cnyusd,0.17171772610933483,-0.11036449649006806
2024-05-03,10,pw_malacca_strait_n_total_z,krwusd,0.12459280557291477,-0.08742955529865792
2024-05-03,10,pw_malacca_strait_n_total_z,eurusd,0.15012563674086726,-0.0907892853858675
2024-05-03,10,pw_malacca_strait_n_total_z,sp500,0.09849721203024903,-0.03693635391366654
2024-05-03,10,pw_malacca_strait_n_total_z,vix,0.0,0.0
2024-05-03,10,pw_malacca_strait_n_total_z,us2y,0.06301622625965966,0.06301622625965966
2024-05-03,10,pw_malacca_strait_n_total_z,us10y,0.011853910904314069,0.011853910904314069
2024-05-03,10,pw_malacca_strait_n_total_z,wti,0.0,0.0
2024-05-03,10,pw_malacca_strait_n_total_z,brent,0.06668161065212551,-0.06668161065212551
2024-05-03,10,pw_malacca_strait_n_total_z,henry_hub,0.07592793363127923,0.039895542369884275
2024-05-03,10,pw_panama_canal_capacity_z,audusd,0.05105207064462756,-0.05105207064462756
2024-05-03,10,pw_panama_canal_capacity_z,brlusd,0.0,0.0
2024-05-03,10,pw_panama_canal_capacity_z,cnyusd,0.042635863851212694,-0.03801779532056172
2024-05-03,10,pw_panama_canal_capacity_z,krwusd,0.12856818630594047,-0.12856818630594047
2024-05-03,10,pw_panama_canal_capacity_z,eurusd,0.0,0.0
2024-05-03,10,pw_panama_canal_capacity_z,sp500,0.026352803082356834,0.026352803082356834
2024-05-03,10,pw_panama_canal_capacity_z,vix,0.11337328862744968,-0.11337328862744968
2024-05-03,10,pw_panama_canal_capacity_z,us2y,0.005996328000793605,0.004881023245275958
2024-05-03,10,pw_panama_canal_capacity_z,us10y,0.12789602734182026,0.0885435499369093
2024-05-03,10,pw_panama_canal_capacity_z,wti,0.0,0.0
2024-05-03,10,pw_panama_canal_capacity_z,brent,0.021741545250299792,0.021741545250299792
2024-05-03,10,pw_panama_canal_capacity_z,henry_hub,0.0,0.0
2024-05-03,10,pw_panama_canal_n_total_z,audusd,0.06410764743035297,-0.03708758173612805
2024-05-03,10,pw_panama_canal_n_total_z,brlusd,0.018481565365465254,0.018481565365465254
2024-05-03,10,pw_panama_canal_n_total_z,cnyusd,0.0,0.0
2024-05-03,10,pw_panama_canal_n_total_z,krwusd,0.0,0.0
2024-05-03,10,pw_panama_canal_n_total_z,eurusd,0.03135787025862862,-0.02743981404921586
2024-05-03,10,pw_panama_canal_n_total_z,sp500,0.0,0.0
2024-05-03,10,pw_panama_canal_n_total_z,vix,0.0,0.0
2024-05-03,10,pw_panama_canal_n_total_z,us2y,0.08830331000803426,0.08830331000803426
2024-05-03,10,pw_panama_canal_n_total_z,us10y,0.0,0.0
2024-05-03,10,pw_panama_canal_n_total_z,wti,0.006698732393011987,-0.006698732393011987
2024-05-03,10,pw_panama_canal_n_total_z,brent,0.018285327138140572,0.010720404101654103
2024-05-03,10,pw_panama_canal_n_total_z,henry_hub,0.004640821319943,0.004640821319943
2024-05-03,10,pw_strait_of_hormuz_capacity_z,audusd,0.09715066340387543,0.04781272639144302
2024-05-03,10,pw_strait_of_hormuz_capacity_z,brlusd,0.0,0.0
2024-05-03,10,pw_strait_of_hormuz_capacity_z,cnyusd,0.0,0.0
2024-05-03,10,pw_strait_of_hormuz_capacity_z,krwusd,0.0,0.0
2024-05-03,10,pw_strait_of_hormuz_capacity_z,eurusd,0.0,0.0
2024-05-03,10,pw_strait_of_hormuz_capacity_z,sp500,0.0,0.0
2024-05-03,10,pw_strait_of_hormuz_capacity_z,vix,0.0,0.0
2024-05-03,10,pw_strait_of_hormuz_capacity_z,us2y,0.07977625727467846,0.03437511830641523
2024-05-03,10,pw_strait_of_hormuz_capacity_z,us10y,0.06970251016123744,0.06970251016123744
2024-05-03,10,pw_strait_of_hormuz_capacity_z,wti,0.16877600117371355,0.1319563497455447
2024-05-03,10,pw_strait_of_hormuz_capacity_z,brent,0.22026762882786857,0.16981572537997697
2024-05-03,10,pw_strait_of_hormuz_capacity_z,henry_hub,0.0118127120445293,0.0118127120445293
2024-05-03,10,pw_strait_of_hormuz_n_total_z,audusd,0.11192521481804787,0.08197548169700973
2024-05-03,10,pw_strait_of_hormuz_n_total_z,brlusd,0.0633871119794669,0.03182355718933659
2024-05-03,10,pw_strait_of_hormuz_n_total_z,cnyusd,0.033595737480374095,0.033595737480374095
2024-05-03,10,pw_strait_of_hormuz_n_total_z,krwusd,0.07023697002412922,0.07023697002412922
2024-05-03,10,pw_strait_of_hormuz_n_total_z,eurusd,0.022345467037794726,0.022345467037794726
2024-05-03,10,pw_strait_of_hormuz_n_total_z,sp500,0.0,0.0
2024-05-03,10,pw_strait_of_hormuz_n_total_z,vix,0.0,0.0
2024-05-03,10,pw_strait_of_hormuz_n_total_z,us2y,0.0016325577118625064,0.0016325577118625064
2024-05-03,10,pw_strait_of_hormuz_n_total_z,us10y,0.0863987317905559,0.0863987317905559
2024-05-03,10,pw_strait_of_hormuz_n_total_z,wti,0.0,0.0
2024-05-03,10,pw_strait_of_hormuz_n_total_z,brent,0.0,0.0
2024-05-03,10,pw_strait_of_hormuz_n_total_z,henry_hub,0.0,0.0
2024-05-03,10,pw_suez_canal_capacity_z,audusd,0.0,0.0
2024-05-03,10,pw_suez_canal_capacity_z,brlusd,0.010321195547703069,0.010321195547703069
2024-05-03,10,pw_suez_canal_capacity_z,cnyusd,0.17973182016668524,-0.11619583321660937
2024-05-03,10,pw_suez_canal_capacity_z,krwusd,0.0,0.0
2024-05-03,10,pw_suez_canal_capacity_z,eurusd,0.06506646464830092,-0.054125905484857025
2024-05-03,10,pw_suez_canal_capacity_z,sp500,0.018945409404198605,-0.018945409404198605
2024-05-03,10,pw_suez_canal_capacity_z,vix,0.04234628413571366,0.04234628413571366
2024-05-03,10,pw_suez_canal_capacity_z,us2y,0.0,0.0
2024-05-03,10,pw_suez_canal_capacity_z,us10y,0.0,0.0
2024-05-03,10,pw_suez_canal_capacity_z,wti,0.0,0.0
2024-05-03,10,pw_suez_canal_capacity_z,brent,0.0,0.0
2024-05-03,10,pw_suez_canal_capacity_z,henry_hub,0.0,0.0
2024-05-03,10,pw_suez_canal_n_total_z,audusd,0.0,0.0
2024-05-03,10,pw_suez_canal_n_total_z,brlusd,0.0,0.0
2024-05-03,10,pw_suez_canal_n_total_z,cnyusd,0.0,0.0
2024-05-03,10,pw_suez_canal_n_total_z,krwusd,0.0,0.0
2024-05-03,10,pw_suez_canal_n_total_z,eurusd,0.0,0.0
2024-05-03,10,pw_suez_canal_n_total_z,sp500,0.0,0.0
2024-05-03,10,pw_suez_canal_n_total_z,vix,0.0,0.0
2024-05-03,10,pw_suez_canal_n_total_z,us2y,0.017482579552545386,-0.015599037871704104
2024-05-03,10,pw_suez_canal_n_total_z,us10y,0.013448052744896076,-0.013448052744896076
2024-05-03,10,pw_suez_canal_n_total_z,wti,0.0,0.0
2024-05-03,10,pw_suez_canal_n_total_z,brent,0.033894987890219434,0.014020685507879466
2024-05-03,10,pw_suez_canal_n_total_z,henry_hub,0.21658084396106875,0.07562874590115007
2024-06-06,10,audusd,brlusd,0.0,0.0
2024-06-06,10,audusd,cnyusd,0.0017086795860181614,0.0017086795860181614
2024-06-06,10,audusd,krwusd,0.03998365096807879,-0.02559293123261624
2024-06-06,10,audusd,eurusd,0.0,0.0
2024-06-06,10,audusd,sp500,0.003068944241857077,-0.003068944241857077
2024-06-06,10,audusd,vix,0.006851557364331064,0.006851557364331064
2024-06-06,10,audusd,us2y,0.0,0.0
2024-06-06,10,audusd,us10y,0.0,0.0
2024-06-06,10,audusd,wti,0.01656396962579678,-0.009929848063604425
2024-06-06,10,audusd,brent,0.0056490367578331,-0.0056490367578331
2024-06-06,10,audusd,henry_hub,0.0,0.0
2024-06-06,10,brlusd,audusd,0.0,0.0
2024-06-06,10,brlusd,cnyusd,0.030435897423774706,0.016999347808538345
2024-06-06,10,brlusd,krwusd,0.0003920739603312217,0.0003920739603312217
2024-06-06,10,brlusd,eurusd,0.0,0.0
2024-06-06,10,brlusd,sp500,0.0,0.0
2024-06-06,10,brlusd,vix,0.06346486059451643,0.038209805330546916
2024-06-06,10,brlusd,us2y,0.0169765957736289,0.011883745281163675
2024-06-06,10,brlusd,us10y,0.0005347368160080284,0.0005347368160080284
2024-06-06,10,brlusd,wti,0.0,0.0
2024-06-06,10,brlusd,brent,0.014005127748361813,-0.009577349971473241
2024-06-06,10,brlusd,henry_hub,0.0,0.0
2024-06-06,10,cnyusd,audusd,0.0,0.0
2024-06-06,10,cnyusd,brlusd,0.028506786617316558,-0.011754383664793026
2024-06-06,10,cnyusd,krwusd,0.01709077662072799,-0.01709077662072799
2024-06-06,10,cnyusd,eurusd,0.015708308856077047,-0.010269291904656544
2024-06-06,10,cnyusd,sp500,0.0,0.0
2024-06-06,10,cnyusd,vix,0.0,0.0
2024-06-06,10,cnyusd,us2y,0.0491339227306281,-0.0491339227306281
2024-06-06,10,cnyusd,us10y,0.06515062174379802,0.03320772183293936
2024-06-06,10,cnyusd,wti,0.0,0.0
2024-06-06,10,cnyusd,brent,0.0,0.0
2024-06-06,10,cnyusd,henry_hub,0.010267653716760522,0.007046682732879263
2024-06-06,10,krwusd,audusd,0.03071224020473854,0.013082702450525426
2024-06-06,10,krwusd,brlusd,0.0,0.0
2024-06-06,10,krwusd,cnyusd,0.09605103017353467,0.03251018924290989
2024-06-06,10,krwusd,eurusd,0.0,0.0
2024-06-06,10,krwusd,sp500,0.006406982071584002,0.0032388910617610804
2024-06-06,10,krwusd,vix,0.0,0.0
2024-06-06,10,krwusd,us2y,0.0,0.0
2024-06-06,10,krwusd,us10y,0.033457479443253876,-0.021769540045734337
2024-06-06,10,krwusd,wti,0.0,0.0
2024-06-06,10,krwusd,brent,0.0,0.0
2024-06-06,10,krwusd,henry_hub,0.0,0.0
2024-06-06,10,eurusd,audusd,0.0,0.0
2024-06-06,10,eurusd,brlusd,0.0,0.0
2024-06-06,10,eurusd,cnyusd,0.02788424871740702,0.020212471286065393
2024-06-06,10,eurusd,krwusd,0.05618708921043661,0.05618708921043661
2024-06-06,10,eurusd,sp500,0.0,0.0
2024-06-06,10,eurusd,vix,0.0026884002256164466,0.0026884002256164466
2024-06-06,10,eurusd,us2y,0.0,0.0
2024-06-06,10,eurusd,us10y,0.005737517731644657,-0.005737517731644657
2024-06-06,10,eurusd,wti,0.0,0.0
2024-06-06,10,eurusd,brent,0.0,0.0
2024-06-06,10,eurusd,henry_hub,0.0,0.0
2024-06-06,10,sp500,audusd,0.03399063392786421,0.03399063392786421
2024-06-06,10,sp500,brlusd,0.0658071829620276,0.052545019885989544
2024-06-06,10,sp500,cnyusd,0.02915044934304467,0.02915044934304467
2024-06-06,10,sp500,krwusd,0.0,0.0
2024-06-06,10,sp500,eurusd,0.0,0.0
2024-06-06,10,sp500,vix,0.14240967331561943,0.05857182271623587
2024-06-06,10,sp500,us2y,0.1172067462968391,0.03841738605799996
2024-06-06,10,sp500,us10y,0.016034373139131846,0.016034373139131846
2024-06-06,10,sp500,wti,0.15359812305330112,-0.05138973464579039
2024-06-06,10,sp500,brent,0.066411640686515,-0.02440983581960906
2024-06-06,10,sp500,henry_hub,0.0,0.0
2024-06-06,10,vix,audusd,0.047747477696764996,-0.041202626204265104
2024-06-06,10,vix,brlusd,0.0,0.0
2024-06-06,10,vix,cnyusd,0.0,0.0
2024-06-06,10,vix,krwusd,0.05810535468418658,-0.05810535468418658
2024-06-06,10,vix,eurusd,0.029373683020016278,-0.029373683020016278
2024-06-06,10,vix,sp500,0.0,0.0
2024-06-06,10,vix,us2y,0.0,0.0
2024-06-06,10,vix,us10y,0.0,0.0
2024-06-06,10,vix,wti,0.0,0.0
2024-06-06,10,vix,brent,0.0,0.0
2024-06-06,10,vix,henry_hub,0.02099624241329318,0.02099624241329318
2024-06-06,10,us2y,audusd,0.0,0.0
2024-06-06,10,us2y,brlusd,0.0,0.0
2024-06-06,10,us2y,cnyusd,0.0,0.0
2024-06-06,10,us2y,krwusd,0.0,0.0
2024-06-06,10,us2y,eurusd,0.0,0.0
2024-06-06,10,us2y,sp500,0.0,0.0
2024-06-06,10,us2y,vix,0.0,0.0
2024-06-06,10,us2y,us10y,0.0011892741301282829,-0.0011892741301282829
2024-06-06,10,us2y,wti,0.052835713423010355,-0.02136377227989441
2024-06-06,10,us2y,brent,0.0036852040267882254,-0.0036852040267882254
2024-06-06,10,us2y,henry_hub,0.0,0.0
2024-06-06,10,us10y,audusd,0.025746639691552026,-0.016446140732297405
2024-06-06,10,us10y,brlusd,0.024433952393403693,-0.010420043305848389
2024-06-06,10,us10y,cnyusd,0.021477986764115088,-0.011758045623243006
2024-06-06,10,us10y,krwusd,0.03065910645494524,-0.03065910645494524
2024-06-06,10,us10y,eurusd,0.025879301105044817,-0.018009185730731465
2024-06-06,10,us10y,sp500,0.10544025373114993,-0.043573298588658896
2024-06-06,10,us10y,vix,0.06682319070830368,0.028064999285822404
2024-06-06,10,us10y,us2y,0.0,0.0
2024-06-06,10,us10y,wti,0.0,0.0
2024-06-06,10,us10y,brent,0.0058806825783220525,-0.0058806825783220525
2024-06-06,10,us10y,henry_hub,0.0,0.0
2024-06-06,10,wti,audusd,0.0,0.0
2024-06-06,10,wti,brlusd,0.007522462870629749,-0.007522462870629749
2024-06-06,10,wti,cnyusd,0.0,0.0
2024-06-06,10,wti,krwusd,0.0,0.0
2024-06-06,10,wti,eurusd,0.0,0.0
2024-06-06,10,wti,sp500,0.001210211499045175,-0.001210211499045175
2024-06-06,10,wti,vix,0.011982605764978685,0.01109761149620805
2024-06-06,10,wti,us2y,0.0,0.0
2024-06-06,10,wti,us10y,0.0,0.0
2024-06-06,10,wti,brent,0.17856128704253063,0.175434864458081
2024-06-06,10,wti,henry_hub,0.0,0.0
2024-06-06,10,brent,audusd,0.0,0.0
2024-06-06,10,brent,brlusd,0.00229770478032855,0.00229770478032855
2024-06-06,10,brent,cnyusd,0.004127574730672377,-0.004127574730672377
2024-06-06,10,brent,krwusd,0.014392965127887887,-0.014392965127887887
2024-06-06,10,brent,eurusd,0.0,0.0
2024-06-06,10,brent,sp500,0.012372296440034068,-0.012372296440034068
2024-06-06,10,brent,vix,0.06769960284087503,0.045077034852076085
2024-06-06,10,brent,us2y,0.0,0.0
2024-06-06,10,brent,us10y,0.0,0.0
2024-06-06,10,brent,wti,0.0,0.0
2024-06-06,10,brent,henry_hub,0.0,0.0
2024-06-06,10,henry_hub,audusd,0.0018598553044970978,0.001359597399642866
2024-06-06,10,henry_hub,brlusd,0.0,0.0
2024-06-06,10,henry_hub,cnyusd,0.0,0.0
2024-06-06,10,henry_hub,krwusd,0.0,0.0
2024-06-06,10,henry_hub,eurusd,0.0,0.0
2024-06-06,10,henry_hub,sp500,0.008446806813727724,-0.00784284116233301
2024-06-06,10,henry_hub,vix,0.033055331825587356,0.020126244322941925
2024-06-06,10,henry_hub,us2y,0.0,0.0
2024-06-06,10,henry_hub,us10y,0.0,0.0
2024-06-06,10,henry_hub,wti,0.0,0.0
2024-06-06,10,henry_hub,brent,0.0,0.0
2024-06-06,10,pw_bab_el_mandeb_strait_capacity_z,audusd,0.0,0.0
2024-06-06,10,pw_bab_el_mandeb_strait_capacity_z,brlusd,0.0,0.0
2024-06-06,10,pw_bab_el_mandeb_strait_capacity_z,cnyusd,0.0,0.0
2024-06-06,10,pw_bab_el_mandeb_strait_capacity_z,krwusd,0.0,0.0
2024-06-06,10,pw_bab_el_mandeb_strait_capacity_z,eurusd,0.0,0.0
2024-06-06,10,pw_bab_el_mandeb_strait_capacity_z,sp500,0.0,0.0
2024-06-06,10,pw_bab_el_mandeb_strait_capacity_z,vix,0.009188218101827883,0.009188218101827883
2024-06-06,10,pw_bab_el_mandeb_strait_capacity_z,us2y,0.0267558849371766,0.01700540275866592
2024-06-06,10,pw_bab_el_mandeb_strait_capacity_z,us10y,0.0,0.0
2024-06-06,10,pw_bab_el_mandeb_strait_capacity_z,wti,0.002229692089787709,-0.002229692089787709
2024-06-06,10,pw_bab_el_mandeb_strait_capacity_z,brent,0.0,0.0
2024-06-06,10,pw_bab_el_mandeb_strait_capacity_z,henry_hub,0.20514996844006292,-0.20514996844006292
2024-06-06,10,pw_bab_el_mandeb_strait_n_total_z,audusd,0.0,0.0
2024-06-06,10,pw_bab_el_mandeb_strait_n_total_z,brlusd,0.026925265545146307,-0.0210381818082174
2024-06-06,10,pw_bab_el_mandeb_strait_n_total_z,cnyusd,0.0,0.0
2024-06-06,10,pw_bab_el_mandeb_strait_n_total_z,krwusd,0.027303809181949357,0.027303809181949357
2024-06-06,10,pw_bab_el_mandeb_strait_n_total_z,eurusd,0.0916323757463792,0.0916323757463792
2024-06-06,10,pw_bab_el_mandeb_strait_n_total_z,sp500,0.0,0.0
2024-06-06,10,pw_bab_el_mandeb_strait_n_total_z,vix,0.0,0.0
2024-06-06,10,pw_bab_el_mandeb_strait_n_total_z,us2y,0.0,0.0
2024-06-06,10,pw_bab_el_mandeb_strait_n_total_z,us10y,0.07938891945926432,-0.04701572770246701
2024-06-06,10,pw_bab_el_mandeb_strait_n_total_z,wti,0.0,0.0
2024-06-06,10,pw_bab_el_mandeb_strait_n_total_z,brent,0.0,0.0
2024-06-06,10,pw_bab_el_mandeb_strait_n_total_z,henry_hub,0.014948379203897674,-0.01211742418467412
2024-06-06,10,pw_cape_of_good_hope_capacity_z,audusd,0.0,0.0
2024-06-06,10,pw_cape_of_good_hope_capacity_z,brlusd,0.09769568669608968,-0.036983470847659884
2024-06-06,10,pw_cape_of_good_hope_capacity_z,cnyusd,0.16386423971579656,-0.07992257651429643
2024-06-06,10,pw_cape_of_good_hope_capacity_z,krwusd,0.0,0.0
2024-06-06,10,pw_cape_of_good_hope_capacity_z,eurusd,0.04927903894180567,0.03692283239556061
2024-06-06,10,pw_cape_of_good_hope_capacity_z,sp500,0.0,0.0
2024-06-06,10,pw_cape_of_good_hope_capacity_z,vix,0.0,0.0
2024-06-06,10,pw_cape_of_good_hope_capacity_z,us2y,0.0021270764541036235,0.0021270764541036235
2024-06-06,10,pw_cape_of_good_hope_capacity_z,us10y,0.0034501043009984612,0.003004855594733983
2024-06-06,10,pw_cape_of_good_hope_capacity_z,wti,0.014365664962302634,-0.014365664962302634
2024-06-06,10,pw_cape_of_good_hope_capacity_z,brent,0.1062923723528674,0.09589241881425663
2024-06-06,10,pw_cape_of_good_hope_capacity_z,henry_hub,0.20156189399612734,-0.07615929587097767
2024-06-06,10,pw_cape_of_good_hope_n_total_z,audusd,0.0,0.0
2024-06-06,10,pw_cape_of_good_hope_n_total_z,brlusd,0.029226705582046923,0.029226705582046923
2024-06-06,10,pw_cape_of_good_hope_n_total_z,cnyusd,0.0,0.0
2024-06-06,10,pw_cape_of_good_hope_n_total_z,krwusd,0.0,0.0
2024-06-06,10,pw_cape_of_good_hope_n_total_z,eurusd,0.011287686917060662,0.010264731505978304
2024-06-06,10,pw_cape_of_good_hope_n_total_z,sp500,0.05592255568703194,0.026908485141131318
2024-06-06,10,pw_cape_of_good_hope_n_total_z,vix,0.041788346805300094,-0.014243601136207772
2024-06-06,10,pw_cape_of_good_hope_n_total_z,us2y,0.04078854441537165,0.04078854441537165
2024-06-06,10,pw_cape_of_good_hope_n_total_z,us10y,0.002710427927050513,-0.002710427927050513
2024-06-06,10,pw_cape_of_good_hope_n_total_z,wti,0.029298402981727555,-0.020950939278219956
2024-06-06,10,pw_cape_of_good_hope_n_total_z,brent,0.06237922019626335,-0.04525678757049248
2024-06-06,10,pw_cape_of_good_hope_n_total_z,henry_hub,0.26462021568664146,0.08465070825640858
2024-06-06,10,pw_malacca_strait_capacity_z,audusd,0.0,0.0
2024-06-06,10,pw_malacca_strait_capacity_z,brlusd,0.0,0.0
2024-06-06,10,pw_malacca_strait_capacity_z,cnyusd,0.0,0.0
2024-06-06,10,pw_malacca_strait_capacity_z,krwusd,0.07954486610542329,0.034884683706255644
2024-06-06,10,pw_malacca_strait_capacity_z,eurusd,0.0,0.0
2024-06-06,10,pw_malacca_strait_capacity_z,sp500,0.0,0.0
2024-06-06,10,pw_malacca_strait_capacity_z,vix,0.0,0.0
2024-06-06,10,pw_malacca_strait_capacity_z,us2y,0.06010804720599733,0.06010804720599733
2024-06-06,10,pw_malacca_strait_capacity_z,us10y,0.0,0.0
2024-06-06,10,pw_malacca_strait_capacity_z,wti,0.002718789359791147,-0.002718789359791147
2024-06-06,10,pw_malacca_strait_capacity_z,brent,0.02901584195715375,-0.02901584195715375
2024-06-06,10,pw_malacca_strait_capacity_z,henry_hub,0.007219800676639169,-0.007219800676639169
2024-06-06,10,pw_malacca_strait_n_total_z,audusd,0.08857513423805989,-0.06880818049425737
2024-06-06,10,pw_malacca_strait_n_total_z,brlusd,0.0,0.0
2024-06-06,10,pw_malacca_strait_n_total_z,cnyusd,0.16353818451178848,-0.1036194286904114
2024-06-06,10,pw_malacca_strait_n_total_z,krwusd,0.1394811299732181,-0.07531882697767404
2024-06-06,10,pw_malacca_strait_n_total_z,eurusd,0.15869241419612182,-0.09453348326256965
2024-06-06,10,pw_malacca_strait_n_total_z,sp500,0.1018169703554179,-0.03371883379040969
2024-06-06,10,pw_malacca_strait_n_total_z,vix,0.0,0.0
2024-06-06,10,pw_malacca_strait_n_total_z,us2y,0.06479655721243141,0.06479655721243141
2024-06-06,10,pw_malacca_strait_n_total_z,us10y,0.023526901202976232,0.023526901202976232
2024-06-06,10,pw_malacca_strait_n_total_z,wti,0.0,0.0
2024-06-06,10,pw_malacca_strait_n_total_z,brent,0.059731558621453136,-0.059731558621453136
2024-06-06,10,pw_malacca_strait_n_total_z,henry_hub,0.06871275516353283,0.03325726883674743
2024-06-06,10,pw_panama_canal_capacity_z,audusd,0.05814262212498355,-0.05814262212498355
2024-06-06,10,pw_panama_canal_capacity_z,brlusd,0.0,0.0
2024-06-06,10,pw_panama_canal_capacity_z,cnyusd,0.037948759014206676,-0.037948759014206676
2024-06-06,10,pw_panama_canal_capacity_z,krwusd,0.13093495581903417,-0.13093495581903417
2024-06-06,10,pw_panama_canal_capacity_z,eurusd,0.004756743106945812,-0.004756743106945812
2024-06-06,10,pw_panama_canal_capacity_z,sp500,0.020975902225212777,0.020975902225212777
2024-06-06,10,pw_panama_canal_capacity_z,vix,0.11001865741827802,-0.11001865741827802
2024-06-06,10,pw_panama_canal_capacity_z,us2y,0.004828032245547899,0.004828032245547899
2024-06-06,10,pw_panama_canal_capacity_z,us10y,0.11963391874803064,0.07522239461508233
2024-06-06,10,pw_panama_canal_capacity_z,wti,0.0,0.0
2024-06-06,10,pw_panama_canal_capacity_z,brent,0.020887934516010002,0.01796840438744125
2024-06-06,10,pw_panama_canal_capacity_z,henry_hub,0.0,0.0
2024-06-06,10,pw_panama_canal_n_total_z,audusd,0.05418739875383753,-0.02964911331003076
2024-06-06,10,pw_panama_canal_n_total_z,brlusd,0.014953030193240346,0.014953030193240346
2024-06-06,10,pw_panama_canal_n_total_z,cnyusd,0.0,0.0
2024-06-06,10,pw_panama_canal_n_total_z,krwusd,0.0,0.0
2024-06-06,10,pw_panama_canal_n_total_z,eurusd,0.023770689428465743,-0.020192890430724347
2024-06-06,10,pw_panama_canal_n_total_z,sp500,0.0,0.0
2024-06-06,10,pw_panama_canal_n_total_z,vix,0.0,0.0
2024-06-06,10,pw_panama_canal_n_total_z,us2y,0.08229584167840447,0.08229584167840447
2024-06-06,10,pw_panama_canal_n_total_z,us10y,0.0,0.0
2024-06-06,10,pw_panama_canal_n_total_z,wti,0.017185135162827776,-0.017185135162827776
2024-06-06,10,pw_panama_canal_n_total_z,brent,0.0075685938035249326,0.0075685938035249326
2024-06-06,10,pw_panama_canal_n_total_z,henry_hub,0.00802395579683685,0.00802395579683685
2024-06-06,10,pw_strait_of_hormuz_capacity_z,audusd,0.1000689890453938,0.04631093750976507
2024-06-06,10,pw_strait_of_hormuz_capacity_z,brlusd,0.0,0.0
2024-06-06,10,pw_strait_of_hormuz_capacity_z,cnyusd,0.0,0.0
2024-06-06,10,pw_strait_of_hormuz_capacity_z,krwusd,0.0,0.0
2024-06-06,10,pw_strait_of_hormuz_capacity_z,eurusd,0.0,0.0
2024-06-06,10,pw_strait_of_hormuz_capacity_z,sp500,0.0,0.0
2024-06-06,10,pw_strait_of_hormuz_capacity_z,vix,0.0,0.0
2024-06-06,10,pw_strait_of_hormuz_capacity_z,us2y,0.06645772728640946,0.026981430914982323
2024-06-06,10,pw_strait_of_hormuz_capacity_z,us10y,0.056418378970851814,0.056418378970851814
2024-06-06,10,pw_strait_of_hormuz_capacity_z,wti,0.1476529877906643,0.11658299971922166
2024-06-06,10,pw_strait_of_hormuz_capacity_z,brent,0.19498463401802996,0.15381127588425897
2024-06-06,10,pw_strait_of_hormuz_capacity_z,henry_hub,0.016870455280682987,0.016870455280682987
2024-06-06,10,pw_strait_of_hormuz_n_total_z,audusd,0.11469197101506313,0.09283205251072046
2024-06-06,10,pw_strait_of_hormuz_n_total_z,brlusd,0.06247969982825229,0.03139900035857305
2024-06-06,10,pw_strait_of_hormuz_n_total_z,cnyusd,0.028781105712905885,0.028781105712905885
2024-06-06,10,pw_strait_of_hormuz_n_total_z,krwusd,0.0687645209924167,0.0687645209924167
2024-06-06,10,pw_strait_of_hormuz_n_total_z,eurusd,0.026511758342232284,0.026511758342232284
2024-06-06,10,pw_strait_of_hormuz_n_total_z,sp500,0.0,0.0
2024-06-06,10,pw_strait_of_hormuz_n_total_z,vix,0.0,0.0
2024-06-06,10,pw_strait_of_hormuz_n_total_z,us2y,0.012304458408136877,0.012304458408136877
2024-06-06,10,pw_strait_of_hormuz_n_total_z,us10y,0.09019110606566844,0.09019110606566844
2024-06-06,10,pw_strait_of_hormuz_n_total_z,wti,0.0,0.0
2024-06-06,10,pw_strait_of_hormuz_n_total_z,brent,0.0,0.0
2024-06-06,10,pw_strait_of_hormuz_n_total_z,henry_hub,0.0,0.0
2024-06-06,10,pw_suez_canal_capacity_z,audusd,0.00121118897163156,-0.00121118897163156
2024-06-06,10,pw_suez_canal_capacity_z,brlusd,0.010653483741978192,0.010653483741978192
2024-06-06,10,pw_suez_canal_capacity_z,cnyusd,0.1671251695708819,-0.11132705138023812
2024-06-06,10,pw_suez_canal_capacity_z,krwusd,0.0,0.0
2024-06-06,10,pw_suez_canal_capacity_z,eurusd,0.06928817504793305,-0.054648419048948564
2024-06-06,10,pw_suez_canal_capacity_z,sp500,0.021112848713136092,-0.021112848713136092
2024-06-06,10,pw_suez_canal_capacity_z,vix,0.044583132792589554,0.044583132792589554
2024-06-06,10,pw_suez_canal_capacity_z,us2y,0.0,0.0
2024-06-06,10,pw_suez_canal_capacity_z,us10y,0.0,0.0
2024-06-06,10,pw_suez_canal_capacity_z,wti,0.0,0.0
2024-06-06,10,pw_suez_canal_capacity_z,brent,0.0,0.0
2024-06-06,10,pw_suez_canal_capacity_z,henry_hub,0.0,0.0
2024-06-06,10,pw_suez_canal_n_total_z,audusd,0.0,0.0
2024-06-06,10,pw_suez_canal_n_total_z,brlusd,0.0,0.0
2024-06-06,10,pw_suez_canal_n_total_z,cnyusd,0.0,0.0
2024-06-06,10,pw_suez_canal_n_total_z,krwusd,0.0,0.0
2024-06-06,10,pw_suez_canal_n_total_z,eurusd,0.0,0.0
2024-06-06,10,pw_suez_canal_n_total_z,sp500,0.0,0.0
2024-06-06,10,pw_suez_canal_n_total_z,vix,0.0,0.0
2024-06-06,10,pw_suez_canal_n_total_z,us2y,0.010271823533082133,-0.009779595108081022
2024-06-06,10,pw_suez_canal_n_total_z,us10y,0.0010529726978665227,-0.0010529726978665227
2024-06-06,10,pw_suez_canal_n_total_z,wti,0.003758772175111737,0.003758772175111737
2024-06-06,10,pw_suez_canal_n_total_z,brent,0.05426086362029883,0.022345668641220114
2024-06-06,10,pw_suez_canal_n_total_z,henry_hub,0.21475373332253891,0.07389041938187876
2024-07-10,10,audusd,brlusd,0.0,0.0
2024-07-10,10,audusd,cnyusd,0.002413962039932938,0.002413962039932938
2024-07-10,10,audusd,krwusd,0.03335110833052867,-0.023279302951409637
2024-07-10,10,audusd,eurusd,0.0,0.0
2024-07-10,10,audusd,sp500,0.003055859761023307,-0.003055859761023307
2024-07-10,10,audusd,vix,0.0065322527260849444,0.0065322527260849444
2024-07-10,10,audusd,us2y,0.0,0.0
2024-07-10,10,audusd,us10y,0.0,0.0
2024-07-10,10,audusd,wti,0.01724293896626432,-0.01113271770660498
2024-07-10,10,audusd,brent,0.006511786505411329,-0.006511786505411329
2024-07-10,10,audusd,henry_hub,0.0,0.0
2024-07-10,10,brlusd,audusd,0.0,0.0
2024-07-10,10,brlusd,cnyusd,0.031160275381308174,0.018432898255945473
2024-07-10,10,brlusd,krwusd,0.0004337522241849226,0.0004337522241849226
2024-07-10,10,brlusd,eurusd,0.00010745096869877484,0.00010745096869877484
2024-07-10,10,brlusd,sp500,0.0,0.0
2024-07-10,10,brlusd,vix,0.062277664615765005,0.03856435245061467
2024-07-10,10,brlusd,us2y,0.02484928410167063,0.01380528020516696
2024-07-10,10,brlusd,us10y,0.003654754524097909,0.003654754524097909
2024-07-10,10,brlusd,wti,0.0,0.0
2024-07-10,10,brlusd,brent,0.013859787365411325,-0.010347664209944082
2024-07-10,10,brlusd,henry_hub,0.0,0.0
2024-07-10,10,cnyusd,audusd,0.0,0.0
2024-07-10,10,cnyusd,brlusd,0.01423671524437561,-0.006795971706756547
2024-07-10,10,cnyusd,krwusd,0.01645595652901322,-0.01645595652901322
2024-07-10,10,cnyusd,eurusd,0.012056596185025569,-0.008581931571738107
2024-07-10,10,cnyusd,sp500,0.0,0.0
2024-07-10,10,cnyusd,vix,0.0,0.0
2024-07-10,10,cnyusd,us2y,0.0485284538927527,-0.0485284538927527
2024-07-10,10,cnyusd,us10y,0.06488019028515056,0.03299474932979871
2024-07-10,10,cnyusd,wti,0.0,0.0
2024-07-10,10,cnyusd,brent,0.0,0.0
2024-07-10,10,cnyusd,henry_hub,0.0101319584987367,0.007174534665846308
2024-07-10,10,krwusd,audusd,0.032522551471867715,0.014731296453656537
2024-07-10,10,krwusd,brlusd,0.0,0.0
2024-07-10,10,krwusd,cnyusd,0.09727051798805564,0.03193052794530082
2024-07-10,10,krwusd,eurusd,0.0003714734086075396,0.0003714734086075396
2024-07-10,10,krwusd,sp500,0.0005559122333938807,0.0005559122333938807
2024-07-10,10,krwusd,vix,0.0,0.0
2024-07-10,10,krwusd,us2y,0.0,0.0
2024-07-10,10,krwusd,us10y,0.021426617291456736,-0.021426617291456736
2024-07-10,10,krwusd,wti,0.0,0.0
2024-07-10,10,krwusd,brent,0.0,0.0
2024-07-10,10,krwusd,henry_hub,0.0,0.0
2024-07-10,10,eurusd,audusd,0.0,0.0
2024-07-10,10,eurusd,brlusd,0.0,0.0
2024-07-10,10,eurusd,cnyusd,0.03449942390436151,0.0216606400330056
2024-07-10,10,eurusd,krwusd,0.058458594368182994,0.058458594368182994
2024-07-10,10,eurusd,sp500,0.0,0.0
2024-07-10,10,eurusd,vix,0.002179487128422248,0.002179487128422248
2024-07-10,10,eurusd,us2y,0.0,0.0
2024-07-10,10,eurusd,us10y,0.003549783493899725,-0.003549783493899725
2024-07-10,10,eurusd,wti,0.0,0.0
2024-07-10,10,eurusd,brent,0.0,0.0
2024-07-10,10,eurusd,henry_hub,0.0,0.0
2024-07-10,10,sp500,audusd,0.03401261251799398,0.03401261251799398
2024-07-10,10,sp500,brlusd,0.06211254519522656,0.05120361218066751
2024-07-10,10,sp500,cnyusd,0.02756617074971866,0.02756617074971866
2024-07-10,10,sp500,krwusd,0.0,0.0
2024-07-10,10,sp500,eurusd,0.0,0.0
2024-07-10,10,sp500,vix,0.1406758191607007,0.057597330881420356
2024-07-10,10,sp500,us2y,0.11373615469413248,0.03746492890555588
2024-07-10,10,sp500,us10y,0.015311939347847846,0.015311939347847846
2024-07-10,10,sp500,wti,0.1493139689201193,-0.051121682858210026
2024-07-10,10,sp500,brent,0.06410671094111091,-0.025103422613029478
2024-07-10,10,sp500,henry_hub,0.0,0.0
2024-07-10,10,vix,audusd,0.045910403103665176,-0.04011191038768368
2024-07-10,10,vix,brlusd,0.0,0.0
2024-07-10,10,vix,cnyusd,0.0005326542526779187,-0.0005326542526779187
2024-07-10,10,vix,krwusd,0.05941650284447986,-0.05941650284447986
2024-07-10,10,vix,eurusd,0.027977413222988332,-0.027977413222988332
2024-07-10,10,vix,sp500,0.0,0.0
2024-07-10,10,vix,us2y,0.0,0.0
2024-07-10,10,vix,us10y,0.0,0.0
2024-07-10,10,vix,wti,0.0,0.0
2024-07-10,10,vix,brent,0.0,0.0
2024-07-10,10,vix,henry_hub,0.020290310535727104,0.020290310535727104
2024-07-10,10,us2y,audusd,0.0,0.0
2024-07-10,10,us2y,brlusd,0.0,0.0
2024-07-10,10,us2y,cnyusd,0.0,0.0
2024-07-10,10,us2y,krwusd,0.0,0.0
2024-07-10,10,us2y,eurusd,0.0,0.0
2024-07-10,10,us2y,sp500,0.0,0.0
2024-07-10,10,us2y,vix,0.0,0.0
2024-07-10,10,us2y,us10y,0.0016738783702082473,-0.0016738783702082473
2024-07-10,10,us2y,wti,0.06980223303807148,-0.025056161473010645
2024-07-10,10,us2y,brent,0.006935395261497184,-0.006935395261497184
2024-07-10,10,us2y,henry_hub,0.0,0.0
2024-07-10,10,us10y,audusd,0.027157983175551154,-0.018564080264893548
2024-07-10,10,us10y,brlusd,0.0017599690430924924,-0.0017599690430924924
2024-07-10,10,us10y,cnyusd,0.012020638706357991,-0.009197343691790578
2024-07-10,10,us10y,krwusd,0.031221965637699026,-0.031221965637699026
2024-07-10,10,us10y,eurusd,0.023707842920263372,-0.016642767371464372
2024-07-10,10,us10y,sp500,0.1094370717730215,-0.04395914638556704
2024-07-10,10,us10y,vix,0.06154214135549288,0.025946156965087525
2024-07-10,10,us10y,us2y,0.0,0.0
2024-07-10,10,us10y,wti,0.0,0.0
2024-07-10,10,us10y,brent,0.008518205520641194,-0.008518205520641194
2024-07-10,10,us10y,henry_hub,0.0,0.0
2024-07-10,10,wti,audusd,0.0,0.0
2024-07-10,10,wti,brlusd,0.0034379698205146514,-0.0034379698205146514
2024-07-10,10,wti,cnyusd,0.0,0.0
2024-07-10,10,wti,krwusd,0.0,0.0
2024-07-10,10,wti,eurusd,0.0,0.0
2024-07-10,10,wti,sp500,0.001466077184557027,-0.001466077184557027
2024-07-10,10,wti,vix,0.012006372980703757,0.010822906817304145
2024-07-10,10,wti,us2y,0.0,0.0
2024-07-10,10,wti,us10y,0.0,0.0
2024-07-10,10,wti,brent,0.17871897916406157,0.17496510224766545
2024-07-10,10,wti,henry_hub,0.0,0.0
2024-07-10,10,brent,audusd,0.0,0.0
2024-07-10,10,brent,brlusd,0.0022427070071537676,0.0022427070071537676
2024-07-10,10,brent,cnyusd,0.004741213272355766,-0.004741213272355766
2024-07-10,10,brent,krwusd,0.014157684684226901,-0.014157684684226901
2024-07-10,10,brent,eurusd,0.0,0.0
2024-07-10,10,brent,sp500,0.013216119059094736,-0.01297580247721061
2024-07-10,10,brent,vix,0.06567120054524114,0.04441022296528349
2024-07-10,10,brent,us2y,0.0,0.0
2024-07-10,10,brent,us10y,0.0,0.0
2024-07-10,10,brent,wti,0.0,0.0
2024-07-10,10,brent,henry_hub,0.0,0.0
2024-07-10,10,henry_hub,audusd,0.0,0.0
2024-07-10,10,henry_hub,brlusd,0.0,0.0
2024-07-10,10,henry_hub,cnyusd,0.0,0.0
2024-07-10,10,henry_hub,krwusd,0.0,0.0
2024-07-10,10,henry_hub,eurusd,0.0,0.0
2024-07-10,10,henry_hub,sp500,0.011068448374615014,-0.010057823422210703
2024-07-10,10,henry_hub,vix,0.03157784293068676,0.0191913306617432
2024-07-10,10,henry_hub,us2y,0.0,0.0
2024-07-10,10,henry_hub,us10y,0.0,0.0
2024-07-10,10,henry_hub,wti,0.0,0.0
2024-07-10,10,henry_hub,brent,0.0,0.0
2024-07-10,10,pw_bab_el_mandeb_strait_capacity_z,audusd,0.0,0.0
2024-07-10,10,pw_bab_el_mandeb_strait_capacity_z,brlusd,0.0,0.0
2024-07-10,10,pw_bab_el_mandeb_strait_capacity_z,cnyusd,0.0,0.0
2024-07-10,10,pw_bab_el_mandeb_strait_capacity_z,krwusd,0.0,0.0
2024-07-10,10,pw_bab_el_mandeb_strait_capacity_z,eurusd,0.0,0.0
2024-07-10,10,pw_bab_el_mandeb_strait_capacity_z,sp500,0.0,0.0
2024-07-10,10,pw_bab_el_mandeb_strait_capacity_z,vix,0.007835270668309637,0.007835270668309637
2024-07-10,10,pw_bab_el_mandeb_strait_capacity_z,us2y,0.037863455036695276,0.021983383818285462
2024-07-10,10,pw_bab_el_mandeb_strait_capacity_z,us10y,0.0,0.0
2024-07-10,10,pw_bab_el_mandeb_strait_capacity_z,wti,0.0014964110535484606,-0.0014964110535484606
2024-07-10,10,pw_bab_el_mandeb_strait_capacity_z,brent,0.0,0.0
2024-07-10,10,pw_bab_el_mandeb_strait_capacity_z,henry_hub,0.20052464497556255,-0.20052464497556255
2024-07-10,10,pw_bab_el_mandeb_strait_n_total_z,audusd,0.0005006409970276867,0.0005006409970276867
2024-07-10,10,pw_bab_el_mandeb_strait_n_total_z,brlusd,0.0,0.0
2024-07-10,10,pw_bab_el_mandeb_strait_n_total_z,cnyusd,0.0,0.0
2024-07-10,10,pw_bab_el_mandeb_strait_n_total_z,krwusd,0.0347890621064551,0.02921331310350175
2024-07-10,10,pw_bab_el_mandeb_strait_n_total_z,eurusd,0.09762375828749967,0.09762375828749967
2024-07-10,10,pw_bab_el_mandeb_strait_n_total_z,sp500,0.0,0.0
2024-07-10,10,pw_bab_el_mandeb_strait_n_total_z,vix,0.0,0.0
2024-07-10,10,pw_bab_el_mandeb_strait_n_total_z,us2y,0.0,0.0
2024-07-10,10,pw_bab_el_mandeb_strait_n_total_z,us10y,0.04942473359253265,-0.03218906776401514
2024-07-10,10,pw_bab_el_mandeb_strait_n_total_z,wti,0.0,0.0
2024-07-10,10,pw_bab_el_mandeb_strait_n_total_z,brent,0.0,0.0
2024-07-10,10,pw_bab_el_mandeb_strait_n_total_z,henry_hub,0.013778847328263816,-0.011763910253856555
2024-07-10,10,pw_cape_of_good_hope_capacity_z,audusd,0.0,0.0
2024-07-10,10,pw_cape_of_good_hope_capacity_z,brlusd,0.09069948838763822,-0.03660705423635998
2024-07-10,10,pw_cape_of_good_hope_capacity_z,cnyusd,0.1601675392248193,-0.07851380613868024
2024-07-10,10,pw_cape_of_good_hope_capacity_z,krwusd,0.0,0.0
2024-07-10,10,pw_cape_of_good_hope_capacity_z,eurusd,0.053112205754298966,0.041075943940673224
2024-07-10,10,pw_cape_of_good_hope_capacity_z,sp500,0.0,0.0
2024-07-10,10,pw_cape_of_good_hope_capacity_z,vix,0.0,0.0
2024-07-10,10,pw_cape_of_good_hope_capacity_z,us2y,0.004057725412005587,0.004057725412005587
2024-07-10,10,pw_cape_of_good_hope_capacity_z,us10y,0.014806104597806288,0.011034952238290032
2024-07-10,10,pw_cape_of_good_hope_capacity_z,wti,0.014273269856722599,-0.014273269856722599
2024-07-10,10,pw_cape_of_good_hope_capacity_z,brent,0.10080647716728217,0.092382341447869
2024-07-10,10,pw_cape_of_good_hope_capacity_z,henry_hub,0.1988172333599498,-0.06939770951325488
2024-07-10,10,pw_cape_of_good_hope_n_total_z,audusd,0.0,0.0
2024-07-10,10,pw_cape_of_good_hope_n_total_z,brlusd,0.021682128284677683,0.021682128284677683
2024-07-10,10,pw_cape_of_good_hope_n_total_z,cnyusd,0.0,0.0
2024-07-10,10,pw_cape_of_good_hope_n_total_z,krwusd,0.0,0.0
2024-07-10,10,pw_cape_of_good_hope_n_total_z,eurusd,0.00861432220180403,0.00861432220180403
2024-07-10,10,pw_cape_of_good_hope_n_total_z,sp500,0.05881871615006706,0.029095907826043745
2024-07-10,10,pw_cape_of_good_hope_n_total_z,vix,0.041643335099137146,-0.014038574380972493
2024-07-10,10,pw_cape_of_good_hope_n_total_z,us2y,0.03672750701168689,0.03672750701168689
2024-07-10,10,pw_cape_of_good_hope_n_total_z,us10y,0.014368577204951846,-0.014368577204951846
2024-07-10,10,pw_cape_of_good_hope_n_total_z,wti,0.025647141167503724,-0.019817450597888576
2024-07-10,10,pw_cape_of_good_hope_n_total_z,brent,0.056737419275064455,-0.04049796347118943
2024-07-10,10,pw_cape_of_good_hope_n_total_z,henry_hub,0.2640764340403569,0.08064020027663019
2024-07-10,10,pw_malacca_strait_capacity_z,audusd,0.0,0.0
2024-07-10,10,pw_malacca_strait_capacity_z,brlusd,0.0,0.0
2024-07-10,10,pw_malacca_strait_capacity_z,cnyusd,0.0,0.0
2024-07-10,10,pw_malacca_strait_capacity_z,krwusd,0.07332190740466044,0.039848229105822655
2024-07-10,10,pw_malacca_strait_capacity_z,eurusd,0.0,0.0
2024-07-10,10,pw_malacca_strait_capacity_z,sp500,0.0,0.0
2024-07-10,10,pw_malacca_strait_capacity_z,vix,0.0,0.0
2024-07-10,10,pw_malacca_strait_capacity_z,us2y,0.0739260372248495,0.0739260372248495
2024-07-10,10,pw_malacca_strait_capacity_z,us10y,0.0,0.0
2024-07-10,10,pw_malacca_strait_capacity_z,wti,0.010592123546285347,-0.010592123546285347
2024-07-10,10,pw_malacca_strait_capacity_z,brent,0.034292845349917674,-0.028776732216943268
2024-07-10,10,pw_malacca_strait_capacity_z,henry_hub,0.0,0.0
2024-07-10,10,pw_malacca_strait_n_total_z,audusd,0.08674861188866871,-0.062070554107757095
2024-07-10,10,pw_malacca_strait_n_total_z,brlusd,0.013822828811110107,0.013822828811110107
2024-07-10,10,pw_malacca_strait_n_total_z,cnyusd,0.15477629727763673,-0.10151216927991223
2024-07-10,10,pw_malacca_strait_n_total_z,krwusd,0.12878945473007813,-0.08569946359620083
2024-07-10,10,pw_malacca_strait_n_total_z,eurusd,0.14800096632930693,-0.0748920373267011
2024-07-10,10,pw_malacca_strait_n_total_z,sp500,0.10698057093358813,-0.03022031456646555
2024-07-10,10,pw_malacca_strait_n_total_z,vix,0.0,0.0
2024-07-10,10,pw_malacca_strait_n_total_z,us2y,0.0689577589506481,0.0689577589506481
2024-07-10,10,pw_malacca_strait_n_total_z,us10y,0.043792832084693166,0.043792832084693166
2024-07-10,10,pw_malacca_strait_n_total_z,wti,0.0,0.0
2024-07-10,10,pw_malacca_strait_n_total_z,brent,0.05988155827099992,-0.059515353382669195
2024-07-10,10,pw_malacca_strait_n_total_z,henry_hub,0.06899001790018901,0.036460868589309664
2024-07-10,10,pw_panama_canal_capacity_z,audusd,0.05935224310135706,-0.05935224310135706
2024-07-10,10,pw_panama_canal_capacity_z,brlusd,0.006903489869268943,-0.006903489869268943
2024-07-10,10,pw_panama_canal_capacity_z,cnyusd,0.04436024580154034,-0.04436024580154034
2024-07-10,10,pw_panama_canal_capacity_z,krwusd,0.13778001508446527,-0.13778001508446527
2024-07-10,10,pw_panama_canal_capacity_z,eurusd,0.009047921724363469,-0.009047921724363469
2024-07-10,10,pw_panama_canal_capacity_z,sp500,0.025674595902778263,0.025674595902778263
2024-07-10,10,pw_panama_canal_capacity_z,vix,0.1096382748329245,-0.1096382748329245
2024-07-10,10,pw_panama_canal_capacity_z,us2y,0.005303708691923166,0.005303708691923166
2024-07-10,10,pw_panama_canal_capacity_z,us10y,0.10046525535506486,0.061183881944750676
2024-07-10,10,pw_panama_canal_capacity_z,wti,0.0,0.0
2024-07-10,10,pw_panama_canal_capacity_z,brent,0.024972692504966497,0.024058323311378766
2024-07-10,10,pw_panama_canal_capacity_z,henry_hub,0.0,0.0
2024-07-10,10,pw_panama_canal_n_total_z,audusd,0.05342088984686717,-0.028484526326736183
2024-07-10,10,pw_panama_canal_n_total_z,brlusd,0.0,0.0
2024-07-10,10,pw_panama_canal_n_total_z,cnyusd,0.0,0.0
2024-07-10,10,pw_panama_canal_n_total_z,krwusd,0.0,0.0
2024-07-10,10,pw_panama_canal_n_total_z,eurusd,0.029711414815014343,-0.020398767059828713
2024-07-10,10,pw_panama_canal_n_total_z,sp500,0.0,0.0
2024-07-10,10,pw_panama_canal_n_total_z,vix,0.0,0.0
2024-07-10,10,pw_panama_canal_n_total_z,us2y,0.07133552032422463,0.07133552032422463
2024-07-10,10,pw_panama_canal_n_total_z,us10y,0.0,0.0
2024-07-10,10,pw_panama_canal_n_total_z,wti,0.01357522647145634,-0.01357522647145634
2024-07-10,10,pw_panama_canal_n_total_z,brent,0.0024651357405245334,0.001664358213991906
2024-07-10,10,pw_panama_canal_n_total_z,henry_hub,0.004625887711837501,0.004625887711837501
2024-07-10,10,pw_strait_of_hormuz_capacity_z,audusd,0.09640471538588,0.05450144028553762
2024-07-10,10,pw_strait_of_hormuz_capacity_z,brlusd,0.0,0.0
2024-07-10,10,pw_strait_of_hormuz_capacity_z,cnyusd,0.0,0.0
2024-07-10,10,pw_strait_of_hormuz_capacity_z,krwusd,0.0,0.0
2024-07-10,10,pw_strait_of_hormuz_capacity_z,eurusd,0.0,0.0
2024-07-10,10,pw_strait_of_hormuz_capacity_z,sp500,0.0018159744578310551,0.0018159744578310551
2024-07-10,10,pw_strait_of_hormuz_capacity_z,vix,0.0,0.0
2024-07-10,10,pw_strait_of_hormuz_capacity_z,us2y,0.0478392622292175,0.018920972008981737
2024-07-10,10,pw_strait_of_hormuz_capacity_z,us10y,0.04652884864229733,0.04652884864229733
2024-07-10,10,pw_strait_of_hormuz_capacity_z,wti,0.1599934150850661,0.12202975692873015
2024-07-10,10,pw_strait_of_hormuz_capacity_z,brent,0.2044090939970162,0.15727508414808816
2024-07-10,10,pw_strait_of_hormuz_capacity_z,henry_hub,0.01827189861633507,0.01827189861633507
2024-07-10,10,pw_strait_of_hormuz_n_total_z,audusd,0.11529844019704688,0.08702490599907775
2024-07-10,10,pw_strait_of_hormuz_n_total_z,brlusd,0.049973893459697424,0.02591045986917062
2024-07-10,10,pw_strait_of_hormuz_n_total_z,cnyusd,0.024300566897832488,0.024300566897832488
2024-07-10,10,pw_strait_of_hormuz_n_total_z,krwusd,0.06614799603911627,0.06614799603911627
2024-07-10,10,pw_strait_of_hormuz_n_total_z,eurusd,0.02059675158720485,0.02059675158720485
2024-07-10,10,pw_strait_of_hormuz_n_total_z,sp500,0.0,0.0
2024-07-10,10,pw_strait_of_hormuz_n_total_z,vix,0.0,0.0
2024-07-10,10,pw_strait_of_hormuz_n_total_z,us2y,0.01712696554866115,0.01712696554866115
2024-07-10,10,pw_strait_of_hormuz_n_total_z,us10y,0.07974186217867658,0.07974186217867658
2024-07-10,10,pw_strait_of_hormuz_n_total_z,wti,0.0,0.0
2024-07-10,10,pw_strait_of_hormuz_n_total_z,brent,0.0,0.0
2024-07-10,10,pw_strait_of_hormuz_n_total_z,henry_hub,0.0,0.0
2024-07-10,10,pw_suez_canal_capacity_z,audusd,0.0,0.0
2024-07-10,10,pw_suez_canal_capacity_z,brlusd,0.010887629402480156,0.010887629402480156
2024-07-10,10,pw_suez_canal_capacity_z,cnyusd,0.1581417098683116,-0.10678320228478656
2024-07-10,10,pw_suez_canal_capacity_z,krwusd,0.0,0.0
2024-07-10,10,pw_suez_canal_capacity_z,eurusd,0.05951143349990414,-0.04929966432209218
2024-07-10,10,pw_suez_canal_capacity_z,sp500,0.025194077299879228,-0.025194077299879228
2024-07-10,10,pw_suez_canal_capacity_z,vix,0.044708675603839565,0.044708675603839565
2024-07-10,10,pw_suez_canal_capacity_z,us2y,0.0,0.0
2024-07-10,10,pw_suez_canal_capacity_z,us10y,0.0,0.0
2024-07-10,10,pw_suez_canal_capacity_z,wti,0.0,0.0
2024-07-10,10,pw_suez_canal_capacity_z,brent,0.0,0.0
2024-07-10,10,pw_suez_canal_capacity_z,henry_hub,0.0,0.0
2024-07-10,10,pw_suez_canal_n_total_z,audusd,0.0,0.0
2024-07-10,10,pw_suez_canal_n_total_z,brlusd,0.0,0.0
2024-07-10,10,pw_suez_canal_n_total_z,cnyusd,0.0,0.0
2024-07-10,10,pw_suez_canal_n_total_z,krwusd,0.0,0.0
2024-07-10,10,pw_suez_canal_n_total_z,eurusd,0.0,0.0
2024-07-10,10,pw_suez_canal_n_total_z,sp500,0.0,0.0
2024-07-10,10,pw_suez_canal_n_total_z,vix,0.0,0.0
2024-07-10,10,pw_suez_canal_n_total_z,us2y,0.005928841976719555,-0.005928841976719555
2024-07-10,10,pw_suez_canal_n_total_z,us10y,0.007458582165589892,-0.007458582165589892
2024-07-10,10,pw_suez_canal_n_total_z,wti,0.0021111796465375417,0.0021111796465375417
2024-07-10,10,pw_suez_canal_n_total_z,brent,0.05545350425249324,0.02117886196877126
2024-07-10,10,pw_suez_canal_n_total_z,henry_hub,0.21226486734249675,0.07021201962630635
2024-08-07,10,audusd,brlusd,0.0,0.0
2024-08-07,10,audusd,cnyusd,0.001492346510501385,0.001492346510501385
2024-08-07,10,audusd,krwusd,0.03595920467919844,-0.023720379245282065
2024-08-07,10,audusd,eurusd,0.0,0.0
2024-08-07,10,audusd,sp500,0.0016788649084795296,-0.0016788649084795296
2024-08-07,10,audusd,vix,0.0,0.0
2024-08-07,10,audusd,us2y,0.0,0.0
2024-08-07,10,audusd,us10y,0.0,0.0
2024-08-07,10,audusd,wti,0.011408756613459074,-0.007216811427492756
2024-08-07,10,audusd,brent,0.0045280782176835245,-0.0045280782176835245
2024-08-07,10,audusd,henry_hub,0.0,0.0
2024-08-07,10,brlusd,audusd,0.0,0.0
2024-08-07,10,brlusd,cnyusd,0.028477849529495815,0.01640320486579304
2024-08-07,10,brlusd,krwusd,0.0,0.0
2024-08-07,10,brlusd,eurusd,0.0,0.0
2024-08-07,10,brlusd,sp500,0.0,0.0
2024-08-07,10,brlusd,vix,0.046189953567800535,0.030760882916203575
2024-08-07,10,brlusd,us2y,0.03207751425948733,0.01735152032045227
2024-08-07,10,brlusd,us10y,0.00825996187234633,0.00825996187234633
2024-08-07,10,brlusd,wti,0.0,0.0
2024-08-07,10,brlusd,brent,0.01149006180303501,-0.008252089836647323
2024-08-07,10,brlusd,henry_hub,0.0,0.0
2024-08-07,10,cnyusd,audusd,0.0,0.0
2024-08-07,10,cnyusd,brlusd,0.011809168354665469,-0.006246177954918617
2024-08-07,10,cnyusd,krwusd,0.01689902173497186,-0.01689902173497186
2024-08-07,10,cnyusd,eurusd,0.012941089170684717,-0.009134948235524272
2024-08-07,10,cnyusd,sp500,0.0,0.0
2024-08-07,10,cnyusd,vix,0.0,0.0
2024-08-07,10,cnyusd,us2y,0.042874355224876995,-0.042874355224876995
2024-08-07,10,cnyusd,us10y,0.06270751785407894,0.03339052587696099
2024-08-07,10,cnyusd,wti,0.0,0.0
2024-08-07,10,cnyusd,brent,0.0,0.0
2024-08-07,10,cnyusd,henry_hub,0.01210441478062907,0.007974084437111588
2024-08-07,10,krwusd,audusd,0.03041072238171389,0.01553800071522288
2024-08-07,10,krwusd,brlusd,0.0,0.0
2024-08-07,10,krwusd,cnyusd,0.09028663702374762,0.030670491257216378
2024-08-07,10,krwusd,eurusd,0.0010955860399546626,0.0010955860399546626
2024-08-07,10,krwusd,sp500,0.002445958416719041,0.002445958416719041
2024-08-07,10,krwusd,vix,0.0,0.0
2024-08-07,10,krwusd,us2y,0.0,0.0
2024-08-07,10,krwusd,us10y,0.021479458649104034,-0.021479458649104034
2024-08-07,10,krwusd,wti,0.0,0.0
2024-08-07,10,krwusd,brent,0.0,0.0
2024-08-07,10,krwusd,henry_hub,0.0,0.0
2024-08-07,10,eurusd,audusd,0.0,0.0
2024-08-07,10,eurusd,brlusd,0.0,0.0
2024-08-07,10,eurusd,cnyusd,0.03560230109149243,0.02318433909894919
2024-08-07,10,eurusd,krwusd,0.05758895433248146,0.05758895433248146
2024-08-07,10,eurusd,sp500,0.00017420273931497413,-0.00017420273931497413
2024-08-07,10,eurusd,vix,0.010591237263763141,0.010591237263763141
2024-08-07,10,eurusd,us2y,0.0,0.0
2024-08-07,10,eurusd,us10y,0.003321857357967202,-0.003321857357967202
2024-08-07,10,eurusd,wti,0.0,0.0
2024-08-07,10,eurusd,brent,0.0,0.0
2024-08-07,10,eurusd,henry_hub,0.0,0.0
2024-08-07,10,sp500,audusd,0.0309092887674719,0.0309092887674719
2024-08-07,10,sp500,brlusd,0.06257651686634295,0.050754163250842345
2024-08-07,10,sp500,cnyusd,0.025676030913232242,0.025676030913232242
2024-08-07,10,sp500,krwusd,0.001757694420898939,-0.001757694420898939
2024-08-07,10,sp500,eurusd,0.0,0.0
2024-08-07,10,sp500,vix,0.15058975783503847,0.05796149789434954
2024-08-07,10,sp500,us2y,0.11583173303731593,0.041069245860149844
2024-08-07,10,sp500,us10y,0.021931539795871445,0.02127072382269648
2024-08-07,10,sp500,wti,0.14470548927689,-0.051157751167274536
2024-08-07,10,sp500,brent,0.06214662544152118,-0.02546877244812284
2024-08-07,10,sp500,henry_hub,0.0,0.0
2024-08-07,10,vix,audusd,0.05312519223284463,-0.044703800712771684
2024-08-07,10,vix,brlusd,0.0,0.0
2024-08-07,10,vix,cnyusd,0.0029339311679938344,-0.0029339311679938344
2024-08-07,10,vix,krwusd,0.058244786033545416,-0.058244786033545416
2024-08-07,10,vix,eurusd,0.03001761067036603,-0.03001761067036603
2024-08-07,10,vix,sp500,0.0,0.0
2024-08-07,10,vix,us2y,0.0,0.0
2024-08-07,10,vix,us10y,0.0,0.0
2024-08-07,10,vix,wti,0.0,0.0
2024-08-07,10,vix,brent,0.0,0.0
2024-08-07,10,vix,henry_hub,0.019453183343003326,0.01935704585666228
2024-08-07,10,us2y,audusd,0.0,0.0
2024-08-07,10,us2y,brlusd,0.0,0.0
2024-08-07,10,us2y,cnyusd,0.0,0.0
2024-08-07,10,us2y,krwusd,0.0010079778355613744,-0.0010079778355613744
2024-08-07,10,us2y,eurusd,0.0,0.0
2024-08-07,10,us2y,sp500,0.0,0.0
2024-08-07,10,us2y,vix,0.0,0.0
2024-08-07,10,us2y,us10y,0.002549930704325098,-0.002549930704325098
2024-08-07,10,us2y,wti,0.04990479650018276,-0.01818479070411711
2024-08-07,10,us2y,brent,0.003890978447784875,-0.003890978447784875
2024-08-07,10,us2y,henry_hub,0.0,0.0
2024-08-07,10,us10y,audusd,0.016160425622703388,-0.013796541787497013
2024-08-07,10,us10y,brlusd,0.0,0.0
2024-08-07,10,us10y,cnyusd,0.010632641436419572,-0.0072645017864166545
2024-08-07,10,us10y,krwusd,0.02768210721016621,-0.02768210721016621
2024-08-07,10,us10y,eurusd,0.01966240076962219,-0.014435328186984387
2024-08-07,10,us10y,sp500,0.09812948435270863,-0.0427680426242006
2024-08-07,10,us10y,vix,0.057904702302347594,0.02840140604904033
2024-08-07,10,us10y,us2y,0.008155562183039316,-0.008155562183039316
2024-08-07,10,us10y,wti,0.002253193457536122,-0.002253193457536122
2024-08-07,10,us10y,brent,0.007049858338755958,-0.007049858338755958
2024-08-07,10,us10y,henry_hub,0.0,0.0
2024-08-07,10,wti,audusd,0.0,0.0
2024-08-07,10,wti,brlusd,0.000954588098815582,-0.000954588098815582
2024-08-07,10,wti,cnyusd,0.0,0.0
2024-08-07,10,wti,krwusd,0.0,0.0
2024-08-07,10,wti,eurusd,0.0,0.0
2024-08-07,10,wti,sp500,0.0003840824588227852,-0.0003840824588227852
2024-08-07,10,wti,vix,0.028115238518560307,0.015019183676830762
2024-08-07,10,wti,us2y,0.0,0.0
2024-08-07,10,wti,us10y,0.0,0.0
2024-08-07,10,wti,brent,0.1794206453750698,0.17603589997055222
2024-08-07,10,wti,henry_hub,0.0,0.0
2024-08-07,10,brent,audusd,0.0,0.0
2024-08-07,10,brent,brlusd,0.0033195408292119475,0.0033195408292119475
2024-08-07,10,brent,cnyusd,0.007343347315564818,-0.007343347315564818
2024-08-07,10,brent,krwusd,0.01578416659677455,-0.015278468669488291
2024-08-07,10,brent,eurusd,0.0,0.0
2024-08-07,10,brent,sp500,0.009350972096099993,-0.009350972096099993
2024-08-07,10,brent,vix,0.04254740220706428,0.0346076798678965
2024-08-07,10,brent,us2y,0.0,0.0
2024-08-07,10,brent,us10y,0.0,0.0
2024-08-07,10,brent,wti,0.0,0.0
2024-08-07,10,brent,henry_hub,0.0,0.0
2024-08-07,10,henry_hub,audusd,0.0036094912462471245,0.002232470726444806
2024-08-07,10,henry_hub,brlusd,0.0,0.0
2024-08-07,10,henry_hub,cnyusd,0.0,0.0
2024-08-07,10,henry_hub,krwusd,0.0,0.0
2024-08-07,10,henry_hub,eurusd,0.0,0.0
2024-08-07,10,henry_hub,sp500,0.007219851640285125,-0.007219851640285125
2024-08-07,10,henry_hub,vix,0.01839470525372166,0.012341175819558792
2024-08-07,10,henry_hub,us2y,0.0,0.0
2024-08-07,10,henry_hub,us10y,0.0,0.0
2024-08-07,10,henry_hub,wti,0.0,0.0
2024-08-07,10,henry_hub,brent,0.0,0.0
2024-08-07,10,pw_bab_el_mandeb_strait_capacity_z,audusd,0.0,0.0
2024-08-07,10,pw_bab_el_mandeb_strait_capacity_z,brlusd,0.0,0.0
2024-08-07,10,pw_bab_el_mandeb_strait_capacity_z,cnyusd,0.0,0.0
2024-08-07,10,pw_bab_el_mandeb_strait_capacity_z,krwusd,0.0,0.0
2024-08-07,10,pw_bab_el_mandeb_strait_capacity_z,eurusd,0.0,0.0
2024-08-07,10,pw_bab_el_mandeb_strait_capacity_z,sp500,0.0,0.0
2024-08-07,10,pw_bab_el_mandeb_strait_capacity_z,vix,0.0,0.0
2024-08-07,10,pw_bab_el_mandeb_strait_capacity_z,us2y,0.06020120651805668,0.0311100395535935
2024-08-07,10,pw_bab_el_mandeb_strait_capacity_z,us10y,0.0,0.0
2024-08-07,10,pw_bab_el_mandeb_strait_capacity_z,wti,0.0,0.0
2024-08-07,10,pw_bab_el_mandeb_strait_capacity_z,brent,0.0,0.0
2024-08-07,10,pw_bab_el_mandeb_strait_capacity_z,henry_hub,0.1968305182700067,-0.1968305182700067
2024-08-07,10,pw_bab_el_mandeb_strait_n_total_z,audusd,0.016485348328476916,0.016485348328476916
2024-08-07,10,pw_bab_el_mandeb_strait_n_total_z,brlusd,0.0,0.0
2024-08-07,10,pw_bab_el_mandeb_strait_n_total_z,cnyusd,0.0,0.0
2024-08-07,10,pw_bab_el_mandeb_strait_n_total_z,krwusd,0.025781137566876455,0.023810594816408643
2024-08-07,10,pw_bab_el_mandeb_strait_n_total_z,eurusd,0.09188317035102321,0.09188317035102321
2024-08-07,10,pw_bab_el_mandeb_strait_n_total_z,sp500,0.0,0.0
2024-08-07,10,pw_bab_el_mandeb_strait_n_total_z,vix,0.0,0.0
2024-08-07,10,pw_bab_el_mandeb_strait_n_total_z,us2y,0.0,0.0
2024-08-07,10,pw_bab_el_mandeb_strait_n_total_z,us10y,0.0177369497862626,-0.0177369497862626
2024-08-07,10,pw_bab_el_mandeb_strait_n_total_z,wti,0.0,0.0
2024-08-07,10,pw_bab_el_mandeb_strait_n_total_z,brent,0.0,0.0
2024-08-07,10,pw_bab_el_mandeb_strait_n_total_z,henry_hub,0.014513006034277392,-0.008559344972442045
2024-08-07,10,pw_cape_of_good_hope_capacity_z,audusd,0.0,0.0
2024-08-07,10,pw_cape_of_good_hope_capacity_z,brlusd,0.0894135459368687,-0.03592803166984215
2024-08-07,10,pw_cape_of_good_hope_capacity_z,cnyusd,0.1654068327777381,-0.07392668818114882
2024-08-07,10,pw_cape_of_good_hope_capacity_z,krwusd,0.0,0.0
2024-08-07,10,pw_cape_of_good_hope_capacity_z,eurusd,0.05378128434496315,0.0450748449275333
2024-08-07,10,pw_cape_of_good_hope_capacity_z,sp500,0.0023158267749075097,0.0023158267749075097
2024-08-07,10,pw_cape_of_good_hope_capacity_z,vix,0.0,0.0
2024-08-07,10,pw_cape_of_good_hope_capacity_z,us2y,0.012662054018039917,0.012662054018039917
2024-08-07,10,pw_cape_of_good_hope_capacity_z,us10y,0.028146091140405408,0.025774823986060607
2024-08-07,10,pw_cape_of_good_hope_capacity_z,wti,0.02316918381852192,-0.02316918381852192
2024-08-07,10,pw_cape_of_good_hope_capacity_z,brent,0.10234550691324208,0.09428582670925573
2024-08-07,10,pw_cape_of_good_hope_capacity_z,henry_hub,0.19864837142714972,-0.06935967675095367
2024-08-07,10,pw_cape_of_good_hope_n_total_z,audusd,0.0,0.0
2024-08-07,10,pw_cape_of_good_hope_n_total_z,brlusd,0.0184989782470384,0.0184989782470384
2024-08-07,10,pw_cape_of_good_hope_n_total_z,cnyusd,0.0,0.0
2024-08-07,10,pw_cape_of_good_hope_n_total_z,krwusd,0.0,0.0
2024-08-07,10,pw_cape_of_good_hope_n_total_z,eurusd,0.010783746413323499,0.01055214448152779
2024-08-07,10,pw_cape_of_good_hope_n_total_z,sp500,0.05870118648244957,0.035559595730246474
2024-08-07,10,pw_cape_of_good_hope_n_total_z,vix,0.039890036832865836,-0.027608189795374896
2024-08-07,10,pw_cape_of_good_hope_n_total_z,us2y,0.02960103754842719,0.02960103754842719
2024-08-07,10,pw_cape_of_good_hope_n_total_z,us10y,0.012704999477536017,-0.012704999477536017
2024-08-07,10,pw_cape_of_good_hope_n_total_z,wti,0.019426513652373734,-0.019426513652373734
2024-08-07,10,pw_cape_of_good_hope_n_total_z,brent,0.061606039257179175,-0.03775149606412433
2024-08-07,10,pw_cape_of_good_hope_n_total_z,henry_hub,0.2610445127489142,0.08267888163086345
2024-08-07,10,pw_malacca_strait_capacity_z,audusd,0.0,0.0
2024-08-07,10,pw_malacca_strait_capacity_z,brlusd,0.0,0.0
2024-08-07,10,pw_malacca_strait_capacity_z,cnyusd,0.0,0.0
2024-08-07,10,pw_malacca_strait_capacity_z,krwusd,0.06404651102601053,0.05017524486617137
2024-08-07,10,pw_malacca_strait_capacity_z,eurusd,0.0,0.0
2024-08-07,10,pw_malacca_strait_capacity_z,sp500,0.0,0.0
2024-08-07,10,pw_malacca_strait_capacity_z,vix,0.0,0.0
2024-08-07,10,pw_malacca_strait_capacity_z,us2y,0.06735495163895289,0.04388361962068656
2024-08-07,10,pw_malacca_strait_capacity_z,us10y,0.0,0.0
2024-08-07,10,pw_malacca_strait_capacity_z,wti,0.003776819738836519,-0.003776819738836519
2024-08-07,10,pw_malacca_strait_capacity_z,brent,0.02507252258858903,-0.02507252258858903
2024-08-07,10,pw_malacca_strait_capacity_z,henry_hub,0.0,0.0
2024-08-07,10,pw_malacca_strait_n_total_z,audusd,0.0763770040776728,-0.05331709139307547
2024-08-07,10,pw_malacca_strait_n_total_z,brlusd,0.021435874978348583,0.021435874978348583
2024-08-07,10,pw_malacca_strait_n_total_z,cnyusd,0.15954791001081314,-0.1027710249988945
2024-08-07,10,pw_malacca_strait_n_total_z,krwusd,0.12335780856087632,-0.061170507567341756
2024-08-07,10,pw_malacca_strait_n_total_z,eurusd,0.15330709529100434,-0.07518313877033629
2024-08-07,10,pw_malacca_strait_n_total_z,sp500,0.09596609392231009,-0.03346525801627235
2024-08-07,10,pw_malacca_strait_n_total_z,vix,0.0,0.0
2024-08-07,10,pw_malacca_strait_n_total_z,us2y,0.09319190641479382,0.09319190641479382
2024-08-07,10,pw_malacca_strait_n_total_z,us10y,0.05465287472391929,0.05465287472391929
2024-08-07,10,pw_malacca_strait_n_total_z,wti,0.0,0.0
2024-08-07,10,pw_malacca_strait_n_total_z,brent,0.05906652025579312,-0.05484239610568364
2024-08-07,10,pw_malacca_strait_n_total_z,henry_hub,0.07344873805279035,0.0399124660846933
2024-08-07,10,pw_panama_canal_capacity_z,audusd,0.07103051861371971,-0.07103051861371971
2024-08-07,10,pw_panama_canal_capacity_z,brlusd,0.022670240857166225,-0.022670240857166225
2024-08-07,10,pw_panama_canal_capacity_z,cnyusd,0.037901216495880685,-0.037901216495880685
2024-08-07,10,pw_panama_canal_capacity_z,krwusd,0.13125493227218163,-0.13125493227218163
2024-08-07,10,pw_panama_canal_capacity_z,eurusd,0.00733320051775926,-0.00733320051775926
2024-08-07,10,pw_panama_canal_capacity_z,sp500,0.008741118974618881,0.008741118974618881
2024-08-07,10,pw_panama_canal_capacity_z,vix,0.07140321490815342,-0.07140321490815342
2024-08-07,10,pw_panama_canal_capacity_z,us2y,0.0,0.0
2024-08-07,10,pw_panama_canal_capacity_z,us10y,0.06870461089662298,0.03905716907199196
2024-08-07,10,pw_panama_canal_capacity_z,wti,0.0,0.0
2024-08-07,10,pw_panama_canal_capacity_z,brent,0.007659458739587433,0.007659458739587433
2024-08-07,10,pw_panama_canal_capacity_z,henry_hub,0.0,0.0
2024-08-07,10,pw_panama_canal_n_total_z,audusd,0.06090587111253461,-0.03197527167700985
2024-08-07,10,pw_panama_canal_n_total_z,brlusd,0.0,0.0
2024-08-07,10,pw_panama_canal_n_total_z,cnyusd,0.0,0.0
2024-08-07,10,pw_panama_canal_n_total_z,krwusd,0.0,0.0
2024-08-07,10,pw_panama_canal_n_total_z,eurusd,0.017689716110146872,-0.017689716110146872
2024-08-07,10,pw_panama_canal_n_total_z,sp500,0.0,0.0
2024-08-07,10,pw_panama_canal_n_total_z,vix,0.0,0.0
2024-08-07,10,pw_panama_canal_n_total_z,us2y,0.03996738257734351,0.03996738257734351
2024-08-07,10,pw_panama_canal_n_total_z,us10y,0.0,0.0
2024-08-07,10,pw_panama_canal_n_total_z,wti,0.030464501819554873,-0.030464501819554873
2024-08-07,10,pw_panama_canal_n_total_z,brent,0.0,0.0
2024-08-07,10,pw_panama_canal_n_total_z,henry_hub,0.0,0.0
2024-08-07,10,pw_strait_of_hormuz_capacity_z,audusd,0.09282539037209746,0.052564949851693764
2024-08-07,10,pw_strait_of_hormuz_capacity_z,brlusd,0.0,0.0
2024-08-07,10,pw_strait_of_hormuz_capacity_z,cnyusd,0.0,0.0
2024-08-07,10,pw_strait_of_hormuz_capacity_z,krwusd,0.0,0.0
2024-08-07,10,pw_strait_of_hormuz_capacity_z,eurusd,0.0,0.0
2024-08-07,10,pw_strait_of_hormuz_capacity_z,sp500,0.0,0.0
2024-08-07,10,pw_strait_of_hormuz_capacity_z,vix,0.0,0.0
2024-08-07,10,pw_strait_of_hormuz_capacity_z,us2y,0.056634662861806406,0.030204698620701066
2024-08-07,10,pw_strait_of_hormuz_capacity_z,us10y,0.05206012669167507,0.05206012669167507
2024-08-07,10,pw_strait_of_hormuz_capacity_z,wti,0.15660886318073386,0.11960043906831745
2024-08-07,10,pw_strait_of_hormuz_capacity_z,brent,0.19992134401530604,0.1539252522527072
2024-08-07,10,pw_strait_of_hormuz_capacity_z,henry_hub,0.015596490299011046,0.015596490299011046
2024-08-07,10,pw_strait_of_hormuz_n_total_z,audusd,0.11097930445728556,0.07580301894386055
2024-08-07,10,pw_strait_of_hormuz_n_total_z,brlusd,0.04441445961541471,0.02347620789270044
2024-08-07,10,pw_strait_of_hormuz_n_total_z,cnyusd,0.02575289905704505,0.02575289905704505
2024-08-07,10,pw_strait_of_hormuz_n_total_z,krwusd,0.06677908414998175,0.06677908414998175
2024-08-07,10,pw_strait_of_hormuz_n_total_z,eurusd,0.02416485367774638,0.02416485367774638
2024-08-07,10,pw_strait_of_hormuz_n_total_z,sp500,0.0,0.0
2024-08-07,10,pw_strait_of_hormuz_n_total_z,vix,0.0,0.0
2024-08-07,10,pw_strait_of_hormuz_n_total_z,us2y,0.0,0.0
2024-08-07,10,pw_strait_of_hormuz_n_total_z,us10y,0.07045116019708392,0.07045116019708392
2024-08-07,10,pw_strait_of_hormuz_n_total_z,wti,0.0,0.0
2024-08-07,10,pw_strait_of_hormuz_n_total_z,brent,0.0,0.0
2024-08-07,10,pw_strait_of_hormuz_n_total_z,henry_hub,0.0,0.0
2024-08-07,10,pw_suez_canal_capacity_z,audusd,0.0,0.0
2024-08-07,10,pw_suez_canal_capacity_z,brlusd,0.020976046972291496,0.020976046972291496
2024-08-07,10,pw_suez_canal_capacity_z,cnyusd,0.16565567721007468,-0.10852244915251978
2024-08-07,10,pw_suez_canal_capacity_z,krwusd,0.0,0.0
2024-08-07,10,pw_suez_canal_capacity_z,eurusd,0.06275664754016957,-0.04691446253201439
2024-08-07,10,pw_suez_canal_capacity_z,sp500,0.012385902601107682,-0.012385902601107682
2024-08-07,10,pw_suez_canal_capacity_z,vix,0.026227078692725284,0.026227078692725284
2024-08-07,10,pw_suez_canal_capacity_z,us2y,0.0,0.0
2024-08-07,10,pw_suez_canal_capacity_z,us10y,0.005198573746420337,0.005198573746420337
2024-08-07,10,pw_suez_canal_capacity_z,wti,0.0,0.0
2024-08-07,10,pw_suez_canal_capacity_z,brent,0.0,0.0
2024-08-07,10,pw_suez_canal_capacity_z,henry_hub,0.0,0.0
2024-08-07,10,pw_suez_canal_n_total_z,audusd,0.0,0.0
2024-08-07,10,pw_suez_canal_n_total_z,brlusd,0.0,0.0
2024-08-07,10,pw_suez_canal_n_total_z,cnyusd,0.0,0.0
2024-08-07,10,pw_suez_canal_n_total_z,krwusd,0.0,0.0
2024-08-07,10,pw_suez_canal_n_total_z,eurusd,0.0,0.0
2024-08-07,10,pw_suez_canal_n_total_z,sp500,0.0,0.0
2024-08-07,10,pw_suez_canal_n_total_z,vix,0.0,0.0
2024-08-07,10,pw_suez_canal_n_total_z,us2y,0.0,0.0
2024-08-07,10,pw_suez_canal_n_total_z,us10y,0.010598324634302473,-0.010598324634302473
2024-08-07,10,pw_suez_canal_n_total_z,wti,0.014116255138715556,0.014116255138715556
2024-08-07,10,pw_suez_canal_n_total_z,brent,0.0713868224691968,0.027720538048234145
2024-08-07,10,pw_suez_canal_n_total_z,henry_hub,0.20965407151633603,0.06907893417938532
2024-09-10,10,audusd,brlusd,0.0,0.0
2024-09-10,10,audusd,cnyusd,0.0,0.0
2024-09-10,10,audusd,krwusd,0.03255093982265383,-0.019652713621761696
2024-09-10,10,audusd,eurusd,0.0,0.0
2024-09-10,10,audusd,sp500,0.0,0.0
2024-09-10,10,audusd,vix,0.0,0.0
2024-09-10,10,audusd,us2y,0.0,0.0
2024-09-10,10,audusd,us10y,0.0,0.0
2024-09-10,10,audusd,wti,0.021442511270039002,-0.012415375151591551
2024-09-10,10,audusd,brent,0.006363722787681677,-0.006363722787681677
2024-09-10,10,audusd,henry_hub,0.0,0.0
2024-09-10,10,brlusd,audusd,0.0,0.0
2024-09-10,10,brlusd,cnyusd,0.02774656583338354,0.016014648523790694
2024-09-10,10,brlusd,krwusd,0.004937806591400138,0.004937806591400138
2024-09-10,10,brlusd,eurusd,0.0,0.0
2024-09-10,10,brlusd,sp500,0.0,0.0
2024-09-10,10,brlusd,vix,0.03779755022480448,0.027610683756268548
2024-09-10,10,brlusd,us2y,0.03016283242255632,0.01532527022249932
2024-09-10,10,brlusd,us10y,0.008641558009141074,0.005671567810166691
2024-09-10,10,brlusd,wti,0.0,0.0
2024-09-10,10,brlusd,brent,0.015787813256838337,-0.012333828631114596
2024-09-10,10,brlusd,henry_hub,0.0,0.0
2024-09-10,10,cnyusd,audusd,0.0,0.0
2024-09-10,10,cnyusd,brlusd,0.0,0.0
2024-09-10,10,cnyusd,krwusd,0.005123890415294429,-0.005123890415294429
2024-09-10,10,cnyusd,eurusd,0.004148449134551286,-0.004148449134551286
2024-09-10,10,cnyusd,sp500,0.0,0.0
2024-09-10,10,cnyusd,vix,0.0,0.0
2024-09-10,10,cnyusd,us2y,0.03866745774632382,-0.03866745774632382
2024-09-10,10,cnyusd,us10y,0.044051068721866524,0.02314894181789336
2024-09-10,10,cnyusd,wti,0.0,0.0
2024-09-10,10,cnyusd,brent,0.0,0.0
2024-09-10,10,cnyusd,henry_hub,0.012663952514073016,0.008620258633258363
2024-09-10,10,krwusd,audusd,0.04304888399051483,0.020483115137010153
2024-09-10,10,krwusd,brlusd,0.0,0.0
2024-09-10,10,krwusd,cnyusd,0.10775495268716646,0.033479037389249997
2024-09-10,10,krwusd,eurusd,0.0,0.0
2024-09-10,10,krwusd,sp500,0.00012567575622126947,0.00012567575622126947
2024-09-10,10,krwusd,vix,0.0,0.0
2024-09-10,10,krwusd,us2y,0.0,0.0
2024-09-10,10,krwusd,us10y,0.02192505594550699,-0.017931361680939915
2024-09-10,10,krwusd,wti,0.0,0.0
2024-09-10,10,krwusd,brent,0.0,0.0
2024-09-10,10,krwusd,henry_hub,0.0,0.0
2024-09-10,10,eurusd,audusd,0.0,0.0
2024-09-10,10,eurusd,brlusd,0.0,0.0
2024-09-10,10,eurusd,cnyusd,0.026896560068912917,0.021213536411545542
2024-09-10,10,eurusd,krwusd,0.05758717051623718,0.05758717051623718
2024-09-10,10,eurusd,sp500,0.0,0.0
2024-09-10,10,eurusd,vix,0.005373401138792334,0.005373401138792334
2024-09-10,10,eurusd,us2y,0.0,0.0
2024-09-10,10,eurusd,us10y,0.0,0.0
2024-09-10,10,eurusd,wti,0.0,0.0
2024-09-10,10,eurusd,brent,0.0,0.0
2024-09-10,10,eurusd,henry_hub,0.0,0.0
2024-09-10,10,sp500,audusd,0.035342523204856036,0.035342523204856036
2024-09-10,10,sp500,brlusd,0.036689847722639696,0.036689847722639696
2024-09-10,10,sp500,cnyusd,0.02787528946214814,0.02787528946214814
2024-09-10,10,sp500,krwusd,0.011732316629007427,-0.011283945072900458
2024-09-10,10,sp500,eurusd,0.0,0.0
2024-09-10,10,sp500,vix,0.12857119096934083,0.049069534014947826
2024-09-10,10,sp500,us2y,0.09690667130036132,0.03516588487190131
2024-09-10,10,sp500,us10y,0.03179048118052792,0.02385092198984154
2024-09-10,10,sp500,wti,0.14461593797915578,-0.050461511821607734
2024-09-10,10,sp500,brent,0.06665875321324505,-0.0252636805275599
2024-09-10,10,sp500,henry_hub,0.0,0.0
2024-09-10,10,vix,audusd,0.029588955251637922,-0.029588955251637922
2024-09-10,10,vix,brlusd,0.0,0.0
2024-09-10,10,vix,cnyusd,0.0016867904888828115,-0.0016867904888828115
2024-09-10,10,vix,krwusd,0.057505864368520454,-0.057505864368520454
2024-09-10,10,vix,eurusd,0.027548732535750617,-0.027548732535750617
2024-09-10,10,vix,sp500,0.0,0.0
2024-09-10,10,vix,us2y,0.0,0.0
2024-09-10,10,vix,us10y,0.0,0.0
2024-09-10,10,vix,wti,0.0,0.0
2024-09-10,10,vix,brent,0.0,0.0
2024-09-10,10,vix,henry_hub,0.02620565031853168,0.023700640762736955
2024-09-10,10,us2y,audusd,0.0,0.0
2024-09-10,10,us2y,brlusd,0.0,0.0
2024-09-10,10,us2y,cnyusd,0.0,0.0
2024-09-10,10,us2y,krwusd,0.0,0.0
2024-09-10,10,us2y,eurusd,0.0,0.0
2024-09-10,10,us2y,sp500,0.0,0.0
2024-09-10,10,us2y,vix,0.0,0.0
2024-09-10,10,us2y,us10y,0.003204449533236925,-0.003204449533236925
2024-09-10,10,us2y,wti,0.05312560146016706,-0.022311881568781215
2024-09-10,10,us2y,brent,0.004993582951468644,-0.004993582951468644
2024-09-10,10,us2y,henry_hub,0.0,0.0
2024-09-10,10,us10y,audusd,0.039116085231324774,-0.02319358354205313
2024-09-10,10,us10y,brlusd,0.01253110990724183,-0.005130108996645545
2024-09-10,10,us10y,cnyusd,0.01616784204116852,-0.010595136062947519
2024-09-10,10,us10y,krwusd,0.028823728459734084,-0.028502085349513342
2024-09-10,10,us10y,eurusd,0.029812823767661326,-0.019865252057718493
2024-09-10,10,us10y,sp500,0.11591751864439488,-0.05009359628504605
2024-09-10,10,us10y,vix,0.09339304626461223,0.03620474490989016
2024-09-10,10,us10y,us2y,0.0,0.0
2024-09-10,10,us10y,wti,0.0014633984671971972,-0.0014633984671971972
2024-09-10,10,us10y,brent,0.007752072879270353,-0.007752072879270353
2024-09-10,10,us10y,henry_hub,0.0,0.0
2024-09-10,10,wti,audusd,0.0,0.0
2024-09-10,10,wti,brlusd,0.0,0.0
2024-09-10,10,wti,cnyusd,0.0,0.0
2024-09-10,10,wti,krwusd,0.0,0.0
2024-09-10,10,wti,eurusd,0.0,0.0
2024-09-10,10,wti,sp500,0.0,0.0
2024-09-10,10,wti,vix,0.011336132101227067,0.0073048503637595805
2024-09-10,10,wti,us2y,0.0,0.0
2024-09-10,10,wti,us10y,0.0,0.0
2024-09-10,10,wti,brent,0.17787350594153395,0.17545326502238412
2024-09-10,10,wti,henry_hub,0.0,0.0
2024-09-10,10,brent,audusd,0.0,0.0
2024-09-10,10,brent,brlusd,0.0,0.0
2024-09-10,10,brent,cnyusd,0.007796210859852025,-0.007796210859852025
2024-09-10,10,brent,krwusd,0.01855760892682819,-0.018049300782396357
2024-09-10,10,brent,eurusd,0.0,0.0
2024-09-10,10,brent,sp500,0.007653821218499309,-0.007653821218499309
2024-09-10,10,brent,vix,0.033618372890401656,0.029704903346562186
2024-09-10,10,brent,us2y,0.0,0.0
2024-09-10,10,brent,us10y,0.0,0.0
2024-09-10,10,brent,wti,0.0,0.0
2024-09-10,10,brent,henry_hub,0.0,0.0
2024-09-10,10,henry_hub,audusd,0.0031186470528289994,0.002613779466928018
2024-09-10,10,henry_hub,brlusd,0.0,0.0
2024-09-10,10,henry_hub,cnyusd,0.0,0.0
2024-09-10,10,henry_hub,krwusd,0.0,0.0
2024-09-10,10,henry_hub,eurusd,0.0,0.0
2024-09-10,10,henry_hub,sp500,0.004880884096081318,-0.004880884096081318
2024-09-10,10,henry_hub,vix,0.01502901971724951,0.008372186264265112
2024-09-10,10,henry_hub,us2y,0.0,0.0
2024-09-10,10,henry_hub,us10y,0.0,0.0
2024-09-10,10,henry_hub,wti,0.0,0.0
2024-09-10,10,henry_hub,brent,0.0,0.0
2024-09-10,10,pw_bab_el_mandeb_strait_capacity_z,audusd,0.0,0.0
2024-09-10,10,pw_bab_el_mandeb_strait_capacity_z,brlusd,0.0,0.0
2024-09-10,10,pw_bab_el_mandeb_strait_capacity_z,cnyusd,0.0,0.0
2024-09-10,10,pw_bab_el_mandeb_strait_capacity_z,krwusd,0.0,0.0
2024-09-10,10,pw_bab_el_mandeb_strait_capacity_z,eurusd,0.0,0.0
2024-09-10,10,pw_bab_el_mandeb_strait_capacity_z,sp500,0.0,0.0
2024-09-10,10,pw_bab_el_mandeb_strait_capacity_z,vix,0.0,0.0
2024-09-10,10,pw_bab_el_mandeb_strait_capacity_z,us2y,0.08177303185634646,0.04272959239470336
2024-09-10,10,pw_bab_el_mandeb_strait_capacity_z,us10y,0.0,0.0
2024-09-10,10,pw_bab_el_mandeb_strait_capacity_z,wti,0.0,0.0
2024-09-10,10,pw_bab_el_mandeb_strait_capacity_z,brent,0.0,0.0
2024-09-10,10,pw_bab_el_mandeb_strait_capacity_z,henry_hub,0.19601842397453448,-0.19601842397453448
2024-09-10,10,pw_bab_el_mandeb_strait_n_total_z,audusd,0.0,0.0
2024-09-10,10,pw_bab_el_mandeb_strait_n_total_z,brlusd,0.0,0.0
2024-09-10,10,pw_bab_el_mandeb_strait_n_total_z,cnyusd,0.0,0.0
2024-09-10,10,pw_bab_el_mandeb_strait_n_total_z,krwusd,0.0,0.0
2024-09-10,10,pw_bab_el_mandeb_strait_n_total_z,eurusd,0.07586145237569059,0.07586145237569059
2024-09-10,10,pw_bab_el_mandeb_strait_n_total_z,sp500,0.0,0.0
2024-09-10,10,pw_bab_el_mandeb_strait_n_total_z,vix,0.0,0.0
2024-09-10,10,pw_bab_el_mandeb_strait_n_total_z,us2y,0.0,0.0
2024-09-10,10,pw_bab_el_mandeb_strait_n_total_z,us10y,0.0026248344691524265,-0.0026248344691524265
2024-09-10,10,pw_bab_el_mandeb_strait_n_total_z,wti,0.0,0.0
2024-09-10,10,pw_bab_el_mandeb_strait_n_total_z,brent,0.0,0.0
2024-09-10,10,pw_bab_el_mandeb_strait_n_total_z,henry_hub,0.01598324878346284,-0.008062740053367762
2024-09-10,10,pw_cape_of_good_hope_capacity_z,audusd,0.0,0.0
2024-09-10,10,pw_cape_of_good_hope_capacity_z,brlusd,0.08841611053973303,-0.03721024125952009
2024-09-10,10,pw_cape_of_good_hope_capacity_z,cnyusd,0.17298618239379857,-0.07999773667232987
2024-09-10,10,pw_cape_of_good_hope_capacity_z,krwusd,0.0,0.0
2024-09-10,10,pw_cape_of_good_hope_capacity_z,eurusd,0.04936031871062424,0.04003029483836267
2024-09-10,10,pw_cape_of_good_hope_capacity_z,sp500,0.0037047989649593525,0.0037047989649593525
2024-09-10,10,pw_cape_of_good_hope_capacity_z,vix,0.0,0.0
2024-09-10,10,pw_cape_of_good_hope_capacity_z,us2y,0.012160972502479947,0.012160972502479947
2024-09-10,10,pw_cape_of_good_hope_capacity_z,us10y,0.03898939116507221,0.02870175461996003
2024-09-10,10,pw_cape_of_good_hope_capacity_z,wti,0.028477724209800503,-0.028477724209800503
2024-09-10,10,pw_cape_of_good_hope_capacity_z,brent,0.10459378502008358,0.0921077021497558
2024-09-10,10,pw_cape_of_good_hope_capacity_z,henry_hub,0.1981196634882345,-0.06996817418430239
2024-09-10,10,pw_cape_of_good_hope_n_total_z,audusd,0.0,0.0
2024-09-10,10,pw_cape_of_good_hope_n_total_z,brlusd,0.020367613517512297,0.020367613517512297
2024-09-10,10,pw_cape_of_good_hope_n_total_z,cnyusd,0.0,0.0
2024-09-10,10,pw_cape_of_good_hope_n_total_z,krwusd,0.0,0.0
2024-09-10,10,pw_cape_of_good_hope_n_total_z,eurusd,0.002762695491752787,0.002762695491752787
2024-09-10,10,pw_cape_of_good_hope_n_total_z,sp500,0.05270984551839482,0.028763766301834318
2024-09-10,10,pw_cape_of_good_hope_n_total_z,vix,0.03564862884169295,-0.030315105990616143
2024-09-10,10,pw_cape_of_good_hope_n_total_z,us2y,0.043561137478218936,0.043561137478218936
2024-09-10,10,pw_cape_of_good_hope_n_total_z,us10y,0.013983705230321967,-0.013983705230321967
2024-09-10,10,pw_cape_of_good_hope_n_total_z,wti,0.010164575670587542,-0.010164575670587542
2024-09-10,10,pw_cape_of_good_hope_n_total_z,brent,0.05746644519127729,-0.03692634008175594
2024-09-10,10,pw_cape_of_good_hope_n_total_z,henry_hub,0.2626735777148854,0.08534059908406978
2024-09-10,10,pw_malacca_strait_capacity_z,audusd,0.0,0.0
2024-09-10,10,pw_malacca_strait_capacity_z,brlusd,0.0,0.0
2024-09-10,10,pw_malacca_strait_capacity_z,cnyusd,0.0,0.0
2024-09-10,10,pw_malacca_strait_capacity_z,krwusd,0.08868681521159454,0.05118789816460771
2024-09-10,10,pw_malacca_strait_capacity_z,eurusd,0.0,0.0
2024-09-10,10,pw_malacca_strait_capacity_z,sp500,0.0,0.0
2024-09-10,10,pw_malacca_strait_capacity_z,vix,0.0,0.0
2024-09-10,10,pw_malacca_strait_capacity_z,us2y,0.07409191090663571,0.06951462537071715
2024-09-10,10,pw_malacca_strait_capacity_z,us10y,0.0,0.0
2024-09-10,10,pw_malacca_strait_capacity_z,wti,0.0,0.0
2024-09-10,10,pw_malacca_strait_capacity_z,brent,0.028636582772859756,-0.028318333730166036
2024-09-10,10,pw_malacca_strait_capacity_z,henry_hub,0.0,0.0
2024-09-10,10,pw_malacca_strait_n_total_z,audusd,0.09240033297060962,-0.07606650296322075
2024-09-10,10,pw_malacca_strait_n_total_z,brlusd,0.018594895233875187,0.018594895233875187
2024-09-10,10,pw_malacca_strait_n_total_z,cnyusd,0.16541135236341964,-0.11666110105645423
2024-09-10,10,pw_malacca_strait_n_total_z,krwusd,0.1585773980158821,-0.06322327568139031
2024-09-10,10,pw_malacca_strait_n_total_z,eurusd,0.16548080230999207,-0.0791635841968167
2024-09-10,10,pw_malacca_strait_n_total_z,sp500,0.10495820595395797,-0.05416684030303221
2024-09-10,10,pw_malacca_strait_n_total_z,vix,0.0,0.0
2024-09-10,10,pw_malacca_strait_n_total_z,us2y,0.09126015497314724,0.07045461913657769
2024-09-10,10,pw_malacca_strait_n_total_z,us10y,0.056877926425940056,0.056877926425940056
2024-09-10,10,pw_malacca_strait_n_total_z,wti,0.0,0.0
2024-09-10,10,pw_malacca_strait_n_total_z,brent,0.047176596747891465,-0.04482441503898422
2024-09-10,10,pw_malacca_strait_n_total_z,henry_hub,0.0748133282053197,0.05440216937441013
2024-09-10,10,pw_panama_canal_capacity_z,audusd,0.05672368344191127,-0.05672368344191127
2024-09-10,10,pw_panama_canal_capacity_z,brlusd,0.00850674659808043,-0.00850674659808043
2024-09-10,10,pw_panama_canal_capacity_z,cnyusd,0.031215515712617437,-0.022310274738953917
2024-09-10,10,pw_panama_canal_capacity_z,krwusd,0.08604533056794167,-0.08604533056794167
2024-09-10,10,pw_panama_canal_capacity_z,eurusd,0.0,0.0
2024-09-10,10,pw_panama_canal_capacity_z,sp500,0.01381905382648291,0.01381905382648291
2024-09-10,10,pw_panama_canal_capacity_z,vix,0.07847917841760177,-0.07847917841760177
2024-09-10,10,pw_panama_canal_capacity_z,us2y,0.0,0.0
2024-09-10,10,pw_panama_canal_capacity_z,us10y,0.033629864242059285,0.0254099187218124
2024-09-10,10,pw_panama_canal_capacity_z,wti,0.0,0.0
2024-09-10,10,pw_panama_canal_capacity_z,brent,0.0,0.0
2024-09-10,10,pw_panama_canal_capacity_z,henry_hub,0.0,0.0
2024-09-10,10,pw_panama_canal_n_total_z,audusd,0.03385789608581598,-0.02003627038926162
2024-09-10,10,pw_panama_canal_n_total_z,brlusd,0.0,0.0
2024-09-10,10,pw_panama_canal_n_total_z,cnyusd,0.0,0.0
2024-09-10,10,pw_panama_canal_n_total_z,krwusd,0.0,0.0
2024-09-10,10,pw_panama_canal_n_total_z,eurusd,0.0,0.0
2024-09-10,10,pw_panama_canal_n_total_z,sp500,0.0,0.0
2024-09-10,10,pw_panama_canal_n_total_z,vix,0.0,0.0
2024-09-10,10,pw_panama_canal_n_total_z,us2y,0.015224410036144055,0.015224410036144055
2024-09-10,10,pw_panama_canal_n_total_z,us10y,0.0,0.0
2024-09-10,10,pw_panama_canal_n_total_z,wti,0.04454658870189118,-0.04454658870189118
2024-09-10,10,pw_panama_canal_n_total_z,brent,0.0,0.0
2024-09-10,10,pw_panama_canal_n_total_z,henry_hub,0.0,0.0
2024-09-10,10,pw_strait_of_hormuz_capacity_z,audusd,0.10045462142901902,0.05706173225820031
2024-09-10,10,pw_strait_of_hormuz_capacity_z,brlusd,0.0,0.0
2024-09-10,10,pw_strait_of_hormuz_capacity_z,cnyusd,0.0,0.0
2024-09-10,10,pw_strait_of_hormuz_capacity_z,krwusd,0.0,0.0
2024-09-10,10,pw_strait_of_hormuz_capacity_z,eurusd,0.0,0.0
2024-09-10,10,pw_strait_of_hormuz_capacity_z,sp500,0.00690525021563257,0.00690525021563257
2024-09-10,10,pw_strait_of_hormuz_capacity_z,vix,0.0,0.0
2024-09-10,10,pw_strait_of_hormuz_capacity_z,us2y,0.05632564708383687,0.03345221910064668
2024-09-10,10,pw_strait_of_hormuz_capacity_z,us10y,0.04824040970072945,0.04824040970072945
2024-09-10,10,pw_strait_of_hormuz_capacity_z,wti,0.1556216471099284,0.11398761278176398
2024-09-10,10,pw_strait_of_hormuz_capacity_z,brent,0.19648294104510533,0.1479362700128755
2024-09-10,10,pw_strait_of_hormuz_capacity_z,henry_hub,0.017994558230861133,0.017994558230861133
2024-09-10,10,pw_strait_of_hormuz_n_total_z,audusd,0.10987970276607165,0.08127655809531971
2024-09-10,10,pw_strait_of_hormuz_n_total_z,brlusd,0.047556665412737925,0.02597534772949933
2024-09-10,10,pw_strait_of_hormuz_n_total_z,cnyusd,0.02703936503534302,0.02703936503534302
2024-09-10,10,pw_strait_of_hormuz_n_total_z,krwusd,0.07243002000079574,0.07243002000079574
2024-09-10,10,pw_strait_of_hormuz_n_total_z,eurusd,0.029542872116458348,0.029542872116458348
2024-09-10,10,pw_strait_of_hormuz_n_total_z,sp500,0.0,0.0
2024-09-10,10,pw_strait_of_hormuz_n_total_z,vix,0.0,0.0
2024-09-10,10,pw_strait_of_hormuz_n_total_z,us2y,0.0,0.0
2024-09-10,10,pw_strait_of_hormuz_n_total_z,us10y,0.07196588414872637,0.07196588414872637
2024-09-10,10,pw_strait_of_hormuz_n_total_z,wti,0.0,0.0
2024-09-10,10,pw_strait_of_hormuz_n_total_z,brent,0.0,0.0
2024-09-10,10,pw_strait_of_hormuz_n_total_z,henry_hub,0.0,0.0
2024-09-10,10,pw_suez_canal_capacity_z,audusd,0.005057807687303438,-0.005057807687303438
2024-09-10,10,pw_suez_canal_capacity_z,brlusd,0.013544527556356328,0.013544527556356328
2024-09-10,10,pw_suez_canal_capacity_z,cnyusd,0.18490013953370255,-0.11584744951369805
2024-09-10,10,pw_suez_canal_capacity_z,krwusd,0.0,0.0
2024-09-10,10,pw_suez_canal_capacity_z,eurusd,0.07308423385661934,-0.04894112714781838
2024-09-10,10,pw_suez_canal_capacity_z,sp500,0.017409532189969063,-0.017409532189969063
2024-09-10,10,pw_suez_canal_capacity_z,vix,0.02924847854819964,0.02924847854819964
2024-09-10,10,pw_suez_canal_capacity_z,us2y,0.0,0.0
2024-09-10,10,pw_suez_canal_capacity_z,us10y,0.01603047383809316,0.01603047383809316
2024-09-10,10,pw_suez_canal_capacity_z,wti,0.009697325006047766,0.006087478282834688
2024-09-10,10,pw_suez_canal_capacity_z,brent,0.0,0.0
2024-09-10,10,pw_suez_canal_capacity_z,henry_hub,0.0,0.0
2024-09-10,10,pw_suez_canal_n_total_z,audusd,0.0,0.0
2024-09-10,10,pw_suez_canal_n_total_z,brlusd,0.0,0.0
2024-09-10,10,pw_suez_canal_n_total_z,cnyusd,0.0,0.0
2024-09-10,10,pw_suez_canal_n_total_z,krwusd,0.0,0.0
2024-09-10,10,pw_suez_canal_n_total_z,eurusd,0.0,0.0
2024-09-10,10,pw_suez_canal_n_total_z,sp500,0.0,0.0
2024-09-10,10,pw_suez_canal_n_total_z,vix,0.0,0.0
2024-09-10,10,pw_suez_canal_n_total_z,us2y,0.0,0.0
2024-09-10,10,pw_suez_canal_n_total_z,us10y,0.006398849921389879,-0.004940905360987401
2024-09-10,10,pw_suez_canal_n_total_z,wti,0.012827487670143151,0.012827487670143151
2024-09-10,10,pw_suez_canal_n_total_z,brent,0.07684001224042028,0.030146824467580016
2024-09-10,10,pw_suez_canal_n_total_z,henry_hub,0.20605019809126363,0.06909672608743715
2024-10-08,10,audusd,brlusd,0.0,0.0
2024-10-08,10,audusd,cnyusd,0.0,0.0
2024-10-08,10,audusd,krwusd,0.0303671417210717,-0.019310446658271228
2024-10-08,10,audusd,eurusd,0.0,0.0
2024-10-08,10,audusd,sp500,0.0,0.0
2024-10-08,10,audusd,vix,0.0,0.0
2024-10-08,10,audusd,us2y,0.0,0.0
2024-10-08,10,audusd,us10y,0.0,0.0
2024-10-08,10,audusd,wti,0.024790074438191693,-0.014121885285348525
2024-10-08,10,audusd,brent,0.007358268265537942,-0.007358268265537942
2024-10-08,10,audusd,henry_hub,0.0,0.0
2024-10-08,10,brlusd,audusd,0.0,0.0
2024-10-08,10,brlusd,cnyusd,0.027119503380483592,0.015581211102454244
2024-10-08,10,brlusd,krwusd,0.0033965472859342136,0.0033965472859342136
2024-10-08,10,brlusd,eurusd,0.0006490973496478769,0.0006490973496478769
2024-10-08,10,brlusd,sp500,0.0,0.0
2024-10-08,10,brlusd,vix,0.044974589468491116,0.03213644591447531
2024-10-08,10,brlusd,us2y,0.03621930398994969,0.018606814811169783
2024-10-08,10,brlusd,us10y,0.017156888750397167,0.008506207853607088
2024-10-08,10,brlusd,wti,0.0,0.0
2024-10-08,10,brlusd,brent,0.015109094160331321,-0.011759032102632976
2024-10-08,10,brlusd,henry_hub,0.0,0.0
2024-10-08,10,cnyusd,audusd,0.0,0.0
2024-10-08,10,cnyusd,brlusd,0.0,0.0
2024-10-08,10,cnyusd,krwusd,0.004636764667075737,-0.004636764667075737
2024-10-08,10,cnyusd,eurusd,0.004481951745084624,-0.003967505787588523
2024-10-08,10,cnyusd,sp500,0.0,0.0
2024-10-08,10,cnyusd,vix,0.0,0.0
2024-10-08,10,cnyusd,us2y,0.0381010069452805,-0.0381010069452805
2024-10-08,10,cnyusd,us10y,0.04303374476869039,0.021906247092030352
2024-10-08,10,cnyusd,wti,0.0,0.0
2024-10-08,10,cnyusd,brent,0.0,0.0
2024-10-08,10,cnyusd,henry_hub,0.014802597192339968,0.009414879406710602
2024-10-08,10,krwusd,audusd,0.04504505087967882,0.021472507328341113
2024-10-08,10,krwusd,brlusd,0.0,0.0
2024-10-08,10,krwusd,cnyusd,0.1144233308121255,0.03573347087192786
2024-10-08,10,krwusd,eurusd,0.0,0.0
2024-10-08,10,krwusd,sp500,0.0009052228766316704,0.0009052228766316704
2024-10-08,10,krwusd,vix,0.0,0.0
2024-10-08,10,krwusd,us2y,0.0,0.0
2024-10-08,10,krwusd,us10y,0.028977550524646116,-0.02147713144858085
2024-10-08,10,krwusd,wti,0.0,0.0
2024-10-08,10,krwusd,brent,0.0,0.0
2024-10-08,10,krwusd,henry_hub,0.0,0.0
2024-10-08,10,eurusd,audusd,0.0,0.0
2024-10-08,10,eurusd,brlusd,0.0,0.0
2024-10-08,10,eurusd,cnyusd,0.0248698571411899,0.020562177180121603
2024-10-08,10,eurusd,krwusd,0.05656096021112032,0.05656096021112032
2024-10-08,10,eurusd,sp500,0.0,0.0
2024-10-08,10,eurusd,vix,0.0028773838541116146,0.0028773838541116146
2024-10-08,10,eurusd,us2y,0.0,0.0
2024-10-08,10,eurusd,us10y,0.0,0.0
2024-10-08,10,eurusd,wti,0.0,0.0
2024-10-08,10,eurusd,brent,0.0,0.0
2024-10-08,10,eurusd,henry_hub,0.0,0.0
2024-10-08,10,sp500,audusd,0.034750864761331525,0.034750864761331525
2024-10-08,10,sp500,brlusd,0.03751620505915912,0.03623047353867033
2024-10-08,10,sp500,cnyusd,0.03242521476814831,0.030475515927944674
2024-10-08,10,sp500,krwusd,0.01180696256679716,-0.01180696256679716
2024-10-08,10,sp500,eurusd,0.0,0.0
2024-10-08,10,sp500,vix,0.1420532392775425,0.05266271268796484
2024-10-08,10,sp500,us2y,0.09961417581914093,0.03672341115880729
2024-10-08,10,sp500,us10y,0.03534952154968528,0.026746138815239382
2024-10-08,10,sp500,wti,0.14918893493043062,-0.05258303566589369
2024-10-08,10,sp500,brent,0.07238329417079806,-0.028200509752623105
2024-10-08,10,sp500,henry_hub,0.0,0.0
2024-10-08,10,vix,audusd,0.030120318965184138,-0.030120318965184138
2024-10-08,10,vix,brlusd,0.0,0.0
2024-10-08,10,vix,cnyusd,0.0007375190199464921,-0.0007375190199464921
2024-10-08,10,vix,krwusd,0.0578585777750447,-0.0578585777750447
2024-10-08,10,vix,eurusd,0.028236988964008787,-0.028236988964008787
2024-10-08,10,vix,sp500,0.0,0.0
2024-10-08,10,vix,us2y,0.0,0.0
2024-10-08,10,vix,us10y,0.0,0.0
2024-10-08,10,vix,wti,0.0,0.0
2024-10-08,10,vix,brent,0.0,0.0
2024-10-08,10,vix,henry_hub,0.021790682393005842,0.021790682393005842
2024-10-08,10,us2y,audusd,0.0,0.0
2024-10-08,10,us2y,brlusd,0.0,0.0
2024-10-08,10,us2y,cnyusd,0.0,0.0
2024-10-08,10,us2y,krwusd,0.0019202654030899932,-0.0019202654030899932
2024-10-08,10,us2y,eurusd,0.002990687503498046,-0.002990687503498046
2024-10-08,10,us2y,sp500,0.0,0.0
2024-10-08,10,us2y,vix,0.0,0.0
2024-10-08,10,us2y,us10y,0.00399024958924114,-0.00399024958924114
2024-10-08,10,us2y,wti,0.05422831896788397,-0.023454344031364514
2024-10-08,10,us2y,brent,0.004010548464275213,-0.004010548464275213
2024-10-08,10,us2y,henry_hub,0.0,0.0
2024-10-08,10,us10y,audusd,0.04714379210307197,-0.025730956892461812
2024-10-08,10,us10y,brlusd,0.014803962656595414,-0.005449021005502141
2024-10-08,10,us10y,cnyusd,0.016499502419420647,-0.009327387524288716
2024-10-08,10,us10y,krwusd,0.028659316656482317,-0.027882545425198337
2024-10-08,10,us10y,eurusd,0.02748464863694971,-0.017331163428871393
2024-10-08,10,us10y,sp500,0.12460869011342547,-0.052561396209347064
2024-10-08,10,us10y,vix,0.10636148402532968,0.039362917929183124
2024-10-08,10,us10y,us2y,0.0003190977590542262,-0.0003190977590542262
2024-10-08,10,us10y,wti,0.0013510663547304073,-0.0013510663547304073
2024-10-08,10,us10y,brent,0.00832794511452655,-0.00832794511452655
2024-10-08,10,us10y,henry_hub,0.0,0.0
2024-10-08,10,wti,audusd,0.0,0.0
2024-10-08,10,wti,brlusd,0.0009847976731759314,-0.0009847976731759314
2024-10-08,10,wti,cnyusd,0.0,0.0
2024-10-08,10,wti,krwusd,0.0,0.0
2024-10-08,10,wti,eurusd,0.0,0.0
2024-10-08,10,wti,sp500,0.0,0.0
2024-10-08,10,wti,vix,0.016871838406201073,0.01092839673447709
2024-10-08,10,wti,us2y,0.0,0.0
2024-10-08,10,wti,us10y,0.0,0.0
2024-10-08,10,wti,brent,0.17521793687335013,0.1737680003702134
2024-10-08,10,wti,henry_hub,0.0,0.0
2024-10-08,10,brent,audusd,0.0,0.0
2024-10-08,10,brent,brlusd,0.0,0.0
2024-10-08,10,brent,cnyusd,0.007462045975427634,-0.007462045975427634
2024-10-08,10,brent,krwusd,0.020085439110354715,-0.01868710573611298
2024-10-08,10,brent,eurusd,0.0,0.0
2024-10-08,10,brent,sp500,0.008798539361779042,-0.008798539361779042
2024-10-08,10,brent,vix,0.03660503664545706,0.03161140108514435
2024-10-08,10,brent,us2y,0.0,0.0
2024-10-08,10,brent,us10y,0.0,0.0
2024-10-08,10,brent,wti,0.0,0.0
2024-10-08,10,brent,henry_hub,0.0,0.0
2024-10-08,10,henry_hub,audusd,0.007891104634572469,0.004956407987967336
2024-10-08,10,henry_hub,brlusd,0.0,0.0
2024-10-08,10,henry_hub,cnyusd,0.0,0.0
2024-10-08,10,henry_hub,krwusd,0.0,0.0
2024-10-08,10,henry_hub,eurusd,0.0,0.0
2024-10-08,10,henry_hub,sp500,0.003363922955270161,-0.003363922955270161
2024-10-08,10,henry_hub,vix,0.016383756079702147,0.008644787073024598
2024-10-08,10,henry_hub,us2y,0.0,0.0
2024-10-08,10,henry_hub,us10y,0.0,0.0
2024-10-08,10,henry_hub,wti,0.0,0.0
2024-10-08,10,henry_hub,brent,0.0,0.0
2024-10-08,10,pw_bab_el_mandeb_strait_capacity_z,audusd,0.0035144897682455527,-0.0035144897682455527
2024-10-08,10,pw_bab_el_mandeb_strait_capacity_z,brlusd,0.0,0.0
2024-10-08,10,pw_bab_el_mandeb_strait_capacity_z,cnyusd,0.0,0.0
2024-10-08,10,pw_bab_el_mandeb_strait_capacity_z,krwusd,0.0,0.0
2024-10-08,10,pw_bab_el_mandeb_strait_capacity_z,eurusd,0.0,0.0
2024-10-08,10,pw_bab_el_mandeb_strait_capacity_z,sp500,0.0,0.0
2024-10-08,10,pw_bab_el_mandeb_strait_capacity_z,vix,0.0,0.0
2024-10-08,10,pw_bab_el_mandeb_strait_capacity_z,us2y,0.09251325799769985,0.04917762859763122
2024-10-08,10,pw_bab_el_mandeb_strait_capacity_z,us10y,0.0,0.0
2024-10-08,10,pw_bab_el_mandeb_strait_capacity_z,wti,0.0,0.0
2024-10-08,10,pw_bab_el_mandeb_strait_capacity_z,brent,0.0,0.0
2024-10-08,10,pw_bab_el_mandeb_strait_capacity_z,henry_hub,0.2049863201482514,-0.2049863201482514
2024-10-08,10,pw_bab_el_mandeb_strait_n_total_z,audusd,0.0,0.0
2024-10-08,10,pw_bab_el_mandeb_strait_n_total_z,brlusd,0.0,0.0
2024-10-08,10,pw_bab_el_mandeb_strait_n_total_z,cnyusd,0.0,0.0
2024-10-08,10,pw_bab_el_mandeb_strait_n_total_z,krwusd,0.0,0.0
2024-10-08,10,pw_bab_el_mandeb_strait_n_total_z,eurusd,0.07609511477438387,0.07609511477438387
2024-10-08,10,pw_bab_el_mandeb_strait_n_total_z,sp500,0.0,0.0
2024-10-08,10,pw_bab_el_mandeb_strait_n_total_z,vix,0.0,0.0
2024-10-08,10,pw_bab_el_mandeb_strait_n_total_z,us2y,0.0,0.0
2024-10-08,10,pw_bab_el_mandeb_strait_n_total_z,us10y,0.002038430537565964,-0.002038430537565964
2024-10-08,10,pw_bab_el_mandeb_strait_n_total_z,wti,0.0,0.0
2024-10-08,10,pw_bab_el_mandeb_strait_n_total_z,brent,0.0,0.0
2024-10-08,10,pw_bab_el_mandeb_strait_n_total_z,henry_hub,0.008425811710386123,-0.008425811710386123
2024-10-08,10,pw_cape_of_good_hope_capacity_z,audusd,0.0,0.0
2024-10-08,10,pw_cape_of_good_hope_capacity_z,brlusd,0.0910310782344764,-0.038438402343116705
2024-10-08,10,pw_cape_of_good_hope_capacity_z,cnyusd,0.1866344823061104,-0.08053721381084734
2024-10-08,10,pw_cape_of_good_hope_capacity_z,krwusd,1.3666439714254616e-05,-1.3666439714254616e-05
2024-10-08,10,pw_cape_of_good_hope_capacity_z,eurusd,0.04819770047750625,0.03467796081495574
2024-10-08,10,pw_cape_of_good_hope_capacity_z,sp500,0.0,0.0
2024-10-08,10,pw_cape_of_good_hope_capacity_z,vix,0.0,0.0
2024-10-08,10,pw_cape_of_good_hope_capacity_z,us2y,0.015418359823040675,0.015418359823040675
2024-10-08,10,pw_cape_of_good_hope_capacity_z,us10y,0.033546931094727055,0.02622674596186568
2024-10-08,10,pw_cape_of_good_hope_capacity_z,wti,0.026507068469978277,-0.026507068469978277
2024-10-08,10,pw_cape_of_good_hope_capacity_z,brent,0.10744775317542277,0.08879643776674417
2024-10-08,10,pw_cape_of_good_hope_capacity_z,henry_hub,0.20388227535784711,-0.06879754784668905
2024-10-08,10,pw_cape_of_good_hope_n_total_z,audusd,0.0,0.0
2024-10-08,10,pw_cape_of_good_hope_n_total_z,brlusd,0.016078910767945452,0.016078910767945452
2024-10-08,10,pw_cape_of_good_hope_n_total_z,cnyusd,0.0,0.0
2024-10-08,10,pw_cape_of_good_hope_n_total_z,krwusd,0.0,0.0
2024-10-08,10,pw_cape_of_good_hope_n_total_z,eurusd,0.0021767510591902657,0.0021767510591902657
2024-10-08,10,pw_cape_of_good_hope_n_total_z,sp500,0.04765871304218608,0.023021299239986907
2024-10-08,10,pw_cape_of_good_hope_n_total_z,vix,0.03373985901438432,-0.024972462039936354
2024-10-08,10,pw_cape_of_good_hope_n_total_z,us2y,0.04707164200535046,0.04707164200535046
2024-10-08,10,pw_cape_of_good_hope_n_total_z,us10y,0.012152743733150922,-0.012152743733150922
2024-10-08,10,pw_cape_of_good_hope_n_total_z,wti,0.004658569248832399,-0.004658569248832399
2024-10-08,10,pw_cape_of_good_hope_n_total_z,brent,0.05368166434696966,-0.041487070032366076
2024-10-08,10,pw_cape_of_good_hope_n_total_z,henry_hub,0.251382602574157,0.0843563329907107
2024-10-08,10,pw_malacca_strait_capacity_z,audusd,0.0,0.0
2024-10-08,10,pw_malacca_strait_capacity_z,brlusd,0.0005768966120054306,0.0005768966120054306
2024-10-08,10,pw_malacca_strait_capacity_z,cnyusd,0.0,0.0
2024-10-08,10,pw_malacca_strait_capacity_z,krwusd,0.08153861389309802,0.04631751819049387
2024-10-08,10,pw_malacca_strait_capacity_z,eurusd,0.0,0.0
2024-10-08,10,pw_malacca_strait_capacity_z,sp500,0.0,0.0
2024-10-08,10,pw_malacca_strait_capacity_z,vix,0.0,0.0
2024-10-08,10,pw_malacca_strait_capacity_z,us2y,0.0839086291924741,0.0821412299416109
2024-10-08,10,pw_malacca_strait_capacity_z,us10y,0.0,0.0
2024-10-08,10,pw_malacca_strait_capacity_z,wti,0.0,0.0
2024-10-08,10,pw_malacca_strait_capacity_z,brent,0.01366323099237657,-0.01366323099237657
2024-10-08,10,pw_malacca_strait_capacity_z,henry_hub,0.0,0.0
2024-10-08,10,pw_malacca_strait_n_total_z,audusd,0.10328944331858317,-0.07638960037559858
2024-10-08,10,pw_malacca_strait_n_total_z,brlusd,0.010635024991940094,0.010635024991940094
2024-10-08,10,pw_malacca_strait_n_total_z,cnyusd,0.1687938183302875,-0.10907584968144725
2024-10-08,10,pw_malacca_strait_n_total_z,krwusd,0.15425628845349862,-0.0768796729107998
2024-10-08,10,pw_malacca_strait_n_total_z,eurusd,0.1646450451544392,-0.07606335216072191
2024-10-08,10,pw_malacca_strait_n_total_z,sp500,0.10840879768651283,-0.05943782085361535
2024-10-08,10,pw_malacca_strait_n_total_z,vix,0.0,0.0
2024-10-08,10,pw_malacca_strait_n_total_z,us2y,0.07759331185847397,0.0571355814833199
2024-10-08,10,pw_malacca_strait_n_total_z,us10y,0.04777446128579175,0.04777446128579175
2024-10-08,10,pw_malacca_strait_n_total_z,wti,0.0,0.0
2024-10-08,10,pw_malacca_strait_n_total_z,brent,0.05965776392078398,-0.03653422912212034
2024-10-08,10,pw_malacca_strait_n_total_z,henry_hub,0.06731479106432625,0.051972138505053486
2024-10-08,10,pw_panama_canal_capacity_z,audusd,0.049129171013886745,-0.049129171013886745
2024-10-08,10,pw_panama_canal_capacity_z,brlusd,0.0,0.0
2024-10-08,10,pw_panama_canal_capacity_z,cnyusd,0.027934249328124713,0.02048488408891679
2024-10-08,10,pw_panama_canal_capacity_z,krwusd,0.07274150831817991,-0.07274150831817991
2024-10-08,10,pw_panama_canal_capacity_z,eurusd,0.0,0.0
2024-10-08,10,pw_panama_canal_capacity_z,sp500,0.02647709630021514,0.02647709630021514
2024-10-08,10,pw_panama_canal_capacity_z,vix,0.08452103534597039,-0.08452103534597039
2024-10-08,10,pw_panama_canal_capacity_z,us2y,0.0,0.0
2024-10-08,10,pw_panama_canal_capacity_z,us10y,0.035992922381845815,0.03049847581192858
2024-10-08,10,pw_panama_canal_capacity_z,wti,0.0,0.0
2024-10-08,10,pw_panama_canal_capacity_z,brent,0.0,0.0
2024-10-08,10,pw_panama_canal_capacity_z,henry_hub,0.0,0.0
2024-10-08,10,pw_panama_canal_n_total_z,audusd,0.009658415202993889,-0.005816397664157885
2024-10-08,10,pw_panama_canal_n_total_z,brlusd,0.005725950935109593,0.005725950935109593
2024-10-08,10,pw_panama_canal_n_total_z,cnyusd,0.0,0.0
2024-10-08,10,pw_panama_canal_n_total_z,krwusd,0.0,0.0
2024-10-08,10,pw_panama_canal_n_total_z,eurusd,0.0,0.0
2024-10-08,10,pw_panama_canal_n_total_z,sp500,0.0,0.0
2024-10-08,10,pw_panama_canal_n_total_z,vix,0.0,0.0
2024-10-08,10,pw_panama_canal_n_total_z,us2y,0.004821655760609492,0.004821655760609492
2024-10-08,10,pw_panama_canal_n_total_z,us10y,0.0,0.0
2024-10-08,10,pw_panama_canal_n_total_z,wti,0.04335437096432105,-0.04335437096432105
2024-10-08,10,pw_panama_canal_n_total_z,brent,0.0,0.0
2024-10-08,10,pw_panama_canal_n_total_z,henry_hub,0.011005450822694144,0.011005450822694144
2024-10-08,10,pw_strait_of_hormuz_capacity_z,audusd,0.11921287904291569,0.07259742730755998
2024-10-08,10,pw_strait_of_hormuz_capacity_z,brlusd,0.0,0.0
2024-10-08,10,pw_strait_of_hormuz_capacity_z,cnyusd,0.0,0.0
2024-10-08,10,pw_strait_of_hormuz_capacity_z,krwusd,0.0,0.0
2024-10-08,10,pw_strait_of_hormuz_capacity_z,eurusd,0.0,0.0
2024-10-08,10,pw_strait_of_hormuz_capacity_z,sp500,0.004719155427491461,0.0035843492748284253
2024-10-08,10,pw_strait_of_hormuz_capacity_z,vix,0.0,0.0
2024-10-08,10,pw_strait_of_hormuz_capacity_z,us2y,0.05060822162701109,0.021058972368103217
2024-10-08,10,pw_strait_of_hormuz_capacity_z,us10y,0.04688318261240532,0.04688318261240532
2024-10-08,10,pw_strait_of_hormuz_capacity_z,wti,0.15742262870603424,0.11134980933562748
2024-10-08,10,pw_strait_of_hormuz_capacity_z,brent,0.19848022735727608,0.14536076852053292
2024-10-08,10,pw_strait_of_hormuz_capacity_z,henry_hub,0.018681946993778516,0.018681946993778516
2024-10-08,10,pw_strait_of_hormuz_n_total_z,audusd,0.08907653787337497,0.047967204126216204
2024-10-08,10,pw_strait_of_hormuz_n_total_z,brlusd,0.04216360434848086,0.02465648620445036
2024-10-08,10,pw_strait_of_hormuz_n_total_z,cnyusd,0.0191696939797253,0.0191696939797253
2024-10-08,10,pw_strait_of_hormuz_n_total_z,krwusd,0.06484080144156112,0.06484080144156112
2024-10-08,10,pw_strait_of_hormuz_n_total_z,eurusd,0.022657422297412477,0.022657422297412477
2024-10-08,10,pw_strait_of_hormuz_n_total_z,sp500,0.0,0.0
2024-10-08,10,pw_strait_of_hormuz_n_total_z,vix,0.0,0.0
2024-10-08,10,pw_strait_of_hormuz_n_total_z,us2y,0.021706528473969953,0.021706528473969953
2024-10-08,10,pw_strait_of_hormuz_n_total_z,us10y,0.08647416944592616,0.08647416944592616
2024-10-08,10,pw_strait_of_hormuz_n_total_z,wti,0.0,0.0
2024-10-08,10,pw_strait_of_hormuz_n_total_z,brent,0.0,0.0
2024-10-08,10,pw_strait_of_hormuz_n_total_z,henry_hub,0.0,0.0
2024-10-08,10,pw_suez_canal_capacity_z,audusd,0.014597328268405697,-0.01367750993565199
2024-10-08,10,pw_suez_canal_capacity_z,brlusd,0.005969313151112236,0.005969313151112236
2024-10-08,10,pw_suez_canal_capacity_z,cnyusd,0.20307520217959424,-0.12360550204089231
2024-10-08,10,pw_suez_canal_capacity_z,krwusd,0.0,0.0
2024-10-08,10,pw_suez_canal_capacity_z,eurusd,0.07302735352497712,-0.052412716002541354
2024-10-08,10,pw_suez_canal_capacity_z,sp500,0.025263992997100814,-0.025263992997100814
2024-10-08,10,pw_suez_canal_capacity_z,vix,0.030773170755394173,0.030773170755394173
2024-10-08,10,pw_suez_canal_capacity_z,us2y,0.0,0.0
2024-10-08,10,pw_suez_canal_capacity_z,us10y,0.01357134084510421,0.01357134084510421
2024-10-08,10,pw_suez_canal_capacity_z,wti,0.011490627054169575,0.007100152421825377
2024-10-08,10,pw_suez_canal_capacity_z,brent,0.0,0.0
2024-10-08,10,pw_suez_canal_capacity_z,henry_hub,0.0,0.0
2024-10-08,10,pw_suez_canal_n_total_z,audusd,0.0,0.0
2024-10-08,10,pw_suez_canal_n_total_z,brlusd,0.0,0.0
2024-10-08,10,pw_suez_canal_n_total_z,cnyusd,0.0,0.0
2024-10-08,10,pw_suez_canal_n_total_z,krwusd,0.0,0.0
2024-10-08,10,pw_suez_canal_n_total_z,eurusd,0.0,0.0
2024-10-08,10,pw_suez_canal_n_total_z,sp500,0.0,0.0
2024-10-08,10,pw_suez_canal_n_total_z,vix,0.0,0.0
2024-10-08,10,pw_suez_canal_n_total_z,us2y,0.0,0.0
2024-10-08,10,pw_suez_canal_n_total_z,us10y,0.005609768774186844,-0.003997980337732294
2024-10-08,10,pw_suez_canal_n_total_z,wti,0.012522517393337929,0.012522517393337929
2024-10-08,10,pw_suez_canal_n_total_z,brent,0.0807460932506516,0.028503688633964994
2024-10-08,10,pw_suez_canal_n_total_z,henry_hub,0.2064234751214517,0.06449121795515501
2024-11-07,10,audusd,brlusd,0.0,0.0
2024-11-07,10,audusd,cnyusd,0.0,0.0
2024-11-07,10,audusd,krwusd,0.023855637391725994,-0.014892445897377026
2024-11-07,10,audusd,eurusd,0.0,0.0
2024-11-07,10,audusd,sp500,0.0,0.0
2024-11-07,10,audusd,vix,0.0,0.0
2024-11-07,10,audusd,us2y,0.0,0.0
2024-11-07,10,audusd,us10y,0.0,0.0
2024-11-07,10,audusd,wti,0.017677023939730915,-0.010838938051875077
2024-11-07,10,audusd,brent,0.005883732635025294,-0.005883732635025294
2024-11-07,10,audusd,henry_hub,0.0,0.0
2024-11-07,10,brlusd,audusd,0.0009308620692544738,0.0009308620692544738
2024-11-07,10,brlusd,cnyusd,0.023580586947676827,0.013728056999783706
2024-11-07,10,brlusd,krwusd,0.002439262972055858,0.002439262972055858
2024-11-07,10,brlusd,eurusd,0.0,0.0
2024-11-07,10,brlusd,sp500,0.0,0.0
2024-11-07,10,brlusd,vix,0.04198708912081979,0.03003086544756238
2024-11-07,10,brlusd,us2y,0.029598120172014866,0.01731243134632831
2024-11-07,10,brlusd,us10y,0.008635852973195048,0.004367677346161132
2024-11-07,10,brlusd,wti,0.0,0.0
2024-11-07,10,brlusd,brent,0.01277227247669933,-0.010708535029027117
2024-11-07,10,brlusd,henry_hub,0.0,0.0
2024-11-07,10,cnyusd,audusd,0.0,0.0
2024-11-07,10,cnyusd,brlusd,8.732354976428198e-05,-8.732354976428198e-05
2024-11-07,10,cnyusd,krwusd,0.007409745567028133,-0.007409745567028133
2024-11-07,10,cnyusd,eurusd,0.013308622459610404,-0.009279294785299708
2024-11-07,10,cnyusd,sp500,0.0,0.0
2024-11-07,10,cnyusd,vix,0.0,0.0
2024-11-07,10,cnyusd,us2y,0.03314553172162088,-0.03314553172162088
2024-11-07,10,cnyusd,us10y,0.039743830368946756,0.022324226039599913
2024-11-07,10,cnyusd,wti,0.0,0.0
2024-11-07,10,cnyusd,brent,0.0,0.0
2024-11-07,10,cnyusd,henry_hub,0.020011235479480034,0.01041024592399692
2024-11-07,10,krwusd,audusd,0.03782696599904404,0.01977654205387121
2024-11-07,10,krwusd,brlusd,0.0,0.0
2024-11-07,10,krwusd,cnyusd,0.11173535689499514,0.03575128030203579
2024-11-07,10,krwusd,eurusd,0.0,0.0
2024-11-07,10,krwusd,sp500,0.0016337336845455778,0.0016337336845455778
2024-11-07,10,krwusd,vix,0.0,0.0
2024-11-07,10,krwusd,us2y,0.0,0.0
2024-11-07,10,krwusd,us10y,0.03668292113232133,-0.0213628780349974
2024-11-07,10,krwusd,wti,0.0,0.0
2024-11-07,10,krwusd,brent,0.0,0.0
2024-11-07,10,krwusd,henry_hub,0.0,0.0
2024-11-07,10,eurusd,audusd,0.0,0.0
2024-11-07,10,eurusd,brlusd,0.0,0.0
2024-11-07,10,eurusd,cnyusd,0.033586832060892954,0.022044240650472287
2024-11-07,10,eurusd,krwusd,0.061062997034608574,0.061062997034608574
2024-11-07,10,eurusd,sp500,0.0,0.0
2024-11-07,10,eurusd,vix,0.005870522741662641,0.005870522741662641
2024-11-07,10,eurusd,us2y,0.0,0.0
2024-11-07,10,eurusd,us10y,0.005020339810322766,-0.005020339810322766
2024-11-07,10,eurusd,wti,0.0,0.0
2024-11-07,10,eurusd,brent,0.0,0.0
2024-11-07,10,eurusd,henry_hub,0.0,0.0
2024-11-07,10,sp500,audusd,0.028633164645947583,0.028633164645947583
2024-11-07,10,sp500,brlusd,0.03586698327386511,0.035356918895597604
2024-11-07,10,sp500,cnyusd,0.02755991780463091,0.025339367505057945
2024-11-07,10,sp500,krwusd,0.011929018289627228,-0.011929018289627228
2024-11-07,10,sp500,eurusd,0.0,0.0
2024-11-07,10,sp500,vix,0.13924983571327043,0.05041613175612542
2024-11-07,10,sp500,us2y,0.0973240993844694,0.03517255304856546
2024-11-07,10,sp500,us10y,0.03838635810064681,0.025824734932858983
2024-11-07,10,sp500,wti,0.1507229688063526,-0.05143032535015422
2024-11-07,10,sp500,brent,0.07245968204707959,-0.027645196435375902
2024-11-07,10,sp500,henry_hub,0.0,0.0
2024-11-07,10,vix,audusd,0.037265600331070764,-0.03636446954857635
2024-11-07,10,vix,brlusd,0.0,0.0
2024-11-07,10,vix,cnyusd,0.008949175752417916,-0.008949175752417916
2024-11-07,10,vix,krwusd,0.06258584938460138,-0.06258584938460138
2024-11-07,10,vix,eurusd,0.032283867814223106,-0.032283867814223106
2024-11-07,10,vix,sp500,0.0,0.0
2024-11-07,10,vix,us2y,0.0,0.0
2024-11-07,10,vix,us10y,0.0,0.0
2024-11-07,10,vix,wti,0.0,0.0
2024-11-07,10,vix,brent,0.0,0.0
2024-11-07,10,vix,henry_hub,0.01904668689365458,0.01904668689365458
2024-11-07,10,us2y,audusd,0.0,0.0
2024-11-07,10,us2y,brlusd,0.004951152931366752,-0.004951152931366752
2024-11-07,10,us2y,cnyusd,0.0,0.0
2024-11-07,10,us2y,krwusd,0.013109738795736263,-0.0077379050073278915
2024-11-07,10,us2y,eurusd,0.001757890364200339,-0.001757890364200339
2024-11-07,10,us2y,sp500,0.0,0.0
2024-11-07,10,us2y,vix,0.0,0.0
2024-11-07,10,us2y,us10y,0.0,0.0
2024-11-07,10,us2y,wti,0.04251924672987652,-0.015209309281637948
2024-11-07,10,us2y,brent,0.0022775090034825654,-0.0022775090034825654
2024-11-07,10,us2y,henry_hub,0.0,0.0
2024-11-07,10,us10y,audusd,0.06401271130090784,-0.03124013021625154
2024-11-07,10,us10y,brlusd,0.028711170120169917,-0.011829847011161212
2024-11-07,10,us10y,cnyusd,0.027187688431926593,-0.01257965459060643
2024-11-07,10,us10y,krwusd,0.027349668556155098,-0.025668117981959497
2024-11-07,10,us10y,eurusd,0.0378231379814272,-0.023403145100177204
2024-11-07,10,us10y,sp500,0.12561184151820007,-0.05194084971869869
2024-11-07,10,us10y,vix,0.11103231041711914,0.03951796144371327
2024-11-07,10,us10y,us2y,0.0,0.0
2024-11-07,10,us10y,wti,0.005966217150454481,-0.005966217150454481
2024-11-07,10,us10y,brent,0.00824264505125102,-0.00824264505125102
2024-11-07,10,us10y,henry_hub,0.0,0.0
2024-11-07,10,wti,audusd,0.0,0.0
2024-11-07,10,wti,brlusd,0.0018202022458505762,-0.0018202022458505762
2024-11-07,10,wti,cnyusd,0.0,0.0
2024-11-07,10,wti,krwusd,0.0,0.0
2024-11-07,10,wti,eurusd,0.0,0.0
2024-11-07,10,wti,sp500,0.0,0.0
2024-11-07,10,wti,vix,0.015739415696201554,0.00881879444846119
2024-11-07,10,wti,us2y,0.0,0.0
2024-11-07,10,wti,us10y,0.0,0.0
2024-11-07,10,wti,brent,0.17325399359890484,0.17158101579682258
2024-11-07,10,wti,henry_hub,0.0,0.0
2024-11-07,10,brent,audusd,0.0,0.0
2024-11-07,10,brent,brlusd,0.0,0.0
2024-11-07,10,brent,cnyusd,0.00686863088850237,-0.00686863088850237
2024-11-07,10,brent,krwusd,0.020347047227629603,-0.018427412030951173
2024-11-07,10,brent,eurusd,0.0,0.0
2024-11-07,10,brent,sp500,0.0073232821883471,-0.0073232821883471
2024-11-07,10,brent,vix,0.030418846464315884,0.02803803667772026
2024-11-07,10,brent,us2y,0.0,0.0
2024-11-07,10,brent,us10y,0.0,0.0
2024-11-07,10,brent,wti,0.0,0.0
2024-11-07,10,brent,henry_hub,0.0,0.0
2024-11-07,10,henry_hub,audusd,0.008398562055172708,0.004452554910966473
2024-11-07,10,henry_hub,brlusd,0.0,0.0
2024-11-07,10,henry_hub,cnyusd,0.0,0.0
2024-11-07,10,henry_hub,krwusd,0.0,0.0
2024-11-07,10,henry_hub,eurusd,0.0,0.0
2024-11-07,10,henry_hub,sp500,0.002013351813289002,-0.002013351813289002
2024-11-07,10,henry_hub,vix,0.015335262580861209,0.008942183017947332
2024-11-07,10,henry_hub,us2y,0.0,0.0
2024-11-07,10,henry_hub,us10y,0.0,0.0
2024-11-07,10,henry_hub,wti,0.0,0.0
2024-11-07,10,henry_hub,brent,0.0,0.0
2024-11-07,10,pw_bab_el_mandeb_strait_capacity_z,audusd,0.0,0.0
2024-11-07,10,pw_bab_el_mandeb_strait_capacity_z,brlusd,0.0,0.0
2024-11-07,10,pw_bab_el_mandeb_strait_capacity_z,cnyusd,0.0,0.0
2024-11-07,10,pw_bab_el_mandeb_strait_capacity_z,krwusd,0.0,0.0
2024-11-07,10,pw_bab_el_mandeb_strait_capacity_z,eurusd,0.0,0.0
2024-11-07,10,pw_bab_el_mandeb_strait_capacity_z,sp500,0.0,0.0
2024-11-07,10,pw_bab_el_mandeb_strait_capacity_z,vix,0.0,0.0
2024-11-07,10,pw_bab_el_mandeb_strait_capacity_z,us2y,0.0723469475086046,0.03854641106098979
2024-11-07,10,pw_bab_el_mandeb_strait_capacity_z,us10y,0.0,0.0
2024-11-07,10,pw_bab_el_mandeb_strait_capacity_z,wti,0.0,0.0
2024-11-07,10,pw_bab_el_mandeb_strait_capacity_z,brent,0.0,0.0
2024-11-07,10,pw_bab_el_mandeb_strait_capacity_z,henry_hub,0.19700583638310482,-0.19700583638310482
2024-11-07,10,pw_bab_el_mandeb_strait_n_total_z,audusd,0.0,0.0
2024-11-07,10,pw_bab_el_mandeb_strait_n_total_z,brlusd,0.0,0.0
2024-11-07,10,pw_bab_el_mandeb_strait_n_total_z,cnyusd,0.0,0.0
2024-11-07,10,pw_bab_el_mandeb_strait_n_total_z,krwusd,0.0,0.0
2024-11-07,10,pw_bab_el_mandeb_strait_n_total_z,eurusd,0.07706131716089125,0.07706131716089125
2024-11-07,10,pw_bab_el_mandeb_strait_n_total_z,sp500,0.0,0.0
2024-11-07,10,pw_bab_el_mandeb_strait_n_total_z,vix,0.0,0.0
2024-11-07,10,pw_bab_el_mandeb_strait_n_total_z,us2y,0.0,0.0
2024-11-07,10,pw_bab_el_mandeb_strait_n_total_z,us10y,0.006170155722948907,-0.006170155722948907
2024-11-07,10,pw_bab_el_mandeb_strait_n_total_z,wti,0.0,0.0
2024-11-07,10,pw_bab_el_mandeb_strait_n_total_z,brent,0.0,0.0
2024-11-07,10,pw_bab_el_mandeb_strait_n_total_z,henry_hub,0.010063972927185905,0.006486097125874279
2024-11-07,10,pw_cape_of_good_hope_capacity_z,audusd,0.0,0.0
2024-11-07,10,pw_cape_of_good_hope_capacity_z,brlusd,0.08797004107853147,-0.04060582641519231
2024-11-07,10,pw_cape_of_good_hope_capacity_z,cnyusd,0.18704169861314296,-0.08348827893402573
2024-11-07,10,pw_cape_of_good_hope_capacity_z,krwusd,0.0,0.0
2024-11-07,10,pw_cape_of_good_hope_capacity_z,eurusd,0.042541198507094195,0.03708095845776927
2024-11-07,10,pw_cape_of_good_hope_capacity_z,sp500,0.0,0.0
2024-11-07,10,pw_cape_of_good_hope_capacity_z,vix,0.0,0.0
2024-11-07,10,pw_cape_of_good_hope_capacity_z,us2y,0.019385867549586207,0.019385867549586207
2024-11-07,10,pw_cape_of_good_hope_capacity_z,us10y,0.021107683728005946,0.01582482435285686
2024-11-07,10,pw_cape_of_good_hope_capacity_z,wti,0.021460385781483637,-0.021460385781483637
2024-11-07,10,pw_cape_of_good_hope_capacity_z,brent,0.11009430746296661,0.08360405147040378
2024-11-07,10,pw_cape_of_good_hope_capacity_z,henry_hub,0.19986603519170815,-0.07137682207077806
2024-11-07,10,pw_cape_of_good_hope_n_total_z,audusd,0.0,0.0
2024-11-07,10,pw_cape_of_good_hope_n_total_z,brlusd,0.015131178924090155,0.015131178924090155
2024-11-07,10,pw_cape_of_good_hope_n_total_z,cnyusd,0.0,0.0
2024-11-07,10,pw_cape_of_good_hope_n_total_z,krwusd,0.0,0.0
2024-11-07,10,pw_cape_of_good_hope_n_total_z,eurusd,0.0008505006310203705,0.0008505006310203705
2024-11-07,10,pw_cape_of_good_hope_n_total_z,sp500,0.04916246615383414,0.0187985553016044
2024-11-07,10,pw_cape_of_good_hope_n_total_z,vix,0.02472931179011502,-0.009693745232560292
2024-11-07,10,pw_cape_of_good_hope_n_total_z,us2y,0.04577298582374495,0.04577298582374495
2024-11-07,10,pw_cape_of_good_hope_n_total_z,us10y,0.0066520637521448505,-0.0066520637521448505
2024-11-07,10,pw_cape_of_good_hope_n_total_z,wti,0.00043146982799537655,-0.00043146982799537655
2024-11-07,10,pw_cape_of_good_hope_n_total_z,brent,0.0492353956616609,-0.03948581947195935
2024-11-07,10,pw_cape_of_good_hope_n_total_z,henry_hub,0.2568820562628172,0.08487171769170125
2024-11-07,10,pw_malacca_strait_capacity_z,audusd,0.0,0.0
2024-11-07,10,pw_malacca_strait_capacity_z,brlusd,0.007927445434239318,0.006255487586506532
2024-11-07,10,pw_malacca_strait_capacity_z,cnyusd,0.0,0.0
2024-11-07,10,pw_malacca_strait_capacity_z,krwusd,0.07282621518141587,0.05494204452011298
2024-11-07,10,pw_malacca_strait_capacity_z,eurusd,0.0,0.0
2024-11-07,10,pw_malacca_strait_capacity_z,sp500,0.0,0.0
2024-11-07,10,pw_malacca_strait_capacity_z,vix,0.0,0.0
2024-11-07,10,pw_malacca_strait_capacity_z,us2y,0.08633440275690997,0.07293150807500563
2024-11-07,10,pw_malacca_strait_capacity_z,us10y,0.0,0.0
2024-11-07,10,pw_malacca_strait_capacity_z,wti,0.0,0.0
2024-11-07,10,pw_malacca_strait_capacity_z,brent,0.010395171041081853,-0.010395171041081853
2024-11-07,10,pw_malacca_strait_capacity_z,henry_hub,0.0,0.0
2024-11-07,10,pw_malacca_strait_n_total_z,audusd,0.08081937687948407,-0.07138806797236372
2024-11-07,10,pw_malacca_strait_n_total_z,brlusd,0.016843892005423265,0.016843892005423265
2024-11-07,10,pw_malacca_strait_n_total_z,cnyusd,0.15963508885546784,-0.10686762397843488
2024-11-07,10,pw_malacca_strait_n_total_z,krwusd,0.13000205884383276,-0.06568916390474923
2024-11-07,10,pw_malacca_strait_n_total_z,eurusd,0.1486075967494498,-0.07240362201925622
2024-11-07,10,pw_malacca_strait_n_total_z,sp500,0.10799596599137694,-0.05754388098689839
2024-11-07,10,pw_malacca_strait_n_total_z,vix,0.0,0.0
2024-11-07,10,pw_malacca_strait_n_total_z,us2y,0.05177553990719775,0.05177553990719775
2024-11-07,10,pw_malacca_strait_n_total_z,us10y,0.030948398522213132,0.030948398522213132
2024-11-07,10,pw_malacca_strait_n_total_z,wti,0.0,0.0
2024-11-07,10,pw_malacca_strait_n_total_z,brent,0.06391449426854331,-0.03849300242927893
2024-11-07,10,pw_malacca_strait_n_total_z,henry_hub,0.07974115894596578,0.06494793848003699
2024-11-07,10,pw_panama_canal_capacity_z,audusd,0.04344394111667358,-0.04344394111667358
2024-11-07,10,pw_panama_canal_capacity_z,brlusd,0.00951850501327136,-0.00951850501327136
2024-11-07,10,pw_panama_canal_capacity_z,cnyusd,0.029266385854814746,-0.015700834747958154
2024-11-07,10,pw_panama_canal_capacity_z,krwusd,0.08978402411397023,-0.08978402411397023
2024-11-07,10,pw_panama_canal_capacity_z,eurusd,0.0,0.0
2024-11-07,10,pw_panama_canal_capacity_z,sp500,0.02259362852830659,0.02259362852830659
2024-11-07,10,pw_panama_canal_capacity_z,vix,0.07149504670841055,-0.07149504670841055
2024-11-07,10,pw_panama_canal_capacity_z,us2y,0.0,0.0
2024-11-07,10,pw_panama_canal_capacity_z,us10y,0.06564647785669628,0.054289840981515916
2024-11-07,10,pw_panama_canal_capacity_z,wti,0.0,0.0
2024-11-07,10,pw_panama_canal_capacity_z,brent,0.0,0.0
2024-11-07,10,pw_panama_canal_capacity_z,henry_hub,0.0,0.0
2024-11-07,10,pw_panama_canal_n_total_z,audusd,0.04709929073252974,-0.03156992637045255
2024-11-07,10,pw_panama_canal_n_total_z,brlusd,0.0,0.0
2024-11-07,10,pw_panama_canal_n_total_z,cnyusd,0.0,0.0
2024-11-07,10,pw_panama_canal_n_total_z,krwusd,0.0,0.0
2024-11-07,10,pw_panama_canal_n_total_z,eurusd,0.018929691372518816,-0.017093984153612716
2024-11-07,10,pw_panama_canal_n_total_z,sp500,0.0,0.0
2024-11-07,10,pw_panama_canal_n_total_z,vix,0.0,0.0
2024-11-07,10,pw_panama_canal_n_total_z,us2y,0.045127909335392416,0.045127909335392416
2024-11-07,10,pw_panama_canal_n_total_z,us10y,0.0,0.0
2024-11-07,10,pw_panama_canal_n_total_z,wti,0.03554167237781967,-0.03554167237781967
2024-11-07,10,pw_panama_canal_n_total_z,brent,0.0,0.0
2024-11-07,10,pw_panama_canal_n_total_z,henry_hub,0.0,0.0
2024-11-07,10,pw_strait_of_hormuz_capacity_z,audusd,0.09681515086772097,0.06012395763336287
2024-11-07,10,pw_strait_of_hormuz_capacity_z,brlusd,0.0,0.0
2024-11-07,10,pw_strait_of_hormuz_capacity_z,cnyusd,0.0,0.0
2024-11-07,10,pw_strait_of_hormuz_capacity_z,krwusd,0.0,0.0
2024-11-07,10,pw_strait_of_hormuz_capacity_z,eurusd,0.0,0.0
2024-11-07,10,pw_strait_of_hormuz_capacity_z,sp500,0.009014663277970278,0.00561337096803467
2024-11-07,10,pw_strait_of_hormuz_capacity_z,vix,0.0,0.0
2024-11-07,10,pw_strait_of_hormuz_capacity_z,us2y,0.0680264871558905,0.03126509251928968
2024-11-07,10,pw_strait_of_hormuz_capacity_z,us10y,0.06213131056422077,0.06213131056422077
2024-11-07,10,pw_strait_of_hormuz_capacity_z,wti,0.16406678328896918,0.11034137414892864
2024-11-07,10,pw_strait_of_hormuz_capacity_z,brent,0.20312389479179568,0.14510331813178506
2024-11-07,10,pw_strait_of_hormuz_capacity_z,henry_hub,0.009050283410144794,0.009050283410144794
2024-11-07,10,pw_strait_of_hormuz_n_total_z,audusd,0.09407160984026984,0.045731602517893336
2024-11-07,10,pw_strait_of_hormuz_n_total_z,brlusd,0.03396332742039633,0.02425598853402563
2024-11-07,10,pw_strait_of_hormuz_n_total_z,cnyusd,0.01334793554804177,0.01334793554804177
2024-11-07,10,pw_strait_of_hormuz_n_total_z,krwusd,0.05210765306477415,0.05210765306477415
2024-11-07,10,pw_strait_of_hormuz_n_total_z,eurusd,0.010857158433979327,0.010857158433979327
2024-11-07,10,pw_strait_of_hormuz_n_total_z,sp500,0.0,0.0
2024-11-07,10,pw_strait_of_hormuz_n_total_z,vix,0.0,0.0
2024-11-07,10,pw_strait_of_hormuz_n_total_z,us2y,0.01585430091217612,0.01585430091217612
2024-11-07,10,pw_strait_of_hormuz_n_total_z,us10y,0.08157816951167327,0.08157816951167327
2024-11-07,10,pw_strait_of_hormuz_n_total_z,wti,0.0,0.0
2024-11-07,10,pw_strait_of_hormuz_n_total_z,brent,0.0,0.0
2024-11-07,10,pw_strait_of_hormuz_n_total_z,henry_hub,0.0,0.0
2024-11-07,10,pw_suez_canal_capacity_z,audusd,0.0034567896269494087,-0.0034567896269494087
2024-11-07,10,pw_suez_canal_capacity_z,brlusd,0.013432434910550453,0.013432434910550453
2024-11-07,10,pw_suez_canal_capacity_z,cnyusd,0.1940897914689667,-0.11784561192601362
2024-11-07,10,pw_suez_canal_capacity_z,krwusd,0.0,0.0
2024-11-07,10,pw_suez_canal_capacity_z,eurusd,0.06478211352773976,-0.04636662357086958
2024-11-07,10,pw_suez_canal_capacity_z,sp500,0.023480164536397185,-0.023480164536397185
2024-11-07,10,pw_suez_canal_capacity_z,vix,0.026253773218423312,0.026253773218423312
2024-11-07,10,pw_suez_canal_capacity_z,us2y,0.0,0.0
2024-11-07,10,pw_suez_canal_capacity_z,us10y,0.005293685287526177,0.005293685287526177
2024-11-07,10,pw_suez_canal_capacity_z,wti,0.013693819353597115,0.00930515899437001
2024-11-07,10,pw_suez_canal_capacity_z,brent,0.0,0.0
2024-11-07,10,pw_suez_canal_capacity_z,henry_hub,0.0,0.0
2024-11-07,10,pw_suez_canal_n_total_z,audusd,0.0,0.0
2024-11-07,10,pw_suez_canal_n_total_z,brlusd,0.0,0.0
2024-11-07,10,pw_suez_canal_n_total_z,cnyusd,0.0,0.0
2024-11-07,10,pw_suez_canal_n_total_z,krwusd,0.0,0.0
2024-11-07,10,pw_suez_canal_n_total_z,eurusd,0.0,0.0
2024-11-07,10,pw_suez_canal_n_total_z,sp500,0.0,0.0
2024-11-07,10,pw_suez_canal_n_total_z,vix,0.0,0.0
2024-11-07,10,pw_suez_canal_n_total_z,us2y,0.0,0.0
2024-11-07,10,pw_suez_canal_n_total_z,us10y,0.01387871117204575,-0.01387871117204575
2024-11-07,10,pw_suez_canal_n_total_z,wti,0.008888200596579673,0.008888200596579673
2024-11-07,10,pw_suez_canal_n_total_z,brent,0.0831279187820737,0.0285890682396896
2024-11-07,10,pw_suez_canal_n_total_z,henry_hub,0.20123631792110167,0.0650538449077399
2024-12-11,10,audusd,brlusd,0.0,0.0
2024-12-11,10,audusd,cnyusd,0.00034502078927778075,0.00034502078927778075
2024-12-11,10,audusd,krwusd,0.020317812693964016,-0.014623622216275533
2024-12-11,10,audusd,eurusd,0.0,0.0
2024-12-11,10,audusd,sp500,0.0,0.0
2024-12-11,10,audusd,vix,0.0,0.0
2024-12-11,10,audusd,us2y,0.0,0.0
2024-12-11,10,audusd,us10y,0.0,0.0
2024-12-11,10,audusd,wti,0.017589760605692333,-0.011309004814166917
2024-12-11,10,audusd,brent,0.0048439579244661446,-0.0048439579244661446
2024-12-11,10,audusd,henry_hub,0.0,0.0
2024-12-11,10,brlusd,audusd,0.0,0.0
2024-12-11,10,brlusd,cnyusd,0.02360694981304667,0.014085704538300074
2024-12-11,10,brlusd,krwusd,0.0021706851400990516,0.0021706851400990516
2024-12-11,10,brlusd,eurusd,0.0,0.0
2024-12-11,10,brlusd,sp500,0.0,0.0
2024-12-11,10,brlusd,vix,0.041832688792458585,0.030330497255573977
2024-12-11,10,brlusd,us2y,0.0325230897097422,0.01908834798834409
2024-12-11,10,brlusd,us10y,0.0074074146331216915,0.005972580757814863
2024-12-11,10,brlusd,wti,0.0,0.0
2024-12-11,10,brlusd,brent,0.011701259426025451,-0.00899377825427771
2024-12-11,10,brlusd,henry_hub,0.0,0.0
2024-12-11,10,cnyusd,audusd,0.0,0.0
2024-12-11,10,cnyusd,brlusd,0.0,0.0
2024-12-11,10,cnyusd,krwusd,0.005834225801663945,-0.005834225801663945
2024-12-11,10,cnyusd,eurusd,0.014710839414145315,-0.008619163758629096
2024-12-11,10,cnyusd,sp500,0.0,0.0
2024-12-11,10,cnyusd,vix,0.0,0.0
2024-12-11,10,cnyusd,us2y,0.02917889627498041,-0.02917889627498041
2024-12-11,10,cnyusd,us10y,0.04579261043758126,0.027383054239551872
2024-12-11,10,cnyusd,wti,0.0,0.0
2024-12-11,10,cnyusd,brent,0.0,0.0
2024-12-11,10,cnyusd,henry_hub,0.009307416704642345,0.006648402725075959
2024-12-11,10,krwusd,audusd,0.03515199530051865,0.017980757887223368
2024-12-11,10,krwusd,brlusd,0.0,0.0
2024-12-11,10,krwusd,cnyusd,0.10140766922953368,0.03352943071531128
2024-12-11,10,krwusd,eurusd,0.0,0.0
2024-12-11,10,krwusd,sp500,0.000868901115871614,0.000868901115871614
2024-12-11,10,krwusd,vix,0.0,0.0
2024-12-11,10,krwusd,us2y,0.0002101765261084885,-0.0002101765261084885
2024-12-11,10,krwusd,us10y,0.038242378590479964,-0.02304115410831863
2024-12-11,10,krwusd,wti,0.0,0.0
2024-12-11,10,krwusd,brent,0.0,0.0
2024-12-11,10,krwusd,henry_hub,0.0,0.0
2024-12-11,10,eurusd,audusd,0.0,0.0
2024-12-11,10,eurusd,brlusd,0.0,0.0
2024-12-11,10,eurusd,cnyusd,0.03861996475232836,0.022971561911333177
2024-12-11,10,eurusd,krwusd,0.05988841567780573,0.05988841567780573
2024-12-11,10,eurusd,sp500,0.0,0.0
2024-12-11,10,eurusd,vix,0.002845225441168643,0.002845225441168643
2024-12-11,10,eurusd,us2y,0.0,0.0
2024-12-11,10,eurusd,us10y,0.0,0.0
2024-12-11,10,eurusd,wti,0.0,0.0
2024-12-11,10,eurusd,brent,0.0,0.0
2024-12-11,10,eurusd,henry_hub,0.0,0.0
2024-12-11,10,sp500,audusd,0.026742008500822173,0.026742008500822173
2024-12-11,10,sp500,brlusd,0.0334575470642214,0.0334575470642214
2024-12-11,10,sp500,cnyusd,0.028771352989131492,0.02544391245136504
2024-12-11,10,sp500,krwusd,0.007285163225772011,-0.007285163225772011
2024-12-11,10,sp500,eurusd,0.0,0.0
2024-12-11,10,sp500,vix,0.13615980411950518,0.04861632456794793
2024-12-11,10,sp500,us2y,0.08273123079703001,0.030354236860495317
2024-12-11,10,sp500,us10y,0.030058437226090105,0.022056489346506784
2024-12-11,10,sp500,wti,0.15106860207838896,-0.05143991026289112
2024-12-11,10,sp500,brent,0.07441864434663203,-0.028175856264558857
2024-12-11,10,sp500,henry_hub,0.0,0.0
2024-12-11,10,vix,audusd,0.03630267104345748,-0.03595924489297115
2024-12-11,10,vix,brlusd,0.0,0.0
2024-12-11,10,vix,cnyusd,0.01031298221511371,-0.01031298221511371
2024-12-11,10,vix,krwusd,0.06516354868879377,-0.06516354868879377
2024-12-11,10,vix,eurusd,0.028144801701913552,-0.028144801701913552
2024-12-11,10,vix,sp500,0.0,0.0
2024-12-11,10,vix,us2y,0.0,0.0
2024-12-11,10,vix,us10y,0.0,0.0
2024-12-11,10,vix,wti,0.0,0.0
2024-12-11,10,vix,brent,0.0,0.0
2024-12-11,10,vix,henry_hub,0.009519028715525525,0.009519028715525525
2024-12-11,10,us2y,audusd,0.0,0.0
2024-12-11,10,us2y,brlusd,0.010402135063399463,-0.010402135063399463
2024-12-11,10,us2y,cnyusd,0.0,0.0
2024-12-11,10,us2y,krwusd,0.017178523042168596,-0.010147660306058261
2024-12-11,10,us2y,eurusd,0.005304367729538125,-0.0042214452971390155
2024-12-11,10,us2y,sp500,0.0,0.0
2024-12-11,10,us2y,vix,0.0,0.0
2024-12-11,10,us2y,us10y,0.0,0.0
2024-12-11,10,us2y,wti,0.04641371063438546,-0.018916647578809485
2024-12-11,10,us2y,brent,0.0039081055547035,-0.0039081055547035
2024-12-11,10,us2y,henry_hub,0.0,0.0
2024-12-11,10,us10y,audusd,0.059244862900268314,-0.02643621115455771
2024-12-11,10,us10y,brlusd,0.021968026575156542,-0.011562656078015082
2024-12-11,10,us10y,cnyusd,0.030159878151785814,-0.012901961519130865
2024-12-11,10,us10y,krwusd,0.01955844223324514,-0.01955844223324514
2024-12-11,10,us10y,eurusd,0.037966226197705975,-0.023926630034456144
2024-12-11,10,us10y,sp500,0.12019166354703753,-0.049683039312015294
2024-12-11,10,us10y,vix,0.0984568968695896,0.03780164831083364
2024-12-11,10,us10y,us2y,0.0,0.0
2024-12-11,10,us10y,wti,0.0007401849232969752,-0.0007401849232969752
2024-12-11,10,us10y,brent,0.0065120443267925885,-0.0065120443267925885
2024-12-11,10,us10y,henry_hub,0.0,0.0
2024-12-11,10,wti,audusd,0.0,0.0
2024-12-11,10,wti,brlusd,0.0005585995146546528,-0.0005585995146546528
2024-12-11,10,wti,cnyusd,0.0,0.0
2024-12-11,10,wti,krwusd,0.0,0.0
2024-12-11,10,wti,eurusd,0.0,0.0
2024-12-11,10,wti,sp500,0.0,0.0
2024-12-11,10,wti,vix,0.017269423790064117,0.008893769691197656
2024-12-11,10,wti,us2y,0.0,0.0
2024-12-11,10,wti,us10y,0.0,0.0
2024-12-11,10,wti,brent,0.17005598262846816,0.16971028678844824
2024-12-11,10,wti,henry_hub,0.0,0.0
2024-12-11,10,brent,audusd,0.0,0.0
2024-12-11,10,brent,brlusd,0.0,0.0
2024-12-11,10,brent,cnyusd,0.008223035199956702,-0.008223035199956702
2024-12-11,10,brent,krwusd,0.024539186511782506,-0.019021035079753612
2024-12-11,10,brent,eurusd,0.0,0.0
2024-12-11,10,brent,sp500,0.006976529179111662,-0.006976529179111662
2024-12-11,10,brent,vix,0.02920492458849161,0.026540502292025914
2024-12-11,10,brent,us2y,0.0,0.0
2024-12-11,10,brent,us10y,0.0,0.0
2024-12-11,10,brent,wti,0.0,0.0
2024-12-11,10,brent,henry_hub,0.0,0.0
2024-12-11,10,henry_hub,audusd,0.000281541052088616,0.000281541052088616
2024-12-11,10,henry_hub,brlusd,0.0,0.0
2024-12-11,10,henry_hub,cnyusd,0.0,0.0
2024-12-11,10,henry_hub,krwusd,0.0,0.0
2024-12-11,10,henry_hub,eurusd,0.0,0.0
2024-12-11,10,henry_hub,sp500,0.00214925910938752,-0.00214925910938752
2024-12-11,10,henry_hub,vix,0.016096947773925417,0.008079419540756458
2024-12-11,10,henry_hub,us2y,0.0,0.0
2024-12-11,10,henry_hub,us10y,0.0,0.0
2024-12-11,10,henry_hub,wti,0.0,0.0
2024-12-11,10,henry_hub,brent,0.0,0.0
2024-12-11,10,pw_bab_el_mandeb_strait_capacity_z,audusd,0.0,0.0
2024-12-11,10,pw_bab_el_mandeb_strait_capacity_z,brlusd,0.0,0.0
2024-12-11,10,pw_bab_el_mandeb_strait_capacity_z,cnyusd,0.0,0.0
2024-12-11,10,pw_bab_el_mandeb_strait_capacity_z,krwusd,0.0,0.0
2024-12-11,10,pw_bab_el_mandeb_strait_capacity_z,eurusd,0.0,0.0
2024-12-11,10,pw_bab_el_mandeb_strait_capacity_z,sp500,0.0018731502095586207,-0.0018731502095586207
2024-12-11,10,pw_bab_el_mandeb_strait_capacity_z,vix,0.005787332441442704,0.005787332441442704
2024-12-11,10,pw_bab_el_mandeb_strait_capacity_z,us2y,0.07432033861334919,0.038961325898928
2024-12-11,10,pw_bab_el_mandeb_strait_capacity_z,us10y,0.0,0.0
2024-12-11,10,pw_bab_el_mandeb_strait_capacity_z,wti,0.0,0.0
2024-12-11,10,pw_bab_el_mandeb_strait_capacity_z,brent,0.0,0.0
2024-12-11,10,pw_bab_el_mandeb_strait_capacity_z,henry_hub,0.17980721158887827,-0.17980721158887827
2024-12-11,10,pw_bab_el_mandeb_strait_n_total_z,audusd,0.0,0.0
2024-12-11,10,pw_bab_el_mandeb_strait_n_total_z,brlusd,0.0,0.0
2024-12-11,10,pw_bab_el_mandeb_strait_n_total_z,cnyusd,0.0,0.0
2024-12-11,10,pw_bab_el_mandeb_strait_n_total_z,krwusd,0.0,0.0
2024-12-11,10,pw_bab_el_mandeb_strait_n_total_z,eurusd,0.0829299768936746,0.0829299768936746
2024-12-11,10,pw_bab_el_mandeb_strait_n_total_z,sp500,0.0,0.0
2024-12-11,10,pw_bab_el_mandeb_strait_n_total_z,vix,0.0,0.0
2024-12-11,10,pw_bab_el_mandeb_strait_n_total_z,us2y,0.0,0.0
2024-12-11,10,pw_bab_el_mandeb_strait_n_total_z,us10y,0.007276892961886662,-0.007276892961886662
2024-12-11,10,pw_bab_el_mandeb_strait_n_total_z,wti,0.0,0.0
2024-12-11,10,pw_bab_el_mandeb_strait_n_total_z,brent,0.0,0.0
2024-12-11,10,pw_bab_el_mandeb_strait_n_total_z,henry_hub,0.007556807686179067,0.007556807686179067
2024-12-11,10,pw_cape_of_good_hope_capacity_z,audusd,0.0,0.0
2024-12-11,10,pw_cape_of_good_hope_capacity_z,brlusd,0.0821181307043375,-0.04153473031825645
2024-12-11,10,pw_cape_of_good_hope_capacity_z,cnyusd,0.18043283852673261,-0.0825107858447834
2024-12-11,10,pw_cape_of_good_hope_capacity_z,krwusd,0.0,0.0
2024-12-11,10,pw_cape_of_good_hope_capacity_z,eurusd,0.034125634569001556,0.03227542187541436
2024-12-11,10,pw_cape_of_good_hope_capacity_z,sp500,0.0006051283146135271,0.0006051283146135271
2024-12-11,10,pw_cape_of_good_hope_capacity_z,vix,0.0,0.0
2024-12-11,10,pw_cape_of_good_hope_capacity_z,us2y,0.019356769967861523,0.019356769967861523
2024-12-11,10,pw_cape_of_good_hope_capacity_z,us10y,0.029509296712817247,0.023894635947409586
2024-12-11,10,pw_cape_of_good_hope_capacity_z,wti,0.02114937759886127,-0.02114937759886127
2024-12-11,10,pw_cape_of_good_hope_capacity_z,brent,0.1174344818707375,0.09080197523189745
2024-12-11,10,pw_cape_of_good_hope_capacity_z,henry_hub,0.19175819393725307,-0.0590017009087284
2024-12-11,10,pw_cape_of_good_hope_n_total_z,audusd,0.0,0.0
2024-12-11,10,pw_cape_of_good_hope_n_total_z,brlusd,0.01098191059634104,0.01098191059634104
2024-12-11,10,pw_cape_of_good_hope_n_total_z,cnyusd,0.0,0.0
2024-12-11,10,pw_cape_of_good_hope_n_total_z,krwusd,0.0,0.0
2024-12-11,10,pw_cape_of_good_hope_n_total_z,eurusd,0.009760409505966591,0.009760409505966591
2024-12-11,10,pw_cape_of_good_hope_n_total_z,sp500,0.04588586344539696,0.017543092028227764
2024-12-11,10,pw_cape_of_good_hope_n_total_z,vix,0.020098224378716594,-0.009461148449810301
2024-12-11,10,pw_cape_of_good_hope_n_total_z,us2y,0.046777532794732214,0.046777532794732214
2024-12-11,10,pw_cape_of_good_hope_n_total_z,us10y,0.014232217724942792,-0.014232217724942792
2024-12-11,10,pw_cape_of_good_hope_n_total_z,wti,0.0012466565775234805,-0.0012466565775234805
2024-12-11,10,pw_cape_of_good_hope_n_total_z,brent,0.053529485854319665,-0.04505975229336102
2024-12-11,10,pw_cape_of_good_hope_n_total_z,henry_hub,0.25665075644988977,0.08720204094869789
2024-12-11,10,pw_malacca_strait_capacity_z,audusd,0.0,0.0
2024-12-11,10,pw_malacca_strait_capacity_z,brlusd,0.012185724286329639,0.012185724286329639
2024-12-11,10,pw_malacca_strait_capacity_z,cnyusd,0.0,0.0
2024-12-11,10,pw_malacca_strait_capacity_z,krwusd,0.06792644650216705,0.05089085681163134
2024-12-11,10,pw_malacca_strait_capacity_z,eurusd,0.0,0.0
2024-12-11,10,pw_malacca_strait_capacity_z,sp500,0.0,0.0
2024-12-11,10,pw_malacca_strait_capacity_z,vix,0.0,0.0
2024-12-11,10,pw_malacca_strait_capacity_z,us2y,0.07323743718831636,0.06799195241307765
2024-12-11,10,pw_malacca_strait_capacity_z,us10y,0.0,0.0
2024-12-11,10,pw_malacca_strait_capacity_z,wti,0.0,0.0
2024-12-11,10,pw_malacca_strait_capacity_z,brent,0.00998538810695431,-0.00998538810695431
2024-12-11,10,pw_malacca_strait_capacity_z,henry_hub,0.0,0.0
2024-12-11,10,pw_malacca_strait_n_total_z,audusd,0.06028006558269341,-0.05272801244310186
2024-12-11,10,pw_malacca_strait_n_total_z,brlusd,0.027454546935340576,0.027454546935340576
2024-12-11,10,pw_malacca_strait_n_total_z,cnyusd,0.15188106895614625,-0.11234913587823592
2024-12-11,10,pw_malacca_strait_n_total_z,krwusd,0.1145963372304111,-0.05816737490624192
2024-12-11,10,pw_malacca_strait_n_total_z,eurusd,0.15592762333511406,-0.06557089583685789
2024-12-11,10,pw_malacca_strait_n_total_z,sp500,0.1046084159253556,-0.049595196102474155
2024-12-11,10,pw_malacca_strait_n_total_z,vix,0.0,0.0
2024-12-11,10,pw_malacca_strait_n_total_z,us2y,0.07706222133929913,0.07706222133929913
2024-12-11,10,pw_malacca_strait_n_total_z,us10y,0.05642489496592684,0.05642489496592684
2024-12-11,10,pw_malacca_strait_n_total_z,wti,0.0,0.0
2024-12-11,10,pw_malacca_strait_n_total_z,brent,0.050743693009958526,-0.037496655979647936
2024-12-11,10,pw_malacca_strait_n_total_z,henry_hub,0.06626646806546119,0.03321862952427565
2024-12-11,10,pw_panama_canal_capacity_z,audusd,0.041510467777573494,-0.041510467777573494
2024-12-11,10,pw_panama_canal_capacity_z,brlusd,0.019622652648038103,-0.019622652648038103
2024-12-11,10,pw_panama_canal_capacity_z,cnyusd,0.02656593297894537,-0.02656593297894537
2024-12-11,10,pw_panama_canal_capacity_z,krwusd,0.09769033242052064,-0.09769033242052064
2024-12-11,10,pw_panama_canal_capacity_z,eurusd,0.0,0.0
2024-12-11,10,pw_panama_canal_capacity_z,sp500,0.028844816977354228,0.028844816977354228
2024-12-11,10,pw_panama_canal_capacity_z,vix,0.08249784310896018,-0.08249784310896018
2024-12-11,10,pw_panama_canal_capacity_z,us2y,0.0,0.0
2024-12-11,10,pw_panama_canal_capacity_z,us10y,0.04500889547953669,0.04500889547953669
2024-12-11,10,pw_panama_canal_capacity_z,wti,0.0,0.0
2024-12-11,10,pw_panama_canal_capacity_z,brent,0.0,0.0
2024-12-11,10,pw_panama_canal_capacity_z,henry_hub,0.0,0.0
2024-12-11,10,pw_panama_canal_n_total_z,audusd,0.07056344510939638,-0.03793832850355518
2024-12-11,10,pw_panama_canal_n_total_z,brlusd,0.0,0.0
2024-12-11,10,pw_panama_canal_n_total_z,cnyusd,0.003611713473133781,-0.003611713473133781
2024-12-11,10,pw_panama_canal_n_total_z,krwusd,0.0,0.0
2024-12-11,10,pw_panama_canal_n_total_z,eurusd,0.037610922118323495,-0.019496406080138938
2024-12-11,10,pw_panama_canal_n_total_z,sp500,0.0,0.0
2024-12-11,10,pw_panama_canal_n_total_z,vix,0.0,0.0
2024-12-11,10,pw_panama_canal_n_total_z,us2y,0.03391468712944425,0.03391468712944425
2024-12-11,10,pw_panama_canal_n_total_z,us10y,0.0,0.0
2024-12-11,10,pw_panama_canal_n_total_z,wti,0.037244009423849554,-0.037244009423849554
2024-12-11,10,pw_panama_canal_n_total_z,brent,0.0,0.0
2024-12-11,10,pw_panama_canal_n_total_z,henry_hub,0.0,0.0
2024-12-11,10,pw_strait_of_hormuz_capacity_z,audusd,0.09359410246626808,0.06980286470901262
2024-12-11,10,pw_strait_of_hormuz_capacity_z,brlusd,0.0,0.0
2024-12-11,10,pw_strait_of_hormuz_capacity_z,cnyusd,0.0,0.0
2024-12-11,10,pw_strait_of_hormuz_capacity_z,krwusd,0.0,0.0
2024-12-11,10,pw_strait_of_hormuz_capacity_z,eurusd,0.0,0.0
2024-12-11,10,pw_strait_of_hormuz_capacity_z,sp500,0.005925074331288298,0.005925074331288298
2024-12-11,10,pw_strait_of_hormuz_capacity_z,vix,0.0,0.0
2024-12-11,10,pw_strait_of_hormuz_capacity_z,us2y,0.06184398040964843,0.03000314286341919
2024-12-11,10,pw_strait_of_hormuz_capacity_z,us10y,0.058364606162293525,0.058364606162293525
2024-12-11,10,pw_strait_of_hormuz_capacity_z,wti,0.16062316624590212,0.11160607071353654
2024-12-11,10,pw_strait_of_hormuz_capacity_z,brent,0.19091447254835067,0.14333077330302962
2024-12-11,10,pw_strait_of_hormuz_capacity_z,henry_hub,0.019525436488651984,0.019525436488651984
2024-12-11,10,pw_strait_of_hormuz_n_total_z,audusd,0.08000171100404187,0.04174836726959669
2024-12-11,10,pw_strait_of_hormuz_n_total_z,brlusd,0.02238438433753647,0.016578319074887042
2024-12-11,10,pw_strait_of_hormuz_n_total_z,cnyusd,0.009377807635748133,0.009377807635748133
2024-12-11,10,pw_strait_of_hormuz_n_total_z,krwusd,0.04672554825788805,0.04672554825788805
2024-12-11,10,pw_strait_of_hormuz_n_total_z,eurusd,0.013366186369126794,0.013366186369126794
2024-12-11,10,pw_strait_of_hormuz_n_total_z,sp500,0.0,0.0
2024-12-11,10,pw_strait_of_hormuz_n_total_z,vix,0.0,0.0
2024-12-11,10,pw_strait_of_hormuz_n_total_z,us2y,0.014430298499858558,0.014430298499858558
2024-12-11,10,pw_strait_of_hormuz_n_total_z,us10y,0.06642631584387718,0.06642631584387718
2024-12-11,10,pw_strait_of_hormuz_n_total_z,wti,0.0,0.0
2024-12-11,10,pw_strait_of_hormuz_n_total_z,brent,0.0,0.0
2024-12-11,10,pw_strait_of_hormuz_n_total_z,henry_hub,0.0,0.0
2024-12-11,10,pw_suez_canal_capacity_z,audusd,0.0,0.0
2024-12-11,10,pw_suez_canal_capacity_z,brlusd,0.0164793351729405,0.0164793351729405
2024-12-11,10,pw_suez_canal_capacity_z,cnyusd,0.17776028770868893,-0.11042830478907857
2024-12-11,10,pw_suez_canal_capacity_z,krwusd,0.0,0.0
2024-12-11,10,pw_suez_canal_capacity_z,eurusd,0.05573086478714108,-0.04365564565508638
2024-12-11,10,pw_suez_canal_capacity_z,sp500,0.02676516180635453,-0.02676516180635453
2024-12-11,10,pw_suez_canal_capacity_z,vix,0.028338727213762568,0.028338727213762568
2024-12-11,10,pw_suez_canal_capacity_z,us2y,0.0,0.0
2024-12-11,10,pw_suez_canal_capacity_z,us10y,0.008234844414328103,0.008234844414328103
2024-12-11,10,pw_suez_canal_capacity_z,wti,0.011379653866972216,0.008030561746787354
2024-12-11,10,pw_suez_canal_capacity_z,brent,0.0,0.0
2024-12-11,10,pw_suez_canal_capacity_z,henry_hub,0.0,0.0
2024-12-11,10,pw_suez_canal_n_total_z,audusd,0.0,0.0
2024-12-11,10,pw_suez_canal_n_total_z,brlusd,0.0,0.0
2024-12-11,10,pw_suez_canal_n_total_z,cnyusd,0.0,0.0
2024-12-11,10,pw_suez_canal_n_total_z,krwusd,0.0,0.0
2024-12-11,10,pw_suez_canal_n_total_z,eurusd,0.0,0.0
2024-12-11,10,pw_suez_canal_n_total_z,sp500,0.0,0.0
2024-12-11,10,pw_suez_canal_n_total_z,vix,0.0,0.0
2024-12-11,10,pw_suez_canal_n_total_z,us2y,0.0,0.0
2024-12-11,10,pw_suez_canal_n_total_z,us10y,0.009914887397188453,-0.009914887397188453
2024-12-11,10,pw_suez_canal_n_total_z,wti,0.011172940150860755,0.011172940150860755
2024-12-11,10,pw_suez_canal_n_total_z,brent,0.08373949333234962,0.027274823440401847
2024-12-11,10,pw_suez_canal_n_total_z,henry_hub,0.1863665224192455,0.055778954063956214
2025-01-17,10,audusd,brlusd,0.0,0.0
2025-01-17,10,audusd,cnyusd,0.0015249735063765472,0.0015249735063765472
2025-01-17,10,audusd,krwusd,0.015081504052830569,-0.011462337410462336
2025-01-17,10,audusd,eurusd,0.0,0.0
2025-01-17,10,audusd,sp500,0.0,0.0
2025-01-17,10,audusd,vix,0.0,0.0
2025-01-17,10,audusd,us2y,0.0,0.0
2025-01-17,10,audusd,us10y,0.0,0.0
2025-01-17,10,audusd,wti,0.01861888586577513,-0.013394327346977037
2025-01-17,10,audusd,brent,0.004949404847747734,-0.004949404847747734
2025-01-17,10,audusd,henry_hub,0.0,0.0
2025-01-17,10,brlusd,audusd,0.0003576828405859925,0.0003576828405859925
2025-01-17,10,brlusd,cnyusd,0.02446677955642542,0.015516373062925241
2025-01-17,10,brlusd,krwusd,0.003918630806645061,0.003918630806645061
2025-01-17,10,brlusd,eurusd,0.0,0.0
2025-01-17,10,brlusd,sp500,0.0,0.0
2025-01-17,10,brlusd,vix,0.030032155842431067,0.025339761904384545
2025-01-17,10,brlusd,us2y,0.03412833358156198,0.019900733955574647
2025-01-17,10,brlusd,us10y,0.006547290740574446,0.005539502504925589
2025-01-17,10,brlusd,wti,0.0,0.0
2025-01-17,10,brlusd,brent,0.008852502416260281,-0.0071468329733403125
2025-01-17,10,brlusd,henry_hub,0.0,0.0
2025-01-17,10,cnyusd,audusd,0.0,0.0
2025-01-17,10,cnyusd,brlusd,0.0,0.0
2025-01-17,10,cnyusd,krwusd,0.004952367473444477,-0.004952367473444477
2025-01-17,10,cnyusd,eurusd,0.011582817549662129,-0.007435055435704834
2025-01-17,10,cnyusd,sp500,0.0,0.0
2025-01-17,10,cnyusd,vix,0.0,0.0
2025-01-17,10,cnyusd,us2y,0.02768530662874117,-0.02768530662874117
2025-01-17,10,cnyusd,us10y,0.03921253828177133,0.02375161865037867
2025-01-17,10,cnyusd,wti,0.0,0.0
2025-01-17,10,cnyusd,brent,0.0,0.0
2025-01-17,10,cnyusd,henry_hub,0.006916398076621074,0.00568368454078462
2025-01-17,10,krwusd,audusd,0.04314876512467568,0.02131835830654278
2025-01-17,10,krwusd,brlusd,0.0,0.0
2025-01-17,10,krwusd,cnyusd,0.10789945461096832,0.03454400887675453
2025-01-17,10,krwusd,eurusd,0.0,0.0
2025-01-17,10,krwusd,sp500,0.0031904152877764613,0.002313571898492266
2025-01-17,10,krwusd,vix,0.0,0.0
2025-01-17,10,krwusd,us2y,0.0,0.0
2025-01-17,10,krwusd,us10y,0.04636866798807959,-0.024413388267695044
2025-01-17,10,krwusd,wti,0.0,0.0
2025-01-17,10,krwusd,brent,0.0,0.0
2025-01-17,10,krwusd,henry_hub,0.0,0.0
2025-01-17,10,eurusd,audusd,0.0,0.0
2025-01-17,10,eurusd,brlusd,0.0,0.0
2025-01-17,10,eurusd,cnyusd,0.03693325651347054,0.024394769878600682
2025-01-17,10,eurusd,krwusd,0.05471060759366692,0.05471060759366692
2025-01-17,10,eurusd,sp500,0.0,0.0
2025-01-17,10,eurusd,vix,0.005884195465163324,0.005884195465163324
2025-01-17,10,eurusd,us2y,0.0,0.0
2025-01-17,10,eurusd,us10y,0.0,0.0
2025-01-17,10,eurusd,wti,0.0,0.0
2025-01-17,10,eurusd,brent,0.0,0.0
2025-01-17,10,eurusd,henry_hub,0.0,0.0
2025-01-17,10,sp500,audusd,0.026904112214586308,0.026904112214586308
2025-01-17,10,sp500,brlusd,0.03318644895453623,0.03318644895453623
2025-01-17,10,sp500,cnyusd,0.03380719909422717,0.028926406482276564
2025-01-17,10,sp500,krwusd,0.00748529714864176,-0.00748529714864176
2025-01-17,10,sp500,eurusd,0.0,0.0
2025-01-17,10,sp500,vix,0.12815128415337837,0.04617927913681071
2025-01-17,10,sp500,us2y,0.07931871915357115,0.029172444074901733
2025-01-17,10,sp500,us10y,0.025817630893573112,0.017140213356538394
2025-01-17,10,sp500,wti,0.16121122904505839,-0.05311367268807
2025-01-17,10,sp500,brent,0.0831086692159741,-0.030220547137727944
2025-01-17,10,sp500,henry_hub,0.0,0.0
2025-01-17,10,vix,audusd,0.04014158896175895,-0.04014158896175895
2025-01-17,10,vix,brlusd,0.0,0.0
2025-01-17,10,vix,cnyusd,0.007623854127522075,-0.007623854127522075
2025-01-17,10,vix,krwusd,0.06837473938861853,-0.06837473938861853
2025-01-17,10,vix,eurusd,0.03222189538137643,-0.03222189538137643
2025-01-17,10,vix,sp500,0.0,0.0
2025-01-17,10,vix,us2y,0.0,0.0
2025-01-17,10,vix,us10y,0.0,0.0
2025-01-17,10,vix,wti,0.0,0.0
2025-01-17,10,vix,brent,0.0,0.0
2025-01-17,10,vix,henry_hub,0.015983801768260808,0.015983801768260808
2025-01-17,10,us2y,audusd,0.0,0.0
2025-01-17,10,us2y,brlusd,0.010702940622047028,-0.010702940622047028
2025-01-17,10,us2y,cnyusd,0.0,0.0
2025-01-17,10,us2y,krwusd,0.016380915030419798,-0.012276814893974069
2025-01-17,10,us2y,eurusd,0.005545900732915677,-0.002916488700244136
2025-01-17,10,us2y,sp500,0.0,0.0
2025-01-17,10,us2y,vix,0.0,0.0
2025-01-17,10,us2y,us10y,0.0,0.0
2025-01-17,10,us2y,wti,0.04340610541135696,-0.018747467729854913
2025-01-17,10,us2y,brent,0.0021712045123918567,-0.0021712045123918567
2025-01-17,10,us2y,henry_hub,0.0,0.0
2025-01-17,10,us10y,audusd,0.04512136621680206,-0.02107226858405747
2025-01-17,10,us10y,brlusd,0.020884244507096073,-0.011670486909429446
2025-01-17,10,us10y,cnyusd,0.03422981780935503,-0.013206596766069714
2025-01-17,10,us10y,krwusd,0.016962554364831406,-0.016962554364831406
2025-01-17,10,us10y,eurusd,0.03666367203652989,-0.023413882724929738
2025-01-17,10,us10y,sp500,0.11401434841685841,-0.049080063168337414
2025-01-17,10,us10y,vix,0.06711906897117355,0.03239608531240118
2025-01-17,10,us10y,us2y,0.0,0.0
2025-01-17,10,us10y,wti,0.0,0.0
2025-01-17,10,us10y,brent,0.004455540680511583,-0.004455540680511583
2025-01-17,10,us10y,henry_hub,0.0,0.0
2025-01-17,10,wti,audusd,0.0,0.0
2025-01-17,10,wti,brlusd,0.0,0.0
2025-01-17,10,wti,cnyusd,0.0,0.0
2025-01-17,10,wti,krwusd,0.0,0.0
2025-01-17,10,wti,eurusd,0.0,0.0
2025-01-17,10,wti,sp500,0.0,0.0
2025-01-17,10,wti,vix,0.016018465170049807,0.008440530129113498
2025-01-17,10,wti,us2y,0.0,0.0
2025-01-17,10,wti,us10y,0.0,0.0
2025-01-17,10,wti,brent,0.17123851275227278,0.17035068807780152
2025-01-17,10,wti,henry_hub,0.0,0.0
2025-01-17,10,brent,audusd,0.0,0.0
2025-01-17,10,brent,brlusd,0.0,0.0
2025-01-17,10,brent,cnyusd,0.006219238682191976,-0.006219238682191976
2025-01-17,10,brent,krwusd,0.020219241781229354,-0.01758975042491257
2025-01-17,10,brent,eurusd,0.0,0.0
2025-01-17,10,brent,sp500,0.006158163937697495,-0.006158163937697495
2025-01-17,10,brent,vix,0.025816752900265402,0.025627644968666232
2025-01-17,10,brent,us2y,0.0,0.0
2025-01-17,10,brent,us10y,0.0,0.0
2025-01-17,10,brent,wti,0.0,0.0
2025-01-17,10,brent,henry_hub,0.0,0.0
2025-01-17,10,henry_hub,audusd,0.00025173843138347955,0.00025173843138347955
2025-01-17,10,henry_hub,brlusd,0.0,0.0
2025-01-17,10,henry_hub,cnyusd,0.0,0.0
2025-01-17,10,henry_hub,krwusd,0.0,0.0
2025-01-17,10,henry_hub,eurusd,0.0,0.0
2025-01-17,10,henry_hub,sp500,0.003531120062593818,-0.0021423541627519594
2025-01-17,10,henry_hub,vix,0.01975694296035202,0.01190239170354528
2025-01-17,10,henry_hub,us2y,0.0,0.0
2025-01-17,10,henry_hub,us10y,0.0,0.0
2025-01-17,10,henry_hub,wti,0.0,0.0
2025-01-17,10,henry_hub,brent,0.0,0.0
2025-01-17,10,pw_bab_el_mandeb_strait_capacity_z,audusd,0.0,0.0
2025-01-17,10,pw_bab_el_mandeb_strait_capacity_z,brlusd,0.0,0.0
2025-01-17,10,pw_bab_el_mandeb_strait_capacity_z,cnyusd,0.0,0.0
2025-01-17,10,pw_bab_el_mandeb_strait_capacity_z,krwusd,0.0,0.0
2025-01-17,10,pw_bab_el_mandeb_strait_capacity_z,eurusd,0.0,0.0
2025-01-17,10,pw_bab_el_mandeb_strait_capacity_z,sp500,0.0033303169576641574,-0.0033303169576641574
2025-01-17,10,pw_bab_el_mandeb_strait_capacity_z,vix,0.011789518287220255,0.011789518287220255
2025-01-17,10,pw_bab_el_mandeb_strait_capacity_z,us2y,0.073403519645988,0.03710971050400485
2025-01-17,10,pw_bab_el_mandeb_strait_capacity_z,us10y,0.0,0.0
2025-01-17,10,pw_bab_el_mandeb_strait_capacity_z,wti,0.0,0.0
2025-01-17,10,pw_bab_el_mandeb_strait_capacity_z,brent,0.0,0.0
2025-01-17,10,pw_bab_el_mandeb_strait_capacity_z,henry_hub,0.18169998237771384,-0.18169998237771384
2025-01-17,10,pw_bab_el_mandeb_strait_n_total_z,audusd,0.004226852018255322,0.004226852018255322
2025-01-17,10,pw_bab_el_mandeb_strait_n_total_z,brlusd,0.0,0.0
2025-01-17,10,pw_bab_el_mandeb_strait_n_total_z,cnyusd,0.0,0.0
2025-01-17,10,pw_bab_el_mandeb_strait_n_total_z,krwusd,0.0,0.0
2025-01-17,10,pw_bab_el_mandeb_strait_n_total_z,eurusd,0.0814267979412253,0.0814267979412253
2025-01-17,10,pw_bab_el_mandeb_strait_n_total_z,sp500,0.0,0.0
2025-01-17,10,pw_bab_el_mandeb_strait_n_total_z,vix,0.0,0.0
2025-01-17,10,pw_bab_el_mandeb_strait_n_total_z,us2y,0.0,0.0
2025-01-17,10,pw_bab_el_mandeb_strait_n_total_z,us10y,0.0034856557762798107,-0.0034856557762798107
2025-01-17,10,pw_bab_el_mandeb_strait_n_total_z,wti,0.0,0.0
2025-01-17,10,pw_bab_el_mandeb_strait_n_total_z,brent,0.0,0.0
2025-01-17,10,pw_bab_el_mandeb_strait_n_total_z,henry_hub,0.006491591424557708,0.006491591424557708
2025-01-17,10,pw_cape_of_good_hope_capacity_z,audusd,0.0,0.0
2025-01-17,10,pw_cape_of_good_hope_capacity_z,brlusd,0.07832306959507494,-0.03849058879901356
2025-01-17,10,pw_cape_of_good_hope_capacity_z,cnyusd,0.179199640480582,-0.08152117857724368
2025-01-17,10,pw_cape_of_good_hope_capacity_z,krwusd,0.0,0.0
2025-01-17,10,pw_cape_of_good_hope_capacity_z,eurusd,0.029700192744750144,0.029700192744750144
2025-01-17,10,pw_cape_of_good_hope_capacity_z,sp500,0.0,0.0
2025-01-17,10,pw_cape_of_good_hope_capacity_z,vix,0.0,0.0
2025-01-17,10,pw_cape_of_good_hope_capacity_z,us2y,0.02155186909254933,0.02155186909254933
2025-01-17,10,pw_cape_of_good_hope_capacity_z,us10y,0.028809742556727476,0.028809742556727476
2025-01-17,10,pw_cape_of_good_hope_capacity_z,wti,0.01148572862332613,-0.01148572862332613
2025-01-17,10,pw_cape_of_good_hope_capacity_z,brent,0.12141031557981333,0.08960055587576285
2025-01-17,10,pw_cape_of_good_hope_capacity_z,henry_hub,0.17854058305881806,-0.05340923957734332
2025-01-17,10,pw_cape_of_good_hope_n_total_z,audusd,0.0,0.0
2025-01-17,10,pw_cape_of_good_hope_n_total_z,brlusd,0.010604274317639634,0.010604274317639634
2025-01-17,10,pw_cape_of_good_hope_n_total_z,cnyusd,0.0,0.0
2025-01-17,10,pw_cape_of_good_hope_n_total_z,krwusd,0.0,0.0
2025-01-17,10,pw_cape_of_good_hope_n_total_z,eurusd,0.018081355988671076,0.013188434548675302
2025-01-17,10,pw_cape_of_good_hope_n_total_z,sp500,0.048875296762991946,0.02019162384598788
2025-01-17,10,pw_cape_of_good_hope_n_total_z,vix,0.021936999449190715,-0.013383739291971746
2025-01-17,10,pw_cape_of_good_hope_n_total_z,us2y,0.045489765721379215,0.045489765721379215
2025-01-17,10,pw_cape_of_good_hope_n_total_z,us10y,0.020406401181363432,-0.020406401181363432
2025-01-17,10,pw_cape_of_good_hope_n_total_z,wti,0.010439264856815974,-0.010439264856815974
2025-01-17,10,pw_cape_of_good_hope_n_total_z,brent,0.05880502376915478,-0.04827290517172755
2025-01-17,10,pw_cape_of_good_hope_n_total_z,henry_hub,0.23947754185575834,0.07918909834246178
2025-01-17,10,pw_malacca_strait_capacity_z,audusd,0.0,0.0
2025-01-17,10,pw_malacca_strait_capacity_z,brlusd,0.01851607143419771,0.01851607143419771
2025-01-17,10,pw_malacca_strait_capacity_z,cnyusd,0.0,0.0
2025-01-17,10,pw_malacca_strait_capacity_z,krwusd,0.0772672101796202,0.05376774725911778
2025-01-17,10,pw_malacca_strait_capacity_z,eurusd,0.0,0.0
2025-01-17,10,pw_malacca_strait_capacity_z,sp500,0.0,0.0
2025-01-17,10,pw_malacca_strait_capacity_z,vix,0.0,0.0
2025-01-17,10,pw_malacca_strait_capacity_z,us2y,0.06872657151565419,0.06295260100302125
2025-01-17,10,pw_malacca_strait_capacity_z,us10y,0.0,0.0
2025-01-17,10,pw_malacca_strait_capacity_z,wti,0.0,0.0
2025-01-17,10,pw_malacca_strait_capacity_z,brent,0.004391548704497874,-0.004391548704497874
2025-01-17,10,pw_malacca_strait_capacity_z,henry_hub,0.0,0.0
2025-01-17,10,pw_malacca_strait_n_total_z,audusd,0.05114034586404895,-0.05114034586404895
2025-01-17,10,pw_malacca_strait_n_total_z,brlusd,0.02310717170394677,0.02310717170394677
2025-01-17,10,pw_malacca_strait_n_total_z,cnyusd,0.1405851945676789,-0.09376591270456434
2025-01-17,10,pw_malacca_strait_n_total_z,krwusd,0.10939329353847209,-0.07030700992851821
2025-01-17,10,pw_malacca_strait_n_total_z,eurusd,0.15217583360296671,-0.05261745123868302
2025-01-17,10,pw_malacca_strait_n_total_z,sp500,0.10363104925437938,-0.056353176246002605
2025-01-17,10,pw_malacca_strait_n_total_z,vix,0.0,0.0
2025-01-17,10,pw_malacca_strait_n_total_z,us2y,0.08102936469910954,0.08102936469910954
2025-01-17,10,pw_malacca_strait_n_total_z,us10y,0.052911794412954946,0.052911794412954946
2025-01-17,10,pw_malacca_strait_n_total_z,wti,0.0,0.0
2025-01-17,10,pw_malacca_strait_n_total_z,brent,0.05020190982870604,-0.026437564623992476
2025-01-17,10,pw_malacca_strait_n_total_z,henry_hub,0.0636737940359781,0.03591264942352249
2025-01-17,10,pw_panama_canal_capacity_z,audusd,0.051328672608252926,-0.051328672608252926
2025-01-17,10,pw_panama_canal_capacity_z,brlusd,0.02668378891507653,-0.02668378891507653
2025-01-17,10,pw_panama_canal_capacity_z,cnyusd,0.029519586913605293,-0.029519586913605293
2025-01-17,10,pw_panama_canal_capacity_z,krwusd,0.11442547333297087,-0.11442547333297087
2025-01-17,10,pw_panama_canal_capacity_z,eurusd,0.0023845297442994123,-0.0023845297442994123
2025-01-17,10,pw_panama_canal_capacity_z,sp500,0.016406541878459104,0.016406541878459104
2025-01-17,10,pw_panama_canal_capacity_z,vix,0.07132520722461787,-0.07132520722461787
2025-01-17,10,pw_panama_canal_capacity_z,us2y,0.0,0.0
2025-01-17,10,pw_panama_canal_capacity_z,us10y,0.07631328526336661,0.07631328526336661
2025-01-17,10,pw_panama_canal_capacity_z,wti,0.0,0.0
2025-01-17,10,pw_panama_canal_capacity_z,brent,0.0,0.0
2025-01-17,10,pw_panama_canal_capacity_z,henry_hub,0.0,0.0
2025-01-17,10,pw_panama_canal_n_total_z,audusd,0.09378105494710731,-0.05535157466323348
2025-01-17,10,pw_panama_canal_n_total_z,brlusd,0.0,0.0
2025-01-17,10,pw_panama_canal_n_total_z,cnyusd,0.024940134058470856,-0.024940134058470856
2025-01-17,10,pw_panama_canal_n_total_z,krwusd,0.0,0.0
2025-01-17,10,pw_panama_canal_n_total_z,eurusd,0.054223858484013614,-0.03626078981235641
2025-01-17,10,pw_panama_canal_n_total_z,sp500,0.0,0.0
2025-01-17,10,pw_panama_canal_n_total_z,vix,0.0,0.0
2025-01-17,10,pw_panama_canal_n_total_z,us2y,0.0380174951867867,0.0380174951867867
2025-01-17,10,pw_panama_canal_n_total_z,us10y,0.0,0.0
2025-01-17,10,pw_panama_canal_n_total_z,wti,0.020891073254687385,-0.020891073254687385
2025-01-17,10,pw_panama_canal_n_total_z,brent,0.0,0.0
2025-01-17,10,pw_panama_canal_n_total_z,henry_hub,0.023600978156079828,0.023600978156079828
2025-01-17,10,pw_strait_of_hormuz_capacity_z,audusd,0.0831453996903917,0.041620067996539827
2025-01-17,10,pw_strait_of_hormuz_capacity_z,brlusd,0.0,0.0
2025-01-17,10,pw_strait_of_hormuz_capacity_z,cnyusd,0.0,0.0
2025-01-17,10,pw_strait_of_hormuz_capacity_z,krwusd,0.0,0.0
2025-01-17,10,pw_strait_of_hormuz_capacity_z,eurusd,0.0,0.0
2025-01-17,10,pw_strait_of_hormuz_capacity_z,sp500,0.006987981622349649,0.006987981622349649
2025-01-17,10,pw_strait_of_hormuz_capacity_z,vix,0.0,0.0
2025-01-17,10,pw_strait_of_hormuz_capacity_z,us2y,0.06344944465277118,0.03900359089663582
2025-01-17,10,pw_strait_of_hormuz_capacity_z,us10y,0.06438281671451511,0.06438281671451511
2025-01-17,10,pw_strait_of_hormuz_capacity_z,wti,0.1509070515188898,0.10270305955858627
2025-01-17,10,pw_strait_of_hormuz_capacity_z,brent,0.1794345500901096,0.12733365971252572
2025-01-17,10,pw_strait_of_hormuz_capacity_z,henry_hub,0.008581948316319393,0.008581948316319393
2025-01-17,10,pw_strait_of_hormuz_n_total_z,audusd,0.0836604272475048,0.04657771360434746
2025-01-17,10,pw_strait_of_hormuz_n_total_z,brlusd,0.019181387360455045,0.01828852778659737
2025-01-17,10,pw_strait_of_hormuz_n_total_z,cnyusd,0.004730037207774138,0.004730037207774138
2025-01-17,10,pw_strait_of_hormuz_n_total_z,krwusd,0.03170075353081116,0.03170075353081116
2025-01-17,10,pw_strait_of_hormuz_n_total_z,eurusd,0.012142388179011759,0.012142388179011759
2025-01-17,10,pw_strait_of_hormuz_n_total_z,sp500,0.0,0.0
2025-01-17,10,pw_strait_of_hormuz_n_total_z,vix,0.0,0.0
2025-01-17,10,pw_strait_of_hormuz_n_total_z,us2y,0.016774695309521456,0.016774695309521456
2025-01-17,10,pw_strait_of_hormuz_n_total_z,us10y,0.056941506824363025,0.056941506824363025
2025-01-17,10,pw_strait_of_hormuz_n_total_z,wti,0.0,0.0
2025-01-17,10,pw_strait_of_hormuz_n_total_z,brent,0.0,0.0
2025-01-17,10,pw_strait_of_hormuz_n_total_z,henry_hub,0.0,0.0
2025-01-17,10,pw_suez_canal_capacity_z,audusd,0.0,0.0
2025-01-17,10,pw_suez_canal_capacity_z,brlusd,0.02168674238470586,0.02168674238470586
2025-01-17,10,pw_suez_canal_capacity_z,cnyusd,0.16753819200089123,-0.10637636822415529
2025-01-17,10,pw_suez_canal_capacity_z,krwusd,0.0,0.0
2025-01-17,10,pw_suez_canal_capacity_z,eurusd,0.043172047000188035,-0.0368144760154191
2025-01-17,10,pw_suez_canal_capacity_z,sp500,0.019349646483110942,-0.019349646483110942
2025-01-17,10,pw_suez_canal_capacity_z,vix,0.017029716610005543,0.017029716610005543
2025-01-17,10,pw_suez_canal_capacity_z,us2y,0.0,0.0
2025-01-17,10,pw_suez_canal_capacity_z,us10y,0.0,0.0
2025-01-17,10,pw_suez_canal_capacity_z,wti,0.014632379812188545,0.014632379812188545
2025-01-17,10,pw_suez_canal_capacity_z,brent,0.0,0.0
2025-01-17,10,pw_suez_canal_capacity_z,henry_hub,0.0,0.0
2025-01-17,10,pw_suez_canal_n_total_z,audusd,0.0,0.0
2025-01-17,10,pw_suez_canal_n_total_z,brlusd,0.0,0.0
2025-01-17,10,pw_suez_canal_n_total_z,cnyusd,0.0,0.0
2025-01-17,10,pw_suez_canal_n_total_z,krwusd,0.0,0.0
2025-01-17,10,pw_suez_canal_n_total_z,eurusd,0.0,0.0
2025-01-17,10,pw_suez_canal_n_total_z,sp500,0.0,0.0
2025-01-17,10,pw_suez_canal_n_total_z,vix,0.0,0.0
2025-01-17,10,pw_suez_canal_n_total_z,us2y,0.0,0.0
2025-01-17,10,pw_suez_canal_n_total_z,us10y,0.022004746284017346,-0.019769673345359617
2025-01-17,10,pw_suez_canal_n_total_z,wti,0.0014315748982517862,0.0014315748982517862
2025-01-17,10,pw_suez_canal_n_total_z,brent,0.0823988437646869,0.02537074318062464
2025-01-17,10,pw_suez_canal_n_total_z,henry_hub,0.17642673399207465,0.0534315619198548
2025-02-20,10,audusd,brlusd,0.0,0.0
2025-02-20,10,audusd,cnyusd,0.0,0.0
2025-02-20,10,audusd,krwusd,0.02245035913389102,-0.014709394522591384
2025-02-20,10,audusd,eurusd,0.0,0.0
2025-02-20,10,audusd,sp500,0.0,0.0
2025-02-20,10,audusd,vix,0.0,0.0
2025-02-20,10,audusd,us2y,0.0,0.0
2025-02-20,10,audusd,us10y,0.0,0.0
2025-02-20,10,audusd,wti,0.021028815439285933,-0.01494530220430011
2025-02-20,10,audusd,brent,0.004073807861141712,-0.004073807861141712
2025-02-20,10,audusd,henry_hub,0.0,0.0
2025-02-20,10,brlusd,audusd,0.0,0.0
2025-02-20,10,brlusd,cnyusd,0.023120224142552517,0.015577824193256535
2025-02-20,10,brlusd,krwusd,0.00896615981854714,0.00896615981854714
2025-02-20,10,brlusd,eurusd,0.0,0.0
2025-02-20,10,brlusd,sp500,0.0,0.0
2025-02-20,10,brlusd,vix,0.029549262326898675,0.02350123676807047
2025-02-20,10,brlusd,us2y,0.026913784307172277,0.017318656957452275
2025-02-20,10,brlusd,us10y,0.002249262075306852,0.002249262075306852
2025-02-20,10,brlusd,wti,0.0,0.0
2025-02-20,10,brlusd,brent,0.01428838492082763,-0.00923786555118373
2025-02-20,10,brlusd,henry_hub,0.0,0.0
2025-02-20,10,cnyusd,audusd,0.0,0.0
2025-02-20,10,cnyusd,brlusd,0.0,0.0
2025-02-20,10,cnyusd,krwusd,0.0032648045783413727,-0.0032648045783413727
2025-02-20,10,cnyusd,eurusd,0.012570326797763752,-0.007897529665720498
2025-02-20,10,cnyusd,sp500,0.0,0.0
2025-02-20,10,cnyusd,vix,0.0,0.0
2025-02-20,10,cnyusd,us2y,0.023229292287734377,-0.023229292287734377
2025-02-20,10,cnyusd,us10y,0.04278385522787767,0.025321822021372863
2025-02-20,10,cnyusd,wti,0.0,0.0
2025-02-20,10,cnyusd,brent,0.0,0.0
2025-02-20,10,cnyusd,henry_hub,0.002376655991942305,0.002376655991942305
2025-02-20,10,krwusd,audusd,0.03700962306234492,0.019697494563039118
2025-02-20,10,krwusd,brlusd,0.0,0.0
2025-02-20,10,krwusd,cnyusd,0.12248243439054937,0.03765574887955317
2025-02-20,10,krwusd,eurusd,0.0,0.0
2025-02-20,10,krwusd,sp500,0.00011924806411456483,0.00011924806411456483
2025-02-20,10,krwusd,vix,0.0,0.0
2025-02-20,10,krwusd,us2y,0.000740836760072007,-0.000740836760072007
2025-02-20,10,krwusd,us10y,0.04837824467434101,-0.02470996793810719
2025-02-20,10,krwusd,wti,0.0,0.0
2025-02-20,10,krwusd,brent,0.0,0.0
2025-02-20,10,krwusd,henry_hub,0.0,0.0
2025-02-20,10,eurusd,audusd,0.0,0.0
2025-02-20,10,eurusd,brlusd,0.0,0.0
2025-02-20,10,eurusd,cnyusd,0.030025460849540615,0.020482131181963098
2025-02-20,10,eurusd,krwusd,0.048542734334292466,0.048542734334292466
2025-02-20,10,eurusd,sp500,0.0,0.0
2025-02-20,10,eurusd,vix,0.005961739963359166,0.005961739963359166
2025-02-20,10,eurusd,us2y,0.0,0.0
2025-02-20,10,eurusd,us10y,0.0,0.0
2025-02-20,10,eurusd,wti,0.0,0.0
2025-02-20,10,eurusd,brent,0.0,0.0
2025-02-20,10,eurusd,henry_hub,0.0,0.0
2025-02-20,10,sp500,audusd,0.02810104267540745,0.02810104267540745
2025-02-20,10,sp500,brlusd,0.03383056800120935,0.03383056800120935
2025-02-20,10,sp500,cnyusd,0.036509781359446915,0.03087434061922397
2025-02-20,10,sp500,krwusd,0.006962881873616433,-0.006962881873616433
2025-02-20,10,sp500,eurusd,0.0,0.0
2025-02-20,10,sp500,vix,0.14193830400092228,0.04974749877468724
2025-02-20,10,sp500,us2y,0.07243197745974786,0.02686990022798142
2025-02-20,10,sp500,us10y,0.020033333902352606,0.014442880951449863
2025-02-20,10,sp500,wti,0.1655884796091769,-0.05497250724657354
2025-02-20,10,sp500,brent,0.08533981277121512,-0.03058821049997618
2025-02-20,10,sp500,henry_hub,0.0,0.0
2025-02-20,10,vix,audusd,0.03629295934799027,-0.03629295934799027
2025-02-20,10,vix,brlusd,0.0,0.0
2025-02-20,10,vix,cnyusd,0.007441330086775939,-0.007441330086775939
2025-02-20,10,vix,krwusd,0.06513368009528307,-0.06513368009528307
2025-02-20,10,vix,eurusd,0.03179277822344095,-0.03179277822344095
2025-02-20,10,vix,sp500,0.0,0.0
2025-02-20,10,vix,us2y,0.0,0.0
2025-02-20,10,vix,us10y,0.0,0.0
2025-02-20,10,vix,wti,0.0,0.0
2025-02-20,10,vix,brent,0.0,0.0
2025-02-20,10,vix,henry_hub,0.0,0.0
2025-02-20,10,us2y,audusd,0.0,0.0
2025-02-20,10,us2y,brlusd,0.015724258041848734,-0.014731554038075174
2025-02-20,10,us2y,cnyusd,0.0,0.0
2025-02-20,10,us2y,krwusd,0.016686593197644914,-0.012735194772375712
2025-02-20,10,us2y,eurusd,0.009985813532933518,-0.005823929889587377
2025-02-20,10,us2y,sp500,0.0,0.0
2025-02-20,10,us2y,vix,0.0,0.0
2025-02-20,10,us2y,us10y,0.0,0.0
2025-02-20,10,us2y,wti,0.037179524392194956,-0.017093908787762645
2025-02-20,10,us2y,brent,0.0,0.0
2025-02-20,10,us2y,henry_hub,0.0,0.0
2025-02-20,10,us10y,audusd,0.04821294509462127,-0.0226732839308292
2025-02-20,10,us10y,brlusd,0.02447352123272837,-0.013560966536945326
2025-02-20,10,us10y,cnyusd,0.02892138921126169,-0.01302076281009992
2025-02-20,10,us10y,krwusd,0.014021779005793437,-0.014021779005793437
2025-02-20,10,us10y,eurusd,0.03110473409845256,-0.019523611808140107
2025-02-20,10,us10y,sp500,0.10865943456224546,-0.04692482657227713
2025-02-20,10,us10y,vix,0.062302165968257016,0.030327463814375673
2025-02-20,10,us10y,us2y,0.0,0.0
2025-02-20,10,us10y,wti,0.0,0.0
2025-02-20,10,us10y,brent,0.0026841867967615494,-0.0026841867967615494
2025-02-20,10,us10y,henry_hub,0.0,0.0
2025-02-20,10,wti,audusd,0.0,0.0
2025-02-20,10,wti,brlusd,6.0318287435471144e-05,-6.0318287435471144e-05
2025-02-20,10,wti,cnyusd,0.0,0.0
2025-02-20,10,wti,krwusd,0.0,0.0
2025-02-20,10,wti,eurusd,0.0,0.0
2025-02-20,10,wti,sp500,0.0,0.0
2025-02-20,10,wti,vix,0.01866243287868996,0.009481212567029326
2025-02-20,10,wti,us2y,0.0,0.0
2025-02-20,10,wti,us10y,0.0,0.0
2025-02-20,10,wti,brent,0.17205437649352331,0.17104682467836813
2025-02-20,10,wti,henry_hub,0.0,0.0
2025-02-20,10,brent,audusd,0.0,0.0
2025-02-20,10,brent,brlusd,0.0,0.0
2025-02-20,10,brent,cnyusd,0.005748073012212717,-0.005748073012212717
2025-02-20,10,brent,krwusd,0.017656199419460172,-0.016105699888659338
2025-02-20,10,brent,eurusd,0.0,0.0
2025-02-20,10,brent,sp500,0.004828386923355508,-0.004828386923355508
2025-02-20,10,brent,vix,0.02566792632058694,0.02566792632058694
2025-02-20,10,brent,us2y,0.0,0.0
2025-02-20,10,brent,us10y,0.0,0.0
2025-02-20,10,brent,wti,0.0,0.0
2025-02-20,10,brent,henry_hub,0.0,0.0
2025-02-20,10,henry_hub,audusd,0.0008025955384078663,0.0008025955384078663
2025-02-20,10,henry_hub,brlusd,0.0,0.0
2025-02-20,10,henry_hub,cnyusd,0.0,0.0
2025-02-20,10,henry_hub,krwusd,0.0,0.0
2025-02-20,10,henry_hub,eurusd,0.0,0.0
2025-02-20,10,henry_hub,sp500,0.0033569284768575442,-0.0033569284768575442
2025-02-20,10,henry_hub,vix,0.019393073977052932,0.010895908589308532
2025-02-20,10,henry_hub,us2y,0.0,0.0
2025-02-20,10,henry_hub,us10y,0.0,0.0
2025-02-20,10,henry_hub,wti,0.0,0.0
2025-02-20,10,henry_hub,brent,0.0,0.0
2025-02-20,10,pw_bab_el_mandeb_strait_capacity_z,audusd,0.0,0.0
2025-02-20,10,pw_bab_el_mandeb_strait_capacity_z,brlusd,0.0,0.0
2025-02-20,10,pw_bab_el_mandeb_strait_capacity_z,cnyusd,0.0,0.0
2025-02-20,10,pw_bab_el_mandeb_strait_capacity_z,krwusd,0.0,0.0
2025-02-20,10,pw_bab_el_mandeb_strait_capacity_z,eurusd,0.0,0.0
2025-02-20,10,pw_bab_el_mandeb_strait_capacity_z,sp500,0.0012920372121505755,-0.0012920372121505755
2025-02-20,10,pw_bab_el_mandeb_strait_capacity_z,vix,0.011566842307323409,0.011566842307323409
2025-02-20,10,pw_bab_el_mandeb_strait_capacity_z,us2y,0.07990662532175871,0.03816456639846223
2025-02-20,10,pw_bab_el_mandeb_strait_capacity_z,us10y,0.0,0.0
2025-02-20,10,pw_bab_el_mandeb_strait_capacity_z,wti,0.0,0.0
2025-02-20,10,pw_bab_el_mandeb_strait_capacity_z,brent,0.0,0.0
2025-02-20,10,pw_bab_el_mandeb_strait_capacity_z,henry_hub,0.10587097458280022,-0.10587097458280022
2025-02-20,10,pw_bab_el_mandeb_strait_n_total_z,audusd,0.01698078550830402,0.01698078550830402
2025-02-20,10,pw_bab_el_mandeb_strait_n_total_z,brlusd,0.0,0.0
2025-02-20,10,pw_bab_el_mandeb_strait_n_total_z,cnyusd,0.0,0.0
2025-02-20,10,pw_bab_el_mandeb_strait_n_total_z,krwusd,0.0,0.0
2025-02-20,10,pw_bab_el_mandeb_strait_n_total_z,eurusd,0.07402645494254152,0.07402645494254152
2025-02-20,10,pw_bab_el_mandeb_strait_n_total_z,sp500,0.0,0.0
2025-02-20,10,pw_bab_el_mandeb_strait_n_total_z,vix,0.0,0.0
2025-02-20,10,pw_bab_el_mandeb_strait_n_total_z,us2y,0.0,0.0
2025-02-20,10,pw_bab_el_mandeb_strait_n_total_z,us10y,0.03646389449661099,-0.03646389449661099
2025-02-20,10,pw_bab_el_mandeb_strait_n_total_z,wti,0.0,0.0
2025-02-20,10,pw_bab_el_mandeb_strait_n_total_z,brent,0.0,0.0
2025-02-20,10,pw_bab_el_mandeb_strait_n_total_z,henry_hub,0.02922391609643387,0.02922391609643387
2025-02-20,10,pw_cape_of_good_hope_capacity_z,audusd,0.0,0.0
2025-02-20,10,pw_cape_of_good_hope_capacity_z,brlusd,0.08623573447867013,-0.04033800853265398
2025-02-20,10,pw_cape_of_good_hope_capacity_z,cnyusd,0.1796680388242203,-0.0762022465556213
2025-02-20,10,pw_cape_of_good_hope_capacity_z,krwusd,0.0,0.0
2025-02-20,10,pw_cape_of_good_hope_capacity_z,eurusd,0.03072662685173126,0.02426179045568842
2025-02-20,10,pw_cape_of_good_hope_capacity_z,sp500,0.0,0.0
2025-02-20,10,pw_cape_of_good_hope_capacity_z,vix,0.0,0.0
2025-02-20,10,pw_cape_of_good_hope_capacity_z,us2y,0.02684084285717115,0.02684084285717115
2025-02-20,10,pw_cape_of_good_hope_capacity_z,us10y,0.02666259489958067,0.026331507009666837
2025-02-20,10,pw_cape_of_good_hope_capacity_z,wti,0.010095300956200941,-0.010095300956200941
2025-02-20,10,pw_cape_of_good_hope_capacity_z,brent,0.12019788813978313,0.09162694048258312
2025-02-20,10,pw_cape_of_good_hope_capacity_z,henry_hub,0.1457994135305814,-0.0462780551798994
2025-02-20,10,pw_cape_of_good_hope_n_total_z,audusd,0.0,0.0
2025-02-20,10,pw_cape_of_good_hope_n_total_z,brlusd,0.0,0.0
2025-02-20,10,pw_cape_of_good_hope_n_total_z,cnyusd,0.0,0.0
2025-02-20,10,pw_cape_of_good_hope_n_total_z,krwusd,0.0,0.0
2025-02-20,10,pw_cape_of_good_hope_n_total_z,eurusd,0.01960390988003191,0.018197202942455776
2025-02-20,10,pw_cape_of_good_hope_n_total_z,sp500,0.04373460139797873,0.020007623873103886
2025-02-20,10,pw_cape_of_good_hope_n_total_z,vix,0.022802888091629,-0.015139690803770464
2025-02-20,10,pw_cape_of_good_hope_n_total_z,us2y,0.05453393582057716,0.04867825801526246
2025-02-20,10,pw_cape_of_good_hope_n_total_z,us10y,0.0,0.0
2025-02-20,10,pw_cape_of_good_hope_n_total_z,wti,0.0,0.0
2025-02-20,10,pw_cape_of_good_hope_n_total_z,brent,0.03812375212129158,-0.037456739298316784
2025-02-20,10,pw_cape_of_good_hope_n_total_z,henry_hub,0.18430706332641722,0.07490468013360124
2025-02-20,10,pw_malacca_strait_capacity_z,audusd,0.0,0.0
2025-02-20,10,pw_malacca_strait_capacity_z,brlusd,0.007591961612363001,0.007591961612363001
2025-02-20,10,pw_malacca_strait_capacity_z,cnyusd,0.0,0.0
2025-02-20,10,pw_malacca_strait_capacity_z,krwusd,0.0717336217088592,0.054492386519136495
2025-02-20,10,pw_malacca_strait_capacity_z,eurusd,0.0,0.0
2025-02-20,10,pw_malacca_strait_capacity_z,sp500,0.0,0.0
2025-02-20,10,pw_malacca_strait_capacity_z,vix,0.0,0.0
2025-02-20,10,pw_malacca_strait_capacity_z,us2y,0.07631264127149312,0.06399956072544334
2025-02-20,10,pw_malacca_strait_capacity_z,us10y,0.0,0.0
2025-02-20,10,pw_malacca_strait_capacity_z,wti,0.0,0.0
2025-02-20,10,pw_malacca_strait_capacity_z,brent,0.0,0.0
2025-02-20,10,pw_malacca_strait_capacity_z,henry_hub,0.0,0.0
2025-02-20,10,pw_malacca_strait_n_total_z,audusd,0.05315368877967375,-0.04779060390800436
2025-02-20,10,pw_malacca_strait_n_total_z,brlusd,0.035671789126689404,0.02208069823184653
2025-02-20,10,pw_malacca_strait_n_total_z,cnyusd,0.136377878161761,-0.09739116575467757
2025-02-20,10,pw_malacca_strait_n_total_z,krwusd,0.10835271978590073,-0.0821293565501745
2025-02-20,10,pw_malacca_strait_n_total_z,eurusd,0.15385703656164673,-0.05684142803706719
2025-02-20,10,pw_malacca_strait_n_total_z,sp500,0.10148308074735835,-0.056676523166475055
2025-02-20,10,pw_malacca_strait_n_total_z,vix,0.0,0.0
2025-02-20,10,pw_malacca_strait_n_total_z,us2y,0.06724954993553288,0.06078329677575159
2025-02-20,10,pw_malacca_strait_n_total_z,us10y,0.04593666250949819,0.04593666250949819
2025-02-20,10,pw_malacca_strait_n_total_z,wti,0.0,0.0
2025-02-20,10,pw_malacca_strait_n_total_z,brent,0.05460605594950931,-0.03321935793873727
2025-02-20,10,pw_malacca_strait_n_total_z,henry_hub,0.05736381188944117,0.04318159673758693
2025-02-20,10,pw_panama_canal_capacity_z,audusd,0.04858876940874673,-0.04858876940874673
2025-02-20,10,pw_panama_canal_capacity_z,brlusd,0.007872252035505718,-0.007872252035505718
2025-02-20,10,pw_panama_canal_capacity_z,cnyusd,0.030424738326278785,-0.030424738326278785
2025-02-20,10,pw_panama_canal_capacity_z,krwusd,0.10706921385499316,-0.10706921385499316
2025-02-20,10,pw_panama_canal_capacity_z,eurusd,0.004942587620012964,-0.004942587620012964
2025-02-20,10,pw_panama_canal_capacity_z,sp500,0.024712115240745503,0.024712115240745503
2025-02-20,10,pw_panama_canal_capacity_z,vix,0.07501798915388139,-0.07501798915388139
2025-02-20,10,pw_panama_canal_capacity_z,us2y,0.0,0.0
2025-02-20,10,pw_panama_canal_capacity_z,us10y,0.06543685528737536,0.06543685528737536
2025-02-20,10,pw_panama_canal_capacity_z,wti,0.0,0.0
2025-02-20,10,pw_panama_canal_capacity_z,brent,0.0,0.0
2025-02-20,10,pw_panama_canal_capacity_z,henry_hub,0.0,0.0
2025-02-20,10,pw_panama_canal_n_total_z,audusd,0.08255127291432618,-0.0477743928066426
2025-02-20,10,pw_panama_canal_n_total_z,brlusd,0.0,0.0
2025-02-20,10,pw_panama_canal_n_total_z,cnyusd,0.023012953729569234,-0.023012953729569234
2025-02-20,10,pw_panama_canal_n_total_z,krwusd,0.0,0.0
2025-02-20,10,pw_panama_canal_n_total_z,eurusd,0.04644834898629306,-0.025451717589890385
2025-02-20,10,pw_panama_canal_n_total_z,sp500,0.0,0.0
2025-02-20,10,pw_panama_canal_n_total_z,vix,0.0,0.0
2025-02-20,10,pw_panama_canal_n_total_z,us2y,0.02102907072522579,0.02102907072522579
2025-02-20,10,pw_panama_canal_n_total_z,us10y,0.0,0.0
2025-02-20,10,pw_panama_canal_n_total_z,wti,0.03578888049566697,-0.03578888049566697
2025-02-20,10,pw_panama_canal_n_total_z,brent,0.003506181808139417,-0.003506181808139417
2025-02-20,10,pw_panama_canal_n_total_z,henry_hub,0.07095762811839418,0.06488126085952049
2025-02-20,10,pw_strait_of_hormuz_capacity_z,audusd,0.08454446180114525,0.046386518509178215
2025-02-20,10,pw_strait_of_hormuz_capacity_z,brlusd,0.0,0.0
2025-02-20,10,pw_strait_of_hormuz_capacity_z,cnyusd,0.0,0.0
2025-02-20,10,pw_strait_of_hormuz_capacity_z,krwusd,0.0,0.0
2025-02-20,10,pw_strait_of_hormuz_capacity_z,eurusd,0.0,0.0
2025-02-20,10,pw_strait_of_hormuz_capacity_z,sp500,0.001234883937051151,0.001234883937051151
2025-02-20,10,pw_strait_of_hormuz_capacity_z,vix,0.0,0.0
2025-02-20,10,pw_strait_of_hormuz_capacity_z,us2y,0.06816215812998283,0.036869623329950696
2025-02-20,10,pw_strait_of_hormuz_capacity_z,us10y,0.06842547971626113,0.06842547971626113
2025-02-20,10,pw_strait_of_hormuz_capacity_z,wti,0.15934208062095775,0.10729698606682528
2025-02-20,10,pw_strait_of_hormuz_capacity_z,brent,0.18699088583067064,0.13250969777269578
2025-02-20,10,pw_strait_of_hormuz_capacity_z,henry_hub,0.0,0.0
2025-02-20,10,pw_strait_of_hormuz_n_total_z,audusd,0.07913147779209263,0.04488684216911699
2025-02-20,10,pw_strait_of_hormuz_n_total_z,brlusd,0.01131495528215828,0.01131495528215828
2025-02-20,10,pw_strait_of_hormuz_n_total_z,cnyusd,0.0019580969345886568,0.0019580969345886568
2025-02-20,10,pw_strait_of_hormuz_n_total_z,krwusd,0.03312681849284244,0.03312681849284244
2025-02-20,10,pw_strait_of_hormuz_n_total_z,eurusd,0.013503364166504366,0.013503364166504366
2025-02-20,10,pw_strait_of_hormuz_n_total_z,sp500,0.0,0.0
2025-02-20,10,pw_strait_of_hormuz_n_total_z,vix,0.0,0.0
2025-02-20,10,pw_strait_of_hormuz_n_total_z,us2y,0.02294214610887477,0.02294214610887477
2025-02-20,10,pw_strait_of_hormuz_n_total_z,us10y,0.06693999341264932,0.06693999341264932
2025-02-20,10,pw_strait_of_hormuz_n_total_z,wti,0.0,0.0
2025-02-20,10,pw_strait_of_hormuz_n_total_z,brent,0.0,0.0
2025-02-20,10,pw_strait_of_hormuz_n_total_z,henry_hub,0.0,0.0
2025-02-20,10,pw_suez_canal_capacity_z,audusd,0.0,0.0
2025-02-20,10,pw_suez_canal_capacity_z,brlusd,0.029590807704241433,0.029590807704241433
2025-02-20,10,pw_suez_canal_capacity_z,cnyusd,0.17367717739964583,-0.10893072322314833
2025-02-20,10,pw_suez_canal_capacity_z,krwusd,0.0,0.0
2025-02-20,10,pw_suez_canal_capacity_z,eurusd,0.03552327619458011,-0.02977958985378234
2025-02-20,10,pw_suez_canal_capacity_z,sp500,0.021726424727684965,-0.021726424727684965
2025-02-20,10,pw_suez_canal_capacity_z,vix,0.016822877484831977,0.016822877484831977
2025-02-20,10,pw_suez_canal_capacity_z,us2y,0.0,0.0
2025-02-20,10,pw_suez_canal_capacity_z,us10y,0.0,0.0
2025-02-20,10,pw_suez_canal_capacity_z,wti,0.008323152886584332,0.005322828710966023
2025-02-20,10,pw_suez_canal_capacity_z,brent,0.0,0.0
2025-02-20,10,pw_suez_canal_capacity_z,henry_hub,0.0,0.0
2025-02-20,10,pw_suez_canal_n_total_z,audusd,0.0,0.0
2025-02-20,10,pw_suez_canal_n_total_z,brlusd,0.0,0.0
2025-02-20,10,pw_suez_canal_n_total_z,cnyusd,0.0,0.0
2025-02-20,10,pw_suez_canal_n_total_z,krwusd,0.0,0.0
2025-02-20,10,pw_suez_canal_n_total_z,eurusd,0.0,0.0
2025-02-20,10,pw_suez_canal_n_total_z,sp500,0.0,0.0
2025-02-20,10,pw_suez_canal_n_total_z,vix,0.0,0.0
2025-02-20,10,pw_suez_canal_n_total_z,us2y,0.0,0.0
2025-02-20,10,pw_suez_canal_n_total_z,us10y,0.0,0.0
2025-02-20,10,pw_suez_canal_n_total_z,wti,0.0,0.0
2025-02-20,10,pw_suez_canal_n_total_z,brent,0.07589564221672652,0.02802485258674305
2025-02-20,10,pw_suez_canal_n_total_z,henry_hub,0.08389678055776631,0.037417708281325006
2025-03-20,10,audusd,brlusd,0.0021742266000783924,-0.0021742266000783924
2025-03-20,10,audusd,cnyusd,0.0,0.0
2025-03-20,10,audusd,krwusd,0.02503137187021275,-0.01811973640783564
2025-03-20,10,audusd,eurusd,0.0,0.0
2025-03-20,10,audusd,sp500,0.0,0.0
2025-03-20,10,audusd,vix,0.0,0.0
2025-03-20,10,audusd,us2y,0.0,0.0
2025-03-20,10,audusd,us10y,0.0,0.0
2025-03-20,10,audusd,wti,0.02487720469243406,-0.016291000133301863
2025-03-20,10,audusd,brent,0.0056279076180439785,-0.0056279076180439785
2025-03-20,10,audusd,henry_hub,0.0,0.0
2025-03-20,10,brlusd,audusd,0.0,0.0
2025-03-20,10,brlusd,cnyusd,0.016527844552858367,0.012464342384565728
2025-03-20,10,brlusd,krwusd,0.010898620902937731,0.010898620902937731
2025-03-20,10,brlusd,eurusd,0.0,0.0
2025-03-20,10,brlusd,sp500,0.0,0.0
2025-03-20,10,brlusd,vix,0.030952265550773933,0.02289517990066812
2025-03-20,10,brlusd,us2y,0.026651040717076732,0.016767685409199748
2025-03-20,10,brlusd,us10y,0.0005934429238896509,0.0005934429238896509
2025-03-20,10,brlusd,wti,0.0,0.0
2025-03-20,10,brlusd,brent,0.011833450200842893,-0.008759250997421588
2025-03-20,10,brlusd,henry_hub,0.0,0.0
2025-03-20,10,cnyusd,audusd,0.0,0.0
2025-03-20,10,cnyusd,brlusd,0.0,0.0
2025-03-20,10,cnyusd,krwusd,0.005692787483043489,-0.005692787483043489
2025-03-20,10,cnyusd,eurusd,0.005889117866813072,-0.0033851136239490243
2025-03-20,10,cnyusd,sp500,0.0,0.0
2025-03-20,10,cnyusd,vix,0.0,0.0
2025-03-20,10,cnyusd,us2y,0.02588493066189399,-0.02588493066189399
2025-03-20,10,cnyusd,us10y,0.05324530602057287,0.02956939544702859
2025-03-20,10,cnyusd,wti,0.0,0.0
2025-03-20,10,cnyusd,brent,0.0,0.0
2025-03-20,10,cnyusd,henry_hub,0.0,0.0
2025-03-20,10,krwusd,audusd,0.026252738054796998,0.013635631560393378
2025-03-20,10,krwusd,brlusd,0.0,0.0
2025-03-20,10,krwusd,cnyusd,0.11177664905435133,0.03565149350897344
2025-03-20,10,krwusd,eurusd,0.0,0.0
2025-03-20,10,krwusd,sp500,0.0,0.0
2025-03-20,10,krwusd,vix,0.0,0.0
2025-03-20,10,krwusd,us2y,0.0031835374897366125,-0.0031835374897366125
2025-03-20,10,krwusd,us10y,0.056190126415314595,-0.02718092734201495
2025-03-20,10,krwusd,wti,0.0,0.0
2025-03-20,10,krwusd,brent,0.0,0.0
2025-03-20,10,krwusd,henry_hub,0.0,0.0
2025-03-20,10,eurusd,audusd,0.0,0.0
2025-03-20,10,eurusd,brlusd,0.0,0.0
2025-03-20,10,eurusd,cnyusd,0.04048121058841521,0.021240188492465988
2025-03-20,10,eurusd,krwusd,0.043587266260049246,0.043587266260049246
2025-03-20,10,eurusd,sp500,0.003390701636613349,-0.003390701636613349
2025-03-20,10,eurusd,vix,0.0125024748794111,0.0125024748794111
2025-03-20,10,eurusd,us2y,0.0,0.0
2025-03-20,10,eurusd,us10y,0.0,0.0
2025-03-20,10,eurusd,wti,0.0,0.0
2025-03-20,10,eurusd,brent,0.0,0.0
2025-03-20,10,eurusd,henry_hub,0.0,0.0
2025-03-20,10,sp500,audusd,0.026202091762046062,0.026202091762046062
2025-03-20,10,sp500,brlusd,0.03387365039183718,0.03387365039183718
2025-03-20,10,sp500,cnyusd,0.032624774182776414,0.02944276346105659
2025-03-20,10,sp500,krwusd,0.0020905914224442494,-0.0020905914224442494
2025-03-20,10,sp500,eurusd,0.0,0.0
2025-03-20,10,sp500,vix,0.12282693248424567,0.04381287473615805
2025-03-20,10,sp500,us2y,0.0728962933341068,0.02658648913479579
2025-03-20,10,sp500,us10y,0.01315632564320408,0.011642913396530364
2025-03-20,10,sp500,wti,0.155250699166693,-0.053220318385013635
2025-03-20,10,sp500,brent,0.0794847033653433,-0.02852388593919922
2025-03-20,10,sp500,henry_hub,0.0,0.0
2025-03-20,10,vix,audusd,0.036094048474590655,-0.036094048474590655
2025-03-20,10,vix,brlusd,0.0,0.0
2025-03-20,10,vix,cnyusd,0.006787561059544536,-0.006787561059544536
2025-03-20,10,vix,krwusd,0.06534280002323034,-0.06534280002323034
2025-03-20,10,vix,eurusd,0.01820056122225277,-0.01820056122225277
2025-03-20,10,vix,sp500,0.0,0.0
2025-03-20,10,vix,us2y,0.0,0.0
2025-03-20,10,vix,us10y,0.0,0.0
2025-03-20,10,vix,wti,0.0,0.0
2025-03-20,10,vix,brent,0.0,0.0
2025-03-20,10,vix,henry_hub,0.0,0.0
2025-03-20,10,us2y,audusd,0.0,0.0
2025-03-20,10,us2y,brlusd,0.017257048939084592,-0.015246253048388244
2025-03-20,10,us2y,cnyusd,0.0,0.0
2025-03-20,10,us2y,krwusd,0.013940240309007472,-0.012292496226456257
2025-03-20,10,us2y,eurusd,0.0,0.0
2025-03-20,10,us2y,sp500,0.0,0.0
2025-03-20,10,us2y,vix,0.0,0.0
2025-03-20,10,us2y,us10y,0.0,0.0
2025-03-20,10,us2y,wti,0.026560394966429157,-0.013245221275636453
2025-03-20,10,us2y,brent,0.0,0.0
2025-03-20,10,us2y,henry_hub,0.0,0.0
2025-03-20,10,us10y,audusd,0.05938919387380119,-0.02692786855694098
2025-03-20,10,us10y,brlusd,0.018743901915393445,-0.011287313824185227
2025-03-20,10,us10y,cnyusd,0.040739082556198125,-0.018634691178324555
2025-03-20,10,us10y,krwusd,0.01132944029067084,-0.01132944029067084
2025-03-20,10,us10y,eurusd,0.06563047052696884,-0.03580958707393068
2025-03-20,10,us10y,sp500,0.05492970391709781,-0.0312870980087749
2025-03-20,10,us10y,vix,0.03713020046949521,0.018852561301083523
2025-03-20,10,us10y,us2y,0.0,0.0
2025-03-20,10,us10y,wti,0.0,0.0
2025-03-20,10,us10y,brent,0.0,0.0
2025-03-20,10,us10y,henry_hub,0.0,0.0
2025-03-20,10,wti,audusd,0.0,0.0
2025-03-20,10,wti,brlusd,0.0,0.0
2025-03-20,10,wti,cnyusd,0.0,0.0
2025-03-20,10,wti,krwusd,0.0,0.0
2025-03-20,10,wti,eurusd,0.0,0.0
2025-03-20,10,wti,sp500,0.0,0.0
2025-03-20,10,wti,vix,0.01599812951729606,0.009381946863927178
2025-03-20,10,wti,us2y,0.0,0.0
2025-03-20,10,wti,us10y,0.0,0.0
2025-03-20,10,wti,brent,0.17190029049015645,0.1712867946342656
2025-03-20,10,wti,henry_hub,0.0,0.0
2025-03-20,10,brent,audusd,0.0,0.0
2025-03-20,10,brent,brlusd,0.0,0.0
2025-03-20,10,brent,cnyusd,0.0067815209744992834,-0.0067815209744992834
2025-03-20,10,brent,krwusd,0.016037161013661337,-0.015116341719447568
2025-03-20,10,brent,eurusd,0.0,0.0
2025-03-20,10,brent,sp500,0.002645247211441355,-0.002645247211441355
2025-03-20,10,brent,vix,0.022998443650936822,0.022998443650936822
2025-03-20,10,brent,us2y,0.0,0.0
2025-03-20,10,brent,us10y,0.0,0.0
2025-03-20,10,brent,wti,0.0,0.0
2025-03-20,10,brent,henry_hub,0.0,0.0
2025-03-20,10,henry_hub,audusd,0.0021255488165565603,0.0021255488165565603
2025-03-20,10,henry_hub,brlusd,0.0,0.0
2025-03-20,10,henry_hub,cnyusd,0.0,0.0
2025-03-20,10,henry_hub,krwusd,0.0,0.0
2025-03-20,10,henry_hub,eurusd,0.0,0.0
2025-03-20,10,henry_hub,sp500,0.0,0.0
2025-03-20,10,henry_hub,vix,0.018082353404545396,0.009365572108931788
2025-03-20,10,henry_hub,us2y,0.0,0.0
2025-03-20,10,henry_hub,us10y,0.0,0.0
2025-03-20,10,henry_hub,wti,0.0,0.0
2025-03-20,10,henry_hub,brent,0.0,0.0
2025-03-20,10,pw_bab_el_mandeb_strait_capacity_z,audusd,0.0,0.0
2025-03-20,10,pw_bab_el_mandeb_strait_capacity_z,brlusd,0.0,0.0
2025-03-20,10,pw_bab_el_mandeb_strait_capacity_z,cnyusd,0.0,0.0
2025-03-20,10,pw_bab_el_mandeb_strait_capacity_z,krwusd,0.0,0.0
2025-03-20,10,pw_bab_el_mandeb_strait_capacity_z,eurusd,0.0,0.0
2025-03-20,10,pw_bab_el_mandeb_strait_capacity_z,sp500,0.01088244487633446,-0.01088244487633446
2025-03-20,10,pw_bab_el_mandeb_strait_capacity_z,vix,0.02704239139021625,0.02704239139021625
2025-03-20,10,pw_bab_el_mandeb_strait_capacity_z,us2y,0.04423115650036661,0.025524162128312763
2025-03-20,10,pw_bab_el_mandeb_strait_capacity_z,us10y,0.0,0.0
2025-03-20,10,pw_bab_el_mandeb_strait_capacity_z,wti,0.007945102026598738,-0.007945102026598738
2025-03-20,10,pw_bab_el_mandeb_strait_capacity_z,brent,0.0,0.0
2025-03-20,10,pw_bab_el_mandeb_strait_capacity_z,henry_hub,0.09120805643388163,-0.09120805643388163
2025-03-20,10,pw_bab_el_mandeb_strait_n_total_z,audusd,0.023336565793783806,0.023336565793783806
2025-03-20,10,pw_bab_el_mandeb_strait_n_total_z,brlusd,0.0,0.0
2025-03-20,10,pw_bab_el_mandeb_strait_n_total_z,cnyusd,0.0,0.0
2025-03-20,10,pw_bab_el_mandeb_strait_n_total_z,krwusd,0.0,0.0
2025-03-20,10,pw_bab_el_mandeb_strait_n_total_z,eurusd,0.09710065872022693,0.09710065872022693
2025-03-20,10,pw_bab_el_mandeb_strait_n_total_z,sp500,0.0,0.0
2025-03-20,10,pw_bab_el_mandeb_strait_n_total_z,vix,0.0,0.0
2025-03-20,10,pw_bab_el_mandeb_strait_n_total_z,us2y,0.0,0.0
2025-03-20,10,pw_bab_el_mandeb_strait_n_total_z,us10y,0.05327900217718107,-0.043394124355869194
2025-03-20,10,pw_bab_el_mandeb_strait_n_total_z,wti,0.0,0.0
2025-03-20,10,pw_bab_el_mandeb_strait_n_total_z,brent,0.0,0.0
2025-03-20,10,pw_bab_el_mandeb_strait_n_total_z,henry_hub,0.018785611649754008,0.018785611649754008
2025-03-20,10,pw_cape_of_good_hope_capacity_z,audusd,0.0,0.0
2025-03-20,10,pw_cape_of_good_hope_capacity_z,brlusd,0.07943936058458266,-0.03648292863139794
2025-03-20,10,pw_cape_of_good_hope_capacity_z,cnyusd,0.1910762390136275,-0.07525154182166187
2025-03-20,10,pw_cape_of_good_hope_capacity_z,krwusd,0.0,0.0
2025-03-20,10,pw_cape_of_good_hope_capacity_z,eurusd,0.0,0.0
2025-03-20,10,pw_cape_of_good_hope_capacity_z,sp500,0.009235940269145987,0.009235940269145987
2025-03-20,10,pw_cape_of_good_hope_capacity_z,vix,0.0,0.0
2025-03-20,10,pw_cape_of_good_hope_capacity_z,us2y,0.0290359872836878,0.0290359872836878
2025-03-20,10,pw_cape_of_good_hope_capacity_z,us10y,0.04314877623314959,0.03496825803090616
2025-03-20,10,pw_cape_of_good_hope_capacity_z,wti,0.006116110911391046,0.006116110911391046
2025-03-20,10,pw_cape_of_good_hope_capacity_z,brent,0.12208607109221803,0.09088335402055309
2025-03-20,10,pw_cape_of_good_hope_capacity_z,henry_hub,0.13880659886139105,-0.04478764377472851
2025-03-20,10,pw_cape_of_good_hope_n_total_z,audusd,0.0,0.0
2025-03-20,10,pw_cape_of_good_hope_n_total_z,brlusd,0.0,0.0
2025-03-20,10,pw_cape_of_good_hope_n_total_z,cnyusd,0.0,0.0
2025-03-20,10,pw_cape_of_good_hope_n_total_z,krwusd,0.0,0.0
2025-03-20,10,pw_cape_of_good_hope_n_total_z,eurusd,0.0,0.0
2025-03-20,10,pw_cape_of_good_hope_n_total_z,sp500,0.07696668163203163,0.03670648042829523
2025-03-20,10,pw_cape_of_good_hope_n_total_z,vix,0.046686561653105,-0.017625284902094987
2025-03-20,10,pw_cape_of_good_hope_n_total_z,us2y,0.076253166998199,0.060248477332118536
2025-03-20,10,pw_cape_of_good_hope_n_total_z,us10y,0.0,0.0
2025-03-20,10,pw_cape_of_good_hope_n_total_z,wti,0.0,0.0
2025-03-20,10,pw_cape_of_good_hope_n_total_z,brent,0.0273485310675015,-0.0273485310675015
2025-03-20,10,pw_cape_of_good_hope_n_total_z,henry_hub,0.188368947379887,0.07784269574522135
2025-03-20,10,pw_malacca_strait_capacity_z,audusd,0.0,0.0
2025-03-20,10,pw_malacca_strait_capacity_z,brlusd,0.009796243798752454,0.005065309713570046
2025-03-20,10,pw_malacca_strait_capacity_z,cnyusd,0.0,0.0
2025-03-20,10,pw_malacca_strait_capacity_z,krwusd,0.0696719205089269,0.06151447458589797
2025-03-20,10,pw_malacca_strait_capacity_z,eurusd,0.0,0.0
2025-03-20,10,pw_malacca_strait_capacity_z,sp500,0.0,0.0
2025-03-20,10,pw_malacca_strait_capacity_z,vix,0.0,0.0
2025-03-20,10,pw_malacca_strait_capacity_z,us2y,0.07564605333182445,0.05787920858908064
2025-03-20,10,pw_malacca_strait_capacity_z,us10y,0.0,0.0
2025-03-20,10,pw_malacca_strait_capacity_z,wti,0.0,0.0
2025-03-20,10,pw_malacca_strait_capacity_z,brent,0.0031213846045450135,-0.0031213846045450135
2025-03-20,10,pw_malacca_strait_capacity_z,henry_hub,0.0,0.0
2025-03-20,10,pw_malacca_strait_n_total_z,audusd,0.05048846457733507,-0.04863108382130321
2025-03-20,10,pw_malacca_strait_n_total_z,brlusd,0.040632809484469026,0.02377173664695001
2025-03-20,10,pw_malacca_strait_n_total_z,cnyusd,0.14199365846742654,-0.11137299648253565
2025-03-20,10,pw_malacca_strait_n_total_z,krwusd,0.10533497431637062,-0.05587142699515161
2025-03-20,10,pw_malacca_strait_n_total_z,eurusd,0.1693163490616318,-0.0805833916917698
2025-03-20,10,pw_malacca_strait_n_total_z,sp500,0.09040878247890793,-0.05131817057588613
2025-03-20,10,pw_malacca_strait_n_total_z,vix,0.0,0.0
2025-03-20,10,pw_malacca_strait_n_total_z,us2y,0.0772799914782372,0.06626291477545668
2025-03-20,10,pw_malacca_strait_n_total_z,us10y,0.057562293186974874,0.057562293186974874
2025-03-20,10,pw_malacca_strait_n_total_z,wti,0.0,0.0
2025-03-20,10,pw_malacca_strait_n_total_z,brent,0.04509003891940762,-0.025800003410425192
2025-03-20,10,pw_malacca_strait_n_total_z,henry_hub,0.06262373159924829,0.05588288736704029
2025-03-20,10,pw_panama_canal_capacity_z,audusd,0.0504968976028714,-0.0504968976028714
2025-03-20,10,pw_panama_canal_capacity_z,brlusd,0.010030279938722053,-0.010030279938722053
2025-03-20,10,pw_panama_canal_capacity_z,cnyusd,0.031920596284764235,-0.031920596284764235
2025-03-20,10,pw_panama_canal_capacity_z,krwusd,0.10561188645540377,-0.10561188645540377
2025-03-20,10,pw_panama_canal_capacity_z,eurusd,0.009656907026591971,-0.009656907026591971
2025-03-20,10,pw_panama_canal_capacity_z,sp500,0.014868269662780357,0.014868269662780357
2025-03-20,10,pw_panama_canal_capacity_z,vix,0.0657604110474027,-0.0657604110474027
2025-03-20,10,pw_panama_canal_capacity_z,us2y,0.0,0.0
2025-03-20,10,pw_panama_canal_capacity_z,us10y,0.05593846312375461,0.05593846312375461
2025-03-20,10,pw_panama_canal_capacity_z,wti,0.0,0.0
2025-03-20,10,pw_panama_canal_capacity_z,brent,0.0,0.0
2025-03-20,10,pw_panama_canal_capacity_z,henry_hub,0.0,0.0
2025-03-20,10,pw_panama_canal_n_total_z,audusd,0.07608533251209171,-0.0441464832088935
2025-03-20,10,pw_panama_canal_n_total_z,brlusd,0.0,0.0
2025-03-20,10,pw_panama_canal_n_total_z,cnyusd,0.015859480358489466,-0.015859480358489466
2025-03-20,10,pw_panama_canal_n_total_z,krwusd,0.0,0.0
2025-03-20,10,pw_panama_canal_n_total_z,eurusd,0.026582642776942354,-0.01540773421158977
2025-03-20,10,pw_panama_canal_n_total_z,sp500,0.0,0.0
2025-03-20,10,pw_panama_canal_n_total_z,vix,0.0,0.0
2025-03-20,10,pw_panama_canal_n_total_z,us2y,0.012122975797298327,0.012122975797298327
2025-03-20,10,pw_panama_canal_n_total_z,us10y,0.0,0.0
2025-03-20,10,pw_panama_canal_n_total_z,wti,0.04401680035566928,-0.04401680035566928
2025-03-20,10,pw_panama_canal_n_total_z,brent,0.007029792741477355,-0.007029792741477355
2025-03-20,10,pw_panama_canal_n_total_z,henry_hub,0.06924202905006409,0.06810111292778422
2025-03-20,10,pw_strait_of_hormuz_capacity_z,audusd,0.09300859707881938,0.05569727457044632
2025-03-20,10,pw_strait_of_hormuz_capacity_z,brlusd,0.0,0.0
2025-03-20,10,pw_strait_of_hormuz_capacity_z,cnyusd,0.0,0.0
2025-03-20,10,pw_strait_of_hormuz_capacity_z,krwusd,0.0,0.0
2025-03-20,10,pw_strait_of_hormuz_capacity_z,eurusd,0.0,0.0
2025-03-20,10,pw_strait_of_hormuz_capacity_z,sp500,0.0007284758482524972,0.0007284758482524972
2025-03-20,10,pw_strait_of_hormuz_capacity_z,vix,0.0,0.0
2025-03-20,10,pw_strait_of_hormuz_capacity_z,us2y,0.09893476933512266,0.0443764012984531
2025-03-20,10,pw_strait_of_hormuz_capacity_z,us10y,0.07968353260146298,0.07968353260146298
2025-03-20,10,pw_strait_of_hormuz_capacity_z,wti,0.1637902718419269,0.11222231547533287
2025-03-20,10,pw_strait_of_hormuz_capacity_z,brent,0.1908653472191468,0.13703612220034117
2025-03-20,10,pw_strait_of_hormuz_capacity_z,henry_hub,0.0,0.0
2025-03-20,10,pw_strait_of_hormuz_n_total_z,audusd,0.07080248491885535,0.04037800894455636
2025-03-20,10,pw_strait_of_hormuz_n_total_z,brlusd,0.009313411533524435,0.008853780393616397
2025-03-20,10,pw_strait_of_hormuz_n_total_z,cnyusd,0.005527575498508067,0.005527575498508067
2025-03-20,10,pw_strait_of_hormuz_n_total_z,krwusd,0.02946164615646662,0.02946164615646662
2025-03-20,10,pw_strait_of_hormuz_n_total_z,eurusd,0.026674304903750615,0.021740006277305348
2025-03-20,10,pw_strait_of_hormuz_n_total_z,sp500,0.0,0.0
2025-03-20,10,pw_strait_of_hormuz_n_total_z,vix,0.0,0.0
2025-03-20,10,pw_strait_of_hormuz_n_total_z,us2y,0.0,0.0
2025-03-20,10,pw_strait_of_hormuz_n_total_z,us10y,0.05257606946637742,0.05257606946637742
2025-03-20,10,pw_strait_of_hormuz_n_total_z,wti,0.0,0.0
2025-03-20,10,pw_strait_of_hormuz_n_total_z,brent,0.0,0.0
2025-03-20,10,pw_strait_of_hormuz_n_total_z,henry_hub,0.0,0.0
2025-03-20,10,pw_suez_canal_capacity_z,audusd,0.0,0.0
2025-03-20,10,pw_suez_canal_capacity_z,brlusd,0.01711228743205917,0.01711228743205917
2025-03-20,10,pw_suez_canal_capacity_z,cnyusd,0.14498172977747337,-0.09126114715178917
2025-03-20,10,pw_suez_canal_capacity_z,krwusd,0.0,0.0
2025-03-20,10,pw_suez_canal_capacity_z,eurusd,0.0,0.0
2025-03-20,10,pw_suez_canal_capacity_z,sp500,0.05649270990408921,-0.05649270990408921
2025-03-20,10,pw_suez_canal_capacity_z,vix,0.04038159993398066,0.04038159993398066
2025-03-20,10,pw_suez_canal_capacity_z,us2y,0.0,0.0
2025-03-20,10,pw_suez_canal_capacity_z,us10y,0.0,0.0
2025-03-20,10,pw_suez_canal_capacity_z,wti,0.0,0.0
2025-03-20,10,pw_suez_canal_capacity_z,brent,0.0,0.0
2025-03-20,10,pw_suez_canal_capacity_z,henry_hub,0.0,0.0
2025-03-20,10,pw_suez_canal_n_total_z,audusd,0.0,0.0
2025-03-20,10,pw_suez_canal_n_total_z,brlusd,0.0,0.0
2025-03-20,10,pw_suez_canal_n_total_z,cnyusd,0.0,0.0
2025-03-20,10,pw_suez_canal_n_total_z,krwusd,0.0,0.0
2025-03-20,10,pw_suez_canal_n_total_z,eurusd,0.0,0.0
2025-03-20,10,pw_suez_canal_n_total_z,sp500,0.0,0.0
2025-03-20,10,pw_suez_canal_n_total_z,vix,0.0,0.0
2025-03-20,10,pw_suez_canal_n_total_z,us2y,0.0,0.0
2025-03-20,10,pw_suez_canal_n_total_z,us10y,0.02231318590099686,-0.014372604787326191
2025-03-20,10,pw_suez_canal_n_total_z,wti,0.0,0.0
2025-03-20,10,pw_suez_canal_n_total_z,brent,0.048590572129852155,0.023929698007888592
2025-03-20,10,pw_suez_canal_n_total_z,henry_hub,0.050126865691819955,0.02954296256160101
2025-04-17,10,audusd,brlusd,0.0,0.0
2025-04-17,10,audusd,cnyusd,0.0,0.0
2025-04-17,10,audusd,krwusd,0.025937936554280918,-0.020000958186637587
2025-04-17,10,audusd,eurusd,0.0,0.0
2025-04-17,10,audusd,sp500,0.0,0.0
2025-04-17,10,audusd,vix,0.0,0.0
2025-04-17,10,audusd,us2y,0.0,0.0
2025-04-17,10,audusd,us10y,0.0,0.0
2025-04-17,10,audusd,wti,0.017753969270481753,-0.01441703640657112
2025-04-17,10,audusd,brent,0.0057376711495708875,-0.0057376711495708875
2025-04-17,10,audusd,henry_hub,0.0,0.0
2025-04-17,10,brlusd,audusd,3.670940091716745e-05,3.670940091716745e-05
2025-04-17,10,brlusd,cnyusd,0.016008567201231175,0.012115902662865
2025-04-17,10,brlusd,krwusd,0.01027438923861412,0.01027438923861412
2025-04-17,10,brlusd,eurusd,0.0,0.0
2025-04-17,10,brlusd,sp500,0.0,0.0
2025-04-17,10,brlusd,vix,0.019095468809921953,0.019095468809921953
2025-04-17,10,brlusd,us2y,0.0274752479153956,0.01726885670771253
2025-04-17,10,brlusd,us10y,0.0009222833993459576,0.0009222833993459576
2025-04-17,10,brlusd,wti,0.0,0.0
2025-04-17,10,brlusd,brent,0.005450386878840813,-0.0048855717380188735
2025-04-17,10,brlusd,henry_hub,0.0,0.0
2025-04-17,10,cnyusd,audusd,0.0,0.0
2025-04-17,10,cnyusd,brlusd,0.0,0.0
2025-04-17,10,cnyusd,krwusd,0.011031064807606813,-0.011031064807606813
2025-04-17,10,cnyusd,eurusd,0.01017409620797969,-0.005665034624416374
2025-04-17,10,cnyusd,sp500,0.0001238010545386123,0.0001238010545386123
2025-04-17,10,cnyusd,vix,0.0,0.0
2025-04-17,10,cnyusd,us2y,0.024656707354636206,-0.024656707354636206
2025-04-17,10,cnyusd,us10y,0.04885485479139916,0.028388149899472675
2025-04-17,10,cnyusd,wti,0.0,0.0
2025-04-17,10,cnyusd,brent,0.0,0.0
2025-04-17,10,cnyusd,henry_hub,0.0001298710959889426,0.0001298710959889426
2025-04-17,10,krwusd,audusd,0.03655141595427624,0.01816158870501609
2025-04-17,10,krwusd,brlusd,0.0,0.0
2025-04-17,10,krwusd,cnyusd,0.11803434095578932,0.03624689932580565
2025-04-17,10,krwusd,eurusd,0.0,0.0
2025-04-17,10,krwusd,sp500,0.0051258092433370105,0.004337099981377806
2025-04-17,10,krwusd,vix,0.0,0.0
2025-04-17,10,krwusd,us2y,0.0,0.0
2025-04-17,10,krwusd,us10y,0.046929962406736414,-0.022540123027620217
2025-04-17,10,krwusd,wti,0.0,0.0
2025-04-17,10,krwusd,brent,0.0,0.0
2025-04-17,10,krwusd,henry_hub,0.0,0.0
2025-04-17,10,eurusd,audusd,0.0,0.0
2025-04-17,10,eurusd,brlusd,0.0,0.0
2025-04-17,10,eurusd,cnyusd,0.03527857246348241,0.02012619793289572
2025-04-17,10,eurusd,krwusd,0.03976422388663754,0.03976422388663754
2025-04-17,10,eurusd,sp500,0.0,0.0
2025-04-17,10,eurusd,vix,0.0,0.0
2025-04-17,10,eurusd,us2y,0.0,0.0
2025-04-17,10,eurusd,us10y,0.0,0.0
2025-04-17,10,eurusd,wti,0.0,0.0
2025-04-17,10,eurusd,brent,0.0,0.0
2025-04-17,10,eurusd,henry_hub,0.0,0.0
2025-04-17,10,sp500,audusd,0.025577059153542643,0.025577059153542643
2025-04-17,10,sp500,brlusd,0.029663514470920523,0.029663514470920523
2025-04-17,10,sp500,cnyusd,0.034219544841603736,0.029915484813367886
2025-04-17,10,sp500,krwusd,0.003950351712719657,-0.003950351712719657
2025-04-17,10,sp500,eurusd,0.002505290599582002,-0.002505290599582002
2025-04-17,10,sp500,vix,0.1589942964599694,0.053791855023360174
2025-04-17,10,sp500,us2y,0.055436806787327576,0.022332452919297772
2025-04-17,10,sp500,us10y,0.0044542122633934676,0.0044542122633934676
2025-04-17,10,sp500,wti,0.15010072658263945,-0.05431173693345988
2025-04-17,10,sp500,brent,0.07347064537703507,-0.02936849133542725
2025-04-17,10,sp500,henry_hub,0.0,0.0
2025-04-17,10,vix,audusd,0.0360407000910271,-0.0360407000910271
2025-04-17,10,vix,brlusd,0.0,0.0
2025-04-17,10,vix,cnyusd,0.0054951258335723735,-0.0054951258335723735
2025-04-17,10,vix,krwusd,0.0599500880546371,-0.0599500880546371
2025-04-17,10,vix,eurusd,0.01018797110743438,-0.01018797110743438
2025-04-17,10,vix,sp500,0.0,0.0
2025-04-17,10,vix,us2y,0.0,0.0
2025-04-17,10,vix,us10y,0.0029575918474579197,0.0029575918474579197
2025-04-17,10,vix,wti,0.0,0.0
2025-04-17,10,vix,brent,0.0,0.0
2025-04-17,10,vix,henry_hub,0.0,0.0
2025-04-17,10,us2y,audusd,0.0,0.0
2025-04-17,10,us2y,brlusd,0.01677345206620395,-0.014804505848471029
2025-04-17,10,us2y,cnyusd,0.0,0.0
2025-04-17,10,us2y,krwusd,0.013646317930780732,-0.009375854190280442
2025-04-17,10,us2y,eurusd,0.007580637493685073,-0.004061984236545018
2025-04-17,10,us2y,sp500,0.0,0.0
2025-04-17,10,us2y,vix,0.0,0.0
2025-04-17,10,us2y,us10y,0.0,0.0
2025-04-17,10,us2y,wti,0.01304580785765689,-0.01085364154444403
2025-04-17,10,us2y,brent,0.0,0.0
2025-04-17,10,us2y,henry_hub,0.0,0.0
2025-04-17,10,us10y,audusd,0.059883486463851006,-0.02578866086278181
2025-04-17,10,us10y,brlusd,0.01844954309060958,-0.01102732800534281
2025-04-17,10,us10y,cnyusd,0.04213776551624351,-0.018501944831326493
2025-04-17,10,us10y,krwusd,0.020045324197342597,-0.020045324197342597
2025-04-17,10,us10y,eurusd,0.05330832758400518,-0.02676121996237053
2025-04-17,10,us10y,sp500,0.049901027935126296,-0.02485487866759761
2025-04-17,10,us10y,vix,0.02647768592861379,0.018076314822741354
2025-04-17,10,us10y,us2y,0.0,0.0
2025-04-17,10,us10y,wti,0.0,0.0
2025-04-17,10,us10y,brent,0.0,0.0
2025-04-17,10,us10y,henry_hub,0.0,0.0
2025-04-17,10,wti,audusd,0.0,0.0
2025-04-17,10,wti,brlusd,0.0017484962161022622,-0.0017484962161022622
2025-04-17,10,wti,cnyusd,0.0,0.0
2025-04-17,10,wti,krwusd,0.0,0.0
2025-04-17,10,wti,eurusd,0.0,0.0
2025-04-17,10,wti,sp500,0.0,0.0
2025-04-17,10,wti,vix,0.018156457080557374,0.011172308688952592
2025-04-17,10,wti,us2y,0.0,0.0
2025-04-17,10,wti,us10y,0.0,0.0
2025-04-17,10,wti,brent,0.16705074807634746,0.16649377361082018
2025-04-17,10,wti,henry_hub,0.0,0.0
2025-04-17,10,brent,audusd,0.0,0.0
2025-04-17,10,brent,brlusd,0.0,0.0
2025-04-17,10,brent,cnyusd,0.009302107399216834,-0.009302107399216834
2025-04-17,10,brent,krwusd,0.01078548378197885,-0.01078548378197885
2025-04-17,10,brent,eurusd,0.0,0.0
2025-04-17,10,brent,sp500,0.00355449733101724,-0.00355449733101724
2025-04-17,10,brent,vix,0.02127661780603799,0.02127661780603799
2025-04-17,10,brent,us2y,0.0,0.0
2025-04-17,10,brent,us10y,0.0,0.0
2025-04-17,10,brent,wti,0.0,0.0
2025-04-17,10,brent,henry_hub,0.0,0.0
2025-04-17,10,henry_hub,audusd,0.0030741330760877335,0.0030741330760877335
2025-04-17,10,henry_hub,brlusd,0.0,0.0
2025-04-17,10,henry_hub,cnyusd,0.0,0.0
2025-04-17,10,henry_hub,krwusd,0.0,0.0
2025-04-17,10,henry_hub,eurusd,0.0,0.0
2025-04-17,10,henry_hub,sp500,0.0,0.0
2025-04-17,10,henry_hub,vix,0.006187464261120227,0.003881566873504547
2025-04-17,10,henry_hub,us2y,0.0,0.0
2025-04-17,10,henry_hub,us10y,0.0,0.0
2025-04-17,10,henry_hub,wti,0.0,0.0
2025-04-17,10,henry_hub,brent,0.0,0.0
2025-04-17,10,pw_bab_el_mandeb_strait_capacity_z,audusd,0.0,0.0
2025-04-17,10,pw_bab_el_mandeb_strait_capacity_z,brlusd,0.0,0.0
2025-04-17,10,pw_bab_el_mandeb_strait_capacity_z,cnyusd,0.0,0.0
2025-04-17,10,pw_bab_el_mandeb_strait_capacity_z,krwusd,0.0,0.0
2025-04-17,10,pw_bab_el_mandeb_strait_capacity_z,eurusd,0.0,0.0
2025-04-17,10,pw_bab_el_mandeb_strait_capacity_z,sp500,0.01339448871354608,-0.01339448871354608
2025-04-17,10,pw_bab_el_mandeb_strait_capacity_z,vix,0.024865472158187022,0.024865472158187022
2025-04-17,10,pw_bab_el_mandeb_strait_capacity_z,us2y,0.03677013231175707,0.024596130213236766
2025-04-17,10,pw_bab_el_mandeb_strait_capacity_z,us10y,0.0,0.0
2025-04-17,10,pw_bab_el_mandeb_strait_capacity_z,wti,0.02194126295089221,-0.02194126295089221
2025-04-17,10,pw_bab_el_mandeb_strait_capacity_z,brent,0.0,0.0
2025-04-17,10,pw_bab_el_mandeb_strait_capacity_z,henry_hub,0.0868987546471845,-0.0868987546471845
2025-04-17,10,pw_bab_el_mandeb_strait_n_total_z,audusd,0.010585727051495093,0.010585727051495093
2025-04-17,10,pw_bab_el_mandeb_strait_n_total_z,brlusd,0.0,0.0
2025-04-17,10,pw_bab_el_mandeb_strait_n_total_z,cnyusd,0.0,0.0
2025-04-17,10,pw_bab_el_mandeb_strait_n_total_z,krwusd,0.006382480715038242,0.0056345875635994596
2025-04-17,10,pw_bab_el_mandeb_strait_n_total_z,eurusd,0.11344626297541197,0.11344626297541197
2025-04-17,10,pw_bab_el_mandeb_strait_n_total_z,sp500,0.0,0.0
2025-04-17,10,pw_bab_el_mandeb_strait_n_total_z,vix,0.0,0.0
2025-04-17,10,pw_bab_el_mandeb_strait_n_total_z,us2y,0.0,0.0
2025-04-17,10,pw_bab_el_mandeb_strait_n_total_z,us10y,0.050623447683672024,-0.04259238509389057
2025-04-17,10,pw_bab_el_mandeb_strait_n_total_z,wti,0.0,0.0
2025-04-17,10,pw_bab_el_mandeb_strait_n_total_z,brent,0.0,0.0
2025-04-17,10,pw_bab_el_mandeb_strait_n_total_z,henry_hub,0.018218970516388138,0.018218970516388138
2025-04-17,10,pw_cape_of_good_hope_capacity_z,audusd,0.0,0.0
2025-04-17,10,pw_cape_of_good_hope_capacity_z,brlusd,0.05685082600077743,-0.029488847298218317
2025-04-17,10,pw_cape_of_good_hope_capacity_z,cnyusd,0.17167071505686066,-0.06801988003700639
2025-04-17,10,pw_cape_of_good_hope_capacity_z,krwusd,0.0,0.0
2025-04-17,10,pw_cape_of_good_hope_capacity_z,eurusd,0.0,0.0
2025-04-17,10,pw_cape_of_good_hope_capacity_z,sp500,0.030795361456961764,0.030795361456961764
2025-04-17,10,pw_cape_of_good_hope_capacity_z,vix,0.024698694803830988,-0.024698694803830988
2025-04-17,10,pw_cape_of_good_hope_capacity_z,us2y,0.0383319497097696,0.0383319497097696
2025-04-17,10,pw_cape_of_good_hope_capacity_z,us10y,0.04196826428168246,0.03752446257802064
2025-04-17,10,pw_cape_of_good_hope_capacity_z,wti,0.012124290423503393,0.012124290423503393
2025-04-17,10,pw_cape_of_good_hope_capacity_z,brent,0.12565816770109114,0.08797920145780609
2025-04-17,10,pw_cape_of_good_hope_capacity_z,henry_hub,0.13238529197436805,-0.04366209801314585
2025-04-17,10,pw_cape_of_good_hope_n_total_z,audusd,0.0,0.0
2025-04-17,10,pw_cape_of_good_hope_n_total_z,brlusd,0.0,0.0
2025-04-17,10,pw_cape_of_good_hope_n_total_z,cnyusd,0.0,0.0
2025-04-17,10,pw_cape_of_good_hope_n_total_z,krwusd,0.0,0.0
2025-04-17,10,pw_cape_of_good_hope_n_total_z,eurusd,0.0,0.0
2025-04-17,10,pw_cape_of_good_hope_n_total_z,sp500,0.09386272361915883,0.059135075378801125
2025-04-17,10,pw_cape_of_good_hope_n_total_z,vix,0.0726888452564438,-0.04143897410883875
2025-04-17,10,pw_cape_of_good_hope_n_total_z,us2y,0.08621118290972936,0.06948890127612634
2025-04-17,10,pw_cape_of_good_hope_n_total_z,us10y,0.0,0.0
2025-04-17,10,pw_cape_of_good_hope_n_total_z,wti,0.0,0.0
2025-04-17,10,pw_cape_of_good_hope_n_total_z,brent,0.021302114517302795,-0.021302114517302795
2025-04-17,10,pw_cape_of_good_hope_n_total_z,henry_hub,0.19361351821320572,0.08019751691792756
2025-04-17,10,pw_malacca_strait_capacity_z,audusd,0.0,0.0
2025-04-17,10,pw_malacca_strait_capacity_z,brlusd,0.018286425184536527,0.01485165938263807
2025-04-17,10,pw_malacca_strait_capacity_z,cnyusd,0.0,0.0
2025-04-17,10,pw_malacca_strait_capacity_z,krwusd,0.05144802383324013,0.039745147628861645
2025-04-17,10,pw_malacca_strait_capacity_z,eurusd,0.0,0.0
2025-04-17,10,pw_malacca_strait_capacity_z,sp500,0.0,0.0
2025-04-17,10,pw_malacca_strait_capacity_z,vix,0.011873942640948633,-0.011873942640948633
2025-04-17,10,pw_malacca_strait_capacity_z,us2y,0.08751000064993425,0.06352559315941006
2025-04-17,10,pw_malacca_strait_capacity_z,us10y,0.0,0.0
2025-04-17,10,pw_malacca_strait_capacity_z,wti,0.000637734882671989,0.000637734882671989
2025-04-17,10,pw_malacca_strait_capacity_z,brent,0.00681701204047487,-0.00681701204047487
2025-04-17,10,pw_malacca_strait_capacity_z,henry_hub,0.0,0.0
2025-04-17,10,pw_malacca_strait_n_total_z,audusd,0.04502895997612577,-0.03258959965866687
2025-04-17,10,pw_malacca_strait_n_total_z,brlusd,0.035685729888976704,0.021287259557180475
2025-04-17,10,pw_malacca_strait_n_total_z,cnyusd,0.14062254518914832,-0.11147187719296019
2025-04-17,10,pw_malacca_strait_n_total_z,krwusd,0.08717160437934252,-0.05337085657879258
2025-04-17,10,pw_malacca_strait_n_total_z,eurusd,0.16186710631138856,-0.05909614129202324
2025-04-17,10,pw_malacca_strait_n_total_z,sp500,0.07648450392098355,-0.02494210687964734
2025-04-17,10,pw_malacca_strait_n_total_z,vix,0.0,0.0
2025-04-17,10,pw_malacca_strait_n_total_z,us2y,0.06597915636491831,0.06597915636491831
2025-04-17,10,pw_malacca_strait_n_total_z,us10y,0.060434746028642045,0.060434746028642045
2025-04-17,10,pw_malacca_strait_n_total_z,wti,0.0,0.0
2025-04-17,10,pw_malacca_strait_n_total_z,brent,0.033394281555311364,-0.02366125236001673
2025-04-17,10,pw_malacca_strait_n_total_z,henry_hub,0.06572653843573928,0.06068752852456662
2025-04-17,10,pw_panama_canal_capacity_z,audusd,0.04931747891976432,-0.04931747891976432
2025-04-17,10,pw_panama_canal_capacity_z,brlusd,0.01019277424170504,-0.01019277424170504
2025-04-17,10,pw_panama_canal_capacity_z,cnyusd,0.037653092234990644,-0.037653092234990644
2025-04-17,10,pw_panama_canal_capacity_z,krwusd,0.10300459136468078,-0.10300459136468078
2025-04-17,10,pw_panama_canal_capacity_z,eurusd,0.0033796207388281964,-0.0033796207388281964
2025-04-17,10,pw_panama_canal_capacity_z,sp500,0.01595420555364364,0.01595420555364364
2025-04-17,10,pw_panama_canal_capacity_z,vix,0.06333723729647217,-0.06333723729647217
2025-04-17,10,pw_panama_canal_capacity_z,us2y,0.0,0.0
2025-04-17,10,pw_panama_canal_capacity_z,us10y,0.056134833409573974,0.056134833409573974
2025-04-17,10,pw_panama_canal_capacity_z,wti,0.0,0.0
2025-04-17,10,pw_panama_canal_capacity_z,brent,0.0,0.0
2025-04-17,10,pw_panama_canal_capacity_z,henry_hub,0.0,0.0
2025-04-17,10,pw_panama_canal_n_total_z,audusd,0.077276336735661,-0.049694393072382485
2025-04-17,10,pw_panama_canal_n_total_z,brlusd,0.0,0.0
2025-04-17,10,pw_panama_canal_n_total_z,cnyusd,0.010682859464300544,-0.010682859464300544
2025-04-17,10,pw_panama_canal_n_total_z,krwusd,0.0,0.0
2025-04-17,10,pw_panama_canal_n_total_z,eurusd,0.02246401751372111,-0.01255699247474466
2025-04-17,10,pw_panama_canal_n_total_z,sp500,0.0,0.0
2025-04-17,10,pw_panama_canal_n_total_z,vix,0.0,0.0
2025-04-17,10,pw_panama_canal_n_total_z,us2y,0.012041635821948038,0.012041635821948038
2025-04-17,10,pw_panama_canal_n_total_z,us10y,0.0,0.0
2025-04-17,10,pw_panama_canal_n_total_z,wti,0.044036070705600505,-0.044036070705600505
2025-04-17,10,pw_panama_canal_n_total_z,brent,0.006425435459798254,-0.006425435459798254
2025-04-17,10,pw_panama_canal_n_total_z,henry_hub,0.06948346159124498,0.066873907089158
2025-04-17,10,pw_strait_of_hormuz_capacity_z,audusd,0.09172261817663822,0.04961426147005609
2025-04-17,10,pw_strait_of_hormuz_capacity_z,brlusd,0.0,0.0
2025-04-17,10,pw_strait_of_hormuz_capacity_z,cnyusd,0.0,0.0
2025-04-17,10,pw_strait_of_hormuz_capacity_z,krwusd,0.0,0.0
2025-04-17,10,pw_strait_of_hormuz_capacity_z,eurusd,0.0,0.0
2025-04-17,10,pw_strait_of_hormuz_capacity_z,sp500,0.0051970723796616845,0.0051970723796616845
2025-04-17,10,pw_strait_of_hormuz_capacity_z,vix,0.0,0.0
2025-04-17,10,pw_strait_of_hormuz_capacity_z,us2y,0.10509552479934682,0.052042383904734105
2025-04-17,10,pw_strait_of_hormuz_capacity_z,us10y,0.08151362693315796,0.08151362693315796
2025-04-17,10,pw_strait_of_hormuz_capacity_z,wti,0.17093759034272393,0.1092423108247037
2025-04-17,10,pw_strait_of_hormuz_capacity_z,brent,0.195187121784051,0.13169400634719183
2025-04-17,10,pw_strait_of_hormuz_capacity_z,henry_hub,0.0,0.0
2025-04-17,10,pw_strait_of_hormuz_n_total_z,audusd,0.06816867570274407,0.03772693951049068
2025-04-17,10,pw_strait_of_hormuz_n_total_z,brlusd,0.022061551434150468,0.022061551434150468
2025-04-17,10,pw_strait_of_hormuz_n_total_z,cnyusd,0.009867602528464506,0.009867602528464506
2025-04-17,10,pw_strait_of_hormuz_n_total_z,krwusd,0.01182442734596094,0.01182442734596094
2025-04-17,10,pw_strait_of_hormuz_n_total_z,eurusd,0.0,0.0
2025-04-17,10,pw_strait_of_hormuz_n_total_z,sp500,0.0,0.0
2025-04-17,10,pw_strait_of_hormuz_n_total_z,vix,0.0,0.0
2025-04-17,10,pw_strait_of_hormuz_n_total_z,us2y,0.0,0.0
2025-04-17,10,pw_strait_of_hormuz_n_total_z,us10y,0.04354478203327946,0.04354478203327946
2025-04-17,10,pw_strait_of_hormuz_n_total_z,wti,0.0,0.0
2025-04-17,10,pw_strait_of_hormuz_n_total_z,brent,0.0,0.0
2025-04-17,10,pw_strait_of_hormuz_n_total_z,henry_hub,0.0,0.0
2025-04-17,10,pw_suez_canal_capacity_z,audusd,0.0,0.0
2025-04-17,10,pw_suez_canal_capacity_z,brlusd,0.008023258255583452,0.008023258255583452
2025-04-17,10,pw_suez_canal_capacity_z,cnyusd,0.15732898506253717,-0.09720527103822364
2025-04-17,10,pw_suez_canal_capacity_z,krwusd,0.0,0.0
2025-04-17,10,pw_suez_canal_capacity_z,eurusd,0.0,0.0
2025-04-17,10,pw_suez_canal_capacity_z,sp500,0.07453964418614115,-0.07453964418614115
2025-04-17,10,pw_suez_canal_capacity_z,vix,0.07597128649720837,0.07597128649720837
2025-04-17,10,pw_suez_canal_capacity_z,us2y,0.0,0.0
2025-04-17,10,pw_suez_canal_capacity_z,us10y,0.0,0.0
2025-04-17,10,pw_suez_canal_capacity_z,wti,0.0,0.0
2025-04-17,10,pw_suez_canal_capacity_z,brent,0.0,0.0
2025-04-17,10,pw_suez_canal_capacity_z,henry_hub,0.0,0.0
2025-04-17,10,pw_suez_canal_n_total_z,audusd,0.0,0.0
2025-04-17,10,pw_suez_canal_n_total_z,brlusd,0.0,0.0
2025-04-17,10,pw_suez_canal_n_total_z,cnyusd,0.0,0.0
2025-04-17,10,pw_suez_canal_n_total_z,krwusd,0.0,0.0
2025-04-17,10,pw_suez_canal_n_total_z,eurusd,0.0,0.0
2025-04-17,10,pw_suez_canal_n_total_z,sp500,0.0,0.0
2025-04-17,10,pw_suez_canal_n_total_z,vix,0.0,0.0
2025-04-17,10,pw_suez_canal_n_total_z,us2y,0.0,0.0
2025-04-17,10,pw_suez_canal_n_total_z,us10y,0.026096609708658004,-0.020411809186806504
2025-04-17,10,pw_suez_canal_n_total_z,wti,0.0,0.0
2025-04-17,10,pw_suez_canal_n_total_z,brent,0.03580839154697324,0.01764780817563327
2025-04-17,10,pw_suez_canal_n_total_z,henry_hub,0.039620066072117543,0.02463781445216074
2025-05-22,10,audusd,brlusd,0.0,0.0
2025-05-22,10,audusd,cnyusd,0.0,0.0
2025-05-22,10,audusd,krwusd,0.03540692838638624,-0.021365771218558097
2025-05-22,10,audusd,eurusd,0.011036527902470556,-0.011036527902470556
2025-05-22,10,audusd,sp500,0.0,0.0
2025-05-22,10,audusd,vix,0.0,0.0
2025-05-22,10,audusd,us2y,0.0,0.0
2025-05-22,10,audusd,us10y,0.0,0.0
2025-05-22,10,audusd,wti,0.015572945459538653,-0.012023235985505578
2025-05-22,10,audusd,brent,0.007836798937316656,-0.007836798937316656
2025-05-22,10,audusd,henry_hub,0.0,0.0
2025-05-22,10,brlusd,audusd,0.0,0.0
2025-05-22,10,brlusd,cnyusd,0.011616886067076369,0.007863921516317113
2025-05-22,10,brlusd,krwusd,0.002958526475964975,0.002958526475964975
2025-05-22,10,brlusd,eurusd,0.0,0.0
2025-05-22,10,brlusd,sp500,0.0,0.0
2025-05-22,10,brlusd,vix,0.02495262176854423,0.02495262176854423
2025-05-22,10,brlusd,us2y,0.029666377009879816,0.01725407647431336
2025-05-22,10,brlusd,us10y,0.0008446903712948292,0.0004257636484447319
2025-05-22,10,brlusd,wti,0.0,0.0
2025-05-22,10,brlusd,brent,0.011447439868020723,-0.007497031204092313
2025-05-22,10,brlusd,henry_hub,0.0,0.0
2025-05-22,10,cnyusd,audusd,0.0,0.0
2025-05-22,10,cnyusd,brlusd,0.0,0.0
2025-05-22,10,cnyusd,krwusd,0.006760908200966142,-0.006760908200966142
2025-05-22,10,cnyusd,eurusd,0.019544839560038392,-0.010239321976196173
2025-05-22,10,cnyusd,sp500,0.0,0.0
2025-05-22,10,cnyusd,vix,0.0,0.0
2025-05-22,10,cnyusd,us2y,0.029083272436422582,-0.025002010886311765
2025-05-22,10,cnyusd,us10y,0.0625813386221542,0.034853155565318865
2025-05-22,10,cnyusd,wti,0.0,0.0
2025-05-22,10,cnyusd,brent,0.0,0.0
2025-05-22,10,cnyusd,henry_hub,0.003175629396717558,0.003175629396717558
2025-05-22,10,krwusd,audusd,0.04472423488675182,0.02100733672536419
2025-05-22,10,krwusd,brlusd,0.0,0.0
2025-05-22,10,krwusd,cnyusd,0.12633289330209502,0.03899290646541402
2025-05-22,10,krwusd,eurusd,0.0,0.0
2025-05-22,10,krwusd,sp500,0.03947235294226676,0.014578106758857096
2025-05-22,10,krwusd,vix,0.0035366560406353918,-0.002440325133148021
2025-05-22,10,krwusd,us2y,0.0,0.0
2025-05-22,10,krwusd,us10y,0.055318597934398,-0.02379574007303105
2025-05-22,10,krwusd,wti,0.0,0.0
2025-05-22,10,krwusd,brent,0.0,0.0
2025-05-22,10,krwusd,henry_hub,0.0,0.0
2025-05-22,10,eurusd,audusd,0.0,0.0
2025-05-22,10,eurusd,brlusd,0.0,0.0
2025-05-22,10,eurusd,cnyusd,0.057528685247063234,0.026212805296247612
2025-05-22,10,eurusd,krwusd,0.04998339977064622,0.04998339977064622
2025-05-22,10,eurusd,sp500,0.0,0.0
2025-05-22,10,eurusd,vix,0.0033283181562600342,-0.002966385111968217
2025-05-22,10,eurusd,us2y,0.0,0.0
2025-05-22,10,eurusd,us10y,0.0,0.0
2025-05-22,10,eurusd,wti,0.0,0.0
2025-05-22,10,eurusd,brent,0.0,0.0
2025-05-22,10,eurusd,henry_hub,0.0,0.0
2025-05-22,10,sp500,audusd,0.05110221243411452,0.04058895587242036
2025-05-22,10,sp500,brlusd,0.039080434065692164,0.039080434065692164
2025-05-22,10,sp500,cnyusd,0.03823359130406115,0.03327235061518363
2025-05-22,10,sp500,krwusd,0.027478372303033828,-0.012357038277758152
2025-05-22,10,sp500,eurusd,0.027704175012658133,-0.02012239967662639
2025-05-22,10,sp500,vix,0.11156636606156912,0.04415123473437833
2025-05-22,10,sp500,us2y,0.044912478458806374,0.019424516765011682
2025-05-22,10,sp500,us10y,0.0011364633913532316,0.0011364633913532316
2025-05-22,10,sp500,wti,0.14769069287840345,-0.05012184641191616
2025-05-22,10,sp500,brent,0.06886472323040606,-0.025628409032766582
2025-05-22,10,sp500,henry_hub,0.0,0.0
2025-05-22,10,vix,audusd,0.010819553796699254,-0.010819553796699254
2025-05-22,10,vix,brlusd,0.0,0.0
2025-05-22,10,vix,cnyusd,0.004135370037914282,-0.004135370037914282
2025-05-22,10,vix,krwusd,0.03437746229506899,-0.03437746229506899
2025-05-22,10,vix,eurusd,0.0,0.0
2025-05-22,10,vix,sp500,0.0,0.0
2025-05-22,10,vix,us2y,0.0,0.0
2025-05-22,10,vix,us10y,0.022842544556275823,0.022842544556275823
2025-05-22,10,vix,wti,0.0,0.0
2025-05-22,10,vix,brent,0.0,0.0
2025-05-22,10,vix,henry_hub,0.0,0.0
2025-05-22,10,us2y,audusd,0.0,0.0
2025-05-22,10,us2y,brlusd,0.01913500035320483,-0.014216956177791347
2025-05-22,10,us2y,cnyusd,0.0,0.0
2025-05-22,10,us2y,krwusd,0.030727946998748784,-0.018873047137090742
2025-05-22,10,us2y,eurusd,0.016603738150646422,-0.012503815878711
2025-05-22,10,us2y,sp500,0.0,0.0
2025-05-22,10,us2y,vix,0.0,0.0
2025-05-22,10,us2y,us10y,0.0005048437854300155,-0.0005048437854300155
2025-05-22,10,us2y,wti,0.007166027548173673,-0.007166027548173673
2025-05-22,10,us2y,brent,0.0,0.0
2025-05-22,10,us2y,henry_hub,0.0,0.0
2025-05-22,10,us10y,audusd,0.049720415016109756,-0.023255645994393778
2025-05-22,10,us10y,brlusd,0.005843268931677907,-0.005843268931677907
2025-05-22,10,us10y,cnyusd,0.02260965874198826,-0.015083201330659265
2025-05-22,10,us10y,krwusd,0.005669935289341647,-0.005669935289341647
2025-05-22,10,us10y,eurusd,0.054842204849990014,-0.033815188512085974
2025-05-22,10,us10y,sp500,0.05371414768496262,-0.030616121162412226
2025-05-22,10,us10y,vix,0.01564848532322126,0.010528928795219071
2025-05-22,10,us10y,us2y,0.0008095242192980214,-0.0008095242192980214
2025-05-22,10,us10y,wti,0.0,0.0
2025-05-22,10,us10y,brent,0.0,0.0
2025-05-22,10,us10y,henry_hub,0.0,0.0
2025-05-22,10,wti,audusd,0.0,0.0
2025-05-22,10,wti,brlusd,0.0,0.0
2025-05-22,10,wti,cnyusd,0.0007163910842634581,-0.0007163910842634581
2025-05-22,10,wti,krwusd,0.0,0.0
2025-05-22,10,wti,eurusd,0.0,0.0
2025-05-22,10,wti,sp500,0.0,0.0
2025-05-22,10,wti,vix,0.010377793304683781,0.005819084343453584
2025-05-22,10,wti,us2y,0.0,0.0
2025-05-22,10,wti,us10y,0.0,0.0
2025-05-22,10,wti,brent,0.16679622290796803,0.16478603076885306
2025-05-22,10,wti,henry_hub,0.0,0.0
2025-05-22,10,brent,audusd,0.0,0.0
2025-05-22,10,brent,brlusd,0.0,0.0
2025-05-22,10,brent,cnyusd,0.009891944571333395,-0.009891944571333395
2025-05-22,10,brent,krwusd,0.02357045557452887,-0.019825333137329832
2025-05-22,10,brent,eurusd,0.0,0.0
2025-05-22,10,brent,sp500,0.0239396778076084,-0.016919406891704562
2025-05-22,10,brent,vix,0.07219722730384467,0.03932842023055922
2025-05-22,10,brent,us2y,0.0,0.0
2025-05-22,10,brent,us10y,0.0,0.0
2025-05-22,10,brent,wti,0.0,0.0
2025-05-22,10,brent,henry_hub,0.0,0.0
2025-05-22,10,henry_hub,audusd,0.0004628906145685155,0.0004628906145685155
2025-05-22,10,henry_hub,brlusd,0.0,0.0
2025-05-22,10,henry_hub,cnyusd,0.0,0.0
2025-05-22,10,henry_hub,krwusd,0.0,0.0
2025-05-22,10,henry_hub,eurusd,0.0,0.0
2025-05-22,10,henry_hub,sp500,0.0023182643355702157,-0.0023182643355702157
2025-05-22,10,henry_hub,vix,0.014568623676618379,0.007846311646116134
2025-05-22,10,henry_hub,us2y,0.0,0.0
2025-05-22,10,henry_hub,us10y,0.0,0.0
2025-05-22,10,henry_hub,wti,0.0,0.0
2025-05-22,10,henry_hub,brent,0.0,0.0
2025-05-22,10,pw_bab_el_mandeb_strait_capacity_z,audusd,0.0,0.0
2025-05-22,10,pw_bab_el_mandeb_strait_capacity_z,brlusd,0.0,0.0
2025-05-22,10,pw_bab_el_mandeb_strait_capacity_z,cnyusd,0.0,0.0
2025-05-22,10,pw_bab_el_mandeb_strait_capacity_z,krwusd,0.0,0.0
2025-05-22,10,pw_bab_el_mandeb_strait_capacity_z,eurusd,0.0,0.0
2025-05-22,10,pw_bab_el_mandeb_strait_capacity_z,sp500,0.0014549170584079712,-0.0014549170584079712
2025-05-22,10,pw_bab_el_mandeb_strait_capacity_z,vix,0.010890987655704313,0.010890987655704313
2025-05-22,10,pw_bab_el_mandeb_strait_capacity_z,us2y,0.0404935092170456,0.029663070453403897
2025-05-22,10,pw_bab_el_mandeb_strait_capacity_z,us10y,0.0,0.0
2025-05-22,10,pw_bab_el_mandeb_strait_capacity_z,wti,0.023412486885014596,-0.023412486885014596
2025-05-22,10,pw_bab_el_mandeb_strait_capacity_z,brent,0.0,0.0
2025-05-22,10,pw_bab_el_mandeb_strait_capacity_z,henry_hub,0.07921586063505184,-0.07921586063505184
2025-05-22,10,pw_bab_el_mandeb_strait_n_total_z,audusd,0.02563457890951997,0.02563457890951997
2025-05-22,10,pw_bab_el_mandeb_strait_n_total_z,brlusd,0.0,0.0
2025-05-22,10,pw_bab_el_mandeb_strait_n_total_z,cnyusd,0.0,0.0
2025-05-22,10,pw_bab_el_mandeb_strait_n_total_z,krwusd,0.015647961133835157,0.01083222081119821
2025-05-22,10,pw_bab_el_mandeb_strait_n_total_z,eurusd,0.10585282994282338,0.10585282994282338
2025-05-22,10,pw_bab_el_mandeb_strait_n_total_z,sp500,0.0,0.0
2025-05-22,10,pw_bab_el_mandeb_strait_n_total_z,vix,0.0,0.0
2025-05-22,10,pw_bab_el_mandeb_strait_n_total_z,us2y,0.0,0.0
2025-05-22,10,pw_bab_el_mandeb_strait_n_total_z,us10y,0.05789528072169363,-0.051741530847762
2025-05-22,10,pw_bab_el_mandeb_strait_n_total_z,wti,0.0,0.0
2025-05-22,10,pw_bab_el_mandeb_strait_n_total_z,brent,0.0,0.0
2025-05-22,10,pw_bab_el_mandeb_strait_n_total_z,henry_hub,0.018163291926588027,0.018163291926588027
2025-05-22,10,pw_cape_of_good_hope_capacity_z,audusd,0.0,0.0
2025-05-22,10,pw_cape_of_good_hope_capacity_z,brlusd,0.06671656036768284,-0.03255842721509671
2025-05-22,10,pw_cape_of_good_hope_capacity_z,cnyusd,0.1788499671047703,-0.07133477062618604
2025-05-22,10,pw_cape_of_good_hope_capacity_z,krwusd,0.008074938218589072,-0.008074938218589072
2025-05-22,10,pw_cape_of_good_hope_capacity_z,eurusd,0.0,0.0
2025-05-22,10,pw_cape_of_good_hope_capacity_z,sp500,0.005962800136708639,0.005962800136708639
2025-05-22,10,pw_cape_of_good_hope_capacity_z,vix,0.0,0.0
2025-05-22,10,pw_cape_of_good_hope_capacity_z,us2y,0.023098049461059877,0.023098049461059877
2025-05-22,10,pw_cape_of_good_hope_capacity_z,us10y,0.02461080519343224,0.02461080519343224
2025-05-22,10,pw_cape_of_good_hope_capacity_z,wti,0.007595003026819657,0.007595003026819657
2025-05-22,10,pw_cape_of_good_hope_capacity_z,brent,0.12283893301554377,0.09080649231786223
2025-05-22,10,pw_cape_of_good_hope_capacity_z,henry_hub,0.12694821268959441,-0.04888768158714465
2025-05-22,10,pw_cape_of_good_hope_n_total_z,audusd,0.0,0.0
2025-05-22,10,pw_cape_of_good_hope_n_total_z,brlusd,0.0,0.0
2025-05-22,10,pw_cape_of_good_hope_n_total_z,cnyusd,0.0,0.0
2025-05-22,10,pw_cape_of_good_hope_n_total_z,krwusd,0.00680468340965191,-0.0054400206868110345
2025-05-22,10,pw_cape_of_good_hope_n_total_z,eurusd,0.0,0.0
2025-05-22,10,pw_cape_of_good_hope_n_total_z,sp500,0.0631282094459108,0.04123448611685141
2025-05-22,10,pw_cape_of_good_hope_n_total_z,vix,0.03395228067732314,-0.017337690579425816
2025-05-22,10,pw_cape_of_good_hope_n_total_z,us2y,0.07673453324880176,0.06237430188974493
2025-05-22,10,pw_cape_of_good_hope_n_total_z,us10y,0.0,0.0
2025-05-22,10,pw_cape_of_good_hope_n_total_z,wti,0.0,0.0
2025-05-22,10,pw_cape_of_good_hope_n_total_z,brent,0.017305187852909548,-0.017305187852909548
2025-05-22,10,pw_cape_of_good_hope_n_total_z,henry_hub,0.19697437295685805,0.07894774595319959
2025-05-22,10,pw_malacca_strait_capacity_z,audusd,0.0,0.0
2025-05-22,10,pw_malacca_strait_capacity_z,brlusd,0.03529422599215468,0.02156325410082477
2025-05-22,10,pw_malacca_strait_capacity_z,cnyusd,0.0,0.0
2025-05-22,10,pw_malacca_strait_capacity_z,krwusd,0.08452698607813867,0.04452734019309502
2025-05-22,10,pw_malacca_strait_capacity_z,eurusd,0.0,0.0
2025-05-22,10,pw_malacca_strait_capacity_z,sp500,0.0,0.0
2025-05-22,10,pw_malacca_strait_capacity_z,vix,0.028562621802577026,-0.028562621802577026
2025-05-22,10,pw_malacca_strait_capacity_z,us2y,0.0925531126171428,0.08321732236025305
2025-05-22,10,pw_malacca_strait_capacity_z,us10y,0.0,0.0
2025-05-22,10,pw_malacca_strait_capacity_z,wti,0.0009406622051283733,0.0009406622051283733
2025-05-22,10,pw_malacca_strait_capacity_z,brent,0.0015259029252960173,-0.0015259029252960173
2025-05-22,10,pw_malacca_strait_capacity_z,henry_hub,0.0,0.0
2025-05-22,10,pw_malacca_strait_n_total_z,audusd,0.026482600219872556,-0.020703776304704827
2025-05-22,10,pw_malacca_strait_n_total_z,brlusd,0.025066248398863296,0.01330524799047321
2025-05-22,10,pw_malacca_strait_n_total_z,cnyusd,0.1363979384782877,-0.10760495481672366
2025-05-22,10,pw_malacca_strait_n_total_z,krwusd,0.1036966010974766,-0.06175861827356612
2025-05-22,10,pw_malacca_strait_n_total_z,eurusd,0.1594024724361074,-0.064640762115768
2025-05-22,10,pw_malacca_strait_n_total_z,sp500,0.06824700620249331,-0.022815759991784933
2025-05-22,10,pw_malacca_strait_n_total_z,vix,0.0,0.0
2025-05-22,10,pw_malacca_strait_n_total_z,us2y,0.06044698041968391,0.06044698041968391
2025-05-22,10,pw_malacca_strait_n_total_z,us10y,0.06362807227410452,0.06362807227410452
2025-05-22,10,pw_malacca_strait_n_total_z,wti,0.0,0.0
2025-05-22,10,pw_malacca_strait_n_total_z,brent,0.03557226896944066,-0.026002026168583374
2025-05-22,10,pw_malacca_strait_n_total_z,henry_hub,0.06568144817785204,0.05907175999491291
2025-05-22,10,pw_panama_canal_capacity_z,audusd,0.041924259071544116,-0.041924259071544116
2025-05-22,10,pw_panama_canal_capacity_z,brlusd,0.004873337806303414,-0.004873337806303414
2025-05-22,10,pw_panama_canal_capacity_z,cnyusd,0.03828689514548826,-0.03828689514548826
2025-05-22,10,pw_panama_canal_capacity_z,krwusd,0.09006847611880764,-0.09006847611880764
2025-05-22,10,pw_panama_canal_capacity_z,eurusd,0.002021931566373,-0.002021931566373
2025-05-22,10,pw_panama_canal_capacity_z,sp500,0.01590387407587121,0.01590387407587121
2025-05-22,10,pw_panama_canal_capacity_z,vix,0.0598616222108111,-0.0598616222108111
2025-05-22,10,pw_panama_canal_capacity_z,us2y,0.0,0.0
2025-05-22,10,pw_panama_canal_capacity_z,us10y,0.05922304774654657,0.048781664514041784
2025-05-22,10,pw_panama_canal_capacity_z,wti,0.0,0.0
2025-05-22,10,pw_panama_canal_capacity_z,brent,0.0,0.0
2025-05-22,10,pw_panama_canal_capacity_z,henry_hub,0.0,0.0
2025-05-22,10,pw_panama_canal_n_total_z,audusd,0.06992357542988933,-0.038799047487214175
2025-05-22,10,pw_panama_canal_n_total_z,brlusd,0.0,0.0
2025-05-22,10,pw_panama_canal_n_total_z,cnyusd,0.008317139783408796,-0.008317139783408796
2025-05-22,10,pw_panama_canal_n_total_z,krwusd,0.0,0.0
2025-05-22,10,pw_panama_canal_n_total_z,eurusd,0.02084454147945336,-0.02084454147945336
2025-05-22,10,pw_panama_canal_n_total_z,sp500,0.0,0.0
2025-05-22,10,pw_panama_canal_n_total_z,vix,0.0,0.0
2025-05-22,10,pw_panama_canal_n_total_z,us2y,0.010425149768761062,0.010425149768761062
2025-05-22,10,pw_panama_canal_n_total_z,us10y,0.0,0.0
2025-05-22,10,pw_panama_canal_n_total_z,wti,0.04317367609259325,-0.04317367609259325
2025-05-22,10,pw_panama_canal_n_total_z,brent,0.0037100797212279123,-0.0037100797212279123
2025-05-22,10,pw_panama_canal_n_total_z,henry_hub,0.06844438511275092,0.06844438511275092
2025-05-22,10,pw_strait_of_hormuz_capacity_z,audusd,0.07896590835615241,0.04919701646991248
2025-05-22,10,pw_strait_of_hormuz_capacity_z,brlusd,0.0,0.0
2025-05-22,10,pw_strait_of_hormuz_capacity_z,cnyusd,0.0,0.0
2025-05-22,10,pw_strait_of_hormuz_capacity_z,krwusd,0.0,0.0
2025-05-22,10,pw_strait_of_hormuz_capacity_z,eurusd,0.0,0.0
2025-05-22,10,pw_strait_of_hormuz_capacity_z,sp500,0.0,0.0
2025-05-22,10,pw_strait_of_hormuz_capacity_z,vix,0.0,0.0
2025-05-22,10,pw_strait_of_hormuz_capacity_z,us2y,0.10816387253192256,0.0529253225878944
2025-05-22,10,pw_strait_of_hormuz_capacity_z,us10y,0.08796249167591638,0.08796249167591638
2025-05-22,10,pw_strait_of_hormuz_capacity_z,wti,0.16958966746397017,0.11011784674489655
2025-05-22,10,pw_strait_of_hormuz_capacity_z,brent,0.19202689660607553,0.13555502933281105
2025-05-22,10,pw_strait_of_hormuz_capacity_z,henry_hub,0.0,0.0
2025-05-22,10,pw_strait_of_hormuz_n_total_z,audusd,0.04145684710005068,0.033739101515440025
2025-05-22,10,pw_strait_of_hormuz_n_total_z,brlusd,0.016048049259532585,0.016048049259532585
2025-05-22,10,pw_strait_of_hormuz_n_total_z,cnyusd,0.0023563032875586545,0.0023563032875586545
2025-05-22,10,pw_strait_of_hormuz_n_total_z,krwusd,0.0,0.0
2025-05-22,10,pw_strait_of_hormuz_n_total_z,eurusd,0.0,0.0
2025-05-22,10,pw_strait_of_hormuz_n_total_z,sp500,0.0,0.0
2025-05-22,10,pw_strait_of_hormuz_n_total_z,vix,0.0,0.0
2025-05-22,10,pw_strait_of_hormuz_n_total_z,us2y,0.0,0.0
2025-05-22,10,pw_strait_of_hormuz_n_total_z,us10y,0.03490928595426247,0.03490928595426247
2025-05-22,10,pw_strait_of_hormuz_n_total_z,wti,0.0,0.0
2025-05-22,10,pw_strait_of_hormuz_n_total_z,brent,0.0,0.0
2025-05-22,10,pw_strait_of_hormuz_n_total_z,henry_hub,0.0,0.0
2025-05-22,10,pw_suez_canal_capacity_z,audusd,0.0,0.0
2025-05-22,10,pw_suez_canal_capacity_z,brlusd,0.01443555186121078,0.01443555186121078
2025-05-22,10,pw_suez_canal_capacity_z,cnyusd,0.14842654918415218,-0.09426518695622424
2025-05-22,10,pw_suez_canal_capacity_z,krwusd,0.0,0.0
2025-05-22,10,pw_suez_canal_capacity_z,eurusd,0.0,0.0
2025-05-22,10,pw_suez_canal_capacity_z,sp500,0.0516521349999502,-0.0516521349999502
2025-05-22,10,pw_suez_canal_capacity_z,vix,0.04020803657379467,0.04020803657379467
2025-05-22,10,pw_suez_canal_capacity_z,us2y,0.0,0.0
2025-05-22,10,pw_suez_canal_capacity_z,us10y,0.0,0.0
2025-05-22,10,pw_suez_canal_capacity_z,wti,0.0,0.0
2025-05-22,10,pw_suez_canal_capacity_z,brent,0.0,0.0
2025-05-22,10,pw_suez_canal_capacity_z,henry_hub,0.0,0.0
2025-05-22,10,pw_suez_canal_n_total_z,audusd,0.0,0.0
2025-05-22,10,pw_suez_canal_n_total_z,brlusd,0.0,0.0
2025-05-22,10,pw_suez_canal_n_total_z,cnyusd,0.0,0.0
2025-05-22,10,pw_suez_canal_n_total_z,krwusd,0.0,0.0
2025-05-22,10,pw_suez_canal_n_total_z,eurusd,0.0,0.0
2025-05-22,10,pw_suez_canal_n_total_z,sp500,0.0,0.0
2025-05-22,10,pw_suez_canal_n_total_z,vix,0.0,0.0
2025-05-22,10,pw_suez_canal_n_total_z,us2y,0.0,0.0
2025-05-22,10,pw_suez_canal_n_total_z,us10y,0.01769418578471162,-0.015377417105030074
2025-05-22,10,pw_suez_canal_n_total_z,wti,0.0,0.0
2025-05-22,10,pw_suez_canal_n_total_z,brent,0.027687723317924285,0.011819278585722022
2025-05-22,10,pw_suez_canal_n_total_z,henry_hub,0.02270014829729137,0.017747873256756006
2025-06-25,10,audusd,brlusd,0.0,0.0
2025-06-25,10,audusd,cnyusd,0.0,0.0
2025-06-25,10,audusd,krwusd,0.04353950292903091,-0.027233136543724855
2025-06-25,10,audusd,eurusd,0.008566653234534436,-0.008566653234534436
2025-06-25,10,audusd,sp500,0.0,0.0
2025-06-25,10,audusd,vix,0.0,0.0
2025-06-25,10,audusd,us2y,0.0,0.0
2025-06-25,10,audusd,us10y,0.0,0.0
2025-06-25,10,audusd,wti,0.009986113555366886,-0.009772076400507913
2025-06-25,10,audusd,brent,0.005548751702418246,-0.005548751702418246
2025-06-25,10,audusd,henry_hub,0.0,0.0
2025-06-25,10,brlusd,audusd,0.0,0.0
2025-06-25,10,brlusd,cnyusd,0.0100179538303194,0.007650938341175763
2025-06-25,10,brlusd,krwusd,0.0031194738303706574,0.0031194738303706574
2025-06-25,10,brlusd,eurusd,0.0,0.0
2025-06-25,10,brlusd,sp500,0.0,0.0
2025-06-25,10,brlusd,vix,0.024710156126771143,0.024710156126771143
2025-06-25,10,brlusd,us2y,0.024517421004713068,0.01696459964056863
2025-06-25,10,brlusd,us10y,0.0003629296272499521,0.00026046684738348065
2025-06-25,10,brlusd,wti,0.0,0.0
2025-06-25,10,brlusd,brent,0.010865945350989517,-0.0062825315695085055
2025-06-25,10,brlusd,henry_hub,0.0,0.0
2025-06-25,10,cnyusd,audusd,0.0,0.0
2025-06-25,10,cnyusd,brlusd,0.0,0.0
2025-06-25,10,cnyusd,krwusd,0.0033792936119333306,-0.0033792936119333306
2025-06-25,10,cnyusd,eurusd,0.006344793005058331,-0.0035405772955653123
2025-06-25,10,cnyusd,sp500,0.00028630768134680945,0.00028630768134680945
2025-06-25,10,cnyusd,vix,0.0,0.0
2025-06-25,10,cnyusd,us2y,0.026743674372557483,-0.02267720219100997
2025-06-25,10,cnyusd,us10y,0.05804683261542484,0.03452066010696979
2025-06-25,10,cnyusd,wti,0.0,0.0
2025-06-25,10,cnyusd,brent,0.0,0.0
2025-06-25,10,cnyusd,henry_hub,0.0031457180510431624,0.0031457180510431624
2025-06-25,10,krwusd,audusd,0.05747282055850512,0.02575338523256637
2025-06-25,10,krwusd,brlusd,0.0,0.0
2025-06-25,10,krwusd,cnyusd,0.13424685349245075,0.04052423766325462
2025-06-25,10,krwusd,eurusd,0.0,0.0
2025-06-25,10,krwusd,sp500,0.04734775389204467,0.01627448231330019
2025-06-25,10,krwusd,vix,0.007376527821646265,-0.004631897107268605
2025-06-25,10,krwusd,us2y,0.0,0.0
2025-06-25,10,krwusd,us10y,0.05225114651535587,-0.022240126401182118
2025-06-25,10,krwusd,wti,0.0,0.0
2025-06-25,10,krwusd,brent,0.0,0.0
2025-06-25,10,krwusd,henry_hub,0.0,0.0
2025-06-25,10,eurusd,audusd,0.0,0.0
2025-06-25,10,eurusd,brlusd,0.0,0.0
2025-06-25,10,eurusd,cnyusd,0.04867309711521575,0.022596881313647302
2025-06-25,10,eurusd,krwusd,0.044359925402887024,0.044359925402887024
2025-06-25,10,eurusd,sp500,0.0,0.0
2025-06-25,10,eurusd,vix,0.001866788588470689,-0.001151768140903873
2025-06-25,10,eurusd,us2y,0.0,0.0
2025-06-25,10,eurusd,us10y,0.0015815138456833273,-0.0015815138456833273
2025-06-25,10,eurusd,wti,0.0,0.0
2025-06-25,10,eurusd,brent,0.0,0.0
2025-06-25,10,eurusd,henry_hub,0.0,0.0
2025-06-25,10,sp500,audusd,0.05188356130704259,0.04279872200797805
2025-06-25,10,sp500,brlusd,0.03707092530064834,0.03707092530064834
2025-06-25,10,sp500,cnyusd,0.04449296776163625,0.035597874424753796
2025-06-25,10,sp500,krwusd,0.019133131773007673,0.01821485550065398
2025-06-25,10,sp500,eurusd,0.017332424246126008,-0.01536534026534447
2025-06-25,10,sp500,vix,0.12404786686890946,0.048712447345549414
2025-06-25,10,sp500,us2y,0.04083520144092419,0.01772350144281493
2025-06-25,10,sp500,us10y,0.001806737297475121,0.001806737297475121
2025-06-25,10,sp500,wti,0.15209425152737602,-0.05146220819110968
2025-06-25,10,sp500,brent,0.06992081830648275,-0.02588342928614897
2025-06-25,10,sp500,henry_hub,0.0,0.0
2025-06-25,10,vix,audusd,0.010291103614650913,-0.010291103614650913
2025-06-25,10,vix,brlusd,0.0,0.0
2025-06-25,10,vix,cnyusd,0.0033263896158285513,-0.0033263896158285513
2025-06-25,10,vix,krwusd,0.027348583405449323,-0.027348583405449323
2025-06-25,10,vix,eurusd,0.0,0.0
2025-06-25,10,vix,sp500,0.0,0.0
2025-06-25,10,vix,us2y,0.0,0.0
2025-06-25,10,vix,us10y,0.02226185677429452,0.02226185677429452
2025-06-25,10,vix,wti,0.0,0.0
2025-06-25,10,vix,brent,0.0,0.0
2025-06-25,10,vix,henry_hub,0.0,0.0
2025-06-25,10,us2y,audusd,0.0,0.0
2025-06-25,10,us2y,brlusd,0.02391956280397497,-0.01609095302080519
2025-06-25,10,us2y,cnyusd,0.0,0.0
2025-06-25,10,us2y,krwusd,0.019346749419767648,-0.01749099379323838
2025-06-25,10,us2y,eurusd,0.007370981204747494,-0.007370981204747494
2025-06-25,10,us2y,sp500,0.0,0.0
2025-06-25,10,us2y,vix,0.0,0.0
2025-06-25,10,us2y,us10y,0.00044832077358785436,-0.00044832077358785436
2025-06-25,10,us2y,wti,0.008037387796790883,-0.008037387796790883
2025-06-25,10,us2y,brent,0.0,0.0
2025-06-25,10,us2y,henry_hub,0.0,0.0
2025-06-25,10,us10y,audusd,0.038958838732357476,-0.019928943327121734
2025-06-25,10,us10y,brlusd,0.00767005699824814,-0.00767005699824814
2025-06-25,10,us10y,cnyusd,0.016145231085762986,-0.011479958316842113
2025-06-25,10,us10y,krwusd,0.0,0.0
2025-06-25,10,us10y,eurusd,0.04562360518318173,-0.027900011507696516
2025-06-25,10,us10y,sp500,0.05317853262273532,-0.03008455984614781
2025-06-25,10,us10y,vix,0.015564968340229919,0.010755035372952618
2025-06-25,10,us10y,us2y,0.0026368117523432625,-0.0026368117523432625
2025-06-25,10,us10y,wti,0.0,0.0
2025-06-25,10,us10y,brent,0.0,0.0
2025-06-25,10,us10y,henry_hub,0.0,0.0
2025-06-25,10,wti,audusd,0.0,0.0
2025-06-25,10,wti,brlusd,0.0,0.0
2025-06-25,10,wti,cnyusd,0.0008674062848973703,-0.0008674062848973703
2025-06-25,10,wti,krwusd,0.0,0.0
2025-06-25,10,wti,eurusd,0.0,0.0
2025-06-25,10,wti,sp500,0.0,0.0
2025-06-25,10,wti,vix,0.010010746943776617,0.005193471631996094
2025-06-25,10,wti,us2y,0.0,0.0
2025-06-25,10,wti,us10y,0.0,0.0
2025-06-25,10,wti,brent,0.16511223751421478,0.1643865743829427
2025-06-25,10,wti,henry_hub,0.0,0.0
2025-06-25,10,brent,audusd,0.0,0.0
2025-06-25,10,brent,brlusd,0.0,0.0
2025-06-25,10,brent,cnyusd,0.008907275465533996,-0.008907275465533996
2025-06-25,10,brent,krwusd,0.013483271138254697,-0.013483271138254697
2025-06-25,10,brent,eurusd,0.0,0.0
2025-06-25,10,brent,sp500,0.024045279309105962,-0.015456568919978564
2025-06-25,10,brent,vix,0.07655729000351441,0.042085447035283274
2025-06-25,10,brent,us2y,0.0,0.0
2025-06-25,10,brent,us10y,0.0,0.0
2025-06-25,10,brent,wti,0.0,0.0
2025-06-25,10,brent,henry_hub,0.0,0.0
2025-06-25,10,henry_hub,audusd,0.0,0.0
2025-06-25,10,henry_hub,brlusd,0.0,0.0
2025-06-25,10,henry_hub,cnyusd,0.0,0.0
2025-06-25,10,henry_hub,krwusd,0.0,0.0
2025-06-25,10,henry_hub,eurusd,0.0,0.0
2025-06-25,10,henry_hub,sp500,0.0027419982543570396,-0.0027419982543570396
2025-06-25,10,henry_hub,vix,0.01308956478036886,0.007143575551710728
2025-06-25,10,henry_hub,us2y,0.0,0.0
2025-06-25,10,henry_hub,us10y,0.0,0.0
2025-06-25,10,henry_hub,wti,0.0,0.0
2025-06-25,10,henry_hub,brent,0.0,0.0
2025-06-25,10,pw_bab_el_mandeb_strait_capacity_z,audusd,0.0,0.0
2025-06-25,10,pw_bab_el_mandeb_strait_capacity_z,brlusd,0.0,0.0
2025-06-25,10,pw_bab_el_mandeb_strait_capacity_z,cnyusd,0.0,0.0
2025-06-25,10,pw_bab_el_mandeb_strait_capacity_z,krwusd,0.0,0.0
2025-06-25,10,pw_bab_el_mandeb_strait_capacity_z,eurusd,0.0,0.0
2025-06-25,10,pw_bab_el_mandeb_strait_capacity_z,sp500,0.0009057106383253545,-0.0009057106383253545
2025-06-25,10,pw_bab_el_mandeb_strait_capacity_z,vix,0.011266540291417175,0.011266540291417175
2025-06-25,10,pw_bab_el_mandeb_strait_capacity_z,us2y,0.03907746727287012,0.03054712638931292
2025-06-25,10,pw_bab_el_mandeb_strait_capacity_z,us10y,0.0,0.0
2025-06-25,10,pw_bab_el_mandeb_strait_capacity_z,wti,0.013032023185418887,-0.013032023185418887
2025-06-25,10,pw_bab_el_mandeb_strait_capacity_z,brent,0.0,0.0
2025-06-25,10,pw_bab_el_mandeb_strait_capacity_z,henry_hub,0.07542883400437815,-0.07542883400437815
2025-06-25,10,pw_bab_el_mandeb_strait_n_total_z,audusd,0.033581943668815645,0.033581943668815645
2025-06-25,10,pw_bab_el_mandeb_strait_n_total_z,brlusd,0.0,0.0
2025-06-25,10,pw_bab_el_mandeb_strait_n_total_z,cnyusd,0.0,0.0
2025-06-25,10,pw_bab_el_mandeb_strait_n_total_z,krwusd,0.02206837278436264,0.011619835064897213
2025-06-25,10,pw_bab_el_mandeb_strait_n_total_z,eurusd,0.12249755641947163,0.12249755641947163
2025-06-25,10,pw_bab_el_mandeb_strait_n_total_z,sp500,0.0,0.0
2025-06-25,10,pw_bab_el_mandeb_strait_n_total_z,vix,0.0,0.0
2025-06-25,10,pw_bab_el_mandeb_strait_n_total_z,us2y,0.0,0.0
2025-06-25,10,pw_bab_el_mandeb_strait_n_total_z,us10y,0.05990126990822671,-0.05363245592324353
2025-06-25,10,pw_bab_el_mandeb_strait_n_total_z,wti,0.0,0.0
2025-06-25,10,pw_bab_el_mandeb_strait_n_total_z,brent,0.0,0.0
2025-06-25,10,pw_bab_el_mandeb_strait_n_total_z,henry_hub,0.016683863660988545,0.016683863660988545
2025-06-25,10,pw_cape_of_good_hope_capacity_z,audusd,0.0,0.0
2025-06-25,10,pw_cape_of_good_hope_capacity_z,brlusd,0.06690196777247098,-0.033139567847298414
2025-06-25,10,pw_cape_of_good_hope_capacity_z,cnyusd,0.1851822176262824,-0.07457828971673908
2025-06-25,10,pw_cape_of_good_hope_capacity_z,krwusd,0.016587660575194823,-0.016587660575194823
2025-06-25,10,pw_cape_of_good_hope_capacity_z,eurusd,0.0,0.0
2025-06-25,10,pw_cape_of_good_hope_capacity_z,sp500,0.007187454993749148,0.007187454993749148
2025-06-25,10,pw_cape_of_good_hope_capacity_z,vix,0.0,0.0
2025-06-25,10,pw_cape_of_good_hope_capacity_z,us2y,0.02318679433906487,0.02318679433906487
2025-06-25,10,pw_cape_of_good_hope_capacity_z,us10y,0.02508492072856653,0.02508492072856653
2025-06-25,10,pw_cape_of_good_hope_capacity_z,wti,0.0,0.0
2025-06-25,10,pw_cape_of_good_hope_capacity_z,brent,0.11695194979630053,0.08909801725794497
2025-06-25,10,pw_cape_of_good_hope_capacity_z,henry_hub,0.12584038133696832,-0.04675808604333286
2025-06-25,10,pw_cape_of_good_hope_n_total_z,audusd,0.0,0.0
2025-06-25,10,pw_cape_of_good_hope_n_total_z,brlusd,0.0,0.0
2025-06-25,10,pw_cape_of_good_hope_n_total_z,cnyusd,0.0,0.0
2025-06-25,10,pw_cape_of_good_hope_n_total_z,krwusd,0.027042835748846476,-0.025767657001710936
2025-06-25,10,pw_cape_of_good_hope_n_total_z,eurusd,0.0,0.0
2025-06-25,10,pw_cape_of_good_hope_n_total_z,sp500,0.0607826847308732,0.04088465721313523
2025-06-25,10,pw_cape_of_good_hope_n_total_z,vix,0.03807075778291122,-0.018793211717839525
2025-06-25,10,pw_cape_of_good_hope_n_total_z,us2y,0.07873784295686746,0.063038258416075
2025-06-25,10,pw_cape_of_good_hope_n_total_z,us10y,0.0,0.0
2025-06-25,10,pw_cape_of_good_hope_n_total_z,wti,0.0,0.0
2025-06-25,10,pw_cape_of_good_hope_n_total_z,brent,0.024160359960943612,-0.024160359960943612
2025-06-25,10,pw_cape_of_good_hope_n_total_z,henry_hub,0.19893160172608798,0.080750741550059
2025-06-25,10,pw_malacca_strait_capacity_z,audusd,0.0,0.0
2025-06-25,10,pw_malacca_strait_capacity_z,brlusd,0.034386770833333316,0.01836342299058784
2025-06-25,10,pw_malacca_strait_capacity_z,cnyusd,0.0,0.0
2025-06-25,10,pw_malacca_strait_capacity_z,krwusd,0.08843126137268947,0.0441627905912691
2025-06-25,10,pw_malacca_strait_capacity_z,eurusd,0.0,0.0
2025-06-25,10,pw_malacca_strait_capacity_z,sp500,0.0,0.0
2025-06-25,10,pw_malacca_strait_capacity_z,vix,0.020216695812210236,-0.020216695812210236
2025-06-25,10,pw_malacca_strait_capacity_z,us2y,0.08363332900933428,0.07991745806277151
2025-06-25,10,pw_malacca_strait_capacity_z,us10y,0.0,0.0
2025-06-25,10,pw_malacca_strait_capacity_z,wti,0.00450868200166258,0.00450868200166258
2025-06-25,10,pw_malacca_strait_capacity_z,brent,0.0,0.0
2025-06-25,10,pw_malacca_strait_capacity_z,henry_hub,0.0,0.0
2025-06-25,10,pw_malacca_strait_n_total_z,audusd,0.021051021673824416,-0.015668269657075566
2025-06-25,10,pw_malacca_strait_n_total_z,brlusd,0.031409784918537784,0.0269894298807801
2025-06-25,10,pw_malacca_strait_n_total_z,cnyusd,0.1340512425201972,-0.10679241757984852
2025-06-25,10,pw_malacca_strait_n_total_z,krwusd,0.09844239831119099,-0.0634833315418557
2025-06-25,10,pw_malacca_strait_n_total_z,eurusd,0.14476199843453033,-0.05641405275463526
2025-06-25,10,pw_malacca_strait_n_total_z,sp500,0.06491466928892421,-0.02153881101060279
2025-06-25,10,pw_malacca_strait_n_total_z,vix,0.0,0.0
2025-06-25,10,pw_malacca_strait_n_total_z,us2y,0.06551424517731687,0.06551424517731687
2025-06-25,10,pw_malacca_strait_n_total_z,us10y,0.061551436592288164,0.061551436592288164
2025-06-25,10,pw_malacca_strait_n_total_z,wti,0.0,0.0
2025-06-25,10,pw_malacca_strait_n_total_z,brent,0.028336901274795552,-0.028336901274795552
2025-06-25,10,pw_malacca_strait_n_total_z,henry_hub,0.06736194573044463,0.06458613179298235
2025-06-25,10,pw_panama_canal_capacity_z,audusd,0.04586655092704898,-0.04586655092704898
2025-06-25,10,pw_panama_canal_capacity_z,brlusd,0.004675690144586281,-0.004675690144586281
2025-06-25,10,pw_panama_canal_capacity_z,cnyusd,0.04075909911718123,-0.04075909911718123
2025-06-25,10,pw_panama_canal_capacity_z,krwusd,0.09229234320807057,-0.09229234320807057
2025-06-25,10,pw_panama_canal_capacity_z,eurusd,0.007662332244308758,-0.007662332244308758
2025-06-25,10,pw_panama_canal_capacity_z,sp500,0.014047728404462802,0.014047728404462802
2025-06-25,10,pw_panama_canal_capacity_z,vix,0.05791833703868855,-0.05791833703868855
2025-06-25,10,pw_panama_canal_capacity_z,us2y,0.0,0.0
2025-06-25,10,pw_panama_canal_capacity_z,us10y,0.06035654118822241,0.05415615742225261
2025-06-25,10,pw_panama_canal_capacity_z,wti,0.0,0.0
2025-06-25,10,pw_panama_canal_capacity_z,brent,0.0,0.0
2025-06-25,10,pw_panama_canal_capacity_z,henry_hub,0.0,0.0
2025-06-25,10,pw_panama_canal_n_total_z,audusd,0.06474620570495662,-0.033052336597308135
2025-06-25,10,pw_panama_canal_n_total_z,brlusd,0.0,0.0
2025-06-25,10,pw_panama_canal_n_total_z,cnyusd,0.0076113337028077144,-0.0076113337028077144
2025-06-25,10,pw_panama_canal_n_total_z,krwusd,0.0,0.0
2025-06-25,10,pw_panama_canal_n_total_z,eurusd,0.01680926796913571,-0.01680926796913571
2025-06-25,10,pw_panama_canal_n_total_z,sp500,0.0,0.0
2025-06-25,10,pw_panama_canal_n_total_z,vix,0.0,0.0
2025-06-25,10,pw_panama_canal_n_total_z,us2y,0.010669585057892297,0.010669585057892297
2025-06-25,10,pw_panama_canal_n_total_z,us10y,0.0,0.0
2025-06-25,10,pw_panama_canal_n_total_z,wti,0.04346998519475158,-0.04346998519475158
2025-06-25,10,pw_panama_canal_n_total_z,brent,0.005349129170814283,-0.005349129170814283
2025-06-25,10,pw_panama_canal_n_total_z,henry_hub,0.06773577937307355,0.06773577937307355
2025-06-25,10,pw_strait_of_hormuz_capacity_z,audusd,0.08041929177536775,0.05084525837399
2025-06-25,10,pw_strait_of_hormuz_capacity_z,brlusd,0.0,0.0
2025-06-25,10,pw_strait_of_hormuz_capacity_z,cnyusd,0.0,0.0
2025-06-25,10,pw_strait_of_hormuz_capacity_z,krwusd,0.0,0.0
2025-06-25,10,pw_strait_of_hormuz_capacity_z,eurusd,0.0,0.0
2025-06-25,10,pw_strait_of_hormuz_capacity_z,sp500,0.0,0.0
2025-06-25,10,pw_strait_of_hormuz_capacity_z,vix,0.0,0.0
2025-06-25,10,pw_strait_of_hormuz_capacity_z,us2y,0.10719395060275538,0.05628038623295208
2025-06-25,10,pw_strait_of_hormuz_capacity_z,us10y,0.08755563822902397,0.08755563822902397
2025-06-25,10,pw_strait_of_hormuz_capacity_z,wti,0.16708966335250464,0.10509386158593623
2025-06-25,10,pw_strait_of_hormuz_capacity_z,brent,0.18854464144734284,0.13037296721921915
2025-06-25,10,pw_strait_of_hormuz_capacity_z,henry_hub,0.0,0.0
2025-06-25,10,pw_strait_of_hormuz_n_total_z,audusd,0.037924000382265954,0.03138546826104289
2025-06-25,10,pw_strait_of_hormuz_n_total_z,brlusd,0.012654873462291442,0.00878932733442623
2025-06-25,10,pw_strait_of_hormuz_n_total_z,cnyusd,0.004101953605011563,0.004101953605011563
2025-06-25,10,pw_strait_of_hormuz_n_total_z,krwusd,0.0,0.0
2025-06-25,10,pw_strait_of_hormuz_n_total_z,eurusd,0.0,0.0
2025-06-25,10,pw_strait_of_hormuz_n_total_z,sp500,0.0,0.0
2025-06-25,10,pw_strait_of_hormuz_n_total_z,vix,0.0,0.0
2025-06-25,10,pw_strait_of_hormuz_n_total_z,us2y,0.0,0.0
2025-06-25,10,pw_strait_of_hormuz_n_total_z,us10y,0.036821935057313654,0.036821935057313654
2025-06-25,10,pw_strait_of_hormuz_n_total_z,wti,0.0,0.0
2025-06-25,10,pw_strait_of_hormuz_n_total_z,brent,0.0,0.0
2025-06-25,10,pw_strait_of_hormuz_n_total_z,henry_hub,0.0,0.0
2025-06-25,10,pw_suez_canal_capacity_z,audusd,0.0,0.0
2025-06-25,10,pw_suez_canal_capacity_z,brlusd,0.014793974186459847,0.014793974186459847
2025-06-25,10,pw_suez_canal_capacity_z,cnyusd,0.14220666924609543,-0.09148100480346547
2025-06-25,10,pw_suez_canal_capacity_z,krwusd,0.0,0.0
2025-06-25,10,pw_suez_canal_capacity_z,eurusd,0.0,0.0
2025-06-25,10,pw_suez_canal_capacity_z,sp500,0.05125721273098509,-0.05125721273098509
2025-06-25,10,pw_suez_canal_capacity_z,vix,0.043201989685898,0.043201989685898
2025-06-25,10,pw_suez_canal_capacity_z,us2y,0.0,0.0
2025-06-25,10,pw_suez_canal_capacity_z,us10y,0.0,0.0
2025-06-25,10,pw_suez_canal_capacity_z,wti,0.0,0.0
2025-06-25,10,pw_suez_canal_capacity_z,brent,0.0,0.0
2025-06-25,10,pw_suez_canal_capacity_z,henry_hub,0.0,0.0
2025-06-25,10,pw_suez_canal_n_total_z,audusd,0.0,0.0
2025-06-25,10,pw_suez_canal_n_total_z,brlusd,0.0,0.0
2025-06-25,10,pw_suez_canal_n_total_z,cnyusd,0.0,0.0
2025-06-25,10,pw_suez_canal_n_total_z,krwusd,0.0,0.0
2025-06-25,10,pw_suez_canal_n_total_z,eurusd,0.0,0.0
2025-06-25,10,pw_suez_canal_n_total_z,sp500,0.0,0.0
2025-06-25,10,pw_suez_canal_n_total_z,vix,0.0,0.0
2025-06-25,10,pw_suez_canal_n_total_z,us2y,0.0,0.0
2025-06-25,10,pw_suez_canal_n_total_z,us10y,0.016079216665220743,-0.016079216665220743
2025-06-25,10,pw_suez_canal_n_total_z,wti,0.0,0.0
2025-06-25,10,pw_suez_canal_n_total_z,brent,0.0319825651771192,0.013580135820834036
2025-06-25,10,pw_suez_canal_n_total_z,henry_hub,0.015771308880075968,0.015771308880075968
2025-07-25,10,audusd,brlusd,0.0,0.0
2025-07-25,10,audusd,cnyusd,0.0,0.0
2025-07-25,10,audusd,krwusd,0.050881408160648144,-0.03045187424041015
2025-07-25,10,audusd,eurusd,0.008487552056251069,-0.008487552056251069
2025-07-25,10,audusd,sp500,0.0,0.0
2025-07-25,10,audusd,vix,0.0,0.0
2025-07-25,10,audusd,us2y,0.0,0.0
2025-07-25,10,audusd,us10y,0.0,0.0
2025-07-25,10,audusd,wti,0.007694378624479103,-0.007694378624479103
2025-07-25,10,audusd,brent,0.002823276189675521,-0.002823276189675521
2025-07-25,10,audusd,henry_hub,0.0,0.0
2025-07-25,10,brlusd,audusd,0.0,0.0
2025-07-25,10,brlusd,cnyusd,0.007923772531728742,0.006458389133255221
2025-07-25,10,brlusd,krwusd,0.0019074823990182636,0.0019074823990182636
2025-07-25,10,brlusd,eurusd,0.0,0.0
2025-07-25,10,brlusd,sp500,0.0,0.0
2025-07-25,10,brlusd,vix,0.023059326551324023,0.023059326551324023
2025-07-25,10,brlusd,us2y,0.020926719471368545,0.01588018740621125
2025-07-25,10,brlusd,us10y,0.0,0.0
2025-07-25,10,brlusd,wti,0.0002667039683222885,-0.0002667039683222885
2025-07-25,10,brlusd,brent,0.011979921859053552,-0.006435950653108798
2025-07-25,10,brlusd,henry_hub,0.0,0.0
2025-07-25,10,cnyusd,audusd,0.0,0.0
2025-07-25,10,cnyusd,brlusd,0.0,0.0
2025-07-25,10,cnyusd,krwusd,0.0024201183567035462,-0.0024201183567035462
2025-07-25,10,cnyusd,eurusd,0.004323701934080362,-0.002351020648885636
2025-07-25,10,cnyusd,sp500,0.0,0.0
2025-07-25,10,cnyusd,vix,0.0,0.0
2025-07-25,10,cnyusd,us2y,0.024410437501803713,-0.02187770160004648
2025-07-25,10,cnyusd,us10y,0.05666501067167581,0.03337449774569435
2025-07-25,10,cnyusd,wti,0.0,0.0
2025-07-25,10,cnyusd,brent,0.0,0.0
2025-07-25,10,cnyusd,henry_hub,0.0034973770049123174,0.0034973770049123174
2025-07-25,10,krwusd,audusd,0.04972705832317372,0.023211988380097935
2025-07-25,10,krwusd,brlusd,0.0,0.0
2025-07-25,10,krwusd,cnyusd,0.13090279993103188,0.03943110392203545
2025-07-25,10,krwusd,eurusd,0.0,0.0
2025-07-25,10,krwusd,sp500,0.04475444128239367,0.016095218969386864
2025-07-25,10,krwusd,vix,0.000591281799565928,-0.000591281799565928
2025-07-25,10,krwusd,us2y,0.0,0.0
2025-07-25,10,krwusd,us10y,0.04867825013815509,-0.022240343978905584
2025-07-25,10,krwusd,wti,0.0,0.0
2025-07-25,10,krwusd,brent,0.0,0.0
2025-07-25,10,krwusd,henry_hub,0.0,0.0
2025-07-25,10,eurusd,audusd,0.0,0.0
2025-07-25,10,eurusd,brlusd,0.0,0.0
2025-07-25,10,eurusd,cnyusd,0.048889998708844765,0.02261827977035172
2025-07-25,10,eurusd,krwusd,0.041609276582188735,0.041609276582188735
2025-07-25,10,eurusd,sp500,0.0,0.0
2025-07-25,10,eurusd,vix,0.007533485743609208,-0.004328532942195989
2025-07-25,10,eurusd,us2y,0.0,0.0
2025-07-25,10,eurusd,us10y,0.001977108473078148,-0.001977108473078148
2025-07-25,10,eurusd,wti,0.0,0.0
2025-07-25,10,eurusd,brent,0.0,0.0
2025-07-25,10,eurusd,henry_hub,0.0,0.0
2025-07-25,10,sp500,audusd,0.052599554158563044,0.04457890613923471
2025-07-25,10,sp500,brlusd,0.03534749419501513,0.03534749419501513
2025-07-25,10,sp500,cnyusd,0.04426825066923032,0.035387591378729405
2025-07-25,10,sp500,krwusd,0.01829013015533809,0.015490378705676081
2025-07-25,10,sp500,eurusd,0.018373756527689033,-0.015476658179802458
2025-07-25,10,sp500,vix,0.111037113218652,0.0448851103104423
2025-07-25,10,sp500,us2y,0.04084943627801519,0.017406154022198618
2025-07-25,10,sp500,us10y,0.0028837774615394184,0.0028837774615394184
2025-07-25,10,sp500,wti,0.15065409495445536,-0.05168078972073431
2025-07-25,10,sp500,brent,0.0710994387918148,-0.02533579126492234
2025-07-25,10,sp500,henry_hub,0.0,0.0
2025-07-25,10,vix,audusd,0.008740369328608296,-0.008740369328608296
2025-07-25,10,vix,brlusd,0.0,0.0
2025-07-25,10,vix,cnyusd,0.003412014368410249,-0.003412014368410249
2025-07-25,10,vix,krwusd,0.028486058922920998,-0.028486058922920998
2025-07-25,10,vix,eurusd,0.0,0.0
2025-07-25,10,vix,sp500,0.0,0.0
2025-07-25,10,vix,us2y,0.0,0.0
2025-07-25,10,vix,us10y,0.020616675903458625,0.020616675903458625
2025-07-25,10,vix,wti,0.0,0.0
2025-07-25,10,vix,brent,0.0,0.0
2025-07-25,10,vix,henry_hub,0.0,0.0
2025-07-25,10,us2y,audusd,0.0,0.0
2025-07-25,10,us2y,brlusd,0.024874332748856233,-0.016569051415364078
2025-07-25,10,us2y,cnyusd,0.0,0.0
2025-07-25,10,us2y,krwusd,0.017915414516978017,-0.017915414516978017
2025-07-25,10,us2y,eurusd,0.003039608809047573,-0.003039608809047573
2025-07-25,10,us2y,sp500,0.0,0.0
2025-07-25,10,us2y,vix,0.0,0.0
2025-07-25,10,us2y,us10y,0.002009415552284877,-0.002009415552284877
2025-07-25,10,us2y,wti,0.005349342034455343,-0.005349342034455343
2025-07-25,10,us2y,brent,0.0,0.0
2025-07-25,10,us2y,henry_hub,0.0,0.0
2025-07-25,10,us10y,audusd,0.04099119360220159,-0.020273101257931244
2025-07-25,10,us10y,brlusd,0.007902108195409974,-0.007902108195409974
2025-07-25,10,us10y,cnyusd,0.017099946167754138,-0.011457039143676448
2025-07-25,10,us10y,krwusd,0.0007301386727623518,-0.0007301386727623518
2025-07-25,10,us10y,eurusd,0.04817725245461085,-0.028204839354655342
2025-07-25,10,us10y,sp500,0.05791995988461897,-0.031891882729449005
2025-07-25,10,us10y,vix,0.018257575720311378,0.012418093182019346
2025-07-25,10,us10y,us2y,0.0015131707227265649,-0.0015131707227265649
2025-07-25,10,us10y,wti,0.0,0.0
2025-07-25,10,us10y,brent,0.0,0.0
2025-07-25,10,us10y,henry_hub,0.0,0.0
2025-07-25,10,wti,audusd,0.0,0.0
2025-07-25,10,wti,brlusd,0.0,0.0
2025-07-25,10,wti,cnyusd,0.0008960050114729467,-0.0008960050114729467
2025-07-25,10,wti,krwusd,0.0,0.0
2025-07-25,10,wti,eurusd,0.0,0.0
2025-07-25,10,wti,sp500,0.0,0.0
2025-07-25,10,wti,vix,0.006077881909863529,0.0038291562723821535
2025-07-25,10,wti,us2y,0.0,0.0
2025-07-25,10,wti,us10y,0.0,0.0
2025-07-25,10,wti,brent,0.16650226274740312,0.16064734821120924
2025-07-25,10,wti,henry_hub,0.0,0.0
2025-07-25,10,brent,audusd,0.0,0.0
2025-07-25,10,brent,brlusd,0.0,0.0
2025-07-25,10,brent,cnyusd,0.00818890330084624,-0.00818890330084624
2025-07-25,10,brent,krwusd,0.01043757102204755,-0.01043757102204755
2025-07-25,10,brent,eurusd,0.0,0.0
2025-07-25,10,brent,sp500,0.021360043399803436,-0.015399779682965119
2025-07-25,10,brent,vix,0.07212130481652027,0.039009134125942674
2025-07-25,10,brent,us2y,0.0,0.0
2025-07-25,10,brent,us10y,0.0,0.0
2025-07-25,10,brent,wti,0.0,0.0
2025-07-25,10,brent,henry_hub,0.0,0.0
2025-07-25,10,henry_hub,audusd,0.002961553875623106,0.0024918990566143396
2025-07-25,10,henry_hub,brlusd,0.0,0.0
2025-07-25,10,henry_hub,cnyusd,0.0,0.0
2025-07-25,10,henry_hub,krwusd,0.0,0.0
2025-07-25,10,henry_hub,eurusd,0.0,0.0
2025-07-25,10,henry_hub,sp500,0.000522653836978265,-0.000522653836978265
2025-07-25,10,henry_hub,vix,0.011451793425003642,0.0062817358424048135
2025-07-25,10,henry_hub,us2y,0.0,0.0
2025-07-25,10,henry_hub,us10y,0.0,0.0
2025-07-25,10,henry_hub,wti,0.0,0.0
2025-07-25,10,henry_hub,brent,0.0,0.0
2025-07-25,10,pw_bab_el_mandeb_strait_capacity_z,audusd,0.0,0.0
2025-07-25,10,pw_bab_el_mandeb_strait_capacity_z,brlusd,0.0,0.0
2025-07-25,10,pw_bab_el_mandeb_strait_capacity_z,cnyusd,0.0,0.0
2025-07-25,10,pw_bab_el_mandeb_strait_capacity_z,krwusd,0.0,0.0
2025-07-25,10,pw_bab_el_mandeb_strait_capacity_z,eurusd,0.0,0.0
2025-07-25,10,pw_bab_el_mandeb_strait_capacity_z,sp500,0.0,0.0
2025-07-25,10,pw_bab_el_mandeb_strait_capacity_z,vix,0.008528832904526473,0.008528832904526473
2025-07-25,10,pw_bab_el_mandeb_strait_capacity_z,us2y,0.035025404592831065,0.028012479878564457
2025-07-25,10,pw_bab_el_mandeb_strait_capacity_z,us10y,0.0,0.0
2025-07-25,10,pw_bab_el_mandeb_strait_capacity_z,wti,0.021273952179153933,-0.021273952179153933
2025-07-25,10,pw_bab_el_mandeb_strait_capacity_z,brent,0.0,0.0
2025-07-25,10,pw_bab_el_mandeb_strait_capacity_z,henry_hub,0.07094698719565531,-0.07094698719565531
2025-07-25,10,pw_bab_el_mandeb_strait_n_total_z,audusd,0.04332416207342839,0.04332416207342839
2025-07-25,10,pw_bab_el_mandeb_strait_n_total_z,brlusd,0.0,0.0
2025-07-25,10,pw_bab_el_mandeb_strait_n_total_z,cnyusd,0.0,0.0
2025-07-25,10,pw_bab_el_mandeb_strait_n_total_z,krwusd,0.02114712855737029,0.011347427058519145
2025-07-25,10,pw_bab_el_mandeb_strait_n_total_z,eurusd,0.13033799807903368,0.13033799807903368
2025-07-25,10,pw_bab_el_mandeb_strait_n_total_z,sp500,0.0,0.0
2025-07-25,10,pw_bab_el_mandeb_strait_n_total_z,vix,0.0,0.0
2025-07-25,10,pw_bab_el_mandeb_strait_n_total_z,us2y,0.0,0.0
2025-07-25,10,pw_bab_el_mandeb_strait_n_total_z,us10y,0.06410948356698268,-0.05612905326158623
2025-07-25,10,pw_bab_el_mandeb_strait_n_total_z,wti,0.0,0.0
2025-07-25,10,pw_bab_el_mandeb_strait_n_total_z,brent,0.0,0.0
2025-07-25,10,pw_bab_el_mandeb_strait_n_total_z,henry_hub,0.017854522390191738,0.017854522390191738
2025-07-25,10,pw_cape_of_good_hope_capacity_z,audusd,0.0,0.0
2025-07-25,10,pw_cape_of_good_hope_capacity_z,brlusd,0.06397869243012488,-0.03014395392306302
2025-07-25,10,pw_cape_of_good_hope_capacity_z,cnyusd,0.186890431714968,-0.07454675982525193
2025-07-25,10,pw_cape_of_good_hope_capacity_z,krwusd,0.011253239305180834,-0.011253239305180834
2025-07-25,10,pw_cape_of_good_hope_capacity_z,eurusd,0.0,0.0
2025-07-25,10,pw_cape_of_good_hope_capacity_z,sp500,0.0018797622986124732,0.0018797622986124732
2025-07-25,10,pw_cape_of_good_hope_capacity_z,vix,0.0,0.0
2025-07-25,10,pw_cape_of_good_hope_capacity_z,us2y,0.02315159698438895,0.02315159698438895
2025-07-25,10,pw_cape_of_good_hope_capacity_z,us10y,0.024524953754005333,0.024524953754005333
2025-07-25,10,pw_cape_of_good_hope_capacity_z,wti,0.00406758999911495,0.00406758999911495
2025-07-25,10,pw_cape_of_good_hope_capacity_z,brent,0.12001653540530852,0.09009128826303509
2025-07-25,10,pw_cape_of_good_hope_capacity_z,henry_hub,0.12762629195649616,-0.04669652335518856
2025-07-25,10,pw_cape_of_good_hope_n_total_z,audusd,0.0,0.0
2025-07-25,10,pw_cape_of_good_hope_n_total_z,brlusd,0.0,0.0
2025-07-25,10,pw_cape_of_good_hope_n_total_z,cnyusd,0.0,0.0
2025-07-25,10,pw_cape_of_good_hope_n_total_z,krwusd,0.02184703112243111,-0.02184703112243111
2025-07-25,10,pw_cape_of_good_hope_n_total_z,eurusd,0.0,0.0
2025-07-25,10,pw_cape_of_good_hope_n_total_z,sp500,0.04648174168951841,0.03041425086520716
2025-07-25,10,pw_cape_of_good_hope_n_total_z,vix,0.029590453078204307,-0.012401657924024865
2025-07-25,10,pw_cape_of_good_hope_n_total_z,us2y,0.08306851510307266,0.06760464603986019
2025-07-25,10,pw_cape_of_good_hope_n_total_z,us10y,0.0,0.0
2025-07-25,10,pw_cape_of_good_hope_n_total_z,wti,0.0,0.0
2025-07-25,10,pw_cape_of_good_hope_n_total_z,brent,0.019996508196348635,-0.019996508196348635
2025-07-25,10,pw_cape_of_good_hope_n_total_z,henry_hub,0.19471844305147593,0.08082261723554521
2025-07-25,10,pw_malacca_strait_capacity_z,audusd,0.0,0.0
2025-07-25,10,pw_malacca_strait_capacity_z,brlusd,0.023859260411463176,0.012025858205768373
2025-07-25,10,pw_malacca_strait_capacity_z,cnyusd,0.0,0.0
2025-07-25,10,pw_malacca_strait_capacity_z,krwusd,0.06681426410319359,0.03806532859094565
2025-07-25,10,pw_malacca_strait_capacity_z,eurusd,0.0,0.0
2025-07-25,10,pw_malacca_strait_capacity_z,sp500,0.0,0.0
2025-07-25,10,pw_malacca_strait_capacity_z,vix,0.025648721298510615,-0.025648721298510615
2025-07-25,10,pw_malacca_strait_capacity_z,us2y,0.07542864536198472,0.07542864536198472
2025-07-25,10,pw_malacca_strait_capacity_z,us10y,0.0,0.0
2025-07-25,10,pw_malacca_strait_capacity_z,wti,0.0,0.0
2025-07-25,10,pw_malacca_strait_capacity_z,brent,0.0,0.0
2025-07-25,10,pw_malacca_strait_capacity_z,henry_hub,0.0,0.0
2025-07-25,10,pw_malacca_strait_n_total_z,audusd,0.014796169374425221,-0.014796169374425221
2025-07-25,10,pw_malacca_strait_n_total_z,brlusd,0.039961136364462954,0.03159435385934759
2025-07-25,10,pw_malacca_strait_n_total_z,cnyusd,0.13376326708691702,-0.1043286820877408
2025-07-25,10,pw_malacca_strait_n_total_z,krwusd,0.08236910345630041,-0.06050571398394715
2025-07-25,10,pw_malacca_strait_n_total_z,eurusd,0.13442741942326453,-0.03987573378045516
2025-07-25,10,pw_malacca_strait_n_total_z,sp500,0.05708521116609211,-0.02301693429840872
2025-07-25,10,pw_malacca_strait_n_total_z,vix,0.0,0.0
2025-07-25,10,pw_malacca_strait_n_total_z,us2y,0.06911610248484748,0.06911610248484748
2025-07-25,10,pw_malacca_strait_n_total_z,us10y,0.059297072547060334,0.059297072547060334
2025-07-25,10,pw_malacca_strait_n_total_z,wti,0.0,0.0
2025-07-25,10,pw_malacca_strait_n_total_z,brent,0.03507343875531871,-0.03507343875531871
2025-07-25,10,pw_malacca_strait_n_total_z,henry_hub,0.07558476597713348,0.06362624187526757
2025-07-25,10,pw_panama_canal_capacity_z,audusd,0.04254709643092465,-0.04254709643092465
2025-07-25,10,pw_panama_canal_capacity_z,brlusd,0.002936214469277473,-0.002936214469277473
2025-07-25,10,pw_panama_canal_capacity_z,cnyusd,0.03965865549906672,-0.03965865549906672
2025-07-25,10,pw_panama_canal_capacity_z,krwusd,0.08883724441815583,-0.08883724441815583
2025-07-25,10,pw_panama_canal_capacity_z,eurusd,0.001830564493407224,-0.001830564493407224
2025-07-25,10,pw_panama_canal_capacity_z,sp500,0.0023006281837483107,0.0023006281837483107
2025-07-25,10,pw_panama_canal_capacity_z,vix,0.052453484287806065,-0.052453484287806065
2025-07-25,10,pw_panama_canal_capacity_z,us2y,0.0,0.0
2025-07-25,10,pw_panama_canal_capacity_z,us10y,0.05880164897718191,0.05175524231589949
2025-07-25,10,pw_panama_canal_capacity_z,wti,0.0,0.0
2025-07-25,10,pw_panama_canal_capacity_z,brent,0.0,0.0
2025-07-25,10,pw_panama_canal_capacity_z,henry_hub,0.0,0.0
2025-07-25,10,pw_panama_canal_n_total_z,audusd,0.07402442324882011,-0.038006867820245586
2025-07-25,10,pw_panama_canal_n_total_z,brlusd,0.0,0.0
2025-07-25,10,pw_panama_canal_n_total_z,cnyusd,0.009273552346951139,-0.009273552346951139
2025-07-25,10,pw_panama_canal_n_total_z,krwusd,0.0,0.0
2025-07-25,10,pw_panama_canal_n_total_z,eurusd,0.024984995498285846,-0.01928206914784251
2025-07-25,10,pw_panama_canal_n_total_z,sp500,0.0,0.0
2025-07-25,10,pw_panama_canal_n_total_z,vix,0.0,0.0
2025-07-25,10,pw_panama_canal_n_total_z,us2y,0.010406484567883754,0.010406484567883754
2025-07-25,10,pw_panama_canal_n_total_z,us10y,0.0,0.0
2025-07-25,10,pw_panama_canal_n_total_z,wti,0.036535568072969954,-0.036535568072969954
2025-07-25,10,pw_panama_canal_n_total_z,brent,0.0,0.0
2025-07-25,10,pw_panama_canal_n_total_z,henry_hub,0.060584097323599574,0.060584097323599574
2025-07-25,10,pw_strait_of_hormuz_capacity_z,audusd,0.08223834557121912,0.046332459970707014
2025-07-25,10,pw_strait_of_hormuz_capacity_z,brlusd,0.0,0.0
2025-07-25,10,pw_strait_of_hormuz_capacity_z,cnyusd,0.0,0.0
2025-07-25,10,pw_strait_of_hormuz_capacity_z,krwusd,0.0,0.0
2025-07-25,10,pw_strait_of_hormuz_capacity_z,eurusd,0.0,0.0
2025-07-25,10,pw_strait_of_hormuz_capacity_z,sp500,0.002065899520152112,0.002065899520152112
2025-07-25,10,pw_strait_of_hormuz_capacity_z,vix,0.0,0.0
2025-07-25,10,pw_strait_of_hormuz_capacity_z,us2y,0.10810707733825811,0.05309843210596254
2025-07-25,10,pw_strait_of_hormuz_capacity_z,us10y,0.08745280489155154,0.08745280489155154
2025-07-25,10,pw_strait_of_hormuz_capacity_z,wti,0.16559041081421366,0.10145039426138752
2025-07-25,10,pw_strait_of_hormuz_capacity_z,brent,0.18859409446909126,0.12783841074339092
2025-07-25,10,pw_strait_of_hormuz_capacity_z,henry_hub,0.0,0.0
2025-07-25,10,pw_strait_of_hormuz_n_total_z,audusd,0.03490625221016317,0.021206851268544363
2025-07-25,10,pw_strait_of_hormuz_n_total_z,brlusd,0.009863009302857554,0.007208433788326658
2025-07-25,10,pw_strait_of_hormuz_n_total_z,cnyusd,0.003942479608321084,0.003942479608321084
2025-07-25,10,pw_strait_of_hormuz_n_total_z,krwusd,0.0,0.0
2025-07-25,10,pw_strait_of_hormuz_n_total_z,eurusd,0.0,0.0
2025-07-25,10,pw_strait_of_hormuz_n_total_z,sp500,0.0,0.0
2025-07-25,10,pw_strait_of_hormuz_n_total_z,vix,0.0,0.0
2025-07-25,10,pw_strait_of_hormuz_n_total_z,us2y,0.0,0.0
2025-07-25,10,pw_strait_of_hormuz_n_total_z,us10y,0.03973264255146979,0.03973264255146979
2025-07-25,10,pw_strait_of_hormuz_n_total_z,wti,0.0,0.0
2025-07-25,10,pw_strait_of_hormuz_n_total_z,brent,0.0,0.0
2025-07-25,10,pw_strait_of_hormuz_n_total_z,henry_hub,0.0,0.0
2025-07-25,10,pw_suez_canal_capacity_z,audusd,0.0,0.0
2025-07-25,10,pw_suez_canal_capacity_z,brlusd,0.013649906998753287,0.013649906998753287
2025-07-25,10,pw_suez_canal_capacity_z,cnyusd,0.1416033045728652,-0.09209292383160897
2025-07-25,10,pw_suez_canal_capacity_z,krwusd,0.0,0.0
2025-07-25,10,pw_suez_canal_capacity_z,eurusd,0.0,0.0
2025-07-25,10,pw_suez_canal_capacity_z,sp500,0.0467119080399512,-0.0467119080399512
2025-07-25,10,pw_suez_canal_capacity_z,vix,0.04078548746301388,0.04078548746301388
2025-07-25,10,pw_suez_canal_capacity_z,us2y,0.0,0.0
2025-07-25,10,pw_suez_canal_capacity_z,us10y,0.0,0.0
2025-07-25,10,pw_suez_canal_capacity_z,wti,0.0,0.0
2025-07-25,10,pw_suez_canal_capacity_z,brent,0.0,0.0
2025-07-25,10,pw_suez_canal_capacity_z,henry_hub,0.0,0.0
2025-07-25,10,pw_suez_canal_n_total_z,audusd,0.0,0.0
2025-07-25,10,pw_suez_canal_n_total_z,brlusd,0.0,0.0
2025-07-25,10,pw_suez_canal_n_total_z,cnyusd,0.0,0.0
2025-07-25,10,pw_suez_canal_n_total_z,krwusd,0.0,0.0
2025-07-25,10,pw_suez_canal_n_total_z,eurusd,0.0,0.0
2025-07-25,10,pw_suez_canal_n_total_z,sp500,0.0,0.0
2025-07-25,10,pw_suez_canal_n_total_z,vix,0.0,0.0
2025-07-25,10,pw_suez_canal_n_total_z,us2y,0.0,0.0
2025-07-25,10,pw_suez_canal_n_total_z,us10y,0.014331355244472878,-0.014331355244472878
2025-07-25,10,pw_suez_canal_n_total_z,wti,0.0,0.0
2025-07-25,10,pw_suez_canal_n_total_z,brent,0.025355841133525788,0.011345788626757239
2025-07-25,10,pw_suez_canal_n_total_z,henry_hub,0.016113777948824754,0.016113777948824754
2025-08-22,10,audusd,brlusd,0.00017149313443807088,-0.00017149313443807088
2025-08-22,10,audusd,cnyusd,0.0,0.0
2025-08-22,10,audusd,krwusd,0.05613255608404098,-0.03209485129575252
2025-08-22,10,audusd,eurusd,0.010586379046698092,-0.010586379046698092
2025-08-22,10,audusd,sp500,0.0,0.0
2025-08-22,10,audusd,vix,0.0,0.0
2025-08-22,10,audusd,us2y,0.0,0.0
2025-08-22,10,audusd,us10y,0.0,0.0
2025-08-22,10,audusd,wti,0.005056475733274096,-0.005056475733274096
2025-08-22,10,audusd,brent,0.00017320444726678504,-0.00017320444726678504
2025-08-22,10,audusd,henry_hub,0.0,0.0
2025-08-22,10,brlusd,audusd,0.0,0.0
2025-08-22,10,brlusd,cnyusd,0.00803790719858099,0.0070062401489988605
2025-08-22,10,brlusd,krwusd,0.001707510862406145,0.001707510862406145
2025-08-22,10,brlusd,eurusd,0.0,0.0
2025-08-22,10,brlusd,sp500,0.0,0.0
2025-08-22,10,brlusd,vix,0.023900119346973715,0.023900119346973715
2025-08-22,10,brlusd,us2y,0.024373756554678803,0.01737295343562205
2025-08-22,10,brlusd,us10y,0.0015137594036193484,0.0015137594036193484
2025-08-22,10,brlusd,wti,0.0,0.0
2025-08-22,10,brlusd,brent,0.010211845301912718,-0.005954226451921231
2025-08-22,10,brlusd,henry_hub,0.0,0.0
2025-08-22,10,cnyusd,audusd,0.0,0.0
2025-08-22,10,cnyusd,brlusd,0.0,0.0
2025-08-22,10,cnyusd,krwusd,0.0011608574223744247,-0.0011608574223744247
2025-08-22,10,cnyusd,eurusd,0.006025777125459677,-0.00380009203988076
2025-08-22,10,cnyusd,sp500,0.0,0.0
2025-08-22,10,cnyusd,vix,0.0,0.0
2025-08-22,10,cnyusd,us2y,0.022267016370417222,-0.02043320724224323
2025-08-22,10,cnyusd,us10y,0.05270994000272179,0.03162965888792463
2025-08-22,10,cnyusd,wti,0.0,0.0
2025-08-22,10,cnyusd,brent,0.0,0.0
2025-08-22,10,cnyusd,henry_hub,0.0034840700362260757,0.0034840700362260757
2025-08-22,10,krwusd,audusd,0.047323684272459664,0.021815510832995537
2025-08-22,10,krwusd,brlusd,0.0,0.0
2025-08-22,10,krwusd,cnyusd,0.12875890300272444,0.038705044099298695
2025-08-22,10,krwusd,eurusd,0.0,0.0
2025-08-22,10,krwusd,sp500,0.039055015015942066,0.013933820157344156
2025-08-22,10,krwusd,vix,0.0010430409607332261,-0.0010430409607332261
2025-08-22,10,krwusd,us2y,0.0,0.0
2025-08-22,10,krwusd,us10y,0.0430888107654846,-0.019487576411434084
2025-08-22,10,krwusd,wti,0.0,0.0
2025-08-22,10,krwusd,brent,0.0,0.0
2025-08-22,10,krwusd,henry_hub,0.0,0.0
2025-08-22,10,eurusd,audusd,0.0,0.0
2025-08-22,10,eurusd,brlusd,0.0,0.0
2025-08-22,10,eurusd,cnyusd,0.04544599314065158,0.02094401700996963
2025-08-22,10,eurusd,krwusd,0.039496612774960055,0.039496612774960055
2025-08-22,10,eurusd,sp500,0.0,0.0
2025-08-22,10,eurusd,vix,0.002276469390790953,-0.0021209381450289885
2025-08-22,10,eurusd,us2y,0.0,0.0
2025-08-22,10,eurusd,us10y,0.0,0.0
2025-08-22,10,eurusd,wti,0.0,0.0
2025-08-22,10,eurusd,brent,0.0,0.0
2025-08-22,10,eurusd,henry_hub,0.0,0.0
2025-08-22,10,sp500,audusd,0.05250574112524771,0.04387801930388634
2025-08-22,10,sp500,brlusd,0.03445957474934021,0.03445957474934021
2025-08-22,10,sp500,cnyusd,0.043420944259464564,0.034753536244804706
2025-08-22,10,sp500,krwusd,0.0169520693930474,0.015013917423900236
2025-08-22,10,sp500,eurusd,0.01930111007646651,-0.015827738438093247
2025-08-22,10,sp500,vix,0.10983728543571306,0.04510403347051551
2025-08-22,10,sp500,us2y,0.0365686611727111,0.016050615977021118
2025-08-22,10,sp500,us10y,0.0009042910174887371,0.0009042910174887371
2025-08-22,10,sp500,wti,0.14972205815065318,-0.051754774731174374
2025-08-22,10,sp500,brent,0.07387124155971948,-0.026478591682887662
2025-08-22,10,sp500,henry_hub,0.0,0.0
2025-08-22,10,vix,audusd,0.007876937983313617,-0.007876937983313617
2025-08-22,10,vix,brlusd,0.0,0.0
2025-08-22,10,vix,cnyusd,0.0021978201843199565,-0.0021978201843199565
2025-08-22,10,vix,krwusd,0.028175691101164847,-0.028175691101164847
2025-08-22,10,vix,eurusd,0.0,0.0
2025-08-22,10,vix,sp500,0.0,0.0
2025-08-22,10,vix,us2y,0.0,0.0
2025-08-22,10,vix,us10y,0.020466378298637705,0.020466378298637705
2025-08-22,10,vix,wti,0.0,0.0
2025-08-22,10,vix,brent,0.0,0.0
2025-08-22,10,vix,henry_hub,0.0,0.0
2025-08-22,10,us2y,audusd,0.0,0.0
2025-08-22,10,us2y,brlusd,0.021814388773019912,-0.016061916479220076
2025-08-22,10,us2y,cnyusd,0.0,0.0
2025-08-22,10,us2y,krwusd,0.016268586464660742,-0.016268586464660742
2025-08-22,10,us2y,eurusd,0.0004277299093635867,-0.0004277299093635867
2025-08-22,10,us2y,sp500,0.0,0.0
2025-08-22,10,us2y,vix,0.0,0.0
2025-08-22,10,us2y,us10y,0.0035168846298523782,-0.0035168846298523782
2025-08-22,10,us2y,wti,0.0018120141271993169,-0.0018120141271993169
2025-08-22,10,us2y,brent,0.0,0.0
2025-08-22,10,us2y,henry_hub,0.0,0.0
2025-08-22,10,us10y,audusd,0.03651213600811124,-0.018788491681295982
2025-08-22,10,us10y,brlusd,0.012739492166825087,-0.010992857730148272
2025-08-22,10,us10y,cnyusd,0.017746081025289184,-0.010894483290509112
2025-08-22,10,us10y,krwusd,0.00283184172470179,-0.00283184172470179
2025-08-22,10,us10y,eurusd,0.048782038453402815,-0.02690976147367668
2025-08-22,10,us10y,sp500,0.05841078744978814,-0.03213085805992205
2025-08-22,10,us10y,vix,0.01823234422546435,0.012276341287834952
2025-08-22,10,us10y,us2y,0.0,0.0
2025-08-22,10,us10y,wti,0.0,0.0
2025-08-22,10,us10y,brent,0.0,0.0
2025-08-22,10,us10y,henry_hub,0.0,0.0
2025-08-22,10,wti,audusd,0.0,0.0
2025-08-22,10,wti,brlusd,0.0,0.0
2025-08-22,10,wti,cnyusd,0.00018636807208765905,-0.00018636807208765905
2025-08-22,10,wti,krwusd,0.0,0.0
2025-08-22,10,wti,eurusd,0.0,0.0
2025-08-22,10,wti,sp500,0.0,0.0
2025-08-22,10,wti,vix,0.0036077055524809942,0.0022116581223409794
2025-08-22,10,wti,us2y,0.0,0.0
2025-08-22,10,wti,us10y,0.0,0.0
2025-08-22,10,wti,brent,0.16540009377815929,0.15954566251392827
2025-08-22,10,wti,henry_hub,0.0,0.0
2025-08-22,10,brent,audusd,0.0,0.0
2025-08-22,10,brent,brlusd,0.0,0.0
2025-08-22,10,brent,cnyusd,0.008510688020241079,-0.008510688020241079
2025-08-22,10,brent,krwusd,0.007771498931802762,-0.007771498931802762
2025-08-22,10,brent,eurusd,0.0,0.0
2025-08-22,10,brent,sp500,0.021638926202658507,-0.016033632829064805
2025-08-22,10,brent,vix,0.07359740154272548,0.03980775842741073
2025-08-22,10,brent,us2y,0.0,0.0
2025-08-22,10,brent,us10y,0.0,0.0
2025-08-22,10,brent,wti,0.0,0.0
2025-08-22,10,brent,henry_hub,0.0,0.0
2025-08-22,10,henry_hub,audusd,0.002808470554448172,0.0020933907512666492
2025-08-22,10,henry_hub,brlusd,0.0,0.0
2025-08-22,10,henry_hub,cnyusd,0.0,0.0
2025-08-22,10,henry_hub,krwusd,0.0,0.0
2025-08-22,10,henry_hub,eurusd,0.0,0.0
2025-08-22,10,henry_hub,sp500,0.0009475107672474114,-0.0009475107672474114
2025-08-22,10,henry_hub,vix,0.012420764217271181,0.00657395589564492
2025-08-22,10,henry_hub,us2y,0.0,0.0
2025-08-22,10,henry_hub,us10y,0.0,0.0
2025-08-22,10,henry_hub,wti,0.0,0.0
2025-08-22,10,henry_hub,brent,0.0,0.0
2025-08-22,10,pw_bab_el_mandeb_strait_capacity_z,audusd,0.0,0.0
2025-08-22,10,pw_bab_el_mandeb_strait_capacity_z,brlusd,0.0,0.0
2025-08-22,10,pw_bab_el_mandeb_strait_capacity_z,cnyusd,0.0,0.0
2025-08-22,10,pw_bab_el_mandeb_strait_capacity_z,krwusd,0.0,0.0
2025-08-22,10,pw_bab_el_mandeb_strait_capacity_z,eurusd,0.0,0.0
2025-08-22,10,pw_bab_el_mandeb_strait_capacity_z,sp500,0.0,0.0
2025-08-22,10,pw_bab_el_mandeb_strait_capacity_z,vix,0.009919935581137088,0.009919935581137088
2025-08-22,10,pw_bab_el_mandeb_strait_capacity_z,us2y,0.02323725694471101,0.022703704782636138
2025-08-22,10,pw_bab_el_mandeb_strait_capacity_z,us10y,0.0,0.0
2025-08-22,10,pw_bab_el_mandeb_strait_capacity_z,wti,0.02868521680641822,-0.02868521680641822
2025-08-22,10,pw_bab_el_mandeb_strait_capacity_z,brent,0.0,0.0
2025-08-22,10,pw_bab_el_mandeb_strait_capacity_z,henry_hub,0.07034301477761316,-0.07034301477761316
2025-08-22,10,pw_bab_el_mandeb_strait_n_total_z,audusd,0.03861132400201642,0.03861132400201642
2025-08-22,10,pw_bab_el_mandeb_strait_n_total_z,brlusd,0.0,0.0
2025-08-22,10,pw_bab_el_mandeb_strait_n_total_z,cnyusd,0.0,0.0
2025-08-22,10,pw_bab_el_mandeb_strait_n_total_z,krwusd,0.016885594842028975,0.010249637871153553
2025-08-22,10,pw_bab_el_mandeb_strait_n_total_z,eurusd,0.12599732391880644,0.12599732391880644
2025-08-22,10,pw_bab_el_mandeb_strait_n_total_z,sp500,0.0,0.0
2025-08-22,10,pw_bab_el_mandeb_strait_n_total_z,vix,0.0,0.0
2025-08-22,10,pw_bab_el_mandeb_strait_n_total_z,us2y,0.0,0.0
2025-08-22,10,pw_bab_el_mandeb_strait_n_total_z,us10y,0.06327297400651569,-0.05476386021513038
2025-08-22,10,pw_bab_el_mandeb_strait_n_total_z,wti,0.0,0.0
2025-08-22,10,pw_bab_el_mandeb_strait_n_total_z,brent,0.0,0.0
2025-08-22,10,pw_bab_el_mandeb_strait_n_total_z,henry_hub,0.01515954586144013,0.01515954586144013
2025-08-22,10,pw_cape_of_good_hope_capacity_z,audusd,0.0,0.0
2025-08-22,10,pw_cape_of_good_hope_capacity_z,brlusd,0.06483739148220022,-0.033960845083258286
2025-08-22,10,pw_cape_of_good_hope_capacity_z,cnyusd,0.18950384469156573,-0.07518584162604974
2025-08-22,10,pw_cape_of_good_hope_capacity_z,krwusd,0.012777642811041216,-0.012777642811041216
2025-08-22,10,pw_cape_of_good_hope_capacity_z,eurusd,0.0,0.0
2025-08-22,10,pw_cape_of_good_hope_capacity_z,sp500,0.0,0.0
2025-08-22,10,pw_cape_of_good_hope_capacity_z,vix,0.0,0.0
2025-08-22,10,pw_cape_of_good_hope_capacity_z,us2y,0.026230978536590406,0.026230978536590406
2025-08-22,10,pw_cape_of_good_hope_capacity_z,us10y,0.022838242046110725,0.022838242046110725
2025-08-22,10,pw_cape_of_good_hope_capacity_z,wti,0.010907200992501769,0.010907200992501769
2025-08-22,10,pw_cape_of_good_hope_capacity_z,brent,0.1255232274804711,0.09479737406897104
2025-08-22,10,pw_cape_of_good_hope_capacity_z,henry_hub,0.1273758272739648,-0.04478858918123433
2025-08-22,10,pw_cape_of_good_hope_n_total_z,audusd,0.0,0.0
2025-08-22,10,pw_cape_of_good_hope_n_total_z,brlusd,0.0,0.0
2025-08-22,10,pw_cape_of_good_hope_n_total_z,cnyusd,0.0,0.0
2025-08-22,10,pw_cape_of_good_hope_n_total_z,krwusd,0.021553406683091653,-0.021553406683091653
2025-08-22,10,pw_cape_of_good_hope_n_total_z,eurusd,0.0,0.0
2025-08-22,10,pw_cape_of_good_hope_n_total_z,sp500,0.04397002550438854,0.026127521722825408
2025-08-22,10,pw_cape_of_good_hope_n_total_z,vix,0.024878932423829204,-0.01136346349301632
2025-08-22,10,pw_cape_of_good_hope_n_total_z,us2y,0.07743725862397949,0.06242612525155245
2025-08-22,10,pw_cape_of_good_hope_n_total_z,us10y,0.0,0.0
2025-08-22,10,pw_cape_of_good_hope_n_total_z,wti,0.0,0.0
2025-08-22,10,pw_cape_of_good_hope_n_total_z,brent,0.02288646294006978,-0.02288646294006978
2025-08-22,10,pw_cape_of_good_hope_n_total_z,henry_hub,0.1915763696503658,0.07923297215518985
2025-08-22,10,pw_malacca_strait_capacity_z,audusd,0.0,0.0
2025-08-22,10,pw_malacca_strait_capacity_z,brlusd,0.020676726084831277,0.012264948883404006
2025-08-22,10,pw_malacca_strait_capacity_z,cnyusd,0.0,0.0
2025-08-22,10,pw_malacca_strait_capacity_z,krwusd,0.06430997972419795,0.037753333045191226
2025-08-22,10,pw_malacca_strait_capacity_z,eurusd,0.0,0.0
2025-08-22,10,pw_malacca_strait_capacity_z,sp500,0.0,0.0
2025-08-22,10,pw_malacca_strait_capacity_z,vix,0.025419136337114224,-0.025419136337114224
2025-08-22,10,pw_malacca_strait_capacity_z,us2y,0.07721470776188702,0.07721470776188702
2025-08-22,10,pw_malacca_strait_capacity_z,us10y,0.0,0.0
2025-08-22,10,pw_malacca_strait_capacity_z,wti,0.0,0.0
2025-08-22,10,pw_malacca_strait_capacity_z,brent,0.0,0.0
2025-08-22,10,pw_malacca_strait_capacity_z,henry_hub,0.0,0.0
2025-08-22,10,pw_malacca_strait_n_total_z,audusd,0.01630893426925386,-0.014359543614930383
2025-08-22,10,pw_malacca_strait_n_total_z,brlusd,0.04405568677765584,0.038912793973845526
2025-08-22,10,pw_malacca_strait_n_total_z,cnyusd,0.13370281144960686,-0.10595774727703797
2025-08-22,10,pw_malacca_strait_n_total_z,krwusd,0.08129853942656257,-0.06118528049297646
2025-08-22,10,pw_malacca_strait_n_total_z,eurusd,0.13290406597573357,-0.042154036664802455
2025-08-22,10,pw_malacca_strait_n_total_z,sp500,0.05714534261999304,-0.026481471517006226
2025-08-22,10,pw_malacca_strait_n_total_z,vix,0.0,0.0
2025-08-22,10,pw_malacca_strait_n_total_z,us2y,0.06304048278030716,0.06304048278030716
2025-08-22,10,pw_malacca_strait_n_total_z,us10y,0.05547871194143866,0.05547871194143866
2025-08-22,10,pw_malacca_strait_n_total_z,wti,0.0,0.0
2025-08-22,10,pw_malacca_strait_n_total_z,brent,0.03384448315322121,-0.03384448315322121
2025-08-22,10,pw_malacca_strait_n_total_z,henry_hub,0.07536970850194462,0.06150112557904215
2025-08-22,10,pw_panama_canal_capacity_z,audusd,0.041966964301851394,-0.041966964301851394
2025-08-22,10,pw_panama_canal_capacity_z,brlusd,0.005174026273587715,-0.005174026273587715
2025-08-22,10,pw_panama_canal_capacity_z,cnyusd,0.03941713415572177,-0.03941713415572177
2025-08-22,10,pw_panama_canal_capacity_z,krwusd,0.08698398733737245,-0.08698398733737245
2025-08-22,10,pw_panama_canal_capacity_z,eurusd,0.0016547143192059,-0.0016547143192059
2025-08-22,10,pw_panama_canal_capacity_z,sp500,0.0,0.0
2025-08-22,10,pw_panama_canal_capacity_z,vix,0.04955262542620611,-0.04955262542620611
2025-08-22,10,pw_panama_canal_capacity_z,us2y,0.0,0.0
2025-08-22,10,pw_panama_canal_capacity_z,us10y,0.05915816780312539,0.055306920471513
2025-08-22,10,pw_panama_canal_capacity_z,wti,0.0,0.0
2025-08-22,10,pw_panama_canal_capacity_z,brent,0.0,0.0
2025-08-22,10,pw_panama_canal_capacity_z,henry_hub,0.0,0.0
2025-08-22,10,pw_panama_canal_n_total_z,audusd,0.07134043774758919,-0.03656300830938632
2025-08-22,10,pw_panama_canal_n_total_z,brlusd,0.0,0.0
2025-08-22,10,pw_panama_canal_n_total_z,cnyusd,0.010304118335426644,-0.010304118335426644
2025-08-22,10,pw_panama_canal_n_total_z,krwusd,0.0,0.0
2025-08-22,10,pw_panama_canal_n_total_z,eurusd,0.023722750779752957,-0.017333916512724527
2025-08-22,10,pw_panama_canal_n_total_z,sp500,0.0,0.0
2025-08-22,10,pw_panama_canal_n_total_z,vix,0.0,0.0
2025-08-22,10,pw_panama_canal_n_total_z,us2y,0.016015478882457884,0.016015478882457884
2025-08-22,10,pw_panama_canal_n_total_z,us10y,0.0,0.0
2025-08-22,10,pw_panama_canal_n_total_z,wti,0.028380745311539717,-0.028380745311539717
2025-08-22,10,pw_panama_canal_n_total_z,brent,0.0,0.0
2025-08-22,10,pw_panama_canal_n_total_z,henry_hub,0.06333591385171349,0.06333591385171349
2025-08-22,10,pw_strait_of_hormuz_capacity_z,audusd,0.08128986504100406,0.042485358747264494
2025-08-22,10,pw_strait_of_hormuz_capacity_z,brlusd,0.0,0.0
2025-08-22,10,pw_strait_of_hormuz_capacity_z,cnyusd,0.0,0.0
2025-08-22,10,pw_strait_of_hormuz_capacity_z,krwusd,0.0,0.0
2025-08-22,10,pw_strait_of_hormuz_capacity_z,eurusd,0.0,0.0
2025-08-22,10,pw_strait_of_hormuz_capacity_z,sp500,0.002918558872414246,0.002918558872414246
2025-08-22,10,pw_strait_of_hormuz_capacity_z,vix,0.0,0.0
2025-08-22,10,pw_strait_of_hormuz_capacity_z,us2y,0.0983792203247183,0.05502645831918916
2025-08-22,10,pw_strait_of_hormuz_capacity_z,us10y,0.08899875441990394,0.08899875441990394
2025-08-22,10,pw_strait_of_hormuz_capacity_z,wti,0.1557607773331917,0.0982083629716413
2025-08-22,10,pw_strait_of_hormuz_capacity_z,brent,0.1815198780307677,0.1268334250143534
2025-08-22,10,pw_strait_of_hormuz_capacity_z,henry_hub,0.0,0.0
2025-08-22,10,pw_strait_of_hormuz_n_total_z,audusd,0.039040185637571626,0.02683141132432669
2025-08-22,10,pw_strait_of_hormuz_n_total_z,brlusd,0.009424025796251737,0.007659249195602505
2025-08-22,10,pw_strait_of_hormuz_n_total_z,cnyusd,0.004578347956668319,0.004578347956668319
2025-08-22,10,pw_strait_of_hormuz_n_total_z,krwusd,0.0,0.0
2025-08-22,10,pw_strait_of_hormuz_n_total_z,eurusd,0.0,0.0
2025-08-22,10,pw_strait_of_hormuz_n_total_z,sp500,0.0,0.0
2025-08-22,10,pw_strait_of_hormuz_n_total_z,vix,0.0,0.0
2025-08-22,10,pw_strait_of_hormuz_n_total_z,us2y,0.008107460709272502,0.008107460709272502
2025-08-22,10,pw_strait_of_hormuz_n_total_z,us10y,0.045301629101738176,0.045301629101738176
2025-08-22,10,pw_strait_of_hormuz_n_total_z,wti,0.0,0.0
2025-08-22,10,pw_strait_of_hormuz_n_total_z,brent,0.0,0.0
2025-08-22,10,pw_strait_of_hormuz_n_total_z,henry_hub,0.0,0.0
2025-08-22,10,pw_suez_canal_capacity_z,audusd,0.0,0.0
2025-08-22,10,pw_suez_canal_capacity_z,brlusd,0.01805134521831085,0.01805134521831085
2025-08-22,10,pw_suez_canal_capacity_z,cnyusd,0.14301028802513815,-0.09181328343649116
2025-08-22,10,pw_suez_canal_capacity_z,krwusd,0.0,0.0
2025-08-22,10,pw_suez_canal_capacity_z,eurusd,0.0,0.0
2025-08-22,10,pw_suez_canal_capacity_z,sp500,0.04524454839607406,-0.04524454839607406
2025-08-22,10,pw_suez_canal_capacity_z,vix,0.040049967341060554,0.040049967341060554
2025-08-22,10,pw_suez_canal_capacity_z,us2y,0.0,0.0
2025-08-22,10,pw_suez_canal_capacity_z,us10y,0.0,0.0
2025-08-22,10,pw_suez_canal_capacity_z,wti,0.0,0.0
2025-08-22,10,pw_suez_canal_capacity_z,brent,0.0,0.0
2025-08-22,10,pw_suez_canal_capacity_z,henry_hub,0.0,0.0
2025-08-22,10,pw_suez_canal_n_total_z,audusd,0.0,0.0
2025-08-22,10,pw_suez_canal_n_total_z,brlusd,0.0,0.0
2025-08-22,10,pw_suez_canal_n_total_z,cnyusd,0.0,0.0
2025-08-22,10,pw_suez_canal_n_total_z,krwusd,0.0,0.0
2025-08-22,10,pw_suez_canal_n_total_z,eurusd,0.0,0.0
2025-08-22,10,pw_suez_canal_n_total_z,sp500,0.0,0.0
2025-08-22,10,pw_suez_canal_n_total_z,vix,0.0,0.0
2025-08-22,10,pw_suez_canal_n_total_z,us2y,0.0,0.0
2025-08-22,10,pw_suez_canal_n_total_z,us10y,0.0224993931457081,-0.02167619853032958
2025-08-22,10,pw_suez_canal_n_total_z,wti,0.0,0.0
2025-08-22,10,pw_suez_canal_n_total_z,brent,0.017419145547512987,0.011106412466952027
2025-08-22,10,pw_suez_canal_n_total_z,henry_hub,0.01038136680258251,0.01038136680258251
2025-09-25,10,audusd,brlusd,2.2585313003070255e-05,-2.2585313003070255e-05
2025-09-25,10,audusd,cnyusd,0.0,0.0
2025-09-25,10,audusd,krwusd,0.0573560369258207,-0.033510456022426215
2025-09-25,10,audusd,eurusd,0.009281951035436768,-0.009281951035436768
2025-09-25,10,audusd,sp500,0.0,0.0
2025-09-25,10,audusd,vix,0.0,0.0
2025-09-25,10,audusd,us2y,0.0,0.0
2025-09-25,10,audusd,us10y,0.0,0.0
2025-09-25,10,audusd,wti,0.004250131993300587,-0.004250131993300587
2025-09-25,10,audusd,brent,0.0,0.0
2025-09-25,10,audusd,henry_hub,0.0,0.0
2025-09-25,10,brlusd,audusd,0.0,0.0
2025-09-25,10,brlusd,cnyusd,0.006299380654291455,0.00584781813591008
2025-09-25,10,brlusd,krwusd,0.0007038172078021413,0.0007038172078021413
2025-09-25,10,brlusd,eurusd,0.0,0.0
2025-09-25,10,brlusd,sp500,0.0,0.0
2025-09-25,10,brlusd,vix,0.023786797154751987,0.023786797154751987
2025-09-25,10,brlusd,us2y,0.026114461194199797,0.018068605598246416
2025-09-25,10,brlusd,us10y,0.0027566742397968236,0.0027566742397968236
2025-09-25,10,brlusd,wti,0.0,0.0
2025-09-25,10,brlusd,brent,0.009266622451690866,-0.004956249935812388
2025-09-25,10,brlusd,henry_hub,0.0,0.0
2025-09-25,10,cnyusd,audusd,0.0,0.0
2025-09-25,10,cnyusd,brlusd,0.0,0.0
2025-09-25,10,cnyusd,krwusd,0.0015759639610616232,-0.0015759639610616232
2025-09-25,10,cnyusd,eurusd,0.0032973663554698787,-0.0022818795163784262
2025-09-25,10,cnyusd,sp500,0.0,0.0
2025-09-25,10,cnyusd,vix,0.0,0.0
2025-09-25,10,cnyusd,us2y,0.02156259812964239,-0.02145229512189421
2025-09-25,10,cnyusd,us10y,0.05067498032902155,0.030225904218775558
2025-09-25,10,cnyusd,wti,0.0,0.0
2025-09-25,10,cnyusd,brent,0.0,0.0
2025-09-25,10,cnyusd,henry_hub,0.003795743135884202,0.003795743135884202
2025-09-25,10,krwusd,audusd,0.04414410891310253,0.02060121978768969
2025-09-25,10,krwusd,brlusd,0.0,0.0
2025-09-25,10,krwusd,cnyusd,0.1277976431693656,0.03795968975794347
2025-09-25,10,krwusd,eurusd,0.0,0.0
2025-09-25,10,krwusd,sp500,0.04156801567821365,0.01524520299610272
2025-09-25,10,krwusd,vix,0.0005008932574925946,-0.0005008932574925946
2025-09-25,10,krwusd,us2y,0.0,0.0
2025-09-25,10,krwusd,us10y,0.04059492488062476,-0.018055523474141456
2025-09-25,10,krwusd,wti,0.0,0.0
2025-09-25,10,krwusd,brent,0.0,0.0
2025-09-25,10,krwusd,henry_hub,0.0,0.0
2025-09-25,10,eurusd,audusd,0.0,0.0
2025-09-25,10,eurusd,brlusd,0.0,0.0
2025-09-25,10,eurusd,cnyusd,0.047775777943730544,0.021574912229982608
2025-09-25,10,eurusd,krwusd,0.0376782631054133,0.0376782631054133
2025-09-25,10,eurusd,sp500,0.0,0.0
2025-09-25,10,eurusd,vix,0.0017910394804981633,-0.0017910394804981633
2025-09-25,10,eurusd,us2y,0.0,0.0
2025-09-25,10,eurusd,us10y,0.0,0.0
2025-09-25,10,eurusd,wti,0.0,0.0
2025-09-25,10,eurusd,brent,0.0,0.0
2025-09-25,10,eurusd,henry_hub,0.0,0.0
2025-09-25,10,sp500,audusd,0.05296049605206192,0.04368712725820055
2025-09-25,10,sp500,brlusd,0.03444632503347939,0.03444632503347939
2025-09-25,10,sp500,cnyusd,0.04477451397963776,0.03577234782969131
2025-09-25,10,sp500,krwusd,0.016041745000322023,0.015135610413112453
2025-09-25,10,sp500,eurusd,0.01831984395434524,-0.015685807932466527
2025-09-25,10,sp500,vix,0.11018259600508584,0.045557578389427804
2025-09-25,10,sp500,us2y,0.03321450667536334,0.01517890790708135
2025-09-25,10,sp500,us10y,0.0,0.0
2025-09-25,10,sp500,wti,0.15061564697333668,-0.05187607271021789
2025-09-25,10,sp500,brent,0.07274323134394492,-0.026375566378268354
2025-09-25,10,sp500,henry_hub,0.0,0.0
2025-09-25,10,vix,audusd,0.007732427056234703,-0.007732427056234703
2025-09-25,10,vix,brlusd,0.0,0.0
2025-09-25,10,vix,cnyusd,0.0019354279387075002,-0.0019354279387075002
2025-09-25,10,vix,krwusd,0.027730373802914234,-0.027730373802914234
2025-09-25,10,vix,eurusd,0.0,0.0
2025-09-25,10,vix,sp500,0.0,0.0
2025-09-25,10,vix,us2y,0.0,0.0
2025-09-25,10,vix,us10y,0.020120714478781828,0.020120714478781828
2025-09-25,10,vix,wti,0.0,0.0
2025-09-25,10,vix,brent,0.0,0.0
2025-09-25,10,vix,henry_hub,0.0,0.0
2025-09-25,10,us2y,audusd,0.0,0.0
2025-09-25,10,us2y,brlusd,0.025689026185812654,-0.01791924451774643
2025-09-25,10,us2y,cnyusd,0.0,0.0
2025-09-25,10,us2y,krwusd,0.017014925981134126,-0.017014925981134126
2025-09-25,10,us2y,eurusd,0.0005362108077160774,-0.0005362108077160774
2025-09-25,10,us2y,sp500,0.0,0.0
2025-09-25,10,us2y,vix,0.0,0.0
2025-09-25,10,us2y,us10y,0.0016311854383084337,-0.0016311854383084337
2025-09-25,10,us2y,wti,0.0010476887132142654,-0.0010476887132142654
2025-09-25,10,us2y,brent,0.0,0.0
2025-09-25,10,us2y,henry_hub,0.0,0.0
2025-09-25,10,us10y,audusd,0.03222699476613863,-0.01741012021139343
2025-09-25,10,us10y,brlusd,0.017787904615354178,-0.013382234508085865
2025-09-25,10,us10y,cnyusd,0.019785181023605398,-0.01087160312145198
2025-09-25,10,us10y,krwusd,0.0008302295244235587,-0.0008302295244235587
2025-09-25,10,us10y,eurusd,0.048178784434091876,-0.026212261558735534
2025-09-25,10,us10y,sp500,0.06269173840340078,-0.034304902524758624
2025-09-25,10,us10y,vix,0.0168874237523577,0.011693462790483581
2025-09-25,10,us10y,us2y,0.0,0.0
2025-09-25,10,us10y,wti,0.0,0.0
2025-09-25,10,us10y,brent,0.0,0.0
2025-09-25,10,us10y,henry_hub,0.0,0.0
2025-09-25,10,wti,audusd,0.0,0.0
2025-09-25,10,wti,brlusd,0.0,0.0
2025-09-25,10,wti,cnyusd,0.0014803436195176844,-0.0014803436195176844
2025-09-25,10,wti,krwusd,0.0,0.0
2025-09-25,10,wti,eurusd,0.0,0.0
2025-09-25,10,wti,sp500,0.0,0.0
2025-09-25,10,wti,vix,0.005352807869590654,0.002954375382536245
2025-09-25,10,wti,us2y,0.0,0.0
2025-09-25,10,wti,us10y,0.0,0.0
2025-09-25,10,wti,brent,0.1646442314057866,0.15887419029961672
2025-09-25,10,wti,henry_hub,0.0,0.0
2025-09-25,10,brent,audusd,0.0,0.0
2025-09-25,10,brent,brlusd,0.0,0.0
2025-09-25,10,brent,cnyusd,0.007353819425311108,-0.007353819425311108
2025-09-25,10,brent,krwusd,0.00756172923959814,-0.00756172923959814
2025-09-25,10,brent,eurusd,0.0,0.0
2025-09-25,10,brent,sp500,0.02286328194862364,-0.016529052399213793
2025-09-25,10,brent,vix,0.07238354943727586,0.039446574713917756
2025-09-25,10,brent,us2y,0.0,0.0
2025-09-25,10,brent,us10y,0.0,0.0
2025-09-25,10,brent,wti,0.0,0.0
2025-09-25,10,brent,henry_hub,0.0,0.0
2025-09-25,10,henry_hub,audusd,0.001301341406253423,0.001301341406253423
2025-09-25,10,henry_hub,brlusd,0.0,0.0
2025-09-25,10,henry_hub,cnyusd,0.0,0.0
2025-09-25,10,henry_hub,krwusd,0.0,0.0
2025-09-25,10,henry_hub,eurusd,0.0,0.0
2025-09-25,10,henry_hub,sp500,0.00017927494465819427,-0.00017927494465819427
2025-09-25,10,henry_hub,vix,0.01323125061940656,0.006993248568305103
2025-09-25,10,henry_hub,us2y,0.0,0.0
2025-09-25,10,henry_hub,us10y,0.0,0.0
2025-09-25,10,henry_hub,wti,0.0,0.0
2025-09-25,10,henry_hub,brent,0.0,0.0
2025-09-25,10,pw_bab_el_mandeb_strait_capacity_z,audusd,0.0,0.0
2025-09-25,10,pw_bab_el_mandeb_strait_capacity_z,brlusd,0.0,0.0
2025-09-25,10,pw_bab_el_mandeb_strait_capacity_z,cnyusd,0.0,0.0
2025-09-25,10,pw_bab_el_mandeb_strait_capacity_z,krwusd,0.0,0.0
2025-09-25,10,pw_bab_el_mandeb_strait_capacity_z,eurusd,0.0,0.0
2025-09-25,10,pw_bab_el_mandeb_strait_capacity_z,sp500,0.0,0.0
2025-09-25,10,pw_bab_el_mandeb_strait_capacity_z,vix,0.010292310074282484,0.010292310074282484
2025-09-25,10,pw_bab_el_mandeb_strait_capacity_z,us2y,0.012158040072062073,0.012158040072062073
2025-09-25,10,pw_bab_el_mandeb_strait_capacity_z,us10y,0.0,0.0
2025-09-25,10,pw_bab_el_mandeb_strait_capacity_z,wti,0.03402579670401411,-0.03402579670401411
2025-09-25,10,pw_bab_el_mandeb_strait_capacity_z,brent,0.0,0.0
2025-09-25,10,pw_bab_el_mandeb_strait_capacity_z,henry_hub,0.06841872235411453,-0.06841872235411453
2025-09-25,10,pw_bab_el_mandeb_strait_n_total_z,audusd,0.046322311077883364,0.046322311077883364
2025-09-25,10,pw_bab_el_mandeb_strait_n_total_z,brlusd,0.0,0.0
2025-09-25,10,pw_bab_el_mandeb_strait_n_total_z,cnyusd,0.0,0.0
2025-09-25,10,pw_bab_el_mandeb_strait_n_total_z,krwusd,0.021398875297271622,0.012845096304877844
2025-09-25,10,pw_bab_el_mandeb_strait_n_total_z,eurusd,0.134931212107883,0.134931212107883
2025-09-25,10,pw_bab_el_mandeb_strait_n_total_z,sp500,0.0,0.0
2025-09-25,10,pw_bab_el_mandeb_strait_n_total_z,vix,0.0,0.0
2025-09-25,10,pw_bab_el_mandeb_strait_n_total_z,us2y,0.0,0.0
2025-09-25,10,pw_bab_el_mandeb_strait_n_total_z,us10y,0.07296575114775107,-0.059690784407623036
2025-09-25,10,pw_bab_el_mandeb_strait_n_total_z,wti,0.0,0.0
2025-09-25,10,pw_bab_el_mandeb_strait_n_total_z,brent,0.0,0.0
2025-09-25,10,pw_bab_el_mandeb_strait_n_total_z,henry_hub,0.015260027059337692,0.015260027059337692
2025-09-25,10,pw_cape_of_good_hope_capacity_z,audusd,0.0,0.0
2025-09-25,10,pw_cape_of_good_hope_capacity_z,brlusd,0.06416661886157043,-0.03146881199059287
2025-09-25,10,pw_cape_of_good_hope_capacity_z,cnyusd,0.18917520390548923,-0.0738456665860209
2025-09-25,10,pw_cape_of_good_hope_capacity_z,krwusd,0.015329450616592818,-0.015329450616592818
2025-09-25,10,pw_cape_of_good_hope_capacity_z,eurusd,0.0,0.0
2025-09-25,10,pw_cape_of_good_hope_capacity_z,sp500,0.0007429602929501959,0.0007429602929501959
2025-09-25,10,pw_cape_of_good_hope_capacity_z,vix,0.0,0.0
2025-09-25,10,pw_cape_of_good_hope_capacity_z,us2y,0.02864153540272212,0.02864153540272212
2025-09-25,10,pw_cape_of_good_hope_capacity_z,us10y,0.022761423872611763,0.022761423872611763
2025-09-25,10,pw_cape_of_good_hope_capacity_z,wti,0.011725878106913322,0.011725878106913322
2025-09-25,10,pw_cape_of_good_hope_capacity_z,brent,0.1269549720820824,0.09121552677156532
2025-09-25,10,pw_cape_of_good_hope_capacity_z,henry_hub,0.12950575947341897,-0.04606674078523977
2025-09-25,10,pw_cape_of_good_hope_n_total_z,audusd,0.0,0.0
2025-09-25,10,pw_cape_of_good_hope_n_total_z,brlusd,0.0,0.0
2025-09-25,10,pw_cape_of_good_hope_n_total_z,cnyusd,0.0,0.0
2025-09-25,10,pw_cape_of_good_hope_n_total_z,krwusd,0.022662838622134352,-0.02247300623958381
2025-09-25,10,pw_cape_of_good_hope_n_total_z,eurusd,0.0,0.0
2025-09-25,10,pw_cape_of_good_hope_n_total_z,sp500,0.045573827210789286,0.0237924322373923
2025-09-25,10,pw_cape_of_good_hope_n_total_z,vix,0.0234849578270977,-0.013203303039008024
2025-09-25,10,pw_cape_of_good_hope_n_total_z,us2y,0.07545296660648564,0.06356626204255134
2025-09-25,10,pw_cape_of_good_hope_n_total_z,us10y,0.0,0.0
2025-09-25,10,pw_cape_of_good_hope_n_total_z,wti,0.0,0.0
2025-09-25,10,pw_cape_of_good_hope_n_total_z,brent,0.02453906847220621,-0.02453906847220621
2025-09-25,10,pw_cape_of_good_hope_n_total_z,henry_hub,0.19083296240158454,0.07821304347495561
2025-09-25,10,pw_malacca_strait_capacity_z,audusd,0.0,0.0
2025-09-25,10,pw_malacca_strait_capacity_z,brlusd,0.018688341377679985,0.009586720740074503
2025-09-25,10,pw_malacca_strait_capacity_z,cnyusd,0.0,0.0
2025-09-25,10,pw_malacca_strait_capacity_z,krwusd,0.06430169260028416,0.03714259678653741
2025-09-25,10,pw_malacca_strait_capacity_z,eurusd,0.0,0.0
2025-09-25,10,pw_malacca_strait_capacity_z,sp500,0.0,0.0
2025-09-25,10,pw_malacca_strait_capacity_z,vix,0.02390838379226161,-0.02390838379226161
2025-09-25,10,pw_malacca_strait_capacity_z,us2y,0.07727306300680284,0.07536988908917452
2025-09-25,10,pw_malacca_strait_capacity_z,us10y,0.0,0.0
2025-09-25,10,pw_malacca_strait_capacity_z,wti,0.0,0.0
2025-09-25,10,pw_malacca_strait_capacity_z,brent,0.0,0.0
2025-09-25,10,pw_malacca_strait_capacity_z,henry_hub,0.0,0.0
2025-09-25,10,pw_malacca_strait_n_total_z,audusd,0.01643841537194908,-0.010373644149542527
2025-09-25,10,pw_malacca_strait_n_total_z,brlusd,0.04866588851362942,0.043042523334699635
2025-09-25,10,pw_malacca_strait_n_total_z,cnyusd,0.13244414635629473,-0.10541871476513463
2025-09-25,10,pw_malacca_strait_n_total_z,krwusd,0.08335191451176795,-0.058154281017774215
2025-09-25,10,pw_malacca_strait_n_total_z,eurusd,0.13025392004356773,-0.0460382348110422
2025-09-25,10,pw_malacca_strait_n_total_z,sp500,0.05436179090168884,-0.027430595358326527
2025-09-25,10,pw_malacca_strait_n_total_z,vix,0.0,0.0
2025-09-25,10,pw_malacca_strait_n_total_z,us2y,0.06138271410422701,0.06138271410422701
2025-09-25,10,pw_malacca_strait_n_total_z,us10y,0.05536602076579391,0.05536602076579391
2025-09-25,10,pw_malacca_strait_n_total_z,wti,0.0,0.0
2025-09-25,10,pw_malacca_strait_n_total_z,brent,0.03258450526512223,-0.03258450526512223
2025-09-25,10,pw_malacca_strait_n_total_z,henry_hub,0.07379021282522047,0.06466412967256616
2025-09-25,10,pw_panama_canal_capacity_z,audusd,0.04257437351277806,-0.04257437351277806
2025-09-25,10,pw_panama_canal_capacity_z,brlusd,0.010713665978873368,-0.010713665978873368
2025-09-25,10,pw_panama_canal_capacity_z,cnyusd,0.04227908053855099,-0.04227908053855099
2025-09-25,10,pw_panama_canal_capacity_z,krwusd,0.09078729422738759,-0.09078729422738759
2025-09-25,10,pw_panama_canal_capacity_z,eurusd,0.004118336801906673,-0.004118336801906673
2025-09-25,10,pw_panama_canal_capacity_z,sp500,0.0,0.0
2025-09-25,10,pw_panama_canal_capacity_z,vix,0.04645936889428762,-0.04645936889428762
2025-09-25,10,pw_panama_canal_capacity_z,us2y,0.0,0.0
2025-09-25,10,pw_panama_canal_capacity_z,us10y,0.07141310691282864,0.05913868864270741
2025-09-25,10,pw_panama_canal_capacity_z,wti,0.0,0.0
2025-09-25,10,pw_panama_canal_capacity_z,brent,0.0,0.0
2025-09-25,10,pw_panama_canal_capacity_z,henry_hub,0.0,0.0
2025-09-25,10,pw_panama_canal_n_total_z,audusd,0.07780473680720343,-0.04673541002495696
2025-09-25,10,pw_panama_canal_n_total_z,brlusd,0.0,0.0
2025-09-25,10,pw_panama_canal_n_total_z,cnyusd,0.016251985161697794,-0.016251985161697794
2025-09-25,10,pw_panama_canal_n_total_z,krwusd,0.0,0.0
2025-09-25,10,pw_panama_canal_n_total_z,eurusd,0.03032160075642132,-0.015493400293824079
2025-09-25,10,pw_panama_canal_n_total_z,sp500,0.0,0.0
2025-09-25,10,pw_panama_canal_n_total_z,vix,0.0,0.0
2025-09-25,10,pw_panama_canal_n_total_z,us2y,0.02595066819097616,0.02595066819097616
2025-09-25,10,pw_panama_canal_n_total_z,us10y,0.0,0.0
2025-09-25,10,pw_panama_canal_n_total_z,wti,0.02327732789233882,-0.02327732789233882
2025-09-25,10,pw_panama_canal_n_total_z,brent,0.0,0.0
2025-09-25,10,pw_panama_canal_n_total_z,henry_hub,0.06121571484622062,0.06121571484622062
2025-09-25,10,pw_strait_of_hormuz_capacity_z,audusd,0.08266758658430806,0.05040855675892705
2025-09-25,10,pw_strait_of_hormuz_capacity_z,brlusd,0.0,0.0
2025-09-25,10,pw_strait_of_hormuz_capacity_z,cnyusd,0.0,0.0
2025-09-25,10,pw_strait_of_hormuz_capacity_z,krwusd,0.0,0.0
2025-09-25,10,pw_strait_of_hormuz_capacity_z,eurusd,0.0,0.0
2025-09-25,10,pw_strait_of_hormuz_capacity_z,sp500,0.005685280673931805,0.005685280673931805
2025-09-25,10,pw_strait_of_hormuz_capacity_z,vix,0.0,0.0
2025-09-25,10,pw_strait_of_hormuz_capacity_z,us2y,0.09546496883422309,0.05222087022702358
2025-09-25,10,pw_strait_of_hormuz_capacity_z,us10y,0.08858467357332324,0.08858467357332324
2025-09-25,10,pw_strait_of_hormuz_capacity_z,wti,0.15232648893413503,0.09651363043077782
2025-09-25,10,pw_strait_of_hormuz_capacity_z,brent,0.1812995872369209,0.12497439045290366
2025-09-25,10,pw_strait_of_hormuz_capacity_z,henry_hub,0.0,0.0
2025-09-25,10,pw_strait_of_hormuz_n_total_z,audusd,0.04034483349056154,0.02827069574637803
2025-09-25,10,pw_strait_of_hormuz_n_total_z,brlusd,0.013723543481397584,0.0092891491544728
2025-09-25,10,pw_strait_of_hormuz_n_total_z,cnyusd,0.00779421802350355,0.00779421802350355
2025-09-25,10,pw_strait_of_hormuz_n_total_z,krwusd,0.0,0.0
2025-09-25,10,pw_strait_of_hormuz_n_total_z,eurusd,0.0,0.0
2025-09-25,10,pw_strait_of_hormuz_n_total_z,sp500,0.0,0.0
2025-09-25,10,pw_strait_of_hormuz_n_total_z,vix,0.0,0.0
2025-09-25,10,pw_strait_of_hormuz_n_total_z,us2y,0.0023055658276814263,0.0023055658276814263
2025-09-25,10,pw_strait_of_hormuz_n_total_z,us10y,0.03497179838228004,0.03497179838228004
2025-09-25,10,pw_strait_of_hormuz_n_total_z,wti,0.0,0.0
2025-09-25,10,pw_strait_of_hormuz_n_total_z,brent,0.0,0.0
2025-09-25,10,pw_strait_of_hormuz_n_total_z,henry_hub,0.0,0.0
2025-09-25,10,pw_suez_canal_capacity_z,audusd,0.0,0.0
2025-09-25,10,pw_suez_canal_capacity_z,brlusd,0.023858765874950914,0.023858765874950914
2025-09-25,10,pw_suez_canal_capacity_z,cnyusd,0.13132717304115732,-0.08519887462450212
2025-09-25,10,pw_suez_canal_capacity_z,krwusd,0.0,0.0
2025-09-25,10,pw_suez_canal_capacity_z,eurusd,0.0,0.0
2025-09-25,10,pw_suez_canal_capacity_z,sp500,0.03792842519792372,-0.03792842519792372
2025-09-25,10,pw_suez_canal_capacity_z,vix,0.03683465594177406,0.03683465594177406
2025-09-25,10,pw_suez_canal_capacity_z,us2y,0.0,0.0
2025-09-25,10,pw_suez_canal_capacity_z,us10y,0.0,0.0
2025-09-25,10,pw_suez_canal_capacity_z,wti,0.0,0.0
2025-09-25,10,pw_suez_canal_capacity_z,brent,0.0,0.0
2025-09-25,10,pw_suez_canal_capacity_z,henry_hub,0.0,0.0
2025-09-25,10,pw_suez_canal_n_total_z,audusd,0.0,0.0
2025-09-25,10,pw_suez_canal_n_total_z,brlusd,0.0,0.0
2025-09-25,10,pw_suez_canal_n_total_z,cnyusd,0.0,0.0
2025-09-25,10,pw_suez_canal_n_total_z,krwusd,0.0,0.0
2025-09-25,10,pw_suez_canal_n_total_z,eurusd,0.0,0.0
2025-09-25,10,pw_suez_canal_n_total_z,sp500,0.0,0.0
2025-09-25,10,pw_suez_canal_n_total_z,vix,0.0,0.0
2025-09-25,10,pw_suez_canal_n_total_z,us2y,0.0013911504569898946,-0.0013911504569898946
2025-09-25,10,pw_suez_canal_n_total_z,us10y,0.028110194245974992,-0.02453057017735832
2025-09-25,10,pw_suez_canal_n_total_z,wti,0.0,0.0
2025-09-25,10,pw_suez_canal_n_total_z,brent,0.01633890668151001,0.010214226452376811
2025-09-25,10,pw_suez_canal_n_total_z,henry_hub,0.009610842200623514,0.009610842200623514
2025-10-27,10,audusd,brlusd,0.0,0.0
2025-10-27,10,audusd,cnyusd,0.0,0.0
2025-10-27,10,audusd,krwusd,0.05603675290794182,-0.032458881583904205
2025-10-27,10,audusd,eurusd,0.009097255066862193,-0.009097255066862193
2025-10-27,10,audusd,sp500,0.0,0.0
2025-10-27,10,audusd,vix,0.0,0.0
2025-10-27,10,audusd,us2y,0.0,0.0
2025-10-27,10,audusd,us10y,0.0,0.0
2025-10-27,10,audusd,wti,0.004002257858728505,-0.004002257858728505
2025-10-27,10,audusd,brent,1.0421042951309898e-05,-1.0421042951309898e-05
2025-10-27,10,audusd,henry_hub,0.0,0.0
2025-10-27,10,brlusd,audusd,0.0,0.0
2025-10-27,10,brlusd,cnyusd,0.006318227112881093,0.005695551371917921
2025-10-27,10,brlusd,krwusd,0.0,0.0
2025-10-27,10,brlusd,eurusd,0.0,0.0
2025-10-27,10,brlusd,sp500,0.0,0.0
2025-10-27,10,brlusd,vix,0.022386092040168816,0.022386092040168816
2025-10-27,10,brlusd,us2y,0.02695844844690613,0.018653544676838222
2025-10-27,10,brlusd,us10y,0.003573151272241396,0.003573151272241396
2025-10-27,10,brlusd,wti,0.0,0.0
2025-10-27,10,brlusd,brent,0.007394741566943663,-0.004319428912593211
2025-10-27,10,brlusd,henry_hub,0.0,0.0
2025-10-27,10,cnyusd,audusd,0.0,0.0
2025-10-27,10,cnyusd,brlusd,0.0,0.0
2025-10-27,10,cnyusd,krwusd,0.0031315138269475207,-0.0031315138269475207
2025-10-27,10,cnyusd,eurusd,0.0035128033724691433,-0.002003382031482286
2025-10-27,10,cnyusd,sp500,0.0,0.0
2025-10-27,10,cnyusd,vix,0.0,0.0
2025-10-27,10,cnyusd,us2y,0.022069535717100203,-0.02160941623080606
2025-10-27,10,cnyusd,us10y,0.05137929180711949,0.03067062509389081
2025-10-27,10,cnyusd,wti,0.0,0.0
2025-10-27,10,cnyusd,brent,0.0,0.0
2025-10-27,10,cnyusd,henry_hub,0.0033655433054681693,0.0033655433054681693
2025-10-27,10,krwusd,audusd,0.04535365024788732,0.02173829286858398
2025-10-27,10,krwusd,brlusd,0.0,0.0
2025-10-27,10,krwusd,cnyusd,0.12349634985553737,0.037088362957800866
2025-10-27,10,krwusd,eurusd,0.0,0.0
2025-10-27,10,krwusd,sp500,0.04175010317160928,0.015342889001716056
2025-10-27,10,krwusd,vix,0.0011975596704435006,-0.001153656406387041
2025-10-27,10,krwusd,us2y,0.0,0.0
2025-10-27,10,krwusd,us10y,0.03717993735693247,-0.017729995299373934
2025-10-27,10,krwusd,wti,0.0,0.0
2025-10-27,10,krwusd,brent,0.0,0.0
2025-10-27,10,krwusd,henry_hub,0.0,0.0
2025-10-27,10,eurusd,audusd,0.0,0.0
2025-10-27,10,eurusd,brlusd,0.0,0.0
2025-10-27,10,eurusd,cnyusd,0.045323261220067315,0.021053812445688075
2025-10-27,10,eurusd,krwusd,0.037588406482635485,0.037588406482635485
2025-10-27,10,eurusd,sp500,0.0,0.0
2025-10-27,10,eurusd,vix,0.0047891085127483735,-0.0035379626784759824
2025-10-27,10,eurusd,us2y,0.0,0.0
2025-10-27,10,eurusd,us10y,0.0,0.0
2025-10-27,10,eurusd,wti,0.0,0.0
2025-10-27,10,eurusd,brent,0.0,0.0
2025-10-27,10,eurusd,henry_hub,0.0,0.0
2025-10-27,10,sp500,audusd,0.0499162484961739,0.03964408233009656
2025-10-27,10,sp500,brlusd,0.03344432921509359,0.03344432921509359
2025-10-27,10,sp500,cnyusd,0.044862954967440374,0.035952586479857454
2025-10-27,10,sp500,krwusd,0.013827394474403763,0.010565509052403993
2025-10-27,10,sp500,eurusd,0.01970404195452846,-0.016107324650075572
2025-10-27,10,sp500,vix,0.12147727950402445,0.04955381084729611
2025-10-27,10,sp500,us2y,0.03317583891990515,0.015085751021887504
2025-10-27,10,sp500,us10y,0.0,0.0
2025-10-27,10,sp500,wti,0.14840291013052978,-0.0514639840521069
2025-10-27,10,sp500,brent,0.07203952645983033,-0.026573336903286993
2025-10-27,10,sp500,henry_hub,0.0,0.0
2025-10-27,10,vix,audusd,0.010498906302730886,-0.010498906302730886
2025-10-27,10,vix,brlusd,0.0,0.0
2025-10-27,10,vix,cnyusd,0.0015896957880758187,-0.0015896957880758187
2025-10-27,10,vix,krwusd,0.030513051398684023,-0.030513051398684023
2025-10-27,10,vix,eurusd,0.0,0.0
2025-10-27,10,vix,sp500,0.0,0.0
2025-10-27,10,vix,us2y,0.0,0.0
2025-10-27,10,vix,us10y,0.020614448951660216,0.020614448951660216
2025-10-27,10,vix,wti,0.0,0.0
2025-10-27,10,vix,brent,0.0,0.0
2025-10-27,10,vix,henry_hub,0.0,0.0
2025-10-27,10,us2y,audusd,0.0,0.0
2025-10-27,10,us2y,brlusd,0.025653488551057792,-0.018357976483612433
2025-10-27,10,us2y,cnyusd,0.0,0.0
2025-10-27,10,us2y,krwusd,0.013940224828542184,-0.013940224828542184
2025-10-27,10,us2y,eurusd,0.0,0.0
2025-10-27,10,us2y,sp500,0.0,0.0
2025-10-27,10,us2y,vix,0.0,0.0
2025-10-27,10,us2y,us10y,0.0021290551579517076,-0.0021290551579517076
2025-10-27,10,us2y,wti,0.0008108344091733864,-0.0008108344091733864
2025-10-27,10,us2y,brent,0.0,0.0
2025-10-27,10,us2y,henry_hub,0.0,0.0
2025-10-27,10,us10y,audusd,0.029035982506864715,-0.016564910185347673
2025-10-27,10,us10y,brlusd,0.01930073945123478,-0.014627287641529816
2025-10-27,10,us10y,cnyusd,0.020071648270536264,-0.010300495096545353
2025-10-27,10,us10y,krwusd,0.003469143891171209,-0.003469143891171209
2025-10-27,10,us10y,eurusd,0.048303449803869025,-0.025665209310114165
2025-10-27,10,us10y,sp500,0.0617159981799333,-0.034236394433735606
2025-10-27,10,us10y,vix,0.016578592371123576,0.011109657042818613
2025-10-27,10,us10y,us2y,0.0,0.0
2025-10-27,10,us10y,wti,0.0,0.0
2025-10-27,10,us10y,brent,0.0,0.0
2025-10-27,10,us10y,henry_hub,0.0,0.0
2025-10-27,10,wti,audusd,0.0,0.0
2025-10-27,10,wti,brlusd,0.0,0.0
2025-10-27,10,wti,cnyusd,0.0016326518671094712,-0.0016326518671094712
2025-10-27,10,wti,krwusd,0.0,0.0
2025-10-27,10,wti,eurusd,0.0,0.0
2025-10-27,10,wti,sp500,0.0,0.0
2025-10-27,10,wti,vix,0.006142502426648727,0.003564744391933609
2025-10-27,10,wti,us2y,0.0,0.0
2025-10-27,10,wti,us10y,0.0,0.0
2025-10-27,10,wti,brent,0.16426959099618982,0.15813235296941902
2025-10-27,10,wti,henry_hub,0.0,0.0
2025-10-27,10,brent,audusd,0.0,0.0
2025-10-27,10,brent,brlusd,0.0,0.0
2025-10-27,10,brent,cnyusd,0.0065538825654458946,-0.0065538825654458946
2025-10-27,10,brent,krwusd,0.007804316363872743,-0.007804316363872743
2025-10-27,10,brent,eurusd,0.0,0.0
2025-10-27,10,brent,sp500,0.020119836725672437,-0.014716863178945501
2025-10-27,10,brent,vix,0.06714098278881105,0.03852008331912404
2025-10-27,10,brent,us2y,0.0,0.0
2025-10-27,10,brent,us10y,0.0,0.0
2025-10-27,10,brent,wti,0.0,0.0
2025-10-27,10,brent,henry_hub,0.0,0.0
2025-10-27,10,henry_hub,audusd,0.00012533907757790837,0.00012533907757790837
2025-10-27,10,henry_hub,brlusd,0.0,0.0
2025-10-27,10,henry_hub,cnyusd,0.0,0.0
2025-10-27,10,henry_hub,krwusd,0.0,0.0
2025-10-27,10,henry_hub,eurusd,0.0,0.0
2025-10-27,10,henry_hub,sp500,0.000913679710382895,-0.000913679710382895
2025-10-27,10,henry_hub,vix,0.014963752860398145,0.007841891256649192
2025-10-27,10,henry_hub,us2y,0.0,0.0
2025-10-27,10,henry_hub,us10y,0.0,0.0
2025-10-27,10,henry_hub,wti,0.0,0.0
2025-10-27,10,henry_hub,brent,0.0,0.0
2025-10-27,10,pw_bab_el_mandeb_strait_capacity_z,audusd,0.0,0.0
2025-10-27,10,pw_bab_el_mandeb_strait_capacity_z,brlusd,0.0,0.0
2025-10-27,10,pw_bab_el_mandeb_strait_capacity_z,cnyusd,0.0,0.0
2025-10-27,10,pw_bab_el_mandeb_strait_capacity_z,krwusd,0.0,0.0
2025-10-27,10,pw_bab_el_mandeb_strait_capacity_z,eurusd,0.0,0.0
2025-10-27,10,pw_bab_el_mandeb_strait_capacity_z,sp500,0.0,0.0
2025-10-27,10,pw_bab_el_mandeb_strait_capacity_z,vix,0.012977026948373835,0.012977026948373835
2025-10-27,10,pw_bab_el_mandeb_strait_capacity_z,us2y,0.010577575816999158,0.010577575816999158
2025-10-27,10,pw_bab_el_mandeb_strait_capacity_z,us10y,0.0,0.0
2025-10-27,10,pw_bab_el_mandeb_strait_capacity_z,wti,0.03801906870619353,-0.03801906870619353
2025-10-27,10,pw_bab_el_mandeb_strait_capacity_z,brent,0.0,0.0
2025-10-27,10,pw_bab_el_mandeb_strait_capacity_z,henry_hub,0.06898972523806209,-0.06898972523806209
2025-10-27,10,pw_bab_el_mandeb_strait_n_total_z,audusd,0.04041522247276767,0.04041522247276767
2025-10-27,10,pw_bab_el_mandeb_strait_n_total_z,brlusd,0.0,0.0
2025-10-27,10,pw_bab_el_mandeb_strait_n_total_z,cnyusd,0.0,0.0
2025-10-27,10,pw_bab_el_mandeb_strait_n_total_z,krwusd,0.010482736664905108,0.010482736664905108
2025-10-27,10,pw_bab_el_mandeb_strait_n_total_z,eurusd,0.1280871357338043,0.1280871357338043
2025-10-27,10,pw_bab_el_mandeb_strait_n_total_z,sp500,0.0,0.0
2025-10-27,10,pw_bab_el_mandeb_strait_n_total_z,vix,0.0,0.0
2025-10-27,10,pw_bab_el_mandeb_strait_n_total_z,us2y,0.0,0.0
2025-10-27,10,pw_bab_el_mandeb_strait_n_total_z,us10y,0.06578781734195138,-0.054835837398727896
2025-10-27,10,pw_bab_el_mandeb_strait_n_total_z,wti,0.0006368185273020929,-0.0006368185273020929
2025-10-27,10,pw_bab_el_mandeb_strait_n_total_z,brent,0.0,0.0
2025-10-27,10,pw_bab_el_mandeb_strait_n_total_z,henry_hub,0.015112859006632545,0.015112859006632545
2025-10-27,10,pw_cape_of_good_hope_capacity_z,audusd,0.0,0.0
2025-10-27,10,pw_cape_of_good_hope_capacity_z,brlusd,0.06349861463920098,-0.030023277112689446
2025-10-27,10,pw_cape_of_good_hope_capacity_z,cnyusd,0.18946064034716706,-0.07521067646849794
2025-10-27,10,pw_cape_of_good_hope_capacity_z,krwusd,0.014003330675934468,-0.014003330675934468
2025-10-27,10,pw_cape_of_good_hope_capacity_z,eurusd,0.0,0.0
2025-10-27,10,pw_cape_of_good_hope_capacity_z,sp500,0.0,0.0
2025-10-27,10,pw_cape_of_good_hope_capacity_z,vix,0.0,0.0
2025-10-27,10,pw_cape_of_good_hope_capacity_z,us2y,0.027345834446656222,0.027345834446656222
2025-10-27,10,pw_cape_of_good_hope_capacity_z,us10y,0.023065268070551526,0.023065268070551526
2025-10-27,10,pw_cape_of_good_hope_capacity_z,wti,0.01460906906501733,0.01460906906501733
2025-10-27,10,pw_cape_of_good_hope_capacity_z,brent,0.12369993382096436,0.08739063622371489
2025-10-27,10,pw_cape_of_good_hope_capacity_z,henry_hub,0.1298231960828059,-0.0472735563754488
2025-10-27,10,pw_cape_of_good_hope_n_total_z,audusd,0.0,0.0
2025-10-27,10,pw_cape_of_good_hope_n_total_z,brlusd,0.0,0.0
2025-10-27,10,pw_cape_of_good_hope_n_total_z,cnyusd,0.0,0.0
2025-10-27,10,pw_cape_of_good_hope_n_total_z,krwusd,0.0243195205986222,-0.0243195205986222
2025-10-27,10,pw_cape_of_good_hope_n_total_z,eurusd,0.0,0.0
2025-10-27,10,pw_cape_of_good_hope_n_total_z,sp500,0.047140600594121604,0.025684994256420093
2025-10-27,10,pw_cape_of_good_hope_n_total_z,vix,0.02206981354778972,-0.014731612516353963
2025-10-27,10,pw_cape_of_good_hope_n_total_z,us2y,0.07833419786959295,0.06410173050557581
2025-10-27,10,pw_cape_of_good_hope_n_total_z,us10y,0.0,0.0
2025-10-27,10,pw_cape_of_good_hope_n_total_z,wti,0.0,0.0
2025-10-27,10,pw_cape_of_good_hope_n_total_z,brent,0.022064493985404107,-0.022064493985404107
2025-10-27,10,pw_cape_of_good_hope_n_total_z,henry_hub,0.19122352011349236,0.07852793770466193
2025-10-27,10,pw_malacca_strait_capacity_z,audusd,0.0,0.0
2025-10-27,10,pw_malacca_strait_capacity_z,brlusd,0.023288768199565157,0.013317147508388751
2025-10-27,10,pw_malacca_strait_capacity_z,cnyusd,0.0,0.0
2025-10-27,10,pw_malacca_strait_capacity_z,krwusd,0.0703618420367597,0.03854190593216542
2025-10-27,10,pw_malacca_strait_capacity_z,eurusd,0.0,0.0
2025-10-27,10,pw_malacca_strait_capacity_z,sp500,0.0,0.0
2025-10-27,10,pw_malacca_strait_capacity_z,vix,0.018187769135873156,-0.018187769135873156
2025-10-27,10,pw_malacca_strait_capacity_z,us2y,0.0805053013783106,0.07815708891706478
2025-10-27,10,pw_malacca_strait_capacity_z,us10y,0.0,0.0
2025-10-27,10,pw_malacca_strait_capacity_z,wti,0.0,0.0
2025-10-27,10,pw_malacca_strait_capacity_z,brent,0.0,0.0
2025-10-27,10,pw_malacca_strait_capacity_z,henry_hub,0.0,0.0
2025-10-27,10,pw_malacca_strait_n_total_z,audusd,0.028679611794489916,-0.013701693278747895
2025-10-27,10,pw_malacca_strait_n_total_z,brlusd,0.03359921211166412,0.03359921211166412
2025-10-27,10,pw_malacca_strait_n_total_z,cnyusd,0.12770630329114288,-0.10030335865694597
2025-10-27,10,pw_malacca_strait_n_total_z,krwusd,0.10516157226728812,-0.06201474282086306
2025-10-27,10,pw_malacca_strait_n_total_z,eurusd,0.14111270951144084,-0.048363383528446095
2025-10-27,10,pw_malacca_strait_n_total_z,sp500,0.05864734536276384,-0.024248606030088164
2025-10-27,10,pw_malacca_strait_n_total_z,vix,0.0,0.0
2025-10-27,10,pw_malacca_strait_n_total_z,us2y,0.05151994623759897,0.05151994623759897
2025-10-27,10,pw_malacca_strait_n_total_z,us10y,0.04925555486621811,0.04925555486621811
2025-10-27,10,pw_malacca_strait_n_total_z,wti,0.0,0.0
2025-10-27,10,pw_malacca_strait_n_total_z,brent,0.039957025959138526,-0.039957025959138526
2025-10-27,10,pw_malacca_strait_n_total_z,henry_hub,0.07545978553073193,0.07174308383418974
2025-10-27,10,pw_panama_canal_capacity_z,audusd,0.045065235131064564,-0.045065235131064564
2025-10-27,10,pw_panama_canal_capacity_z,brlusd,0.0067471855086907485,-0.0067471855086907485
2025-10-27,10,pw_panama_canal_capacity_z,cnyusd,0.03714777911281059,-0.03714777911281059
2025-10-27,10,pw_panama_canal_capacity_z,krwusd,0.07669673890543317,-0.07669673890543317
2025-10-27,10,pw_panama_canal_capacity_z,eurusd,0.0032059009126663074,-0.0032059009126663074
2025-10-27,10,pw_panama_canal_capacity_z,sp500,0.0,0.0
2025-10-27,10,pw_panama_canal_capacity_z,vix,0.048513067751133246,-0.048513067751133246
2025-10-27,10,pw_panama_canal_capacity_z,us2y,0.0,0.0
2025-10-27,10,pw_panama_canal_capacity_z,us10y,0.06517632260695733,0.05705077599117656
2025-10-27,10,pw_panama_canal_capacity_z,wti,0.0,0.0
2025-10-27,10,pw_panama_canal_capacity_z,brent,0.0,0.0
2025-10-27,10,pw_panama_canal_capacity_z,henry_hub,0.0,0.0
2025-10-27,10,pw_panama_canal_n_total_z,audusd,0.06749728801063944,-0.04393654888628562
2025-10-27,10,pw_panama_canal_n_total_z,brlusd,0.0,0.0
2025-10-27,10,pw_panama_canal_n_total_z,cnyusd,0.0216656954064381,-0.0216656954064381
2025-10-27,10,pw_panama_canal_n_total_z,krwusd,0.0,0.0
2025-10-27,10,pw_panama_canal_n_total_z,eurusd,0.021222064159422807,-0.011494937634307378
2025-10-27,10,pw_panama_canal_n_total_z,sp500,0.0,0.0
2025-10-27,10,pw_panama_canal_n_total_z,vix,0.0,0.0
2025-10-27,10,pw_panama_canal_n_total_z,us2y,0.028920724479923814,0.028920724479923814
2025-10-27,10,pw_panama_canal_n_total_z,us10y,0.0,0.0
2025-10-27,10,pw_panama_canal_n_total_z,wti,0.016812518146346656,-0.016812518146346656
2025-10-27,10,pw_panama_canal_n_total_z,brent,0.0,0.0
2025-10-27,10,pw_panama_canal_n_total_z,henry_hub,0.05874356855645296,0.05874356855645296
2025-10-27,10,pw_strait_of_hormuz_capacity_z,audusd,0.08053773999270963,0.049441626352113306
2025-10-27,10,pw_strait_of_hormuz_capacity_z,brlusd,0.0,0.0
2025-10-27,10,pw_strait_of_hormuz_capacity_z,cnyusd,0.0,0.0
2025-10-27,10,pw_strait_of_hormuz_capacity_z,krwusd,0.0,0.0
2025-10-27,10,pw_strait_of_hormuz_capacity_z,eurusd,0.0,0.0
2025-10-27,10,pw_strait_of_hormuz_capacity_z,sp500,0.01062053597263146,0.0066793784992192524
2025-10-27,10,pw_strait_of_hormuz_capacity_z,vix,0.0,0.0
2025-10-27,10,pw_strait_of_hormuz_capacity_z,us2y,0.10217196408541339,0.054607794506210956
2025-10-27,10,pw_strait_of_hormuz_capacity_z,us10y,0.09440173483620345,0.09440173483620345
2025-10-27,10,pw_strait_of_hormuz_capacity_z,wti,0.16278694405842387,0.0980959086915909
2025-10-27,10,pw_strait_of_hormuz_capacity_z,brent,0.19296966792314652,0.127618903112269
2025-10-27,10,pw_strait_of_hormuz_capacity_z,henry_hub,0.0,0.0
2025-10-27,10,pw_strait_of_hormuz_n_total_z,audusd,0.05528730462362572,0.031121375857549545
2025-10-27,10,pw_strait_of_hormuz_n_total_z,brlusd,0.028720054828641022,0.01699210414694711
2025-10-27,10,pw_strait_of_hormuz_n_total_z,cnyusd,0.0016529188966973353,0.0016529188966973353
2025-10-27,10,pw_strait_of_hormuz_n_total_z,krwusd,0.006039735161268183,0.006039735161268183
2025-10-27,10,pw_strait_of_hormuz_n_total_z,eurusd,0.0,0.0
2025-10-27,10,pw_strait_of_hormuz_n_total_z,sp500,0.0,0.0
2025-10-27,10,pw_strait_of_hormuz_n_total_z,vix,0.0,0.0
2025-10-27,10,pw_strait_of_hormuz_n_total_z,us2y,0.008244867177573159,0.008244867177573159
2025-10-27,10,pw_strait_of_hormuz_n_total_z,us10y,0.04230956284541146,0.04230956284541146
2025-10-27,10,pw_strait_of_hormuz_n_total_z,wti,0.0,0.0
2025-10-27,10,pw_strait_of_hormuz_n_total_z,brent,0.0,0.0
2025-10-27,10,pw_strait_of_hormuz_n_total_z,henry_hub,0.0,0.0
2025-10-27,10,pw_suez_canal_capacity_z,audusd,0.0,0.0
2025-10-27,10,pw_suez_canal_capacity_z,brlusd,0.02127331733302503,0.02127331733302503
2025-10-27,10,pw_suez_canal_capacity_z,cnyusd,0.13139057990941885,-0.08573290458672136
2025-10-27,10,pw_suez_canal_capacity_z,krwusd,0.0,0.0
2025-10-27,10,pw_suez_canal_capacity_z,eurusd,0.0,0.0
2025-10-27,10,pw_suez_canal_capacity_z,sp500,0.038032030300273585,-0.038032030300273585
2025-10-27,10,pw_suez_canal_capacity_z,vix,0.04304816557256525,0.04304816557256525
2025-10-27,10,pw_suez_canal_capacity_z,us2y,0.0,0.0
2025-10-27,10,pw_suez_canal_capacity_z,us10y,0.0,0.0
2025-10-27,10,pw_suez_canal_capacity_z,wti,0.0,0.0
2025-10-27,10,pw_suez_canal_capacity_z,brent,0.0,0.0
2025-10-27,10,pw_suez_canal_capacity_z,henry_hub,0.0,0.0
2025-10-27,10,pw_suez_canal_n_total_z,audusd,0.0,0.0
2025-10-27,10,pw_suez_canal_n_total_z,brlusd,0.0,0.0
2025-10-27,10,pw_suez_canal_n_total_z,cnyusd,0.0,0.0
2025-10-27,10,pw_suez_canal_n_total_z,krwusd,0.0,0.0
2025-10-27,10,pw_suez_canal_n_total_z,eurusd,0.0,0.0
2025-10-27,10,pw_suez_canal_n_total_z,sp500,0.0,0.0
2025-10-27,10,pw_suez_canal_n_total_z,vix,0.0,0.0
2025-10-27,10,pw_suez_canal_n_total_z,us2y,0.0007384093398353608,-0.0007384093398353608
2025-10-27,10,pw_suez_canal_n_total_z,us10y,0.03164387498987093,-0.028325497204367635
2025-10-27,10,pw_suez_canal_n_total_z,wti,0.0,0.0
2025-10-27,10,pw_suez_canal_n_total_z,brent,0.01222307187110589,0.008055682299338842
2025-10-27,10,pw_suez_canal_n_total_z,henry_hub,0.012707270355315903,0.012707270355315903
2025-11-26,10,audusd,brlusd,0.0,0.0
2025-11-26,10,audusd,cnyusd,0.0,0.0
2025-11-26,10,audusd,krwusd,0.05555987072330769,-0.031292834669255726
2025-11-26,10,audusd,eurusd,0.009195373709035625,-0.009195373709035625
2025-11-26,10,audusd,sp500,0.0,0.0
2025-11-26,10,audusd,vix,0.0,0.0
2025-11-26,10,audusd,us2y,0.0,0.0
2025-11-26,10,audusd,us10y,0.0,0.0
2025-11-26,10,audusd,wti,0.003846539837864229,-0.003846539837864229
2025-11-26,10,audusd,brent,0.00030195757925734575,-0.00030195757925734575
2025-11-26,10,audusd,henry_hub,0.0,0.0
2025-11-26,10,brlusd,audusd,0.0,0.0
2025-11-26,10,brlusd,cnyusd,0.004320500911678675,0.004320500911678675
2025-11-26,10,brlusd,krwusd,0.0,0.0
2025-11-26,10,brlusd,eurusd,0.0,0.0
2025-11-26,10,brlusd,sp500,0.0,0.0
2025-11-26,10,brlusd,vix,0.02174996865553494,0.02174996865553494
2025-11-26,10,brlusd,us2y,0.025670253862839297,0.01821293557387934
2025-11-26,10,brlusd,us10y,0.0038136976193275775,0.0038136976193275775
2025-11-26,10,brlusd,wti,0.0,0.0
2025-11-26,10,brlusd,brent,0.006022554543238148,-0.003666925769166942
2025-11-26,10,brlusd,henry_hub,0.0,0.0
2025-11-26,10,cnyusd,audusd,0.0,0.0
2025-11-26,10,cnyusd,brlusd,0.0,0.0
2025-11-26,10,cnyusd,krwusd,0.0032576968787293914,-0.0032576968787293914
2025-11-26,10,cnyusd,eurusd,0.002598740523215624,-0.0017551968966991454
2025-11-26,10,cnyusd,sp500,0.0,0.0
2025-11-26,10,cnyusd,vix,0.0,0.0
2025-11-26,10,cnyusd,us2y,0.02137469399783522,-0.02037389217322502
2025-11-26,10,cnyusd,us10y,0.05236761622623587,0.031355779832710796
2025-11-26,10,cnyusd,wti,0.0,0.0
2025-11-26,10,cnyusd,brent,0.0,0.0
2025-11-26,10,cnyusd,henry_hub,0.002839900104307095,0.002839900104307095
2025-11-26,10,krwusd,audusd,0.04073450316633323,0.01977089937918158
2025-11-26,10,krwusd,brlusd,0.0,0.0
2025-11-26,10,krwusd,cnyusd,0.11640856524409474,0.03501301084633609
2025-11-26,10,krwusd,eurusd,0.0,0.0
2025-11-26,10,krwusd,sp500,0.03650761598091536,0.013713903253701473
2025-11-26,10,krwusd,vix,0.0,0.0
2025-11-26,10,krwusd,us2y,0.0,0.0
2025-11-26,10,krwusd,us10y,0.036207148360466,-0.0183898096292503
2025-11-26,10,krwusd,wti,0.0,0.0
2025-11-26,10,krwusd,brent,0.0,0.0
2025-11-26,10,krwusd,henry_hub,0.0,0.0
2025-11-26,10,eurusd,audusd,0.0,0.0
2025-11-26,10,eurusd,brlusd,0.0,0.0
2025-11-26,10,eurusd,cnyusd,0.045638961889096136,0.019669023726096035
2025-11-26,10,eurusd,krwusd,0.03822109227551664,0.03822109227551664
2025-11-26,10,eurusd,sp500,0.0,0.0
2025-11-26,10,eurusd,vix,0.009215158197553086,-0.005023653129752513
2025-11-26,10,eurusd,us2y,0.0,0.0
2025-11-26,10,eurusd,us10y,0.0,0.0
2025-11-26,10,eurusd,wti,0.0,0.0
2025-11-26,10,eurusd,brent,0.0,0.0
2025-11-26,10,eurusd,henry_hub,0.0,0.0
2025-11-26,10,sp500,audusd,0.05112510658194822,0.040889339436169736
2025-11-26,10,sp500,brlusd,0.032127147351490054,0.032127147351490054
2025-11-26,10,sp500,cnyusd,0.041469729823233624,0.03485164809952706
2025-11-26,10,sp500,krwusd,0.011255296412777716,0.009022083412595668
2025-11-26,10,sp500,eurusd,0.01672445165576889,-0.015248645715215167
2025-11-26,10,sp500,vix,0.11979656433122404,0.047410714107575205
2025-11-26,10,sp500,us2y,0.033833055217137836,0.01584196029133868
2025-11-26,10,sp500,us10y,0.00013516431311133117,0.00013516431311133117
2025-11-26,10,sp500,wti,0.14752099000987126,-0.05177660253593352
2025-11-26,10,sp500,brent,0.07483506005057139,-0.02795030905700031
2025-11-26,10,sp500,henry_hub,0.0,0.0
2025-11-26,10,vix,audusd,0.006927853425360865,-0.006927853425360865
2025-11-26,10,vix,brlusd,0.0,0.0
2025-11-26,10,vix,cnyusd,0.0,0.0
2025-11-26,10,vix,krwusd,0.03143107269607902,-0.03143107269607902
2025-11-26,10,vix,eurusd,0.0,0.0
2025-11-26,10,vix,sp500,0.0,0.0
2025-11-26,10,vix,us2y,0.0,0.0
2025-11-26,10,vix,us10y,0.019936964852626714,0.019936964852626714
2025-11-26,10,vix,wti,0.0,0.0
2025-11-26,10,vix,brent,0.0,0.0
2025-11-26,10,vix,henry_hub,0.0,0.0
2025-11-26,10,us2y,audusd,0.0,0.0
2025-11-26,10,us2y,brlusd,0.024043962542128296,-0.017857214251404643
2025-11-26,10,us2y,cnyusd,0.0,0.0
2025-11-26,10,us2y,krwusd,0.012828018156951202,-0.012828018156951202
2025-11-26,10,us2y,eurusd,0.0,0.0
2025-11-26,10,us2y,sp500,0.0,0.0
2025-11-26,10,us2y,vix,0.0,0.0
2025-11-26,10,us2y,us10y,0.00014093332880215492,-0.00014093332880215492
2025-11-26,10,us2y,wti,8.2469111713194e-05,-8.2469111713194e-05
2025-11-26,10,us2y,brent,0.0,0.0
2025-11-26,10,us2y,henry_hub,0.0,0.0
2025-11-26,10,us10y,audusd,0.035567547956402004,-0.018864444225092397
2025-11-26,10,us10y,brlusd,0.019153972270921242,-0.014075867190537895
2025-11-26,10,us10y,cnyusd,0.021462347008894794,-0.009797115447230246
2025-11-26,10,us10y,krwusd,0.004670242054816034,-0.004670242054816034
2025-11-26,10,us10y,eurusd,0.0460048425912118,-0.024343651167829942
2025-11-26,10,us10y,sp500,0.06809481759491107,-0.037072753504040844
2025-11-26,10,us10y,vix,0.022003696211129797,0.013587506415469353
2025-11-26,10,us10y,us2y,0.0,0.0
2025-11-26,10,us10y,wti,0.0,0.0
2025-11-26,10,us10y,brent,0.0,0.0
2025-11-26,10,us10y,henry_hub,0.0,0.0
2025-11-26,10,wti,audusd,0.0,0.0
2025-11-26,10,wti,brlusd,0.0,0.0
2025-11-26,10,wti,cnyusd,0.0014721480927513562,-0.0014721480927513562
2025-11-26,10,wti,krwusd,0.0,0.0
2025-11-26,10,wti,eurusd,0.0,0.0
2025-11-26,10,wti,sp500,0.0,0.0
2025-11-26,10,wti,vix,0.003655119850129159,0.00253170789107132
2025-11-26,10,wti,us2y,0.0,0.0
2025-11-26,10,wti,us10y,0.0,0.0
2025-11-26,10,wti,brent,0.16357548693116117,0.1571055219835787
2025-11-26,10,wti,henry_hub,0.0,0.0
2025-11-26,10,brent,audusd,0.0,0.0
2025-11-26,10,brent,brlusd,0.0,0.0
2025-11-26,10,brent,cnyusd,0.0070249994033469675,-0.0070249994033469675
2025-11-26,10,brent,krwusd,0.008445511556540412,-0.008445511556540412
2025-11-26,10,brent,eurusd,0.0,0.0
2025-11-26,10,brent,sp500,0.02095380166362187,-0.01493580294896285
2025-11-26,10,brent,vix,0.07100261373072025,0.03955566947821766
2025-11-26,10,brent,us2y,0.0,0.0
2025-11-26,10,brent,us10y,0.0,0.0
2025-11-26,10,brent,wti,0.0,0.0
2025-11-26,10,brent,henry_hub,0.0,0.0
2025-11-26,10,henry_hub,audusd,0.0,0.0
2025-11-26,10,henry_hub,brlusd,0.0,0.0
2025-11-26,10,henry_hub,cnyusd,0.0,0.0
2025-11-26,10,henry_hub,krwusd,0.0,0.0
2025-11-26,10,henry_hub,eurusd,0.0,0.0
2025-11-26,10,henry_hub,sp500,0.002745239120010345,-0.002745239120010345
2025-11-26,10,henry_hub,vix,0.017790043758592073,0.00933182314754533
2025-11-26,10,henry_hub,us2y,0.0,0.0
2025-11-26,10,henry_hub,us10y,0.0,0.0
2025-11-26,10,henry_hub,wti,0.0,0.0
2025-11-26,10,henry_hub,brent,0.0,0.0
2025-11-26,10,pw_bab_el_mandeb_strait_capacity_z,audusd,0.0,0.0
2025-11-26,10,pw_bab_el_mandeb_strait_capacity_z,brlusd,0.0,0.0
2025-11-26,10,pw_bab_el_mandeb_strait_capacity_z,cnyusd,0.0,0.0
2025-11-26,10,pw_bab_el_mandeb_strait_capacity_z,krwusd,0.0,0.0
2025-11-26,10,pw_bab_el_mandeb_strait_capacity_z,eurusd,0.0,0.0
2025-11-26,10,pw_bab_el_mandeb_strait_capacity_z,sp500,0.006020771884740558,-0.006020771884740558
2025-11-26,10,pw_bab_el_mandeb_strait_capacity_z,vix,0.021121805113348473,0.021121805113348473
2025-11-26,10,pw_bab_el_mandeb_strait_capacity_z,us2y,0.00902772693583307,0.00902772693583307
2025-11-26,10,pw_bab_el_mandeb_strait_capacity_z,us10y,0.0,0.0
2025-11-26,10,pw_bab_el_mandeb_strait_capacity_z,wti,0.038219556683719146,-0.038219556683719146
2025-11-26,10,pw_bab_el_mandeb_strait_capacity_z,brent,0.0,0.0
2025-11-26,10,pw_bab_el_mandeb_strait_capacity_z,henry_hub,0.06442434240903876,-0.06442434240903876
2025-11-26,10,pw_bab_el_mandeb_strait_n_total_z,audusd,0.036824005579657405,0.036824005579657405
2025-11-26,10,pw_bab_el_mandeb_strait_n_total_z,brlusd,0.0,0.0
2025-11-26,10,pw_bab_el_mandeb_strait_n_total_z,cnyusd,0.0,0.0
2025-11-26,10,pw_bab_el_mandeb_strait_n_total_z,krwusd,0.00508482414507348,0.00508482414507348
2025-11-26,10,pw_bab_el_mandeb_strait_n_total_z,eurusd,0.12288116011933027,0.12288116011933027
2025-11-26,10,pw_bab_el_mandeb_strait_n_total_z,sp500,0.0,0.0
2025-11-26,10,pw_bab_el_mandeb_strait_n_total_z,vix,0.0,0.0
2025-11-26,10,pw_bab_el_mandeb_strait_n_total_z,us2y,0.0,0.0
2025-11-26,10,pw_bab_el_mandeb_strait_n_total_z,us10y,0.0658881040585251,-0.052731857815493166
2025-11-26,10,pw_bab_el_mandeb_strait_n_total_z,wti,0.0,0.0
2025-11-26,10,pw_bab_el_mandeb_strait_n_total_z,brent,0.0,0.0
2025-11-26,10,pw_bab_el_mandeb_strait_n_total_z,henry_hub,0.016305616263977685,0.016305616263977685
2025-11-26,10,pw_cape_of_good_hope_capacity_z,audusd,0.0,0.0
2025-11-26,10,pw_cape_of_good_hope_capacity_z,brlusd,0.06424716505668945,-0.027889874377443582
2025-11-26,10,pw_cape_of_good_hope_capacity_z,cnyusd,0.1901029717205543,-0.07517446069112026
2025-11-26,10,pw_cape_of_good_hope_capacity_z,krwusd,0.012971913937783923,-0.012971913937783923
2025-11-26,10,pw_cape_of_good_hope_capacity_z,eurusd,0.0,0.0
2025-11-26,10,pw_cape_of_good_hope_capacity_z,sp500,0.0016777616141557096,0.0016777616141557096
2025-11-26,10,pw_cape_of_good_hope_capacity_z,vix,0.0,0.0
2025-11-26,10,pw_cape_of_good_hope_capacity_z,us2y,0.028773861791109943,0.028773861791109943
2025-11-26,10,pw_cape_of_good_hope_capacity_z,us10y,0.0222888812165792,0.0222888812165792
2025-11-26,10,pw_cape_of_good_hope_capacity_z,wti,0.014069905081561437,0.014069905081561437
2025-11-26,10,pw_cape_of_good_hope_capacity_z,brent,0.12472857022189518,0.08715127587187042
2025-11-26,10,pw_cape_of_good_hope_capacity_z,henry_hub,0.1349376495372014,-0.05119167705373713
2025-11-26,10,pw_cape_of_good_hope_n_total_z,audusd,0.0,0.0
2025-11-26,10,pw_cape_of_good_hope_n_total_z,brlusd,0.0,0.0
2025-11-26,10,pw_cape_of_good_hope_n_total_z,cnyusd,0.0,0.0
2025-11-26,10,pw_cape_of_good_hope_n_total_z,krwusd,0.02251956045385566,-0.02251956045385566
2025-11-26,10,pw_cape_of_good_hope_n_total_z,eurusd,0.0,0.0
2025-11-26,10,pw_cape_of_good_hope_n_total_z,sp500,0.04300965754328179,0.02242160448309208
2025-11-26,10,pw_cape_of_good_hope_n_total_z,vix,0.020577526593305157,-0.018590310713051627
2025-11-26,10,pw_cape_of_good_hope_n_total_z,us2y,0.07513639059049168,0.06300834889012003
2025-11-26,10,pw_cape_of_good_hope_n_total_z,us10y,0.0,0.0
2025-11-26,10,pw_cape_of_good_hope_n_total_z,wti,0.0,0.0
2025-11-26,10,pw_cape_of_good_hope_n_total_z,brent,0.02307675754544249,-0.02307675754544249
2025-11-26,10,pw_cape_of_good_hope_n_total_z,henry_hub,0.19648042645110642,0.08008543643259414
2025-11-26,10,pw_malacca_strait_capacity_z,audusd,0.0,0.0
2025-11-26,10,pw_malacca_strait_capacity_z,brlusd,0.025460008016038812,0.015542779558163031
2025-11-26,10,pw_malacca_strait_capacity_z,cnyusd,0.0,0.0
2025-11-26,10,pw_malacca_strait_capacity_z,krwusd,0.06348965082527336,0.03943422012970857
2025-11-26,10,pw_malacca_strait_capacity_z,eurusd,0.0,0.0
2025-11-26,10,pw_malacca_strait_capacity_z,sp500,0.0,0.0
2025-11-26,10,pw_malacca_strait_capacity_z,vix,0.019811947550338042,-0.019811947550338042
2025-11-26,10,pw_malacca_strait_capacity_z,us2y,0.08441031630585691,0.07791880310474589
2025-11-26,10,pw_malacca_strait_capacity_z,us10y,0.0,0.0
2025-11-26,10,pw_malacca_strait_capacity_z,wti,0.0,0.0
2025-11-26,10,pw_malacca_strait_capacity_z,brent,0.0,0.0
2025-11-26,10,pw_malacca_strait_capacity_z,henry_hub,0.0,0.0
2025-11-26,10,pw_malacca_strait_n_total_z,audusd,0.024407730130622553,-0.013030924719551936
2025-11-26,10,pw_malacca_strait_n_total_z,brlusd,0.032909830745169295,0.032909830745169295
2025-11-26,10,pw_malacca_strait_n_total_z,cnyusd,0.1261848181824809,-0.09715024721019395
2025-11-26,10,pw_malacca_strait_n_total_z,krwusd,0.10202430092343327,-0.05549633246791124
2025-11-26,10,pw_malacca_strait_n_total_z,eurusd,0.1425574201832773,-0.04979923938568035
2025-11-26,10,pw_malacca_strait_n_total_z,sp500,0.05425479505717094,-0.026933213159661747
2025-11-26,10,pw_malacca_strait_n_total_z,vix,0.0,0.0
2025-11-26,10,pw_malacca_strait_n_total_z,us2y,0.05281530137286015,0.05281530137286015
2025-11-26,10,pw_malacca_strait_n_total_z,us10y,0.05235423022523641,0.05235423022523641
2025-11-26,10,pw_malacca_strait_n_total_z,wti,0.0,0.0
2025-11-26,10,pw_malacca_strait_n_total_z,brent,0.03857397952540046,-0.03857397952540046
2025-11-26,10,pw_malacca_strait_n_total_z,henry_hub,0.07434750189184594,0.06589878295824575
2025-11-26,10,pw_panama_canal_capacity_z,audusd,0.03809177546695874,-0.03809177546695874
2025-11-26,10,pw_panama_canal_capacity_z,brlusd,0.005446306444444209,-0.005446306444444209
2025-11-26,10,pw_panama_canal_capacity_z,cnyusd,0.035025729937217295,-0.035025729937217295
2025-11-26,10,pw_panama_canal_capacity_z,krwusd,0.07097040706550782,-0.07097040706550782
2025-11-26,10,pw_panama_canal_capacity_z,eurusd,0.0,0.0
2025-11-26,10,pw_panama_canal_capacity_z,sp500,0.0,0.0
2025-11-26,10,pw_panama_canal_capacity_z,vix,0.05308841164752753,-0.05308841164752753
2025-11-26,10,pw_panama_canal_capacity_z,us2y,0.0,0.0
2025-11-26,10,pw_panama_canal_capacity_z,us10y,0.060647788044612204,0.055117870263599655
2025-11-26,10,pw_panama_canal_capacity_z,wti,0.0,0.0
2025-11-26,10,pw_panama_canal_capacity_z,brent,0.0,0.0
2025-11-26,10,pw_panama_canal_capacity_z,henry_hub,0.0,0.0
2025-11-26,10,pw_panama_canal_n_total_z,audusd,0.07099056628532864,-0.040503718253793765
2025-11-26,10,pw_panama_canal_n_total_z,brlusd,0.0,0.0
2025-11-26,10,pw_panama_canal_n_total_z,cnyusd,0.02641264771348632,-0.02641264771348632
2025-11-26,10,pw_panama_canal_n_total_z,krwusd,0.0,0.0
2025-11-26,10,pw_panama_canal_n_total_z,eurusd,0.018447534849394057,-0.010982846524297927
2025-11-26,10,pw_panama_canal_n_total_z,sp500,0.0,0.0
2025-11-26,10,pw_panama_canal_n_total_z,vix,0.0,0.0
2025-11-26,10,pw_panama_canal_n_total_z,us2y,0.02923043884030623,0.02923043884030623
2025-11-26,10,pw_panama_canal_n_total_z,us10y,0.0,0.0
2025-11-26,10,pw_panama_canal_n_total_z,wti,0.01739509504436397,-0.01739509504436397
2025-11-26,10,pw_panama_canal_n_total_z,brent,0.0,0.0
2025-11-26,10,pw_panama_canal_n_total_z,henry_hub,0.04932467574088828,0.04932467574088828
2025-11-26,10,pw_strait_of_hormuz_capacity_z,audusd,0.07037378805587699,0.045344673157426525
2025-11-26,10,pw_strait_of_hormuz_capacity_z,brlusd,0.0,0.0
2025-11-26,10,pw_strait_of_hormuz_capacity_z,cnyusd,0.0,0.0
2025-11-26,10,pw_strait_of_hormuz_capacity_z,krwusd,0.0,0.0
2025-11-26,10,pw_strait_of_hormuz_capacity_z,eurusd,0.0,0.0
2025-11-26,10,pw_strait_of_hormuz_capacity_z,sp500,0.009053508532280744,0.009053508532280744
2025-11-26,10,pw_strait_of_hormuz_capacity_z,vix,0.0,0.0
2025-11-26,10,pw_strait_of_hormuz_capacity_z,us2y,0.10011560185272286,0.05427135006901932
2025-11-26,10,pw_strait_of_hormuz_capacity_z,us10y,0.09297246742161203,0.09297246742161203
2025-11-26,10,pw_strait_of_hormuz_capacity_z,wti,0.16102242824416302,0.09619652520802784
2025-11-26,10,pw_strait_of_hormuz_capacity_z,brent,0.19382058113258593,0.1258185370548504
2025-11-26,10,pw_strait_of_hormuz_capacity_z,henry_hub,0.005214301166812341,0.005214301166812341
2025-11-26,10,pw_strait_of_hormuz_n_total_z,audusd,0.06333253220390235,0.0358490408051368
2025-11-26,10,pw_strait_of_hormuz_n_total_z,brlusd,0.02236888020329453,0.017136369148356215
2025-11-26,10,pw_strait_of_hormuz_n_total_z,cnyusd,0.0,0.0
2025-11-26,10,pw_strait_of_hormuz_n_total_z,krwusd,0.01629275957932022,0.01629275957932022
2025-11-26,10,pw_strait_of_hormuz_n_total_z,eurusd,0.0,0.0
2025-11-26,10,pw_strait_of_hormuz_n_total_z,sp500,0.0,0.0
2025-11-26,10,pw_strait_of_hormuz_n_total_z,vix,0.0,0.0
2025-11-26,10,pw_strait_of_hormuz_n_total_z,us2y,0.0,0.0
2025-11-26,10,pw_strait_of_hormuz_n_total_z,us10y,0.0320804820136489,0.0320804820136489
2025-11-26,10,pw_strait_of_hormuz_n_total_z,wti,0.0,0.0
2025-11-26,10,pw_strait_of_hormuz_n_total_z,brent,0.0,0.0
2025-11-26,10,pw_strait_of_hormuz_n_total_z,henry_hub,0.0,0.0
2025-11-26,10,pw_suez_canal_capacity_z,audusd,0.0,0.0
2025-11-26,10,pw_suez_canal_capacity_z,brlusd,0.02032168446623585,0.02032168446623585
2025-11-26,10,pw_suez_canal_capacity_z,cnyusd,0.12921956945881366,-0.08612279067601127
2025-11-26,10,pw_suez_canal_capacity_z,krwusd,0.0,0.0
2025-11-26,10,pw_suez_canal_capacity_z,eurusd,0.0,0.0
2025-11-26,10,pw_suez_canal_capacity_z,sp500,0.038521429028863234,-0.038521429028863234
2025-11-26,10,pw_suez_canal_capacity_z,vix,0.042440006722500985,0.042440006722500985
2025-11-26,10,pw_suez_canal_capacity_z,us2y,0.0,0.0
2025-11-26,10,pw_suez_canal_capacity_z,us10y,0.0,0.0
2025-11-26,10,pw_suez_canal_capacity_z,wti,0.0,0.0
2025-11-26,10,pw_suez_canal_capacity_z,brent,0.0,0.0
2025-11-26,10,pw_suez_canal_capacity_z,henry_hub,0.0,0.0
2025-11-26,10,pw_suez_canal_n_total_z,audusd,0.0,0.0
2025-11-26,10,pw_suez_canal_n_total_z,brlusd,0.0,0.0
2025-11-26,10,pw_suez_canal_n_total_z,cnyusd,0.0,0.0
2025-11-26,10,pw_suez_canal_n_total_z,krwusd,0.0,0.0
2025-11-26,10,pw_suez_canal_n_total_z,eurusd,0.0,0.0
2025-11-26,10,pw_suez_canal_n_total_z,sp500,0.0,0.0
2025-11-26,10,pw_suez_canal_n_total_z,vix,0.0,0.0
2025-11-26,10,pw_suez_canal_n_total_z,us2y,0.0,0.0
2025-11-26,10,pw_suez_canal_n_total_z,us10y,0.027339127351142908,-0.02593934619107061
2025-11-26,10,pw_suez_canal_n_total_z,wti,0.0,0.0
2025-11-26,10,pw_suez_canal_n_total_z,brent,0.012916274674480964,0.00835099753290653
2025-11-26,10,pw_suez_canal_n_total_z,henry_hub,0.01887944734123565,0.01887944734123565
2026-01-06,10,audusd,brlusd,0.0,0.0
2026-01-06,10,audusd,cnyusd,0.0,0.0
2026-01-06,10,audusd,krwusd,0.053326904711544054,-0.03230174226348566
2026-01-06,10,audusd,eurusd,0.008255191608183339,-0.008255191608183339
2026-01-06,10,audusd,sp500,0.0,0.0
2026-01-06,10,audusd,vix,0.0,0.0
2026-01-06,10,audusd,us2y,0.0,0.0
2026-01-06,10,audusd,us10y,0.0,0.0
2026-01-06,10,audusd,wti,0.004406191290049758,-0.004406191290049758
2026-01-06,10,audusd,brent,0.0018397229133741962,-0.0018397229133741962
2026-01-06,10,audusd,henry_hub,0.0,0.0
2026-01-06,10,brlusd,audusd,0.0,0.0
2026-01-06,10,brlusd,cnyusd,0.003059153719450713,0.0017928378048124249
2026-01-06,10,brlusd,krwusd,0.0,0.0
2026-01-06,10,brlusd,eurusd,0.0,0.0
2026-01-06,10,brlusd,sp500,0.0,0.0
2026-01-06,10,brlusd,vix,0.021911639404426645,0.021911639404426645
2026-01-06,10,brlusd,us2y,0.027944575395521816,0.019097278134961877
2026-01-06,10,brlusd,us10y,0.003658416271938407,0.003658416271938407
2026-01-06,10,brlusd,wti,0.0,0.0
2026-01-06,10,brlusd,brent,0.0041385012592772205,-0.002214310304838349
2026-01-06,10,brlusd,henry_hub,0.0,0.0
2026-01-06,10,cnyusd,audusd,0.0,0.0
2026-01-06,10,cnyusd,brlusd,0.0,0.0
2026-01-06,10,cnyusd,krwusd,0.004595430779138282,-0.004595430779138282
2026-01-06,10,cnyusd,eurusd,0.0017448623562214913,-0.0013578313855087767
2026-01-06,10,cnyusd,sp500,0.0,0.0
2026-01-06,10,cnyusd,vix,0.0,0.0
2026-01-06,10,cnyusd,us2y,0.02182465036511855,-0.02182465036511855
2026-01-06,10,cnyusd,us10y,0.04939899047084556,0.03054152162701553
2026-01-06,10,cnyusd,wti,0.0,0.0
2026-01-06,10,cnyusd,brent,0.0,0.0
2026-01-06,10,cnyusd,henry_hub,0.0007106721460261103,0.0007106721460261103
2026-01-06,10,krwusd,audusd,0.03913632362500653,0.018785462879935405
2026-01-06,10,krwusd,brlusd,0.0,0.0
2026-01-06,10,krwusd,cnyusd,0.10951286795917228,0.03352897494073678
2026-01-06,10,krwusd,eurusd,0.0,0.0
2026-01-06,10,krwusd,sp500,0.0337017852525598,0.011651352571500018
2026-01-06,10,krwusd,vix,0.0,0.0
2026-01-06,10,krwusd,us2y,0.0,0.0
2026-01-06,10,krwusd,us10y,0.03693730787011697,-0.017082396512533113
2026-01-06,10,krwusd,wti,0.0,0.0
2026-01-06,10,krwusd,brent,0.0,0.0
2026-01-06,10,krwusd,henry_hub,0.0,0.0
2026-01-06,10,eurusd,audusd,0.0,0.0
2026-01-06,10,eurusd,brlusd,0.0,0.0
2026-01-06,10,eurusd,cnyusd,0.04826424435695052,0.019991762894094156
2026-01-06,10,eurusd,krwusd,0.03983316004352449,0.03983316004352449
2026-01-06,10,eurusd,sp500,0.0,0.0
2026-01-06,10,eurusd,vix,0.006385611942298047,-0.003873567779211629
2026-01-06,10,eurusd,us2y,0.0,0.0
2026-01-06,10,eurusd,us10y,0.0,0.0
2026-01-06,10,eurusd,wti,0.0,0.0
2026-01-06,10,eurusd,brent,0.0,0.0
2026-01-06,10,eurusd,henry_hub,0.0,0.0
2026-01-06,10,sp500,audusd,0.050257787914869984,0.039039583603425916
2026-01-06,10,sp500,brlusd,0.031749556244908925,0.031749556244908925
2026-01-06,10,sp500,cnyusd,0.04170681390633152,0.034998418250577694
2026-01-06,10,sp500,krwusd,0.009775662332899858,0.006986297919539066
2026-01-06,10,sp500,eurusd,0.01545360861602713,-0.0150131745686702
2026-01-06,10,sp500,vix,0.1234058724923268,0.0481123218934015
2026-01-06,10,sp500,us2y,0.03641097820337226,0.01711925715963202
2026-01-06,10,sp500,us10y,0.0018914211178481521,0.0017767324341425475
2026-01-06,10,sp500,wti,0.14604730818347295,-0.050813869914901305
2026-01-06,10,sp500,brent,0.07951255719592931,-0.029228694530028715
2026-01-06,10,sp500,henry_hub,0.0,0.0
2026-01-06,10,vix,audusd,0.011316721186344535,-0.011316721186344535
2026-01-06,10,vix,brlusd,0.0,0.0
2026-01-06,10,vix,cnyusd,0.0005226119692218341,-0.0005226119692218341
2026-01-06,10,vix,krwusd,0.03452054590442776,-0.03452054590442776
2026-01-06,10,vix,eurusd,0.0,0.0
2026-01-06,10,vix,sp500,0.0,0.0
2026-01-06,10,vix,us2y,0.0,0.0
2026-01-06,10,vix,us10y,0.01572994838785636,0.01572994838785636
2026-01-06,10,vix,wti,0.0,0.0
2026-01-06,10,vix,brent,0.0,0.0
2026-01-06,10,vix,henry_hub,0.0,0.0
2026-01-06,10,us2y,audusd,0.0,0.0
2026-01-06,10,us2y,brlusd,0.018781003926641875,-0.01619248481036742
2026-01-06,10,us2y,cnyusd,0.0,0.0
2026-01-06,10,us2y,krwusd,0.016233116776945476,-0.016233116776945476
2026-01-06,10,us2y,eurusd,0.0012073754982985302,-0.0012073754982985302
2026-01-06,10,us2y,sp500,0.0,0.0
2026-01-06,10,us2y,vix,0.0,0.0
2026-01-06,10,us2y,us10y,0.0016924078781470986,-0.0016924078781470986
2026-01-06,10,us2y,wti,0.0,0.0
2026-01-06,10,us2y,brent,0.0,0.0
2026-01-06,10,us2y,henry_hub,0.0,0.0
2026-01-06,10,us10y,audusd,0.03517294696853531,-0.018624642661347873
2026-01-06,10,us10y,brlusd,0.02030606080208371,-0.015163123806930589
2026-01-06,10,us10y,cnyusd,0.024117670844878134,-0.009798297069291036
2026-01-06,10,us10y,krwusd,0.0018637113695908585,-0.0018637113695908585
2026-01-06,10,us10y,eurusd,0.0468846217596089,-0.02568994644722251
2026-01-06,10,us10y,sp500,0.0701867107611242,-0.036361428370334466
2026-01-06,10,us10y,vix,0.02252824747495142,0.014144925240309521
2026-01-06,10,us10y,us2y,0.002163832881707324,-0.002163832881707324
2026-01-06,10,us10y,wti,0.0,0.0
2026-01-06,10,us10y,brent,0.0,0.0
2026-01-06,10,us10y,henry_hub,0.0,0.0
2026-01-06,10,wti,audusd,0.0,0.0
2026-01-06,10,wti,brlusd,0.0,0.0
2026-01-06,10,wti,cnyusd,0.0018483439358110225,-0.0018483439358110225
2026-01-06,10,wti,krwusd,0.0,0.0
2026-01-06,10,wti,eurusd,0.0,0.0
2026-01-06,10,wti,sp500,0.0,0.0
2026-01-06,10,wti,vix,0.0036048386467153557,0.0028799827547558113
2026-01-06,10,wti,us2y,0.0,0.0
2026-01-06,10,wti,us10y,0.0,0.0
2026-01-06,10,wti,brent,0.1634117116469716,0.1564861699805011
2026-01-06,10,wti,henry_hub,0.0,0.0
2026-01-06,10,brent,audusd,0.0,0.0
2026-01-06,10,brent,brlusd,0.0,0.0
2026-01-06,10,brent,cnyusd,0.006748022919422805,-0.006748022919422805
2026-01-06,10,brent,krwusd,0.009629083037020519,-0.009629083037020519
2026-01-06,10,brent,eurusd,0.0,0.0
2026-01-06,10,brent,sp500,0.018545131129892683,-0.013623715323975225
2026-01-06,10,brent,vix,0.06491381676898574,0.03713574793063833
2026-01-06,10,brent,us2y,0.0,0.0
2026-01-06,10,brent,us10y,0.0,0.0
2026-01-06,10,brent,wti,0.0,0.0
2026-01-06,10,brent,henry_hub,0.0,0.0
2026-01-06,10,henry_hub,audusd,0.00014040889199506298,0.00014040889199506298
2026-01-06,10,henry_hub,brlusd,0.0,0.0
2026-01-06,10,henry_hub,cnyusd,0.0,0.0
2026-01-06,10,henry_hub,krwusd,0.0,0.0
2026-01-06,10,henry_hub,eurusd,0.0,0.0
2026-01-06,10,henry_hub,sp500,0.0015480371849970708,-0.0015480371849970708
2026-01-06,10,henry_hub,vix,0.012424470110134558,0.006654072586479765
2026-01-06,10,henry_hub,us2y,0.0,0.0
2026-01-06,10,henry_hub,us10y,0.0,0.0
2026-01-06,10,henry_hub,wti,0.0,0.0
2026-01-06,10,henry_hub,brent,0.0,0.0
2026-01-06,10,pw_bab_el_mandeb_strait_capacity_z,audusd,0.0,0.0
2026-01-06,10,pw_bab_el_mandeb_strait_capacity_z,brlusd,0.0,0.0
2026-01-06,10,pw_bab_el_mandeb_strait_capacity_z,cnyusd,0.0,0.0
2026-01-06,10,pw_bab_el_mandeb_strait_capacity_z,krwusd,0.0,0.0
2026-01-06,10,pw_bab_el_mandeb_strait_capacity_z,eurusd,0.0,0.0
2026-01-06,10,pw_bab_el_mandeb_strait_capacity_z,sp500,0.0018074473889702308,-0.0018074473889702308
2026-01-06,10,pw_bab_el_mandeb_strait_capacity_z,vix,0.015212083782464908,0.015212083782464908
2026-01-06,10,pw_bab_el_mandeb_strait_capacity_z,us2y,0.001914549370224349,0.001914549370224349
2026-01-06,10,pw_bab_el_mandeb_strait_capacity_z,us10y,0.0,0.0
2026-01-06,10,pw_bab_el_mandeb_strait_capacity_z,wti,0.043051263337718415,-0.039525470866325206
2026-01-06,10,pw_bab_el_mandeb_strait_capacity_z,brent,0.0,0.0
2026-01-06,10,pw_bab_el_mandeb_strait_capacity_z,henry_hub,0.059662439693635105,-0.059662439693635105
2026-01-06,10,pw_bab_el_mandeb_strait_n_total_z,audusd,0.03867828065003616,0.03867828065003616
2026-01-06,10,pw_bab_el_mandeb_strait_n_total_z,brlusd,0.0,0.0
2026-01-06,10,pw_bab_el_mandeb_strait_n_total_z,cnyusd,0.0,0.0
2026-01-06,10,pw_bab_el_mandeb_strait_n_total_z,krwusd,0.004476505992556677,0.004476505992556677
2026-01-06,10,pw_bab_el_mandeb_strait_n_total_z,eurusd,0.1277981443676405,0.1277981443676405
2026-01-06,10,pw_bab_el_mandeb_strait_n_total_z,sp500,0.0,0.0
2026-01-06,10,pw_bab_el_mandeb_strait_n_total_z,vix,0.0,0.0
2026-01-06,10,pw_bab_el_mandeb_strait_n_total_z,us2y,0.0,0.0
2026-01-06,10,pw_bab_el_mandeb_strait_n_total_z,us10y,0.06727787040509904,-0.05341094862595025
2026-01-06,10,pw_bab_el_mandeb_strait_n_total_z,wti,0.0022894630283080723,-0.0022894630283080723
2026-01-06,10,pw_bab_el_mandeb_strait_n_total_z,brent,0.0,0.0
2026-01-06,10,pw_bab_el_mandeb_strait_n_total_z,henry_hub,0.014174515724276868,0.014174515724276868
2026-01-06,10,pw_cape_of_good_hope_capacity_z,audusd,0.0,0.0
2026-01-06,10,pw_cape_of_good_hope_capacity_z,brlusd,0.06410274170935107,-0.025720899520611275
2026-01-06,10,pw_cape_of_good_hope_capacity_z,cnyusd,0.18684839154548727,-0.07784662094176946
2026-01-06,10,pw_cape_of_good_hope_capacity_z,krwusd,0.010585586728809155,-0.010585586728809155
2026-01-06,10,pw_cape_of_good_hope_capacity_z,eurusd,0.0,0.0
2026-01-06,10,pw_cape_of_good_hope_capacity_z,sp500,0.00664836709544554,0.00664836709544554
2026-01-06,10,pw_cape_of_good_hope_capacity_z,vix,0.0,0.0
2026-01-06,10,pw_cape_of_good_hope_capacity_z,us2y,0.02713131261234655,0.02713131261234655
2026-01-06,10,pw_cape_of_good_hope_capacity_z,us10y,0.022721014099592627,0.022721014099592627
2026-01-06,10,pw_cape_of_good_hope_capacity_z,wti,0.01729333432673449,0.01729333432673449
2026-01-06,10,pw_cape_of_good_hope_capacity_z,brent,0.1259799470836413,0.08802689914285133
2026-01-06,10,pw_cape_of_good_hope_capacity_z,henry_hub,0.1353125900975375,-0.04870110174008527
2026-01-06,10,pw_cape_of_good_hope_n_total_z,audusd,0.0,0.0
2026-01-06,10,pw_cape_of_good_hope_n_total_z,brlusd,0.0,0.0
2026-01-06,10,pw_cape_of_good_hope_n_total_z,cnyusd,0.0,0.0
2026-01-06,10,pw_cape_of_good_hope_n_total_z,krwusd,0.022394356909030078,-0.022394356909030078
2026-01-06,10,pw_cape_of_good_hope_n_total_z,eurusd,0.0,0.0
2026-01-06,10,pw_cape_of_good_hope_n_total_z,sp500,0.04082835577668614,0.02365008089798524
2026-01-06,10,pw_cape_of_good_hope_n_total_z,vix,0.021686811896269264,-0.019832186617668852
2026-01-06,10,pw_cape_of_good_hope_n_total_z,us2y,0.07130921821369914,0.0592193416412514
2026-01-06,10,pw_cape_of_good_hope_n_total_z,us10y,0.0,0.0
2026-01-06,10,pw_cape_of_good_hope_n_total_z,wti,0.0,0.0
2026-01-06,10,pw_cape_of_good_hope_n_total_z,brent,0.024316113901931686,-0.024316113901931686
2026-01-06,10,pw_cape_of_good_hope_n_total_z,henry_hub,0.1911671990551561,0.07520730974778375
2026-01-06,10,pw_malacca_strait_capacity_z,audusd,0.0,0.0
2026-01-06,10,pw_malacca_strait_capacity_z,brlusd,0.014881545943370142,0.00934049368089222
2026-01-06,10,pw_malacca_strait_capacity_z,cnyusd,0.0,0.0
2026-01-06,10,pw_malacca_strait_capacity_z,krwusd,0.06537103755164969,0.03899060718727076
2026-01-06,10,pw_malacca_strait_capacity_z,eurusd,0.0,0.0
2026-01-06,10,pw_malacca_strait_capacity_z,sp500,0.0,0.0
2026-01-06,10,pw_malacca_strait_capacity_z,vix,0.03093662655253921,-0.02180799249302178
2026-01-06,10,pw_malacca_strait_capacity_z,us2y,0.07928615061579637,0.0738036472340798
2026-01-06,10,pw_malacca_strait_capacity_z,us10y,0.0,0.0
2026-01-06,10,pw_malacca_strait_capacity_z,wti,0.0,0.0
2026-01-06,10,pw_malacca_strait_capacity_z,brent,0.0,0.0
2026-01-06,10,pw_malacca_strait_capacity_z,henry_hub,0.0,0.0
2026-01-06,10,pw_malacca_strait_n_total_z,audusd,0.009324978175719555,-0.004769334087507786
2026-01-06,10,pw_malacca_strait_n_total_z,brlusd,0.034328428833829784,0.034328428833829784
2026-01-06,10,pw_malacca_strait_n_total_z,cnyusd,0.11796394592557084,-0.09084018791743574
2026-01-06,10,pw_malacca_strait_n_total_z,krwusd,0.10416569873374118,-0.050314901179901374
2026-01-06,10,pw_malacca_strait_n_total_z,eurusd,0.1343494866425684,-0.04039607460468747
2026-01-06,10,pw_malacca_strait_n_total_z,sp500,0.04531686494380413,-0.017221634790797406
2026-01-06,10,pw_malacca_strait_n_total_z,vix,0.0,0.0
2026-01-06,10,pw_malacca_strait_n_total_z,us2y,0.0486736979497215,0.0486736979497215
2026-01-06,10,pw_malacca_strait_n_total_z,us10y,0.049146655604752565,0.049146655604752565
2026-01-06,10,pw_malacca_strait_n_total_z,wti,0.0,0.0
2026-01-06,10,pw_malacca_strait_n_total_z,brent,0.040838622705836644,-0.040838622705836644
2026-01-06,10,pw_malacca_strait_n_total_z,henry_hub,0.07212453435452654,0.06091470756362351
2026-01-06,10,pw_panama_canal_capacity_z,audusd,0.029860877279204195,-0.029860877279204195
2026-01-06,10,pw_panama_canal_capacity_z,brlusd,0.0,0.0
2026-01-06,10,pw_panama_canal_capacity_z,cnyusd,0.034218728291816033,-0.034218728291816033
2026-01-06,10,pw_panama_canal_capacity_z,krwusd,0.06749744907780399,-0.06749744907780399
2026-01-06,10,pw_panama_canal_capacity_z,eurusd,0.0,0.0
2026-01-06,10,pw_panama_canal_capacity_z,sp500,0.0,0.0
2026-01-06,10,pw_panama_canal_capacity_z,vix,0.045134299600753894,-0.045134299600753894
2026-01-06,10,pw_panama_canal_capacity_z,us2y,0.0,0.0
2026-01-06,10,pw_panama_canal_capacity_z,us10y,0.0626035327300814,0.05486067524491056
2026-01-06,10,pw_panama_canal_capacity_z,wti,0.0,0.0
2026-01-06,10,pw_panama_canal_capacity_z,brent,0.0,0.0
2026-01-06,10,pw_panama_canal_capacity_z,henry_hub,0.0,0.0
2026-01-06,10,pw_panama_canal_n_total_z,audusd,0.08607885510101057,-0.044067585135379186
2026-01-06,10,pw_panama_canal_n_total_z,brlusd,0.0,0.0
2026-01-06,10,pw_panama_canal_n_total_z,cnyusd,0.04030907922559776,-0.04030907922559776
2026-01-06,10,pw_panama_canal_n_total_z,krwusd,0.0,0.0
2026-01-06,10,pw_panama_canal_n_total_z,eurusd,0.02846146923724494,-0.01691469896797207
2026-01-06,10,pw_panama_canal_n_total_z,sp500,0.0,0.0
2026-01-06,10,pw_panama_canal_n_total_z,vix,0.0,0.0
2026-01-06,10,pw_panama_canal_n_total_z,us2y,0.03943173757826258,0.03943173757826258
2026-01-06,10,pw_panama_canal_n_total_z,us10y,0.0,0.0
2026-01-06,10,pw_panama_canal_n_total_z,wti,0.00549362956852819,-0.00549362956852819
2026-01-06,10,pw_panama_canal_n_total_z,brent,0.0,0.0
2026-01-06,10,pw_panama_canal_n_total_z,henry_hub,0.05290022804323124,0.04100442150437507
2026-01-06,10,pw_strait_of_hormuz_capacity_z,audusd,0.06590513031316574,0.04353295693957936
2026-01-06,10,pw_strait_of_hormuz_capacity_z,brlusd,0.0,0.0
2026-01-06,10,pw_strait_of_hormuz_capacity_z,cnyusd,0.0,0.0
2026-01-06,10,pw_strait_of_hormuz_capacity_z,krwusd,0.0,0.0
2026-01-06,10,pw_strait_of_hormuz_capacity_z,eurusd,0.0,0.0
2026-01-06,10,pw_strait_of_hormuz_capacity_z,sp500,0.002682415112067232,0.002682415112067232
2026-01-06,10,pw_strait_of_hormuz_capacity_z,vix,0.0,0.0
2026-01-06,10,pw_strait_of_hormuz_capacity_z,us2y,0.08681186204895837,0.0453407849689741
2026-01-06,10,pw_strait_of_hormuz_capacity_z,us10y,0.07977697925320229,0.07977697925320229
2026-01-06,10,pw_strait_of_hormuz_capacity_z,wti,0.1579647809868544,0.08803975250387493
2026-01-06,10,pw_strait_of_hormuz_capacity_z,brent,0.19505097043421044,0.12290589315948568
2026-01-06,10,pw_strait_of_hormuz_capacity_z,henry_hub,0.008240274366949268,0.008240274366949268
2026-01-06,10,pw_strait_of_hormuz_n_total_z,audusd,0.053160939858596525,0.02653859203016717
2026-01-06,10,pw_strait_of_hormuz_n_total_z,brlusd,0.02864963242590722,0.025508764367468833
2026-01-06,10,pw_strait_of_hormuz_n_total_z,cnyusd,0.0,0.0
2026-01-06,10,pw_strait_of_hormuz_n_total_z,krwusd,0.010424902873733677,0.010424902873733677
2026-01-06,10,pw_strait_of_hormuz_n_total_z,eurusd,0.0,0.0
2026-01-06,10,pw_strait_of_hormuz_n_total_z,sp500,0.0,0.0
2026-01-06,10,pw_strait_of_hormuz_n_total_z,vix,0.0,0.0
2026-01-06,10,pw_strait_of_hormuz_n_total_z,us2y,0.011402781711215382,0.011402781711215382
2026-01-06,10,pw_strait_of_hormuz_n_total_z,us10y,0.039937991439559915,0.039937991439559915
2026-01-06,10,pw_strait_of_hormuz_n_total_z,wti,0.0,0.0
2026-01-06,10,pw_strait_of_hormuz_n_total_z,brent,0.0,0.0
2026-01-06,10,pw_strait_of_hormuz_n_total_z,henry_hub,0.0,0.0
2026-01-06,10,pw_suez_canal_capacity_z,audusd,0.0,0.0
2026-01-06,10,pw_suez_canal_capacity_z,brlusd,0.013078215485868471,0.013078215485868471
2026-01-06,10,pw_suez_canal_capacity_z,cnyusd,0.11506267911513876,-0.08165223940400763
2026-01-06,10,pw_suez_canal_capacity_z,krwusd,0.0,0.0
2026-01-06,10,pw_suez_canal_capacity_z,eurusd,0.0,0.0
2026-01-06,10,pw_suez_canal_capacity_z,sp500,0.04015569926173533,-0.04015569926173533
2026-01-06,10,pw_suez_canal_capacity_z,vix,0.03796935103990359,0.03796935103990359
2026-01-06,10,pw_suez_canal_capacity_z,us2y,0.0,0.0
2026-01-06,10,pw_suez_canal_capacity_z,us10y,0.0,0.0
2026-01-06,10,pw_suez_canal_capacity_z,wti,0.0,0.0
2026-01-06,10,pw_suez_canal_capacity_z,brent,0.0,0.0
2026-01-06,10,pw_suez_canal_capacity_z,henry_hub,0.0,0.0
2026-01-06,10,pw_suez_canal_n_total_z,audusd,0.0,0.0
2026-01-06,10,pw_suez_canal_n_total_z,brlusd,0.0,0.0
2026-01-06,10,pw_suez_canal_n_total_z,cnyusd,0.0,0.0
2026-01-06,10,pw_suez_canal_n_total_z,krwusd,0.0,0.0
2026-01-06,10,pw_suez_canal_n_total_z,eurusd,0.0,0.0
2026-01-06,10,pw_suez_canal_n_total_z,sp500,0.0,0.0
2026-01-06,10,pw_suez_canal_n_total_z,vix,0.0,0.0
2026-01-06,10,pw_suez_canal_n_total_z,us2y,0.005584628952522864,-0.005584628952522864
2026-01-06,10,pw_suez_canal_n_total_z,us10y,0.025475918454783773,-0.025233727439048878
2026-01-06,10,pw_suez_canal_n_total_z,wti,0.0,0.0
2026-01-06,10,pw_suez_canal_n_total_z,brent,0.010263660489181765,0.006774411032507285
2026-01-06,10,pw_suez_canal_n_total_z,henry_hub,0.006773546874835702,0.006773546874835702
2026-02-05,10,audusd,brlusd,0.0,0.0
2026-02-05,10,audusd,cnyusd,0.0,0.0
2026-02-05,10,audusd,krwusd,0.06302499040056751,-0.03510216503504988
2026-02-05,10,audusd,eurusd,0.009277962618355033,-0.009277962618355033
2026-02-05,10,audusd,sp500,0.0,0.0
2026-02-05,10,audusd,vix,0.0,0.0
2026-02-05,10,audusd,us2y,0.0,0.0
2026-02-05,10,audusd,us10y,0.0,0.0
2026-02-05,10,audusd,wti,0.004087886733865068,-0.004087886733865068
2026-02-05,10,audusd,brent,0.001967262734412554,-0.001967262734412554
2026-02-05,10,audusd,henry_hub,0.0,0.0
2026-02-05,10,brlusd,audusd,0.0,0.0
2026-02-05,10,brlusd,cnyusd,0.0016742627700652496,-0.0011548367241124276
2026-02-05,10,brlusd,krwusd,0.0,0.0
2026-02-05,10,brlusd,eurusd,0.0,0.0
2026-02-05,10,brlusd,sp500,0.0,0.0
2026-02-05,10,brlusd,vix,0.01972734897516848,0.01972734897516848
2026-02-05,10,brlusd,us2y,0.029761116309996193,0.020282898212786477
2026-02-05,10,brlusd,us10y,0.0030975605455214007,0.0030975605455214007
2026-02-05,10,brlusd,wti,0.0,0.0
2026-02-05,10,brlusd,brent,0.0025159402512502033,-0.001517699697386793
2026-02-05,10,brlusd,henry_hub,0.012026610010169959,0.008684135664880688
2026-02-05,10,cnyusd,audusd,0.0,0.0
2026-02-05,10,cnyusd,brlusd,0.0,0.0
2026-02-05,10,cnyusd,krwusd,0.0027803672566859934,-0.0027803672566859934
2026-02-05,10,cnyusd,eurusd,0.002476334750191061,-0.0016707199942451055
2026-02-05,10,cnyusd,sp500,0.0,0.0
2026-02-05,10,cnyusd,vix,0.0,0.0
2026-02-05,10,cnyusd,us2y,0.02152120483027066,-0.021098754628608083
2026-02-05,10,cnyusd,us10y,0.050094244156479444,0.030910645120309922
2026-02-05,10,cnyusd,wti,0.0,0.0
2026-02-05,10,cnyusd,brent,0.0,0.0
2026-02-05,10,cnyusd,henry_hub,0.0,0.0
2026-02-05,10,krwusd,audusd,0.023587173843834797,0.013782245670608272
2026-02-05,10,krwusd,brlusd,0.0,0.0
2026-02-05,10,krwusd,cnyusd,0.10272908545247024,0.03152042482983755
2026-02-05,10,krwusd,eurusd,0.0,0.0
2026-02-05,10,krwusd,sp500,0.03111964740947641,0.010440064142761838
2026-02-05,10,krwusd,vix,0.0,0.0
2026-02-05,10,krwusd,us2y,0.0,0.0
2026-02-05,10,krwusd,us10y,0.03413734902395361,-0.016211982125819917
2026-02-05,10,krwusd,wti,0.0,0.0
2026-02-05,10,krwusd,brent,0.0,0.0
2026-02-05,10,krwusd,henry_hub,0.0,0.0
2026-02-05,10,eurusd,audusd,0.0,0.0
2026-02-05,10,eurusd,brlusd,0.0,0.0
2026-02-05,10,eurusd,cnyusd,0.05062943388089712,0.021742356072298196
2026-02-05,10,eurusd,krwusd,0.040113456232656906,0.040113456232656906
2026-02-05,10,eurusd,sp500,0.0,0.0
2026-02-05,10,eurusd,vix,0.005787434900963711,-0.003459714725553243
2026-02-05,10,eurusd,us2y,0.0,0.0
2026-02-05,10,eurusd,us10y,0.0,0.0
2026-02-05,10,eurusd,wti,0.0,0.0
2026-02-05,10,eurusd,brent,0.0,0.0
2026-02-05,10,eurusd,henry_hub,0.0,0.0
2026-02-05,10,sp500,audusd,0.05058765798306854,0.03833458313871832
2026-02-05,10,sp500,brlusd,0.032134062316066345,0.032134062316066345
2026-02-05,10,sp500,cnyusd,0.04153783030728073,0.03503145434397772
2026-02-05,10,sp500,krwusd,0.010806012800298687,0.008665886048555546
2026-02-05,10,sp500,eurusd,0.016127443003495414,-0.014999487674963933
2026-02-05,10,sp500,vix,0.12452619826304011,0.04914869159193313
2026-02-05,10,sp500,us2y,0.0365901559101101,0.01699542228238328
2026-02-05,10,sp500,us10y,0.0017175575878882199,0.0017175575878882199
2026-02-05,10,sp500,wti,0.14760688463760635,-0.051730076491671086
2026-02-05,10,sp500,brent,0.07913727565805881,-0.029289945506328414
2026-02-05,10,sp500,henry_hub,0.0,0.0
2026-02-05,10,vix,audusd,0.012338803187064228,-0.012338803187064228
2026-02-05,10,vix,brlusd,0.0,0.0
2026-02-05,10,vix,cnyusd,0.0006569526686280296,-0.0006569526686280296
2026-02-05,10,vix,krwusd,0.031857493332639035,-0.031857493332639035
2026-02-05,10,vix,eurusd,0.0,0.0
2026-02-05,10,vix,sp500,0.0,0.0
2026-02-05,10,vix,us2y,0.0,0.0
2026-02-05,10,vix,us10y,0.015151869837393077,0.015151869837393077
2026-02-05,10,vix,wti,0.0,0.0
2026-02-05,10,vix,brent,0.0,0.0
2026-02-05,10,vix,henry_hub,0.0,0.0
2026-02-05,10,us2y,audusd,0.0,0.0
2026-02-05,10,us2y,brlusd,0.0177588113598065,-0.01572378428156649
2026-02-05,10,us2y,cnyusd,0.0,0.0
2026-02-05,10,us2y,krwusd,0.01427015817886665,-0.01427015817886665
2026-02-05,10,us2y,eurusd,0.0,0.0
2026-02-05,10,us2y,sp500,0.0,0.0
2026-02-05,10,us2y,vix,0.0,0.0
2026-02-05,10,us2y,us10y,0.0013172468496512619,-0.0013172468496512619
2026-02-05,10,us2y,wti,0.0,0.0
2026-02-05,10,us2y,brent,0.0,0.0
2026-02-05,10,us2y,henry_hub,0.0,0.0
2026-02-05,10,us10y,audusd,0.032566892783914975,-0.018489484026118268
2026-02-05,10,us10y,brlusd,0.018088589659495925,-0.013805462917554193
2026-02-05,10,us10y,cnyusd,0.024139770366520978,-0.010170242253248198
2026-02-05,10,us10y,krwusd,0.0021424556438270448,-0.0021424556438270448
2026-02-05,10,us10y,eurusd,0.04673886557965254,-0.024914507636777616
2026-02-05,10,us10y,sp500,0.07018369730916757,-0.036636016557504945
2026-02-05,10,us10y,vix,0.022448054569075636,0.013992796761123074
2026-02-05,10,us10y,us2y,0.0007448597115363269,-0.0007448597115363269
2026-02-05,10,us10y,wti,0.0,0.0
2026-02-05,10,us10y,brent,0.0,0.0
2026-02-05,10,us10y,henry_hub,0.0,0.0
2026-02-05,10,wti,audusd,0.0,0.0
2026-02-05,10,wti,brlusd,0.0,0.0
2026-02-05,10,wti,cnyusd,0.0023584438556262578,-0.0023584438556262578
2026-02-05,10,wti,krwusd,0.0,0.0
2026-02-05,10,wti,eurusd,0.0,0.0
2026-02-05,10,wti,sp500,0.0,0.0
2026-02-05,10,wti,vix,0.005416354742059646,0.003878594044344471
2026-02-05,10,wti,us2y,0.0,0.0
2026-02-05,10,wti,us10y,0.0,0.0
2026-02-05,10,wti,brent,0.16453987810844117,0.15712894062990568
2026-02-05,10,wti,henry_hub,0.0,0.0
2026-02-05,10,brent,audusd,0.0,0.0
2026-02-05,10,brent,brlusd,0.0,0.0
2026-02-05,10,brent,cnyusd,0.00557583223243849,-0.00557583223243849
2026-02-05,10,brent,krwusd,0.007079272309165022,-0.007079272309165022
2026-02-05,10,brent,eurusd,0.0,0.0
2026-02-05,10,brent,sp500,0.017122697719290134,-0.01257312889267282
2026-02-05,10,brent,vix,0.06180463614238409,0.0360048585002523
2026-02-05,10,brent,us2y,0.0,0.0
2026-02-05,10,brent,us10y,0.0,0.0
2026-02-05,10,brent,wti,0.0,0.0
2026-02-05,10,brent,henry_hub,0.0,0.0
2026-02-05,10,henry_hub,audusd,0.0,0.0
2026-02-05,10,henry_hub,brlusd,0.0,0.0
2026-02-05,10,henry_hub,cnyusd,0.0,0.0
2026-02-05,10,henry_hub,krwusd,0.0,0.0
2026-02-05,10,henry_hub,eurusd,0.0,0.0
2026-02-05,10,henry_hub,sp500,0.002700896499405512,-0.002700896499405512
2026-02-05,10,henry_hub,vix,0.014852965678536879,0.007875787278730785
2026-02-05,10,henry_hub,us2y,0.0,0.0
2026-02-05,10,henry_hub,us10y,0.0,0.0
2026-02-05,10,henry_hub,wti,0.0,0.0
2026-02-05,10,henry_hub,brent,0.0,0.0
2026-02-05,10,pw_bab_el_mandeb_strait_capacity_z,audusd,0.0,0.0
2026-02-05,10,pw_bab_el_mandeb_strait_capacity_z,brlusd,0.0,0.0
2026-02-05,10,pw_bab_el_mandeb_strait_capacity_z,cnyusd,0.0,0.0
2026-02-05,10,pw_bab_el_mandeb_strait_capacity_z,krwusd,0.0,0.0
2026-02-05,10,pw_bab_el_mandeb_strait_capacity_z,eurusd,0.0,0.0
2026-02-05,10,pw_bab_el_mandeb_strait_capacity_z,sp500,0.004421636555567136,-0.004421636555567136
2026-02-05,10,pw_bab_el_mandeb_strait_capacity_z,vix,0.019780910014379732,0.019780910014379732
2026-02-05,10,pw_bab_el_mandeb_strait_capacity_z,us2y,0.0,0.0
2026-02-05,10,pw_bab_el_mandeb_strait_capacity_z,us10y,0.0,0.0
2026-02-05,10,pw_bab_el_mandeb_strait_capacity_z,wti,0.036475790661556734,-0.036475790661556734
2026-02-05,10,pw_bab_el_mandeb_strait_capacity_z,brent,0.0,0.0
2026-02-05,10,pw_bab_el_mandeb_strait_capacity_z,henry_hub,0.015872690419366002,-0.015872690419366002
2026-02-05,10,pw_bab_el_mandeb_strait_n_total_z,audusd,0.04451036661452408,0.04451036661452408
2026-02-05,10,pw_bab_el_mandeb_strait_n_total_z,brlusd,0.0,0.0
2026-02-05,10,pw_bab_el_mandeb_strait_n_total_z,cnyusd,0.002903904683699649,-0.002903904683699649
2026-02-05,10,pw_bab_el_mandeb_strait_n_total_z,krwusd,0.013737833257567366,0.013737833257567366
2026-02-05,10,pw_bab_el_mandeb_strait_n_total_z,eurusd,0.1295028019957274,0.1295028019957274
2026-02-05,10,pw_bab_el_mandeb_strait_n_total_z,sp500,0.0,0.0
2026-02-05,10,pw_bab_el_mandeb_strait_n_total_z,vix,0.0,0.0
2026-02-05,10,pw_bab_el_mandeb_strait_n_total_z,us2y,0.0,0.0
2026-02-05,10,pw_bab_el_mandeb_strait_n_total_z,us10y,0.07353278870370178,-0.05599547977012415
2026-02-05,10,pw_bab_el_mandeb_strait_n_total_z,wti,0.007061628427292914,-0.007061628427292914
2026-02-05,10,pw_bab_el_mandeb_strait_n_total_z,brent,0.0,0.0
2026-02-05,10,pw_bab_el_mandeb_strait_n_total_z,henry_hub,0.0,0.0
2026-02-05,10,pw_cape_of_good_hope_capacity_z,audusd,0.0,0.0
2026-02-05,10,pw_cape_of_good_hope_capacity_z,brlusd,0.06621959992005005,-0.02762796647163961
2026-02-05,10,pw_cape_of_good_hope_capacity_z,cnyusd,0.18699144351304248,-0.07446044578119584
2026-02-05,10,pw_cape_of_good_hope_capacity_z,krwusd,0.008925065521764428,-0.008925065521764428
2026-02-05,10,pw_cape_of_good_hope_capacity_z,eurusd,0.0,0.0
2026-02-05,10,pw_cape_of_good_hope_capacity_z,sp500,0.0037921455788634977,0.0037921455788634977
2026-02-05,10,pw_cape_of_good_hope_capacity_z,vix,0.0,0.0
2026-02-05,10,pw_cape_of_good_hope_capacity_z,us2y,0.02487256554948416,0.02487256554948416
2026-02-05,10,pw_cape_of_good_hope_capacity_z,us10y,0.0211700694438431,0.0211700694438431
2026-02-05,10,pw_cape_of_good_hope_capacity_z,wti,0.014982179828856893,0.014982179828856893
2026-02-05,10,pw_cape_of_good_hope_capacity_z,brent,0.12141691862634367,0.08786285882135911
2026-02-05,10,pw_cape_of_good_hope_capacity_z,henry_hub,0.13585853687475163,-0.05284752290017803
2026-02-05,10,pw_cape_of_good_hope_n_total_z,audusd,0.0,0.0
2026-02-05,10,pw_cape_of_good_hope_n_total_z,brlusd,0.0,0.0
2026-02-05,10,pw_cape_of_good_hope_n_total_z,cnyusd,0.0,0.0
2026-02-05,10,pw_cape_of_good_hope_n_total_z,krwusd,0.020909674626001813,-0.020909674626001813
2026-02-05,10,pw_cape_of_good_hope_n_total_z,eurusd,0.0,0.0
2026-02-05,10,pw_cape_of_good_hope_n_total_z,sp500,0.045285324083313025,0.026012945522103138
2026-02-05,10,pw_cape_of_good_hope_n_total_z,vix,0.02150252420227284,-0.02017060786470755
2026-02-05,10,pw_cape_of_good_hope_n_total_z,us2y,0.07185905435878275,0.060050203521561395
2026-02-05,10,pw_cape_of_good_hope_n_total_z,us10y,0.0,0.0
2026-02-05,10,pw_cape_of_good_hope_n_total_z,wti,0.0,0.0
2026-02-05,10,pw_cape_of_good_hope_n_total_z,brent,0.0201692545187689,-0.0201692545187689
2026-02-05,10,pw_cape_of_good_hope_n_total_z,henry_hub,0.17635844728528388,0.08703295948970657
2026-02-05,10,pw_malacca_strait_capacity_z,audusd,0.0,0.0
2026-02-05,10,pw_malacca_strait_capacity_z,brlusd,0.019288704785132837,0.012346395097048924
2026-02-05,10,pw_malacca_strait_capacity_z,cnyusd,0.0,0.0
2026-02-05,10,pw_malacca_strait_capacity_z,krwusd,0.06083558341071335,0.028594876086145558
2026-02-05,10,pw_malacca_strait_capacity_z,eurusd,0.0,0.0
2026-02-05,10,pw_malacca_strait_capacity_z,sp500,0.0,0.0
2026-02-05,10,pw_malacca_strait_capacity_z,vix,0.028964423858926974,-0.02062523182390461
2026-02-05,10,pw_malacca_strait_capacity_z,us2y,0.08136877487740415,0.07296102946309621
2026-02-05,10,pw_malacca_strait_capacity_z,us10y,0.0,0.0
2026-02-05,10,pw_malacca_strait_capacity_z,wti,0.0,0.0
2026-02-05,10,pw_malacca_strait_capacity_z,brent,0.0,0.0
2026-02-05,10,pw_malacca_strait_capacity_z,henry_hub,0.0,0.0
2026-02-05,10,pw_malacca_strait_n_total_z,audusd,0.009981513455936987,-0.006311052285228107
2026-02-05,10,pw_malacca_strait_n_total_z,brlusd,0.03159620343192618,0.03159620343192618
2026-02-05,10,pw_malacca_strait_n_total_z,cnyusd,0.1170430087809529,-0.09336369374522359
2026-02-05,10,pw_malacca_strait_n_total_z,krwusd,0.10473560684098786,-0.05121869180338852
2026-02-05,10,pw_malacca_strait_n_total_z,eurusd,0.136557552549339,-0.04248111249424373
2026-02-05,10,pw_malacca_strait_n_total_z,sp500,0.04627685317590786,-0.020624062609333898
2026-02-05,10,pw_malacca_strait_n_total_z,vix,0.0,0.0
2026-02-05,10,pw_malacca_strait_n_total_z,us2y,0.048268004287122364,0.048268004287122364
2026-02-05,10,pw_malacca_strait_n_total_z,us10y,0.05051606349929627,0.05051606349929627
2026-02-05,10,pw_malacca_strait_n_total_z,wti,0.0,0.0
2026-02-05,10,pw_malacca_strait_n_total_z,brent,0.04024211033984147,-0.04024211033984147
2026-02-05,10,pw_malacca_strait_n_total_z,henry_hub,0.06531551939497149,0.06531551939497149
2026-02-05,10,pw_panama_canal_capacity_z,audusd,0.03107197957372943,-0.03107197957372943
2026-02-05,10,pw_panama_canal_capacity_z,brlusd,0.0033664740994111225,-0.0033664740994111225
2026-02-05,10,pw_panama_canal_capacity_z,cnyusd,0.03640788759149391,-0.03640788759149391
2026-02-05,10,pw_panama_canal_capacity_z,krwusd,0.07584727327581724,-0.07584727327581724
2026-02-05,10,pw_panama_canal_capacity_z,eurusd,0.0,0.0
2026-02-05,10,pw_panama_canal_capacity_z,sp500,0.0,0.0
2026-02-05,10,pw_panama_canal_capacity_z,vix,0.03946024514785854,-0.03946024514785854
2026-02-05,10,pw_panama_canal_capacity_z,us2y,0.0,0.0
2026-02-05,10,pw_panama_canal_capacity_z,us10y,0.06118135723734118,0.05682833694240184
2026-02-05,10,pw_panama_canal_capacity_z,wti,0.0,0.0
2026-02-05,10,pw_panama_canal_capacity_z,brent,0.0,0.0
2026-02-05,10,pw_panama_canal_capacity_z,henry_hub,0.0,0.0
2026-02-05,10,pw_panama_canal_n_total_z,audusd,0.09927602109837019,-0.05360102552799142
2026-02-05,10,pw_panama_canal_n_total_z,brlusd,0.0,0.0
2026-02-05,10,pw_panama_canal_n_total_z,cnyusd,0.04439437262478189,-0.04439437262478189
2026-02-05,10,pw_panama_canal_n_total_z,krwusd,0.0,0.0
2026-02-05,10,pw_panama_canal_n_total_z,eurusd,0.02994197533411669,-0.016864701953790417
2026-02-05,10,pw_panama_canal_n_total_z,sp500,0.0,0.0
2026-02-05,10,pw_panama_canal_n_total_z,vix,0.0,0.0
2026-02-05,10,pw_panama_canal_n_total_z,us2y,0.0378216936713735,0.0378216936713735
2026-02-05,10,pw_panama_canal_n_total_z,us10y,0.0,0.0
2026-02-05,10,pw_panama_canal_n_total_z,wti,0.010505001972356164,-0.010505001972356164
2026-02-05,10,pw_panama_canal_n_total_z,brent,0.0,0.0
2026-02-05,10,pw_panama_canal_n_total_z,henry_hub,0.011766235621353687,0.011766235621353687
2026-02-05,10,pw_strait_of_hormuz_capacity_z,audusd,0.06996022741844365,0.045257223580969425
2026-02-05,10,pw_strait_of_hormuz_capacity_z,brlusd,0.0,0.0
2026-02-05,10,pw_strait_of_hormuz_capacity_z,cnyusd,0.0,0.0
2026-02-05,10,pw_strait_of_hormuz_capacity_z,krwusd,0.0,0.0
2026-02-05,10,pw_strait_of_hormuz_capacity_z,eurusd,0.0,0.0
2026-02-05,10,pw_strait_of_hormuz_capacity_z,sp500,0.003424485137965665,0.003424485137965665
2026-02-05,10,pw_strait_of_hormuz_capacity_z,vix,0.0,0.0
2026-02-05,10,pw_strait_of_hormuz_capacity_z,us2y,0.09287316192791718,0.0476570185149375
2026-02-05,10,pw_strait_of_hormuz_capacity_z,us10y,0.08046952886309479,0.08046952886309479
2026-02-05,10,pw_strait_of_hormuz_capacity_z,wti,0.15718728222118544,0.08860138468956515
2026-02-05,10,pw_strait_of_hormuz_capacity_z,brent,0.19311107492369373,0.12222549860212084
2026-02-05,10,pw_strait_of_hormuz_capacity_z,henry_hub,0.005134710357802945,0.005134710357802945
2026-02-05,10,pw_strait_of_hormuz_n_total_z,audusd,0.043833447187617156,0.02341319481696249
2026-02-05,10,pw_strait_of_hormuz_n_total_z,brlusd,0.020521713966830397,0.020521713966830397
2026-02-05,10,pw_strait_of_hormuz_n_total_z,cnyusd,0.0,0.0
2026-02-05,10,pw_strait_of_hormuz_n_total_z,krwusd,0.009593020904936536,0.009593020904936536
2026-02-05,10,pw_strait_of_hormuz_n_total_z,eurusd,0.0,0.0
2026-02-05,10,pw_strait_of_hormuz_n_total_z,sp500,0.0,0.0
2026-02-05,10,pw_strait_of_hormuz_n_total_z,vix,0.0,0.0
2026-02-05,10,pw_strait_of_hormuz_n_total_z,us2y,0.002943630679199599,0.002943630679199599
2026-02-05,10,pw_strait_of_hormuz_n_total_z,us10y,0.03683905852963939,0.03683905852963939
2026-02-05,10,pw_strait_of_hormuz_n_total_z,wti,0.0,0.0
2026-02-05,10,pw_strait_of_hormuz_n_total_z,brent,0.0,0.0
2026-02-05,10,pw_strait_of_hormuz_n_total_z,henry_hub,0.0,0.0
2026-02-05,10,pw_suez_canal_capacity_z,audusd,0.0,0.0
2026-02-05,10,pw_suez_canal_capacity_z,brlusd,0.018067339226683084,0.018067339226683084
2026-02-05,10,pw_suez_canal_capacity_z,cnyusd,0.10521538551197152,-0.07534533032613311
2026-02-05,10,pw_suez_canal_capacity_z,krwusd,0.0,0.0
2026-02-05,10,pw_suez_canal_capacity_z,eurusd,0.0,0.0
2026-02-05,10,pw_suez_canal_capacity_z,sp500,0.033147947714972315,-0.033147947714972315
2026-02-05,10,pw_suez_canal_capacity_z,vix,0.029528233628642764,0.029528233628642764
2026-02-05,10,pw_suez_canal_capacity_z,us2y,0.0,0.0
2026-02-05,10,pw_suez_canal_capacity_z,us10y,0.0,0.0
2026-02-05,10,pw_suez_canal_capacity_z,wti,0.0,0.0
2026-02-05,10,pw_suez_canal_capacity_z,brent,0.0,0.0
2026-02-05,10,pw_suez_canal_capacity_z,henry_hub,0.0,0.0
2026-02-05,10,pw_suez_canal_n_total_z,audusd,0.0,0.0
2026-02-05,10,pw_suez_canal_n_total_z,brlusd,0.0,0.0
2026-02-05,10,pw_suez_canal_n_total_z,cnyusd,0.0,0.0
2026-02-05,10,pw_suez_canal_n_total_z,krwusd,0.0,0.0
2026-02-05,10,pw_suez_canal_n_total_z,eurusd,0.0,0.0
2026-02-05,10,pw_suez_canal_n_total_z,sp500,0.0,0.0
2026-02-05,10,pw_suez_canal_n_total_z,vix,0.0,0.0
2026-02-05,10,pw_suez_canal_n_total_z,us2y,0.0032664209304167323,-0.0032664209304167323
2026-02-05,10,pw_suez_canal_n_total_z,us10y,0.019093965637309075,-0.019093965637309075
2026-02-05,10,pw_suez_canal_n_total_z,wti,0.0,0.0
2026-02-05,10,pw_suez_canal_n_total_z,brent,0.013690562787658908,0.009322338595563013
2026-02-05,10,pw_suez_canal_n_total_z,henry_hub,0.0,0.0
2026-03-09,10,audusd,brlusd,0.0,0.0
2026-03-09,10,audusd,cnyusd,0.0,0.0
2026-03-09,10,audusd,krwusd,0.06197656122337529,-0.035551068232343885
2026-03-09,10,audusd,eurusd,0.009683569180799446,-0.009683569180799446
2026-03-09,10,audusd,sp500,0.0,0.0
2026-03-09,10,audusd,vix,0.0,0.0
2026-03-09,10,audusd,us2y,0.0,0.0
2026-03-09,10,audusd,us10y,0.0,0.0
2026-03-09,10,audusd,wti,0.0010255318973507964,-0.0010255318973507964
2026-03-09,10,audusd,brent,0.00018371466859903358,-0.00018371466859903358
2026-03-09,10,audusd,henry_hub,0.0008697863386321477,-0.0008697863386321477
2026-03-09,10,brlusd,audusd,0.0,0.0
2026-03-09,10,brlusd,cnyusd,0.0018949877957729004,0.0017743671793816651
2026-03-09,10,brlusd,krwusd,0.0,0.0
2026-03-09,10,brlusd,eurusd,0.0,0.0
2026-03-09,10,brlusd,sp500,0.0,0.0
2026-03-09,10,brlusd,vix,0.021278659935392165,0.021278659935392165
2026-03-09,10,brlusd,us2y,0.02697639302872788,0.01904860661203997
2026-03-09,10,brlusd,us10y,0.0020259740254402487,0.0020259740254402487
2026-03-09,10,brlusd,wti,0.0,0.0
2026-03-09,10,brlusd,brent,0.0029052398487877354,-0.0022628794655632834
2026-03-09,10,brlusd,henry_hub,0.000187042910200283,0.000187042910200283
2026-03-09,10,cnyusd,audusd,0.0,0.0
2026-03-09,10,cnyusd,brlusd,0.0,0.0
2026-03-09,10,cnyusd,krwusd,0.003645709245413128,-0.003645709245413128
2026-03-09,10,cnyusd,eurusd,0.004430544817933508,-0.0022762679810412983
2026-03-09,10,cnyusd,sp500,0.0,0.0
2026-03-09,10,cnyusd,vix,0.0,0.0
2026-03-09,10,cnyusd,us2y,0.021225264291903016,-0.021225264291903016
2026-03-09,10,cnyusd,us10y,0.04759996315729692,0.02908571428297351
2026-03-09,10,cnyusd,wti,0.0,0.0
2026-03-09,10,cnyusd,brent,0.0,0.0
2026-03-09,10,cnyusd,henry_hub,0.0,0.0
2026-03-09,10,krwusd,audusd,0.027469490654082315,0.014354928725386148
2026-03-09,10,krwusd,brlusd,0.0,0.0
2026-03-09,10,krwusd,cnyusd,0.10171497350873748,0.03128848395703852
2026-03-09,10,krwusd,eurusd,0.0,0.0
2026-03-09,10,krwusd,sp500,0.02358147024686963,0.00923980175909923
2026-03-09,10,krwusd,vix,0.0,0.0
2026-03-09,10,krwusd,us2y,0.0,0.0
2026-03-09,10,krwusd,us10y,0.02675240733423595,-0.013840979173084581
2026-03-09,10,krwusd,wti,0.0,0.0
2026-03-09,10,krwusd,brent,0.0,0.0
2026-03-09,10,krwusd,henry_hub,0.0032412249229083127,-0.0032412249229083127
2026-03-09,10,eurusd,audusd,0.0,0.0
2026-03-09,10,eurusd,brlusd,0.0,0.0
2026-03-09,10,eurusd,cnyusd,0.04965384417119316,0.02168164011107406
2026-03-09,10,eurusd,krwusd,0.039853769358275296,0.039853769358275296
2026-03-09,10,eurusd,sp500,0.0,0.0
2026-03-09,10,eurusd,vix,0.0033397791394192966,-0.002220668334781415
2026-03-09,10,eurusd,us2y,0.0,0.0
2026-03-09,10,eurusd,us10y,0.0,0.0
2026-03-09,10,eurusd,wti,0.0,0.0
2026-03-09,10,eurusd,brent,0.0,0.0
2026-03-09,10,eurusd,henry_hub,0.0,0.0
2026-03-09,10,sp500,audusd,0.04949717876907647,0.037844094562690764
2026-03-09,10,sp500,brlusd,0.03190403202663334,0.03190403202663334
2026-03-09,10,sp500,cnyusd,0.04128574195094338,0.03499760004406939
2026-03-09,10,sp500,krwusd,0.011174285421767132,0.007813016592829479
2026-03-09,10,sp500,eurusd,0.014014624593044554,-0.014014624593044554
2026-03-09,10,sp500,vix,0.12469121750845488,0.048333111137681274
2026-03-09,10,sp500,us2y,0.03320863244714417,0.016789298662690095
2026-03-09,10,sp500,us10y,0.0001207626369265858,0.0001207626369265858
2026-03-09,10,sp500,wti,0.15509092534906543,-0.05433944059336743
2026-03-09,10,sp500,brent,0.08506884601377235,-0.030198681559136215
2026-03-09,10,sp500,henry_hub,0.0,0.0
2026-03-09,10,vix,audusd,0.011538837890424114,-0.011538837890424114
2026-03-09,10,vix,brlusd,0.0,0.0
2026-03-09,10,vix,cnyusd,0.00037032387126771817,-0.00037032387126771817
2026-03-09,10,vix,krwusd,0.03167566935753346,-0.03167566935753346
2026-03-09,10,vix,eurusd,0.0,0.0
2026-03-09,10,vix,sp500,0.0,0.0
2026-03-09,10,vix,us2y,0.0,0.0
2026-03-09,10,vix,us10y,0.013959721548175645,0.013959721548175645
2026-03-09,10,vix,wti,0.0,0.0
2026-03-09,10,vix,brent,0.0,0.0
2026-03-09,10,vix,henry_hub,0.0,0.0
2026-03-09,10,us2y,audusd,0.0,0.0
2026-03-09,10,us2y,brlusd,0.01620361215309661,-0.01572366605892648
2026-03-09,10,us2y,cnyusd,0.0,0.0
2026-03-09,10,us2y,krwusd,0.011148114975424015,-0.011148114975424015
2026-03-09,10,us2y,eurusd,0.0,0.0
2026-03-09,10,us2y,sp500,0.0,0.0
2026-03-09,10,us2y,vix,0.0,0.0
2026-03-09,10,us2y,us10y,0.0,0.0
2026-03-09,10,us2y,wti,0.0007382789653914523,-0.0007382789653914523
2026-03-09,10,us2y,brent,0.0,0.0
2026-03-09,10,us2y,henry_hub,0.0,0.0
2026-03-09,10,us10y,audusd,0.02980594360468626,-0.016247242334618106
2026-03-09,10,us10y,brlusd,0.017960331185661406,-0.013428645922138601
2026-03-09,10,us10y,cnyusd,0.02712291438256008,-0.011265510566053284
2026-03-09,10,us10y,krwusd,0.005251093037771791,-0.005251093037771791
2026-03-09,10,us10y,eurusd,0.0409846920056248,-0.022642589891269153
2026-03-09,10,us10y,sp500,0.06822151383166017,-0.03652562931186313
2026-03-09,10,us10y,vix,0.01914403829262502,0.01078640072544332
2026-03-09,10,us10y,us2y,0.0005793476866140663,-0.0005793476866140663
2026-03-09,10,us10y,wti,0.0,0.0
2026-03-09,10,us10y,brent,0.0,0.0
2026-03-09,10,us10y,henry_hub,0.0,0.0
2026-03-09,10,wti,audusd,0.0,0.0
2026-03-09,10,wti,brlusd,0.0,0.0
2026-03-09,10,wti,cnyusd,0.001298032260099174,-0.001298032260099174
2026-03-09,10,wti,krwusd,0.0,0.0
2026-03-09,10,wti,eurusd,0.0,0.0
2026-03-09,10,wti,sp500,0.0004806615660720446,-0.0004806615660720446
2026-03-09,10,wti,vix,0.0025123957321771216,0.0013951450600757436
2026-03-09,10,wti,us2y,0.0,0.0
2026-03-09,10,wti,us10y,0.0,0.0
2026-03-09,10,wti,brent,0.1610321418072935,0.15615271843425482
2026-03-09,10,wti,henry_hub,0.0,0.0
2026-03-09,10,brent,audusd,0.0,0.0
2026-03-09,10,brent,brlusd,0.0,0.0
2026-03-09,10,brent,cnyusd,0.005431920243452852,-0.005431920243452852
2026-03-09,10,brent,krwusd,0.007563552971642321,-0.007563552971642321
2026-03-09,10,brent,eurusd,0.0,0.0
2026-03-09,10,brent,sp500,0.018911140725643275,-0.01238462279507158
2026-03-09,10,brent,vix,0.06793807347003748,0.04000579472360549
2026-03-09,10,brent,us2y,0.0,0.0
2026-03-09,10,brent,us10y,0.0,0.0
2026-03-09,10,brent,wti,0.0,0.0
2026-03-09,10,brent,henry_hub,0.0,0.0
2026-03-09,10,henry_hub,audusd,0.002035543977743035,0.002035543977743035
2026-03-09,10,henry_hub,brlusd,0.0,0.0
2026-03-09,10,henry_hub,cnyusd,0.0,0.0
2026-03-09,10,henry_hub,krwusd,0.0,0.0
2026-03-09,10,henry_hub,eurusd,0.0,0.0
2026-03-09,10,henry_hub,sp500,0.0,0.0
2026-03-09,10,henry_hub,vix,0.0012497244817482349,0.0012497244817482349
2026-03-09,10,henry_hub,us2y,0.0,0.0
2026-03-09,10,henry_hub,us10y,0.0,0.0
2026-03-09,10,henry_hub,wti,0.0001491369573531573,-0.0001491369573531573
2026-03-09,10,henry_hub,brent,0.0,0.0
2026-03-09,10,pw_bab_el_mandeb_strait_capacity_z,audusd,0.0,0.0
2026-03-09,10,pw_bab_el_mandeb_strait_capacity_z,brlusd,0.0,0.0
2026-03-09,10,pw_bab_el_mandeb_strait_capacity_z,cnyusd,0.0,0.0
2026-03-09,10,pw_bab_el_mandeb_strait_capacity_z,krwusd,0.0,0.0
2026-03-09,10,pw_bab_el_mandeb_strait_capacity_z,eurusd,0.0,0.0
2026-03-09,10,pw_bab_el_mandeb_strait_capacity_z,sp500,0.005671815843725882,-0.005671815843725882
2026-03-09,10,pw_bab_el_mandeb_strait_capacity_z,vix,0.0214897818590665,0.0214897818590665
2026-03-09,10,pw_bab_el_mandeb_strait_capacity_z,us2y,0.0005499429428403226,0.0005499429428403226
2026-03-09,10,pw_bab_el_mandeb_strait_capacity_z,us10y,0.0,0.0
2026-03-09,10,pw_bab_el_mandeb_strait_capacity_z,wti,0.03201381156754769,-0.03201381156754769
2026-03-09,10,pw_bab_el_mandeb_strait_capacity_z,brent,0.0,0.0
2026-03-09,10,pw_bab_el_mandeb_strait_capacity_z,henry_hub,0.017638543272397864,-0.017638543272397864
2026-03-09,10,pw_bab_el_mandeb_strait_n_total_z,audusd,0.04339956915470501,0.04339956915470501
2026-03-09,10,pw_bab_el_mandeb_strait_n_total_z,brlusd,0.0,0.0
2026-03-09,10,pw_bab_el_mandeb_strait_n_total_z,cnyusd,0.0,0.0
2026-03-09,10,pw_bab_el_mandeb_strait_n_total_z,krwusd,0.011261296216606537,0.010971055194374187
2026-03-09,10,pw_bab_el_mandeb_strait_n_total_z,eurusd,0.12760195413168227,0.12760195413168227
2026-03-09,10,pw_bab_el_mandeb_strait_n_total_z,sp500,0.0,0.0
2026-03-09,10,pw_bab_el_mandeb_strait_n_total_z,vix,0.0,0.0
2026-03-09,10,pw_bab_el_mandeb_strait_n_total_z,us2y,0.0,0.0
2026-03-09,10,pw_bab_el_mandeb_strait_n_total_z,us10y,0.062194776149218395,-0.05197525885326269
2026-03-09,10,pw_bab_el_mandeb_strait_n_total_z,wti,0.01168409769765084,-0.01168409769765084
2026-03-09,10,pw_bab_el_mandeb_strait_n_total_z,brent,0.0,0.0
2026-03-09,10,pw_bab_el_mandeb_strait_n_total_z,henry_hub,0.0,0.0
2026-03-09,10,pw_cape_of_good_hope_capacity_z,audusd,0.0,0.0
2026-03-09,10,pw_cape_of_good_hope_capacity_z,brlusd,0.06720219516791323,-0.027807681537195882
2026-03-09,10,pw_cape_of_good_hope_capacity_z,cnyusd,0.19246866844553973,-0.0771013667157521
2026-03-09,10,pw_cape_of_good_hope_capacity_z,krwusd,0.005338350850300164,-0.005338350850300164
2026-03-09,10,pw_cape_of_good_hope_capacity_z,eurusd,0.0,0.0
2026-03-09,10,pw_cape_of_good_hope_capacity_z,sp500,0.006037670294961561,0.006037670294961561
2026-03-09,10,pw_cape_of_good_hope_capacity_z,vix,0.0,0.0
2026-03-09,10,pw_cape_of_good_hope_capacity_z,us2y,0.02707955973102739,0.02707955973102739
2026-03-09,10,pw_cape_of_good_hope_capacity_z,us10y,0.024238977534599363,0.023431466393824273
2026-03-09,10,pw_cape_of_good_hope_capacity_z,wti,0.00305073571634925,0.00305073571634925
2026-03-09,10,pw_cape_of_good_hope_capacity_z,brent,0.11873007205210247,0.08517672253260743
2026-03-09,10,pw_cape_of_good_hope_capacity_z,henry_hub,0.08307864715654975,-0.04856891620280787
2026-03-09,10,pw_cape_of_good_hope_n_total_z,audusd,0.0,0.0
2026-03-09,10,pw_cape_of_good_hope_n_total_z,brlusd,0.0,0.0
2026-03-09,10,pw_cape_of_good_hope_n_total_z,cnyusd,0.0,0.0
2026-03-09,10,pw_cape_of_good_hope_n_total_z,krwusd,0.025449749597367486,-0.025449749597367486
2026-03-09,10,pw_cape_of_good_hope_n_total_z,eurusd,0.0,0.0
2026-03-09,10,pw_cape_of_good_hope_n_total_z,sp500,0.04356036539563665,0.025018513076629743
2026-03-09,10,pw_cape_of_good_hope_n_total_z,vix,0.021329135660897662,-0.01905108415514669
2026-03-09,10,pw_cape_of_good_hope_n_total_z,us2y,0.07012895439412287,0.059672027374281816
2026-03-09,10,pw_cape_of_good_hope_n_total_z,us10y,0.0,0.0
2026-03-09,10,pw_cape_of_good_hope_n_total_z,wti,0.0,0.0
2026-03-09,10,pw_cape_of_good_hope_n_total_z,brent,0.016737287666194846,-0.016737287666194846
2026-03-09,10,pw_cape_of_good_hope_n_total_z,henry_hub,0.12697974010329896,0.06913073246239071
2026-03-09,10,pw_malacca_strait_capacity_z,audusd,0.0,0.0
2026-03-09,10,pw_malacca_strait_capacity_z,brlusd,0.022763996938886165,0.012096496314694187
2026-03-09,10,pw_malacca_strait_capacity_z,cnyusd,0.0,0.0
2026-03-09,10,pw_malacca_strait_capacity_z,krwusd,0.057699186844685064,0.030767378818984892
2026-03-09,10,pw_malacca_strait_capacity_z,eurusd,0.0,0.0
2026-03-09,10,pw_malacca_strait_capacity_z,sp500,0.0,0.0
2026-03-09,10,pw_malacca_strait_capacity_z,vix,0.021753089296261727,-0.012387484584739377
2026-03-09,10,pw_malacca_strait_capacity_z,us2y,0.076275251641112,0.06690707099158351
2026-03-09,10,pw_malacca_strait_capacity_z,us10y,0.0,0.0
2026-03-09,10,pw_malacca_strait_capacity_z,wti,0.0,0.0
2026-03-09,10,pw_malacca_strait_capacity_z,brent,0.0,0.0
2026-03-09,10,pw_malacca_strait_capacity_z,henry_hub,0.0,0.0
2026-03-09,10,pw_malacca_strait_n_total_z,audusd,0.006189037745277019,-0.004538934093156875
2026-03-09,10,pw_malacca_strait_n_total_z,brlusd,0.028866022239092348,0.028866022239092348
2026-03-09,10,pw_malacca_strait_n_total_z,cnyusd,0.11274839445816225,-0.0920862825848254
2026-03-09,10,pw_malacca_strait_n_total_z,krwusd,0.10149674623994133,-0.03851933895084915
2026-03-09,10,pw_malacca_strait_n_total_z,eurusd,0.14112829862610987,-0.0422255259642439
2026-03-09,10,pw_malacca_strait_n_total_z,sp500,0.050737154806071175,-0.0223545567826253
2026-03-09,10,pw_malacca_strait_n_total_z,vix,0.0,0.0
2026-03-09,10,pw_malacca_strait_n_total_z,us2y,0.04802341087761816,0.04802341087761816
2026-03-09,10,pw_malacca_strait_n_total_z,us10y,0.041961927500393965,0.041961927500393965
2026-03-09,10,pw_malacca_strait_n_total_z,wti,0.0,0.0
2026-03-09,10,pw_malacca_strait_n_total_z,brent,0.03336205347724615,-0.03336205347724615
2026-03-09,10,pw_malacca_strait_n_total_z,henry_hub,0.045175950392757694,0.039970693876026336
2026-03-09,10,pw_panama_canal_capacity_z,audusd,0.034367131984033635,-0.034367131984033635
2026-03-09,10,pw_panama_canal_capacity_z,brlusd,0.0029344413112213598,-0.0029344413112213598
2026-03-09,10,pw_panama_canal_capacity_z,cnyusd,0.03311787802891462,-0.03311787802891462
2026-03-09,10,pw_panama_canal_capacity_z,krwusd,0.07260499512434966,-0.07260499512434966
2026-03-09,10,pw_panama_canal_capacity_z,eurusd,0.0,0.0
2026-03-09,10,pw_panama_canal_capacity_z,sp500,0.0,0.0
2026-03-09,10,pw_panama_canal_capacity_z,vix,0.0399740722431131,-0.0399740722431131
2026-03-09,10,pw_panama_canal_capacity_z,us2y,0.0,0.0
2026-03-09,10,pw_panama_canal_capacity_z,us10y,0.0593228804921858,0.058190051169524616
2026-03-09,10,pw_panama_canal_capacity_z,wti,0.0,0.0
2026-03-09,10,pw_panama_canal_capacity_z,brent,0.0,0.0
2026-03-09,10,pw_panama_canal_capacity_z,henry_hub,0.0,0.0
2026-03-09,10,pw_panama_canal_n_total_z,audusd,0.09707535911855489,-0.049676792286932975
2026-03-09,10,pw_panama_canal_n_total_z,brlusd,0.0,0.0
2026-03-09,10,pw_panama_canal_n_total_z,cnyusd,0.05157639826313854,-0.05157639826313854
2026-03-09,10,pw_panama_canal_n_total_z,krwusd,0.0,0.0
2026-03-09,10,pw_panama_canal_n_total_z,eurusd,0.026022603007828098,-0.02085625771711518
2026-03-09,10,pw_panama_canal_n_total_z,sp500,0.0,0.0
2026-03-09,10,pw_panama_canal_n_total_z,vix,0.0,0.0
2026-03-09,10,pw_panama_canal_n_total_z,us2y,0.040276387281627815,0.040276387281627815
2026-03-09,10,pw_panama_canal_n_total_z,us10y,0.0,0.0
2026-03-09,10,pw_panama_canal_n_total_z,wti,0.02033314282765252,-0.02033314282765252
2026-03-09,10,pw_panama_canal_n_total_z,brent,0.0,0.0
2026-03-09,10,pw_panama_canal_n_total_z,henry_hub,0.026644464787301394,0.026644464787301394
2026-03-09,10,pw_strait_of_hormuz_capacity_z,audusd,0.06471470150744639,0.04040032241598425
2026-03-09,10,pw_strait_of_hormuz_capacity_z,brlusd,0.0,0.0
2026-03-09,10,pw_strait_of_hormuz_capacity_z,cnyusd,0.0,0.0
2026-03-09,10,pw_strait_of_hormuz_capacity_z,krwusd,0.0,0.0
2026-03-09,10,pw_strait_of_hormuz_capacity_z,eurusd,0.0,0.0
2026-03-09,10,pw_strait_of_hormuz_capacity_z,sp500,0.00669115573915717,0.00669115573915717
2026-03-09,10,pw_strait_of_hormuz_capacity_z,vix,0.0,0.0
2026-03-09,10,pw_strait_of_hormuz_capacity_z,us2y,0.09676520250811976,0.05052444616735452
2026-03-09,10,pw_strait_of_hormuz_capacity_z,us10y,0.08677370457483605,0.08677370457483605
2026-03-09,10,pw_strait_of_hormuz_capacity_z,wti,0.14900443943931274,0.07858417624059195
2026-03-09,10,pw_strait_of_hormuz_capacity_z,brent,0.18730807540355893,0.10763900263689519
2026-03-09,10,pw_strait_of_hormuz_capacity_z,henry_hub,0.02323574486703815,0.02323574486703815
2026-03-09,10,pw_strait_of_hormuz_n_total_z,audusd,0.04036257979062075,0.02428771072348801
2026-03-09,10,pw_strait_of_hormuz_n_total_z,brlusd,0.018867926819294223,0.018867926819294223
2026-03-09,10,pw_strait_of_hormuz_n_total_z,cnyusd,0.0,0.0
2026-03-09,10,pw_strait_of_hormuz_n_total_z,krwusd,0.004745556607390446,0.004745556607390446
2026-03-09,10,pw_strait_of_hormuz_n_total_z,eurusd,0.0,0.0
2026-03-09,10,pw_strait_of_hormuz_n_total_z,sp500,0.0,0.0
2026-03-09,10,pw_strait_of_hormuz_n_total_z,vix,0.0,0.0
2026-03-09,10,pw_strait_of_hormuz_n_total_z,us2y,0.006195294313317992,0.006195294313317992
2026-03-09,10,pw_strait_of_hormuz_n_total_z,us10y,0.04281425464796579,0.04281425464796579
2026-03-09,10,pw_strait_of_hormuz_n_total_z,wti,0.0,0.0
2026-03-09,10,pw_strait_of_hormuz_n_total_z,brent,0.0,0.0
2026-03-09,10,pw_strait_of_hormuz_n_total_z,henry_hub,0.0,0.0
2026-03-09,10,pw_suez_canal_capacity_z,audusd,0.0,0.0
2026-03-09,10,pw_suez_canal_capacity_z,brlusd,0.016717773204035745,0.016717773204035745
2026-03-09,10,pw_suez_canal_capacity_z,cnyusd,0.11072986328080425,-0.07947781718048948
2026-03-09,10,pw_suez_canal_capacity_z,krwusd,0.0,0.0
2026-03-09,10,pw_suez_canal_capacity_z,eurusd,0.0,0.0
2026-03-09,10,pw_suez_canal_capacity_z,sp500,0.03145487060959851,-0.03145487060959851
2026-03-09,10,pw_suez_canal_capacity_z,vix,0.028609355102234196,0.028609355102234196
2026-03-09,10,pw_suez_canal_capacity_z,us2y,0.0,0.0
2026-03-09,10,pw_suez_canal_capacity_z,us10y,0.0,0.0
2026-03-09,10,pw_suez_canal_capacity_z,wti,0.0,0.0
2026-03-09,10,pw_suez_canal_capacity_z,brent,0.0,0.0
2026-03-09,10,pw_suez_canal_capacity_z,henry_hub,0.0,0.0
2026-03-09,10,pw_suez_canal_n_total_z,audusd,0.0,0.0
2026-03-09,10,pw_suez_canal_n_total_z,brlusd,0.0,0.0
2026-03-09,10,pw_suez_canal_n_total_z,cnyusd,0.0,0.0
2026-03-09,10,pw_suez_canal_n_total_z,krwusd,0.0,0.0
2026-03-09,10,pw_suez_canal_n_total_z,eurusd,0.0,0.0
2026-03-09,10,pw_suez_canal_n_total_z,sp500,0.0,0.0
2026-03-09,10,pw_suez_canal_n_total_z,vix,0.0,0.0
2026-03-09,10,pw_suez_canal_n_total_z,us2y,0.004745313350133529,-0.004745313350133529
2026-03-09,10,pw_suez_canal_n_total_z,us10y,0.026645135595230875,-0.026645135595230875
2026-03-09,10,pw_suez_canal_n_total_z,wti,0.0,0.0
2026-03-09,10,pw_suez_canal_n_total_z,brent,0.022629951069997135,0.013758543349134537
2026-03-09,10,pw_suez_canal_n_total_z,henry_hub,0.0,0.0
2026-04-09,10,audusd,brlusd,0.0,0.0
2026-04-09,10,audusd,cnyusd,0.0,0.0
2026-04-09,10,audusd,krwusd,0.05468162432789008,-0.03354011881514726
2026-04-09,10,audusd,eurusd,0.010055658945860635,-0.010055658945860635
2026-04-09,10,audusd,sp500,0.0,0.0
2026-04-09,10,audusd,vix,0.0,0.0
2026-04-09,10,audusd,us2y,0.0,0.0
2026-04-09,10,audusd,us10y,0.0,0.0
2026-04-09,10,audusd,wti,0.003153994414298408,-0.003153994414298408
2026-04-09,10,audusd,brent,0.0,0.0
2026-04-09,10,audusd,henry_hub,0.0007057311030442544,-0.0007057311030442544
2026-04-09,10,brlusd,audusd,0.0,0.0
2026-04-09,10,brlusd,cnyusd,0.0029962722320750527,0.002228454567020842
2026-04-09,10,brlusd,krwusd,0.0,0.0
2026-04-09,10,brlusd,eurusd,0.0,0.0
2026-04-09,10,brlusd,sp500,0.0,0.0
2026-04-09,10,brlusd,vix,0.023514693133345775,0.023514693133345775
2026-04-09,10,brlusd,us2y,0.02549891284638691,0.01878671281106209
2026-04-09,10,brlusd,us10y,0.0002163182847503686,0.0002163182847503686
2026-04-09,10,brlusd,wti,0.0,0.0
2026-04-09,10,brlusd,brent,0.00876976157488728,-0.005309248300599675
2026-04-09,10,brlusd,henry_hub,0.0009549606356002692,0.0009549606356002692
2026-04-09,10,cnyusd,audusd,0.0,0.0
2026-04-09,10,cnyusd,brlusd,0.0,0.0
2026-04-09,10,cnyusd,krwusd,0.007991885323849231,-0.007991885323849231
2026-04-09,10,cnyusd,eurusd,0.00693458137304059,-0.003617263549227966
2026-04-09,10,cnyusd,sp500,0.0,0.0
2026-04-09,10,cnyusd,vix,0.0,0.0
2026-04-09,10,cnyusd,us2y,0.018138561849415154,-0.018138561849415154
2026-04-09,10,cnyusd,us10y,0.046840871348493796,0.02774404964028202
2026-04-09,10,cnyusd,wti,0.0,0.0
2026-04-09,10,cnyusd,brent,0.0,0.0
2026-04-09,10,cnyusd,henry_hub,0.0,0.0
2026-04-09,10,krwusd,audusd,0.02596981720097912,0.01429819585069921
2026-04-09,10,krwusd,brlusd,0.0,0.0
2026-04-09,10,krwusd,cnyusd,0.0916363477903084,0.028512111753453445
2026-04-09,10,krwusd,eurusd,0.0,0.0
2026-04-09,10,krwusd,sp500,0.03330278524361767,0.012074907119982123
2026-04-09,10,krwusd,vix,0.0,0.0
2026-04-09,10,krwusd,us2y,0.0,0.0
2026-04-09,10,krwusd,us10y,0.03237197176698238,-0.015922060123906134
2026-04-09,10,krwusd,wti,0.0,0.0
2026-04-09,10,krwusd,brent,0.0,0.0
2026-04-09,10,krwusd,henry_hub,0.0030724102717548762,-0.0030724102717548762
2026-04-09,10,eurusd,audusd,0.0,0.0
2026-04-09,10,eurusd,brlusd,0.0,0.0
2026-04-09,10,eurusd,cnyusd,0.05475892314813891,0.023960518858199924
2026-04-09,10,eurusd,krwusd,0.04229886600796745,0.04229886600796745
2026-04-09,10,eurusd,sp500,0.0,0.0
2026-04-09,10,eurusd,vix,0.008320194896380376,-0.005687331090429575
2026-04-09,10,eurusd,us2y,0.0,0.0
2026-04-09,10,eurusd,us10y,0.0,0.0
2026-04-09,10,eurusd,wti,0.0,0.0
2026-04-09,10,eurusd,brent,0.0005144302542950335,-0.0005144302542950335
2026-04-09,10,eurusd,henry_hub,0.0,0.0
2026-04-09,10,sp500,audusd,0.051943974844200415,0.04358394427712546
2026-04-09,10,sp500,brlusd,0.03045663786550222,0.03045663786550222
2026-04-09,10,sp500,cnyusd,0.04126049235402414,0.03605812310382865
2026-04-09,10,sp500,krwusd,0.011150266119277174,0.009681971264311102
2026-04-09,10,sp500,eurusd,0.012588154675708845,-0.012588154675708845
2026-04-09,10,sp500,vix,0.11846093406167171,0.04559902719106703
2026-04-09,10,sp500,us2y,0.024896967144747487,0.014244557966611745
2026-04-09,10,sp500,us10y,0.0,0.0
2026-04-09,10,sp500,wti,0.1593940494640702,-0.05430529446823862
2026-04-09,10,sp500,brent,0.0971998109922723,-0.031174800081979606
2026-04-09,10,sp500,henry_hub,0.0,0.0
2026-04-09,10,vix,audusd,0.005154906597827322,-0.005154906597827322
2026-04-09,10,vix,brlusd,0.0,0.0
2026-04-09,10,vix,cnyusd,0.0,0.0
2026-04-09,10,vix,krwusd,0.0278778958242609,-0.0278778958242609
2026-04-09,10,vix,eurusd,0.0,0.0
2026-04-09,10,vix,sp500,0.0,0.0
2026-04-09,10,vix,us2y,0.0,0.0
2026-04-09,10,vix,us10y,0.015827595149983296,0.015827595149983296
2026-04-09,10,vix,wti,0.0,0.0
2026-04-09,10,vix,brent,0.0,0.0
2026-04-09,10,vix,henry_hub,0.0,0.0
2026-04-09,10,us2y,audusd,0.0,0.0
2026-04-09,10,us2y,brlusd,0.013902797386622995,-0.013225330522069612
2026-04-09,10,us2y,cnyusd,0.0,0.0
2026-04-09,10,us2y,krwusd,0.014697315357430048,-0.014697315357430048
2026-04-09,10,us2y,eurusd,0.00048076663278213695,-0.00048076663278213695
2026-04-09,10,us2y,sp500,0.0,0.0
2026-04-09,10,us2y,vix,0.0,0.0
2026-04-09,10,us2y,us10y,0.0,0.0
2026-04-09,10,us2y,wti,0.0,0.0
2026-04-09,10,us2y,brent,0.0,0.0
2026-04-09,10,us2y,henry_hub,0.0,0.0
2026-04-09,10,us10y,audusd,0.034464816164979685,-0.019184385732553922
2026-04-09,10,us10y,brlusd,0.011829299262998123,-0.010663499418971439
2026-04-09,10,us10y,cnyusd,0.02697243067760194,-0.010563741944606072
2026-04-09,10,us10y,krwusd,0.0,0.0
2026-04-09,10,us10y,eurusd,0.03863755316118507,-0.02074707595870364
2026-04-09,10,us10y,sp500,0.06796570809452837,-0.037653431978652493
2026-04-09,10,us10y,vix,0.016336681269034033,0.008980326865312634
2026-04-09,10,us10y,us2y,0.0011352133763504978,-0.0011352133763504978
2026-04-09,10,us10y,wti,0.0,0.0
2026-04-09,10,us10y,brent,0.0,0.0
2026-04-09,10,us10y,henry_hub,0.0,0.0
2026-04-09,10,wti,audusd,0.0,0.0
2026-04-09,10,wti,brlusd,0.0,0.0
2026-04-09,10,wti,cnyusd,0.0,0.0
2026-04-09,10,wti,krwusd,0.0,0.0
2026-04-09,10,wti,eurusd,0.0,0.0
2026-04-09,10,wti,sp500,0.007246752315146768,-0.007246752315146768
2026-04-09,10,wti,vix,0.006082807505031056,0.003170227083174912
2026-04-09,10,wti,us2y,0.0,0.0
2026-04-09,10,wti,us10y,0.0,0.0
2026-04-09,10,wti,brent,0.16431718934457595,0.16431718934457595
2026-04-09,10,wti,henry_hub,0.0,0.0
2026-04-09,10,brent,audusd,0.0,0.0
2026-04-09,10,brent,brlusd,0.0,0.0
2026-04-09,10,brent,cnyusd,0.007885709062119982,-0.007885709062119982
2026-04-09,10,brent,krwusd,0.013140825676030855,-0.013140825676030855
2026-04-09,10,brent,eurusd,0.0,0.0
2026-04-09,10,brent,sp500,0.03840167267769948,-0.017996842137842972
2026-04-09,10,brent,vix,0.07179219917285719,0.04237504308584528
2026-04-09,10,brent,us2y,0.0,0.0
2026-04-09,10,brent,us10y,0.0005249059195276975,0.0005249059195276975
2026-04-09,10,brent,wti,0.0,0.0
2026-04-09,10,brent,henry_hub,0.0,0.0
2026-04-09,10,henry_hub,audusd,0.003766214135086593,0.003766214135086593
2026-04-09,10,henry_hub,brlusd,0.0,0.0
2026-04-09,10,henry_hub,cnyusd,0.0,0.0
2026-04-09,10,henry_hub,krwusd,0.0,0.0
2026-04-09,10,henry_hub,eurusd,0.0,0.0
2026-04-09,10,henry_hub,sp500,0.0,0.0
2026-04-09,10,henry_hub,vix,0.0007056088823513972,0.0007056088823513972
2026-04-09,10,henry_hub,us2y,0.0,0.0
2026-04-09,10,henry_hub,us10y,0.0,0.0
2026-04-09,10,henry_hub,wti,0.005280689138711339,-0.005280689138711339
2026-04-09,10,henry_hub,brent,0.0,0.0
2026-04-09,10,pw_bab_el_mandeb_strait_capacity_z,audusd,0.0,0.0
2026-04-09,10,pw_bab_el_mandeb_strait_capacity_z,brlusd,0.0,0.0
2026-04-09,10,pw_bab_el_mandeb_strait_capacity_z,cnyusd,0.0,0.0
2026-04-09,10,pw_bab_el_mandeb_strait_capacity_z,krwusd,0.0,0.0
2026-04-09,10,pw_bab_el_mandeb_strait_capacity_z,eurusd,0.0,0.0
2026-04-09,10,pw_bab_el_mandeb_strait_capacity_z,sp500,0.01605971145679549,-0.01605971145679549
2026-04-09,10,pw_bab_el_mandeb_strait_capacity_z,vix,0.02447658843807307,0.02447658843807307
2026-04-09,10,pw_bab_el_mandeb_strait_capacity_z,us2y,0.0014545800567688895,0.0014545800567688895
2026-04-09,10,pw_bab_el_mandeb_strait_capacity_z,us10y,0.0,0.0
2026-04-09,10,pw_bab_el_mandeb_strait_capacity_z,wti,0.02484770326806556,-0.02484770326806556
2026-04-09,10,pw_bab_el_mandeb_strait_capacity_z,brent,0.0,0.0
2026-04-09,10,pw_bab_el_mandeb_strait_capacity_z,henry_hub,0.017577420465106217,-0.017577420465106217
2026-04-09,10,pw_bab_el_mandeb_strait_n_total_z,audusd,0.032626508327308804,0.032626508327308804
2026-04-09,10,pw_bab_el_mandeb_strait_n_total_z,brlusd,0.0,0.0
2026-04-09,10,pw_bab_el_mandeb_strait_n_total_z,cnyusd,9.29592992082616e-05,-9.29592992082616e-05
2026-04-09,10,pw_bab_el_mandeb_strait_n_total_z,krwusd,0.0028888147334032595,0.0028888147334032595
2026-04-09,10,pw_bab_el_mandeb_strait_n_total_z,eurusd,0.120951867425326,0.120951867425326
2026-04-09,10,pw_bab_el_mandeb_strait_n_total_z,sp500,0.0,0.0
2026-04-09,10,pw_bab_el_mandeb_strait_n_total_z,vix,0.0,0.0
2026-04-09,10,pw_bab_el_mandeb_strait_n_total_z,us2y,0.0,0.0
2026-04-09,10,pw_bab_el_mandeb_strait_n_total_z,us10y,0.06878608880376698,-0.05347456078603165
2026-04-09,10,pw_bab_el_mandeb_strait_n_total_z,wti,0.0,0.0
2026-04-09,10,pw_bab_el_mandeb_strait_n_total_z,brent,0.0,0.0
2026-04-09,10,pw_bab_el_mandeb_strait_n_total_z,henry_hub,0.0,0.0
2026-04-09,10,pw_cape_of_good_hope_capacity_z,audusd,0.0,0.0
2026-04-09,10,pw_cape_of_good_hope_capacity_z,brlusd,0.06862012837013941,-0.029559949128185173
2026-04-09,10,pw_cape_of_good_hope_capacity_z,cnyusd,0.18970541371842287,-0.07569690069457159
2026-04-09,10,pw_cape_of_good_hope_capacity_z,krwusd,0.0004897183069809768,-0.0004897183069809768
2026-04-09,10,pw_cape_of_good_hope_capacity_z,eurusd,0.0,0.0
2026-04-09,10,pw_cape_of_good_hope_capacity_z,sp500,0.015944604265098618,0.015944604265098618
2026-04-09,10,pw_cape_of_good_hope_capacity_z,vix,0.0,0.0
2026-04-09,10,pw_cape_of_good_hope_capacity_z,us2y,0.017380137240535488,0.017380137240535488
2026-04-09,10,pw_cape_of_good_hope_capacity_z,us10y,0.020117296513009704,0.020117296513009704
2026-04-09,10,pw_cape_of_good_hope_capacity_z,wti,0.0,0.0
2026-04-09,10,pw_cape_of_good_hope_capacity_z,brent,0.09973537758986911,0.07038544577715576
2026-04-09,10,pw_cape_of_good_hope_capacity_z,henry_hub,0.07859251668366904,-0.046212974256004104
2026-04-09,10,pw_cape_of_good_hope_n_total_z,audusd,0.0,0.0
2026-04-09,10,pw_cape_of_good_hope_n_total_z,brlusd,0.0,0.0
2026-04-09,10,pw_cape_of_good_hope_n_total_z,cnyusd,0.0,0.0
2026-04-09,10,pw_cape_of_good_hope_n_total_z,krwusd,0.020346525785036325,-0.020346525785036325
2026-04-09,10,pw_cape_of_good_hope_n_total_z,eurusd,0.0,0.0
2026-04-09,10,pw_cape_of_good_hope_n_total_z,sp500,0.03722062686666827,0.02564213150122741
2026-04-09,10,pw_cape_of_good_hope_n_total_z,vix,0.025496888378806908,-0.021114455026215166
2026-04-09,10,pw_cape_of_good_hope_n_total_z,us2y,0.07068776349002293,0.05573657205215089
2026-04-09,10,pw_cape_of_good_hope_n_total_z,us10y,0.0,0.0
2026-04-09,10,pw_cape_of_good_hope_n_total_z,wti,0.0,0.0
2026-04-09,10,pw_cape_of_good_hope_n_total_z,brent,0.003636547526369279,-0.003636547526369279
2026-04-09,10,pw_cape_of_good_hope_n_total_z,henry_hub,0.12288191342355005,0.06855618498605723
2026-04-09,10,pw_malacca_strait_capacity_z,audusd,0.0,0.0
2026-04-09,10,pw_malacca_strait_capacity_z,brlusd,0.026487559376314175,0.013385440724550593
2026-04-09,10,pw_malacca_strait_capacity_z,cnyusd,0.0,0.0
2026-04-09,10,pw_malacca_strait_capacity_z,krwusd,0.07258873545763637,0.03711461712971617
2026-04-09,10,pw_malacca_strait_capacity_z,eurusd,0.0,0.0
2026-04-09,10,pw_malacca_strait_capacity_z,sp500,0.0,0.0
2026-04-09,10,pw_malacca_strait_capacity_z,vix,0.026560296765078102,-0.01079690144442473
2026-04-09,10,pw_malacca_strait_capacity_z,us2y,0.07267361192106993,0.06360562585196375
2026-04-09,10,pw_malacca_strait_capacity_z,us10y,0.0,0.0
2026-04-09,10,pw_malacca_strait_capacity_z,wti,0.0,0.0
2026-04-09,10,pw_malacca_strait_capacity_z,brent,0.0006441306898798669,-0.0006441306898798669
2026-04-09,10,pw_malacca_strait_capacity_z,henry_hub,0.0,0.0
2026-04-09,10,pw_malacca_strait_n_total_z,audusd,0.002799542906139368,-0.002799542906139368
2026-04-09,10,pw_malacca_strait_n_total_z,brlusd,0.031202824282512424,0.031202824282512424
2026-04-09,10,pw_malacca_strait_n_total_z,cnyusd,0.11270382866684915,-0.09801941313633301
2026-04-09,10,pw_malacca_strait_n_total_z,krwusd,0.10727511151275958,-0.044767838758005676
2026-04-09,10,pw_malacca_strait_n_total_z,eurusd,0.13946750864993587,-0.050880936177722595
2026-04-09,10,pw_malacca_strait_n_total_z,sp500,0.04767115745795908,-0.025356372421435045
2026-04-09,10,pw_malacca_strait_n_total_z,vix,0.0,0.0
2026-04-09,10,pw_malacca_strait_n_total_z,us2y,0.04567230900123539,0.04567230900123539
2026-04-09,10,pw_malacca_strait_n_total_z,us10y,0.04143653372837207,0.04143653372837207
2026-04-09,10,pw_malacca_strait_n_total_z,wti,0.0,0.0
2026-04-09,10,pw_malacca_strait_n_total_z,brent,0.02365812748371214,-0.019970423044003913
2026-04-09,10,pw_malacca_strait_n_total_z,henry_hub,0.04632783419410186,0.03607810797373827
2026-04-09,10,pw_panama_canal_capacity_z,audusd,0.03522714224076771,-0.03522714224076771
2026-04-09,10,pw_panama_canal_capacity_z,brlusd,0.0,0.0
2026-04-09,10,pw_panama_canal_capacity_z,cnyusd,0.03258091263641055,-0.03258091263641055
2026-04-09,10,pw_panama_canal_capacity_z,krwusd,0.05826541451790648,-0.05826541451790648
2026-04-09,10,pw_panama_canal_capacity_z,eurusd,0.0010951368058796764,-0.0010951368058796764
2026-04-09,10,pw_panama_canal_capacity_z,sp500,0.0,0.0
2026-04-09,10,pw_panama_canal_capacity_z,vix,0.04512084634797142,-0.04512084634797142
2026-04-09,10,pw_panama_canal_capacity_z,us2y,0.0,0.0
2026-04-09,10,pw_panama_canal_capacity_z,us10y,0.05798290958446319,0.0560132034918535
2026-04-09,10,pw_panama_canal_capacity_z,wti,0.0,0.0
2026-04-09,10,pw_panama_canal_capacity_z,brent,0.0,0.0
2026-04-09,10,pw_panama_canal_capacity_z,henry_hub,0.0,0.0
2026-04-09,10,pw_panama_canal_n_total_z,audusd,0.08871794876228119,-0.04998188804628942
2026-04-09,10,pw_panama_canal_n_total_z,brlusd,0.0,0.0
2026-04-09,10,pw_panama_canal_n_total_z,cnyusd,0.050701607061879476,-0.050701607061879476
2026-04-09,10,pw_panama_canal_n_total_z,krwusd,0.0,0.0
2026-04-09,10,pw_panama_canal_n_total_z,eurusd,0.018678171896788137,-0.013612958368145666
2026-04-09,10,pw_panama_canal_n_total_z,sp500,0.0,0.0
2026-04-09,10,pw_panama_canal_n_total_z,vix,0.0,0.0
2026-04-09,10,pw_panama_canal_n_total_z,us2y,0.03199064330913933,0.03199064330913933
2026-04-09,10,pw_panama_canal_n_total_z,us10y,0.0,0.0
2026-04-09,10,pw_panama_canal_n_total_z,wti,0.03472843106096388,-0.03472843106096388
2026-04-09,10,pw_panama_canal_n_total_z,brent,0.011918355194919291,-0.011918355194919291
2026-04-09,10,pw_panama_canal_n_total_z,henry_hub,0.02683265951225847,0.02683265951225847
2026-04-09,10,pw_strait_of_hormuz_capacity_z,audusd,0.06761476820161091,0.046294081172808886
2026-04-09,10,pw_strait_of_hormuz_capacity_z,brlusd,0.0,0.0
2026-04-09,10,pw_strait_of_hormuz_capacity_z,cnyusd,0.0,0.0
2026-04-09,10,pw_strait_of_hormuz_capacity_z,krwusd,0.0,0.0
2026-04-09,10,pw_strait_of_hormuz_capacity_z,eurusd,0.0,0.0
2026-04-09,10,pw_strait_of_hormuz_capacity_z,sp500,0.008198020430010021,0.008198020430010021
2026-04-09,10,pw_strait_of_hormuz_capacity_z,vix,0.0,0.0
2026-04-09,10,pw_strait_of_hormuz_capacity_z,us2y,0.09406775527466096,0.06781844912137164
2026-04-09,10,pw_strait_of_hormuz_capacity_z,us10y,0.09569644423522493,0.09569644423522493
2026-04-09,10,pw_strait_of_hormuz_capacity_z,wti,0.08694109594676339,0.08557415272576396
2026-04-09,10,pw_strait_of_hormuz_capacity_z,brent,0.14379456312106242,0.13572312319166577
2026-04-09,10,pw_strait_of_hormuz_capacity_z,henry_hub,0.025199331060864336,0.025199331060864336
2026-04-09,10,pw_strait_of_hormuz_n_total_z,audusd,0.039891762168345,0.02652694613933922
2026-04-09,10,pw_strait_of_hormuz_n_total_z,brlusd,0.0,0.0
2026-04-09,10,pw_strait_of_hormuz_n_total_z,cnyusd,0.0,0.0
2026-04-09,10,pw_strait_of_hormuz_n_total_z,krwusd,0.0,0.0
2026-04-09,10,pw_strait_of_hormuz_n_total_z,eurusd,0.0,0.0
2026-04-09,10,pw_strait_of_hormuz_n_total_z,sp500,0.0,0.0
2026-04-09,10,pw_strait_of_hormuz_n_total_z,vix,0.0,0.0
2026-04-09,10,pw_strait_of_hormuz_n_total_z,us2y,0.00762872093917787,0.00762872093917787
2026-04-09,10,pw_strait_of_hormuz_n_total_z,us10y,0.024867138651186012,0.024867138651186012
2026-04-09,10,pw_strait_of_hormuz_n_total_z,wti,0.0,0.0
2026-04-09,10,pw_strait_of_hormuz_n_total_z,brent,0.0,0.0
2026-04-09,10,pw_strait_of_hormuz_n_total_z,henry_hub,0.0,0.0
2026-04-09,10,pw_suez_canal_capacity_z,audusd,0.0,0.0
2026-04-09,10,pw_suez_canal_capacity_z,brlusd,0.010650874406622036,0.010650874406622036
2026-04-09,10,pw_suez_canal_capacity_z,cnyusd,0.10982517257386745,-0.07830550972314257
2026-04-09,10,pw_suez_canal_capacity_z,krwusd,0.0,0.0
2026-04-09,10,pw_suez_canal_capacity_z,eurusd,0.0,0.0
2026-04-09,10,pw_suez_canal_capacity_z,sp500,0.025942821277237633,-0.025942821277237633
2026-04-09,10,pw_suez_canal_capacity_z,vix,0.028181399725249218,0.028181399725249218
2026-04-09,10,pw_suez_canal_capacity_z,us2y,0.0,0.0
2026-04-09,10,pw_suez_canal_capacity_z,us10y,0.0,0.0
2026-04-09,10,pw_suez_canal_capacity_z,wti,0.0,0.0
2026-04-09,10,pw_suez_canal_capacity_z,brent,0.0,0.0
2026-04-09,10,pw_suez_canal_capacity_z,henry_hub,0.0,0.0
2026-04-09,10,pw_suez_canal_n_total_z,audusd,0.0,0.0
2026-04-09,10,pw_suez_canal_n_total_z,brlusd,0.0,0.0
2026-04-09,10,pw_suez_canal_n_total_z,cnyusd,0.0,0.0
2026-04-09,10,pw_suez_canal_n_total_z,krwusd,0.0,0.0
2026-04-09,10,pw_suez_canal_n_total_z,eurusd,0.0,0.0
2026-04-09,10,pw_suez_canal_n_total_z,sp500,0.0,0.0
2026-04-09,10,pw_suez_canal_n_total_z,vix,0.0,0.0
2026-04-09,10,pw_suez_canal_n_total_z,us2y,0.0,0.0
2026-04-09,10,pw_suez_canal_n_total_z,us10y,0.013657405671049803,-0.013657405671049803
2026-04-09,10,pw_suez_canal_n_total_z,wti,0.0,0.0
2026-04-09,10,pw_suez_canal_n_total_z,brent,0.049045864195015706,0.0292314102601901
2026-04-09,10,pw_suez_canal_n_total_z,henry_hub,0.0,0.0
2026-05-11,10,audusd,brlusd,0.0005893668755823399,-0.0005893668755823399
2026-05-11,10,audusd,cnyusd,0.0,0.0
2026-05-11,10,audusd,krwusd,0.06323740580356148,-0.03572479808341067
2026-05-11,10,audusd,eurusd,0.02107686214376293,-0.013506039890790153
2026-05-11,10,audusd,sp500,0.0,0.0
2026-05-11,10,audusd,vix,0.0015612272771687759,0.0015612272771687759
2026-05-11,10,audusd,us2y,0.0,0.0
2026-05-11,10,audusd,us10y,0.0,0.0
2026-05-11,10,audusd,wti,0.0,0.0
2026-05-11,10,audusd,brent,0.0,0.0
2026-05-11,10,audusd,henry_hub,0.0001885289263741406,-0.0001885289263741406
2026-05-11,10,brlusd,audusd,0.0,0.0
2026-05-11,10,brlusd,cnyusd,0.004678959404597123,-0.0029425385476467116
2026-05-11,10,brlusd,krwusd,0.0,0.0
2026-05-11,10,brlusd,eurusd,0.0,0.0
2026-05-11,10,brlusd,sp500,0.0,0.0
2026-05-11,10,brlusd,vix,0.018333833117449797,0.018333833117449797
2026-05-11,10,brlusd,us2y,0.028625980411755285,0.019515679547024996
2026-05-11,10,brlusd,us10y,0.001820423103294077,0.001820423103294077
2026-05-11,10,brlusd,wti,0.0,0.0
2026-05-11,10,brlusd,brent,0.009796178736348877,-0.009796178736348877
2026-05-11,10,brlusd,henry_hub,0.0001382504275255047,0.0001382504275255047
2026-05-11,10,cnyusd,audusd,0.0,0.0
2026-05-11,10,cnyusd,brlusd,0.0,0.0
2026-05-11,10,cnyusd,krwusd,0.008726471581315287,-0.008726471581315287
2026-05-11,10,cnyusd,eurusd,0.01161267199567868,-0.006084969222510873
2026-05-11,10,cnyusd,sp500,0.0,0.0
2026-05-11,10,cnyusd,vix,0.0,0.0
2026-05-11,10,cnyusd,us2y,0.01858580760757165,-0.01858580760757165
2026-05-11,10,cnyusd,us10y,0.04779510126463338,0.027092847201921656
2026-05-11,10,cnyusd,wti,0.0,0.0
2026-05-11,10,cnyusd,brent,0.0,0.0
2026-05-11,10,cnyusd,henry_hub,0.0,0.0
2026-05-11,10,krwusd,audusd,0.02005650040944292,0.013258919696245474
2026-05-11,10,krwusd,brlusd,0.0,0.0
2026-05-11,10,krwusd,cnyusd,0.07833917976778108,0.025380067435232224
2026-05-11,10,krwusd,eurusd,0.0,0.0
2026-05-11,10,krwusd,sp500,0.027280424572860923,0.010783335620220267
2026-05-11,10,krwusd,vix,0.0,0.0
2026-05-11,10,krwusd,us2y,0.0,0.0
2026-05-11,10,krwusd,us10y,0.026178609297201536,-0.014697973696716462
2026-05-11,10,krwusd,wti,0.0,0.0
2026-05-11,10,krwusd,brent,0.0,0.0
2026-05-11,10,krwusd,henry_hub,0.0027245357631070118,-0.0027245357631070118
2026-05-11,10,eurusd,audusd,0.0,0.0
2026-05-11,10,eurusd,brlusd,0.0,0.0
2026-05-11,10,eurusd,cnyusd,0.054106201001045885,0.023467876792657626
2026-05-11,10,eurusd,krwusd,0.04184045611926011,0.04184045611926011
2026-05-11,10,eurusd,sp500,0.0,0.0
2026-05-11,10,eurusd,vix,0.00803273962963433,-0.006149348175812283
2026-05-11,10,eurusd,us2y,0.0,0.0
2026-05-11,10,eurusd,us10y,0.0,0.0
2026-05-11,10,eurusd,wti,0.0,0.0
2026-05-11,10,eurusd,brent,0.0,0.0
2026-05-11,10,eurusd,henry_hub,0.0,0.0
2026-05-11,10,sp500,audusd,0.05141712663321621,0.042312364387767774
2026-05-11,10,sp500,brlusd,0.031266881252758505,0.031266881252758505
2026-05-11,10,sp500,cnyusd,0.029661135213250228,0.029661135213250228
2026-05-11,10,sp500,krwusd,0.010885941707252073,0.00930802009299709
2026-05-11,10,sp500,eurusd,0.018743253501297415,-0.015760529272786275
2026-05-11,10,sp500,vix,0.14075153671701382,0.0506820321880185
2026-05-11,10,sp500,us2y,0.0312509682307584,0.015306541425842392
2026-05-11,10,sp500,us10y,0.0006339409789986149,0.0006339409789986149
2026-05-11,10,sp500,wti,0.11016798796952453,-0.037295114000602723
2026-05-11,10,sp500,brent,0.07978696786936158,-0.02590736424733268
2026-05-11,10,sp500,henry_hub,0.0,0.0
2026-05-11,10,vix,audusd,0.00986852933851572,-0.00986852933851572
2026-05-11,10,vix,brlusd,0.0,0.0
2026-05-11,10,vix,cnyusd,0.0,0.0
2026-05-11,10,vix,krwusd,0.029358596971821728,-0.029358596971821728
2026-05-11,10,vix,eurusd,0.0,0.0
2026-05-11,10,vix,sp500,0.0,0.0
2026-05-11,10,vix,us2y,0.0,0.0
2026-05-11,10,vix,us10y,0.010792485818922665,0.010792485818922665
2026-05-11,10,vix,wti,0.0,0.0
2026-05-11,10,vix,brent,0.0,0.0
2026-05-11,10,vix,henry_hub,0.0,0.0
2026-05-11,10,us2y,audusd,0.0,0.0
2026-05-11,10,us2y,brlusd,0.01112477119132202,-0.01112477119132202
2026-05-11,10,us2y,cnyusd,0.0,0.0
2026-05-11,10,us2y,krwusd,0.011538454719928485,-0.011538454719928485
2026-05-11,10,us2y,eurusd,0.0,0.0
2026-05-11,10,us2y,sp500,0.0,0.0
2026-05-11,10,us2y,vix,0.0,0.0
2026-05-11,10,us2y,us10y,0.0,0.0
2026-05-11,10,us2y,wti,0.0,0.0
2026-05-11,10,us2y,brent,0.0,0.0
2026-05-11,10,us2y,henry_hub,0.0,0.0
2026-05-11,10,us10y,audusd,0.03227749860810062,-0.018130203083907566
2026-05-11,10,us10y,brlusd,0.010915959741993348,-0.009345905473307844
2026-05-11,10,us10y,cnyusd,0.025630015614458587,-0.01247085779461363
2026-05-11,10,us10y,krwusd,0.0018298186037277674,-0.0018298186037277674
2026-05-11,10,us10y,eurusd,0.03546875519254282,-0.017786950897541738
2026-05-11,10,us10y,sp500,0.06540611660821821,-0.03572731839240806
2026-05-11,10,us10y,vix,0.012557341939656415,0.006793660946862829
2026-05-11,10,us10y,us2y,0.002679756292915497,-0.002679756292915497
2026-05-11,10,us10y,wti,0.0,0.0
2026-05-11,10,us10y,brent,0.0,0.0
2026-05-11,10,us10y,henry_hub,0.0,0.0
2026-05-11,10,wti,audusd,0.0,0.0
2026-05-11,10,wti,brlusd,0.0,0.0
2026-05-11,10,wti,cnyusd,0.0,0.0
2026-05-11,10,wti,krwusd,0.0,0.0
2026-05-11,10,wti,eurusd,0.0,0.0
2026-05-11,10,wti,sp500,0.0010281392556025265,-0.0010281392556025265
2026-05-11,10,wti,vix,0.0,0.0
2026-05-11,10,wti,us2y,0.0,0.0
2026-05-11,10,wti,us10y,0.0,0.0
2026-05-11,10,wti,brent,0.1414808251152684,0.1414808251152684
2026-05-11,10,wti,henry_hub,0.0,0.0
2026-05-11,10,brent,audusd,0.0,0.0
2026-05-11,10,brent,brlusd,0.0,0.0
2026-05-11,10,brent,cnyusd,0.0,0.0
2026-05-11,10,brent,krwusd,0.008846211130082257,-0.008846211130082257
2026-05-11,10,brent,eurusd,0.0,0.0
2026-05-11,10,brent,sp500,0.023798976805085983,-0.012150221049225515
2026-05-11,10,brent,vix,0.0495733209817625,0.03691577938687602
2026-05-11,10,brent,us2y,0.0,0.0
2026-05-11,10,brent,us10y,0.0007983144132895933,0.0007983144132895933
2026-05-11,10,brent,wti,0.0,0.0
2026-05-11,10,brent,henry_hub,0.0,0.0
2026-05-11,10,henry_hub,audusd,0.0033848854564470245,0.0033848854564470245
2026-05-11,10,henry_hub,brlusd,0.0,0.0
2026-05-11,10,henry_hub,cnyusd,0.0,0.0
2026-05-11,10,henry_hub,krwusd,0.0,0.0
2026-05-11,10,henry_hub,eurusd,0.0,0.0
2026-05-11,10,henry_hub,sp500,0.0,0.0
2026-05-11,10,henry_hub,vix,0.0,0.0
2026-05-11,10,henry_hub,us2y,0.0,0.0
2026-05-11,10,henry_hub,us10y,0.0,0.0
2026-05-11,10,henry_hub,wti,0.004271767357250856,-0.004271767357250856
2026-05-11,10,henry_hub,brent,0.0,0.0
2026-05-11,10,pw_bab_el_mandeb_strait_capacity_z,audusd,0.0,0.0
2026-05-11,10,pw_bab_el_mandeb_strait_capacity_z,brlusd,0.0,0.0
2026-05-11,10,pw_bab_el_mandeb_strait_capacity_z,cnyusd,0.0,0.0
2026-05-11,10,pw_bab_el_mandeb_strait_capacity_z,krwusd,0.0,0.0
2026-05-11,10,pw_bab_el_mandeb_strait_capacity_z,eurusd,0.0,0.0
2026-05-11,10,pw_bab_el_mandeb_strait_capacity_z,sp500,0.01219611142289968,-0.01219611142289968
2026-05-11,10,pw_bab_el_mandeb_strait_capacity_z,vix,0.023727418713810247,0.023727418713810247
2026-05-11,10,pw_bab_el_mandeb_strait_capacity_z,us2y,0.0,0.0
2026-05-11,10,pw_bab_el_mandeb_strait_capacity_z,us10y,0.0,0.0
2026-05-11,10,pw_bab_el_mandeb_strait_capacity_z,wti,0.03833587874590557,-0.026681750197613804
2026-05-11,10,pw_bab_el_mandeb_strait_capacity_z,brent,0.0,0.0
2026-05-11,10,pw_bab_el_mandeb_strait_capacity_z,henry_hub,0.016456207643397162,-0.016456207643397162
2026-05-11,10,pw_bab_el_mandeb_strait_n_total_z,audusd,0.0222841778257051,0.0222841778257051
2026-05-11,10,pw_bab_el_mandeb_strait_n_total_z,brlusd,0.0,0.0
2026-05-11,10,pw_bab_el_mandeb_strait_n_total_z,cnyusd,0.0,0.0
2026-05-11,10,pw_bab_el_mandeb_strait_n_total_z,krwusd,0.0,0.0
2026-05-11,10,pw_bab_el_mandeb_strait_n_total_z,eurusd,0.1117925323819657,0.1117925323819657
2026-05-11,10,pw_bab_el_mandeb_strait_n_total_z,sp500,0.0,0.0
2026-05-11,10,pw_bab_el_mandeb_strait_n_total_z,vix,0.0,0.0
2026-05-11,10,pw_bab_el_mandeb_strait_n_total_z,us2y,0.0,0.0
2026-05-11,10,pw_bab_el_mandeb_strait_n_total_z,us10y,0.06774475559871909,-0.05359063979331501
2026-05-11,10,pw_bab_el_mandeb_strait_n_total_z,wti,0.0,0.0
2026-05-11,10,pw_bab_el_mandeb_strait_n_total_z,brent,0.0012860250027201283,-0.0012860250027201283
2026-05-11,10,pw_bab_el_mandeb_strait_n_total_z,henry_hub,0.0,0.0
2026-05-11,10,pw_cape_of_good_hope_capacity_z,audusd,0.0,0.0
2026-05-11,10,pw_cape_of_good_hope_capacity_z,brlusd,0.07921946740079239,-0.03191051939887709
2026-05-11,10,pw_cape_of_good_hope_capacity_z,cnyusd,0.18350569673444447,-0.07556331819350244
2026-05-11,10,pw_cape_of_good_hope_capacity_z,krwusd,0.007879047329132654,-0.007879047329132654
2026-05-11,10,pw_cape_of_good_hope_capacity_z,eurusd,0.0,0.0
2026-05-11,10,pw_cape_of_good_hope_capacity_z,sp500,0.0,0.0
2026-05-11,10,pw_cape_of_good_hope_capacity_z,vix,0.0,0.0
2026-05-11,10,pw_cape_of_good_hope_capacity_z,us2y,0.005309585836531996,0.005309585836531996
2026-05-11,10,pw_cape_of_good_hope_capacity_z,us10y,0.012631334927553573,0.012631334927553573
2026-05-11,10,pw_cape_of_good_hope_capacity_z,wti,0.007898956433778947,-0.007898956433778947
2026-05-11,10,pw_cape_of_good_hope_capacity_z,brent,0.10646023598020604,0.07708002476082491
2026-05-11,10,pw_cape_of_good_hope_capacity_z,henry_hub,0.07306386904676164,-0.0444113495824794
2026-05-11,10,pw_cape_of_good_hope_n_total_z,audusd,0.0,0.0
2026-05-11,10,pw_cape_of_good_hope_n_total_z,brlusd,0.0,0.0
2026-05-11,10,pw_cape_of_good_hope_n_total_z,cnyusd,0.0,0.0
2026-05-11,10,pw_cape_of_good_hope_n_total_z,krwusd,0.015694382935514034,-0.015694382935514034
2026-05-11,10,pw_cape_of_good_hope_n_total_z,eurusd,0.0,0.0
2026-05-11,10,pw_cape_of_good_hope_n_total_z,sp500,0.040222091621020306,0.017919347504114728
2026-05-11,10,pw_cape_of_good_hope_n_total_z,vix,0.023144613325137644,-0.014001848264390361
2026-05-11,10,pw_cape_of_good_hope_n_total_z,us2y,0.07635676879848008,0.05501219107773164
2026-05-11,10,pw_cape_of_good_hope_n_total_z,us10y,0.0,0.0
2026-05-11,10,pw_cape_of_good_hope_n_total_z,wti,0.0,0.0
2026-05-11,10,pw_cape_of_good_hope_n_total_z,brent,0.009995491778877137,-0.009995491778877137
2026-05-11,10,pw_cape_of_good_hope_n_total_z,henry_hub,0.11788454171982733,0.06780467736391196
2026-05-11,10,pw_malacca_strait_capacity_z,audusd,0.0,0.0
2026-05-11,10,pw_malacca_strait_capacity_z,brlusd,0.0,0.0
2026-05-11,10,pw_malacca_strait_capacity_z,cnyusd,0.0,0.0
2026-05-11,10,pw_malacca_strait_capacity_z,krwusd,0.020927512240760837,0.01447808810554348
2026-05-11,10,pw_malacca_strait_capacity_z,eurusd,0.0,0.0
2026-05-11,10,pw_malacca_strait_capacity_z,sp500,0.0,0.0
2026-05-11,10,pw_malacca_strait_capacity_z,vix,0.011675448714038998,-0.011675448714038998
2026-05-11,10,pw_malacca_strait_capacity_z,us2y,0.05780561579755359,0.057212665415842134
2026-05-11,10,pw_malacca_strait_capacity_z,us10y,0.0,0.0
2026-05-11,10,pw_malacca_strait_capacity_z,wti,0.0,0.0
2026-05-11,10,pw_malacca_strait_capacity_z,brent,0.0,0.0
2026-05-11,10,pw_malacca_strait_capacity_z,henry_hub,0.0,0.0
2026-05-11,10,pw_malacca_strait_n_total_z,audusd,0.013485766614312156,-0.008698420825005446
2026-05-11,10,pw_malacca_strait_n_total_z,brlusd,0.038890478206595615,0.028354442146247626
2026-05-11,10,pw_malacca_strait_n_total_z,cnyusd,0.10435655145185344,-0.0819820593995964
2026-05-11,10,pw_malacca_strait_n_total_z,krwusd,0.07805204819608567,-0.04322371454793716
2026-05-11,10,pw_malacca_strait_n_total_z,eurusd,0.13814487779203713,-0.041750195671539925
2026-05-11,10,pw_malacca_strait_n_total_z,sp500,0.059496141866474714,-0.03726691356816913
2026-05-11,10,pw_malacca_strait_n_total_z,vix,0.0,0.0
2026-05-11,10,pw_malacca_strait_n_total_z,us2y,0.051252370915863474,0.051252370915863474
2026-05-11,10,pw_malacca_strait_n_total_z,us10y,0.033875625991577174,0.033875625991577174
2026-05-11,10,pw_malacca_strait_n_total_z,wti,0.0,0.0
2026-05-11,10,pw_malacca_strait_n_total_z,brent,0.014999264222643369,-0.014999264222643369
2026-05-11,10,pw_malacca_strait_n_total_z,henry_hub,0.05015192091509883,0.040423714245147416
2026-05-11,10,pw_panama_canal_capacity_z,audusd,0.0314214910791786,-0.0314214910791786
2026-05-11,10,pw_panama_canal_capacity_z,brlusd,0.00019231856912541625,-0.00019231856912541625
2026-05-11,10,pw_panama_canal_capacity_z,cnyusd,0.028016959670344378,-0.028016959670344378
2026-05-11,10,pw_panama_canal_capacity_z,krwusd,0.06458398630672364,-0.06458398630672364
2026-05-11,10,pw_panama_canal_capacity_z,eurusd,0.0,0.0
2026-05-11,10,pw_panama_canal_capacity_z,sp500,0.0,0.0
2026-05-11,10,pw_panama_canal_capacity_z,vix,0.04726261928884552,-0.04726261928884552
2026-05-11,10,pw_panama_canal_capacity_z,us2y,0.0,0.0
2026-05-11,10,pw_panama_canal_capacity_z,us10y,0.05820868124373024,0.05431225310088117
2026-05-11,10,pw_panama_canal_capacity_z,wti,0.0,0.0
2026-05-11,10,pw_panama_canal_capacity_z,brent,0.0,0.0
2026-05-11,10,pw_panama_canal_capacity_z,henry_hub,0.0,0.0
2026-05-11,10,pw_panama_canal_n_total_z,audusd,0.07860647214608862,-0.04427262287999335
2026-05-11,10,pw_panama_canal_n_total_z,brlusd,0.0,0.0
2026-05-11,10,pw_panama_canal_n_total_z,cnyusd,0.051061152778438736,-0.051061152778438736
2026-05-11,10,pw_panama_canal_n_total_z,krwusd,0.0,0.0
2026-05-11,10,pw_panama_canal_n_total_z,eurusd,0.016058416937733733,-0.008021420333504026
2026-05-11,10,pw_panama_canal_n_total_z,sp500,0.0,0.0
2026-05-11,10,pw_panama_canal_n_total_z,vix,0.0,0.0
2026-05-11,10,pw_panama_canal_n_total_z,us2y,0.030567096175031887,0.030567096175031887
2026-05-11,10,pw_panama_canal_n_total_z,us10y,0.0,0.0
2026-05-11,10,pw_panama_canal_n_total_z,wti,0.035133537343439825,-0.035133537343439825
2026-05-11,10,pw_panama_canal_n_total_z,brent,0.012449105180594007,-0.012449105180594007
2026-05-11,10,pw_panama_canal_n_total_z,henry_hub,0.02537532573046301,0.02537532573046301
2026-05-11,10,pw_strait_of_hormuz_capacity_z,audusd,0.003517633757781726,0.003517633757781726
2026-05-11,10,pw_strait_of_hormuz_capacity_z,brlusd,0.03807681050929682,-0.03807681050929682
2026-05-11,10,pw_strait_of_hormuz_capacity_z,cnyusd,0.0,0.0
2026-05-11,10,pw_strait_of_hormuz_capacity_z,krwusd,0.006824303510824002,-0.006824303510824002
2026-05-11,10,pw_strait_of_hormuz_capacity_z,eurusd,0.004259237669048073,-0.004259237669048073
2026-05-11,10,pw_strait_of_hormuz_capacity_z,sp500,0.0,0.0
2026-05-11,10,pw_strait_of_hormuz_capacity_z,vix,0.018827689019776498,0.018827689019776498
2026-05-11,10,pw_strait_of_hormuz_capacity_z,us2y,0.09070450455945062,0.05384124951131965
2026-05-11,10,pw_strait_of_hormuz_capacity_z,us10y,0.0895908602714213,0.0895908602714213
2026-05-11,10,pw_strait_of_hormuz_capacity_z,wti,0.0970480969114548,0.09689173456572009
2026-05-11,10,pw_strait_of_hormuz_capacity_z,brent,0.16915326889755347,0.15870446708981417
2026-05-11,10,pw_strait_of_hormuz_capacity_z,henry_hub,0.037920815066070035,0.03568960823558069
2026-05-11,10,pw_strait_of_hormuz_n_total_z,audusd,0.02861519987437023,0.02861519987437023
2026-05-11,10,pw_strait_of_hormuz_n_total_z,brlusd,0.0,0.0
2026-05-11,10,pw_strait_of_hormuz_n_total_z,cnyusd,0.0,0.0
2026-05-11,10,pw_strait_of_hormuz_n_total_z,krwusd,0.0,0.0
2026-05-11,10,pw_strait_of_hormuz_n_total_z,eurusd,0.0,0.0
2026-05-11,10,pw_strait_of_hormuz_n_total_z,sp500,0.05319148627464316,-0.05319148627464316
2026-05-11,10,pw_strait_of_hormuz_n_total_z,vix,0.04586155124519484,0.04586155124519484
2026-05-11,10,pw_strait_of_hormuz_n_total_z,us2y,0.0,0.0
2026-05-11,10,pw_strait_of_hormuz_n_total_z,us10y,0.019081656967543475,0.019081656967543475
2026-05-11,10,pw_strait_of_hormuz_n_total_z,wti,0.0,0.0
2026-05-11,10,pw_strait_of_hormuz_n_total_z,brent,0.0,0.0
2026-05-11,10,pw_strait_of_hormuz_n_total_z,henry_hub,0.0,0.0
2026-05-11,10,pw_suez_canal_capacity_z,audusd,0.0,0.0
2026-05-11,10,pw_suez_canal_capacity_z,brlusd,0.0,0.0
2026-05-11,10,pw_suez_canal_capacity_z,cnyusd,0.11266683951575869,-0.0760974554412111
2026-05-11,10,pw_suez_canal_capacity_z,krwusd,0.0,0.0
2026-05-11,10,pw_suez_canal_capacity_z,eurusd,0.0,0.0
2026-05-11,10,pw_suez_canal_capacity_z,sp500,0.04743742222057486,-0.04743742222057486
2026-05-11,10,pw_suez_canal_capacity_z,vix,0.04060928410885206,0.04060928410885206
2026-05-11,10,pw_suez_canal_capacity_z,us2y,0.0,0.0
2026-05-11,10,pw_suez_canal_capacity_z,us10y,0.0,0.0
2026-05-11,10,pw_suez_canal_capacity_z,wti,0.0,0.0
2026-05-11,10,pw_suez_canal_capacity_z,brent,0.0,0.0
2026-05-11,10,pw_suez_canal_capacity_z,henry_hub,0.0,0.0
2026-05-11,10,pw_suez_canal_n_total_z,audusd,0.0,0.0
2026-05-11,10,pw_suez_canal_n_total_z,brlusd,0.0,0.0
2026-05-11,10,pw_suez_canal_n_total_z,cnyusd,0.0,0.0
2026-05-11,10,pw_suez_canal_n_total_z,krwusd,0.0,0.0
2026-05-11,10,pw_suez_canal_n_total_z,eurusd,0.0,0.0
2026-05-11,10,pw_suez_canal_n_total_z,sp500,0.0,0.0
2026-05-11,10,pw_suez_canal_n_total_z,vix,0.0,0.0
2026-05-11,10,pw_suez_canal_n_total_z,us2y,0.0,0.0
2026-05-11,10,pw_suez_canal_n_total_z,us10y,0.016413617388919395,-0.016413617388919395
2026-05-11,10,pw_suez_canal_n_total_z,wti,0.014256092886288107,0.007221673088084963
2026-05-11,10,pw_suez_canal_n_total_z,brent,0.05118442912660927,0.026452538437727775
2026-05-11,10,pw_suez_canal_n_total_z,henry_hub,0.0,0.0
2026-06-10,10,audusd,brlusd,0.00022967862114099596,-0.00022967862114099596
2026-06-10,10,audusd,cnyusd,0.0,0.0
2026-06-10,10,audusd,krwusd,0.057468529634652,-0.034783893288839525
2026-06-10,10,audusd,eurusd,0.023232806012046074,-0.013922883717520724
2026-06-10,10,audusd,sp500,0.0,0.0
2026-06-10,10,audusd,vix,9.332732553424929e-05,9.332732553424929e-05
2026-06-10,10,audusd,us2y,0.0,0.0
2026-06-10,10,audusd,us10y,0.0,0.0
2026-06-10,10,audusd,wti,0.0,0.0
2026-06-10,10,audusd,brent,0.0,0.0
2026-06-10,10,audusd,henry_hub,0.0,0.0
2026-06-10,10,brlusd,audusd,0.0,0.0
2026-06-10,10,brlusd,cnyusd,0.0024527057183513783,-0.001973273739874856
2026-06-10,10,brlusd,krwusd,0.0,0.0
2026-06-10,10,brlusd,eurusd,0.0,0.0
2026-06-10,10,brlusd,sp500,0.0,0.0
2026-06-10,10,brlusd,vix,0.01730616274406898,0.01730616274406898
2026-06-10,10,brlusd,us2y,0.024901188666227328,0.017117188894572834
2026-06-10,10,brlusd,us10y,0.0018483245447009633,0.0018483245447009633
2026-06-10,10,brlusd,wti,0.0,0.0
2026-06-10,10,brlusd,brent,0.006767886353688296,-0.006767886353688296
2026-06-10,10,brlusd,henry_hub,0.00048331159816556303,0.00048331159816556303
2026-06-10,10,cnyusd,audusd,0.0,0.0
2026-06-10,10,cnyusd,brlusd,0.0,0.0
2026-06-10,10,cnyusd,krwusd,0.008107653034482366,-0.008107653034482366
2026-06-10,10,cnyusd,eurusd,0.013257533644867888,-0.006822851412191468
2026-06-10,10,cnyusd,sp500,0.0,0.0
2026-06-10,10,cnyusd,vix,0.0,0.0
2026-06-10,10,cnyusd,us2y,0.015959146018517858,-0.015959146018517858
2026-06-10,10,cnyusd,us10y,0.04252601412080653,0.025753114947409887
2026-06-10,10,cnyusd,wti,0.0,0.0
2026-06-10,10,cnyusd,brent,0.0,0.0
2026-06-10,10,cnyusd,henry_hub,0.0,0.0
2026-06-10,10,krwusd,audusd,0.014970486061470101,0.010384663948305917
2026-06-10,10,krwusd,brlusd,0.0,0.0
2026-06-10,10,krwusd,cnyusd,0.06975775016401285,0.022177105491279346
2026-06-10,10,krwusd,eurusd,0.0,0.0
2026-06-10,10,krwusd,sp500,0.025461063811108492,0.010278751495187345
2026-06-10,10,krwusd,vix,0.0,0.0
2026-06-10,10,krwusd,us2y,0.0,0.0
2026-06-10,10,krwusd,us10y,0.019753652787237976,-0.011820488234842998
2026-06-10,10,krwusd,wti,0.0,0.0
2026-06-10,10,krwusd,brent,0.0,0.0
2026-06-10,10,krwusd,henry_hub,0.0020362883521790444,-0.0020362883521790444
2026-06-10,10,eurusd,audusd,0.0,0.0
2026-06-10,10,eurusd,brlusd,0.0,0.0
2026-06-10,10,eurusd,cnyusd,0.05405618457124944,0.02353114021800011
2026-06-10,10,eurusd,krwusd,0.040846832500129715,0.040846832500129715
2026-06-10,10,eurusd,sp500,0.0,0.0
2026-06-10,10,eurusd,vix,0.008135641137069957,-0.005678966516471629
2026-06-10,10,eurusd,us2y,0.0,0.0
2026-06-10,10,eurusd,us10y,0.0,0.0
2026-06-10,10,eurusd,wti,0.0,0.0
2026-06-10,10,eurusd,brent,0.0,0.0
2026-06-10,10,eurusd,henry_hub,0.0,0.0
2026-06-10,10,sp500,audusd,0.046002494317489394,0.036028984094568485
2026-06-10,10,sp500,brlusd,0.02832532799807451,0.02832532799807451
2026-06-10,10,sp500,cnyusd,0.028404890036884425,0.028277749249102188
2026-06-10,10,sp500,krwusd,0.003987787699988359,-0.003956148174330425
2026-06-10,10,sp500,eurusd,0.021802485668919104,-0.01757191804861722
2026-06-10,10,sp500,vix,0.1408978680501846,0.05073367334385316
2026-06-10,10,sp500,us2y,0.03506619719274214,0.017361067961310973
2026-06-10,10,sp500,us10y,0.0015532797938456792,0.0012416185936885923
2026-06-10,10,sp500,wti,0.1109621244859279,-0.0384885049764317
2026-06-10,10,sp500,brent,0.08173851600146725,-0.027432823797064968
2026-06-10,10,sp500,henry_hub,0.0,0.0
2026-06-10,10,vix,audusd,0.014446731261741787,-0.014446731261741787
2026-06-10,10,vix,brlusd,0.0,0.0
2026-06-10,10,vix,cnyusd,0.0007035047758308297,-0.0007035047758308297
2026-06-10,10,vix,krwusd,0.03535839522122063,-0.03535839522122063
2026-06-10,10,vix,eurusd,0.0,0.0
2026-06-10,10,vix,sp500,0.0,0.0
2026-06-10,10,vix,us2y,0.0,0.0
2026-06-10,10,vix,us10y,0.01023695433410222,0.01023695433410222
2026-06-10,10,vix,wti,0.0,0.0
2026-06-10,10,vix,brent,0.0,0.0
2026-06-10,10,vix,henry_hub,0.0,0.0
2026-06-10,10,us2y,audusd,0.0,0.0
2026-06-10,10,us2y,brlusd,0.012191412773761281,-0.011997613519983557
2026-06-10,10,us2y,cnyusd,0.0,0.0
2026-06-10,10,us2y,krwusd,0.014656835156519952,-0.014656835156519952
2026-06-10,10,us2y,eurusd,0.0008593426304950418,-0.0008593426304950418
2026-06-10,10,us2y,sp500,0.0,0.0
2026-06-10,10,us2y,vix,0.0,0.0
2026-06-10,10,us2y,us10y,0.0,0.0
2026-06-10,10,us2y,wti,0.0,0.0
2026-06-10,10,us2y,brent,0.0,0.0
2026-06-10,10,us2y,henry_hub,0.0,0.0
2026-06-10,10,us10y,audusd,0.032700191324037606,-0.01941324434203546
2026-06-10,10,us10y,brlusd,0.009950147318244482,-0.00925119611146806
2026-06-10,10,us10y,cnyusd,0.021370753806859634,-0.01117764308938169
2026-06-10,10,us10y,krwusd,0.0,0.0
2026-06-10,10,us10y,eurusd,0.039195387700175915,-0.020144116108304574
2026-06-10,10,us10y,sp500,0.06017164571537595,-0.0337269038694662
2026-06-10,10,us10y,vix,0.010190292246559542,0.005885211742014662
2026-06-10,10,us10y,us2y,0.004804778635766131,-0.004804778635766131
2026-06-10,10,us10y,wti,0.0,0.0
2026-06-10,10,us10y,brent,0.0,0.0
2026-06-10,10,us10y,henry_hub,0.0,0.0
2026-06-10,10,wti,audusd,0.0,0.0
2026-06-10,10,wti,brlusd,0.0,0.0
2026-06-10,10,wti,cnyusd,0.0,0.0
2026-06-10,10,wti,krwusd,0.0,0.0
2026-06-10,10,wti,eurusd,0.0,0.0
2026-06-10,10,wti,sp500,0.0,0.0
2026-06-10,10,wti,vix,0.005853374907604356,0.0035584300511511944
2026-06-10,10,wti,us2y,0.0,0.0
2026-06-10,10,wti,us10y,0.0,0.0
2026-06-10,10,wti,brent,0.13447633615015658,0.13447633615015658
2026-06-10,10,wti,henry_hub,0.0,0.0
2026-06-10,10,brent,audusd,0.0,0.0
2026-06-10,10,brent,brlusd,0.0,0.0
2026-06-10,10,brent,cnyusd,0.0,0.0
2026-06-10,10,brent,krwusd,0.00012248424475907994,-0.00012248424475907994
2026-06-10,10,brent,eurusd,0.0,0.0
2026-06-10,10,brent,sp500,0.016909669364979896,-0.008931686763298863
2026-06-10,10,brent,vix,0.04052513988926246,0.03330551454229881
2026-06-10,10,brent,us2y,0.0,0.0
2026-06-10,10,brent,us10y,0.0012822993432995346,0.0012822993432995346
2026-06-10,10,brent,wti,0.0,0.0
2026-06-10,10,brent,henry_hub,0.0,0.0
2026-06-10,10,henry_hub,audusd,0.0026373584996271368,0.0026373584996271368
2026-06-10,10,henry_hub,brlusd,0.0,0.0
2026-06-10,10,henry_hub,cnyusd,0.0,0.0
2026-06-10,10,henry_hub,krwusd,0.0,0.0
2026-06-10,10,henry_hub,eurusd,0.0,0.0
2026-06-10,10,henry_hub,sp500,0.0,0.0
2026-06-10,10,henry_hub,vix,3.437693562350578e-05,3.437693562350578e-05
2026-06-10,10,henry_hub,us2y,0.0,0.0
2026-06-10,10,henry_hub,us10y,0.0,0.0
2026-06-10,10,henry_hub,wti,0.003395955485634845,-0.003395955485634845
2026-06-10,10,henry_hub,brent,0.0,0.0
2026-06-10,10,pw_bab_el_mandeb_strait_capacity_z,audusd,0.0,0.0
2026-06-10,10,pw_bab_el_mandeb_strait_capacity_z,brlusd,0.0,0.0
2026-06-10,10,pw_bab_el_mandeb_strait_capacity_z,cnyusd,0.0,0.0
2026-06-10,10,pw_bab_el_mandeb_strait_capacity_z,krwusd,0.0,0.0
2026-06-10,10,pw_bab_el_mandeb_strait_capacity_z,eurusd,0.0,0.0
2026-06-10,10,pw_bab_el_mandeb_strait_capacity_z,sp500,0.004441748837357488,-0.004441748837357488
2026-06-10,10,pw_bab_el_mandeb_strait_capacity_z,vix,0.024275286068334026,0.024275286068334026
2026-06-10,10,pw_bab_el_mandeb_strait_capacity_z,us2y,0.0,0.0
2026-06-10,10,pw_bab_el_mandeb_strait_capacity_z,us10y,0.0,0.0
2026-06-10,10,pw_bab_el_mandeb_strait_capacity_z,wti,0.03809532253346025,-0.021575334333485623
2026-06-10,10,pw_bab_el_mandeb_strait_capacity_z,brent,0.0,0.0
2026-06-10,10,pw_bab_el_mandeb_strait_capacity_z,henry_hub,0.01634496355222611,-0.01634496355222611
2026-06-10,10,pw_bab_el_mandeb_strait_n_total_z,audusd,0.019350913129755537,0.019350913129755537
2026-06-10,10,pw_bab_el_mandeb_strait_n_total_z,brlusd,0.0,0.0
2026-06-10,10,pw_bab_el_mandeb_strait_n_total_z,cnyusd,0.0,0.0
2026-06-10,10,pw_bab_el_mandeb_strait_n_total_z,krwusd,0.0,0.0
2026-06-10,10,pw_bab_el_mandeb_strait_n_total_z,eurusd,0.1066914862718147,0.1066914862718147
2026-06-10,10,pw_bab_el_mandeb_strait_n_total_z,sp500,0.0,0.0
2026-06-10,10,pw_bab_el_mandeb_strait_n_total_z,vix,0.0,0.0
2026-06-10,10,pw_bab_el_mandeb_strait_n_total_z,us2y,0.0,0.0
2026-06-10,10,pw_bab_el_mandeb_strait_n_total_z,us10y,0.05851550879270885,-0.04767876687354294
2026-06-10,10,pw_bab_el_mandeb_strait_n_total_z,wti,0.0,0.0
2026-06-10,10,pw_bab_el_mandeb_strait_n_total_z,brent,0.0,0.0
2026-06-10,10,pw_bab_el_mandeb_strait_n_total_z,henry_hub,0.0,0.0
2026-06-10,10,pw_cape_of_good_hope_capacity_z,audusd,0.0,0.0
2026-06-10,10,pw_cape_of_good_hope_capacity_z,brlusd,0.0735331039499253,-0.0313028216467703
2026-06-10,10,pw_cape_of_good_hope_capacity_z,cnyusd,0.18704106836142104,-0.07763895994136236
2026-06-10,10,pw_cape_of_good_hope_capacity_z,krwusd,0.0,0.0
2026-06-10,10,pw_cape_of_good_hope_capacity_z,eurusd,0.0,0.0
2026-06-10,10,pw_cape_of_good_hope_capacity_z,sp500,0.0,0.0
2026-06-10,10,pw_cape_of_good_hope_capacity_z,vix,0.0,0.0
2026-06-10,10,pw_cape_of_good_hope_capacity_z,us2y,0.0,0.0
2026-06-10,10,pw_cape_of_good_hope_capacity_z,us10y,0.012733836861608033,0.012733836861608033
2026-06-10,10,pw_cape_of_good_hope_capacity_z,wti,0.008407981362295064,-0.008407981362295064
2026-06-10,10,pw_cape_of_good_hope_capacity_z,brent,0.11314706015081993,0.0827290061974329
2026-06-10,10,pw_cape_of_good_hope_capacity_z,henry_hub,0.07303699113495124,-0.04174040380602659
2026-06-10,10,pw_cape_of_good_hope_n_total_z,audusd,0.0,0.0
2026-06-10,10,pw_cape_of_good_hope_n_total_z,brlusd,0.0,0.0
2026-06-10,10,pw_cape_of_good_hope_n_total_z,cnyusd,0.0,0.0
2026-06-10,10,pw_cape_of_good_hope_n_total_z,krwusd,0.018727632855991518,-0.018727632855991518
2026-06-10,10,pw_cape_of_good_hope_n_total_z,eurusd,0.0,0.0
2026-06-10,10,pw_cape_of_good_hope_n_total_z,sp500,0.044577855544680745,0.0185315367557223
2026-06-10,10,pw_cape_of_good_hope_n_total_z,vix,0.02516297992846747,-0.012841917203168645
2026-06-10,10,pw_cape_of_good_hope_n_total_z,us2y,0.07706243672119645,0.05599395945572003
2026-06-10,10,pw_cape_of_good_hope_n_total_z,us10y,0.0,0.0
2026-06-10,10,pw_cape_of_good_hope_n_total_z,wti,0.0,0.0
2026-06-10,10,pw_cape_of_good_hope_n_total_z,brent,0.013970070575555863,-0.013970070575555863
2026-06-10,10,pw_cape_of_good_hope_n_total_z,henry_hub,0.11805662907105646,0.06808393265579656
2026-06-10,10,pw_malacca_strait_capacity_z,audusd,0.0,0.0
2026-06-10,10,pw_malacca_strait_capacity_z,brlusd,0.0,0.0
2026-06-10,10,pw_malacca_strait_capacity_z,cnyusd,0.0,0.0
2026-06-10,10,pw_malacca_strait_capacity_z,krwusd,0.02619816383103009,0.010339745580166539
2026-06-10,10,pw_malacca_strait_capacity_z,eurusd,0.0,0.0
2026-06-10,10,pw_malacca_strait_capacity_z,sp500,0.0,0.0
2026-06-10,10,pw_malacca_strait_capacity_z,vix,0.010111604380049275,-0.010111604380049275
2026-06-10,10,pw_malacca_strait_capacity_z,us2y,0.053246951791233614,0.053246951791233614
2026-06-10,10,pw_malacca_strait_capacity_z,us10y,0.0,0.0
2026-06-10,10,pw_malacca_strait_capacity_z,wti,0.0,0.0
2026-06-10,10,pw_malacca_strait_capacity_z,brent,0.0,0.0
2026-06-10,10,pw_malacca_strait_capacity_z,henry_hub,0.0,0.0
2026-06-10,10,pw_malacca_strait_n_total_z,audusd,0.006947611425677186,-0.004911771873757596
2026-06-10,10,pw_malacca_strait_n_total_z,brlusd,0.05084357725658758,0.03658047121059321
2026-06-10,10,pw_malacca_strait_n_total_z,cnyusd,0.1093733870572474,-0.0861875547591378
2026-06-10,10,pw_malacca_strait_n_total_z,krwusd,0.051493627169663755,-0.043884933808146474
2026-06-10,10,pw_malacca_strait_n_total_z,eurusd,0.12366439033824687,-0.0385943851642464
2026-06-10,10,pw_malacca_strait_n_total_z,sp500,0.061556257022770094,-0.042158934939801065
2026-06-10,10,pw_malacca_strait_n_total_z,vix,0.0,0.0
2026-06-10,10,pw_malacca_strait_n_total_z,us2y,0.037706508264752636,0.037706508264752636
2026-06-10,10,pw_malacca_strait_n_total_z,us10y,0.02528690162392067,0.02528690162392067
2026-06-10,10,pw_malacca_strait_n_total_z,wti,0.0,0.0
2026-06-10,10,pw_malacca_strait_n_total_z,brent,0.0013983782011784652,-0.0013983782011784652
2026-06-10,10,pw_malacca_strait_n_total_z,henry_hub,0.04781034153506804,0.0396200014634239
2026-06-10,10,pw_panama_canal_capacity_z,audusd,0.03248126601120394,-0.03248126601120394
2026-06-10,10,pw_panama_canal_capacity_z,brlusd,0.003565303841366712,-0.003565303841366712
2026-06-10,10,pw_panama_canal_capacity_z,cnyusd,0.02645895218340276,-0.02645895218340276
2026-06-10,10,pw_panama_canal_capacity_z,krwusd,0.07130027938945385,-0.07121942774068855
2026-06-10,10,pw_panama_canal_capacity_z,eurusd,0.0,0.0
2026-06-10,10,pw_panama_canal_capacity_z,sp500,0.0,0.0
2026-06-10,10,pw_panama_canal_capacity_z,vix,0.0460689415861902,-0.0460689415861902
2026-06-10,10,pw_panama_canal_capacity_z,us2y,0.0,0.0
2026-06-10,10,pw_panama_canal_capacity_z,us10y,0.05976282248550656,0.04854073410524099
2026-06-10,10,pw_panama_canal_capacity_z,wti,0.0003692077430288368,-0.0003692077430288368
2026-06-10,10,pw_panama_canal_capacity_z,brent,0.0,0.0
2026-06-10,10,pw_panama_canal_capacity_z,henry_hub,0.0,0.0
2026-06-10,10,pw_panama_canal_n_total_z,audusd,0.08359115570974325,-0.04914221951946381
2026-06-10,10,pw_panama_canal_n_total_z,brlusd,0.0,0.0
2026-06-10,10,pw_panama_canal_n_total_z,cnyusd,0.05241290182338364,-0.05241290182338364
2026-06-10,10,pw_panama_canal_n_total_z,krwusd,0.0,0.0
2026-06-10,10,pw_panama_canal_n_total_z,eurusd,0.022542333481807158,-0.015365341108113401
2026-06-10,10,pw_panama_canal_n_total_z,sp500,0.0,0.0
2026-06-10,10,pw_panama_canal_n_total_z,vix,0.0,0.0
2026-06-10,10,pw_panama_canal_n_total_z,us2y,0.03488853014089603,0.03488853014089603
2026-06-10,10,pw_panama_canal_n_total_z,us10y,0.0,0.0
2026-06-10,10,pw_panama_canal_n_total_z,wti,0.04331430242442939,-0.04331430242442939
2026-06-10,10,pw_panama_canal_n_total_z,brent,0.016734466709305597,-0.016734466709305597
2026-06-10,10,pw_panama_canal_n_total_z,henry_hub,0.026509670392889016,0.026509670392889016
2026-06-10,10,pw_strait_of_hormuz_capacity_z,audusd,0.004610208690518592,0.004610208690518592
2026-06-10,10,pw_strait_of_hormuz_capacity_z,brlusd,0.03177692262491668,-0.03177692262491668
2026-06-10,10,pw_strait_of_hormuz_capacity_z,cnyusd,0.0,0.0
2026-06-10,10,pw_strait_of_hormuz_capacity_z,krwusd,0.0,0.0
2026-06-10,10,pw_strait_of_hormuz_capacity_z,eurusd,0.0,0.0
2026-06-10,10,pw_strait_of_hormuz_capacity_z,sp500,0.0,0.0
2026-06-10,10,pw_strait_of_hormuz_capacity_z,vix,0.015655269461698092,0.015655269461698092
2026-06-10,10,pw_strait_of_hormuz_capacity_z,us2y,0.07958609997793255,0.055615320163152245
2026-06-10,10,pw_strait_of_hormuz_capacity_z,us10y,0.0875084942861372,0.0875084942861372
2026-06-10,10,pw_strait_of_hormuz_capacity_z,wti,0.1087732577129998,0.09558199681699191
2026-06-10,10,pw_strait_of_hormuz_capacity_z,brent,0.1779468262251328,0.1628049749769643
2026-06-10,10,pw_strait_of_hormuz_capacity_z,henry_hub,0.03700595906418007,0.03675366823861051
2026-06-10,10,pw_strait_of_hormuz_n_total_z,audusd,0.03211507636242904,0.03211507636242904
2026-06-10,10,pw_strait_of_hormuz_n_total_z,brlusd,0.0,0.0
2026-06-10,10,pw_strait_of_hormuz_n_total_z,cnyusd,0.0,0.0
2026-06-10,10,pw_strait_of_hormuz_n_total_z,krwusd,0.0,0.0
2026-06-10,10,pw_strait_of_hormuz_n_total_z,eurusd,0.0,0.0
2026-06-10,10,pw_strait_of_hormuz_n_total_z,sp500,0.055692090160801275,-0.055692090160801275
2026-06-10,10,pw_strait_of_hormuz_n_total_z,vix,0.04728586008045238,0.04728586008045238
2026-06-10,10,pw_strait_of_hormuz_n_total_z,us2y,0.0,0.0
2026-06-10,10,pw_strait_of_hormuz_n_total_z,us10y,0.012495026015452618,0.012495026015452618
2026-06-10,10,pw_strait_of_hormuz_n_total_z,wti,0.0,0.0
2026-06-10,10,pw_strait_of_hormuz_n_total_z,brent,0.0,0.0
2026-06-10,10,pw_strait_of_hormuz_n_total_z,henry_hub,0.0,0.0
2026-06-10,10,pw_suez_canal_capacity_z,audusd,0.0,0.0
2026-06-10,10,pw_suez_canal_capacity_z,brlusd,0.0,0.0
2026-06-10,10,pw_suez_canal_capacity_z,cnyusd,0.11482878679937275,-0.07554207522456528
2026-06-10,10,pw_suez_canal_capacity_z,krwusd,0.0,0.0
2026-06-10,10,pw_suez_canal_capacity_z,eurusd,0.0,0.0
2026-06-10,10,pw_suez_canal_capacity_z,sp500,0.052777215864266404,-0.052777215864266404
2026-06-10,10,pw_suez_canal_capacity_z,vix,0.038102054019783164,0.038102054019783164
2026-06-10,10,pw_suez_canal_capacity_z,us2y,0.0,0.0
2026-06-10,10,pw_suez_canal_capacity_z,us10y,0.0,0.0
2026-06-10,10,pw_suez_canal_capacity_z,wti,0.0,0.0
2026-06-10,10,pw_suez_canal_capacity_z,brent,0.0,0.0
2026-06-10,10,pw_suez_canal_capacity_z,henry_hub,0.0,0.0
2026-06-10,10,pw_suez_canal_n_total_z,audusd,0.0018142154979990336,0.0018142154979990336
2026-06-10,10,pw_suez_canal_n_total_z,brlusd,0.0,0.0
2026-06-10,10,pw_suez_canal_n_total_z,cnyusd,0.0,0.0
2026-06-10,10,pw_suez_canal_n_total_z,krwusd,0.0,0.0
2026-06-10,10,pw_suez_canal_n_total_z,eurusd,0.0,0.0
2026-06-10,10,pw_suez_canal_n_total_z,sp500,0.0,0.0
2026-06-10,10,pw_suez_canal_n_total_z,vix,0.0,0.0
2026-06-10,10,pw_suez_canal_n_total_z,us2y,0.0,0.0
2026-06-10,10,pw_suez_canal_n_total_z,us10y,0.021493175712831922,-0.021493175712831922
2026-06-10,10,pw_suez_canal_n_total_z,wti,0.014329229780192007,0.010239514776456965
2026-06-10,10,pw_suez_canal_n_total_z,brent,0.047006039917050345,0.02737361356873635
2026-06-10,10,pw_suez_canal_n_total_z,henry_hub,0.0,0.0
2026-07-14,10,audusd,brlusd,0.0,0.0
2026-07-14,10,audusd,cnyusd,0.0,0.0
2026-07-14,10,audusd,krwusd,0.057123031954786206,-0.03679168632749306
2026-07-14,10,audusd,eurusd,0.02039317429025802,-0.012744485450842682
2026-07-14,10,audusd,sp500,0.0,0.0
2026-07-14,10,audusd,vix,0.0002747156779593634,0.0002747156779593634
2026-07-14,10,audusd,us2y,0.0,0.0
2026-07-14,10,audusd,us10y,0.0,0.0
2026-07-14,10,audusd,wti,0.0,0.0
2026-07-14,10,audusd,brent,0.0,0.0
2026-07-14,10,audusd,henry_hub,0.0,0.0
2026-07-14,10,brlusd,audusd,0.0,0.0
2026-07-14,10,brlusd,cnyusd,0.0027416988760658153,-0.0018172557562724637
2026-07-14,10,brlusd,krwusd,0.0,0.0
2026-07-14,10,brlusd,eurusd,0.0,0.0
2026-07-14,10,brlusd,sp500,0.0,0.0
2026-07-14,10,brlusd,vix,0.017484925278704072,0.017484925278704072
2026-07-14,10,brlusd,us2y,0.02360389213554088,0.016198371134562857
2026-07-14,10,brlusd,us10y,0.0006461881771611352,0.0006461881771611352
2026-07-14,10,brlusd,wti,0.0,0.0
2026-07-14,10,brlusd,brent,0.0059531454964821704,-0.0059531454964821704
2026-07-14,10,brlusd,henry_hub,0.00023482958955576614,0.00023482958955576614
2026-07-14,10,cnyusd,audusd,0.0,0.0
2026-07-14,10,cnyusd,brlusd,0.0,0.0
2026-07-14,10,cnyusd,krwusd,0.007905145248420179,-0.007905145248420179
2026-07-14,10,cnyusd,eurusd,0.013204907753227076,-0.007060809963530552
2026-07-14,10,cnyusd,sp500,0.0,0.0
2026-07-14,10,cnyusd,vix,0.0,0.0
2026-07-14,10,cnyusd,us2y,0.015849709441941754,-0.015849709441941754
2026-07-14,10,cnyusd,us10y,0.0412768003720183,0.02577371936243228
2026-07-14,10,cnyusd,wti,0.0,0.0
2026-07-14,10,cnyusd,brent,0.0,0.0
2026-07-14,10,cnyusd,henry_hub,0.0,0.0
2026-07-14,10,krwusd,audusd,0.01563644701213394,0.010120375840239771
2026-07-14,10,krwusd,brlusd,0.0,0.0
2026-07-14,10,krwusd,cnyusd,0.06295650047553004,0.02032529471763053
2026-07-14,10,krwusd,eurusd,0.0,0.0
2026-07-14,10,krwusd,sp500,0.02951447019274956,0.01170796932196013
2026-07-14,10,krwusd,vix,0.0,0.0
2026-07-14,10,krwusd,us2y,0.0,0.0
2026-07-14,10,krwusd,us10y,0.02342603580575086,-0.012367424895275553
2026-07-14,10,krwusd,wti,0.0,0.0
2026-07-14,10,krwusd,brent,0.0,0.0
2026-07-14,10,krwusd,henry_hub,0.0016510492054485192,-0.0016510492054485192
2026-07-14,10,eurusd,audusd,0.0,0.0
2026-07-14,10,eurusd,brlusd,0.0,0.0
2026-07-14,10,eurusd,cnyusd,0.056492450324326496,0.024243386857918714
2026-07-14,10,eurusd,krwusd,0.03752101325489857,0.03752101325489857
2026-07-14,10,eurusd,sp500,0.0,0.0
2026-07-14,10,eurusd,vix,0.007686110977786726,-0.005915479232897452
2026-07-14,10,eurusd,us2y,0.0,0.0
2026-07-14,10,eurusd,us10y,0.0,0.0
2026-07-14,10,eurusd,wti,0.0,0.0
2026-07-14,10,eurusd,brent,0.0,0.0
2026-07-14,10,eurusd,henry_hub,0.0,0.0
2026-07-14,10,sp500,audusd,0.0480232693399778,0.0386476093851629
2026-07-14,10,sp500,brlusd,0.02702616342430394,0.02702616342430394
2026-07-14,10,sp500,cnyusd,0.028510849473168832,0.028510849473168832
2026-07-14,10,sp500,krwusd,0.004122462265317421,-0.003946463138938383
2026-07-14,10,sp500,eurusd,0.020182320853545408,-0.0169911729122294
2026-07-14,10,sp500,vix,0.14224380963618194,0.051054210098743835
2026-07-14,10,sp500,us2y,0.03782804453182906,0.017811332978217357
2026-07-14,10,sp500,us10y,0.006728064755741565,0.004120066685232308
2026-07-14,10,sp500,wti,0.08769145569958667,-0.03211417127149794
2026-07-14,10,sp500,brent,0.05631341675715368,-0.02299730619725463
2026-07-14,10,sp500,henry_hub,0.0,0.0
2026-07-14,10,vix,audusd,0.01140738184675397,-0.01140738184675397
2026-07-14,10,vix,brlusd,0.0,0.0
2026-07-14,10,vix,cnyusd,0.0,0.0
2026-07-14,10,vix,krwusd,0.03105521246979216,-0.03105521246979216
2026-07-14,10,vix,eurusd,0.0,0.0
2026-07-14,10,vix,sp500,0.0,0.0
2026-07-14,10,vix,us2y,0.0,0.0
2026-07-14,10,vix,us10y,0.008193077741712908,0.008193077741712908
2026-07-14,10,vix,wti,0.0,0.0
2026-07-14,10,vix,brent,0.0,0.0
2026-07-14,10,vix,henry_hub,0.0,0.0
2026-07-14,10,us2y,audusd,0.0,0.0
2026-07-14,10,us2y,brlusd,0.017727904180085036,-0.011618545073599915
2026-07-14,10,us2y,cnyusd,0.0,0.0
2026-07-14,10,us2y,krwusd,0.014295237556345717,-0.014295237556345717
2026-07-14,10,us2y,eurusd,0.005443788174952939,-0.005443788174952939
2026-07-14,10,us2y,sp500,0.0,0.0
2026-07-14,10,us2y,vix,0.0,0.0
2026-07-14,10,us2y,us10y,0.0,0.0
2026-07-14,10,us2y,wti,0.004306699861599068,-0.004306699861599068
2026-07-14,10,us2y,brent,0.0,0.0
2026-07-14,10,us2y,henry_hub,0.0,0.0
2026-07-14,10,us10y,audusd,0.028771851182312853,-0.017159823865362335
2026-07-14,10,us10y,brlusd,0.004302911086852512,-0.003929181604215837
2026-07-14,10,us10y,cnyusd,0.0219362675044839,-0.011572258958439939
2026-07-14,10,us10y,krwusd,0.0,0.0
2026-07-14,10,us10y,eurusd,0.033057599481734236,-0.018729973531725296
2026-07-14,10,us10y,sp500,0.06019862268420606,-0.033068265340302216
2026-07-14,10,us10y,vix,0.010148737946631745,0.006327851803429309
2026-07-14,10,us10y,us2y,0.007118159172559111,-0.007118159172559111
2026-07-14,10,us10y,wti,0.0,0.0
2026-07-14,10,us10y,brent,0.0,0.0
2026-07-14,10,us10y,henry_hub,0.0,0.0
2026-07-14,10,wti,audusd,0.0,0.0
2026-07-14,10,wti,brlusd,0.0,0.0
2026-07-14,10,wti,cnyusd,0.0,0.0
2026-07-14,10,wti,krwusd,0.0,0.0
2026-07-14,10,wti,eurusd,0.0,0.0
2026-07-14,10,wti,sp500,0.0,0.0
2026-07-14,10,wti,vix,0.0,0.0
2026-07-14,10,wti,us2y,0.0,0.0
2026-07-14,10,wti,us10y,0.0,0.0
2026-07-14,10,wti,brent,0.1338033113473946,0.1338033113473946
2026-07-14,10,wti,henry_hub,0.0,0.0
2026-07-14,10,brent,audusd,0.0,0.0
2026-07-14,10,brent,brlusd,0.0,0.0
2026-07-14,10,brent,cnyusd,0.0,0.0
2026-07-14,10,brent,krwusd,0.0,0.0
2026-07-14,10,brent,eurusd,0.0,0.0
2026-07-14,10,brent,sp500,0.009778167712131303,-0.005212486412442513
2026-07-14,10,brent,vix,0.042500686476035346,0.03431911025932177
2026-07-14,10,brent,us2y,0.0,0.0
2026-07-14,10,brent,us10y,0.0,0.0
2026-07-14,10,brent,wti,0.0,0.0
2026-07-14,10,brent,henry_hub,0.0,0.0
2026-07-14,10,henry_hub,audusd,0.00306510188143852,0.00306510188143852
2026-07-14,10,henry_hub,brlusd,0.0,0.0
2026-07-14,10,henry_hub,cnyusd,0.0,0.0
2026-07-14,10,henry_hub,krwusd,0.0,0.0
2026-07-14,10,henry_hub,eurusd,0.0,0.0
2026-07-14,10,henry_hub,sp500,0.0,0.0
2026-07-14,10,henry_hub,vix,0.0004252548116151912,0.0004252548116151912
2026-07-14,10,henry_hub,us2y,0.0,0.0
2026-07-14,10,henry_hub,us10y,0.0,0.0
2026-07-14,10,henry_hub,wti,0.0012675873778676162,-0.0012675873778676162
2026-07-14,10,henry_hub,brent,0.0,0.0
2026-07-14,10,pw_bab_el_mandeb_strait_capacity_z,audusd,0.0,0.0
2026-07-14,10,pw_bab_el_mandeb_strait_capacity_z,brlusd,0.0,0.0
2026-07-14,10,pw_bab_el_mandeb_strait_capacity_z,cnyusd,0.0,0.0
2026-07-14,10,pw_bab_el_mandeb_strait_capacity_z,krwusd,0.0,0.0
2026-07-14,10,pw_bab_el_mandeb_strait_capacity_z,eurusd,0.0,0.0
2026-07-14,10,pw_bab_el_mandeb_strait_capacity_z,sp500,0.0004866483841705296,-0.0004866483841705296
2026-07-14,10,pw_bab_el_mandeb_strait_capacity_z,vix,0.02198384579369994,0.02198384579369994
2026-07-14,10,pw_bab_el_mandeb_strait_capacity_z,us2y,0.0,0.0
2026-07-14,10,pw_bab_el_mandeb_strait_capacity_z,us10y,0.0,0.0
2026-07-14,10,pw_bab_el_mandeb_strait_capacity_z,wti,0.019997160675077584,-0.010108752346080552
2026-07-14,10,pw_bab_el_mandeb_strait_capacity_z,brent,0.0,0.0
2026-07-14,10,pw_bab_el_mandeb_strait_capacity_z,henry_hub,0.016891403999600103,-0.016891403999600103
2026-07-14,10,pw_bab_el_mandeb_strait_n_total_z,audusd,0.02627739617617085,0.02627739617617085
2026-07-14,10,pw_bab_el_mandeb_strait_n_total_z,brlusd,0.0,0.0
2026-07-14,10,pw_bab_el_mandeb_strait_n_total_z,cnyusd,0.0,0.0
2026-07-14,10,pw_bab_el_mandeb_strait_n_total_z,krwusd,0.0,0.0
2026-07-14,10,pw_bab_el_mandeb_strait_n_total_z,eurusd,0.1070242658091932,0.1070242658091932
2026-07-14,10,pw_bab_el_mandeb_strait_n_total_z,sp500,0.0,0.0
2026-07-14,10,pw_bab_el_mandeb_strait_n_total_z,vix,0.0,0.0
2026-07-14,10,pw_bab_el_mandeb_strait_n_total_z,us2y,0.0,0.0
2026-07-14,10,pw_bab_el_mandeb_strait_n_total_z,us10y,0.0655892152692977,-0.04629471088289126
2026-07-14,10,pw_bab_el_mandeb_strait_n_total_z,wti,0.0,0.0
2026-07-14,10,pw_bab_el_mandeb_strait_n_total_z,brent,0.0,0.0
2026-07-14,10,pw_bab_el_mandeb_strait_n_total_z,henry_hub,0.0,0.0
2026-07-14,10,pw_cape_of_good_hope_capacity_z,audusd,0.0,0.0
2026-07-14,10,pw_cape_of_good_hope_capacity_z,brlusd,0.07025785798673935,-0.029841836190889228
2026-07-14,10,pw_cape_of_good_hope_capacity_z,cnyusd,0.188838681154164,-0.07966096002298227
2026-07-14,10,pw_cape_of_good_hope_capacity_z,krwusd,0.0,0.0
2026-07-14,10,pw_cape_of_good_hope_capacity_z,eurusd,0.0,0.0
2026-07-14,10,pw_cape_of_good_hope_capacity_z,sp500,0.0,0.0
2026-07-14,10,pw_cape_of_good_hope_capacity_z,vix,0.0,0.0
2026-07-14,10,pw_cape_of_good_hope_capacity_z,us2y,0.0,0.0
2026-07-14,10,pw_cape_of_good_hope_capacity_z,us10y,0.009225159823534385,0.009225159823534385
2026-07-14,10,pw_cape_of_good_hope_capacity_z,wti,0.017345743375467845,-0.017345743375467845
2026-07-14,10,pw_cape_of_good_hope_capacity_z,brent,0.08899030768019958,0.0766361693538124
2026-07-14,10,pw_cape_of_good_hope_capacity_z,henry_hub,0.07212308103709772,-0.04197879141252797
2026-07-14,10,pw_cape_of_good_hope_n_total_z,audusd,0.0,0.0
2026-07-14,10,pw_cape_of_good_hope_n_total_z,brlusd,0.0,0.0
2026-07-14,10,pw_cape_of_good_hope_n_total_z,cnyusd,0.0,0.0
2026-07-14,10,pw_cape_of_good_hope_n_total_z,krwusd,0.020782170118324717,-0.020782170118324717
2026-07-14,10,pw_cape_of_good_hope_n_total_z,eurusd,0.0,0.0
2026-07-14,10,pw_cape_of_good_hope_n_total_z,sp500,0.049163273327700666,0.022123143637355683
2026-07-14,10,pw_cape_of_good_hope_n_total_z,vix,0.02605604002838338,-0.013420699631579073
2026-07-14,10,pw_cape_of_good_hope_n_total_z,us2y,0.07124546628669529,0.04737988152635033
2026-07-14,10,pw_cape_of_good_hope_n_total_z,us10y,0.0,0.0
2026-07-14,10,pw_cape_of_good_hope_n_total_z,wti,0.0,0.0
2026-07-14,10,pw_cape_of_good_hope_n_total_z,brent,0.010996282126899591,-0.010996282126899591
2026-07-14,10,pw_cape_of_good_hope_n_total_z,henry_hub,0.11730264854944064,0.06484893165139613
2026-07-14,10,pw_malacca_strait_capacity_z,audusd,0.0,0.0
2026-07-14,10,pw_malacca_strait_capacity_z,brlusd,0.0,0.0
2026-07-14,10,pw_malacca_strait_capacity_z,cnyusd,0.0,0.0
2026-07-14,10,pw_malacca_strait_capacity_z,krwusd,0.019705087967233522,0.015929590577992463
2026-07-14,10,pw_malacca_strait_capacity_z,eurusd,0.0,0.0
2026-07-14,10,pw_malacca_strait_capacity_z,sp500,0.0,0.0
2026-07-14,10,pw_malacca_strait_capacity_z,vix,0.008724137350093707,-0.008724137350093707
2026-07-14,10,pw_malacca_strait_capacity_z,us2y,0.04979936518165247,0.04979936518165247
2026-07-14,10,pw_malacca_strait_capacity_z,us10y,0.0,0.0
2026-07-14,10,pw_malacca_strait_capacity_z,wti,0.02779828198999949,0.017059926039459192
2026-07-14,10,pw_malacca_strait_capacity_z,brent,0.0,0.0
2026-07-14,10,pw_malacca_strait_capacity_z,henry_hub,0.0,0.0
2026-07-14,10,pw_malacca_strait_n_total_z,audusd,0.0,0.0
2026-07-14,10,pw_malacca_strait_n_total_z,brlusd,0.06151786780722454,0.04186443435435224
2026-07-14,10,pw_malacca_strait_n_total_z,cnyusd,0.10243239699764148,-0.08285307576583895
2026-07-14,10,pw_malacca_strait_n_total_z,krwusd,0.04344361054533693,-0.04147367403268598
2026-07-14,10,pw_malacca_strait_n_total_z,eurusd,0.10603913031615925,-0.03720727485853155
2026-07-14,10,pw_malacca_strait_n_total_z,sp500,0.05227500501158094,-0.032768088525272576
2026-07-14,10,pw_malacca_strait_n_total_z,vix,0.0,0.0
2026-07-14,10,pw_malacca_strait_n_total_z,us2y,0.03606359406699951,0.03606359406699951
2026-07-14,10,pw_malacca_strait_n_total_z,us10y,0.02720159302028349,0.02720159302028349
2026-07-14,10,pw_malacca_strait_n_total_z,wti,0.0,0.0
2026-07-14,10,pw_malacca_strait_n_total_z,brent,0.0,0.0
2026-07-14,10,pw_malacca_strait_n_total_z,henry_hub,0.04648553255009171,0.039151909057388225
2026-07-14,10,pw_panama_canal_capacity_z,audusd,0.023198951048784004,-0.023198951048784004
2026-07-14,10,pw_panama_canal_capacity_z,brlusd,0.00668244416078143,-0.00668244416078143
2026-07-14,10,pw_panama_canal_capacity_z,cnyusd,0.017081355639467572,-0.017081355639467572
2026-07-14,10,pw_panama_canal_capacity_z,krwusd,0.07845921911648622,-0.07293227299285875
2026-07-14,10,pw_panama_canal_capacity_z,eurusd,0.0,0.0
2026-07-14,10,pw_panama_canal_capacity_z,sp500,0.0,0.0
2026-07-14,10,pw_panama_canal_capacity_z,vix,0.04271187856472716,-0.04271187856472716
2026-07-14,10,pw_panama_canal_capacity_z,us2y,0.0,0.0
2026-07-14,10,pw_panama_canal_capacity_z,us10y,0.05684859940908167,0.05043255201946837
2026-07-14,10,pw_panama_canal_capacity_z,wti,0.0,0.0
2026-07-14,10,pw_panama_canal_capacity_z,brent,0.0,0.0
2026-07-14,10,pw_panama_canal_capacity_z,henry_hub,0.0,0.0
2026-07-14,10,pw_panama_canal_n_total_z,audusd,0.10314782105679202,-0.06075937008582007
2026-07-14,10,pw_panama_canal_n_total_z,brlusd,0.0,0.0
2026-07-14,10,pw_panama_canal_n_total_z,cnyusd,0.06600460032173691,-0.06600460032173691
2026-07-14,10,pw_panama_canal_n_total_z,krwusd,0.0,0.0
2026-07-14,10,pw_panama_canal_n_total_z,eurusd,0.032652002178792106,-0.014721484764499089
2026-07-14,10,pw_panama_canal_n_total_z,sp500,0.0,0.0
2026-07-14,10,pw_panama_canal_n_total_z,vix,0.0,0.0
2026-07-14,10,pw_panama_canal_n_total_z,us2y,0.03327742150811952,0.03327742150811952
2026-07-14,10,pw_panama_canal_n_total_z,us10y,0.0,0.0
2026-07-14,10,pw_panama_canal_n_total_z,wti,0.0694284071247881,-0.0694284071247881
2026-07-14,10,pw_panama_canal_n_total_z,brent,0.04285043479606688,-0.04285043479606688
2026-07-14,10,pw_panama_canal_n_total_z,henry_hub,0.02863131307919351,0.02863131307919351
2026-07-14,10,pw_strait_of_hormuz_capacity_z,audusd,0.003497615823699953,0.003497615823699953
2026-07-14,10,pw_strait_of_hormuz_capacity_z,brlusd,0.025264576168682676,-0.025264576168682676
2026-07-14,10,pw_strait_of_hormuz_capacity_z,cnyusd,0.0,0.0
2026-07-14,10,pw_strait_of_hormuz_capacity_z,krwusd,0.0,0.0
2026-07-14,10,pw_strait_of_hormuz_capacity_z,eurusd,0.0,0.0
2026-07-14,10,pw_strait_of_hormuz_capacity_z,sp500,0.0,0.0
2026-07-14,10,pw_strait_of_hormuz_capacity_z,vix,0.009327139607243483,0.009327139607243483
2026-07-14,10,pw_strait_of_hormuz_capacity_z,us2y,0.07477740976613073,0.05035823756698004
2026-07-14,10,pw_strait_of_hormuz_capacity_z,us10y,0.08621870258630948,0.08621870258630948
2026-07-14,10,pw_strait_of_hormuz_capacity_z,wti,0.1292774328694447,0.10233605702162774
2026-07-14,10,pw_strait_of_hormuz_capacity_z,brent,0.20015509086849373,0.17216860243812718
2026-07-14,10,pw_strait_of_hormuz_capacity_z,henry_hub,0.03604043786366533,0.03604043786366533
2026-07-14,10,pw_strait_of_hormuz_n_total_z,audusd,0.042633444564899745,0.042633444564899745
2026-07-14,10,pw_strait_of_hormuz_n_total_z,brlusd,0.0,0.0
2026-07-14,10,pw_strait_of_hormuz_n_total_z,cnyusd,0.0,0.0
2026-07-14,10,pw_strait_of_hormuz_n_total_z,krwusd,0.0,0.0
2026-07-14,10,pw_strait_of_hormuz_n_total_z,eurusd,0.0,0.0
2026-07-14,10,pw_strait_of_hormuz_n_total_z,sp500,0.04842176916656648,-0.04842176916656648
2026-07-14,10,pw_strait_of_hormuz_n_total_z,vix,0.0489953788352955,0.0489953788352955
2026-07-14,10,pw_strait_of_hormuz_n_total_z,us2y,0.0,0.0
2026-07-14,10,pw_strait_of_hormuz_n_total_z,us10y,0.014745375102087925,0.014745375102087925
2026-07-14,10,pw_strait_of_hormuz_n_total_z,wti,0.0,0.0
2026-07-14,10,pw_strait_of_hormuz_n_total_z,brent,0.0,0.0
2026-07-14,10,pw_strait_of_hormuz_n_total_z,henry_hub,0.0,0.0
2026-07-14,10,pw_suez_canal_capacity_z,audusd,0.0,0.0
2026-07-14,10,pw_suez_canal_capacity_z,brlusd,0.0,0.0
2026-07-14,10,pw_suez_canal_capacity_z,cnyusd,0.1164507350691962,-0.07521043547012582
2026-07-14,10,pw_suez_canal_capacity_z,krwusd,0.0,0.0
2026-07-14,10,pw_suez_canal_capacity_z,eurusd,0.0,0.0
2026-07-14,10,pw_suez_canal_capacity_z,sp500,0.05577611261985305,-0.05577611261985305
2026-07-14,10,pw_suez_canal_capacity_z,vix,0.03957025016979316,0.03957025016979316
2026-07-14,10,pw_suez_canal_capacity_z,us2y,0.0,0.0
2026-07-14,10,pw_suez_canal_capacity_z,us10y,0.0,0.0
2026-07-14,10,pw_suez_canal_capacity_z,wti,0.0,0.0
2026-07-14,10,pw_suez_canal_capacity_z,brent,0.0,0.0
2026-07-14,10,pw_suez_canal_capacity_z,henry_hub,0.0,0.0
2026-07-14,10,pw_suez_canal_n_total_z,audusd,0.0,0.0
2026-07-14,10,pw_suez_canal_n_total_z,brlusd,0.0,0.0
2026-07-14,10,pw_suez_canal_n_total_z,cnyusd,0.0,0.0
2026-07-14,10,pw_suez_canal_n_total_z,krwusd,0.0,0.0
2026-07-14,10,pw_suez_canal_n_total_z,eurusd,0.0,0.0
2026-07-14,10,pw_suez_canal_n_total_z,sp500,0.0,0.0
2026-07-14,10,pw_suez_canal_n_total_z,vix,0.0,0.0
2026-07-14,10,pw_suez_canal_n_total_z,us2y,0.0,0.0
2026-07-14,10,pw_suez_canal_n_total_z,us10y,0.016044382082218863,-0.016044382082218863
2026-07-14,10,pw_suez_canal_n_total_z,wti,0.0,0.0
2026-07-14,10,pw_suez_canal_n_total_z,brent,0.04254277288210222,0.022624072175230135
2026-07-14,10,pw_suez_canal_n_total_z,henry_hub,0.0,0.0
