,audusd,brlusd,cnyusd,krwusd,eurusd,sp500,vix,us2y,us10y,wti,brent,henry_hub
2023-07-26,0.001527785435527961,0.0026258882127741393,0.00044454557745359554,-0.0011046550993530696,0.0002981142006599373,-0.00024003863410192682,-0.009981808249788018,-0.011202120011379976,-0.0030048158697563087,0.22039497497217586,0.008807554731952385,-0.010574982437422048
2023-07-27,0.001220055989183392,0.0015607401709173824,0.0008281237302481927,0.0008241705363294927,0.0011166292752729644,0.0013985202571067164,-0.059550995687150304,0.0022383852477746834,0.00029694314727469594,-0.03292949133431758,0.006424891574292743,-0.021605765467838826
2023-07-28,0.0007052838354393628,0.0011410251994167144,4.010430015971828e-05,-0.0029113967534243963,6.452016038755362e-05,0.0002731356763389908,-0.08155762572679282,0.015671299032187305,0.002871139484842501,0.16609274795812604,0.006621120112047838,-0.012678648224661446
2023-07-31,0.00312803798939008,0.0017648892064615813,0.001115944162018548,0.001957970649631158,0.0018942417274694708,0.0027866692981562665,-0.17869684681560913,-0.027642750716812842,-0.012868954298475371,-0.42398879598165307,0.0013535254435477519,-0.011784579264456935
2023-08-01,0.0004318123411395896,0.0010754386368988806,0.0007632303449336598,-0.000409281960964521,0.001469162669535201,-0.0001470293366104559,0.06668429455218937,0.004688454191743781,-0.00047008792565377683,0.36607139393056765,0.007377105331563338,0.026705851581680994
2023-08-02,0.0023485683229022476,0.00031758435253279147,0.0004529904419512192,-0.0012542211724683192,0.00033176548238831417,0.0032487279762511536,-0.3864461501604336,0.014211408086003238,0.006280908462161278,0.13500217500402922,0.0076718069560802425,0.021791083700823357
2023-08-03,0.0004583750914434299,0.00039339308596462395,0.000649785082022685,-0.0009625960817923928,0.00013276670647130478,0.004207160623269153,-0.5731805920511529,-0.008902043713844624,-0.0057944955948534575,-0.4449238059777485,0.0027152713936366155,0.029326732723089388
2023-08-04,0.0011759442801732546,0.0013528885836375133,-4.389523724196095e-05,-0.0005877949606829616,-7.334352272777028e-05,0.0008429954290357939,-0.30629282507467087,-0.013247361941599693,-0.006757061874855645,0.3472206166992149,0.014395160432160561,0.037214390029419314
2023-08-07,-0.0008220926895759803,0.0003272563621440904,0.0009450320973054519,0.0031785131890613026,0.0007659054222612045,-4.765606862249037e-05,-0.22510586921792058,-0.012414804234347258,-0.009484787698727182,0.2417318089809375,0.012258748395504379,-0.008881490742738895
2023-08-08,0.0032817815592223816,0.002036934166968025,0.0001836560796944999,6.445872907161277e-05,0.0019868334309975193,0.002111977327817238,-0.34024748133164867,0.019967785390424292,0.010892189534632925,0.02283994093512337,0.009312666489083622,-0.01084702003312065
2023-08-09,0.0016664963454495725,0.0013417531345700005,0.0003452494400870002,-0.001089714847079119,0.0007210513566868648,0.003209301632677219,-0.2885310482949445,0.0014490915909214767,0.003895065057233881,0.36811974068885656,0.011072510916455522,-0.003014041667087733
2023-08-10,0.000280319809169566,0.0001973912692317788,0.00017541847888346003,-0.0008644237929898507,0.000826183447711334,0.001591491699837026,-0.25298263919414476,0.0035791938867590707,-0.0029476640371465983,0.28322635537334695,0.006289104073826659,-0.01563332462541238
2023-08-11,-0.0005897191479554381,0.00010334543456934299,0.00021316046615740128,0.0005127265738140371,-0.00014294327525443196,-0.00039015211753781233,0.20135474209868542,0.010199580529211216,0.0019480817278730537,0.0026882520389301112,-0.0025043099744360823,-0.01074953835644338
2023-08-14,0.0020458642176629,0.0002956403048476844,0.00042135379210083416,-0.0014644653837293559,0.0006982591682599112,0.001097008553635222,-0.06061144696990734,0.007254923442806918,2.225504093225205e-05,0.3626618615206003,0.004494236736395815,0.0299208252228225
2023-08-15,0.002617663544754669,0.0003256474692267285,0.00039052728154740426,-0.00029937261254797925,0.0012082744874018197,0.00019101286391530036,-0.09120497917347807,0.0044728608610146575,-0.0026083348175997218,0.32594534508902157,0.0015047570277266736,0.017311494570243186
2023-08-16,0.0001550215651183888,-0.0005153653769663379,0.0006488990429277334,-0.00014385562807867823,0.00037177971934379436,0.0016251352405560354,-0.3076376477281179,-0.002444023730792072,0.0004555552389518998,-0.16991965597431688,0.002237344408173068,0.013476884426516629
2023-08-17,-5.784568070245366e-05,-0.00038611027530752553,-4.855939031370595e-05,-0.0017054577385381376,-0.0006239215850279853,0.00025769986342824553,-0.060589679261053825,0.00818787723348238,0.006931431049958237,0.010840989900089804,0.006419221750345671,0.004236024641987804
2023-08-18,0.0004246760465215363,0.0015886944149667594,0.00018138441742267565,-0.0006486987963512852,0.0003117237379071786,0.0007702374610057386,-0.17281562303838024,0.0011245400536279036,0.0028127404876352076,0.21195143738252137,0.010903944813255136,-0.0005552852596990569
2023-08-21,0.0014973743764093812,0.001039442720491994,0.000789612936001231,0.00027648327339154107,0.0011046743539118646,0.0012400286538852342,-0.2645570188965258,-0.007481151874678362,-0.005536187340382419,0.24877227592987022,0.010132372657020399,0.0006613250954018546
2023-08-22,0.002040351078030586,0.0007376784645700732,0.00043184192962561377,0.0009201877437024908,0.0011885370373754963,0.0006330731896348427,-0.014199938445659144,0.010909116741525303,0.0019361491488382844,0.045428355384613775,0.003424710119324999,0.02065420022588706
2023-08-23,0.0009872380804051264,0.000585257478788979,0.0003727805038516933,-0.0016121400808250489,0.000634867728644046,0.00033244852569443335,-0.055444039858253136,0.006075357358650478,-0.002634599609635524,0.3539581244542963,0.005683514532731073,0.0341281121277061
2023-08-24,0.0013533853694207806,0.001242794997516292,0.0012896766826534364,0.0027860030094513273,0.0025996344867155567,-0.0009003333530183182,0.43102315247829004,0.0017771139516739066,-0.0016753318584557938,0.31330269905114905,-0.0005692870877358285,0.011824758192026146
2023-08-25,-0.0013396443110950684,0.00019419213183246556,0.0001787800981623239,-0.0034340959974815664,-0.000482162423867708,0.0012155814679069362,-0.23269951346354317,0.03167411860038859,0.017937520135909574,-0.0749104761738589,0.0032849751230167104,0.028452961928848008
2023-08-30,0.0017049431200538156,0.0018829917154343373,0.00026348654713591487,-0.0006607194873886053,0.0006978843792702452,0.0005440686310022659,0.20936115102151742,0.006539375160369808,0.010190234114457596,0.07160295449820749,0.0049443521943430555,0.010688942895579394
2023-08-31,0.0007938651415308915,0.0017972644396586509,0.0006530707395819217,0.001827660131956275,0.0011399163156083985,0.00013575431708208214,-0.008916414212689745,0.014238427534386606,0.0067844740240465065,-0.18503301868186248,0.004843256130314854,0.013348441219972074
2023-09-01,0.0013595365395697495,0.0012036299882347476,0.0006136930657241731,-0.001334200864420629,0.00011030344140720501,0.00010577294342749657,-0.07825557733152101,-0.005496308999976753,0.0001643244716024463,0.4025311866009742,0.012752341066138597,0.021946540093295466
2023-09-06,0.0011840474254394147,0.0011583452525668102,-9.711794219318132e-05,-0.001562398634801758,0.0003488859695463913,-0.0010873356113676983,0.20824228422552055,0.010851835522054189,0.009825241235697226,0.24142713142142033,0.008636015939711467,0.01098463590499777
2023-09-07,-0.0001006011286852193,-0.0005901775081419337,9.442222460183497e-05,-0.0013929209447876554,-0.0001974585000817848,0.0010959572458593384,-0.10079034267497758,-0.002000144659921473,0.0021800540618912064,-0.055540039863426316,0.0036293695877487628,-0.006413891885874816
2023-09-08,-0.0004486875990305746,8.703299300171703e-05,0.000613227724882648,0.0005385507281162267,0.00032606218381182113,-0.0022986845806462083,0.33158811406837,0.010239554182495555,0.00219505478788808,-0.12419264739981198,-0.0003797224241901755,-0.012366236404767385
2023-09-11,0.0006956331112435053,0.0016587646958106362,0.00034618966432010853,-0.0007280393220383339,0.0004362674949841064,-0.0021702958572786587,0.2047812510751687,0.011346225108812884,0.009165795893270566,0.34904612615170416,0.0073352474055949305,-0.02092708685271584
2023-09-12,0.0009765514996764813,0.002329035501302438,0.00020786266246199486,0.001225113916896717,0.0009836527017534572,-0.0003691199339416867,0.061810927453099615,-0.011705507370536997,-0.0020059886293924663,0.17882468561668324,0.00452048822149784,-0.06133532533310317
2023-09-13,-0.000608838158441754,0.0016566800091901823,1.2218084658746282e-05,-0.001160164304615624,3.957998241475039e-07,0.0005423973918039834,-0.06462868542286739,0.004749537147167965,0.008153936993818143,0.06972362241983385,0.00790662200411291,-0.06965709177085842
2023-09-14,0.0003480336668479693,0.0030891496804481204,0.0004801005332127174,0.0010548766073589521,0.0007778949041897566,0.0013834238420446271,0.05924272423151376,-0.009140532584056092,-0.005705882483305164,0.27343262688926406,0.005007303526700277,-0.04438262476233852
2023-09-15,0.0011960664739807864,0.003649103898846274,0.00037702932595397976,-0.001563351966134436,0.001117143140939796,0.0020315620892327065,-0.1866170944200637,0.01505494005667021,0.008199926471149433,0.23737461077216343,0.008711443149173539,-0.0483892654518199
2023-09-18,-0.0015607205312306396,0.0010711583956724874,0.00017729345041191954,-0.0010958919791365762,-4.224220857750442e-05,0.001375055884555294,-0.14612709367430318,-0.0013176119966434047,-0.001129113888139053,-0.13329922961020388,0.0022366234176155525,-0.004876646952882637
2023-09-19,-0.0001651533307806398,-0.00015475095486290667,0.0005221307902116422,-0.00011868256117971956,0.000697983823621488,0.0002877040709073945,0.05789303091021637,0.005750846118190539,0.00237011894134915,-0.3555228042449574,0.0016135003290028462,0.024220888802212997
2023-09-20,-0.0005690259420323688,0.00018622002373972776,0.0004014026141068674,-0.0007644347721317002,0.00042585879309236363,-0.0006713373556756921,0.1282246801737239,0.012651072231176189,-0.0006216401948185811,0.06299696998323241,0.00025377598776728325,0.028880471085071358
2023-09-21,-0.0017486375166215695,-0.0009595503876489746,-0.00019355147542987627,-0.0008593047005028916,-9.846313945655973e-05,0.0005589535274070446,-0.11340310994460362,-0.00729309731856058,-0.0022291172041130356,-0.29649472343157457,-0.0043703787204171975,0.029303695242997384
2023-09-22,-0.001859701750476267,-0.002291079901534083,-0.00025937607994879305,-0.0026061193863149393,-0.0010385695794519634,0.0018401044751246726,-0.30278773964885136,0.004705726939236911,0.010113881350661044,-0.18579601209986354,0.005264206320635036,0.04399006972682121
2023-09-25,0.0002220108850671859,-0.0011981845928102958,0.00030575184246663974,-0.0002600718133030023,9.07556582592054e-05,0.0007388659318383654,-0.09305713995640359,-0.019098578363508978,-0.007508574324324693,0.10237000519851952,0.0032725833021165812,0.00168960487573842
2023-09-26,0.0011033195810007561,0.0009588053850921967,-0.00012835459428081402,-0.0010127020802930152,0.00043990490665288707,0.0006582237422102127,-0.10419456547301587,0.012834318885375819,0.014192979352493015,0.15851062289084628,0.0008139058941941013,0.012829848559351703
2023-09-27,-0.001496884343419494,-0.0022167744791241266,-0.00015971492452428765,-0.000955557122154267,-0.001412427977415266,0.000838801218540454,-0.4133783179602021,-0.0065966998212156165,-5.5770593176604315e-05,0.06311188038889928,0.005787629544031687,0.03559549173236026
2023-09-28,0.0015588020719147265,-0.0006436029850153753,-0.0001312275681109896,-0.0020268390226658205,8.579359720205166e-05,-0.0007203565930192147,0.04018400617873204,0.002230060948717299,0.001930279923659116,0.3408874111872161,0.004289339471162794,0.03401974474317078
2023-09-29,-4.217669919460729e-06,-0.0005279436600510185,0.0005501007759069795,0.0031761456263301097,0.000189505039916137,-0.0017231186026508533,0.2215134287390938,-0.009941063301704436,-0.006562547919382753,-0.04181995615756651,-0.010223965339053702,0.017849629490128943
2023-10-02,-0.00020541706992669703,-0.0005787987356154765,0.000145826218206948,-0.0007462355803835164,6.31659293305185e-05,0.0002636327258920331,-0.06328505230363773,0.005761322071401205,0.003772394663319854,0.3102087394557844,-0.001494127022270462,0.010928290038215917
2023-10-03,0.0005658708025434805,0.0008857505284017928,-0.0003329658469103089,-0.0026298795851938824,-0.0011344986564216888,-0.0007732970937268962,0.17766976052631983,0.01052765816627265,0.006611565734087604,0.28030113301818904,0.003239367181000694,0.0034907743829708966
2023-10-04,-1.5073642415464896e-05,0.0012463161863398384,-0.00029700981592771004,-0.0023149382124990443,-0.0008760279709031526,0.0025716108153680272,-0.5119106240689469,-0.01314567745880598,0.0009993468730916614,0.06844229199097399,0.004539325887310932,-0.028508689442005863
2023-10-05,0.0008280963959790483,0.0014425342779136082,0.000662685493194776,0.003291804342938175,0.0008488281987461919,0.0016384110551908608,-0.1832660819718609,-0.01625713141487242,-0.0057321187962753,0.3257978096035631,-0.0041978418087018285,-0.03463530556955001
2023-10-06,-0.0010131047061687892,0.002491172082425832,-6.375580243083765e-05,-0.000631706250411008,-0.0005995636790697778,-0.001157441182581299,-0.05155921741878448,0.01790405594351067,0.009600253147132134,0.05375745200621837,0.002331877228544531,-0.019091343312911898
2023-10-11,0.0011135979110105199,0.002015988493502151,-0.00045948817248541075,0.0013281117395609959,0.0002818100427717657,0.0011276764941745162,0.0005803040142099841,0.006026328583410978,-0.0005411523540205677,0.4287557664479974,0.013345218510398181,-0.023642612821205222
2023-10-12,0.0016598061218050404,0.0014969242890789341,0.00044116811559998583,-0.0004988104387253641,0.001380255776902946,0.002873136036909519,-0.20405763462974563,0.0018010719033555314,-0.0014159105014773712,-0.1272352579875499,0.001830066215191298,0.011423041380104124
2023-10-13,-0.00041798436169643245,9.347716818564205e-05,-0.0003287342411034068,-0.0030470372286820887,-0.0006377296518142012,0.0013246519388975834,-0.2313338917997188,0.01030882650690555,0.005257648417470107,0.34529484344379435,0.005008973328168272,0.0038891667962971206
2023-10-16,0.0005056009915193887,0.00014610335074779997,0.0007489491361658262,-0.0008304914062338278,0.00030625931536616913,0.003401679480736953,-0.5714877822023777,0.0007512970751131073,0.0064391005542592155,0.41944847223705384,0.011399840864921558,0.016761663395097867
2023-10-17,0.0007192154795274011,0.0012720379615783059,0.00022286136284103338,0.0011956009530334933,0.000727923379133073,-0.001047799073509337,-0.030791688948225697,0.011266304244955089,0.009035138575474973,-0.29924887449450743,0.000477127280754803,0.025842033880946663
2023-10-18,0.00020923623295327024,0.0021894958318053642,-0.000265242463321347,-0.00013750481965635144,-0.0006243007986522696,-0.00042721337423496676,-0.1486854997515823,-0.001521231549172622,0.0006998201242710577,0.013912691081346601,0.005350547352787265,0.004737300969788693
2023-10-19,-0.00018505778155933637,0.00013398623313987503,-0.00024091169727218388,-0.002527754157149261,-0.0002568814483723833,0.001184375912176901,-0.2862107977184066,-0.005307377288330978,9.491020108277643e-05,0.4654848916368933,0.012996234807211947,0.013061782931631644
2023-10-20,-0.0011627842489427614,-0.0006684174443475348,0.000247704562641603,0.0006313119330656644,5.396597681780277e-05,-0.0003373885890354029,0.0033368517739744696,-0.01704006451959586,0.00026271610698308957,-0.4795298465648997,0.00012231988524081432,-0.0038906102108760996
2023-10-23,-0.001112275634226094,-0.0013364245050722257,0.0004502331174556439,-0.0005662619349976766,-0.00044945883870544534,0.002541862607297951,-0.4880061234674082,0.0001900562307170844,0.0004090097083885081,-0.12122421761877392,0.000940309903983362,-0.008563335250719794
2023-10-24,-0.0011915785112531284,0.0008689308222653263,0.00011487012396908573,0.0007145858095674277,-0.00020480883548147364,-0.0006283318682689089,0.1126537821724113,0.0058099160620287095,-0.0022292667803479067,-0.46226364933909725,-0.010860478718859675,0.00736181210950642
2023-10-25,0.0015252400074450454,0.002849524367738444,5.9722728924828654e-05,-0.0012961823807495587,0.0007456487544440163,0.002847976523412846,-0.20840579537301068,0.012415885177676287,0.003890618467700073,0.5358453770112519,0.011719973227675415,0.02764839341892174
2023-10-26,-0.001992300962742013,-0.0005300447269033057,-0.0005643739957312886,-0.002715906638868623,-0.0011066886045607597,0.0008780373000200105,-0.11027489700758625,0.005319684758587571,0.004986079943971189,0.30800233381142855,0.009446298433398701,0.014963117825965443
2023-10-27,-4.401302242680356e-05,-0.0007359875596383927,0.00043630790123808555,-0.0009351118873363827,-0.0002128006893031687,0.0030544673356312346,-0.33351195445701476,-0.0015541094384159846,0.0013058831810689696,0.29639747319115134,0.004213440822706228,0.015098572136381603
2023-10-30,-0.0010501510124817674,0.0009322855567175197,-0.00010366398251701839,0.0009575094756619034,0.0001781192395991393,-0.0009016979710715458,-0.18027654982737204,0.01389158390482429,0.005710363792632409,0.01950947868659765,0.011053777846686496,0.00667445104656278
2023-10-31,0.0010082443582631793,0.0007040499526464548,-0.00034548961332159434,0.0009006905546188602,0.0001159808853828844,0.001377265366850437,-0.23170194657147303,0.010602535141676054,0.006640904183039788,0.2567688083536174,-0.0028426028444048235,0.013931444626536912
2023-11-01,0.0020551121685207464,0.001651465370323756,-0.00026767009160487117,-0.0007288178755013176,0.0007222360459589685,3.235972499612068e-05,-0.002696578547553216,0.006647780395289624,0.004799086217856909,0.18178175611660197,0.012151560437155224,0.0024248264090913755
2023-11-02,0.0024410018307082647,0.002172814187552868,0.0009294737240347158,0.0022928692462815706,0.0020362020433707137,0.0025320089140996017,0.006325561291517956,0.013677399521946403,0.0008579847036340343,0.877154673062556,0.009286651204030612,0.021405726618619773
2023-11-03,0.0001981732110959282,0.0003535897785466297,0.00028625268111203637,0.0022147535241950353,0.0010535560869977248,-0.00026568892492363967,0.20284974307475467,0.024917375429022552,0.007622552106930898,0.119607914929333,0.004445142937349976,-0.004286127335412541
2023-11-06,-0.0009285163628141203,0.00137997666539354,0.0005235462743948907,0.0035474591795372113,0.0007310438991727343,0.0003901763421503017,0.359553567673178,0.027319709079734154,0.008922708795788,-0.05727218438037149,-0.006706927797072341,0.0025175935016469348
2023-11-07,-0.0009215801805969851,0.0007084826089278887,-0.0003493615438445246,-0.0029673280468493803,-0.000738122455207915,-0.0007352305586411482,0.4022424664431695,0.016132844061572588,0.0017752466694983143,0.06321599419610309,0.005170366397824866,0.0016691786890004226
2023-11-08,0.001060008779464963,0.00011544789767975214,0.0012571527564154076,0.00012983318444600772,0.0002125849640111091,0.0028467936582329528,0.11178901161051306,0.00465593320950517,-0.001290273283733768,0.45122590581493327,0.0012008232587722204,-0.0016451500872607596
2023-11-09,0.00015886230500277974,-7.671057113982675e-05,0.0007234187435515399,0.0008289290514302673,0.0005868006276165903,0.0013146523639200308,-0.0542895030171886,0.00846548031089492,-0.006668895195179837,-0.2710668711283801,-0.0028504589635422834,-0.00947598259054643
2023-11-14,-0.0018359269588939361,-0.0008545705233069336,-0.0005974506038569512,-0.0022439276325844845,-0.00196020663168336,0.001466327343698092,-0.32083704667632285,0.008282853333487116,0.010367928560035367,0.3962991408312009,0.005227019947312488,0.026819679004990816
2023-11-15,0.0007159107919040941,-0.0018017899455356108,0.0015965197886410767,0.007957986484524537,0.0021453181030153127,0.0013867070581193618,0.02018203726682391,-0.01926197701830895,-0.0033074818856795385,-0.42926083320100994,-0.003847250498100768,0.018660346311374452
2023-11-16,-0.0009645429396001852,-0.0005139288618600394,-0.0002377425549039086,-0.0033657821270030364,-0.000331181870687452,0.0008070140481082407,0.08718321314477699,0.028149199659941386,0.016701059811195497,0.233667913639255,-0.00031114138988319216,0.003570274509001816
2023-11-17,0.00024340011370564308,0.0005560128712133864,0.00010440708032750026,0.0003122700274973818,-0.00021025387340701775,0.0026701697495710238,0.1627461253308537,-9.477812843931843e-05,0.0036215880323541777,-0.13706613208987253,-0.00045492935707079933,0.03311582972168544
2023-11-20,0.0001045912514036454,0.000756821930408551,0.00045097906359345126,-0.0007498783610388055,0.0007923513505667348,0.0011749972588350783,0.05648516267760538,0.003341930620158341,-0.006611243153802966,0.015656843583227137,0.00796528821889353,0.028476964267101758
2023-11-21,-7.019111879888029e-05,-3.593476413010985e-05,0.0003698516860171288,0.002196129156634704,-0.0004675225144845084,-0.0004801766982014406,0.05136120011275633,-0.00019055138339971103,-0.0033429603188951463,0.4115465362461205,0.001213220672360505,0.011942379280240117
2023-11-22,-0.0005886231671500135,0.0013351762373358907,0.0001244707818515821,-0.00021677189714604603,-0.00010581041322997344,0.0003471626498470724,6.012845178800935e-05,-0.00215870511559549,0.0009636901334848418,-0.2769237714604158,0.0022123714058488817,0.027061209099433995
2023-11-27,0.0011788365285107017,0.0012332946244107983,0.0002567665026776112,-0.0001334131738618875,0.0002881932665942244,0.0014498351940588293,0.08542560685086302,0.015027011454591848,0.008015198555920517,0.57051729353279,0.007091985900851642,0.036966132705015024
2023-11-28,0.00032900241597478094,0.0005465874538493747,0.0006232146959115924,0.0012207718214893887,0.0007872373258689553,0.0014876255641674465,0.05131103754185071,0.010282456694531483,0.0043676545659465035,-0.0025052604467443174,0.0019282364483740478,0.014748693804143304
2023-11-29,-0.0004982774495531085,0.0007294167544983495,0.000410337523135587,0.0026259704714940045,0.0003447010107010341,-0.0015227817265626746,0.35313226709095163,0.006591239755744182,0.007933958587571722,-0.11117213275183095,-0.0005316735543030682,-0.008786496961091588
2023-11-30,0.0002445743348722114,0.00128160931836478,0.0001274723022360616,-3.527482924640121e-05,-0.0002806785416518306,-4.99120379297887e-05,0.07163170103671299,0.02030661154813817,0.011547275259605116,0.21530179779359243,0.002665233605313741,-0.004869246772061857
2023-12-01,0.0009284334404943649,0.001670783854230433,-0.0005155850348035624,-0.0022920598235882973,-0.00016334369529531659,-0.00035762684645572083,0.0406237152517647,0.015202270848841412,0.002403237958468281,0.056138574597937856,-0.0025241372706464515,-0.004450208191168406
2023-12-04,0.0021832041874910437,0.00203822636774784,0.0012020038780704882,0.003676667127178555,0.0016964378421365925,0.002110980229751613,0.006448529108751336,-0.006435438398076485,-0.01034163674394896,0.8018482487178992,0.006688788549241749,0.004460242932457679
2023-12-05,-0.0004029166335811886,5.988370552394693e-05,-0.00019185439275586858,-0.0028158630359169674,-0.000764902138400305,-0.0015737045758156326,0.05523071012739715,0.019372159952027956,0.004192068248074296,0.3297176755004577,0.0023895765061074173,0.008383838659757805
2023-12-06,0.0017469714418943871,0.0007412703202521389,0.0004402142172735433,0.001134615953878357,0.00018800550866548252,0.0008351384479382332,-0.03863415698630651,-0.004594839273141162,0.0033649896422105426,0.2810677255807554,0.0037830395336909874,0.007500392463209959
2023-12-07,9.173553997812095e-05,5.559981520896542e-05,0.00018919635985225448,-0.00013663135889067538,0.0005271124806129075,-0.0007840645835440499,-0.11165348553603663,0.018193755952468194,0.009656495750888472,-0.09008399635482613,-0.0018858871306696966,-0.0020167318584092394
2023-12-08,0.0004461988622204279,-0.0004664143390354786,0.00035915699386649964,0.002034825951542015,-9.641933533576907e-05,0.0008276267477479038,-0.09768340350945495,0.011757408451570098,0.007153065055776011,0.5813951970950176,0.006454433374380573,-0.012383627483110268
2023-12-11,0.001796213712765221,0.0007436896191875853,-0.0004976807378347844,-0.0027875382858840916,-0.00044465793142288424,0.0006756622837655968,-0.25003972550507636,0.009402071280696915,0.007922347663816904,0.19023325085715453,0.008367604213700756,-0.023646971751980033
2023-12-12,0.0013847296075123238,0.00018557990741718182,0.00040178258579143597,0.0015687866874656003,0.0010065618457936261,-0.0004513181401942472,0.08729905822340489,-0.0074172560090498465,0.006891286855134017,0.1380770828304728,0.004205330924029439,-0.0002491084262409979
2023-12-13,0.0011982483348261968,-0.00011515329337070918,0.0004356547900417913,0.0014236720563915565,0.0009075340470378463,0.00038688380466130306,-0.06529050848275687,0.011589433191389515,0.0035046962457087488,-0.16194377279416156,-0.0015593267102501935,-0.01125063226609784
2023-12-14,0.0018687155187392494,0.0004873648867602135,0.001530031835026363,0.005206616052680179,0.001902094810009214,0.0010035831321170427,0.22499265259257423,0.0033182808614244633,0.0014451499570720813,0.6804570123825218,0.009651761370387441,-0.00013116051629466757
2023-12-15,-0.0014878785318149807,-0.0009495794351561731,0.0002354018572832513,0.004385142772917792,0.0006286812376976151,-0.0002932717967533547,0.11500650236470697,0.0006243647735619303,-0.0033176598973863785,-0.35714493193934244,-0.0017117325857148973,-0.01845727613938837
2023-12-18,-0.0016905191854093438,-0.0006479754288261592,-0.0001805812380879316,-0.0028053049997186167,-0.0012092913057411398,0.0010764824353533089,0.2410717283578313,0.024366007564063076,0.013107719058425794,0.11069247940062811,-3.003363192350013e-06,0.012280102876300944
2023-12-19,0.0011825530549771995,-6.02011906589189e-05,0.00010116555449768614,0.0012959766318466476,0.0005442357927373159,0.0023560228542341952,-0.20530082641339784,0.00950625572028942,-0.004966501306877112,-0.014900652591522193,0.002151643716312893,0.015854589580497278
2023-12-20,0.0013425016290324276,-0.0005172591839943449,0.0009751769196153281,0.002797881644717391,0.0010441463819282392,0.0030341053593836713,-0.17355109836184912,-0.017520450995074904,-0.008325777581098443,0.6339571109659371,0.004706584392695765,0.01992360365645989
2023-12-21,-0.0021034810694655357,-0.001779827815957786,3.8288596750334765e-05,-0.0012494006085421274,-0.0009049584321531142,-0.001712132268086679,0.08722016046947872,0.02329401275881858,0.010979706352091858,0.051705804687620247,-0.0003968289529538405,0.02276593261024088
2023-12-22,0.0007604746709948656,0.0005693019284705763,0.0001350691551769185,0.0019340625092347876,0.00017981372468042783,-0.00016311298684361776,0.14257163182418148,0.004071278643364368,0.0023925736002764725,0.052686415385494276,0.004562675808262574,0.03250776969432292
2023-12-28,0.0016392547813475794,0.0006120316213318126,3.217075058611514e-05,0.00045070618534820764,0.0004895611048201995,0.0018114227692978494,-0.2456446293174315,0.009448118487889998,0.002935710955524998,0.20328921794479293,0.005568136375288397,0.00545815603003884
2023-12-29,0.00023076555746184282,0.0006656833508465502,-0.00027463271426426446,-0.0015704434813613914,-0.0003663483041255848,-0.0011955233016257118,0.15219707689827996,-0.010715306253905835,-0.009525112462745657,0.24470892265824967,0.0034292343204887993,-0.0190852842053712
2024-01-03,0.0007243057955195725,0.0011393720721558434,0.00030327165543152695,-2.830480099446484e-06,0.00019140643336825174,0.0006704508242170737,-0.05687067308190065,0.0007041092402443505,-0.0007131382181716009,0.2766632212129928,0.010494841881400568,-0.03208480066785377
2024-01-04,0.0005940802696117904,-0.0001309181191051679,0.0007534722536879541,-0.0014531189278587156,-1.1162626793120481e-05,0.0008064964588458259,-0.17125865318331512,0.0021538777676413648,-0.003037048774257574,0.156696477708894,0.010845300915485013,-0.008177868747619913
2024-01-05,0.00026857622813370027,-0.0011540246056832232,0.0001581894503760527,0.00012822634682684795,-0.00021207671594177858,-0.0008443047000501448,-0.08930344315543237,0.007218853195927914,-0.0005682654052534776,-0.35992660573668916,0.0008660262118449563,-0.015631177819268618
2024-01-08,0.001583693259158031,0.0006842011242463792,0.0006145173303267901,0.0003857594298051825,0.00016060710955010648,0.0007688910672821706,-0.12405424094817236,-0.004209241770910878,-0.0007344502020881212,0.11138206284835497,0.0025343392980532132,0.018846092666678724
2024-01-09,0.0025351488248286586,0.0007906267632754405,0.00123115663475172,0.0024351553269990824,0.001713225422661074,-0.00013453126471003093,-0.012472459539333937,0.004914333191833465,0.0021381152463094406,0.054555459965416456,-0.005254093815607945,-0.01320304113498921
2024-01-10,0.0019560308958571906,0.0024405529997516785,0.0007211881924765635,-0.0011690628411720624,0.0008842674614989301,0.0003964576359065943,0.02623248446613241,0.00873036232275269,0.011168228810518476,0.1613281090915732,0.005452398830665426,-0.00673533723446967
2024-01-11,0.002227444927754485,0.001537049675856829,0.0009891404707369818,0.000886727101050493,0.0008986362899332457,0.0009120247734546673,-0.09100593138444324,0.00825611948537001,0.003424619265783404,0.1376134204351096,0.0028361254135783223,-0.008374828705014268
2024-01-12,0.0021627209170819533,0.0016095530045760204,0.001576861173241853,0.0006380839084689825,0.0011387743957877708,0.001305851983064785,-0.1913190742916733,0.004715840741686812,0.00439083790406824,-0.058510275793437413,0.005163300311778966,-0.03081976930148812
2024-01-17,0.0010590874077198648,0.00467598678063139,-0.0009651237767303621,0.00029183947094624956,0.0009197080124410186,0.0006405248411072126,0.016152534512361177,0.015124534355340953,0.0012662216294394295,0.7933471403482104,0.015604090962253247,-0.06419095796481734
2024-01-18,0.0004326320692836385,0.002298200794557238,0.0005268858995209536,-0.0025236934723076943,-0.0005538907789285039,0.0011175078602399793,-0.6520128609690442,0.01485717385926465,0.0053388678226084845,0.08232174784350181,0.016884788998124636,-0.004427083110509389
2024-01-19,0.003295190638079575,-0.0022608259612554144,0.0010650582690353606,0.0010633286160444924,0.0017489400622857202,0.001023611597496392,-0.10466822555151788,0.0038027310921959715,-0.006149575705644754,0.3860046686250947,0.014641683000167178,-0.17952569117066278
2024-01-22,0.004323942452736793,0.007024247977237709,0.0014417400674083874,0.001491932073919751,0.0017235578968492315,-9.95315928420653e-06,0.03572568774090504,0.012720946688403938,-0.0039022752689284895,0.3058595941257184,-0.0012024415528314293,-0.020886195282060094
2024-01-23,0.001585123945098495,0.0011443934258075234,0.00046149819668356615,-0.0015788782128271465,0.0009419650058647577,-0.00020317887280463882,-0.672504917592614,0.0125445113985077,0.006673900390076904,0.19405738664760225,0.01003959889894494,-0.028307724270083507
2024-01-24,0.0023397905629970006,0.0031937482872952264,0.001356571212877467,-0.0007158883041321546,0.001519795729772408,0.0010483544384391956,0.11075548867470558,-0.005472346773574165,-0.008424215644287377,0.31476488825356913,0.007588286736533908,0.02046393873135791
2024-01-25,0.00025635414458376904,0.001792169536069701,0.0005107841092599678,0.0011321749620355147,0.00041615549291741075,-0.00024685640476167453,0.07407957032868151,0.001155178632180284,-0.0013582280887104747,-0.06557871282102391,0.008614654185741782,0.00977927280901913
2024-01-26,0.0017428741877509877,0.0005478310110877741,0.0012762753899324985,5.795185882281469e-05,0.0015449799375321896,0.001463669378072619,-0.09218848022198192,0.009520681455727532,-0.0001463391513038064,0.3690501767473539,0.016332677365552068,0.016394435944411825
2024-01-29,0.0006874750992592429,-0.0003798673303326893,0.0011625427607873716,0.00018327647536770149,0.0005513008769422802,-0.002161600208858379,0.26774416642532906,0.0015642558578519705,-0.002525268491579182,-0.009433479283869145,0.007271607656333462,-0.008184925236584619
2024-01-30,0.002689477419979566,0.0014368777243337091,0.001454399745032944,0.00046250203308223286,0.0018234288037397507,0.002327873910899648,-0.17585304939341598,0.01277156250337792,0.004974126698528366,0.4362136333020896,0.0011354311194687978,-0.01667401115668385
2024-01-31,0.0010033636710453024,0.0014321529549988369,0.0010777331034364083,-0.0006654923432392664,0.0004164666990380961,-0.0016929109573863262,0.032739223162544934,0.005239061371901218,0.0007813120213117407,-0.11263153865912821,0.008022494541494996,-0.0002641316509703893
2024-02-01,-0.0005202994243519984,0.0010463766433202973,0.0013204578325335756,0.00033523853083033256,0.00019512240402015928,0.0011619642174739168,-0.11677989711405042,0.0027170692071332827,5.509799760498651e-05,0.09541945655130837,0.0023595408383034998,-0.008083799559542049
2024-02-02,0.001553365870607514,0.0014005162306507117,0.0011634348320489032,0.002177992032316595,0.0013206955272450091,0.001537292833818768,-0.06564388594829325,0.011904310592539859,-0.002731850766342335,0.01202269354422257,0.003426472744588771,0.0386912163669827
2024-02-05,0.0016196142015137123,0.0016919062350506577,0.00010729557112278067,-0.0036523411191753514,-8.715427199572038e-05,0.0025505327720059825,-0.3209210614209056,0.012197222573566261,0.0001826690952781971,0.5056757300782861,0.008463858324578959,0.03249251929810414
2024-02-06,0.0013194957645725168,0.0006655525974261643,-0.00012300206648848135,-0.00227546674956272,-0.0003762187905993319,0.001492199944590272,-0.0795732107678641,-0.008847989854167744,-0.006021137967348882,0.17500674334608174,0.012720308791189497,0.043074219184775685
2024-02-07,0.0014731083344894417,0.0008867782994633184,0.0011498109785728374,0.0017394284943727802,0.0014457126404326735,0.0007160794952860051,0.027398769508562126,-0.013422998593180361,-0.013287150381901178,0.515653094220573,0.00966431937509835,0.041986663210928296
2024-02-08,3.1111410354381315e-05,0.0004308243018881936,0.000733870267665925,0.0011296221729890686,0.0007225606294062915,-0.0010723381728251556,0.11686796298699638,0.010695744246501033,0.0036125369949700894,0.14760459119995453,0.004708403444313244,0.034391354013212305
2024-02-09,0.0007846402239864591,0.0007946519610967725,0.00012142458016700188,-0.00040068598701195916,-0.00012705931137953303,0.001772890982562174,-0.13045452138579872,0.011912818663638643,0.002574152144610201,-0.08652505040520889,0.01070605161080936,0.025341101959617227
2024-02-12,0.001164775811819498,0.0011016402923648976,0.00047114269474535773,0.0006986816624017397,0.0010207640697235919,0.0006783293734787015,0.04143301415760339,-0.007658428262092545,-0.011739218830206063,0.08787863206684882,0.008187718245182343,0.0168686127808395
2024-02-13,-0.00039468979602504486,0.00041953515126704843,0.00037181233946579554,-8.129390540605546e-05,0.0002754727540455289,0.0007800285929693034,-0.07599510852552326,0.002093283247633108,-0.003598939230312655,0.31240209052456713,0.007905971939593037,0.011728091878782482
2024-02-14,-0.0015527010871618533,-0.00048466721735884505,-0.0005430775466379003,-0.005028511321506341,-0.0016526049963081456,0.000705011296676314,-0.1855517227922164,-0.004133411149949502,-0.002933229566835933,0.10943272045967496,0.01125705378950425,0.011929767869126733
2024-02-15,0.0020230265498820846,0.0010214314109956192,0.0009538486762258735,0.0034164594123343136,0.0018330881320548266,0.000603114013815033,0.18209525416713207,-0.002530990387034507,-0.006964001218327459,0.05727559462171569,0.003455622886544227,0.011090805747951602
2024-02-16,0.0009480996460346041,0.0008574545537806827,0.0008113528686445729,0.0007676078835646476,0.0010597122842208751,0.0001620642271006361,-0.11485257400252874,-0.002317349631617456,-0.006214289360656325,0.2226126452595627,0.012955520635006244,0.008611589849515348
2024-02-21,-0.0006715500250622956,4.996551556019812e-05,-6.98349304330518e-05,-0.001286554531259875,-0.0008929211273461409,0.0002714892764222404,-0.10813423364292656,0.008641226972580338,0.0009736078326571535,0.22947670802954245,0.01282633933924974,0.01683035041850133
2024-02-22,0.000758964010818064,0.0007819132293987134,9.331016552697106e-05,-0.000572940780936059,0.0005683783095060821,0.0011065002262124612,0.020186031807188948,-0.0033550842569119686,-0.006003405672454577,-0.27556687123097295,0.006824051434862361,0.013851504130435299
2024-02-23,0.0027483372125310414,0.0016048902146038684,0.0007144214816774228,0.001313360792572729,0.0016504158615182189,0.0007832786278438456,0.056249071126682884,-0.002963410092544844,-0.005211044991314921,0.37382443460227144,0.005417283078337226,0.02024218522973768
2024-02-26,0.00048487377526781905,0.0009978757064390213,0.0008329658330029227,0.0010515839091511131,0.0007969836253634742,0.00012294712389343597,0.11264726267001739,0.004091806500609023,-0.004412623093112826,0.15156162841604492,-0.0001423703439815357,0.016125245057322147
2024-02-27,-4.5422912051396375e-05,0.001004262027501421,0.0001763443916346265,-0.0004955708479876242,-0.00019641995867808178,0.0008298817624171766,0.06723634674000496,0.003951236383696881,-0.003148608313292209,-0.18919024612077162,0.009783168150010124,0.0028623019848731572
2024-02-28,0.00044151451141644923,0.0014229830819719766,0.00042291854542870827,0.00016228363207583977,0.0001340276037761265,0.0017711372415360506,-0.15295992304852815,0.004388802715344813,-0.005418723907516235,0.1498842309954364,0.011392239189740666,0.014344012277317344
2024-02-29,0.00012470640666775723,0.00024386547873554975,0.0003532359935986832,0.00033635195668950564,0.000623362906953569,0.0021029115026259624,-0.23235020686801378,-0.0023521941641043943,-0.002915378571549966,-0.09482829548682364,0.0027310532853386613,0.00576935441123313
2024-03-01,0.000904678205521942,0.0011090077036531548,0.0002611227498581782,-0.00046864144489088184,0.0004568859299290339,0.002355249261557034,-0.21690852608188194,0.004072364372763634,-0.003124126149813427,0.4628848065662766,0.007922980131516773,0.006749712184476563
2024-03-04,0.001544771135045231,0.0010219863037853466,0.0010088470355507403,0.0027186707101748446,0.0014310313497065393,0.0018325737585821126,-0.1796398634772027,-0.00043787401800879887,-0.004612162516376864,0.32686452444019776,0.014283128077887865,0.0027615722390819577
2024-03-05,-0.0008717925661524006,-3.493504911691734e-05,-0.00011866060534479497,-0.0009251976447076135,-0.0007099899987419669,0.0010972604071037995,-0.10477529211020303,0.004865962813684347,0.0012997726463041006,-0.10344641897226603,-0.0029492949232582002,-0.012960104556187645
2024-03-06,-0.0009988788315965357,0.00022387299784998297,0.0003640003672565656,0.0003318965933686451,4.5993281604167846e-05,0.0020416086422218194,-0.15195572261122353,0.002810910394759041,-0.0014671847083687298,0.26916489446248404,0.0055798201622446475,-0.0025849166925743764
2024-03-07,-0.0003720541481850798,0.0005475669239018198,0.00024317429474434005,0.0009269440427341058,0.0003535575139179666,0.0008441045166977695,-0.04838175547575639,0.004801871728483836,-0.0023862082552037773,0.2088565376881189,0.007586835194404923,-0.007358955101251617
2024-03-08,0.00037532855120971776,-0.00010782208359063229,0.0005650617728501025,0.0019497503656881329,0.0003886176953790222,0.0021205797308343002,-0.13972246324475845,0.008301026685313403,-0.0018068861086266898,0.42658615613547685,0.008250680475843914,0.006986295661589243
2024-03-11,-0.0015068573066932538,-0.00041220550948114116,3.6696479308618276e-07,-0.001076839158322191,-0.0005083677434084153,0.0016275592643325149,-0.04136979440683989,0.00331991044980801,-0.002688833635582734,-0.06650308576582153,0.001391038532388444,-0.004363182457878083
2024-03-12,-9.957544253546206e-05,8.433255822668801e-05,1.8320669037415272e-05,-0.001443676326745756,-9.978549685571974e-05,0.0024068488588284615,-0.14248464379711373,0.0007054083521964459,-0.004532373270302279,0.2896353324579669,0.007707304283415433,0.003433967883295789
2024-03-13,0.000995814497063903,0.0008563041991797135,0.00016791032741107203,-0.0002840194485545397,0.0005995252310498532,0.0009219649310624223,-0.01748303055412658,-0.00022060036157051186,-0.0038023765777404723,-0.025040379285046543,0.00011227430697617136,0.005331972663482906
2024-03-14,-0.00029954223320897055,-2.3416031038747995e-05,0.00042759383838292123,0.0008174530018016996,-1.956523273317569e-05,0.001044654771955283,-0.08159629532955062,-0.001772488441742195,-0.003132305138988843,0.24276494308802543,0.010528064975294456,0.015695000066512525
2024-03-15,-9.515324868398436e-05,0.0005546133105836753,-0.0001257385091679362,-0.0025513049261078127,-0.00019165514505409086,0.0011484356762266005,-0.10764211764044171,-0.0024238408424199446,0.002558627506440633,0.2528473860395976,0.005866653898718254,0.003648233840576564
2024-03-18,-0.00011408019306844844,0.0005854624933407719,-4.867263384934986e-06,-0.0005942017762102645,-3.955592907757961e-05,0.0008325905063132899,-0.08926528748697168,-0.005468690106767075,-0.0007466126232440503,-0.022489613044765294,0.005730756606863599,0.01124431549352492
2024-03-19,0.0011698774745064551,0.000580891454157741,8.263157848125487e-05,0.00038549031572109163,0.0010519742079781829,0.0015738251890554066,-0.15163415044949313,-0.006439508577564629,0.0019636062406168933,0.11844224028068961,0.009135648382308785,0.0043800002852849435
2024-03-20,0.0013515946196085973,0.00019983441137494688,0.0005015702869214946,0.0010479927176402003,0.0008059342546752558,0.0010787575512835124,-0.01630701222979284,-0.0032290905534457324,0.001873695124042522,0.2588574853442283,0.006480341534223818,0.0017673507274464698
2024-03-21,0.0011666123206163935,0.0005165109324837638,0.00045424113712623753,0.0015175615608032796,0.0012427355554545303,0.0015901457445097185,0.020686070653033392,0.009203396565218673,0.006445219830435042,0.04834695153322993,0.0012478852461353651,-0.018191383488360843
2024-03-22,-0.00038143966488915894,0.000862763701888596,0.00019151012726613252,-0.001189106164236102,8.201768086479659e-05,0.001433977754281141,-0.025669025232841196,0.009429904237970792,0.0027544743465131843,0.33210292762639093,0.005654533031597008,-0.017908868650221177
2024-03-25,-0.00028570635469398576,1.9465500307411687e-05,0.00048271061646706025,0.0002883889624272226,0.00023719470616517487,0.0010056623006656326,0.08399359790250034,0.0152738903738397,0.007073434248326538,0.2492831574782087,0.0035060777924874383,-0.007807983099828404
2024-03-26,0.0003533548241770919,-0.00013301707390009468,0.0004570321153276728,0.00045757832771745294,0.00025334292889721787,0.0018497349296010689,-0.1947225036582627,0.0038199725395115917,-0.0022638410165003956,0.18821272796125327,0.007229248302907885,-0.0030553907854420875
2024-03-27,-0.0001772173536805277,-0.00022390508543490838,0.0003937436729561653,-0.0008444785235439983,-0.0002050432836930362,0.0017212319206183016,-0.27037500844325324,-0.0038032191942510467,0.0027059453942076075,0.27742861443143096,0.006941307851208906,-0.0005883051319898285
2024-03-28,0.0010613784105258915,3.2347868635211754e-05,0.00031296382797635624,0.0014296566886248098,0.0005422095163674478,0.0012983768676984424,-0.05777747769836124,0.008288200675021597,0.006391839457410937,0.1439684337886252,0.007689139499376463,0.007632585494031735
2024-04-03,0.00043200886904664937,7.496218321922484e-05,2.9628335492955128e-05,-0.0012419490790365024,8.440843063410556e-05,0.00186789484175215,-0.2139161232866102,0.0032259813111476807,0.004743500088329107,0.42499038577433423,0.012392762751114032,0.0012976896163033875
2024-04-04,-0.00019012338973527579,4.069311662141604e-05,0.00010823519135444524,0.0013370827697952484,0.00014384088876667894,0.0006514793189469546,0.008691525657396795,0.003520876650278185,0.005125980477544732,0.1151211648389538,0.00028763142259134516,-0.004371972392952398
2024-04-05,-0.0020962856208536296,-0.0007941222866340881,0.00019074537962456234,8.72443263870899e-06,-0.0007056649934966251,0.0005816786893899693,-0.15868531054846746,0.007602117734555776,0.004311019769135911,0.13613632785179663,0.009894109859872427,-0.003345364546101264
2024-04-08,0.0008628712161375279,0.00056605510096708,1.3143321901907886e-05,-0.0002911595603955241,0.00012144438111342927,0.0005507996060218109,-0.02781154174908295,0.013297746295753584,0.007321337198473914,0.12543922458040596,0.00316348419155428,-0.0016811912409740873
2024-04-09,0.0011984702850211758,0.0013575552625681446,-4.2235098400548124e-05,-0.0006575846359365688,0.00016907968197609852,0.0016126731639368307,-0.20333904801251734,-0.010792042936932873,-0.0058931037253597525,0.2690906826953461,0.00837731652561853,-0.009715299787343378
2024-04-10,0.00042888972700403353,0.0015179349327466528,0.00036806448723444667,0.0009172391824010771,0.0009157797527524751,0.000976788081077931,-0.09482093844754122,-0.005898126228404543,0.001286603164714258,0.2644608654200351,0.0017883472491694997,0.0026862110025240396
2024-04-11,-0.0006369483579368821,0.00039727170361996425,-0.0009910235242151118,-0.007543085363545752,-0.0019467933085352159,0.0005720726595738544,-0.2818621332230019,0.0026868217577062513,0.009561845558784327,0.32673170102462135,0.01608217797868058,0.0030493009429131746
2024-04-12,0.002715267216116479,0.0010813327114455593,0.0007552104603439774,0.002614993562737747,0.001682034042104209,0.0012008578209271865,0.06504823459990727,-0.012400758186777956,-0.002622066026453494,0.1839379485336885,0.004555909453493051,0.00466033853351499
2024-04-15,-0.000689315265007384,-0.0014291029487516374,0.0006828402982731821,-0.0019911108418306065,0.0002879580430162048,0.0012955630048569905,-0.45469925897122987,-0.003454902759559635,0.0015847720887544293,0.3819795398560114,0.00842985410599045,0.005478140561994689
2024-04-16,-0.0018134263282357137,-0.0017984795150031967,-0.000561204420680612,-0.002426868427081286,-0.0016783426685127406,-0.00018038966019976778,-0.2574088643060808,0.005537092375807535,0.010609422653054371,0.04977708221998797,0.00953020611444685,-0.00013309810428379742
2024-04-17,0.0015568973384379966,0.0010078424906409056,-0.00019959383026279168,-0.0006890117933083278,4.9346328867419894e-05,0.0022438815502966404,-0.33184857287201175,-0.015199647213911885,-0.0007381149506531827,-0.20062680208814038,0.009511351302583102,0.011853543912138106
2024-04-18,-1.1787236579841127e-05,-0.0006829894771256781,-4.299381735216138e-05,-2.1534568992032135e-05,0.0002172723960538403,0.000452096369672368,-0.2044704994713661,-0.010997348459965445,-0.002762043010556473,0.3595891019135494,0.0028050038419094613,0.008455419676339395
2024-04-19,-0.0009277987590672641,0.00021749423980962017,-0.000519912066886901,-0.001448807481806484,-0.0004998996973052039,0.0001724933367668075,-0.04542030433849227,0.004682213530231478,0.010314538136496805,0.23894029462153119,0.008788641812886706,0.0003514787979837277
2024-04-22,-0.0010900183585974435,-0.00011026142222243817,9.274424074403725e-05,-0.0004978011039255827,-0.0007777767789051444,0.0015746662439262472,-0.20835954893581504,0.0024083979429227733,0.004297153803508744,0.2195279862902234,0.009967880499287745,-0.00044922321010000836
2024-04-23,0.0014634291681395108,0.0008476237127565823,0.00022640877463178934,0.0006263570787694372,0.0011181063980322105,0.000955973988191854,-0.006613162857414909,0.007555914931962789,0.0029068836989091665,0.19920169656098835,0.007390011133088709,-0.008170705113728565
2024-04-24,0.0017457898848720927,0.0008844973981515559,0.00089472643873478,0.0030727876946106303,0.0013105290100512005,0.0023714562130953266,-0.2241432828928059,0.0038970056858194024,0.002695954474049898,0.32552135512492947,0.004244382150441477,0.0087054373722935
2024-04-25,-0.00020579278040459956,0.00011532116153333554,-1.7242589991460806e-05,-0.0017422923742305295,-0.0003708141272113968,0.0009669745511366754,-0.12315299891218631,-0.00022425303954453236,0.003909155199183709,0.1749978775312235,0.001979157953950853,-0.004356672478405435
2024-04-26,-0.0007861612073007872,0.0006135093657054721,-0.00011417715384640792,-0.00042782014482939715,-0.00042970204111538065,-0.00015863595878894208,0.2798945876901846,0.007671559662637562,0.0033905834332680607,-0.13047094509412616,0.00658581798175025,0.0066114990120523815
2024-04-29,0.0013625401743353055,0.0011825262318655313,0.00065819345505259,0.0006799387549079702,0.0013828650814640673,0.0010135787090909325,0.028484286214824017,-0.001242072190561553,-0.004256992434638699,0.40313227870124324,0.004940222686869205,0.004123520936428534
2024-04-30,-4.022926082243338e-05,0.0004179407192603438,0.00033905395272103837,0.0008729179464999811,0.00046680171113153493,0.00023527982402242389,-0.016923912797387128,0.0012514648018856684,-0.0007058100947939083,0.3059120778238442,0.001887657299151385,0.007354172977238187
2024-05-01,-0.0012475879938020492,4.19929486481758e-05,-0.0004452317767211633,-0.003428384161595527,-0.0012318106089088856,0.0023161216145125476,-0.2634524532270538,-0.0015941010394422469,0.0074504380429672185,-0.16552021430386654,0.0029326023712667455,0.009517973985058483
2024-05-02,0.0006614819147260539,0.0003163262442878617,0.0005463572441606706,0.0010915591798343243,0.0003922627207953998,0.0015581431067538437,-0.019680257117909994,-0.004799150862485145,-0.0043897172811287995,0.12567221478608104,0.007926356749041201,0.008170921966914949
2024-05-03,0.0005975405664815704,-0.0003304833586737314,0.0004755919712801069,0.0017809056397767413,0.0009377491407099491,0.0007321588865579517,0.025263813672678735,0.0064137314623429606,0.004185239259002587,0.2653760942151374,0.0023957203940522106,-0.005029088989014092
2024-05-08,-0.00044252998533054734,-0.0005350772738514531,0.0002916706113548025,0.0026500866728737557,0.00015383342227576774,0.0009486032975949882,0.010590665016861171,0.017835873287867916,0.008111346432822086,0.2995544225783167,0.00022816689507753653,-0.010762906669119235
2024-05-09,-0.00032310850135064135,0.0007741327307244929,-4.970141435331596e-05,-0.0010965517894290719,-0.00013593214730369893,0.0012328099017847223,-0.04484098958299671,0.011645173931191334,0.00998835008960737,-0.11924623208834674,0.005013314776392838,-0.007053762852879541
2024-05-10,0.000987386091171161,0.0006402645237718551,0.0006654824331927624,0.0016442866711856613,0.0006216058022095389,0.002545326337798864,-0.14320999696112918,0.0019474039540635511,-0.003072452694951036,0.3625997898521194,0.0063436555918266035,-0.006040545783082917
2024-05-13,0.0005372705356143772,-0.00022280937519903664,1.3581387790307652e-05,-0.0013709890203094323,-0.00016641192470178833,0.0018648682912966862,-0.23293924379412934,-0.012225801605114776,-0.0016461788713679365,0.09116259881082928,-0.0013628422147042743,-0.008487552928208946
2024-05-14,-0.00028363174173953455,-0.000736711453186192,0.00018218444800338323,0.0009216343489704022,-0.00021367004566939625,0.0013196531211328195,-0.16647855670024603,-0.004629764215879195,0.0041960953683114165,0.1302094183757142,0.005741180329507254,-0.0059218360875680385
2024-05-15,0.0002688785628728945,6.4787424631978575e-06,0.00030447830666575855,0.0011528697410161772,0.000572991429167588,0.0009539835498654722,-0.045237586830566404,-0.0006216435723818371,0.0024135243712385787,0.11932484356372025,0.0056791794063056344,-0.010758042094469214
2024-05-16,0.0008802135845114455,0.0012563234011136806,0.0006487179600934127,0.002662076187749193,0.0009741710388155206,0.0011060025293969777,0.01985491083622614,0.003460047519204765,0.004542889809230542,0.4639856208177434,0.011145614793917848,-0.008351051090640936
2024-05-17,-0.0007899774645804968,5.879831540896933e-06,-0.00022843734397599245,-0.0018468568888557063,-0.00043870724717661835,0.0015693251688740921,-0.1982092525814939,0.0036635039686339415,0.004980229217611897,0.061215673736526866,0.002281339545676395,-0.015989266914727948
2024-05-20,2.1226604964639916e-05,0.00038415826841048525,-5.050922606072888e-05,-0.0003437999560287522,-0.0002822235614489558,0.001143519780284795,-0.019849643100598953,0.0025371664290204177,0.0030998332865741734,-0.009876876276682586,0.001562927853671681,-0.0010520571215728717
2024-05-21,0.0006157356440172778,0.00018195354940901465,0.000372618057965654,-0.0001749281414247217,0.0003528905017565263,0.001865758788543503,-0.28528426538520524,0.003088661068885241,0.0008601645775392994,0.06339627648862403,0.0005535300157629717,-0.000533804546170093
2024-05-22,0.00031475564716943025,-2.113827639117278e-05,0.0004211913755748247,0.0005499663328272784,0.00016872875151913058,0.00041747183885911747,-0.023548905985500197,6.279315887338516e-05,0.0018950846264963236,0.28435447886026116,0.0025024513463978095,-0.003352297663301255
2024-05-23,8.680835005079937e-06,-0.0003403940467551744,-0.0001279661013807592,-0.001478694716033273,-0.00039966288872574497,0.0009798180664331029,-0.18465613020965993,0.007435562753953151,0.006117857973862272,0.024932491988658392,0.0009751770629943363,-0.006549388535110345
2024-05-24,-0.0006409409722826056,-0.0005787318376789313,-0.00025759529896264175,-0.0017250536914894367,-0.0006545185314410504,0.0006821091464024448,-0.14820544206211927,-0.0017380130631892048,0.0014959900483987416,-0.022360940344765837,-0.0009724385536740141,0.0013771220038574516
2024-05-29,0.0009431332814331464,3.5127968907016716e-05,0.0003659153812684465,0.0017164816271215693,0.00035493194351075624,0.0009402970303976646,-0.06575622708355577,0.0016317494528105586,0.003595282950615509,0.09874603540281732,0.00713365050438497,0.006653697935993637
2024-05-30,-0.000464588195180509,-0.0009326125513134007,-9.715468790021797e-06,-0.002622506521211614,-0.000341886556719845,0.0012084413725557807,-0.37130572519742133,0.005717854267069791,0.008519608395541533,0.18072970905624555,0.002438144306731215,-0.004727935799452888
2024-05-31,-0.00035114215704768826,-0.0005272020442817302,0.0003582100527501439,0.0008160232420316509,-1.5869117228813435e-05,0.0013825831099042812,-0.2189355130672908,-0.004044002748466886,0.0008029293193163351,0.05355344960070143,0.00012866073437298002,0.008747139531576156
2024-06-03,0.0009661992903870606,0.0009584019180085138,0.0004298784094935368,0.0020777425653468874,0.0005634652562696421,0.0015073692916182976,-0.05341496771835311,-0.00033087987528820743,0.004933311546987364,0.11205814511310432,0.00453383219427566,0.014290307150579681
2024-06-04,-0.0003257067232524436,0.00014348412982817895,-0.00019566097627144328,0.0010320990249611385,-0.00012941154717458633,0.0015649203648900344,-0.2737045411108372,0.00758370724833835,0.004760983844917899,0.03714793075813247,0.0014051854363333603,0.006984519325128625
2024-06-05,0.00023208672724391093,0.00013609795341774027,0.00025734786275690623,0.0008495344779111546,0.000263733032895732,0.0026537969764419307,-0.1917392255998366,-0.005133443688498585,0.005134220920202539,0.23382597949053663,0.00747929965726263,0.026138252137134773
2024-06-06,0.0016170311220577022,5.311572131155654e-05,0.00042528350209901394,0.001381047129575828,0.00033573742374496437,0.0031792305746756004,-0.15884206057783867,0.011461072099936185,0.0064110027503080265,0.29719307593955174,0.0076598741535260665,0.0020444197452645905
2024-06-07,0.0002724913564541351,-2.241282257407651e-05,0.0001419563918229632,-0.0003492605582792171,0.00012593876872047174,0.002281222922308062,-0.30829789149113385,0.004855998499425557,0.0027730173739685176,0.23385043138858203,0.0035909043655670296,-0.008309502897541737
2024-06-10,0.00027205138843539674,0.0004567478499075553,-0.0006625216127686047,-0.004710895818853798,-0.001183810631623578,0.0014763684283148745,-0.38466936349735187,3.752281180622241e-05,0.005740357723980589,0.230452594457545,0.003682930451586,-0.0027187373669386493
2024-06-11,0.0013302412748181333,0.0006554861691699532,0.0002352043274722791,-0.0006452350429093178,0.0008015078647231721,0.00044070894161887824,-0.13315948931404234,-0.006750693994049211,-0.0017625784687365967,0.5113721504888352,0.011743059540584471,-0.0015035769121867631
2024-06-12,0.0015431952876440009,-0.0005503403258640968,0.0006780792670349661,0.0006769790225169383,0.0012783873069773862,4.931544515735897e-05,-0.03298308897162088,-0.012848814584263797,-0.0033073346220341203,0.384258790346522,0.004206837322701251,-0.006745470909465403
2024-06-13,-0.0003087631603115167,-0.00020998725685801028,0.00038940397681505763,0.004063507367759087,0.0005920119154888377,-0.0018463975875170784,0.3379158861307307,0.013241041063458789,0.009067472421391352,-0.08044838183708565,0.0020592062165947383,-0.017790204946360532
2024-06-14,0.0010216264841216888,0.0010657366338623884,0.0003351752880695178,-0.001162342568165923,0.0006451694598739691,0.0023555933547736697,-0.2316626841229952,0.0037436061248793564,0.0051279557347610185,0.21969803805523044,0.0015662000265853151,-0.007601477314622814
2024-06-17,5.926833521756767e-06,0.0004289196394176431,0.00015815762943543712,-0.001250877692070386,-4.327215273588594e-05,0.0008375864341291059,-0.1457953287043578,0.006477255303325417,0.004886554950781054,0.2629067019043609,0.002499963748367233,-0.007246024241634042
2024-06-18,0.001092418476042511,0.00046688721664075344,2.9499185380483693e-05,5.5987585924676715e-05,0.0003138071263336454,0.002958427078782656,-0.30856458689787536,-0.0011835511354070407,0.0009270426528142145,0.09694408145209794,0.007573326498266136,-0.006323530572869392
2024-06-21,0.0003822518091863873,0.0005495262722663595,0.0005850776305050606,0.0016080375561228083,0.000233478666227306,-0.00018893900946410046,0.06884501795268602,-0.0010060841765841245,-0.002968720633869422,0.4427875378284727,0.004999090142090468,-0.0025012505346230208
2024-06-24,-0.0001884953556417095,0.0001930234355591329,1.4830169158485376e-05,-0.0006722042597454039,3.852275096069579e-05,-0.0002973472343496599,0.0012862530111623222,0.007812487016335258,0.004389667671725138,0.1410453679920739,-0.0050769369846404054,0.000627137980869802
2024-06-25,-0.0003917337982789382,0.0004925212299214258,-0.00012443876116983516,9.469823430071755e-05,-0.0004042326540821452,0.0017440457790264602,-0.2056068953173109,0.0033312372282546018,0.0025345481594792824,0.048777893528071,0.005005985907303593,-0.004639794575701028
2024-06-26,0.000601694693441405,0.0009316415503723178,0.00030085066761874747,0.0005022756419094367,0.0008069330786470812,0.0014302356169621348,-0.03967200850801718,0.0017658262547390587,0.0010692159617229058,0.135812214166075,0.0003102478837741598,-0.004505396145679326
2024-06-27,-0.00011633453174428299,0.00010828198968526053,-0.00020980458987780227,-0.0015784510219487243,-0.0006365747898564507,0.00018634242877193662,-0.025142065865735322,0.0011215334358789706,0.002887031232953051,0.2108534509590564,0.007202220121456475,-0.006926073391445762
2024-06-28,0.0010479981122002795,0.000522480692797673,0.00010407755627851904,0.0006112275418549048,0.00039459236994113917,0.002330304218793458,-0.2081466020583057,-0.0084065021796473,-0.002212256802668611,0.11463789620308744,0.0052083543684123225,-0.012463962547832863
2024-07-01,-0.0010519780540791486,-0.00013390802801149985,-0.0001347299250992448,-0.0014220397620249754,-0.00018691956209607343,-0.0005105567778403314,0.020940615689127806,0.00039512911224112756,0.0010917975142318158,0.007936217945620008,0.0007101645474707687,0.0006775375738767154
2024-07-02,0.00014957306589455046,0.0005341853477504885,-0.00027093210620515566,-0.000358952436237248,-0.0005143640092474879,0.000656332418638995,-0.07591719398624028,-0.004274660656445287,0.0029293392656438897,0.09127391847628909,0.011305171801699177,0.007051417291183011
2024-07-03,0.001175391668859708,0.0005795546610199069,0.00045574851415713035,0.0014416510035614469,0.001024545066176157,0.0011121455818040766,-0.10723591153141343,-0.0037266432705392277,-0.004941008782681578,0.06377657433344697,-0.001262740864991957,0.011215036882581528
2024-07-08,0.00028892000618198924,-0.0003544004641457632,0.00040636822254869464,0.002129621341311691,0.0009564269678205993,-0.0005157765025777847,0.0360455914194628,-0.007409129083692734,-0.00024722505001561514,0.26417629156594513,0.006640689910787219,0.006374933609303792
2024-07-09,-0.0007516383076095252,0.0006622101590299527,-0.00014960565642819932,-0.0001465505317075232,-0.0005834239183101165,0.0017815032144483916,-0.14309879234318545,0.00912544632294502,0.009665264009621755,0.026964505120145685,0.0006639008667358882,0.012755652961690565
2024-07-10,-2.7066257051348307e-05,0.00035909798202980606,-0.00011534216480155059,-0.0007074224925997415,-4.887112879924275e-05,0.0018117800273239077,-0.12792327742511134,-0.0008056171626659083,0.001613173091324819,0.13627643407392476,0.0033757333362648863,0.006328628932046457
2024-07-11,0.0013274133715069992,-5.5809191324824155e-06,0.0004178602472983176,0.0013960376320560064,0.000988633253049282,0.0022676218564365164,-0.20993782209316492,-0.0028999213438973175,0.0013002540545363056,0.4038212313329695,0.0064070903460188445,0.003926766107878313
2024-07-12,-0.0011727325301282836,-0.001075194738676158,0.0005127774480597441,0.0010921620572365816,-5.544050443036706e-05,0.0011809957492986503,-0.10575172985587773,0.0030811144637839932,0.0023839198788734965,-0.13853048280471442,0.0015159889344513457,0.002672667146177742
2024-07-15,-0.00012101920792329348,0.00016850759006796747,0.0002648003115432625,0.0014351254215967334,8.086195199032928e-05,0.0009511514487348426,0.050436568451061314,0.007298515005745045,0.003111753071226407,-0.09244786634428588,-0.0009304323396018255,-0.0034984497774739128
2024-07-16,0.0005229481778331272,-0.00036126701544741973,3.1089124318770556e-05,0.0001970421059931897,-0.00021400177906428602,0.0027246691251081715,-0.4363758648045277,0.0077776626105733266,0.002312645131898516,0.08870857121734796,0.0032396613155553575,0.003056101466376285
2024-07-17,0.001540041400610558,-0.00036652695071441723,0.0002986685952335508,0.0003252252078859701,0.0006068877448786037,0.0024695271168695162,-0.29485319085680123,-0.006829255420992861,-0.0007550249219325129,0.01083393834213793,-0.00236092506579425,0.007514064957280499
2024-07-18,-0.0015694568934785313,-0.0010374158187280106,-4.3244375250551154e-05,-0.0005855171182483357,-0.0008600214401329263,0.0011418187840090868,-0.17834620288038222,-0.006538575619222552,0.0014817020123668546,0.24443805919840333,0.014845035696358986,0.0057170771738655115
2024-07-19,-0.0014000394111377164,-0.0013239817709854208,-0.0003667735225442804,-0.001956031202960057,-0.0011640511442269506,0.0013783478769697679,-0.2269248091705811,-0.0030207076723585665,0.0033094955905524246,0.11435460153345499,0.0021365385807098594,-0.001167246949321504
2024-07-22,-0.0004008155236562746,-0.0016408011403285367,-0.00014338421308495022,-0.0016138622959949442,-0.0007053974249767648,0.0010196245323502956,-0.29219129029712476,-0.0025387249037869325,-9.040492236505552e-06,-0.009768340932673536,-0.006352850080447609,0.00717574810131914
2024-07-23,0.0027552560909307675,5.999837316142812e-05,-1.0770895869789685e-05,0.0005053543622490571,0.000936099480842808,0.0022691669576559164,-0.27359102348794556,-0.00879359248982832,0.002254016579038597,0.07948112744342818,0.003552198541520248,-0.00502857750523993
2024-07-24,0.0001268884948474976,-0.00035537992202646355,0.00036048445619913435,0.0004333503079437718,0.0004621373794849543,0.0004975248649314168,-0.1540764522003227,0.005756277140194618,0.005592236654375778,0.16916708154995674,-0.005554576616046629,0.0032766774408332713
2024-07-25,-0.003259699596131567,-0.002747619252625674,-0.00031010777805085096,-0.002926385936556553,-0.0015704151340215392,0.0009207916697250326,-0.3274539948350706,0.0024413983587112153,0.004309502377367774,0.028887538633688842,0.003265080085172999,-0.01428417433331938
2024-07-26,-0.000149775937506417,-0.0009329113139402634,-0.00017328649809682104,-0.000967587769495871,-0.0006829212070554837,0.001877290302502774,-0.22395733009695645,-0.0072955569831661,-0.002033077792560059,-0.16039717036469853,0.00526312289051429,-0.007629520839254782
2024-07-29,0.0016367432946260746,0.00044445738124713997,0.00040277829244455724,0.0018536131852388514,0.0012527243672689852,0.001100480460883342,-0.21496936539167083,0.016581904355098945,0.0062375461734848715,0.022589981382991342,0.0034432262536461355,-0.0003414385781613799
2024-07-30,0.00038991559536675504,-0.0005054124128068919,0.00012174425766203422,-0.000949761347562446,2.255515519673634e-06,0.002753458827805089,-0.5039064586491533,0.00641432476416845,0.0023221530129021225,0.6300766181100026,0.0039105767086428005,0.002218663950667599
2024-07-31,-0.0006809326223713685,-0.0006623086481317027,8.266429963924619e-05,-0.0005055609931461546,-0.0007122985330329101,0.0016992144674947782,-0.2259696861916738,0.002639721784895617,0.0034144085984660743,0.2000965488145742,0.0037198695422549417,0.00027572678745149405
2024-08-01,0.0022563307158260017,0.0008847885731545178,0.0003480558077699046,0.0017592092007118671,0.0012180458766866934,0.0014912319577988034,0.007036890325858497,-0.006620896993629767,-0.0010534150437492892,0.09041449514669075,0.009460025232493575,-0.0016618340209196853
2024-08-02,-0.002287897778792654,-0.0017731382239820057,0.00040880155058133484,-0.0007651176802326446,-0.0003649574318699229,0.00142553113252403,-0.28811189887321825,0.015311198305439956,0.00968575032230226,0.2536487388193493,-0.003630878356764609,-0.0028374060640943156
2024-08-05,-0.0032964154680019055,-0.0030609514862348225,0.0005647772830823173,0.0036589247138323643,-0.0006561699112282262,0.003313511721608834,-0.48963811983642275,-0.01410220910743741,-0.013167380063640722,-0.48524784475269567,-0.0031466155149639657,0.0008833841214931765
2024-08-06,-0.00831425799505877,-0.009409997788169358,-0.0004144731458964126,-0.002821026176406936,-0.0030932466333282727,0.0024172071318466415,-1.1867327989022232,0.00014525936958030648,-0.0008186998023978205,-0.2860847814879029,0.00483732588616986,-0.017705427266696785
2024-08-07,0.0018003515916028903,-0.0007928323958623395,-0.000819097789134024,-0.0008376136607033111,-0.0009153503025251529,0.002196969130020147,0.2944153249349861,0.01810478764398303,0.0001466575373772882,0.26740080004416533,0.005812395348784132,0.020074964415994073
2024-08-08,-0.0007942716369458125,-0.0005360266100342737,0.00012381642440250772,-0.0010230841136099633,-0.00040960253722977836,0.0034565256858806307,-0.7487405673993792,-0.007330667438162729,0.00015167535570177922,0.3880244696967591,0.007825527233940158,0.013707019423983465
2024-08-09,0.002818669798567878,-1.1479118796743421e-05,0.0003010889647254807,0.0017869143118146085,0.0009050413492127776,0.0010743347168525093,-0.2760014869010561,-0.006654321324069691,0.0033531920540655876,0.7274195718831497,0.0033314570466592116,0.023379233595182944
2024-08-12,0.0017618765414738264,0.0017395640569277343,0.00030761872682178614,1.2827557563994843e-05,0.0011816102795364073,-0.000401824227553303,0.6772846870924831,0.0009888669043026433,0.004730275974301021,0.1656620783640198,0.004210783290287544,0.0015658838485048461
2024-08-13,-0.0004945960164035357,0.0003370423058877026,0.0003392446943741974,0.000823735041626436,0.000812335752993783,-0.0004865866999553917,0.2967315199950083,0.013991400418223722,0.008856223042295379,-0.054593763031763665,0.007466703032702637,-0.0012726494045035568
2024-08-14,0.0019196993447434605,0.0020782588976866936,0.000729656949182809,0.0027396944396399707,0.0012823258436134286,0.00040315765088547927,0.42770518772982075,0.004988002813952449,-0.0029873018426471018,0.07054484156876611,-0.0027229737524801594,0.005023519515084186
2024-08-15,0.00043217051846422506,0.0015447507822174652,0.0003304839041335143,0.001000845202603497,0.00020926798286551802,0.0005070532725026082,0.3030815785339561,-0.00020825755770555697,9.72960586340982e-05,-0.1803025293561382,-0.0041531874707659445,-0.0008042674772117833
2024-08-16,0.0014388635476661766,0.0007239456820034266,-0.00033397029748199884,-0.0007228921357139052,0.00014909731048361606,0.0008820630878450767,0.17750588709425985,0.019082927591462996,0.006207032630612385,0.28699481209608396,0.005005719063117726,-0.0051606173896995376
2024-08-19,0.0007045028783654477,0.00033615012561363767,0.0006221522978225651,0.0005702226526751151,0.0006265924589246435,0.0004932066587037923,0.16400107497875843,-0.004805614895790074,-0.006740101014249982,0.11149066375172856,-0.0006044229699813252,0.0037867069097272618
2024-08-20,0.00014369412997399504,0.000184264751997375,0.0003356570119817765,0.0014048373653058853,0.0006959889970615177,-0.00010102586939635247,0.29347160514648624,-0.011063261560849264,-0.00286861647644175,0.13546330531858577,-0.0050896120316837705,-0.008736387808029043
2024-08-21,-0.0018039582009614905,-0.0004997389740617882,0.0002724616563358931,0.0010464384536953374,-2.7072384949220887e-05,0.0003819202066524901,0.06132078334866675,0.014797790331917634,0.005293028147481729,0.09732913276085561,0.002539706053925981,-0.011992672204992621
2024-08-22,3.2433801593111244e-05,-0.0005684531677506148,0.0005720390581482575,0.0015486576452819019,0.0005546092184621854,0.0006796779301009263,0.030270092044942243,0.003279412208447429,-0.001679076248900084,-0.4024733265145959,-0.009944031060077517,-0.012704750420931771
2024-08-23,-0.0004761103231249627,-0.0013189179234831322,4.042589757361453e-05,-0.0024898007770288028,-0.0007648297606836896,0.0028046944626548896,-0.44316911199576653,0.002946965504335947,0.004998004363427767,0.11955324036327639,0.0056961840038358535,-0.013366246641287721
2024-08-28,0.0015683294400704573,-0.00013741200774629393,0.0005036839180788351,0.0028388821635430524,0.0007737670935326188,0.0016652432699390332,-0.059880943260400846,-0.01514268384709551,-0.006749330623952109,-0.03848384238745431,0.0034281861324753,-0.0035272041762479853
2024-08-29,-0.0019017906417095282,-0.0006299790766543098,6.717871083495073e-07,-0.0016698278864187303,-0.0005400190604121201,0.0005180665073195344,-0.25454786808687585,0.000744946167229644,0.0040578210507988864,0.31669692451070613,0.001991164974247491,0.0018451126682281368
2024-08-30,-0.00020723864393989972,0.00041174988953502283,-0.0003817437795268964,-0.0018651655721556532,-0.0006292349343757565,0.001345094667376951,0.06040167700931756,-0.0010178852613125554,-0.003202513214252879,0.3507325674226892,0.006604125935084103,0.01128458258986946
2024-09-04,0.0022925091429157538,0.0016283122401637641,0.00016896484277367422,6.912315215001777e-05,0.0009623747429156052,0.001187280501818213,-0.09889610716720199,-0.01943673676473326,-0.011262374886327493,0.10591854960510297,-0.0014409545974794985,0.0023499479168082463
2024-09-05,-0.00048375526135837314,-0.0008699478236406655,0.00040811484559113515,0.0020535689741702696,0.00033401549152912595,3.406238194361569e-05,-0.0852172203700153,-0.001097521955783001,-0.0023009757789546276,-0.06760723279798453,0.0004363746542381487,0.0076725332311647024
2024-09-06,-0.0010758665497369005,7.529830219094689e-05,0.00015129507708301932,-0.00022512519804738316,-0.00020975454805745712,0.00022358612892403118,0.25722369604734757,0.0019107664910371722,-0.00037332352258360015,0.247756717299491,0.004868422079190284,0.0026940754278271272
2024-09-09,-0.0025035674613116355,-0.0014887245976327632,6.856263062522672e-05,-0.0012902507481520199,-0.0010148953021485508,0.0013045927121001983,-0.32525553715003863,0.012321521455697168,0.005152155698275655,-0.11578964310646506,4.082397842095076e-06,-0.005883613202615175
2024-09-10,0.001816540269376765,-0.00016923172253630357,0.0002114362455883436,0.00019322318301559602,0.0005297567849412347,0.0023136982261270037,-0.09843999372402093,0.008566141430014669,0.005514016116353511,0.050943044304953486,0.004915889963662953,0.005519264272953392
2024-09-11,0.0013407738297543535,-0.0006504564912260969,0.0006113192189845727,0.0010665439042201086,0.0008897499898385724,0.0016818268605603886,-0.2590111294361502,0.004907942880917813,0.003516611509345695,0.3114628239400534,-0.004126274483840638,-0.002466430899070315
2024-09-12,0.0015145516810683324,-0.0005931612737352009,6.228011740425288e-05,5.5091432516575864e-05,2.554193609317981e-05,0.0007202827500092712,-0.03252867065575163,-0.0016282002713639884,0.007063458219697529,0.12343028448241061,0.0063927330138658575,-0.00014968022801824097
2024-09-13,0.0006166615101529063,0.00023957414559854564,1.241338804662905e-05,0.0010316210069173815,0.0002940286509372124,0.0003256963650136596,0.16701503833340242,0.00338155360940854,0.006111440130253682,0.34193742446765474,-0.0016281205508219213,-0.007955862162671114
2024-09-16,0.0005583266080658225,0.00013987621696944365,0.0003799578768454015,0.0013107288918983268,0.0006542549116879309,0.0003575295030018569,0.07199742753909391,-0.00942912529279986,-0.000797881986529726,-0.050797234405761754,-0.0028614688669477747,0.001813768712250141
2024-09-17,-0.0007894185800883006,0.0007484038870333082,0.0003363153469756158,0.0003778924564837416,0.0002923822360238484,0.000517928736930549,0.028951539720314397,0.007267178529000325,0.00867123621441542,0.23600991578586075,0.007416439692567272,-0.005838308443960965
2024-09-18,-0.0003631828791508129,0.0002193648103359065,7.316482088747698e-06,-0.0005758678740445181,0.00018118085246305495,0.0009109197084039556,0.031306044749076216,0.0067151917991119725,0.0005054725796821971,0.2042938527713048,0.005743265973940717,-0.007349039294758947
2024-09-19,-9.750048857746172e-05,-0.00023041257896101822,0.00016826171062381035,-0.0008084390967658295,-5.7305747664988434e-05,0.0012106184708534943,-0.13722296014595478,-0.004253293172459794,-0.0027153145044286784,-0.0336123815789517,-0.00027532318885193285,0.0008154272990323536
2024-09-20,0.001823960527506865,0.000742375523444328,0.00048673797885834063,0.00280666252291845,0.0012419489473022812,0.0009036470862741215,0.010608689039906381,-0.007091499189851397,-0.0026499554765485114,0.1565823168781283,0.00015799053893208364,0.00012216454485203785
2024-09-23,-0.00037822813360822446,-0.00010765821081321651,0.00037148030427313695,0.0005259973470737476,0.0001654183820179866,0.00041054384989666696,-0.11355396818734163,0.001066725470797381,0.0008254147688189315,-0.08183888012829199,-0.0014612084548685303,-0.003177314617687309
2024-09-24,0.00014130291764335155,0.0001614169727239962,-8.493792289035427e-05,-0.0009290313880890139,0.00011134559023715413,-2.0147986102893008e-05,0.09601255810776785,-0.0036491208567244714,-0.00056492872280921,0.0012570819395559402,-0.0003066470603652234,-0.0023353034548741197
2024-09-25,0.0008354786294883455,0.001099003250987776,0.0002776776575134645,0.0011588258528396232,0.0007284215618768973,0.0015208980454890296,0.001669205341496137,-0.009850477932616265,-0.0055870835228783245,0.23026766376116095,0.007947481878149639,-0.002524244194977545
2024-09-26,-0.0010848725632994088,-0.00029669730506628615,-0.00018659876044597643,-0.0009714564293706578,-0.0006923796504236188,0.0012230433721015122,-0.12733803896114285,0.004461458221636145,0.003740781221044255,-0.1662511466876287,-0.006072010924166544,-0.00957217092806453
2024-09-27,-0.00028557497104356373,0.0008204041070767988,-0.0003064029679139955,-0.0004912586638715017,0.00012381609648206472,0.00048181302267360344,-0.02091565811107763,0.0006824034533428453,-0.006132747227170089,0.2787368213223559,0.0037451099129791297,-0.015574323087816947
2024-09-30,-0.0005834137269983669,-0.00013544113768286102,0.0006247462758092469,-1.938306120229902e-05,0.0007189905673444324,0.00092005191812847,-0.16990836567663167,0.004149042476233871,0.00041879059214112264,0.3457296407362193,0.011682383481468956,-0.010411486495405495
2024-10-01,-0.0001412303426345614,-0.0007473630118939507,-0.00024748163993709943,-0.0014529214711006782,-0.0004572042134272937,0.00041038993311780144,-0.03765083172915579,0.01330979687164411,0.002209979318111918,0.17078801468252341,0.0034997420989942196,-0.0060278537035001285
2024-10-02,0.0003846186545361241,-0.0016355399482496738,0.0005452152388992549,-0.0011505507358359798,0.0006949993774774297,0.0025265505115639377,-0.5642126187820634,-0.0026564576980304296,0.002442357016915725,0.22274402741709534,0.002578453336591366,0.0017663617430691383
2024-10-03,-1.7306990068326395e-07,-0.0009075651763487061,3.4611242069633155e-05,-0.0012409598794230993,-6.779092307350216e-05,0.00019987175948968827,-0.20552838097839882,0.0024446202398894852,0.006127648018169282,-0.11538173741820773,0.0007434196853891677,-0.003659563660059894
2024-10-04,0.0003142560142522785,-0.00024577465587928397,-0.00025223154630555646,-0.001010693225377366,-0.0005893377823447809,0.0010629256086051638,-0.3547922332818189,-0.002684641320367498,0.005461420556206595,0.13919144181724813,0.01071085394289691,-0.006391938895877967
2024-10-07,0.00203907636842881,0.0002494550527309218,-0.0005475378645299931,-0.002186955532068199,-0.00035651556418855266,-0.00017940645421712063,-0.17091386861791286,-0.006311894730412858,-0.0016389225050186262,0.15856372880005387,0.0019943430499192176,-0.00786244585475262
2024-10-08,-0.0002577210329499299,-0.0011034906920939125,-9.672788617070638e-05,-0.0010722076898319124,0.00013930953838855724,-0.00012003237194450434,-0.3498951870564403,-0.008680682450150185,0.003979284831956929,-0.009708882379335385,0.007463865205910969,-0.010215366528164883
2024-10-09,0.0011825807566422956,-7.706954796703427e-05,0.0004110391581097254,0.001128028633845417,0.0006466660137023337,-0.0008553103885066905,0.19234540788237403,-0.00042409088922314023,0.004662808825368469,-0.01091704386441772,-0.0027790183092996222,0.00949686405533217
2024-10-10,0.0015170044954946115,0.0009728173230098802,0.00020877270586824962,-1.6451910998845217e-05,0.0005947611744346124,-0.0010878132984218373,0.20464422740429197,0.003359393117946954,0.007024245903515839,0.2283879033418403,0.0068284930342763315,0.008417198561056551
2024-10-11,0.0004771023782092357,-0.0007568302840611365,0.00020392639515130282,-0.0005611291384890148,0.00018977912683535824,0.0008063493990291432,-0.10455333727468301,-0.00691838670672169,0.002170219188810182,0.11461647024407726,0.006049276014881004,0.009658510218756501
2024-10-16,0.00046689024619408066,-0.000154239737045597,2.0613155411557993e-05,0.0010079782733897035,0.0003954140225279337,-0.0003439374110036754,0.14726554713976495,-0.004866697155404763,0.0029580648471231215,-0.17774608691746727,-0.004739320022449384,0.005093873048620802
2024-10-17,0.0012107090980029592,0.0008741186714033192,0.00030643902213388255,-0.00012428656599177822,0.0004747525134142676,0.0016453911494964783,-0.12750914359201826,-0.0051690908270312,0.0037418324225461782,0.17114838762644885,0.0017072055614598266,0.009483130990483037
2024-10-18,-0.00016531904013975034,0.000916502101913262,-1.6794913751062793e-05,-0.0011960846742587576,-5.636229422379722e-05,0.00032000047501430244,0.08900572296770201,0.001632779541241734,0.0018749589287032156,0.4404623415123542,0.004238836081291851,0.004452110675906588
2024-10-21,0.0005967455071171407,0.0008813299042675941,0.00046050410098115853,0.0011260973191978794,0.0003074211199867433,0.0009167315527977511,0.09935579120766369,-0.008948024258581022,-0.0072460865092489075,0.014774694319626303,0.0005754400497002745,0.017591436452239075
2024-10-22,-0.00019355017229878073,-0.0002116245091372163,-0.00012846337560153343,-0.00185711987569518,-0.00041050644447452006,0.00024007953740806946,-0.05175426242567008,0.003262362425388224,0.005425387331157399,0.2015446259745089,0.007627227596645509,0.012040932294204049
2024-10-23,0.0004354349271287988,-0.00035404285344116035,4.021853835811604e-05,-0.000353625803236519,0.0003115295137894673,0.0006624475530228322,0.0017977527319961717,-0.002204250260488848,-0.0021429036945478054,0.2975089913449904,0.0029049624603034304,0.014757521618432311
2024-10-24,-0.0008745316383181465,-0.001220995670204705,-0.0001389037585063741,-0.002202727605122901,-0.0003711981264544549,0.00036030764114294785,-0.13853590128783097,-0.007013840641575389,0.004560614744808306,-0.11527096336618481,-0.003920435249537595,0.0054516156974235355
2024-10-25,0.00024082743242972155,-4.756042090104485e-05,-7.856050698884623e-05,0.001010267949425277,-4.6293863734036685e-06,0.0006726574742189998,-0.028086752094832215,-0.0033483602878044633,0.0002826053366861538,-0.00907918378986533,7.018959034627535e-05,-0.004893400820971446
2024-10-28,-4.51366478930837e-05,-0.0008157970198712741,0.00014141762938483146,-0.00011632626415884363,0.00018756488046226102,0.00019584644178676901,-0.18517180912742143,-0.00013201909538122173,0.00256573736831524,0.1647286338483981,0.004693704654272948,-0.009539816432599872
2024-10-29,0.00043430439162845487,-0.0007682242870797206,-1.5197898523122473e-05,-0.00014464545512201792,-0.0002420214634972913,0.0009523042460274129,-0.10125375333502011,0.000200335806106915,0.0018862664502329886,-0.18916629486087425,-0.007215215116533745,-0.009906211126782943
2024-10-30,0.0009710858314674947,7.95789337659304e-05,0.00038261019290773403,-0.00031835527615452187,0.00043267419300511625,0.0015603184172321707,-0.1251056751956701,-0.0031723913271256452,0.003361753106935418,0.16740977023253362,0.007440491419091698,0.0020862119595075473
2024-10-31,-0.0006430575774474063,-0.0011196997059693154,-0.00016843336110721835,-0.0001890549257993883,-0.00038817751180600943,0.0008212299832380066,-0.21523715810073732,-0.0025948261135685753,0.001441270004444254,0.09831089853148772,0.0032226127542468548,-0.010623467172393528
2024-11-01,-0.0019194538791747063,-0.0023160838462159246,-5.773611850187388e-05,-0.0021072384080922345,-0.0011866187615901657,0.0009190663481454218,-0.34954281111702484,-0.005575190300506766,0.006025196400710231,-0.2498307557953469,0.0029617593687680166,0.010853605434823275
2024-11-04,7.513355907041571e-05,0.0001670320604921603,9.886987307773239e-05,-0.0005918556460835637,-0.0002067708563448067,0.0010573030636516073,-0.06855393922421682,0.0005295682144288252,0.005070803961894481,0.04910753645441476,0.002453151719342337,0.003619490049536098
2024-11-05,0.0003234048719061699,0.0002542321881550276,0.00037477828895830014,0.0008922056560581773,0.00014715261189518153,0.0022567533985942694,-0.4136355703355642,-0.013059736242081045,-0.005741391021158988,0.23170096475587604,0.008626398608508567,-0.0010638967358962959
2024-11-06,0.00022527974980898963,0.00021528770097222665,-5.7248113636806804e-05,0.0017731452188529649,0.0005638126594767212,-0.0007409508259405917,0.07161720776324798,0.009016310449373094,0.007819009623949925,0.009769199288905336,-0.001772521128819825,0.008451992184348256
2024-11-07,0.0038935644949125146,0.002266290191917403,-0.0001119467131006646,-0.0014976687002221643,0.0011054883671368725,0.0016476886542066355,0.11807323589076775,0.021111400772525414,0.017539256866884418,0.7579736242865185,0.0060735538483692,0.023743091000407678
2024-11-08,0.0012533629077198627,0.0022483481073366494,0.0008903194328363114,0.0031795515460026407,0.0009955091485260772,0.0008428352339885225,0.2608681811758096,-0.008715346375573852,-0.00818341472232136,0.29092385881409183,0.005082954093853795,-0.0030921962227950985
2024-11-13,0.0009158585876353159,0.00011661292261055343,0.0003496612141954751,-0.0012077237612848285,0.00023529185261471762,-2.904351499245306e-05,0.26058196131096123,0.015281813685462553,0.0137356321759868,0.14108109026766522,0.0040685602009782815,-0.006441804605628612
2024-11-14,0.0008914175217212461,0.001176715012717605,-0.00012680271487951916,-0.0007817707002791186,-3.6856783345221955e-05,-0.0009711597436717406,0.3623774214553226,0.012535923116939018,0.0038515276559385973,0.22562203430549638,0.006460408238974858,-0.004967378345472671
2024-11-15,-0.00023026827661056323,-0.0006496119180667908,-9.880730417981467e-05,-0.0019565411193836284,-0.0001042033457681398,0.0017091548231128984,-0.23337961426923964,-0.01036718216784234,0.00243173561769472,-0.10112168192464573,-0.0018609836864935982,0.0034319207671319185
2024-11-18,-0.0025212344529637284,-0.0013009145962253458,1.0212965960221688e-05,-0.000903333521125672,-0.001338565984368421,-0.00021604518522847166,-0.11959306918323162,0.007638660436479807,0.008855552206399116,0.009376382808725298,-0.00489454536369016,-0.007097115652651676
2024-11-19,8.199378778465062e-05,-5.263996734215961e-05,-0.00016209582144639882,0.00039996087758199507,0.00033622983766641205,0.0007731093260322163,-0.002177818223835018,0.000979806908445226,0.003914768405542733,0.20403438487738054,0.008681875041484419,-0.02477794270969619
2024-11-20,-9.72008996745664e-05,-0.00028992151331933485,0.0002319403104902827,0.00040151456827073516,0.0004467867570786892,0.0010570202477573607,-0.2444619401012798,0.0070502799283450055,0.007281576786317679,0.2499248585704697,0.0004133096970234621,0.002084868629421928
2024-11-21,1.3019421404234477e-05,-0.0008126635385972364,-0.0001948224176598505,-0.0018009120190665415,-4.443172730822411e-05,0.001166515566031312,-0.23913077160246476,-0.00582719166142603,0.006206235119249551,0.019684877280578453,0.000785005540517704,-0.016727780493259684
2024-11-22,0.0013386161377542478,0.000920691803462152,-0.00022011611925456132,-0.000737997433539858,0.0005819746505869261,0.002074700622194875,-0.08520817167519071,-0.005439707625366001,0.0009073052809265292,0.4279056807077207,0.006824671296647291,-0.01763083045117358
2024-11-25,0.0012714320721519336,0.0006111880762861056,0.0004803781910192632,-0.0009499527131366544,0.0005885264434188076,0.0005917706049450864,-0.11456317371723412,-0.008308922612254278,0.003966167591177101,0.3583506259258962,0.007679223298433824,-0.020713943036467862
2024-11-26,0.00047286118667295654,0.0006305521794324682,0.0005935525792781809,0.003276038891999361,0.0010514064719642341,0.00036775870882147085,-0.00587784109309767,0.0015996744441385856,0.001868108598827972,-0.09733099091969337,-0.0008020630865352685,-0.034093199975351075
2024-11-27,0.0004898830936604559,0.0006952267127316571,4.817556255961649e-05,-0.000588016405642234,0.0002610036101386925,0.0012296078443277433,-0.05119864420819938,0.009699640840447242,0.009130145087310861,0.1302480888122166,0.0037541461404905375,-0.012035082642931459
2024-12-02,-0.0008177490719794549,0.0002564410205958198,2.2777173324636655e-05,0.0012677686112974812,-0.000326524582066572,0.0007489240677146315,0.04305534439871353,-0.0005712796415055688,-0.00019839804474206272,-0.028392701645491986,0.003975456565939158,-0.02292464173857402
2024-12-03,0.0013737342386470114,-0.0007690540137502409,0.00024073519648746178,-0.0009873158520041982,0.00018660394296593456,0.0026964240709915497,-0.19664508714831364,1.5946854594587993e-05,0.005955724067113394,-0.01672056034519394,0.008636327452679064,-0.010525881352234704
2024-12-04,0.0007740085000439139,-0.00039856831520771585,0.0002360060215806472,0.001329925092730135,-6.808400861184165e-05,0.002116079266139553,-0.28193262419523063,-0.00017787289924233026,0.0024565498730868855,0.4225319969248728,0.008332473390414636,-0.010284924702927365
2024-12-05,0.0016533647458621527,-0.0004214756105536118,0.0002654815514123886,0.00039634521783148857,0.0006271284012332419,0.003847237072101533,-0.46224961060070546,-0.011765065487717195,-0.0017580748601977426,0.014029864900969968,-0.004072148762003475,0.010819478844037177
2024-12-06,-0.0013467249998977493,0.00019013121297536243,-0.000255100586848305,0.00036753932106555246,-0.000593040690635495,-0.0006062053925110244,0.05991344437991948,0.002963001767512327,0.008341585616610145,0.041744749112465784,0.00316967008506762,0.005924245663061897
2024-12-09,0.001213611834866178,0.0006485878892121447,0.00022104488458419807,0.0009203812607438183,0.00035005523442615004,0.002572007217325141,-0.16998902248586328,0.012988516354779437,0.004941077305976468,0.1272609501050431,0.006332496092233589,0.01586061110793905
2024-12-10,-0.00108845169695412,-0.0007723551771954359,-3.4124596802995085e-06,-0.0010423342387244263,-0.0005174116601443928,0.0003576196996993779,-0.16462371633160455,-0.01064471515188659,-0.0012181772839536405,0.24760806194775908,0.004850567725478936,-0.009386020830899518
2024-12-11,0.0012457991517549729,-0.0006131855923612971,-0.0001610846258106952,-0.0014927408930469105,-0.0002979387216849753,0.0028023410241535783,-0.35216677759492193,-0.004955532975623083,0.0028219461397892332,0.12323784466602679,0.004168314893684152,0.0026815455425875925
2024-12-12,0.0007568127170507403,-0.00045859419501651226,-1.38309922431225e-05,0.0004037856666938122,0.0003803339625900904,0.000444257166962105,-0.11069134756895309,3.838065030671665e-05,0.003947338569945725,0.06239943663858118,0.006550444020829134,-0.009274386962175099
2024-12-13,-0.0008420714646539475,-0.0008773924571517174,-0.00017414238421531008,-0.001120706118653409,-6.704173429251747e-06,0.0008477776931993141,-0.2032715193925376,0.003610437028252021,0.004620011698437508,0.2808282657919021,0.0030270723543214845,-0.011702378465666944
2024-12-16,-0.00018409816020793565,-0.00047607198051780514,-0.00023408983438085495,-0.0012041224585384474,-0.0006712726966567853,-5.7232677892262666e-05,0.04163300538626646,0.0023356710187484152,0.0048364656137071475,-0.045534343818766115,0.0030396309303802604,-0.00879369811018681
2024-12-17,0.0007117942234618716,-0.0006885441534238532,0.0003080918758116693,0.0009725687668573111,0.0006993523226972009,0.0005149327863638354,-0.15905787191940546,-0.0057514892185525045,-0.0010256920160289004,0.06462292874197922,0.0003107815447966093,-0.011036896394193646
2024-12-18,-0.00039091258570630603,-0.0012827045635008497,-5.4422894967708295e-05,-0.0010127087158698978,1.1013042184989376e-05,0.0006196312675669376,-0.19043910808751632,-2.2033419684952017e-05,0.0039507736735782005,-0.17898919443663128,-0.0007327272958494941,-0.013953243921831995
2024-12-19,-0.004832902779284193,-0.004826143035830046,-0.0008590591645755807,-0.00560045900560454,-0.002237703619786299,0.0010779669901077316,-0.9917774358569578,-0.0029780909104052673,0.003465060506491297,-0.011232554198711706,0.001965035586030395,-0.026561358751191012
2024-12-20,0.0016147430008226801,-0.0005245504023925134,-0.0001459183484637483,-0.0016233980552789072,0.0005237930835401305,0.0015652305210300584,0.010828353262465347,-0.010164476140096114,-0.002075346382483025,0.21163876847988522,0.0006329738332975163,-0.0025202810967588653
2024-12-23,0.0011472953958748195,0.0013877949897813857,0.00024866211507739713,0.0026363454720314304,0.0006934705930769817,0.0005949295725361855,0.05771918512376672,-0.0023061008231395562,0.0010143854725585394,-0.13319308132354704,-0.001832355159813128,-0.0028238044766069276
2024-12-24,0.0006652175020631619,0.0001493801830877789,0.0002335884539614084,0.00033089802347535105,0.0003260657892333639,0.001341979982581138,-0.5408773661003081,0.0086453060027047,0.006388475931858919,0.23280296970212716,0.003585505330282333,-0.005710583059337979
2024-12-30,0.0018326354651593641,0.0009428390168966831,0.00023870941069075992,0.0007518254780796266,0.0005547658049843143,-0.00043085804752622807,0.46645865734191044,-0.004167789918304358,-0.0008778406167219356,0.17231222991241352,0.0059157348083136545,0.0010075983477005114
2024-12-31,-0.0006095662533400554,-0.0010861476897896499,0.00010457667419144654,-0.0013237183305694791,0.0004450711856438396,0.0014422729633743014,0.0353347542281223,-0.006980150827550212,0.003098628312333362,0.18612086407112977,0.0003362434325176089,-0.008241445521332096
2025-01-03,-0.0005996872781111619,-0.00037799998592489333,-0.0002206682001461231,-0.0012164462492941855,-0.000475300178166565,0.0008506327223349308,0.03375369151416344,0.0010349076709488514,0.007558144831700034,-0.02049825366177742,0.002661023472141822,-0.0038248253859943983
2025-01-06,0.001408905763522089,0.001544053519171622,-1.0712399459901709e-06,0.0013001962592879414,0.00034160034091199667,0.0013642585468814266,-0.02134410057792118,0.007590757136335164,0.0032662143951671316,0.18326167736850063,0.004642548248155217,-0.019847711252317157
2025-01-07,-0.00019073194589054086,-0.00021794229611829424,-0.0002787265168130327,0.001740999602405987,0.0004124695972793987,-0.00026651972033408015,-0.024361386781317593,0.0037080549226134827,-0.00030547366341574823,-0.029619407627804337,-0.0023744886200055973,-0.023687541550356718
2025-01-08,-0.0019506278610566183,-0.000966129903384642,-0.0003115989295297227,-0.0024145724168272297,-0.0007795013334823598,-9.223137063306473e-05,0.0055690788410081085,0.00929566502860291,0.007279418057025181,0.2739987149616154,0.00269705128413985,-0.011044256634489588
2025-01-13,0.00044502090372605625,0.00013984818257929614,6.569098970638557e-05,-0.0006545906233849196,0.0004136367122637112,0.0006862562563749603,0.07779929833143631,0.003197299460857099,0.004302742875785266,0.08042932862794579,-0.0019600838652661812,-0.016617948774168292
2025-01-14,0.0011269566606551362,-0.0001848003162397764,-8.672009053881956e-05,-0.0011992488671512054,0.0004272883295229845,0.0014546930761466488,-0.2291338098903488,-0.0035274115724035185,0.0023253694892425613,0.21648324391159113,0.0021664108297797043,-0.02111912084030499
2025-01-15,-0.0007202880109492171,-0.001095280790987303,-0.00012995722870184784,0.0016622580477340153,-0.0003029720377424128,-0.00020657418701039876,-0.016653902429880775,0.0009603562245648596,0.004953373124827604,-0.20335515337077295,-0.009377405410909742,-0.011805464741798694
2025-01-16,0.0013521905859461589,0.0009707284166058694,0.0002601928549170896,0.002567282797401462,0.0011145869679011443,-0.0008540523383212002,0.3761679530484708,0.01431365670022749,0.010145440461554925,0.11946619007946152,0.005158853380453811,-0.008559512158301941
2025-01-17,-0.0009230640073796577,-3.802024685001643e-05,0.00023973410575895343,0.00019957147488502833,-0.0001542515330830791,0.00040365723715143497,-0.04354453123066972,0.014015720737297808,0.006863035683338358,0.22127628786909337,-0.002778274235681227,-0.008578639775159122
2025-01-22,0.0012589296129232289,0.0007702591187442968,-0.0013735296509177158,-0.0010185748054810189,-3.7266943822482776e-06,0.0019315341084512445,0.02471532863690277,0.00196958219682993,0.0035832381121699867,0.051042093505570416,-0.004478053425324923,-0.028247913391004437
2025-01-23,0.0003985092089639833,0.0004974073159484743,0.00028684179317547655,0.0013594861005085568,0.0003218480136710048,0.0008911731361742609,-0.1178570144392086,0.003475807629171045,0.0025711568790027363,0.28785674769513153,-0.0023916555472121128,-0.0025579705498650408
2025-01-24,-0.00025521529655842256,-0.0004715606143177218,-4.904441123239434e-05,0.00029979953709198835,0.00010133979060943328,0.00017827692569613335,0.014593549983732766,0.008397702519746383,0.008992058244300187,0.15999392424434294,-0.0027352174765514206,-0.05456820741669869
2025-01-27,-0.0011670486831691009,0.00042877381162086705,-1.9951455187193828e-05,0.001342093332448689,-0.0003002773473956033,6.444995676338342e-05,0.14429084891919008,0.009436513183949998,-0.0003519815437928145,0.008365451803720628,0.0004890668450663275,-0.031171924332044677
2025-01-28,-0.0017385316990753122,-0.0011025187533261172,0.00010445397836900479,-0.0010511012351258205,-0.0003346838582674055,0.0010072437307714526,-0.4794061704273411,0.006425173720936355,0.011106448257665238,-0.12080332964782381,-0.0014784228366731774,-0.008528940966203043
2025-01-29,0.0015585731555690914,0.0007658866873796404,-6.971284029564302e-05,-0.00020755341815573857,0.0003275275605872743,0.0011755409940383886,-0.10843801337171943,0.0031020863691339196,0.004346595644943909,0.1270249001552688,0.0033187761750623807,0.005060534917831764
2025-01-30,-7.167531867464575e-05,-0.00023925078906683156,-0.0002860519704904824,-0.0014787066607146171,-0.0005606660666979378,0.0034931642824761566,-0.5978305696172089,-2.89486629900808e-05,0.004964495865220431,0.064525916848583,-0.0013971391778596401,0.00029447796075107507
2025-01-31,0.00029455343143398876,-2.371601921756977e-05,-5.2894412243452074e-05,0.0010340082569283455,8.910616832511604e-05,0.000255943845533902,-0.06804298839450798,-0.00585785474297479,0.002466572247230333,0.04675446362400581,0.0012201096792038727,0.007255529152085092
2025-02-03,-0.0009118076884422323,0.00026579519489313607,-0.00011022697231853651,-0.0010287779388433638,-0.0006037169872521596,-0.00011288591558155671,-0.04427499747051901,0.0010596265094867342,0.004920971815658908,0.48982700302406756,0.004937455370437096,-0.007073821728937351
2025-02-04,-0.00047223916379648023,-0.00035402333057571716,-0.0006092682974619809,-0.0033851202950476167,-0.0003457718794373132,0.0011481180325929848,-0.32269863541935373,0.0003064886724794152,0.006129614975773651,0.14899737568728538,0.005073241924664313,-0.01299148729055066
2025-02-05,-0.00013321951447494858,0.0009731061598965654,6.895100893663886e-05,0.0029724385916443555,0.0008408447720977918,-7.423782668896435e-05,0.06083308892756129,-0.0016943925284631203,0.0026773019663077213,0.002926456909132319,-0.0013269418156170512,-0.013349142774619885
2025-02-06,-0.0005462830883157601,0.0004929794756048428,-5.830522106681002e-05,0.0010313196975872793,4.714405570917603e-05,0.0007216756860132489,-0.028810359368198535,0.012910806034782547,0.010555798172728375,0.12102733307277777,-0.0014223328731956543,-0.01747923398338128
2025-02-07,4.127358667016578e-05,0.0006201441933385632,-0.0003305558646710367,-0.0011900171965241438,-0.00031193340120870517,-0.0007283822397474402,0.049658844605156856,0.016230762660387064,0.007870278701513125,0.14068547638088894,0.001217274198820144,-0.018009150091937026
2025-02-10,-0.000335157680964263,0.00025883882752989466,-0.00044539426871730774,-0.0024755944500578285,-0.0004868074368562835,0.002579427425974965,-0.3265522022868483,0.0008771909460446705,0.005065931137071981,0.11512912530115399,0.002614717209642962,-0.00924460785352456
2025-02-11,0.0007990937771985596,0.0004507823028991058,-0.00022744402897271164,0.00038819931149602395,0.0006132800165631878,0.0008502961174045715,-0.018639283252164657,-0.002303361279358995,0.005175797186859287,0.10430946905233035,0.00033291859215491514,0.0021082499901347433
2025-02-12,-0.0006017599244010069,0.00033690612870459786,-0.00017380728449157485,0.00040722866439555424,-0.0003073791154005727,-0.0003162225347867637,-0.11387039911134758,0.003587959108687354,0.006470115700200032,0.1747328857199945,0.0004361145389146989,-0.0007639257747695061
2025-02-13,-0.0008618769068844586,-4.4238669718646824e-05,-0.0007306629764005318,-0.0005784778551695338,-0.0007373542278857453,-0.00011746240923715353,-0.045645591395083854,0.005077547385905634,0.005862795791422248,-0.2240650709691759,-0.0037341456132603265,-0.004822810037261239
2025-02-14,0.001105639958649312,0.0016885526076690614,-9.436922862580003e-05,0.0020633118280883422,0.0010425519877911543,-6.495281805608615e-05,0.1258353642385776,-0.005575267014565299,-0.0019532244865307293,-0.003862731549422016,0.0013870247085946176,-0.0033560265916600528
2025-02-19,-0.0011239523356022325,0.00011516961628751894,4.156827669098762e-05,0.0013022635247927482,0.00020558922737076599,-0.0002598124385823497,0.046075504224350076,-0.0024622506492653095,0.001388215030680799,0.07796554392111013,-0.002870177540640265,-0.013459065235000975
2025-02-20,0.00012026658043533391,0.0010706736917548633,-0.0001831711415665354,-0.000993454224399095,-0.00020461378683034396,0.0020199301829743055,-0.1653384409080517,0.009241248286756657,0.009041343958301225,0.00153464208058407,0.0004196092363993806,-0.0071581640877749686
2025-02-21,-0.0010267016670714008,0.0004331734004833499,0.0002682856687593737,0.00041244452516547294,-0.0003000038653771813,0.001639941158021834,-0.15144442703023758,-0.005610619254884291,-0.004155383493617744,-0.1705000174240012,-0.0013472071422207465,0.005012366846652792
2025-02-24,-0.0019145439064928457,-0.0007716797638317211,0.0003938859660262098,-0.0013194167255530238,-0.0003483023202514326,0.0023265317265237975,-0.3728210590618634,-0.0027848110855808956,0.0036989966785865814,-0.01376160945418077,-0.0031642946722615583,0.002571357951129831
2025-02-25,-0.0013303089268155448,-0.00011527990810832509,4.4511356385261845e-05,-0.00029459977966087535,-0.0005011371696451897,0.000548772613741878,-0.13928868116678847,0.010274612343501403,0.003710331472452596,-0.11065897576488495,0.002118251113555235,0.01961334557650198
2025-02-26,-0.00015874156587553662,-5.593743992062213e-05,0.00018855760448245536,0.00024784931528568067,2.5789482557140918e-06,0.003350855222386771,-0.5075947387642877,-0.0015408952372584165,0.0002054132638100465,-0.047966113190877374,-0.002125228310303711,0.020541697875665666
2025-02-27,-0.00024375510465257202,-0.00010476531332084848,-0.00016871223867235868,0.0003802597048569006,-0.00026332024481514834,0.0012743897138774106,-0.2326377071785631,0.006592019757579123,0.006383253623171737,-0.09732417881169611,-0.0012280369139458921,0.02156457615700559
2025-02-28,-0.0009424538970506101,-0.00022459509804134743,-0.00020850070048960575,-0.0031444776485156623,-0.001222090660074339,0.003179226018443104,-0.5595200979041192,0.006084285693445693,0.010995788168738765,0.40420911823500627,0.005775802470720768,0.011844177241577911
2025-03-03,0.0029649630576705963,0.001760930833268554,0.0003169712402045278,0.0029720613149663523,0.0009396438728404998,0.0018982148512975557,-0.15063892171158788,-0.0014919897679031352,0.0007153447221871008,0.03214043981593094,-0.0016174407570852768,0.014243205170167098
2025-03-04,-0.002848693088275804,-0.0009549994842085219,-9.652161803546918e-05,-0.00012612380750021644,-0.0013556279375014325,0.0009766002885828586,-0.4876264156756535,0.0014579961750730377,0.004979951082220577,0.026778658997862963,0.0014907422569178114,0.005996007278546903
2025-03-05,-0.0019247876882013827,0.0001346141805253514,-0.0008645021063093941,-0.0010014800587599523,-0.0016766083281345911,3.9252034604524795e-06,0.009737609559680817,0.011354897528464705,0.00431854791652811,-0.005703293384498265,0.003567068468404285,0.006753939336281168
2025-03-06,-0.0005503860432478183,0.0007871265287195042,-0.00039206315252988076,0.004245200541451953,-0.0004580285997706852,0.00015124059899057336,0.010501831788415676,0.005439559128110952,-0.0037850176473161706,-0.4051394571440947,-0.005064001672618191,0.007956725116170942
2025-03-07,-0.002677587366835444,-0.0018282243457951395,-7.261357277985076e-05,-0.000666060591401602,-0.0007544571046137184,0.0021671899197229175,-0.6307159881050721,0.0014975591129492963,0.005715911906806637,0.14502701749196945,-8.36242798072759e-05,-0.0003461763202119708
2025-03-10,0.0012028112647497128,0.00011015831339160914,-0.00010515768260066121,0.0006529905494893049,-0.0001301759319909687,0.0014725122635100836,-0.05910165626144772,0.002826179294673259,0.0016251665980810855,-0.12054483097555138,0.0009634554851198497,0.0072501347061738166
2025-03-11,-0.0020484124777419024,-0.00189728892683354,0.00038916499911844054,-0.001991611023178365,-0.0003986374538090444,0.004468549150331109,-0.9253207739228803,-0.004020163758903951,0.00853640756246983,-0.003214905267762788,0.0013293747142895228,0.003982436120449809
2025-03-12,-0.0008663367885023003,-0.0005327987651110052,-0.0006985913551475209,-0.000742866349355752,-0.0011641471420046712,0.0019465921679543566,-0.21309207790916665,-0.004515039170662368,-0.0004820552776469739,-0.4362497995332384,-0.0013672115633773488,0.0033094460802093693
2025-03-13,0.0008501076890067324,0.0010273799544117416,-0.0003294935802954948,-0.0001383245253379083,-0.0005886408653202782,0.002192142588958255,-0.2479217407032001,-0.0029038357069959215,0.0011546545187735844,0.1755315517230286,0.003454021106931637,0.0073617929471177165
2025-03-14,-0.0011751411895162414,-0.0011161589688758998,2.726745087654963e-05,-0.0015504446601784208,-2.9775734843472817e-05,0.0005895256676861629,-0.38145842644624106,0.005343514777993239,0.0037952703101167486,0.10150781079064593,-0.00020994796694035313,0.004039043911865787
2025-03-17,0.0022629395305706315,0.001746726385230593,-0.00013463598194814034,0.001190985580044875,0.000635829663622968,0.0011735583977316442,0.1678161354811294,0.005458459143925752,0.002724392739687556,0.2730100087920404,0.00042734605565074605,0.005454995934070029
2025-03-18,-0.00010473246948916037,0.0012974321112274078,-0.00014914839479263187,0.0009156551962524153,0.00013808745053588974,0.0003445762393569458,0.06043240386194248,0.006965961964681037,0.0035132530628981893,0.09968633022844844,-0.002751388361872951,0.0068126943138347535
2025-03-19,-0.001798894050771567,-0.0004422524243199318,2.678156957920357e-05,-0.00045928346880180944,-0.0006087996659449006,-0.0009907791416534394,0.19127289104569428,0.009752872188637664,0.007238459965786577,-0.27555666872515183,-0.0051720171712524386,0.012326504449962243
2025-03-20,0.001956240629111305,0.00196161460992545,0.0005607327455610842,0.0011662563436902636,0.0010413096714357807,0.0003443382536215293,0.24792895357721526,0.010201735329535645,0.002866205494177885,0.21987281052211305,0.0001485593765854984,0.00877680820053719
2025-03-21,0.00019444187008050076,0.00032927397586132696,0.0004056443109585078,-0.0003366875074630232,0.00016215619680774482,0.0008821086235088493,-0.21999964727220003,0.005982922755291777,0.007560241481298885,-0.15417926176157937,-0.0013267220230339357,0.008985655840907956
2025-03-24,0.0005508600676509572,0.0005239068637440182,-3.5970882543248615e-05,-0.0009098503846632178,-0.0003489840636769286,0.0009268544994678783,-0.08641575878855019,-0.002781764219813823,0.001539257088770278,-0.051221250784097935,-0.0006164920396117182,0.010095921766047454
2025-03-25,0.0019159545937940618,0.0019483816972618853,-0.0003598615271076974,0.00019062879664618267,0.00029028704756646094,-0.001074882337077174,0.2495090023158503,-0.0011983767219979312,-0.0008494286980184843,0.19066533769430413,0.0005663618004323194,0.005477117537099583
2025-03-26,0.00010560191383265688,0.0005478806728170996,0.0003628308790373958,0.0013801912345961609,0.0006607809279062799,-0.00035299123666375856,0.06614831415997713,-0.002259044455838528,-0.001993478705479561,0.20618503171931069,-0.0022395174593016565,0.013065566706959682
2025-03-27,-0.0020680054038783612,-0.00017286747729981582,-0.0001097087996850555,-0.002278437840660293,-0.0006723786739962353,-0.0013530577178508,0.18707294188316492,0.004775120357943587,0.006074122510624242,0.06442788137953799,-0.00021678341614253614,0.005342515203359271
2025-03-28,-0.0001711031258882346,0.0010456836401311104,-0.00011000987080001937,-0.00033455918290616326,5.428351213189561e-05,-6.49740674706213e-05,0.08350983808967741,-0.0017619141704385958,-0.002136898767726975,0.0617127916695273,0.0008425989010501873,0.00422146133365964
2025-03-31,-0.002680842534377438,-0.0012026017048232737,0.00012342661331951003,-0.0007077190650591907,-0.0005085088231100028,5.5496848759370226e-05,-0.3018545866057766,-0.0028006546632255223,0.0011370830405625482,-0.3350927997323178,-0.004949523709790005,0.0062826296015385304
2025-04-01,0.0009760939148595355,0.000219922942702276,-0.00021629325306927249,-0.00011557328521821791,0.00025897830403082063,0.0006776254693233462,-0.27073989316257646,0.0036805236907574658,0.0016783119862630199,0.049173629592807924,0.0012696008053275619,0.0005933367526475227
2025-04-02,-0.00013316420913487949,0.0006127891062564207,8.308698361304556e-05,0.000608847333451238,0.00018398118056495947,0.0009512906424820958,-0.2835877511062018,0.006344355739617835,0.003626313313537242,0.15573391504831385,-0.0037262278345511343,0.0008616434292784787
2025-04-03,7.861016808141669e-06,0.0003865927279131712,-0.0003090052583859399,0.0006489624359293719,-9.965328998394533e-05,0.0006437046801516499,-0.1588022319796366,0.0033107046231443758,0.0013195228787625276,-0.11793693149929892,-2.0040588475490374e-05,-0.005422268988760509
2025-04-04,-0.007853358293064357,-0.0033038672593355156,0.00010594603845592671,-0.000429604580324286,-0.0021595481544668203,-0.00010706069034597328,-0.5466916183211404,0.0051278184332690215,0.004746855076595612,-0.34207159751599375,-0.0063586757296558065,-0.00372699403758259
2025-04-07,-0.006618962021266655,-0.0055471945466603455,-0.0008305442005666119,-0.007751589903119878,-0.0030758082366522136,0.002285925156218036,-1.356438595030466,0.012739773808058054,0.013948923901307453,-0.9020994741370894,-0.006400892330407636,-0.0008054698648536571
2025-04-08,0.0010456237557324901,-0.00146403364341243,-0.0005936930735547781,-0.0025841391802358727,-0.0006423656318253724,0.00298039065463307,-0.9685449583088951,-0.0022607883973398417,0.0012982769216072399,0.01036543070248297,0.005735608503038515,0.0021466213088483215
2025-04-09,-0.0015134391348387366,-0.004683073154282481,-0.00012777628135319347,-0.001268111416775203,-0.0005875810670109142,0.003992939812150668,-1.90285579738634,-0.012925630752528047,0.0008064537724796427,0.10343651909024973,0.000308437497395807,0.002106327280266263
2025-04-10,0.012600617521440066,0.0038526283274031375,-0.000409272979186287,0.00901912880151264,0.0021984070571025027,0.0012670532521763833,0.1561234803899298,-0.0008170254422938156,-0.00781803985728445,0.03586881736169811,0.003275809808412592,0.01952777535531278
2025-04-11,-0.006664679489335486,-0.0015440755062291441,0.00017572487062097396,-0.001161103786396528,-0.0007530825513626906,-0.002670881829584823,-0.44653167790380344,-0.00017643684255044985,0.0013837907698178037,0.46228355960474765,-0.001757923755708029,-8.236028180344816e-05
2025-04-14,0.0007366159625380958,0.002508096899587985,-0.0009212600685917718,0.0006378099457049832,0.0005046467105279712,-0.0005151552675704613,0.8100147679809865,0.007858374573592005,0.0003632744772149165,-0.20749391140470191,-0.0009157761837026586,0.008451952346300593
2025-04-15,0.0012023317871174759,0.0035549829232152685,0.0011211690551529519,0.002979808317502089,0.0013217831627528429,-0.0016240529016013296,1.3713156901065695,0.014223957791484039,-0.00027135737856612795,0.24721474359757178,-0.0019382820968008013,0.009433969139786435
2025-04-16,-0.00037155138043275975,0.00017173334893259956,0.0005358459501755126,-0.0016633023804957711,0.0009060297173188532,0.0022329624958559446,-0.28784508270920334,0.008260555429923572,0.0037627732648809163,-0.12632433474289068,-0.004794460015888376,0.00807014374225959
2025-04-17,-0.0038910264184288963,-0.0017359426308883002,1.57068664615777e-05,-0.0008501869390641797,-0.0014944647875280842,0.0019080969826329457,-0.058307496344253765,-0.005140893063009662,0.0024774579481470944,-0.3532611464894846,-0.0021009304113117945,-0.003058419418726324
2025-04-23,0.0006078514985650888,0.0007693666528020149,-0.00046136189418723183,-0.0008958525841099686,-0.0003215079978637681,0.00031667361968993533,0.41958464919423805,-0.00041805388193729255,-0.00118820103553423,-0.20992985120506,0.002757620813455758,0.008664946661458598
2025-04-24,0.0022084948866099804,0.0029458874593147285,-0.00011447832526334918,-0.0005817384026530567,0.0006931439423029278,0.0006356507347310536,-0.03595248878569069,0.001885750224467052,-0.005588421526592991,0.4855562378044689,-0.0033653610201875295,0.004240655568687099
2025-04-25,0.003026683872779998,0.0020769354731235944,0.0008696832173510058,0.003381687054437448,0.0017125415504014262,0.0004783852069098086,-0.043190326933552486,0.0037894682057140507,-0.002676475353440999,0.27261836632532693,0.007000583295584491,0.009618324651031305
2025-04-28,0.0008566309020671908,0.0013053589501682858,0.0006627389015935813,0.0014888843059903277,0.00048266307707736027,-0.0014825507585564937,0.5694668402098598,0.008503361065357186,-0.0003140648225095641,0.18448169576598294,0.00340812625933624,0.003206150281473107
2025-04-29,-0.0008416469009945986,0.00039268018313942443,0.00022098356103633724,0.0005362024446488134,0.0002468923902764984,-0.002434035389117346,0.56189048221845,0.008264379738577497,0.004635511761167,-0.03304184047761005,0.0005252940564647696,0.0010513433277198544
2025-04-30,0.0009557493321674267,0.001226981087684128,-3.649672626179577e-05,0.0002885285201323891,0.0003408170018538345,0.00024284377157291105,0.2100322507385971,-0.002134686248996072,-0.0009468128333927996,-0.09470998880706011,-0.0009706728300552603,0.007428460593367893
2025-05-01,-0.0004559755144838618,0.00031261806521186154,9.721957067153258e-05,-0.00048664067909779475,1.991249326645319e-05,0.0007027567215063639,-0.0739440670230613,0.01022751351649768,0.005655101803358032,0.2104954436043365,-0.005711614901668325,0.0016417136536697797
2025-05-02,0.0012194653249362976,0.0004915551532275636,-9.717475163438676e-05,-0.0013475049676084131,-6.81108226902536e-05,0.0005059287670931549,-0.1315578388123763,-0.0005802273353284057,-9.540715595734691e-05,0.3702333062502553,0.008004655695012,-0.002766794409051989
2025-05-07,0.0016494673977223526,0.0012238045819807737,-0.0005495214767017338,-0.0006043184320423322,0.0006375793745123253,-0.0001661986899417023,0.024597578842679386,-0.003261297252890923,-0.0009002610122968973,0.04884097065578954,-0.002632011829763692,0.00018978734738134327
2025-05-08,0.0008975086702616683,0.00027438078892327123,0.00048525990551009804,0.0015870193086593917,0.0007820116544368426,-0.0008027497450386579,0.18222031186822454,0.002175899368576555,0.0009523201490985124,0.0061735464316235306,0.002942974291418074,0.005623724109063647
2025-05-09,0.0016468617857574128,0.0013322212581719408,-0.00017722993990941575,-0.0021970235404009477,1.1432896462991928e-05,-0.0005284899719341523,0.06809061200149644,0.009515986085515595,0.006769884496322214,0.44304796461641127,0.0049254054964082555,0.00766701575462453
2025-05-12,0.0005625512415649345,0.0003549898090824729,0.00036970471136366843,0.0007381731313045223,0.0010960924424592892,0.0008858452470375511,-0.02579956286429166,3.762052673201774e-06,0.002036348104386023,-0.036889908438483,-0.003623144443009257,0.006363408811652949
2025-05-13,0.005295089610792807,0.004409259518004531,0.00020546236262239994,0.0002528142504862499,0.0011688329304262457,-0.00014351579515215222,0.09449655834741139,0.0017199766617822631,-0.0005901187757415723,0.3218060805984533,0.0008034584180124007,0.007712456949533877
2025-05-14,5.2998075624103384e-05,0.0018952168910619364,0.0002418755967753546,0.002025643064267006,0.0005695602517958218,-0.002443980385937678,0.29131629863995206,0.010589187016461986,0.00038030687248931123,0.2794236279647552,0.002440019539352264,-0.0026127966955871063
2025-05-15,0.00016327828236921364,0.0006680078327824725,-0.00015999655445370238,-0.0007136515918297494,0.0005231875811248021,-0.0014269334540252432,0.3038495157338941,0.005390025787073004,5.3413506581292524e-05,-0.23733419922468776,-0.001145850579126822,0.00034886665500831194
2025-05-16,8.905394385005195e-05,0.0011494985820872518,0.0003692337505354678,0.0007688009299045704,0.0002693388150414485,-0.003708070186763758,0.8646647420172524,0.009951706024371872,0.0011042694291097136,-0.1211143515189628,0.0006218835971235075,0.004196252847436146
2025-05-19,0.0015870107485284834,0.0013174370226865359,0.00015705652842087158,-0.0008080805531376045,0.0008267614969591034,0.0009466070784034312,-0.13069892288708695,0.006728464211886507,0.0012419871480462323,0.34783983123113815,0.006045532141187663,-0.0009671454186526387
2025-05-20,-0.0011094129892658003,-0.0007853952615454976,2.0140223944406043e-05,0.0011190996945899378,-0.0002332388966703592,0.00027767239190766037,-0.14407335154591722,0.0017553251749337145,0.004141981890111689,-0.21222265181711095,-0.0044927058586281205,-0.006442726026227386
2025-05-21,-0.00014126907896133166,-3.195140877491808e-05,-6.251744127958622e-05,-0.0003501513439148517,-0.0002606244972842886,0.00016908072647700914,0.0038966282615349804,0.0012453178265231536,0.004762780749740231,-0.1743263136201046,-0.0016837187877919838,0.00029646829684186005
2025-05-22,-0.003697159235281455,-0.0012330650212203807,-0.0005788104038970452,-0.001854607021365047,-0.0006934375876145937,-0.0013065594030107334,-0.061173802120033226,-0.0029906635454155185,0.00042730331182146966,-0.03697416357803836,-0.0012213803024878102,-0.0041990343008003386
2025-05-23,0.0012097726152330026,0.0002178700179930538,4.7543715118028056e-05,-0.000586339218131342,2.6942209716541415e-05,0.002209187794845146,-0.26764046358194604,-0.0071657407756205195,-0.0012899638751377672,0.21409415344168187,0.005146003789610151,0.002519068948593932
2025-05-28,-0.002614076617065186,-0.0015195479568209564,-0.00027862436602299565,-0.0006537255559100908,-0.0003510710108463537,-0.00041036906860175617,-0.2139505877700639,-0.0012409931433644042,0.0008503929290808764,-0.18309462496517326,-0.002742103643463735,-0.001670227735522132
2025-05-29,0.00033594799402173484,-0.0006070976837697414,-4.967026433362186e-05,-0.001924894204031816,-0.0003410449683200047,0.0024457977576575673,-0.4718406431780605,-0.009108431924087553,0.003776828072187036,0.0707040657432199,0.0005765083568280696,0.00938491577701788
2025-05-30,-0.0004176461271055837,-0.00029641206414902373,4.4006187176623185e-05,0.002113202357862461,1.1080893169281383e-05,-9.224975873889081e-05,0.05450260468848767,-0.004158451098346026,-0.0017545558552061256,-0.3152454982787123,-0.0027788701082185267,0.011149789440069053
2025-06-02,0.000410988712869829,0.00032075517488131347,0.0004882886438543179,0.00041480193254811757,0.00048569683692537566,0.0018572043925656001,-0.3187347152804644,0.009807517481322279,0.004225907217632696,0.019767621091596244,0.0005743963910062313,0.011862049665571849
2025-06-03,-0.0005459383448427535,0.0007265745349733487,-0.00026607067463605777,0.0010416523202055974,-0.0001949959168066022,-0.001204300429968838,0.20399702145872214,0.009211515030287287,-0.0008828351589867047,0.052885125481568984,0.000905565690282313,0.00447157033762376
2025-06-04,0.001967259069785218,0.0016451708805776523,9.595770863463918e-05,-0.0003531255846078798,0.0003937351456131279,0.002520062146914983,-0.3520986520144555,0.007436884399474025,0.0029741538050604647,0.21163076391449714,0.0005415228426646206,0.0028165474572321427
2025-06-05,-0.0010203325194365765,0.00018815159970448302,0.00017165001429512053,0.0009189771184531286,0.00035330373186033857,-0.0007612885857479981,0.172952518175632,0.014498802577335886,0.004833360854205368,-0.15426380006552454,-0.002436954351367577,-0.0039057566150650976
2025-06-06,-0.000878645624597617,0.0006217217515391133,-0.0002602436377780406,-0.0013964277784013727,-0.0006236365093937867,0.0006811222770708474,-0.08289262004744964,0.005648772707609663,0.0024371246201181354,0.2881241188838666,0.003593552221744057,-0.004861802975138869
2025-06-09,0.0013317547736383577,0.0015592723422289615,-0.00037163948845761837,-0.0007172231528522619,-0.00040341417613246955,0.00027495447190921987,0.09703784156967882,0.013307971748379225,0.005180669828229661,0.06071126292157008,0.0025487478895647856,0.004693396576303039
2025-06-10,0.00023669104964272876,0.0003829029866841889,0.0001993631265564621,0.0007074510934337987,0.0006791393618793986,0.0005362200624223441,-0.12982059380059063,0.001265828244537977,0.0007870000796584144,-0.10225399688715699,-0.0011543499445077362,0.004023093645778207
2025-06-11,0.0004810675715077084,0.0003973497370887538,0.000472326179010996,0.0013186054391809369,0.00026524993447785106,-0.00022283023739563834,-0.008087983819089595,0.006229882019480626,0.006834635259275941,0.16006272015640996,0.0002691836365459378,0.017215819162962713
2025-06-12,-0.0007094108293521434,-0.00013337517670523817,0.00021147804358055464,0.0014760054989745393,6.782851739532294e-05,-0.0009034314716016468,0.232586835516456,0.011768661421159636,0.005590347462696545,-0.22596373531242203,0.00385319509490876,0.006637920589242677
2025-06-13,-0.00019539379022148203,0.00036797269268430064,4.6158266145960855e-05,0.001104720533097582,0.00037384447610788583,-0.00034834203725078435,0.048446372157846106,0.009454915341279232,0.0006745963095342469,-0.41209405447783065,-0.002977564988540228,0.00986300845953006
2025-06-16,-0.0017630015025487374,-0.0005311626787207345,-0.0003893596895445794,-0.001745447016095963,-0.0012924181954165096,0.0006449513823642707,-0.3257617028078715,0.013269665564270576,0.010952172742401333,0.05794964966064326,0.007660320917188849,0.0008151555010987399
2025-06-17,0.0016108046185813192,0.0010760704691967387,-0.0002617475843730811,0.0007844590526242421,0.0006040389514006484,0.0012407184219767036,-0.008374438274306388,0.002578955398572784,-0.005927430798525908,0.006986950890319199,-0.004941168269527476,-0.006416875250332275
2025-06-18,-0.0008880048791779806,-0.00011060388745045077,0.0003290737206841278,-0.0004459094343165865,-0.0002697349907563403,0.0011453410600787777,-0.4185962316287547,0.005536085789761475,0.007605084604762375,0.11435643235077014,0.0032782913381277025,-0.003216703155783167
2025-06-23,-1.7824721198393212e-06,0.0005951867697580238,-0.00036692247146427376,-0.0004357129982579224,0.0001878510928141619,-0.0006579225462260576,0.18615060161077873,0.006833367241368,-4.203967530049153e-05,0.23862558382661264,0.0013895677213244142,-0.008799271376632951
2025-06-24,0.0011130222886901208,0.0011951022190873606,0.00025200393213755594,0.002164341608973363,0.0007507516035605771,1.0314270610930348e-05,0.1865512007812133,0.0009232864079192335,0.00010723222451100058,-0.3437746286441553,-0.013900867516491805,0.003596551376388678
2025-06-25,2.275384441864903e-05,0.0007717786634450629,0.00026630693905003284,0.0014785113955078277,0.0007285041994436047,-0.0006547737160752654,0.2719137124622209,0.001668607113918847,-0.006618557416115363,0.19034558543055424,0.0006435985935092123,-0.00011226502855458302
2025-06-26,-0.00020972709302841103,1.4751707896358104e-05,0.00011749659967790317,0.0003495500569838779,-0.0001264922276498057,-4.0126183381960254e-05,0.19278771467728587,0.010394540757295553,0.004050043753350628,0.07321695714011567,0.004781600003217446,-0.005427898189342479
2025-06-27,0.00024471015217404174,-0.0001771973463527465,9.051618244026442e-05,0.0019808718265576348,0.00035743361057364236,0.00015704183764005944,-0.03220564275095196,0.006134893441600569,0.003112315326570649,-0.13786921475811142,0.0008000408226176124,-0.0006556278901445938
2025-06-30,0.0012512432594836082,0.0004575600266745752,0.0004039348827376215,0.00039965083207567863,0.0006134141319126419,0.00327182707632195,-0.45580383454863455,0.008304823276376178,0.009608443788073469,0.10238856514338497,-0.0005347611719838524,0.0022443577690992532
2025-07-01,-0.0001787482214371798,0.0005237838422340509,9.869423058087232e-05,0.0007314551467873633,-2.4161204127985593e-06,0.00062326066454198,0.016224510787323843,0.007001606461967971,0.0009734665236647013,0.1340802678067578,0.0017675607143536004,8.036455470065659e-05
2025-07-02,0.00018665182567748073,0.000614335944712156,4.646353280584161e-05,-0.0004415926098626308,1.3102544683494716e-05,0.0010491549059298251,-0.19055681950835857,0.007377179342261647,0.004544648262006119,0.15728216794266825,0.004995691301061969,0.003532261827081109
2025-07-03,0.0008059263035246536,0.000452269092890036,1.1792838309713471e-05,0.0005582376121498891,-5.803825215256776e-06,0.00026986414979286656,0.007651751609898207,0.005433618656484384,0.00015272897962473114,0.049615883214846696,0.0005229265999471518,0.0038741089424405434
2025-07-08,0.0012780381924930634,0.0010135969759140872,-6.721162099903523e-05,-0.00016459568655693215,0.00042980600826131565,0.001503238551302264,-0.31106370005490036,0.007710771016417116,0.003845793564054353,0.08784291433088845,-0.0031297079406587096,0.0025963117701583416
2025-07-09,0.00024437847946605536,0.0012064390284664056,8.096070298144999e-05,-0.00015474234371558245,0.00011617786040311111,0.00028934739666801746,-0.008816568939072712,0.007373361213908879,0.0031919877393992236,0.08683108784780443,0.00025884698837145875,0.006033612591284795
2025-07-10,0.0009449229357493036,0.0010916857451172763,0.000365050346854978,0.0012389802356779765,0.0006750987088951684,-0.0003174585687981474,0.2259737916288478,0.006123771271520256,-0.0010637709778795242,0.1838086766818195,0.004121625054730918,0.002959689216041699
2025-07-11,-0.0005021171715076889,0.0007576999990382602,-5.359519102195131e-05,-0.00019995278979482772,0.0002105566001343441,-3.985309828034671e-05,0.014350900998319469,0.009775641254836816,0.0044585396289586795,0.0821248749150395,-0.0016237929873705952,-0.004177459847635516
2025-07-14,-0.00032146503005904266,0.0003090180157986803,-0.00023100455139510542,-0.0007479028274638539,-0.00046428868830179304,0.0007006805633633426,-0.05937349318988781,-0.0020127056359389435,0.00013472974794990589,0.012005532140688474,0.0056393690728668506,0.0002554514745034067
2025-07-15,0.000455570874452491,-4.74390421371551e-05,1.9502984648464046e-06,0.0001123346384612595,0.00019109442694513018,0.001228801348613954,-0.21050005739188973,-0.0017500281867473574,-0.0011173623869847982,0.008178792208038757,-0.0016780508899376526,0.0007118408013153902
2025-07-16,-0.000161554919185405,0.00012481731813597814,-0.0001983560457601801,-0.001686960508963187,-3.064587402747198e-05,0.0008729925708668025,-0.2664217403281337,0.0019611461478554917,0.004503996910391886,0.1358545090705209,0.0027064693846228158,-0.002671967645266281
2025-07-17,0.00033165685569176527,0.0003186272800147854,0.0002762240638350845,0.0015953969845259584,0.0005055522387902338,0.0007721094730689055,-0.022638226349442327,0.0018639510168983356,-0.0023000105135571533,0.2879082490988459,0.0035574242324299806,-0.004232971524087907
2025-07-18,0.0011432171746027678,0.0007732841319812503,-0.00011141074792811166,-0.0004403302374389628,0.00032143644564232705,8.17742698822452e-05,-0.11118814384493103,0.006171279473186233,0.004817956783929222,0.13573558919078202,0.004950110363081344,-0.0051568576867651456
2025-07-21,-0.000803028186292889,0.00032831499109180673,9.250955231858008e-05,0.0010885031972128589,0.00019902559008014886,0.0001286937691390216,0.08644185540621394,0.006567404876711338,0.002186727310548878,0.03207348460548094,0.000854234424079807,-0.008588948706717218
2025-07-22,-0.00012162071016720849,0.00031853900466406,-5.597396049459003e-06,0.0005899562130790233,0.0004197593073935778,4.159755739947932e-05,0.058725110781051706,0.0038424517644305898,0.002360135535439876,-0.16845536498817582,-0.0019401247397262218,-0.007585037062419494
2025-07-23,-0.0007770034487356369,0.00010944672732951486,0.00019530511726677455,0.0009460980590779173,-0.00010413382319003082,-0.00011220772707055883,0.17030045902047605,0.00778042304621291,0.0009627783064121997,0.06719629779548163,0.0029173485436322965,-0.00016555768156312992
2025-07-24,0.0010027459900245207,0.0015866665991152622,-0.00013874096118467104,-0.0002722337158656155,0.00048409344451008575,0.0013603518882594028,-0.05627564087746979,0.0019332718129471402,-0.002195527814204454,0.06137982305763452,-0.0023955954303236824,-0.0010713885194717112
2025-07-25,9.56130470258802e-05,0.00015441085849423288,3.241144789239321e-05,-0.00035279444245906854,-0.00013165232399443586,0.0014236193243821749,-0.18855688581343366,-0.0004259245348874536,-0.000971386536536856,0.15373921186959869,0.0012272271281453678,0.003523115104501504
2025-07-28,0.0012813464326329423,0.00017508926789946912,0.0002018338018401603,0.00040638912171111764,0.000466076200733349,0.0012065324589632504,-0.09575657999647419,0.002237205440585275,0.0037451042281708216,-0.06179202796144308,-0.002550446613290067,0.010311202173818618
2025-07-29,0.0010966945509760294,0.0008552325749434895,0.0002471113683196193,-0.001750276507917015,0.0001899595619051162,0.0015519846878358488,-0.16412956997721898,0.0031761220425559882,0.003970513838084731,0.3643506290725656,0.004903533557822421,0.004330387700812687
2025-07-30,4.563946724481816e-05,0.00011001828160263249,0.0002461776224566963,-0.0006888406388837857,2.8344405189875818e-05,0.002027216815228431,-0.18527027875084254,0.002079738207742609,0.0024480338272189167,0.33315345774972366,0.00503351541754367,-0.00048745654565333083
2025-07-31,0.0005039825535263772,0.0006335393113182946,-0.0004863245142478999,-0.002236824975859544,-0.0004781643561241888,0.0005190958595125644,-0.10047187499275655,0.01072494359717578,0.010440931918642975,-0.04636199011124689,0.0003197221143183295,0.002979605850113645
2025-08-01,-0.0004603410375553272,0.0006218364206356941,-0.00012504651812706317,-0.0006722283890973268,-0.00012921758823474332,-9.930855714143096e-05,0.06268417184538502,0.005478071808968626,0.0013569726381458232,0.260845979016305,0.0026589497303108863,0.002468920376862252
2025-08-04,-0.00443438055734355,-0.002936481824172512,0.0005719999065470148,0.0021520420827937712,0.0002939658041576103,-0.0017631298638507585,0.06207779617088883,0.01214837661857132,0.00671708665022474,-0.13845528303666954,-9.904232255709402e-05,0.002858296178399199
2025-08-05,0.0016078719249463334,0.0014845724293547212,-6.361885482206316e-05,0.0011525113042083303,0.0005074798475926982,-0.0008479081278823127,0.36209005831155683,0.002485574062620288,0.0002705568474042632,0.08608393253054801,0.0005978310590918656,0.011228028633757459
2025-08-06,-0.0009931400429452832,0.00030170523805986255,-0.0002226402760420285,-0.0006527662274010905,-0.0004692891030995436,0.0012669526824039571,-0.26491201007311405,0.013867360896169448,0.00625407828607854,0.09310872270010985,-0.0003741191008035773,0.005116120677462444
2025-08-07,0.0012882090335488746,0.0004930918868930115,0.0001723062144749781,0.001843757428086761,0.0008715980029779195,0.0018046242923042933,-0.26726954264859343,0.00037930070430155583,-0.0001792939124371333,-0.11593551074538978,-3.908355213751852e-05,0.006377456943365755
2025-08-08,-0.000225255328410983,0.00044144500358714463,0.00016056845717285652,-0.0005264511192824567,-0.0002863298962274498,0.0013546507435272205,-0.08925968253968546,0.005888936869313351,0.004316157907956851,0.31873731917802045,0.0033601412928321835,0.001169676463640186
2025-08-11,0.0009856542939947715,0.0011644568053900803,-4.469742327274859e-05,0.000969883003457832,0.00041215284263341903,0.0006413993126537628,0.031219318131274494,0.007712625282660661,0.0018823403490511794,0.08783993999981589,0.0022678270477205905,-0.0010622703488285742
2025-08-12,6.262864156920347e-05,0.0001879856311933672,0.00015250437095067215,-0.0008843721861828103,0.00011653899262528388,0.0021590016155174072,-0.3352400361475448,0.007525723198160231,0.004438113031198634,0.18620092059683063,0.001258488953425335,-0.0036563471884151267
2025-08-13,0.0011945646391678742,0.0008275948233163131,0.00026836590531097827,0.001924164343924348,0.0007569321223925966,-0.00047115274177111856,0.1691213004020516,0.0020683229018020914,-0.00020583945056978524,-0.11168758094472099,-0.0019941086659968563,-0.002666986138216072
2025-08-14,-7.037670282727707e-05,0.00044833541426943295,0.00026403342366023385,0.0008086751622240944,0.00046032573412895926,0.0006554008256353639,0.018624680392705435,0.008225259180742588,0.0014803854098600136,-0.037798119774863,-0.0010546209967350361,-0.006701714040717123
2025-08-15,0.0005385657678296889,0.0006167512353735891,-0.00010401782008358632,-0.0013083975343943504,-0.00038285952859189865,1.1419446027870271e-05,-0.009301531988246424,0.007997494848925953,0.0046468236910780555,0.09333513419754454,0.0011991908338310365,0.0009644886782695984
2025-08-18,-0.0005031664385388058,-0.0001170520674352593,-5.6903381478131114e-05,7.534893060751158e-05,-2.0699087193840282e-05,0.0012476747046734266,-0.132863212717179,0.0003430308600844722,0.0009678010078738456,-0.09165693937657769,-0.003345809079611367,-0.0032326491872937844
2025-08-19,0.0005866197094498391,0.0003038716185833458,1.2853212040188412e-05,-0.001032484583234216,0.0001350036467067488,0.0013314934536914225,-0.19050991217689553,-0.002508170727954504,0.0024110699016253933,0.12917903925200502,0.002979393712300534,0.004747394913641131
2025-08-20,-0.0007708138186140285,-0.0005278549402713154,-3.768898009032755e-05,-0.0004907729776900934,-0.0003834575649572806,-0.00044122876888872493,0.06199575924365596,-0.0003597098167179664,-0.0002921603493864708,0.1131885578226204,0.003455431046264181,0.0071561582378456235
2025-08-21,0.000889858776949417,0.00018133993214294715,6.713975657255485e-06,3.1301214835174922e-06,0.0004008704181895862,0.0014487276781429783,-0.2364580660802593,-0.004929882309974118,0.0014667198838972445,-0.03268923744482777,0.0037652498878853373,0.0077770165238589236
2025-08-22,-0.0007516109251674153,-0.0004485725135480675,-0.00027569308862085824,-0.0014145045583840896,-0.000495072621276739,0.001380987847507154,-0.28486107339233363,0.0014904683171480194,0.002141809570829543,0.2322286730972984,0.0016496200894509307,0.0031022760316707335
2025-08-27,0.0014417457208384203,0.0011075662240181525,0.00033626844070509045,0.003045066152022213,0.0014455749722100755,-0.0002920940439542424,0.19663711876315693,-0.0018757508945178897,-0.004284425239803452,-0.14083920619553406,-0.0033629282495256634,0.005412842766514842
2025-08-28,0.00010643666770038119,0.0010321219150942309,0.00023715505872385934,-0.00019889098661052214,0.0003463970223520314,0.0007651592868032532,-0.09696023637057333,0.01232165078664981,0.005262624666658539,0.38012557910797606,0.0041419764520767965,-0.001037633625832491
2025-08-29,-0.0002723969242564594,0.001289319054306164,-0.00025581382194758175,-0.00016784277940853725,2.0769062245513035e-05,-0.000727775891608248,0.32291029362924095,0.005068947068350088,-0.002847243682580952,-0.06435076739944848,-0.00047345976791099485,0.001637832002204497
2025-09-03,-0.0009189428182744179,1.9771598861702765e-05,0.0003621443310967343,0.00017796860985464533,1.1656646711892736e-05,0.0018669317240241306,-0.1993046501240772,0.0070492209182524985,0.003710404733804309,-0.07183288801929433,0.0005947771004024525,0.00315634539902499
2025-09-04,-0.00030864658107174545,0.0007040274160737879,3.9517739942105785e-05,0.0004722327233020327,4.317359895588708e-05,-0.00019039429012200084,0.22543304163583222,0.006238483953642649,-0.0008445289066252341,0.039498989188556266,-0.004916111817758078,0.00010058866364928991
2025-09-05,0.0019885117285873533,0.0014670611303103324,0.0003526717110344354,0.000712434722115681,0.0006394111176996657,0.0015826690823902033,-0.12679981746434577,0.008862242371965028,0.003735428728403224,0.1855670489506797,0.004179121653785761,-0.000619575870105142
2025-09-08,-0.0015363518534179418,4.5780592149885534e-06,0.00020513163184188144,0.0013593535773246328,-0.00018827493955762917,0.0004836930422054671,0.015241666803812899,0.007893728988691767,0.004420879609383546,-0.1968746353694427,-0.0012889122480557716,-0.009576092021466656
2025-09-09,-0.00018169473723109164,0.0006294790788921539,0.00011822123672560427,0.00018523582127937395,0.00013844817855917152,0.0015504064246393955,-0.03538379104894486,0.01045069270881189,0.005294524028479291,0.291893084867462,0.005346087913102743,-0.008317050944562716
2025-09-10,0.0003360413644439484,0.0008677105406511356,-0.00018586972363337785,-0.0007882320893932244,-0.0003834274861978989,0.0012611239434845466,-0.10583900568074454,0.0035882213753942026,0.0024575111830598692,0.23347445372005948,-0.0013032351980299974,-0.0027814980312932456
2025-09-11,0.0008028719354217169,0.0005490455468583991,0.0002476414819700516,0.0002145890033747394,0.0005227780093327744,0.002894134059719372,-0.37680637188230703,0.0020377505846079906,0.0016322540029276346,0.19890945062419135,0.006519544918482986,0.003953147777189978
2025-09-12,0.00032346892752817757,0.0007071131769239783,0.0002845439870049877,0.0014026420639982682,0.00044944897649333094,0.0003141871468630153,0.09482243038163216,0.006886613830337196,0.0005251356995256591,0.07713402738902106,-0.0017654220623708361,0.004555262329748175
2025-09-15,-0.00020071179434054187,0.0005047117637452954,-5.805686391399334e-05,-0.0006144514516976697,-0.000352973269071766,0.0002956374573222932,0.055570036044836645,0.00929329900418215,0.0028418663586161105,0.2543252779653771,0.0031744568390349235,0.003904868499118188
2025-09-16,-0.00036169399111026494,0.00010581961358026491,-1.0587877947588417e-05,0.0008650793540521113,0.00041403512142056787,1.6608053615517612e-06,0.032367845835502014,0.00379603494801753,0.0013092129942129898,-0.07232311031838329,0.0006360168455708454,0.002234450055258372
2025-09-17,-0.0008558808343675042,-0.00040402801793182265,0.00013109256111003837,0.0007886851067122156,9.750810950906912e-05,-0.0003502706199532548,-0.013675647172357669,0.005657259864404838,0.004093301284541469,-0.19552130221633343,-0.0010805742850376894,0.00048687716427404693
2025-09-18,-0.00013131700312411532,0.0005646464613941654,-0.00020967418882717202,-0.0010776743446629692,-0.00032765561666506075,0.0002653321442768539,0.0842024256400711,0.004329374703463103,-0.0001389802433456463,0.022243881846776267,1.0375632268289992e-05,-0.007569125465310818
2025-09-19,0.0018041062428944988,0.0013111724078463498,7.005613148103204e-05,-0.0001775648051601284,0.0003612355718966073,0.0016891745774558016,-0.29913716614704,0.005490471158289908,0.0013587240650326043,0.038742300643263804,0.003605807805097734,-0.005589367724338223
2025-09-22,0.0011056099306331617,0.0005204111337947431,0.00029673029856008284,0.0006101844488375993,0.00035116761522101643,0.00140288243088643,-0.2349486955892145,0.004399054438426312,-0.0029265892469625106,0.1482515343970469,0.0012032439355901163,-0.003833180877225434
2025-09-23,0.0003504392972867542,0.0002963627126596227,-6.506929705263013e-06,-3.116486998521278e-05,0.00032142726575920837,-0.00014833154162352557,-0.04305080409460252,0.003830560451124571,0.002388050642716398,0.06281210325818556,0.0011775771922585307,-0.0040829808046969835
2025-09-24,-0.00109853534612227,-0.0002174214945595312,0.00018191141728986685,0.0009967574664174839,5.78067526596581e-05,-0.0002109883143486998,0.013649544368715912,0.00857783662466433,0.005620334851930121,0.028094759704920647,6.888369329043228e-05,0.002885245435111169
2025-09-25,-3.9663150568455656e-05,0.0005767624460823994,-0.00021674253991221787,-0.0009581628094881145,-8.596103865368478e-05,0.0009976372007957542,-0.0937216490760363,0.01600657872568695,0.010514178433389016,0.0979578141134616,0.0022681395522092017,0.0024037565605604795
2025-09-26,0.00024371277154171652,0.0009232920962244482,-0.0003232896559525402,-0.0019247268590777513,-0.00032683474983453953,0.0015668486552989419,-0.20699610470342863,0.002959864754404218,0.003537867403372792,0.15661318832932786,-0.0003211590760440028,0.0004454451262311102
2025-09-29,0.0014170586303057088,0.0009427132430105496,7.821923611398794e-05,0.001279325977743753,0.0006558662066374241,0.0005111280378514394,-0.026695960066588684,0.00028590371255649005,-0.00017040265302686462,-0.007954846977267546,0.002411688037659397,0.0005654561324494987
2025-09-30,-0.0010056204129187262,-3.258288247912087e-05,-0.00013662844337259614,0.000264518610766551,0.00019861669757729696,-0.000550768791022197,0.09739804413206168,0.002157112954271129,-0.0010401943686640157,0.001214045144589962,-0.0048472108289763435,-0.01172937811211481
2025-10-01,-0.0005937617721034577,0.0004161925791222395,6.287231155260585e-05,0.0011766290225574438,0.0004279153673032905,-0.000850833541006703,0.15321046909880245,0.0072042361162106125,0.003864837178557589,0.10688029767340117,-0.001593402669614362,-0.009515140220295955
2025-10-02,0.0005050526712423889,7.314215798670892e-05,0.00022629561680550224,0.0002409488093944013,0.0005133880888395011,0.001324572551438002,0.03678095736204112,0.003277373182661882,3.0453549830669873e-05,0.07416847056068404,0.0026980331722859328,-0.005947032894822881
2025-10-03,0.0001400323968430675,0.00020467219959305135,0.00017916804915113865,-0.00011078115295214767,0.00023580335685060858,0.0013627704721803958,-0.1959970068357743,0.0032788476376749277,0.005621402425048355,-0.012418574602461069,-0.0010936056607206979,-0.007838331624125762
2025-10-06,-0.0005463624150224754,-0.00024049140085499146,-0.00010144234045505812,0.0003259550377101712,-0.00014121552973278773,0.0011586602331180855,-0.11122121844748356,0.004481449437627174,0.002988504253313919,0.01704556783455871,0.0005628985147362964,-0.0021832750106369654
2025-10-07,0.00031490831009919884,0.000542271720852401,1.1833823319402217e-06,1.6810793580919182e-05,8.486140812002935e-05,0.001532456162051028,-0.2157106956192817,0.004401667637679331,0.004227644568429282,0.22992066758148663,-0.00017427205356748427,0.0012619758909299863
2025-10-08,-0.00044040946081213986,-7.198196753260719e-07,0.0001319118899391297,-0.00048669126428694826,5.88205212361602e-06,0.0005174912892422274,-0.13729846077294877,0.006708861821115592,0.004858615985975919,0.040840990399115526,-0.0006729440617246367,0.002887395329362304
2025-10-09,0.0015766065068391483,0.001317453192969966,0.00010644287686533283,0.0003384757692359308,0.0005674143994980998,0.0013165362801452422,-0.048035765106174196,0.004237507742597943,0.001867633946714782,0.28594007527236276,0.004184757853503199,0.0007852959014567916
2025-10-10,-0.0004127336128003559,0.00032752382497438387,-7.468645958905386e-05,-0.0012224385134487472,-0.0002776912517386273,0.0010599723213224972,-0.054211975036529476,0.009548032314720192,0.0028196761846527073,0.0911230741174849,-0.0023652495965933943,-0.0015060825875871393
2025-10-15,-0.004616713467246767,-0.0032551071206858326,5.9041254495219365e-05,-0.0012254477738810271,-0.0013870159814264585,-6.964796996200714e-05,-0.2150653354797849,0.007786504834001073,0.00798773802108354,-0.4753454960011963,-0.0037642491255123374,-0.003340590057168631
2025-10-16,0.00018621729160339732,-5.7434660477195064e-05,-0.000442012299125102,-0.00023702449982416463,0.00020173075895392077,-0.00028569142455524776,0.11021829696677929,-0.0018546888514986669,-0.0003744935555165896,0.05588372995602823,0.0030698710827278203,0.0032428509785877094
2025-10-17,-0.002195219768925253,-0.002197210481036628,0.00016766678147745568,-0.00013000188666209333,-8.597303698914041e-05,0.0020038859065833587,-0.6830929367734823,0.007924672552726386,0.006156654711350301,-0.007940729698158441,0.0012614452449753416,0.0067927345451766815
2025-10-20,0.002005941030295385,0.0005667844713071461,-0.0001917061217464368,3.6487562960272425e-05,5.545954298340593e-05,0.0012798887699466033,-0.10609514741697963,0.0015132762722596363,0.002847297625555154,-0.02432143086259539,0.001150943193800491,0.012839412943368128
2025-10-21,0.0021602032277598664,0.0029461217543710204,0.0001534855924811663,0.0007162571251013759,0.0010781870542625374,0.0022816980101141183,-0.05683038719553703,0.004425685578815633,-0.0013974482962806586,0.5604956389103978,0.005325190965770643,-0.0012792271601672557
2025-10-22,0.0004222102345384639,0.0009604477932027241,0.0002492225908858078,0.00032725459125675766,0.00010569184502535874,0.0011336363216058844,-0.3254150789194885,0.008229221225968667,0.006100365937930103,0.1006214936601903,0.0021892399945217557,-0.004253199395717753
2025-10-23,-0.0005787445500834561,0.0002600887875711007,-0.00013228890801954155,-0.0007827958596772243,-0.0002006256749665969,0.0006427199206095547,0.14509541249622118,0.007004327043406776,0.004688037497020168,0.1600708770172029,0.0007630646902387316,-0.011673933270490157
2025-10-24,0.001173981931499995,0.0012671472440637086,3.7817083106750743e-05,0.0010745446532902025,0.00045287258187328154,0.0006039060884159284,0.11570928068098518,0.002943748953085234,0.0019242206370785493,0.04689129564286019,0.0011314018582810454,-0.010205083344972759
2025-10-27,0.0007524377738151531,0.0007926201638387702,9.888245721319813e-05,0.001030607749209976,0.00029641711089571453,0.00017104311480284416,0.06002209605795324,0.0051190605165598035,-0.0003718872584411515,-0.1507265670702657,-0.0028832401320286775,-0.008175513341260677
2025-10-28,0.0010027775518527727,0.0016693727888837308,0.0001273198704569244,0.0011192225044246754,0.0009096994491916808,-0.0003651257311078803,0.17676240067464394,0.0009920700488205974,-0.0037526739101864546,0.0746243754459194,0.0007647709749100098,-0.0037113102041630526
2025-10-29,-0.0006548720721278486,0.00021800277904847722,8.638048647788296e-05,0.0006439533332414561,0.0002557488999178439,-0.0001750982767773511,0.2637303785513492,0.0021122035287941296,-0.005832908859354296,0.1554763801367809,7.335595918803411e-05,-0.00015585514915737037
2025-10-30,-0.0008461814098078804,0.00026861355974308485,-0.0005240781068147827,-0.0020475620052797035,-0.0004669706691682031,0.00011567694324287497,0.07879118082682957,0.003325727419305562,0.001599879924246471,-0.060490662339355794,-0.0031933854087375056,-0.0016127800101962393
2025-10-31,-0.00027150643093274996,-0.0005402195256452248,-2.6375964023506416e-05,-0.0022244451962453097,-0.00033434658774919996,0.0018761083433403714,-0.11859409701198476,0.0020201384249536286,0.0006831889187286145,0.15170983103939986,0.00047911055002708945,-0.0010531116194941522
2025-11-03,0.00039935729488652105,-0.0002692736830836874,3.271578340628107e-05,-0.0005869882054385819,0.0002469067557333217,0.0005811961978752855,-0.19678943580246858,-0.0011174419353135357,0.00140974742342983,-0.011218813136051053,0.0009135942366317487,-0.0007421076611182601
2025-11-04,0.0002565625368660448,-0.00010305817340663766,0.00026529133372127746,0.00018103961835876594,0.0003080414022108387,0.001130625867544069,-0.21146494201027535,0.0012276100321838095,0.0013681281688345873,0.13501043611954108,0.0004666848961844281,0.006303251299218437
2025-11-05,-0.0020972192866654145,-0.0009847782548773737,-0.00012343198719869501,-0.0011845546367946376,-0.0007971072462556674,-0.00028492166755183406,0.027797827098793006,0.0075471215358516005,0.005283286648988759,-0.06683309250537586,0.001420100070115277,0.0017337432876651916
2025-11-06,0.0007358038479084063,0.0007149291828934854,-0.00029390597070556884,-0.0003925199768415415,0.00037581808804218334,-2.3751905485989923e-05,0.028621560503655545,-0.001774055355848245,-0.0008875777192321494,0.12793965958721407,0.0035008499934652713,0.004830652631042132
2025-11-07,-0.001378267298425209,-0.0007794593149023358,9.600520134638337e-05,0.0005959616984213208,-0.0002899703334115538,0.000850970136071805,-0.21371943634055807,-0.0005892396472704821,0.0003621216940898281,-0.14126589872032366,0.001382080951130388,0.005151606817155865
2025-11-10,-0.00011628251856918963,-0.0001853994530899098,-4.23798651278428e-05,0.0014338159171092553,0.0001472790604753231,-0.0005594685650239973,-0.019261554309236414,0.003085560878483392,0.003486572816499496,-0.06557717051023065,0.0015264070925102256,0.0016079864086678336
2025-11-13,0.0019487780487802272,0.0020141746767853787,2.2822290430613972e-05,0.0004653488296323228,0.0009956752016901118,0.0016567619489313646,-0.1733342478601675,0.002781266284892703,0.00124448106114372,0.3997825493442689,0.00670312480902941,0.004099471089615286
2025-11-14,-0.0025222671786702525,-0.000635252483816654,-0.00018285985488841736,-0.0014060272306325988,-0.0010915457014856061,0.0010325847121084816,-0.4610198722801343,0.0028252876370272613,0.0028618991267310968,-0.07136531241426342,0.0026040461729413427,0.003633797814639019
2025-11-17,0.0007057319624119848,0.0006946091790342393,-0.0004565239685367323,-0.0020839115752038086,2.1453776675271852e-05,0.0008249499899879245,-0.08084585523354515,0.004457581127815536,0.0021616648142202812,0.20097775614122004,0.005074409187946346,0.008627379929424953
2025-11-18,-0.0012582610637540703,-0.0006851668713013342,4.810095103937051e-05,-0.0008879324249948818,-0.00022498744627251266,0.0007592895300086542,-0.36961072053202987,0.007143479102576152,0.006635378377270309,0.03577109663943408,0.0021631664147929684,-0.00015009645597120823
2025-11-19,-0.0008844603546563428,-0.0009174779721685741,-1.877859726851887e-05,-0.0012094008283891305,-0.0004887902103886609,0.001357507327990318,-0.5447010637969147,0.004922140580020588,0.005720452177325695,0.08584039693310855,0.003908872618661738,-0.001758174484350199
2025-11-20,0.001034681311846068,0.00043126478829131904,2.3778190793963302e-05,4.0647311105073634e-05,0.0002726624615235884,0.0008406156073236397,-0.042992218748255234,0.003962456951132275,0.0006470736349996059,0.0848618513555123,0.0005473456640532198,-0.003281563063345376
2025-11-21,-0.0023600043460988034,-0.0011254860060282367,-0.000127511035892856,-0.001025831135301196,-0.0008079136386694785,0.0007285186410209562,-0.3821805544599904,0.007466792756231302,0.006022118205071502,-0.050192938117829225,0.0015061685976195207,-0.005138798471420142
2025-11-24,0.0015195232380289581,0.0011079432456320708,2.6512215084731987e-05,0.0006368652040061827,0.0008365224382914723,0.0005525378181175961,0.21712008195904725,0.005133702401213363,-0.002795428786780227,0.1446503028198735,-0.0015534704674928924,0.0025530010362052854
2025-11-25,0.0023799387385550264,0.0018432449719936637,0.00038651847348479816,0.0025917645014282547,0.0009630204926710172,0.0004766516064735919,0.17849510876230676,0.005173742023758219,-0.0006380463741019963,0.04520528665662217,-0.005328015088790489,0.006439555216376768
2025-11-26,0.0014905711836584773,0.0015127907918645002,0.0002607189360736936,0.0009322377501716115,0.0007093526344596396,0.0010530555321233025,-0.012172662670311925,0.005423698781670051,-0.003017449104706993,-0.0007691322233532027,-0.0029307180997579204,0.006837617016535897
2025-12-02,0.00010071833330847417,0.0020449135932194213,7.223386426890996e-06,0.0011340507432550358,0.0004484499200371841,-0.0002990093888538667,0.36783483304492515,0.00914839614960402,0.0007080605100936231,0.05791690455363707,-0.0006392197098355505,0.0007748776173699899
2025-12-03,0.0002615713458063967,0.0011909504620978752,0.0002835831228554708,8.011154574617432e-05,0.0002030203387898614,0.0009982243118343943,0.1886545353876509,0.012453895485135043,-0.0018367960097932217,0.36270507446943817,0.002828791808185503,-0.0024665378588918916
2025-12-04,-3.9156077205466225e-05,0.0008725540764862201,0.00022355624563285577,0.0011887792325866837,0.0002096180938124016,0.00031871429021147215,0.17317685900457203,0.0052692221122126875,0.0012606769983373354,-0.00473105718488033,0.0009759452516361459,-0.012438389322693354
2025-12-05,-3.3855246465370174e-05,0.0005413893951225484,2.0938619013561335e-05,0.00028397696023776904,0.00014838263688784397,0.001068854033896564,-0.04818048524307687,0.010012409013862654,0.003383810712937697,0.2318008021317865,0.0036539046529690733,-0.01019697045370933
2025-12-08,-0.0001683143202558903,0.00044901730555084516,-0.00018846907575414384,-0.0009324170208627414,-0.00032293092328183697,0.00047190351867540235,0.03610988513218905,0.0022397720724673413,0.0003919755746067566,-0.005464758298862657,0.0017503568970719254,-0.011412392287442206
2025-12-09,8.327200139457156e-05,-0.00028960761195004944,4.575943748287946e-06,-0.0009315478590248254,-1.8403223575496475e-05,0.0012244230491314585,-0.23644708749677018,-0.005748049280986657,-0.001938951221912622,0.004053882509263924,0.00042294426100153285,-0.005414572764198358
2025-12-10,-0.0007656160567171261,-6.076334372536981e-05,-0.00018010285592012332,-0.00027955695090438174,-0.0002781348989171539,0.0007990798839154338,-0.1213286049828764,-0.0008582682738361934,-0.0021207769139856346,0.026560911466537877,0.0009234365880799943,-0.004937238819096582
2025-12-11,0.0009040622876375498,0.00043095969293387767,0.00037536524922750545,0.0013240386194303946,0.0006817501079648575,0.000392791548639134,0.050527018816965995,0.005367085179936432,-8.173197944689125e-05,-0.03538024316688006,0.0008814965528079092,0.0004329677122802105
2025-12-12,-0.00034234800356642046,0.00040409634305055514,0.00029388277866439135,0.0020257196817629287,7.580725940948157e-05,-2.6444545823183126e-05,-0.01932152962678846,0.002365405782468713,0.00017560592536675795,-0.08187872376382742,0.0008562835260770318,0.005399364523365876
2025-12-15,-0.0013655735637926065,8.154313460127322e-05,1.8977686168466208e-06,-0.0011389750891995284,-0.00048734954454324067,0.001796122145366569,-0.22647663271484095,0.008259345764776872,0.004460839058898082,0.055621973944573286,0.0007279065831263202,0.006770370405185462
2025-12-16,-0.0007450236817550914,-0.0003336371967638755,-8.621572559771112e-05,-0.0005582400405801907,-0.00020479268121951306,0.00035760264359289664,0.034022648546939434,0.00031132039332926664,-0.0023883101832507547,-0.0957715637274356,-0.0013382558073454934,0.0061282360328382786
2025-12-17,6.945650348748976e-05,-0.00019137817077603274,0.00020301552109712738,0.0004113519759621998,0.00022366279164477297,0.0019017258804058597,-0.31632764620545695,0.0014670902953260595,0.0008751071658622878,0.04340940069248218,-0.000531455059340877,0.008301844891113325
2025-12-18,-0.0013088232195088956,-0.0009837316784506174,-0.00024105315987654416,-0.0019833122064776883,-0.0009078466396425397,0.0009727130383598531,-0.19187520572582015,0.00210581483265936,0.0017839630557364384,-0.005518283272443317,0.0024199054093207656,0.004254803796197413
2025-12-19,0.0015216308890074223,0.0005063656680077249,8.99850389157434e-05,0.0005306984924198272,0.0008178416853195525,0.001784250472014245,-0.1948394303827198,-0.0018860615144283268,-0.0016721031637266163,0.14787697905078842,0.001799172130835781,0.006962523042996704
2025-12-22,0.00163026751186533,0.0010616836627527146,0.00019336379821348928,0.0008101231312104902,0.0004914697813674208,0.0014997043837952574,-0.20925797513480546,0.0058623465003125996,0.002482131059591483,0.11412370075439744,0.0012558858242879304,0.0104829412257086
2025-12-23,0.0005768495531894892,0.0011630155304215505,0.00028712803357460007,0.0015097008418610246,0.0004987189278772763,0.000519202616677831,0.09448504512979125,0.0056753291466131355,-0.0014583810836263462,0.23467887053449588,0.005104233182659566,0.0016835054821716924
2025-12-24,0.0003000720390524751,0.0010631943999975216,0.00013040994268638807,0.0006963565210768661,0.00036545117083169366,-0.0005109212831700769,0.1278808481423617,-0.0008769903787020227,-0.0023559214434554867,0.13665568400339667,-0.0007982955725206364,0.005128321280179846
2025-12-30,0.00012978150425378986,0.0009118116087451137,-0.00016253292405091658,-0.0023063506642648996,0.0001597095174653883,0.0004893855027528047,0.1307112634867402,0.003851447233273739,-0.0009347908336751272,0.07712410145648875,0.0007989340877871019,0.0076554111165612745
2025-12-31,-0.00040849653970589597,0.0004432444853531052,9.394543918947649e-05,0.0004638740218501146,-0.00011080905263679496,0.0004640551614312207,0.05508377719605457,0.00325525237929235,-0.0007946828045700405,0.003008871252432946,0.00236711547802769,0.009071706047857205
2026-01-06,-0.0010553950696593408,-0.0001276183561734515,-1.3185607883951743e-05,-0.001663202335492733,-0.0006210124079099237,0.0010247099848259594,-0.09887847008176104,0.007493916023257833,0.0015994510432074313,0.1693498334197882,0.0031293358496164198,0.009602715282051104
2026-01-07,0.00029665343064701134,8.768956096383838e-05,0.00032383013434731457,0.00035290902840797274,0.0004541414101086928,0.0004290601134559885,0.037838484198148885,-0.0016648073295355264,3.2500287029787935e-06,0.030909927105166712,-0.001453908339105013,0.0078600845114017
2026-01-08,-0.0007777325330401375,-0.000993758620122211,-4.212254651838524e-05,-0.0005019169484887135,-6.424724745252353e-05,0.000836196818743182,-0.210912907560982,0.008044321560199016,0.006942474097144146,0.03399078269676291,-0.0006545287571121032,0.00982504066763541
2026-01-09,0.0005148429225702144,-0.00026598054562020036,-8.918094645552136e-06,-0.0005389555209260015,-0.00018233985202589567,0.0004663311015617651,-0.05298686246117921,-0.0011866138430513635,0.0016167255062663624,-0.01885967204970626,0.0004499217595531485,0.008986275631071865
2026-01-12,0.0012820923087764004,0.0007447003112604322,-3.721746965248756e-06,0.00021108523419668512,0.0004422250848786167,0.0010096374223865702,-0.08047750111248675,-0.000729844059871369,0.00046827435041165615,0.04114189625427744,-0.0008609725715155725,0.0018536711135279638
2026-01-13,-0.0004524208780206185,0.00026244204972287013,0.00012280909537187049,0.0013299551500596603,0.00026999727706006425,0.0003422547819271519,-0.14103260248497496,0.004900268890906211,0.0033347767786589956,-0.098486356734528,-0.000500916594625091,0.0008823050946188962
2026-01-14,6.522969103953691e-05,0.0004072939582834519,0.00010915833274361338,-8.122603871735565e-05,-3.998997900646608e-05,0.00023681678730907453,0.06768584458024154,0.0009735430444138733,0.00032732632542839166,0.13213121248440715,0.0032579292276087132,0.0030771686222309837
2026-01-15,-0.0007050566292918655,-0.00012499787730575063,-0.00016564281068990412,-0.0011202344238518253,-7.182026158685515e-05,2.9069096921602528e-06,0.08749029493604832,9.370082654199105e-05,0.0005379429874073458,-0.027720551666102905,0.0008677640527998665,0.0013339892973354634
2026-01-16,0.00019432976895124998,0.0009090210469393418,-0.0001840130214322684,-0.00031796733801187397,8.434282855149605e-05,0.001296884238940526,-0.10665240457505923,0.0003378174455434203,-0.001561636759339247,0.04318333322272282,-0.002357927941496174,0.002672729650339163
2026-01-21,-2.9349161811933854e-05,0.00055269265478617,-0.00019037218518794084,-0.0005548201760149529,-0.00027034633728099835,0.000428593401544746,-0.058705197422027004,0.004417231631109275,-0.0009471420574331676,0.0910734927705111,0.0019234167987242773,0.00014825113627267702
2026-01-22,0.002121665312146378,0.0013283066692162241,-3.9248436876481546e-05,-0.00037074080268633753,0.0009679891586947133,0.000672243773904904,0.17075541383745593,-0.00330473601642964,-0.005317172003344115,0.29392100697047824,0.0043006959375736465,-0.005270250823822918
2026-01-23,-0.00040919332869939146,0.001220386577701083,-0.0004190021349816259,0.0004686380078973061,0.0004957803309976553,-0.0005736133127016536,0.08860317163684464,0.007727949456293523,0.006336804846683714,0.09343762534360056,-0.0005102543321108522,-0.01687860235107651
2026-01-26,-0.0006918499360599527,0.0014289913114840863,-0.0012439097172629646,-0.0013579070968231875,-0.00011766795364713973,0.0007085550230128634,0.019080560669281606,0.00482961853966987,0.0022798534522283477,0.10627544774512102,0.0008913048821040619,-0.04669643672377287
2026-01-27,-0.0004410028023760919,-0.0002570126221850751,0.0004337706531162548,0.001056021844264754,0.0005934389620087883,-0.0007877905813967571,0.12024855046652363,0.0015020575297654633,0.0017148655341043383,-0.22006388516080005,-0.0029720680201122123,-0.03825736542584049
2026-01-28,-0.00025882912753363266,-0.00013961131811863833,0.0006167528077794057,0.002093992810871581,0.00028070043719466577,0.0004131714480592528,-0.058045832143029434,0.009664824870283707,0.0041940626857773855,-0.2476399537011399,-0.0018622251236223956,-0.07817493484843033
2026-01-29,-0.0004984869318224082,-0.00026076222409890804,0.00062275198787135,-0.000648683596983275,-0.000390010517263013,0.0012108056476886199,-0.08897115549642173,0.014807933948584566,-0.0020641087129666625,0.19713276504899074,0.0016552548493580378,-0.035491096185564994
2026-01-30,-0.00010876804306259757,0.00028681457210203104,0.00016711671753695827,-0.00018533300909902528,0.00010454017282783622,0.0011536796883279388,-0.282572250855554,0.005156319543094531,0.002984149772174741,-0.05971500699658486,0.006391408971318442,-0.001161885125556766
2026-02-02,-0.0003531707852914096,-0.0007045279451416955,0.0005016050278721576,-0.00015560539059325995,-0.0003376055672528194,0.001995350120275418,-0.21448558355843644,0.005570129994934262,0.00030551492721497906,0.11984999843713441,-0.002722726967596924,0.04661647694987725
2026-02-03,0.0009001375150594142,-9.619539703838064e-05,0.00038554990070143136,-0.00012683042430782255,-2.5495858483858273e-08,0.0007438008545742618,0.14332753077088675,-0.002603965285572055,-0.002234269829358022,0.04896817821286303,-0.0002080889974782037,0.03652613161268845
2026-02-04,-0.002071339958504422,-0.0006794982980618237,2.641972439843988e-05,-0.000533155361329489,-0.0003174730077135803,0.000642282145109142,-0.11448807644927367,0.0024651112643843645,0.0014761530500911454,0.10812142662087228,-0.0009081053417018346,0.02729374237462477
2026-02-05,-0.0008700605289454519,-0.0011967010623440437,-0.0004263939791144607,-0.00017994252916807827,-0.0004216407898239046,-0.0001561571495350022,-0.05238802256562455,0.0063158567914192824,0.0029809907353556438,0.10489925726085793,0.0036083982194022026,0.048641291559452196
2026-02-06,-0.002327172105976908,-0.001888462798284784,0.00036367024468625424,0.0001382630588887472,-0.00039070034394374725,0.0006657377471245266,-0.23934806308042633,0.0023247205743151746,0.009057982186753246,-0.1946137181011669,-0.0032641076426889147,0.03316709591152443
2026-02-09,0.003022282544059699,0.0016094582121318893,0.00022611197113501662,0.0013767388150305085,0.0012788668860611448,0.0009396661577738743,0.12290171436026329,-0.0002844759310230379,-0.00325434686329195,0.15668460602130801,0.004797476228814307,-0.010242668404877099
2026-02-10,-0.0006299799272965615,0.00027333561374870874,0.00035792207703238014,0.0016608595029190694,4.84930758246062e-05,0.000597788663684484,-0.042254959265344026,0.005931081890132263,-0.0017549887990217017,0.04799876377338343,-0.0005716748562235052,0.016119458477126033
2026-02-11,-0.0003736837544929863,0.00012130750844997735,0.00011018019775854373,-0.0005638465038023902,-4.503944045297634e-05,-0.00024271981166022684,-0.001041622239188189,0.003338402439859102,0.002618688274985724,-0.05651171190141718,-0.0001975243756872939,-0.007617471085478286
2026-02-12,-0.0004699532152913825,0.000681502217635291,-0.00030077203958019365,-0.0016637420120039254,-0.00015658897641725438,0.0006922037225945255,0.17274970754465635,0.004848044141477533,0.0023318181587579827,0.28370632005384466,0.0026921264580710104,0.04140679661865846
2026-02-13,-0.002235450795935243,-0.0013929345174319664,2.02495378154613e-05,-0.0020185725317742897,-0.0007221740932762794,0.002304056516561034,-0.3818215874676084,0.0037769730950941863,0.0014820737250356882,-0.11665720986047926,-0.0027439615438375814,0.014210801302914869
2026-02-18,4.0711858598265155e-05,-0.0006523317165437221,0.00023673005319354721,0.00041241328697787266,-0.00020236755671725575,0.00039457220276627777,-0.015980161917126236,0.004941642011631329,0.003979151459810065,-0.1333636833038849,0.00029853517968835225,0.022044087332460768
2026-02-19,0.001112963644162759,0.0006010625609389292,3.0416501490351905e-05,-0.0003917576449335986,0.00033848619621092136,0.001772241902897335,-0.2114367977106088,0.0029172135782405025,0.0017024731163162285,0.25703005574517374,0.0067797433752760546,0.004137638761545571
2026-02-20,-0.00033359468057908516,2.072268299484763e-05,5.838738987233508e-05,-0.0007330897104705738,-0.00036503021307677873,0.0015629778860524065,-0.34727498657986483,0.004360506060724469,0.004935231095677229,0.011664619154705673,0.0015787781702364233,0.005509295643005607
2026-02-23,0.0009323999317952115,0.0010625513427736763,-1.702182980940292e-05,0.0004867978815748776,0.0005024566046812064,0.00029896284880649655,0.09884016684597674,0.0030206722397702755,0.0005005982982037352,0.13153144663604616,0.0023292785326941793,0.007058570489663362
2026-02-24,-0.0015720043171683499,-0.0005061690872239658,0.00014561928933582246,-0.0005581661383484408,-0.0002317387321062381,0.0004060180921815416,-0.04938124627689939,0.006044591199694491,0.004039623602958608,0.11951846520854037,0.00258197219975253,-0.004279673107349526
2026-02-25,0.000803112025824615,0.0010133169327606279,-4.140988060600007e-05,0.00011410792677456608,0.0002916987598158371,-0.0006346568960140298,0.2599432912936787,1.097346583605989e-05,-0.0018988303559655478,0.005343980009312278,0.0001659667587082833,0.0028714444060095406
2026-02-26,0.0009053298376700597,0.001214015499224208,2.5352424470146285e-05,-0.00018404269884346594,0.0006096975021189297,0.0008952590182182908,-0.011370140292853416,-0.0005309791675041035,-0.0011352698585630455,0.16308618938196354,0.00099758782274586,0.0027896927933286093
2026-02-27,-0.00048334326269798257,-4.914359269951028e-05,0.00023937591145129983,-0.0001252155852118379,-0.0003390709352917012,0.0011889869263321693,-0.2061250693048806,-0.0016928214969106166,-0.001474742808081792,-0.036784101852989054,-0.0024681280955781183,0.0042837453583865585
2026-03-02,-0.0011217004978903587,-0.0009920271606274917,0.0002096073482127456,0.0005572848804795032,-3.851986416563425e-05,0.000284936726401216,-0.015046850978741297,0.006041257268652749,0.006399255100028418,-0.029453522367301282,0.007556001422246553,-0.0004957652024337489
2026-03-03,0.0006972527641302851,6.958740335702066e-05,-0.00022470820021823257,-0.0029917554245732147,-0.00016919259170781743,0.0022655944591084085,-0.35249754344544215,0.006667875804106181,0.007992621518812316,0.2746316247094128,0.004110968976084522,0.00469655226497766
2026-03-04,-0.0007095737245439932,-0.001000872218917846,7.088868492688931e-05,0.0004671753479778314,-0.0009534535247884897,0.0015960470501362872,-0.2986821790121889,-0.0025174097995199363,0.0035688070490115503,0.1402432640611212,-0.001081786841677427,-0.0009513692395015366
2026-03-05,0.001495471025799479,0.0014739219641054647,-0.0002948505086900031,-0.0007584949887431701,0.0008733909722296494,0.00014017124403035953,0.043074245690980346,-0.009883742612900665,-0.0030065480290927303,-0.03668863085275462,0.0009338338662639273,0.003039536457146024
2026-03-06,-0.0007639433635451287,0.0008391435797270792,-2.84067196366685e-05,-1.2435016299777499e-05,-0.000533517002695949,-0.0010643445438930604,-0.09388239542473566,0.003380958005622847,0.0009590875254655396,0.20268992687361687,0.011775531568941743,-0.006779123327459889
2026-03-09,-0.002518389635238595,-0.0017220165134558688,-0.0005881184990858212,-0.0013250743600244613,-0.0006974182143209371,-0.0018946133542981696,-0.05628016758556481,0.0032566197196746962,0.0036481956148985946,0.2617476598453747,0.023609839590852173,-0.00018883948196079712
2026-03-10,0.0019951495678731373,0.0017714374290353498,-8.848371723928847e-06,0.00012941825276978987,0.0011104789061639536,0.00035273911884320256,0.27377721156476675,-0.005316289822218312,0.0015427152348553655,0.251547447581685,0.017660479096158817,0.00806145234780456
2026-03-11,-0.0025106167054977464,0.001500712892379592,-0.00013721095028901617,-0.0002104958862953437,-0.0005022927457171441,-0.0009627076005839511,0.17501692545724953,0.005000122226876425,-0.010130446382977613,-0.04847028405331531,-0.02984254896947671,0.003540253549346466
2026-03-12,0.0006367897930411747,0.0017371570367179505,-0.00036626963626986835,-0.0013416556733008057,7.84548624554071e-05,-0.00033718441678717034,-0.015185972314641326,0.0038404482518264067,-0.00399789588420334,0.6075078088344757,0.014245482592854639,0.007593688114045496
2026-03-13,-0.0011238769903087497,-0.001079892495386114,-0.0005139016526859348,-0.0023880293584722643,-0.001340612731267402,-0.0011680513643639178,-0.12196759646340272,-0.0008591458735568254,0.006502626008168333,0.18776745594092403,0.013448942605019533,0.004264053667956608
2026-03-16,0.0011321786144740708,-0.0012187682477665758,0.00014226134313851687,-0.0014316682111373015,3.9198150934875085e-05,0.001414681909906762,-0.34477077225260916,-0.0026263257555113667,0.007826817023676536,-9.368477160770494e-05,0.011530768657314486,-0.002477542861281918
2026-03-17,0.0007581884060219704,0.0015807277381506594,0.0002947507128780548,0.0017074346859266608,0.0004185665741518551,0.000560409647054237,0.4045932835814138,-0.0048534186683285045,-0.005728299605647535,0.0040527200282554215,-0.014084640420805114,-0.004476195430075429
2026-03-18,-4.2754962054483906e-05,0.0014616024548784782,-6.098155607577366e-05,0.0007617204725444864,0.00018325523547925654,-0.0010039746967767608,0.24485192520401516,0.005649801583599836,-0.005213844884370409,0.30048436458765304,-0.001707174421053045,-0.023313247378535816
2026-03-19,-0.002358358907724904,-0.00046565956349592244,-0.0005676704333753102,-0.0011788498761994399,-0.0010243556726871725,-0.0014284069082739098,0.053197509559891464,0.005975409709523791,0.00237309332237243,-0.33177739465948114,-0.02096402322471866,-0.028126952018170233
2026-03-20,0.0006037542321869916,-0.0006892246025214553,-0.0002391119244420063,-0.0011554738758295594,0.00017368636361063248,0.0003071059532634738,0.1927291409526737,0.0033723521955350533,-0.0005812783579033773,-0.7454969649758779,-0.0034505404503092987,-0.026171639619801765
2026-03-23,-0.0028115651772656325,-0.0014606931211964915,-0.00029182690363142513,-0.0011862187901643597,-0.0012420621048312805,0.0007722029588906524,-0.09380949750104263,-0.0014613276857376226,-0.008485519799246003,-0.3387497328729557,-0.008120197167204643,-0.023460213403411263
2026-03-24,0.0007444377264451538,-0.0015561563445451617,6.984117469840861e-05,0.0010332319014693266,0.000725209371771412,8.182555985334998e-05,0.08110526099337526,-0.003875139733204821,-0.015635453616272246,-0.7857298423416965,-0.021877753609799704,-0.022810417289300076
2026-03-25,-0.0006696538343561215,-0.0012418548972608385,-0.00023717883883537778,-0.0007710883989423584,-0.00027451195184893974,0.00023741112489899054,-0.25021629655234345,0.009048492573111206,0.00848006733763295,-0.38600565942113746,0.002130921234019294,-0.012923307504036755
2026-03-26,0.0010712295884440443,-0.0011751677850055534,0.0003261354906276543,0.0011559092575296295,0.0007687238592291859,0.0015615873932410087,-0.0027811045759392958,0.0032438813271863827,-0.008294895311513192,-0.15381962291518092,-0.013117818772191486,-0.008946679557436516
2026-03-27,-0.0022692773967739176,-0.0022728677997153343,-0.0004691174430092613,-0.0030140575690911025,-0.0014013869651166209,0.001324818213368073,-0.5953497704870656,0.003622283912350307,0.01902834232068783,-0.4045863645301711,0.0046343060019018775,-0.013395510196740665
2026-03-30,-0.0021682999228636087,-0.0025336928254964352,2.2630843668905745e-05,-0.0009547968463148068,-0.0005871609205716578,0.0025605580370942735,-0.2584199516815224,-0.003699437836237232,0.00033503969886825003,-0.09412679022656491,0.00109648692547442,-0.01841988049201694
2026-03-31,-0.00017665964952865337,-0.0016012728667736276,6.917583944529164e-05,-0.00031415175787902194,0.0001315891349202905,0.0001458787210531329,0.006113757772041643,-0.007971707964517984,-0.0007726937660225194,-0.20068220506841117,0.005280698370766134,-0.007484425955974548
2026-04-01,0.004204359159062527,0.0023613637837905173,0.0003181344525609618,0.004327735422011811,0.001732407999285317,-0.00016087632270167182,0.3851639836420341,-0.005771896797876093,-0.009056682986722917,-0.38441072766640433,-0.020960923720694198,0.000829148672143668
2026-04-02,-0.00045753086623447173,0.0008016177474193154,0.00010708126759601657,0.0015336459106097126,0.0005769162103015895,-0.0005617325390156691,0.08320516829188873,-0.004803679646509886,-0.010819388857327566,-0.24120844244954343,-0.002005694280545451,-0.004290150067196747
2026-04-08,0.000812028225287119,0.0005570405534989668,8.406242855322334e-05,-0.0008426585702983269,0.00024373651332826204,-0.0008244286682875423,0.43991675954131604,0.0006567221845119315,0.003364817530758505,0.29139512367991416,0.027869074018159065,-0.0022403028625855147
2026-04-09,0.0013606975910227894,0.0012173714456111399,0.0004940119989597899,0.0022229330960127224,0.0016626882457865051,-0.0011296653852105657,0.8274039967186048,-0.01264828980973421,-0.012811813762728837,-0.3107134719789352,-0.042717273306116056,-0.0011213030453341016
2026-04-10,0.00099583773733594,0.001292332577043926,0.0004797563532622953,0.0007311393248410122,0.0007868782427802785,0.0020591823761175487,-0.1429207987316622,-0.0026544152659312608,0.006194541250102003,0.3132586490392352,0.012870051507317765,-0.000991874513546396
2026-04-13,-0.0008203506834441439,-0.0015167225780370285,6.085731403961116e-05,0.0002562675950105211,-0.0008371147757599009,-0.0009612930200859576,0.4790752955659635,-0.006398478175328311,-0.006802440103316751,0.18879959392969647,-0.008434218461046639,-0.001866584279767248
2026-04-14,0.0017780998175745016,0.0001590030798093101,0.0004452027075472765,0.0011478788630447817,0.001206647789583427,0.0005947466673476602,-0.28459142037076646,-0.007456661277731535,0.006619907115384474,-0.5246605775027032,-0.002849503513863928,-0.003156981512259139
2026-04-15,-0.00026295362125742036,0.00018176477119359607,0.00048011957065983464,0.0012688480610548293,0.0003282248514587839,0.0028839087140546723,0.05767608262811488,-0.009573067870795694,-0.0023987166394152876,0.12361285395225367,-0.021551952890027124,0.0013915341842313037
2026-04-16,0.000462155690190386,0.000958189646913032,0.00023540400103532326,0.001120911754021842,0.0004007369326156212,9.325909640413147e-06,0.056808109997808665,7.384829886114899e-05,0.0018962047347943494,0.17228021772332197,0.005723006692062372,-0.008608363964276918
2026-04-17,0.0005762203424166375,-0.00017215279679267572,6.920204840516378e-05,-0.00012427593315624027,8.682724006361424e-05,0.0003170196478742891,0.13532461470337878,-0.0032924379562592086,-0.004745701569877647,0.2285101189470462,0.008782586593311138,-0.0005947498080579365
2026-04-20,0.0007762734393934893,-0.0002464705867985952,0.000560120976956366,0.000704755858982617,0.0013265659540920127,0.0009837408808881505,-0.07523902838567482,-0.0056542639561025475,-0.00017499855684153056,-0.1146068868035217,-0.0048636095000684585,-0.00399709909396677
2026-04-21,-0.0003937836196672419,-0.0002494697052642452,0.00012060774856593711,-2.4984786327248923e-05,-0.00047648689445993573,0.0018470585519134682,-0.2367550413077305,0.0006302032692961318,0.0055517297077296,0.3692428427355715,0.011760309203108733,-0.0020131837243949255
2026-04-22,-0.0007227436155586552,-0.0024644615006964342,-0.0002678331264067177,-0.0013982053821854138,-0.0007315791961964285,0.000717462879912357,-0.08323245779851751,-0.0014528729779609319,0.0008225028760836371,0.34207386552994024,0.0027370441348733908,0.004190227788314131
2026-04-23,0.0015091615637951048,0.0009528326900967028,0.00020629220157504684,0.00045172846185818357,0.0008477133121249106,0.0015985799524159236,-0.4821643934077232,-0.0042917688049428065,0.01030826591321198,-0.6243020343151081,-0.012885387666187383,9.684581017223816e-05
2026-04-24,-0.0001225582500141622,-0.0001689421468003069,9.910532021426475e-05,-0.0013171408711094843,-0.0005043953218612714,0.0015626403587311842,-0.09722546356264984,-0.005471443457207873,-0.0017658406179904055,0.34421477261331757,0.014545962931745943,0.002564922676105199
2026-04-27,0.0009538872219412005,0.0011279944464402262,0.00020805313947379762,0.0010569452960428314,0.0008558260560309674,-0.0008728408553844019,0.21954266070319753,-0.0010019948538098986,0.0003804395185933731,-0.31574294844936723,-0.0006814278567149452,-0.003149159068851873
2026-04-28,-2.362473680932849e-05,0.0001337745906260878,4.140860212156259e-05,4.74713473031248e-05,0.00024771414472315236,-0.0009533605428854964,0.23923146247316004,-0.008452101726064597,-0.006740785047277795,0.22029042034326035,0.004569861746192178,-0.0056373028054479465
2026-04-29,-0.0003166522476248141,-0.0003553283231683335,-0.0003165840880892175,-0.0014852217962120866,-0.00045448493628352847,0.0008288539755984693,-0.09374370551596842,0.000678961624044606,0.004658987659954021,0.040781336638725324,0.004802273733355412,-0.006287809491100966
2026-04-30,0.0010036589654128555,-5.509190983076355e-05,-0.00024172643986950898,-0.0002246613776071943,-0.00018492585487220277,-0.00022192448098867583,-0.1524868914281642,-0.007155096702749541,-0.0004413691480328909,-0.32933675179782745,0.011348575583028942,-0.01677608152595231
2026-05-01,0.0010247984380523044,0.0012213019513206075,0.00037145554697099814,0.0010343849727717544,0.0010087768534143627,0.0006896546937862071,0.10754018638304538,-0.008777118211103142,-0.004263066298203954,-0.08562230311141629,-0.006690935390880866,-0.003349464531776064
2026-05-06,-0.000690349269061393,0.00040838318184443037,0.00012913754785920828,0.0008145931638659938,0.00017556680297684928,-0.00044127833610872963,0.10222786398352446,-0.002810772606904899,1.726849886551896e-05,0.08231960165495958,-0.0012259140726946427,-0.0036460746895111244
2026-05-07,0.0005679491060681124,0.0006678817019660107,0.00024518381716935443,-0.00015973368841501362,0.0009369506694636475,-0.0008328113202188017,0.266973804686197,0.00021480746484674683,-0.004941316547439306,0.223228330056779,-0.001978330312744367,-0.003646214454721534
2026-05-08,-0.00027197205236220484,-0.0007278575062333819,1.8615781261722837e-05,-0.00014737288759660299,-4.9182479558164424e-05,-0.00040956207278878415,0.07562895854034804,-0.00598109524678448,-0.0002672100656271536,0.23857058876031623,0.0062790080899676505,-0.003330845075726045
2026-05-11,0.0009618234623370209,-0.0005331865748242595,0.00019152332110634906,0.0012112042990544054,0.0003310679987390653,0.00212537982715551,-0.17740405516903993,-0.001014290044419126,0.0005187800263206815,0.1777677285816536,0.0006287259023012243,-0.00708984782648948
2026-05-12,-0.00015691666277085236,-0.0003904497029923003,0.0002507638391426341,0.0005504165681666883,0.00013557708704334853,0.002004967135888364,-0.5119680993547784,-0.007041303984392788,0.006458370244330431,-0.10303260690005146,0.001666017564121176,-0.007712837492318889
2026-05-13,0.0006800578165640148,0.0007545921805253576,-8.631462501037904e-05,0.00025972675345170456,-0.0005607156000610478,0.0020579706155071506,-0.07267754317661002,-0.005655682141958716,0.0010543207626266598,0.06094243817875705,0.003891996913962829,-0.005932695125749802
2026-05-14,0.00033538108266942224,0.0007349525325372387,0.0001972963505395501,0.0004978147066321559,0.0005934035094109387,0.0008361483722509324,-0.0675635416824066,-0.004194822505259729,-0.0024788798934153667,0.034302241395776124,-0.003061104829836158,-0.004623696763410966
2026-05-15,0.0016159464620999408,0.0012046487535895781,0.0001185829735585444,0.00014076616245616857,0.000599217589250637,0.0005000461604329427,-0.030928937649744005,-0.0048583964032776,-0.0022928209806407328,-0.009952938566516467,-0.000862258678904371,-0.005434375978486897
2026-05-18,-0.0005086639846770121,-0.000942778656785311,-0.0005255210479848835,-0.002549780860251457,-0.001199474532573074,-0.00015261231930243952,0.02171702698096612,-0.0009737122778323121,0.0010583479837147733,0.09901223644029752,0.010468340548068914,-0.0005637826785642289
2026-05-19,0.0005801114452443554,0.00036394875563732735,-7.139544315736014e-05,1.4168906727003651e-05,0.0006118292978882481,0.00023575610296874762,0.02154845846839936,-0.014811010195950061,-0.006683195039627221,-0.17346826938181142,0.005260715326741081,0.007523107495449657
2026-05-20,-0.0006359941586114717,-0.0003306323556264303,-0.00023290235856102858,-0.0010195937557979737,-0.0004932782490251471,0.0007961061578520833,-0.23191736439248561,0.0028357166303340053,0.007454854474305411,-0.010877290499881204,0.0034078509807197203,-0.0004559031649587894
2026-05-21,0.00035315808899348533,0.0013532979000593771,0.00025610921610278077,0.0012754792311267587,0.0011219531054523638,-0.0001928869013119003,0.15222980520912097,-0.004109226101097384,-0.005831261488267934,0.2018321666873999,-0.020738658199829244,-0.0031795063204296866
2026-05-22,0.0006631063768413524,0.00044661270870378515,0.0001338179875412473,0.00013308732269017183,0.0005016737919832483,0.00040767240442049946,-0.08227941206910724,0.001521153896559887,0.0031485635385898377,0.4498411880816717,0.00429786579488632,-0.005949552112918055
2026-05-27,0.0002982860140322229,-5.553212223675526e-05,-0.00019072156308034183,0.0005458158656013259,-0.0002991327281695646,0.00026167681824186366,0.04756747809072107,0.002519985005733622,0.0013533304478552787,-0.06668359038784306,-0.004637390958719595,-0.005629551768914847
2026-05-28,0.0005256658775655921,0.00011741768880582523,0.00022712943236627572,-0.0006788343687346857,0.0006536995556220823,0.0012544002399043747,-0.10949574200524262,-0.004338473286765452,0.0016562398859086113,-0.09989172997033104,-0.008958111194412723,-0.004994560626325734
2026-05-29,0.00041187709117512485,0.0003663218397546138,0.0001634090765788212,0.0006591567490890197,7.544089610862128e-05,0.0020633273570116423,0.009855653651272521,-0.0003827129296655805,0.00209024147816977,0.14063003099554797,0.002458212046281147,0.00434751141612105
2026-06-01,-0.00010324184524050696,-0.0004474600185572146,9.484183328183026e-05,0.0011832438275209771,0.00033812678274880697,0.0014340574677376484,-0.06216024055247092,0.001784482871108722,-0.0002820775011253202,0.15937895824331783,0.0018256020051550194,-0.0036231690407871994
2026-06-02,0.001020224498346442,0.00018432985408363994,-4.000937201967784e-05,-0.0007308080268264577,-4.394692795646215e-05,0.0017694393842850962,-0.27885186844396026,-0.006190829620677515,0.004844010308550404,0.03346986352976252,0.005979778494756368,-0.0009894747310220972
2026-06-03,6.89525257724864e-05,-1.0686923780701306e-05,0.00017328335084099811,0.0008576031714347752,0.0002921105881625308,0.0018300884013085924,-0.08617385920669518,-0.0029632843503834107,0.0006723910898579715,0.10165670045711075,0.004810691248741708,-0.011577479698561205
2026-06-04,-0.000282561409551344,0.0003759479421967945,-0.00012884679268624873,-0.0017430048866810093,-0.00048559091622955733,0.0010624991097241646,-0.13925417072121116,-0.0011093133982573978,0.004877764208583801,-0.19860658090232824,0.001324380425007265,0.0023894972082614432
2026-06-05,0.00026873803092591886,0.00033761475800062166,0.0001435531473164322,0.0019970013550798652,0.00021106746335964417,7.295688321102558e-05,0.20217717786793893,-0.004417849243774372,-0.0032956510762223975,0.13281788902364017,-0.0019870514117430508,-0.0030799718485188753
2026-06-08,-0.003668263023713688,-0.002101394998235271,-0.0006661129148819372,-0.0035449428130691417,-0.0016574022202879685,0.0010817074280837535,-0.6533505564952562,-0.006581310134514731,0.004042482599777922,-0.03908728484291807,-0.0028848354384662165,-0.012047626978696586
2026-06-09,0.0011939242980158736,-0.0001845985864414605,-0.0002386280947424372,-0.0018341055801768908,0.0002457466901423147,0.0003262564587140246,0.18967751423112666,-0.009874858159754613,-0.0028799565434554954,0.031403167264422056,0.0033528242730338225,-0.0071188716697546
2026-06-10,-0.00023656460847050362,-0.0007550576866574806,3.436025658578397e-05,0.0003060097356527338,0.00029899050804743383,0.001492815160381549,-0.4510226388459227,-0.005694789669092459,0.00023532521235159832,0.004780570852290805,-0.002164019758686968,-0.01182458701656549
2026-06-11,-0.002713627031681468,-0.0013922061102395237,-0.0004021955589346289,-0.0030780140629710693,-0.0011279983015739915,0.00041537092388772894,-0.37821259101256205,0.005545245504655189,0.008540018344361066,0.19746703035293361,0.00445603192639729,-0.015344395608282874
2026-06-12,0.0031840357589228803,0.0010965723858246445,0.0005793512971983475,0.002342778268351163,0.0018492952228363227,0.0019256847530231777,0.1714163375279978,-0.003136908864028899,-0.0017137284488093552,0.12958398653723285,0.0018492688056687583,-0.007033892423854115
2026-06-15,-4.798328219746481e-05,0.0006636097762728161,0.00010422073911882604,-0.0001800556781544686,3.0006424935556825e-05,0.0007081507298364381,-0.17910623593290895,0.003327650693360826,0.0033222949787813398,0.10930122643966117,-0.0006880100370811805,0.001095397339333515
2026-06-16,0.0014092986263389174,0.0009536307242067289,0.00036920251783175616,0.0016534355201997808,0.0011715175915604325,0.0009574660370215455,0.20864716328408017,0.0027635049627914854,-0.00045548379067379143,0.3457798659460682,-0.0009760879004145665,0.01949928829200403
2026-06-17,-0.0012877716949344937,-0.001044768927697878,0.00013468560505671456,-0.0009173699399168206,-0.00040116404393139614,-4.919444950929872e-06,0.11477006096809478,0.001454208366275309,0.002655147989404695,0.16489870594392747,-0.004983803826971676,0.02081427087827569
2026-06-18,-0.0016794662638602422,-0.0014679427210984254,-0.0005746167402630752,-0.002660102098946825,-0.0010039326654873422,0.0017085242895023443,-0.229209909133248,-0.0036397705410908406,0.006854378642385895,0.1743281102320756,0.0035341461082823208,0.014486185166845206
2026-06-23,0.002611319233356956,0.00010337998902097357,0.0003229859958394269,0.0008977072920776805,0.0005800561899201973,0.003288110795633542,-0.2334269256326417,0.0001150231040779495,0.0034609788320180968,0.04924536192270401,0.0017936971084214744,0.01411935876591063
2026-06-24,-0.0012208200476537014,-0.0016869588941987026,0.0003359329858706719,-0.002229561656254734,-0.000572420303488774,0.002299093855147773,-0.5137266422201234,-0.00604774445346847,0.006894367561004053,0.0017877069240209847,-0.011922854543479166,0.0010237284947037701
2026-06-25,0.000362052341226224,-0.00030541425710756923,9.521701602933588e-05,0.000362052105549715,6.00907044081296e-05,0.0019215786809848,-0.029147700618976653,0.0009055962127133537,0.006760679825693268,0.20252049295864905,0.000585114535233969,0.01485901715216837
2026-06-26,-0.00071305414076431,-0.0001976049284038361,-0.00011037789504241845,0.0004334739819108547,-8.543702177840303e-07,-0.0001464120306200658,0.007443194141583391,0.0038417036113765107,0.0029942541328282068,0.03302101899526158,-0.0003989815539778101,0.011905821380272682
2026-06-29,-5.761961684367471e-05,-0.0002830311681032067,1.0574279822437733e-05,-0.0004803755919400364,0.000216537159155869,0.0013599029546344627,-0.10837278698559338,0.0017205523973616301,0.003986104244416261,0.22141529658472553,0.0028599162410931768,0.01575089048134759
2026-06-30,0.0020953803220706137,0.001291579812080135,-2.607200616951173e-05,0.001509882106542325,0.0007084234022725983,0.0009297046540860752,0.019572434277716218,0.0018022677308379993,0.0025326124194084976,-0.05289448354244296,0.00069325967679872,0.0017064763321202507
2026-07-01,0.0013127321812132174,0.00024411641677458002,0.0001796435732080401,0.0005837114590831552,0.0006112589525465467,0.0016629269467094,-0.05403419702385707,-0.002191665087759713,-0.002465245661161573,0.37405503013737906,-0.0001297985211865056,-0.0068322707476402185
2026-07-02,-8.573480526772562e-05,4.1768201339193497e-07,3.70844516372311e-06,-0.0008286291993447174,-0.0002177703556045085,0.001200964213305428,-0.1602458894484596,-0.0009632113624846667,0.004962082254967491,-0.08596064176275577,-0.0014985644494293923,-0.014506379847088847
2026-07-07,-8.776809672339752e-07,-0.00018849039645405403,0.00011275158744059123,-5.677601002454764e-05,0.00013023299771032382,0.00018829538743721382,0.1411675469065733,-0.0032666067736965613,-0.002054120840731162,0.05303127205929294,0.0022256749400341325,-0.017359167474227288
2026-07-08,-0.0003974733469491349,-0.0002892880365463926,-0.0002588825706931494,-0.002532271254881843,-0.0002462372286315729,0.0004161801356971758,-0.14409071770871296,-0.0005601474627370982,0.003300372150250805,0.06357762993544444,0.0024168773009566676,-0.015692380001565653
2026-07-09,-9.993748743332949e-05,-0.0001792014847616479,-0.00016530319901998826,-0.0015773331645048592,-0.000312480288408554,0.0007367108624446915,-0.10928488305882059,0.0006172334660944458,0.0027356879021273608,-0.001581476614349292,-0.0014535515713368747,-0.00871485991886752
2026-07-10,0.000969529757881524,0.0009772541590097976,0.0003946855964690999,0.0012407133123320344,0.0009489811012483301,0.000927580966053797,-0.07315084286084833,-0.0032839517396865887,-0.002002619631944925,-0.08589713087560934,-0.001165085387463949,0.0048274571633752355
2026-07-13,0.0002397971441158016,0.0012840971193540712,0.00014795064363154752,-0.000894455853434569,3.1782742651032984e-05,0.00013931494140133522,0.028491048531446496,0.000317834059793189,-0.001013534275460687,0.058144586797007305,-0.0014742717568465792,0.0037073797754480077
2026-07-14,-0.0008038373043306781,-0.0006749070937631046,-0.00030538160212958184,-0.002609034889474942,-0.0007153778931187567,-0.0003234401315477354,0.019862273743251398,0.0025281563414873754,-0.0004413030666923106,0.2836363440230181,0.007265489122891685,0.002067673435165827
2026-07-15,0.0004039483684999418,0.00021317804746568442,0.000367313189184753,0.001290394214370957,0.0007087106440163839,0.000588450043339041,-0.0108116494652606,-0.0028964401339300746,-0.0019401143907055523,-0.14683410289294646,-0.0034738191607107008,0.017671833185069864
2026-07-16,0.00010481579875626559,0.0011136432643228465,0.0004003329831151807,0.0005007657854414994,0.00040883854312911733,0.00046275026115349347,-0.001074987986806289,0.006153024534663555,0.0031591079752592115,-0.1573310800013333,-6.286061490399456e-05,-0.0006696278720369978
2026-07-17,-0.001173213181808522,-0.0002499201294752855,-0.0001322402046944022,-0.001608300482604378,-0.0006223058509806876,-0.00016909665259986053,0.12133113370521412,0.003414293724375442,-0.001806614661954824,0.2062089198720092,0.005044702272791662,0.004696295782981155
2026-07-20,-0.0010992988719758779,-0.0008767957943047139,-0.00016066010321331162,-0.0003359309424737613,-0.0005835748884557578,0.0002754862645506006,-0.11448219958681333,-0.00023304766027301563,0.00013146999039343452,0.07412591937130812,0.005371349731823398,-0.00020524981340258144
2026-07-21,-0.0004562932653500748,-0.0006908773890747969,-0.00019988087125524684,-0.0020975905982158656,-0.0003092747680499964,0.000985043550418807,-0.15976541136159716,-0.002077256842602758,0.00016469719860540632,0.025067120129542625,-0.0011549827287066694,0.01289642106244917
2026-07-22,0.0014403971712346835,0.00138602240323097,1.0516265618192167e-05,0.0003899072997931082,0.00033731050084835504,0.0012125942258307864,-0.14985328853480756,-0.000689956799981547,0.002042683362427501,-0.04881441025375949,-0.008494131162811737,0.014942800380018528
2026-07-23,0.00015201422584882593,0.00016016231783206323,-0.00018814327559415664,-0.0011315136606404792,-0.00032330333925134137,0.00011299619976403406,-0.004412736666899751,0.0035592614037849206,-0.0003694347102613459,0.13757367851645663,0.00447842060437517,0.012586606932864949
2026-07-24,-0.0012504625383828792,0.0002826984001344072,-0.00027183514608512783,-0.0024799644244164662,-0.0006645979188317524,-0.00026953132960873857,-0.0430521667886799,-0.001988576697305784,0.0014777355941575786,-0.05165856033783123,-0.0024144362274277245,-0.0009763672511833669
2026-07-27,-0.00022663905860832178,-0.0006299225371005026,9.034371086151207e-05,-0.0007499635380082438,0.000166004383897413,-0.0002309364088083646,0.22111103115165284,-0.0009531178405561553,-0.002207476362677404,0.02004423978330152,0.005214183256458595,-0.009877988761052788
2026-07-28,-0.00043239793326705267,0.0007949209485415905,0.00017581161640854685,0.000638469697859756,0.00016109060570186919,0.0006479005932719047,-0.06083290891737113,0.002931538154967255,0.0027028166171731956,-0.1588571213513727,-0.006239539089024665,-0.008520287597109875
2026-07-29,0.00032311904336268044,-0.0007522400183068123,0.00018822583537942068,-0.0006108366700570784,0.0002522029304687728,-0.000505286215932968,0.25491202871391194,0.003346365735151134,-0.0029676891634259537,0.46451814755783893,0.009518897767004297,-0.008816777516088893
2026-07-30,-0.0013510021422355667,-0.0019182337788282314,-6.534718633941826e-06,-0.0018071476225306306,-0.0006104418733628979,0.0014356003097929157,-0.4314193175957179,0.0005232006711795348,0.0050508599736919365,0.17403275893311418,0.00768459719842168,-0.0007675448822605774
2026-07-31,0.0012699077442888205,0.0003912895747490321,-2.982671635298002e-07,0.0010596084909487561,0.0007162587595880447,0.0006344746766109098,0.08736245635864581,-0.00047607677907936284,0.0014193914626134004,-0.21276561088565574,-0.006015490408322024,0.011979727283031356
2026-08-03,0.0011190589355836893,0.002014495369135026,0.0002126284108217949,0.0008891399201463392,0.000543475491029758,0.002095892988177717,-0.2810894817525527,0.005101222240809866,0.004247005822450287,-0.051627560059814406,-0.008060403190685838,0.011897596823354664
2026-08-04,0.0019068303590632928,0.00046724636510518094,0.00039689454751723073,0.00021243063747719505,0.0008234491707591605,4.7509314626735955e-05,0.2060374506047649,0.0010041618343381872,-0.004915977435180336,0.22276044801435446,0.0027739020091298323,0.004329879881597546
2026-08-05,0.0018573838163381553,0.0010848805621886347,0.0007415298932657293,0.002508437581672316,0.0017398995643664898,0.00040534927872115683,-0.042452253120205355,-0.0008539598352165431,0.0006302095704025716,0.021160030089255898,-0.008746990058436667,0.007521403893888359
2026-08-06,-0.0004271599921664459,-0.0014247995233295633,0.00019808487448493266,-0.00016208273756341266,-0.000524309372508756,0.0005020120782255391,0.27307178133212334,0.0022641369002734846,-0.0017112378975721945,0.379508499451481,-0.00010219399286287957,-0.002893340842706297
2026-08-07,0.0003556717857896894,-6.899544162723385e-05,-0.0002488355921376503,-0.0013935391440670014,-0.0004688918191565687,0.001285151442558456,-0.10879653915277311,0.0007626339600843729,0.005260833418481676,-0.09376749100305456,-0.00168215404994513,0.005588239550296889
2026-08-10,0.0004878916901319575,-3.0314246692423726e-05,0.000393022420258788,0.0001534670336653954,0.0007724945493397669,0.0014025611341953693,-0.15965460225023753,0.0013221367292223086,0.000795436789768992,-0.07643706152306018,0.0025877765774454777,0.0038075489599215815
2026-08-11,-2.4990265089602087e-05,0.00027241763797290124,-0.0001221669915463156,-0.00018481341939042542,-0.00024581149789272376,0.0009822192420152493,-0.10687605306896265,0.000727257021232532,0.002948810753259908,-0.012557054880755175,0.0003940203206589646,-0.0014576415785933973
2026-08-12,-0.0002659003189107933,-0.000338797596598171,7.942058675969107e-05,-0.0008112035130075078,-0.00018401166084810913,0.0005147663647508064,0.11777448865893239,-0.00036794297310629174,-0.00011116357213400321,0.04156726760624413,0.0007827408892429125,0.002874171262940854
2026-08-13,0.0007540993196770644,0.0006493256276736329,0.00022071730042732266,0.0008501045771247903,0.0005310851621654973,0.0007005377376174224,-0.09597000809681959,-0.005001533162512525,0.0012497406793284369,-0.23732607195520877,-0.002753075098611708,-0.0032738175535586126
2026-08-14,0.000590268210102879,0.00018263179030154328,0.0002952863838420411,0.0007628507246698842,0.00028977539152557605,0.0004661024029717967,0.012523815005922645,0.0010583883043218639,-0.00018407915326737576,0.10737380750053244,-0.0058614943596113885,0.0011819319464305418
2026-08-17,-0.00047217280992844737,-7.842624503575583e-05,-1.6245638515018017e-05,0.0002858623172525403,-0.00015209015024604308,-7.71567975139931e-06,0.02229831663119297,-0.0014244033731964471,0.0015547171438447997,0.1059264702346587,0.004046325379140331,0.0018518471623892021
2026-08-18,-0.0008059358768881596,-0.00026800649124504453,-0.00012427795800634602,-0.000680848123933952,-0.00039690025792925944,0.0009588004162792891,-0.10711594706226102,-0.0036080679699216386,0.0009757509349686141,0.10150546367097052,0.0062362935525775215,0.005493647941393215
2026-08-19,-0.0009691900736644907,-0.0005523469189294351,-8.56817296305221e-05,-0.0011590669188523016,-0.00041884498929154954,0.0008201947755558102,-0.17453272855808277,0.0023560667149066824,0.003182480205092599,-0.03510809902872332,-0.004182902840174065,0.006547964228164492
2026-08-20,0.0003168757222527334,-0.00017738199540258696,-1.5938561292939667e-05,-0.0009950309565496212,0.00021689281278485222,0.000573324153413376,0.015927238353681913,-0.003791166169932457,0.00016001222438002363,-0.028271552522205284,0.007680407281284978,0.006425114152812522
2026-08-21,-0.0012898914204956743,-0.00040216366464424706,-2.0892718193525595e-05,-0.0001955119736960624,-0.0005644440147141236,0.0009620076086002991,-0.23914630853967317,0.0036664756025769746,0.0044751774416095,0.01082921240828752,0.005688361035700713,0.004729163074254721
