,audusd,brlusd,cnyusd,krwusd,eurusd,sp500,vix,us2y,us10y,wti,brent,henry_hub
2023-07-26,-0.0019754135334465,0.0068996027851046,-0.000848122518175,-0.00235735653138,-0.000678023739556,0.0077646945185094,-0.9974124533732318,0.1090006327056307,0.0671177753719093,1.8829749937024132,0.0482507751936739,-0.027917511543834
2023-07-27,-8.40913042621477e-06,0.0046562686037933,0.0009111915396012,-0.0019831045189335,-5.569149044655172e-06,0.0124843819230284,-1.0544437243498193,0.0986442800738707,0.0578707964951076,2.274999298493157,0.0401306318619318,-0.0176231628711921
2023-07-28,0.0004647163419986,0.0055834558632407,-0.0006042240881808,-0.0033669039011622,-0.0006247244941941,0.0103821886532501,-1.3057688564608976,0.1168058739229992,0.0723131865644009,1.9230389583784608,0.0486434111753324,-0.000691302129605
2023-07-31,0.0039520501269723,0.0053444498485949,0.0009553819827366,-0.0014950838203606,0.0014227218727682,0.0126447560202224,-0.924656879737513,0.1028167914632068,0.0603388650362327,2.360150683402699,0.0504011987823186,-0.0029086432839809
2023-08-01,0.003539873325432,0.0059823239925552,0.0008267052715156,-0.0010923013498173,0.0018378743489594,0.0119656767659155,-1.143825641072746,0.09885529872151,0.0655302979189475,2.097662063568974,0.0536628602380894,-0.0018587166805544
2023-08-02,0.0011145947288392,0.0094166530812988,-0.0020821276574817,-0.0027800856844469,0.0001933637554684,0.0121973703005134,-1.3022458759185953,0.0990351192014252,0.0515137729963569,2.042862139586675,0.0422226729550161,-0.005073890426843
2023-08-03,-0.0019717241337066,0.0073271159714386,-0.0024727870592012,-0.0008967702649303,0.0005944712578444,0.0137571364091798,-2.1317988289212924,0.0959890386494588,0.060728020677492,2.617476873258444,0.0368783034938599,-0.0008530062798551
2023-08-04,-0.0007368551460475,0.0114934019260932,-0.001676031229414,-0.0006982544645474,0.0006831040445655,0.0105613146005516,-2.2516979250607965,0.0832898367500725,0.0512132039337317,2.744709317221949,0.0754386830533726,-0.0033362410345268
2023-08-07,-0.0034564316883747,0.0104464035764226,-0.0020226368995818,0.0003560224390669,0.0006137344221113,0.0137782765332546,-2.781490335783877,0.0846345145354096,0.0437338157041159,3.6019535300764,0.071562484227019,-0.0068132135496387
2023-08-08,-0.0035176500964483,0.0103121117481097,-0.0038028674329935,-0.0015346268501276,-0.0002163717311499,0.0142567997923736,-2.1854506120544883,0.0958856883228086,0.0496618265343383,3.109760702789776,0.0426132054220597,-0.0285427088246283
2023-08-09,-0.0021502740070792,0.0134965023929884,-0.0027721119774629,-0.0021080017011157,0.0002122397830461,0.013555558196495,-2.382460969811796,0.0963619255615161,0.0632414870370934,3.7624224317810566,0.0705157181938807,-0.0401421520550884
2023-08-10,-0.0009596848236061,0.0123333973831524,-0.0014213761650425,-0.0016182354398295,0.0005515762516742,0.0118003176454712,-2.093554856805458,0.0891853334209873,0.0549318276423768,2.6524160782211665,0.0625018423841331,-0.0572294671846002
2023-08-11,-0.0029950007502803,0.0105701803349532,-0.0018460955403143,-0.001075476285255,-0.0001922690650752,0.011304854015411,-1.5103554109990251,0.1091986874557812,0.0561123405723461,2.579426793723458,0.0270414722347704,-0.0441173635785134
2023-08-14,0.0007524884694137,0.0064137176031972,-0.0023487009068116,-0.0022378956734921,0.0011441662473065,0.0085702767561039,-1.1042854102678623,0.1032548310002953,0.0521327815108204,1.8652987225545816,0.0415981237551204,-0.0211953611832985
2023-08-15,-0.0018338358631854,0.0069478890277918,-0.0031776417111946,-0.0019033438626124,-0.0003077499208624,0.0057647964574601,-0.7006866907568473,0.0899291278312374,0.0549819039800406,2.1890219435366203,0.0396536127174809,-0.0087410763185316
2023-08-16,-0.0022643746544585,0.0066559213833075,-0.0038252255586122,-0.0025413236103006,9.044254670438254e-05,0.010046424112854,-1.4477585208194903,0.0886147666928152,0.0535105626981184,2.360888777781716,0.0355298654070568,0.0101493849528696
2023-08-17,-0.0046496799077027,0.0040124724780252,-0.005098765851923,-0.0017379497224744,-0.0012423870636621,0.0058235463987308,-1.332755244054438,0.1065624624891329,0.0573975132893024,2.150065313155445,0.0259922673868447,0.0102653864870197
2023-08-18,-0.0029488198454042,0.0063458109388786,-0.0038826121799885,-0.0015228954012477,0.0004044480592791,0.0112768946707113,-2.411131781014516,0.0965968156216564,0.0488369293188484,3.035021107358902,0.0652215150491002,0.0032051436957224
2023-08-21,-0.0005388755602991,0.0063037310589258,-0.0023680205511038,-0.0009995156950812,0.0008549870634707,0.0125312997113377,-2.243177138423397,0.0947371252675353,0.0496683428298466,3.0142063429798784,0.0559196521215347,0.0080302003076153
2023-08-22,-0.0004153052686488,0.0067095363066266,-0.0013556446595857,-0.0011725440657147,0.0004275347130705,0.0116490299412679,-1.897642667929079,0.0975465781539667,0.0502198293420442,2.9639905166861267,0.0422105899383528,-0.0078178913556087
2023-08-23,0.0002528781965589,0.0045568475634366,-0.0012581619629491,-0.0019426812802531,0.0004962606616049,0.0104657275091661,-1.3104727050069178,0.110282206799571,0.0727311385739842,2.6655986916236265,0.0380380343778841,-0.0087432579872477
2023-08-24,-0.0003812484979138,0.0010233626180637,0.0006809734060037,-0.0021307135807644,0.000762830272685,0.0132072780900362,-0.8130416083589589,0.1119032171978238,0.0706087331491575,2.6331696096893147,0.0243109912917725,-0.0248597433667856
2023-08-25,0.0006779761914575,0.0026995270328837,-0.0004800158691721,-0.0038472935957166,0.00020727721057,0.0126009340016846,-1.240174402368715,0.1159741981552954,0.0694171415629125,2.1914361091490804,0.0456839023334419,-0.0067101028191856
2023-08-30,0.0026714220893573,0.0060991907963655,0.0002199773622705,-0.0029522014427712,0.0004346465691124,0.0127300936329472,-0.5853558102314851,0.1047843638729655,0.0656886116409199,2.467358655645873,0.0561392389140924,-0.0075833767575069
2023-08-31,0.0042216904618549,0.0050433141033445,0.0011561647320813,-0.0019672542415857,0.000924767143125,0.0120632564732739,-0.8554735774832662,0.0993086422504229,0.0597817712858942,2.3316695055293577,0.0495534371080677,0.0054850106770405
2023-09-01,0.0035400202606477,0.0090961083542463,-7.054952572314882e-06,-0.0035533285246456,0.0007785009769423,0.0157085185089418,-0.9296034568154176,0.1067430622611743,0.075870775868959,2.2587431688246102,0.0674928791605294,-0.0110699361989167
2023-09-06,0.0041525028857896,0.0128947211490851,-0.0006607261372349,-0.0022813169373682,0.0014645898335885,0.0151391022223549,-1.0970267050125375,0.0941131824384387,0.0627535564263298,2.6735419757952967,0.0729216056409287,-0.019835668129253
2023-09-07,0.0015924229196322,0.0122465709994276,-0.0002498276540724,-0.0026153571262014,0.0007037783338275,0.013124053152145,-0.9822167969557656,0.0985609744313859,0.061564310464823,1.9800148442695056,0.0545244657529589,-0.0244615548002802
2023-09-08,0.0017708257734619,0.0093885651509309,-9.146181255674216e-05,-0.0021600587175498,0.0015565373155737,0.014114918841551,-1.3752930247637682,0.0988606550067233,0.0712383016070684,2.5852631496802685,0.043107869380115,-0.0195435508958741
2023-09-11,0.0029275821295926,0.0097235353790044,-0.0003853477136481,-0.0016246991386012,0.0020166770876888,0.0130275143969654,-1.5180779801466944,0.0903135262890324,0.0587033508516133,2.710427141405996,0.0512055018869102,-0.0172353588987139
2023-09-12,0.001223974716417,0.0065886570120179,-0.0002864569923475,-0.0019952987272188,0.0010087976186938,0.0129024146056341,-0.8616067726164636,0.1010319698756255,0.0573356372534685,2.81034420056894,0.0425020189865933,-0.0114717240442973
2023-09-13,0.000929797642562,0.0063869420402992,-8.184234066497647e-05,-0.0035645489942439,0.0005707592859595,0.0147278514749225,-1.5682105518217029,0.1073518179876892,0.0638262075040227,2.527448184325202,0.0592657672727443,-0.0329355532900603
2023-09-14,0.0011836349907403,0.0057589039023139,0.0016938911724008,-0.0026685959623756,0.0008485777138593,0.0146392036255445,-1.162099896285936,0.103600068144268,0.0614743894300413,2.657260997395454,0.0437473268608529,-0.0364437808908711
2023-09-15,0.0025519402188077,0.0052224307450487,0.0002515267389758,-0.0041672030559133,0.0009474997307095,0.0129918259119187,-0.7541128851599109,0.120057409629649,0.0919813502879976,2.3302518493009554,0.0541120173074867,-0.0485743511213821
2023-09-18,0.0009966412728909,0.0041677721417885,0.0017504786161622,-0.0032134065331998,0.0001797545817883,0.0104438825935367,-1.14843162067161,0.1107251241158169,0.0712328231555677,2.1544638984979008,0.0485531653287236,-0.0337147593197423
2023-09-19,0.0021121078540012,0.0048123100136045,0.0001980386874059,-0.002489675128638,0.0006854068467982,0.0095999796471587,-1.2059503087557737,0.101611110521375,0.0648210107844102,2.363109723379606,0.0509304704574311,-0.0071276662651741
2023-09-20,0.0011443820152421,0.004017358563058,-0.0003495007889806,-0.0031783774498867,0.0005997664159027,0.0098452968100141,-1.2557361198503023,0.1079874452182334,0.0670800111331913,2.325327109887928,0.0416826890927097,0.0134796265748877
2023-09-21,0.0008949813665156,0.0039633125097364,-0.0009711751301206,-0.0028436595283356,0.0002890578038566,0.0100452698969491,-1.397945831696027,0.1021100089511265,0.062243743598662,2.199669818098597,0.0216821152236055,-0.0085663368841057
2023-09-22,-0.0007209099123299,0.0058155011721887,-0.0015146962180707,-0.0043937939471039,0.0005055126041284,0.0132474976012576,-2.999599442439564,0.0981886360954458,0.061330835036262,3.050465731442753,0.0619596317957619,-0.0093985590604933
2023-09-25,-0.0002487086133038,0.0067967936550314,-0.0020500741932873,-0.0021192011830889,0.0007862892340892,0.0109488082732648,-2.361593934677682,0.094035915207785,0.0616244014556807,3.2617647589680905,0.060658791285147,-0.0168621768982287
2023-09-26,-0.001223706663782,0.0067818819935852,-0.0023006450660171,-0.0038070966788689,-0.0002000044012673,0.0107494396537338,-2.0957909390916707,0.1041568615130012,0.0757495873835587,3.391695012864261,0.0507499456516004,-0.0190575199288659
2023-09-27,-0.001028518916489,0.009162440640981,-0.0017259377198614,-0.0022020294226042,-0.0007310195400866,0.0108375406583441,-2.8077854073004067,0.0979012293086988,0.0681591425866021,3.712469943074452,0.0767979994874591,-0.0054727956191701
2023-09-28,-0.0002149807831242,0.010827505182046,-0.0022809619428588,-0.0024259662138698,0.0003014030572877,0.0116602628771414,-2.6386668316230177,0.0924812629550257,0.0684068360717093,3.325489518931759,0.0823532019540929,-0.0101917856234546
2023-09-29,-0.0008938682999318,0.0112570928412404,-0.0007775513625263,-0.0007431255081813,0.0003302378142584,0.0118737845718286,-1.598852461972076,0.0901345901056239,0.0574423253727011,3.203985206391175,0.0347414876116988,-0.0135813697872154
2023-10-02,-0.001470435297797,0.0074966426640145,-0.0015094263767066,-0.0023922592550202,-0.0001461690503195,0.0126044520289501,-1.642761047570357,0.104439010945239,0.0657648293405926,2.718397266092695,0.0303205462255176,-0.0247365723482031
2023-10-03,-0.0026510492765008,0.0057779290691605,-0.0009536735172472,-0.0036127147313197,-0.0011149167591695,0.0090092351732391,-1.3823545268598074,0.1068635021023396,0.0763350299484542,2.9589427966446262,0.0338194366404199,-0.0212444817551303
2023-10-04,0.0003206923967043,0.0085212919810887,-0.0007215797487844,-0.0032703511325823,0.0003064826458185,0.0116253208758268,-1.956616919448121,0.0858947487876083,0.0665827522186511,2.760891471135324,0.05940252269672,-0.0129206461642999
2023-10-05,-0.0027490505460101,0.0041569171019231,-0.0002025210039961,-0.0008441693578586,-0.0001148799282748,0.0134442480086323,-1.3630128425775294,0.0903902345734114,0.0607751332203208,3.024465824232093,0.0017405046946503,-0.0262928770021406
2023-10-06,-0.0005203324288297,0.0047371799320257,-0.0012389928389886,-0.0014687264061645,-6.498711691316507e-05,0.0105692867361646,-1.549538986563131,0.0999930728166521,0.0658595510900105,3.420587231625998,0.0307078522504137,-0.0303413682778224
2023-10-11,-0.0005167535183781,0.0071724182818342,-1.348839894512046e-05,-0.0001613497437998,-0.000318015966961,0.0120827388370789,-0.9440126693816177,0.0874777973838699,0.0542500044105168,3.47464383741503,0.0537862039526059,-0.0629618436968502
2023-10-12,0.0008243883012692,0.0036554300203065,0.0004900161648038,-0.0029335508873668,0.0005714630867425,0.0145806209178541,-0.9352081748131984,0.1040741178621418,0.0668929108398864,2.7095179976744097,0.0211391052149775,-0.0465630279263916
2023-10-13,0.0016654050290786,0.0038515023618894,0.0008058954982476,-0.0040301483834754,0.0007073632523006,0.0114370250762801,-0.5251914913742898,0.1129103429483693,0.0783151533323253,1.8441135196766467,0.0268553776481075,-0.0442069566774605
2023-10-16,0.0029378684764714,0.0084213764371307,-0.0001046123872739,-0.0033318424696926,0.0014518184492557,0.0139754758482913,-1.7387571179087358,0.1024877138849812,0.0725665443645993,2.474145630212564,0.0966530499391208,-0.01631340543309
2023-10-17,0.001308457973783,0.0064246673652069,-0.0005582520327107,-0.0008121766377238,0.0008440604928557,0.0107589121739077,-0.2180136918359702,0.0997977105137906,0.0625234259907048,1.8347602532933305,0.0305319424024066,0.0006777899631048
2023-10-18,0.0001801595954428,0.0065101303279297,-0.0011313310662976,-0.0015242165774777,-4.709736848530825e-06,0.0057236332353328,-0.9447314714419665,0.10684052725674,0.0620127791913512,1.8440709846008256,0.0337921745406416,0.0109570913920062
2023-10-19,-0.0026899896989935,0.0021919071494218,-0.002212136554805,-0.0034302489992631,-0.0011103926939626,0.0060405067699348,-2.0361271310434077,0.1102637183502491,0.0712703710676798,2.153167147777891,0.0632248718705996,0.0043883554855931
2023-10-20,-0.0013560541014927,0.004496232524466,-0.0006783569250077,-0.0028149767576543,-0.0006959063351253,0.0076249619135252,-2.2443631467969536,0.0945565260086593,0.0616396340735477,2.537827489897868,0.0606159713973556,0.0135003690768562
2023-10-23,-0.0003713149655006,0.0013469542385061,-0.0014866263509451,-0.0030459206569349,1.4237173581103192e-05,0.0107081513230078,-2.322295845022033,0.1055735141170638,0.0652774261115086,3.024035670937519,0.0498095585956953,0.0219608557144212
2023-10-24,0.0002612650084875,0.0016641396029342,-0.0006400092891721,-0.0013947938564849,0.0001573180493388,0.0096256057305425,-2.037003418682278,0.106521507022755,0.0644334955007512,3.772350050246792,0.015547015803118,0.0134544866804144
2023-10-25,0.0019544531264519,0.0029925152355833,-0.0010506175686912,-0.0027413931452301,0.0008647097961657,0.0149732097636576,-2.2655463392075994,0.1095555493234261,0.0748246032221199,4.308920178276733,0.0469994138082306,-0.0052425980916881
2023-10-26,0.0003284046385639,0.0027700981534947,0.0001307302811116,-0.0037116184795383,-0.0009107405987106,0.0110097680859892,-1.9836406586593995,0.1101291141503078,0.0832766762855768,3.2396599370200656,0.0594627883756547,-0.0143999289906323
2023-10-27,-0.0006113007382725,0.003313463635964,-8.413054676006569e-05,-0.0040428648619205,1.4124318122112653e-06,0.0134725050205446,-1.828509433900658,0.1108677096613201,0.0883557146532339,3.195601207855,0.0319445810115784,-0.0246262087364091
2023-10-30,-0.0001539404333386,0.0031304523694778,-0.000308252095033,-0.0023299371811314,0.0001129336524612,0.0102653914885403,-1.5357792703853184,0.1064560576682468,0.0736690885278114,3.278347898711448,0.0675351901256684,-0.0531343690492202
2023-10-31,-0.0012429822357864,0.0069566218438897,-0.0008396684936759,-0.0025982147121131,-0.000543723155709,0.0091666647193473,-1.0059045776449418,0.0982387361054811,0.0697260238746551,2.935425903229154,0.0184438029237212,-0.0471665634511347
2023-11-01,0.0005835613927313,0.0063122189282157,-0.0010484121705042,-0.0036816386059012,-0.0006944461027771,0.0096075563324059,-0.7919339582409667,0.0988688139623968,0.0848269217444421,3.2092591906431327,0.0385319690174152,-0.0478647189164314
2023-11-02,-1.4834786046515593e-05,0.0048766978973121,-0.0001018581387382,-0.0032389408953677,0.0001415070459949,0.0173828824241688,-0.4993211711080313,0.1089584348067972,0.0873452852480314,3.217974423059545,0.03925250054188,-0.0285474997027337
2023-11-03,0.0001199619021227,0.0042062098325932,2.3114974239719032e-05,-0.0021639252217167,-0.0006521869704604,0.012035696799176,0.8138433988383951,0.112617946428264,0.0732747713747682,2.3544800094819918,0.0520917069614683,-0.01785212530107
2023-11-06,0.000867169403159,0.0062924111138762,0.0020546723844388,-0.0016244825472676,0.0011709897890696,0.0206526511540254,0.5172331527291307,0.0999052910305707,0.0594985997074409,2.3242539535964686,0.0214268398806154,0.0088472162691777
2023-11-07,0.0037206455006378,0.0040749137890423,0.0033240735468133,-0.0047385245116582,-0.0003093236369345,0.01314674722972,0.058892801365721,0.1118730063172205,0.0748167336023475,1.7890630235003115,0.0377599861353033,0.0298030380560685
2023-11-08,0.0058663245423689,0.0010877369420257,0.0045667041686726,-0.0058949438889574,0.0007801493935984,0.0173944047010564,-0.2592240849082706,0.1171448275561801,0.0907114488691693,2.2744973000988726,0.0113414526304089,0.1054437423037906
2023-11-09,0.007053587565393,-0.0011816930492094,0.0035898876708046,-0.0035571086765257,0.0016991059029074,0.0157075386845784,-0.3194612542123921,0.1073374084259441,0.0794697327326227,1.863489210607371,0.0148955197635534,0.0811254680589227
2023-11-14,0.0027032622814582,0.0039549973119684,0.0012467396737902,-0.0033732564315967,0.0003360042268854,0.0102836367391402,-1.1884152812794064,0.1067729134934502,0.0915299666122961,2.294360416736092,0.0463609124939513,0.0309702275608272
2023-11-15,0.0001405731166215,0.0041401614194258,0.0017943179677129,0.0002535112300565,0.001017896065595,0.0190163847916642,-1.1827822228918905,0.0896652515282701,0.0553358977181863,3.1913791614006626,0.0500330988098297,-0.0247119141565545
2023-11-16,-0.002214802905221,0.0037423747248411,0.0004570090082882,-0.003864709770832,-0.0012660823000936,0.0088666411705909,-0.6258466691443232,0.114407673204931,0.0805910557780853,2.1612240017909303,0.015363824874762,-0.0785715541081986
2023-11-17,0.000962893658802,0.0040497448250486,0.0023281768210923,-0.004126329385958,-0.0002486922684545,0.0163370045009554,-0.7085485240243086,0.1017934815033133,0.0744780635597913,3.116609735781445,0.0210434871989404,-0.0876863112420319
2023-11-20,0.0054367022040572,0.0029702373739781,0.0035113841975415,-0.0035657822862588,0.0005790921017407,0.0147464072179802,-1.154616176399521,0.0958984981347369,0.0801024627010682,2.84190620714557,0.072912806702104,-0.0357436374056355
2023-11-21,0.0042141280958488,0.008700911422157,0.0048285202752623,-0.0032655827464718,0.0005107566968913,0.0177857108186308,-0.6480031261970586,0.1025389909523387,0.0798904082066421,2.1660120166660293,0.0559011932430517,0.0088696179705064
2023-11-22,0.0048926046715349,0.0078666526495224,0.0033629012362485,-0.0037096812454891,0.00180834759859,0.0170831277211758,-0.9147607666367964,0.1081841103094387,0.0857482768660903,2.03198818966573,0.0461639132172279,0.0087427213546324
2023-11-27,0.001455663693613,0.008378417923099,0.0022483843040479,-0.0041422930933141,0.0004716143753359,0.0137866113914259,-0.7622773821972789,0.1058546748219888,0.0931745680587063,2.306209315211971,0.0291164759994746,0.0042758029700792
2023-11-28,0.0002403817448309,0.005999166732085,0.0010267339895194,-0.0037086686925624,0.0005227483318527,0.0158930631355104,-1.1802147168381507,0.1018951050056904,0.0925292163998819,2.661610917552524,0.0446174723836636,-0.0137885426283939
2023-11-29,-0.0001540634328558,0.006025474199331,0.0010009235092282,-0.0017033297678538,0.0001601202191474,0.0144250660437079,-1.1788050775024077,0.1003807126048098,0.0815126049045425,2.715539574473977,0.0574869832548124,-0.0291435643781276
2023-11-30,0.0003545537373158,0.0092891869356423,0.0005550799268461,-0.0033571923107674,0.0003915283163125,0.0172213902110175,-1.7441873893035615,0.1019317879756297,0.0781098284034288,2.982513063265034,0.0643221880233344,-0.0230816838794188
2023-12-01,0.0019529727447227,0.0099361002461668,3.825920838303843e-05,-0.0031675352753278,-4.919515957066848e-05,0.0128726690132907,-1.146344964874901,0.0977431137534093,0.0808782436737917,2.3547134626898627,0.0292821793823273,-0.0147061971110154
2023-12-04,0.0028299943672436,0.0060591141573798,0.0007567827107172,-0.0033887692057194,0.0017233187347187,0.0200408106684537,-1.7491730133202377,0.1024892754152153,0.0878034842847327,3.211930216811958,0.0333770094565489,0.0026608977559065
2023-12-05,-0.0005915090955947,0.0036636009025387,-0.0010777820349637,-0.0035355283244471,-0.0001543634190318,0.0093736027597147,-1.4596670281467188,0.10954916384618,0.0898666361756661,2.230503703013944,0.0255659037761076,0.0044259398818492
2023-12-06,-0.0025688508005617,0.0079139426347661,-0.0015018598627544,-0.002006938328945,0.0003263813239475,0.0140191052090559,-1.6681925606988903,0.0920269542903877,0.0732156230085529,2.9983306047086677,0.0476929606300887,-0.0023896567087845
2023-12-07,-0.0034771557725065,0.0046605169908818,-0.0020126869899049,-0.0014163700427699,-0.0003130209343092,0.011505968257699,-1.4657082687537708,0.0990024521208531,0.0738897174171236,2.2668729188710293,0.0068547681799625,-0.0122922713918945
2023-12-08,-0.004062640790675,0.0043271319869185,-0.0012325384550413,-0.0013485070872045,-0.0010870568764131,0.0133336259614908,-1.2708350054985078,0.1092395299495421,0.0776776098245516,2.620087556443895,0.041512102576188,-0.0029384814044422
2023-12-11,-0.0015938637700039,0.0074933063071627,-0.0022814161264109,-0.0018129536698764,-0.000313985453731,0.0071003121790842,-0.929758193936332,0.0962959231087387,0.0776979420729022,1.9592724581043008,0.053732386424827,-0.0049011480993058
2023-12-12,-0.0013511966040216,0.0073634683891915,-0.0006164460002831,-0.0019394321533333,-0.0004454180801926,0.0075843774259227,-0.7588693265408952,0.092617360596943,0.0661177024598613,1.7998637203005294,0.04282430535181,0.0199875704976072
2023-12-13,-0.0004219203118172,0.0045994862913553,-0.0007823783253361,-0.0018761457557208,-0.0006169867883403,0.0079786713785106,-0.4425383656139461,0.0957941257231848,0.0659153739916077,1.58177907359011,0.0103213330128887,0.0202785267912597
2023-12-14,0.0007193914530006,0.0064481041338986,5.304551972501611e-05,-0.0017011059199438,0.0013988346031467,0.022085885622258,-0.7798853238302146,0.094379065702447,0.0748192562872519,3.0282490791951227,0.0610236981578632,0.0253107068300944
2023-12-15,0.0013512440656798,0.0085832233463157,0.0018873363860971,0.0011619067278394,0.0009384427917479,0.0191301396667332,-1.0063995852227885,0.0838134731778662,0.0358343707966193,2.9319623086104194,0.0601379507052534,0.002772856280915
2023-12-18,0.0004079306676611,0.0106045121960735,0.0017855458494867,-0.0055137680916795,-0.0004528315580898,0.0176845979563997,-1.324960111467923,0.1125070188464811,0.0906962926224425,2.4560193187674697,0.0473531700801882,-0.0095678735443119
2023-12-19,0.0048418351390058,0.0119354013537468,0.0029139000088622,-0.0037648070652487,0.0011339123495738,0.018777381965107,-1.760419308662252,0.0913754958087081,0.0703412381937288,2.4632699514714926,0.0579032689551286,-0.0298877553335221
2023-12-20,0.0037712285272073,0.0075765699245059,0.0028598083534212,-0.003613274470598,0.0014887801746986,0.0153651525846329,-1.5667610853542606,0.1019315783623811,0.0830454534564259,2.018711830954558,0.0431851231119077,-0.0198430663291141
2023-12-21,0.0011600986273284,0.0045264272375979,-1.2196811118602476e-05,-0.0046818101301039,0.0005435269991782,0.0112374222200293,-1.5651358050914006,0.1154069807030943,0.0920787932338382,2.0993041425221284,0.0465174733529644,-0.0266827750302531
2023-12-22,-0.000683591630574,0.0071894947554751,-0.0005828399054291,-0.0020536533710757,0.000252735327293,0.0105715657618071,-1.2447269781495642,0.0912339975940953,0.0654207328121464,2.433080724718573,0.0427102322904716,-0.0090933071048092
2023-12-28,0.0003968459710664,0.0046526802102165,-0.0006861219707035,-0.0033244322236508,0.0001011077009303,0.0130612481400523,-1.480669200643594,0.1019364819795974,0.0694931294820715,2.494039007600046,0.0392653651370849,-0.0161131436339192
2023-12-29,-0.0009888249961618,0.0022117432838312,0.0001060553018902,-0.0040957559434585,-0.0010703309414115,0.0077040751746158,-0.9591831243580128,0.1108897791310945,0.0858665432664194,1.963799419967418,0.0162597494573035,-0.0067387080943922
2024-01-03,0.0023142546511077,0.003667373835242,0.0010596165654967,-0.0021970212130629,0.000917595517679,0.0121682094580279,-1.7218916505367243,0.084994533012639,0.0643839307901482,2.3077413927364097,0.0428409213210347,-0.0140523546923373
2024-01-04,0.0008163904180368,0.0036793328269196,0.0005137158906554,-0.0028525366491327,0.0001392959654173,0.0117791883909756,-1.4257381830679468,0.0919387650153375,0.0713044696200049,1.806776928420972,0.0614979202591933,-0.0103823135808495
2024-01-05,0.0008166368224045,0.0051293163198889,0.0005194814138921,-0.0002892114513874,0.0002947315337507,0.0089144798888713,-1.336626318273382,0.0781006683612209,0.052136298052058,2.0239269343002597,0.034945663594021,-0.0344596352991665
2024-01-08,0.0003021173089367,0.0060966648933535,-0.0003775703028291,-0.000701962348913,0.0006386843458819,0.0083679235987709,-1.4208837549963342,0.0913505586767587,0.0568604155716151,2.0561657121879504,0.0496719742724701,-0.0292451628588237
2024-01-09,-0.00248960046044,0.0023966673106441,-0.0007748254323968,-0.0002319775542128,2.243603807708557e-05,0.0083975846786822,-0.7437416331553006,0.088842563227063,0.0537012581052139,1.8077995963869644,0.005376568277981,-0.0337851094218291
2024-01-10,-0.0010668056620623,0.0047793676700919,-0.0015488704317003,-0.0018759341014149,6.656207702540086e-05,0.0078218296762475,-0.8639061116292565,0.0891400223278723,0.0663872314331455,2.0921712562911274,0.0507925777253382,-0.0621762076600885
2024-01-11,-0.002041486196809,0.0059799230530359,-0.0011109953258086,-0.0011718697303236,-0.0005921121891985,0.0095924014038982,-0.4079185898613889,0.0815218435016807,0.0561350782547713,1.9375744774225052,0.0310810393024018,-0.0567122776080959
2024-01-12,0.0001988966120581,0.0068252223308882,-0.0005429679551447,-0.0014777182238841,0.0003023598149034,0.0150215018785046,-1.0804441881652844,0.0929566550979636,0.0619603541940864,2.0318992320381097,0.0443499835659925,-0.0498061553146996
2024-01-17,0.0010806570379306,0.0065435104347177,0.0002817001178235,-0.0002665693798349,0.0005919800587008,0.0162102711907893,-1.1190619837540643,0.0892058398044838,0.0567617450467165,2.0696228920169557,0.0442571303006341,-0.3837602092178269
2024-01-18,0.0005407070077266,0.0057841678370328,-0.0003622458345768,-0.0023972198422234,7.90991132009161e-05,0.0102356231389819,-1.4391058342313157,0.0918875871138015,0.0633311998235082,2.0043977447278927,0.0408226580152981,-0.3549557280852493
2024-01-19,0.0008366857703975,0.0060510169472507,-0.0004129895118136,-0.0005882579755432,0.0005448902190133,0.0124236066372827,-1.1049786197689897,0.0831722320905219,0.0591849501496583,2.168161260300696,0.0597927986293177,-0.3866819399797791
2024-01-22,0.0002873549823647,0.00564229990807,0.0002378872172564,-0.0013019467992732,6.975508588092483e-05,0.0072185682374843,-0.290039102178422,0.0834707231020708,0.0536045739486192,1.5456918654960772,0.0234624461577724,-0.2266281197949243
2024-01-23,-0.0002669557127609,0.0064958401422171,-8.834813967594312e-05,-0.0014742673219648,-0.0004298431224648,0.0101638456971972,0.6216851854910734,0.0829198111089746,0.0543897797197212,1.6779133960541983,0.0555769293853466,-0.0960193055364513
2024-01-24,0.0006045023710935,0.0086712315087433,-0.0004469786538402,-0.002582512797653,0.0003195748309953,0.0146973217604758,-0.6310781583364857,0.0908929111633334,0.0731890698967307,1.8768359370440784,0.0345735340501962,0.0796057796330068
2024-01-25,0.0020291793567539,0.0068285130896189,0.0016790209846488,-0.0008596163194253,0.0006196095112059,0.0129407373520776,-0.7248595982604027,0.0824782109223274,0.0484763973577304,1.670857681229131,0.0387752975236502,0.0311269402437154
2024-01-26,0.0014111898194527,0.0039591469089565,0.0005124353458087,-0.0030463722007322,0.0005459498023237,0.0139128487762361,-0.9327740964690716,0.1032192976920524,0.0693627094169255,1.8352013780255727,0.0627208858280584,0.0010511754512612
2024-01-29,0.0016703670028574,0.0054898848368978,0.0009980344948913,-0.0011098576705689,0.0007681903959517,0.0090662076696188,-1.3698229745517605,0.0805485062730719,0.0562941783924243,1.6458852729773827,0.0382471350406269,-0.0076791577646422
2024-01-30,0.0008377698169738,0.005669321238035,-0.000207474670813,-0.002927568290723,0.0004439997925852,0.0138244298558987,-1.1794232426465665,0.094830567416814,0.0710595556932452,1.860030961383092,0.0298166817508666,-0.0245795075768931
2024-01-31,0.0011323615886799,0.0070194259076885,0.00036420566058,-0.0013960915669279,-0.0004922687339208,0.0113327277833061,-0.9085778578815116,0.0785623814284035,0.0543303013858299,1.6981706313702114,0.0468314457929792,0.0010889425449319
2024-02-01,0.0016400312516589,0.0081125986397925,0.0010166176914619,-0.0013745318277467,0.0007523038949711,0.0193496801627092,-1.859044549191712,0.0846824416829706,0.0549465947147269,1.9350132144867305,0.0209350648497294,0.0182136140520133
2024-02-02,0.0018252434477225,0.0055267639051265,0.0009380040356276,-0.0014199022951207,0.0008625396539991,0.0214701598743953,-1.388709065640828,0.083896373020616,0.0541865961340314,2.1355967004904515,0.0175289118380374,0.0455549065266536
2024-02-05,0.0018244287081792,0.0067560633714955,-0.0002213312897672,-0.0028706429764381,0.0004780237321491,0.0119848328271955,-0.7660184256855671,0.0833059611687823,0.0690213652416164,1.8604102021579016,0.0217272855739528,0.0481859559013444
2024-02-06,0.0026197264706449,0.0072614366366504,-0.0001659527503804,-0.0020001667599657,0.0001977451640522,0.0079294520191434,-1.0056748626724938,0.0750026240434956,0.0690023817997689,1.7974133634459095,0.0468753233639825,0.0324656685640586
2024-02-07,0.0017784012183592,0.0036479001807852,0.0008428110439418,6.773478439870101e-05,0.0006764778825864,0.0106091759757112,-1.2349393284129102,0.0811789841135041,0.057381007580962,1.89879673318912,0.0411017563259605,0.0223413946878328
2024-02-08,0.001510185450119,0.004264992799317,-0.0001034318083593,-0.0003819524785871,0.0004839941648706,0.0077710829047761,-0.2387793058762858,0.082529290693967,0.0515880990983272,1.319904859086924,0.0336992058777253,0.0263391896147736
2024-02-09,0.0021540232059043,0.0088850439234461,-0.0009525780815131,-0.0013112278241189,0.000744583276199,0.0086458006684205,-0.3624557793713556,0.0714303335429156,0.0534245177256516,1.757673550643751,0.0631734793133867,0.0579484041556152
2024-02-12,0.000464120993238,0.0078496080208983,0.0001451999717025,-0.0018062824829893,0.0005095759623621,0.0107954970717239,-0.6118232500090021,0.0765281809172821,0.0549778238898439,1.764345029227354,0.0426057373945566,0.0587957220818341
2024-02-13,0.0001527870465225,0.0048038366387415,6.310561770674818e-05,-0.002498702728896,0.0001161386248183,0.0110714588105112,-1.0521367777176618,0.0876142341405369,0.0584020355506904,1.5712543730176949,0.0335624233011485,0.0516360957909311
2024-02-14,-0.0010491773205587,0.0055686560439879,-0.0011646018887194,-0.0034307311473321,-0.0005438908085395,0.0023791051252079,-1.4981139272145754,0.0873145819904787,0.0672982972491343,1.2376706215426294,0.0396498528806414,0.054837304457026
2024-02-15,0.0014611573033769,0.0050318738382619,0.0001549855009769,-0.000390810697866,0.0009956594649494,0.0101252080095217,-1.4692436047055248,0.074376364263488,0.055046150167654,2.0658458969622657,0.0316914257058936,0.0566660576865494
2024-02-16,0.0014796351853223,0.0036371721740729,0.0002097714007327,-0.0014264310416095,0.0004929488984807,0.0095925873393964,-1.0823041652916572,0.0752391760450344,0.0510432929307923,1.754847300117587,0.0463833101621399,0.0444254997115525
2024-02-21,0.0003970741289992,0.0059375504410026,-0.0004105642257796,-0.0015151655940823,-0.0001264644269724,0.0085658230880853,-1.0213691046719349,0.0787215375743938,0.0542010246605027,1.9166434075041976,0.0496722624383718,0.0382337510620194
2024-02-22,3.424171325711544e-05,0.0061065974682132,-0.0004175186621468,-0.0020295200542532,4.2188500863283706e-05,0.0087634974937861,-1.0231901012861837,0.0799414852628304,0.0543282294863507,1.8485622543823017,0.0403828169164849,0.0124399837459227
2024-02-23,0.0010800537209246,0.0062464637547662,0.000584913134409,-0.0023473150394925,0.0003278297232867,0.0081347085832981,-0.1210710176352346,0.0781102801380886,0.0568935460227006,1.4291074753381052,0.040367837180687,-0.006984478366821
2024-02-26,0.0026916462032371,0.0060121024550449,0.0009416296029208,-0.0018740882586178,0.0007256087593008,0.0113899533005095,-0.1271429233071481,0.0713211139554683,0.0529053608398688,1.4582271719873456,0.0164991684781662,-0.000492748059879
2024-02-27,0.0023675554822205,0.0069146992563139,0.0005364534097579,-0.001811789717635,0.0003385281509571,0.0132432104539506,-0.4889241395950439,0.0707355304194503,0.0507492587980273,1.7485006647047203,0.0489920468756144,-0.0077246171901665
2024-02-28,0.0020482305942047,0.0063710001921024,0.0003299032531776,-0.0014144497896827,0.0007552250805056,0.014157070438097,-0.6369332718583579,0.0838390972283156,0.0560212561842801,1.9188904762844636,0.0493200420860219,0.0177048504004074
2024-02-29,0.0011700837549137,0.0055168088011877,0.0002510172383426,-0.0019455749773828,0.000973532187989,0.0144794105720402,-0.7524477717675304,0.0844845591647718,0.058570462718592,1.503150735213322,0.0297388847566321,0.0017491783700878
2024-03-01,0.0005955692161279,0.0067171949044028,-0.0004745934372362,-0.0014374713271027,0.000731059553784,0.0126815007824146,-0.9949710972345388,0.078517471768295,0.0635154910518803,2.064348825172065,0.0374502347878984,0.0041115596854748
2024-03-04,0.0006003917343766,0.0064042819297175,5.370852557251468e-05,-0.000672257979169,0.0008447097101982,0.0172084461411017,-1.0395776266382468,0.0764373497649578,0.0538904162713356,2.521877620574663,0.0594037108828744,0.0166874525980765
2024-03-05,-0.0007204618125733,0.0058256748361869,0.0003308348885078,-0.0011935640214495,-0.000750497817308,0.0132267156323126,-0.912877288324308,0.0848672020276054,0.0516045656909762,1.6596525038308223,0.0186023355646049,0.0303829296491367
2024-03-06,-3.823272644577964e-05,0.0073888394974553,0.0010889126836377,-0.001510280973113,0.0003013503960893,0.0179565465053819,-1.729884611989747,0.0813815861669589,0.0560539462000571,2.2269521621476627,0.038685952685871,0.0270941407369553
2024-03-07,0.0015665566795226,0.0064832178757765,0.0010895974842986,-0.0011010071905359,0.0006401457147502,0.0169552759135901,-1.498681822705977,0.0766650627929296,0.0492928966209348,1.9691025863903309,0.0452072827104384,0.0044440075338817
2024-03-08,0.0013475247270514,0.0049790655631109,0.0012114080654825,-0.0019536096779433,0.0004075779876727,0.0181420065755923,-1.299823763880881,0.0834563712228275,0.050949909032352,2.1224983110804336,0.0366806391655636,0.0120610113528945
2024-03-11,0.0021458159248942,0.0058518241587359,0.0014694993085232,-0.0027032842270273,0.0001736049142205,0.0163812544982843,-1.4721620888829916,0.0778325485158866,0.0556161395643086,1.9924004206369936,0.0317179225252677,0.0011766550315835
2024-03-12,0.0030300960485465,0.0064047509561582,0.0020592903820258,-0.0035638527231211,0.0004028562807973,0.0158180688616537,-1.641587124794968,0.0798722406671999,0.0606947511969171,2.3280955397184755,0.0429992418143058,0.0126614998573628
2024-03-13,0.0051272960453729,0.0056889970626618,0.0018837586843728,-0.0028132517612219,0.0006917182727258,0.0128950455217587,-0.7489979412740198,0.0844339760092031,0.0610457652853509,1.7348414726466057,0.0330870999781415,0.0143543541492493
2024-03-14,0.0049119141927588,0.0062384245811973,0.0017799178397081,-0.0015340671583034,0.0009255886238817,0.0113755058059522,-0.8906952847947416,0.0789939823699922,0.0545858009257128,1.6462810314590768,0.0555915091345883,0.0721027717053583
2024-03-15,0.0022265785617093,0.0070660849168661,-8.413942704570167e-05,-0.0027896606458597,0.0007659130228287,0.0080104282161574,-1.101618396114382,0.0874904779529015,0.0674394462837561,1.59793554382987,0.0488083648245291,0.0629476817054651
2024-03-18,0.0002015189838758,0.0055772688636021,-0.000975262803701,-0.0012033586522834,0.0002573991386504,0.0060310046955746,-0.9487294727288184,0.0810814578035084,0.0602688019904676,1.6777439395713851,0.0364763570273344,0.0469568141722289
2024-03-19,-0.0011681223218955,0.0060833805399777,-0.0019394450751203,-0.001333512674002,0.000215348117818,0.007110613418145,-0.7790285041718484,0.0777727862258747,0.057984443887032,1.6706494397272984,0.0550829088754664,0.0067169564810173
2024-03-20,-0.0026812425344133,0.006640173457754,-0.0022930653514439,-0.0012067840087905,-0.0001009556205505,0.0105897137029162,-1.1048351368300438,0.0835504232366464,0.0635613300547893,2.184169313745226,0.0463062344544849,-0.0149820155800369
2024-03-21,-0.0028561822822703,0.005751749456606,-0.0018790997763434,-0.0002559914724233,-0.0001600332393888,0.0146236371074852,-0.4898038281279059,0.0849809719103689,0.0599892402291764,2.2237560600089634,0.0229682419329806,-0.0410057587676665
2024-03-22,-0.0022106872959962,0.0046313138452509,-0.0006231257073836,-0.0010528908545145,-0.0004764116010436,0.0131499437316213,-0.5461920174526953,0.0867465834287645,0.0578702020982033,2.099841056539166,0.0274398212939993,-0.0208453795323289
2024-03-25,-1.989956914442168e-05,0.0042641472124129,0.0002413719603323,-0.0022412606399944,7.88204395920742e-05,0.0155320452965024,-0.785281456644402,0.0888526025280502,0.0658447625236384,1.8975809102492849,0.0296697855687168,0.0066188176687136
2024-03-26,0.0013459718153717,0.0054009894459425,0.0001470266758936,-0.0008686540126731,0.0007546265505636,0.0173666397630344,-1.2958935218361372,0.0794969122309348,0.0562945048736951,2.081347739072977,0.0508242780453533,0.0281499903169593
2024-03-27,-0.0002051840520034,0.0058972944069614,-0.0005857510936203,-0.0021915366484988,0.0003185625599757,0.0139215701834645,-1.3128915411785318,0.0842871655081061,0.0586828970997973,1.903734522248116,0.0380983817342612,0.0269975461815248
2024-03-28,-0.0008174123904189,0.004596583907238,-0.0011076963360005,-0.0014124578644303,-0.0001203219878479,0.0124636628445381,-0.9466915478260364,0.0866129647527417,0.0608832556515145,2.140356745185098,0.0373416990778541,0.033864648128757
2024-04-03,-0.0027346316494452,0.0063082776134983,-0.0013862699876844,-0.001806204829761,-0.0005499216373067,0.0119738361034764,-1.2739151889153066,0.0830327126937017,0.0611656399215641,1.9110809014579015,0.0541803289588044,0.009534734412024
2024-04-04,-0.0004971108956597,0.008749322063006,0.0004831375820969,-0.0007573110753922,-9.21589613081892e-05,0.0141932454236765,-1.077535731918929,0.0713633640944149,0.0482816037621424,2.0342789985163026,0.042608408757001,-0.0229933031600771
2024-04-05,0.0001807368235165,0.007158075745805,0.0008572570115905,-0.0016916584167952,0.0002289435500137,0.0161726146355549,-1.7718536021094689,0.0824446301270751,0.0486191468868644,1.999145947570473,0.045636209910457,-0.021560970328409
2024-04-08,0.0012664843582149,0.0074641378683772,0.0002062453665994,-0.0030533593184876,5.0422379239352974e-05,0.0122412846433202,-1.042776200380496,0.085027795016041,0.0580739596793376,1.6559986202518362,0.0393319756168766,0.0064158333126748
2024-04-09,0.0025046022157148,0.0072099931147911,0.0001868869530292,-0.0022775582458641,0.0010548456233988,0.011604485585885,-1.0465207473100684,0.0774285466754471,0.0566530294872069,2.104378123837297,0.033157790980892,0.0001527956299314
2024-04-10,0.0002228206616779,0.0032698227604481,0.0002273138252076,-0.0027471962751373,0.0004026091582629,0.0135625553990459,-1.0823757627479835,0.0881746634237079,0.057032240765461,1.7579623171205392,0.0189658771802339,0.0027454648165266
2024-04-11,-0.0009798403696572,0.0039122955302516,-0.0019722042640732,-0.0044362638250576,-0.0009284732174115,0.0028620956812259,-1.2823842061505355,0.0944759531238557,0.0779298106861697,1.6659530259823645,0.0461204652633054,-0.007986268524816
2024-04-12,0.0008617402178678,0.0069995133281917,-0.0007076112419096,-0.0004003813610329,0.0008525686534036,0.0108854363412058,-0.5356953305066627,0.0738315627585309,0.064627344233621,2.056012681630973,0.0320943295653944,0.0191749056225546
2024-04-15,-0.0011086447494775,0.0055145798673837,-0.0016820044536688,-0.0025693861788311,0.0002567139025044,0.0120403527173841,-1.5860610512837328,0.0860285319176685,0.0704105986619375,1.9032572206446603,0.0417823116519378,0.0584342630421329
2024-04-16,-0.0033361871017955,0.0087399821520802,-0.0027342316379971,1.4049078343096036e-05,-0.0003307752974306,0.0085910307365527,-1.8957885534040169,0.072379716838746,0.0601634995061673,2.337650029633465,0.0455039270844817,0.0722444248103284
2024-04-17,-0.0029805921874074,0.0117537921409558,-0.003042850018362,-0.0001282603284057,0.0004544699119449,0.0091769154182362,-2.4448464901438145,0.065627994864853,0.0563938971569343,2.493983690501102,0.050828388893647,0.0778199126256737
2024-04-18,-0.0046848083282125,0.0082097567380602,-0.0016724915938427,0.000298597741905,-0.0003971069765624,0.0106326837007366,-2.3535853012578727,0.0738155292835994,0.055495508507095,2.3160427820837404,0.0150893753119162,0.0369127213952354
2024-04-19,-0.0021589864232482,0.0075527964109652,-0.0006038435809066,-8.231391596820285e-05,-0.0001516648342651,0.0104881989811423,-2.3624704445834466,0.0779516741244998,0.0521315924537099,2.396561554129596,0.0382405333324989,-0.0060286446868687
2024-04-22,0.00096808565399,0.0055950177308629,0.0005327266735845,-0.0009380256867682,0.0003671525831119,0.0139051388764129,-1.76188786979264,0.0844886341237556,0.0581349925797409,2.55199125069577,0.0427048287409549,-2.231585195092665e-05
2024-04-23,0.0037960157609808,0.0041833279507123,0.0013101985069365,-0.0008115706403246,0.0016194865073953,0.0166076769102588,-0.9906194121729812,0.0829750866530848,0.0564024668889305,2.077814801609549,0.0358249591953648,-0.024036849256107
2024-04-24,0.0036516649260369,0.0030434761396452,0.0008568076766471,-0.0010544348278438,0.0012586151975364,0.0171746614129775,-0.4652797033548352,0.080542105530479,0.049929245787279,2.5176422274930124,0.0424558111173553,-0.0068347416843455
2024-04-25,0.0012341458265048,0.003410966490487,5.395430622398383e-05,-0.0026178483274375,0.0004251926934815,0.0120699148203842,-0.4474195775193308,0.088337083062957,0.0576894007910554,1.9533446535703185,0.0301927075486478,-0.0049313033461249
2024-04-26,0.0005848995897229,0.0023826717395811,0.0007557546592413,-0.0018567842169325,-0.0005812288857207,0.0091475198023093,-0.5981009731859077,0.0829888085213921,0.0505606424651405,2.008145320570886,0.0480008778820399,0.022620788393576
2024-04-29,0.0024303578670932,0.0025239673356042,0.0005874678028632,-0.0032374191683691,0.0006196957851691,0.012260090895173,-0.1929357174692827,0.0919871325408521,0.0633843645856041,1.6943609326365063,0.036159696502135,0.0319748972933746
2024-04-30,0.0018951202098781,0.0012177755779274,0.0007377327009122,-0.0021797104052836,0.0007053599703453,0.0132861948553426,-0.4552505344584772,0.08429233895112,0.0531832813381211,1.4745495929728452,0.0186820127651118,0.0223651999835664
2024-05-01,3.725646609840027e-05,0.0041484812989824,-0.0008327759729259,-0.0035828016387509,-0.000123182978239,0.0111009682826721,-1.0314725126856032,0.0805930250534602,0.0602998166093922,1.751939385611608,0.0320549893614733,-0.0044676757061847
2024-05-02,-0.001205277963758,0.0046438495703492,-0.0005292435170524,-0.0015125909654396,0.000405894402086,0.0164353647103488,-1.5584608295071376,0.0739370359848784,0.0589940291235221,2.4151263751755847,0.0223378771664607,-0.010028669157601
2024-05-03,-0.0006095930421153,0.0015783772716892,-0.0001859906147515,-0.0014232163845297,-0.0001408275682157,0.0159946699787079,-0.8963288155210454,0.0918775557224151,0.0576608923753272,2.373394546964415,0.0293680754071117,-0.0216757657698046
2024-05-08,0.000304555160455,0.0015173181723132,0.0012737973120674,-0.0006696086993585,-9.451427178989085e-06,0.0165794170349515,-0.4333598295729214,0.0898640296651549,0.0488131809006952,2.3481793979104824,0.0233159964524077,-0.0137423924461269
2024-05-09,0.0028939332030536,0.0029842963380413,0.0014804261750335,-0.003111481805471,0.0004211249272812,0.0163952519135409,-0.877266898510613,0.0881479325269461,0.0593288943887968,2.3036128488052627,0.0441717267128897,-0.0061173962530331
2024-05-10,0.0036316881884723,0.005732617554346,0.0019670970883796,-0.0032291317689047,0.0007943864452622,0.0203902184524307,-0.9047402822017508,0.0719434444772851,0.0564902302587063,2.1212848486368374,0.0498227613425928,-0.0015207337090837
2024-05-13,0.0029405634653656,0.006496500771334,0.0004698329179738,-0.0039766666024549,2.601248855675442e-05,0.014456402510974,-0.3293975492473314,0.0797999303909321,0.0598724174743852,1.7492871562887051,0.0275386945304399,-0.0148338252626598
2024-05-14,-8.249632230816696e-05,0.007121396483428,-3.098391393383242e-06,-0.0025957655998938,-0.0002981823239173,0.0138242271543201,-0.8082563395949118,0.0839468701996926,0.0569420038223558,1.8520124983808897,0.0465112523184559,-0.0082086846018269
2024-05-15,-0.0006783535238463,0.0047646079852218,-0.0002089352403435,-0.0018595313799563,-0.0001504719811755,0.0126005108210901,-0.9025973794037944,0.0848765109498572,0.0556995040472588,1.941567698263251,0.024898515656051,-0.0082877142088655
2024-05-16,0.0006931313531976,0.004239109976585,0.0007458063088068,-0.001642312961891,0.0009282334198978,0.0178110021730294,-0.8697072455769328,0.0787956925089545,0.0524130727669959,2.1438482678788198,0.0435739374653631,0.0013189492894728
2024-05-17,0.0018070930902146,0.0037867376476412,0.000993611388856,-0.0029433759701347,-0.0001101131344264,0.0149987825626143,-0.8132259270144249,0.0842533852529422,0.0561805212124352,1.926662870768782,0.0399845341679982,-0.0150317613823717
2024-05-20,0.0031778201976469,0.0058227631893796,0.00187709238666,-0.0032242163718124,6.291004067383463e-05,0.0154855759063077,-0.9363631008076604,0.0873269960710357,0.061329382266717,1.8784373829026977,0.0457016705404473,-0.0219767194467232
2024-05-21,0.003636290108263,0.0038355946022708,0.0011231109099227,-0.0033378279901111,0.0006398753231431,0.0155222481706485,-0.7894275631623654,0.0907889530570086,0.0626324999915629,1.6782000432849151,0.0304582308479843,-0.03204407270544
2024-05-22,0.0020016194752835,0.0029760190781695,0.0003620253251795,-0.0028120175918747,0.0005615576251459,0.0120568905707508,-0.5432194005401805,0.0862830541878997,0.0620295665603018,1.6913230189400477,0.026887580409669,-0.0261167848023818
2024-05-23,-0.000389866849981,0.0033804819382477,-0.0016038474226805,-0.002565728373072,-7.882741357291002e-05,0.0099547492641163,-0.78097560026053,0.0822273731647553,0.0634385234820199,2.053569922852612,0.0261151563468453,-0.0157392998786631
2024-05-24,-0.0023444526518856,0.004298361145718,-0.0014220041190045,-0.0019115995370082,-0.0006754972780342,0.0100587789699801,-1.1876213291801327,0.0830651784611925,0.0626771777762377,2.021484683131288,0.0222418660685025,-0.0117225476249969
2024-05-29,-0.0004170618125452,0.0040754182491516,-0.0004011064571345,-0.0009690882771792,-0.000300829672428,0.0110525257876762,-0.9999987377939856,0.0827984554080331,0.0564534338430604,2.087043695839316,0.047530469180777,0.0350028408503884
2024-05-30,-0.0012919553481479,0.0059726708613021,-0.0014170657165341,-0.0027962834247641,5.6054623729688736e-05,0.0109107531401787,-1.3742731700798094,0.0873655759319965,0.0705824902726608,1.900344695300937,0.0310430581495486,0.0479266431545108
2024-05-31,-0.0010471695142582,0.0066578383368803,-0.0009589451739871,-0.0007599027418962,0.0002225090751873,0.0125467288909229,-1.531508794791102,0.07554392309708,0.058267488710622,2.2569863251111046,0.0288123137186092,0.0912153682171503
2024-06-03,-0.0017256988286988,0.0052321603915928,-0.0008581884702044,-0.0012853645220175,-4.000892681206896e-05,0.0130409538130077,-1.2085602514168887,0.0795873841369421,0.056906343304453,2.3535488648581606,0.0344382852616393,0.0958275881269479
2024-06-04,-0.0028862895508841,0.0049600346190651,-0.0012156420852006,-0.0007802501258882,-8.549833570989489e-05,0.0175222348485739,-1.1435492903960969,0.0768409289380873,0.0520348296646153,2.346632276587444,0.0150093284324135,0.0051273094040002
2024-06-05,-0.0032130947682352,0.0060876871097208,-0.0002112194360192,-0.0026603170641847,-0.0002346841561816,0.0183533771268663,-1.478621915421747,0.0789479021948232,0.059240963949389,2.417488983296713,0.0348666823708293,-0.0322566828671372
2024-06-06,0.0003322633500921,0.0077198960848503,-3.911453806723369e-05,-0.00241221956839,0.0002388458122066,0.0203308700460921,-0.9652494551391834,0.0776940102849738,0.0596593316569786,2.566631107669681,0.0500617905264177,-0.019815215121504
2024-06-07,0.0008891848097907,0.0088309822823189,0.0011806343623646,-0.0023258771951056,0.0004905579544309,0.0200949678119497,-0.8710121349219234,0.0819172300904654,0.0547369907461761,1.9517750930163489,0.045339515676151,-0.0236157439188512
2024-06-10,0.0027236112841036,0.0079573929846855,0.000357755273781,-0.003863041730699,-0.0001730277541636,0.0105735313117464,-0.7102767019212135,0.0910060879222558,0.0691745295491704,1.406581718163561,0.032079183715334,-0.0156528270537349
2024-06-11,0.0028345125284833,0.0095373326101916,6.633073564357948e-06,-0.0019047667844246,0.000951713192206,0.0116079187986526,-1.2872046428359116,0.0726255217163897,0.0666360966477851,1.7927520542956086,0.063415876959444,0.0034852160372428
2024-06-12,0.0020343958619063,0.0066066934747774,-0.0006181958891878,-0.0020912882652073,0.00074317074747,0.0124504931857314,-0.8143667957270428,0.0748934452581783,0.061026928534582,1.4924442387106442,0.0328271076660053,-0.0119008000588371
2024-06-13,0.0003617728637738,0.0073479048631708,4.375292044983789e-05,0.0007956045645014,0.000172793813604,0.0149218276037489,-0.6672299532520454,0.0676850733830609,0.0374624424897748,2.0071455681888315,0.0445387128078157,-0.0315409728170017
2024-06-14,-2.760485711394002e-05,0.009827740160636,-0.0014930140828484,-0.0038363161657905,0.0004293125269034,0.0188290376105842,-0.8333515596939662,0.0873570054685338,0.0677524415358465,2.0738938853208357,0.0390123324431671,-0.0197794225578704
2024-06-17,-0.0002476038590187,0.0094312899233897,-0.0006829840376492,-0.0037529621978213,0.0007379523042181,0.0204093460439393,-1.3731240169252534,0.0870200297666,0.0689543750276701,2.0697080335979505,0.0323365546421544,-0.0032066348518377
2024-06-18,0.0006677615145736,0.0082878142944217,5.096369690157503e-05,-0.0026743777114364,-4.471984370072016e-05,0.0142729184443034,-0.982534754675734,0.0752513598218427,0.0531043665576596,1.8734192869923691,0.0571731505464785,0.0293579766110394
2024-06-21,0.0013169657936494,0.00918893219246,0.0006369689184086,-0.0016332825355284,0.0008407192418756,0.0162085361264579,-1.0522410224106324,0.0726809107082912,0.0553454686442205,1.907017716991095,0.0491740538213795,0.0444246203468205
2024-06-24,0.0002539279831207,0.0066396246172071,-1.548036574818123e-05,-0.0016293868917827,7.66610828524842e-06,0.0139980828269139,-1.1686975558889958,0.0836401651656258,0.0563094075189677,1.3992481386431412,0.0131736724085901,0.0412247456738926
2024-06-25,0.0001584612775274,0.0058900598211065,-0.0002334935038833,-0.0013441627169123,3.689550072071143e-05,0.0134477463330256,-1.2582025339192249,0.0843905891531644,0.0519181725888837,2.0045299482374723,0.0431197701080535,0.0215846114592377
2024-06-26,0.0005388242311448,0.0053165158812507,-0.0002672486304961,-0.0028144160484164,0.0008893362632596,0.0158644848868372,-1.135995457314498,0.082226620310404,0.0579375110798917,1.749350179926355,0.0280078136565588,0.0066630035541725
2024-06-27,0.0011208236426601,0.0057493168798457,-0.0004035565490247,-0.0030294413529931,0.0001021777012408,0.0104507191237142,-0.9680499075581332,0.0726684202915791,0.0603250287527728,1.8625333720449389,0.0412212111762895,0.0119070767828913
2024-06-28,0.0015323714388094,0.0073219312418904,7.656418716357215e-05,-0.0017137085529253,0.0003970563208977,0.0133627029453855,-0.9931725182767258,0.0681608002867567,0.0520492084972034,2.1046768063835875,0.0503233728557734,0.0051665511764944
2024-07-01,0.0012541387915167,0.0068709504769647,0.0001039006209746,-0.0021647559888557,-8.797543113356565e-05,0.0117837378934368,-1.0992394835499848,0.0778848178745,0.0545696692527408,1.7354115176953058,0.0326730360329384,0.0243118622053626
2024-07-02,0.0028708857880547,0.0091365901712041,0.0004340586852876,-0.0021144744028304,0.0005309375216729,0.0097505536069861,-1.0876874384630764,0.0719530050651409,0.0534533049658085,1.719873574609631,0.0563875756548799,0.048049785047369
2024-07-03,0.0029852248583935,0.0093206937755543,0.000367219141949,-0.0019258933391638,0.0012351837689934,0.0127418537201136,-0.9834558043520484,0.0636005670832924,0.0523392912288784,1.8243616874073507,0.0340153533426399,0.0640562643865908
2024-07-08,0.0017638854665055,0.0061849183620192,0.0004994429184544,-0.0014726920402507,0.0007537037606605,0.0133517478055923,-0.7265966995621349,0.0762355807925129,0.0477320066037517,1.9442777411620435,0.0409887955935392,0.0640225538895906
2024-07-09,3.659129960845251e-05,0.0038912226907712,-0.0003949215794697,-0.0028835769877695,0.0001996911179334,0.014343395576814,-1.0709182137288984,0.0923648596662303,0.0538502155148963,1.5983177822042356,0.0212284907073248,0.046208101019239
2024-07-10,-0.0002566701904137,0.0011796755830199,-0.0007339018473137,-0.0032760831682815,0.0001327715535822,0.0142890181270433,-0.9672791020268586,0.084065947952555,0.0546594675689964,1.6602647743237446,0.0233640780337593,-0.0031190074163922
2024-07-11,0.0003203085852927,-7.34305628637107e-05,0.0001032364499038,-0.0033906086293379,0.0007006252949357,0.0145097279962396,-0.9749491265724448,0.0788852132838887,0.0512180942259829,1.6523694289663169,0.0352375569935377,-0.0154468860882335
2024-07-12,0.0004577744773125,-0.001717882518412,0.0006236976396049,-0.002499647574574,-0.0003927847059829,0.0164866653119797,-1.1564398733383514,0.0778352107109057,0.0418782532792623,1.926486208790141,0.0408506333382102,-0.0038189681547793
2024-07-15,0.0016859902116607,0.0032089541773728,0.0012810758124847,-0.0020798580227144,-5.58017532461324e-05,0.0183465904117073,-1.0565552300218095,0.0679996208973674,0.0421112426745836,1.9771010186513307,0.0343651721701657,0.0125289079083713
2024-07-16,0.0022975025481607,0.0040993852162342,0.0008366049710496,-0.0028270144927642,0.0002339065561602,0.0189561238016031,-1.3139165060955067,0.075851693067823,0.04816929645946,2.202855674135269,0.0364608884327918,0.0322231085890221
2024-07-17,0.0009579184757949,0.0037882371633018,0.0001447688403693,-0.0036286150313749,2.9503819986471537e-05,0.0161647589144909,-0.9707865354242576,0.0804100313776782,0.0538327129472285,1.7413067717303654,0.0210687987117194,0.0426090197286712
2024-07-18,0.0001120836623961,0.0038584081726244,0.0003343260740209,-0.0019282236229976,0.0002770144378922,0.0137081490282354,-2.223303115419905,0.0676074293480161,0.0447270884759883,2.222229707313665,0.0610248271836233,0.0496492866776037
2024-07-19,-0.000493698236919,0.006134154039763,-0.0005789544864633,-0.0022539455955208,1.7908234833948367e-05,0.0139711168907061,-2.295099511581382,0.0679364905855811,0.0511022000803955,1.644271894276388,0.0390680943507058,0.0358866616463408
2024-07-22,0.0008230570882863,0.0058008452043721,-0.0007904099232408,-0.0013922400784044,0.0002166320539013,0.013587887734679,-2.346710887829575,0.0695068353246889,0.0532479194767554,1.7706304641125985,0.0117442600256094,0.0468983387873021
2024-07-23,0.001758651706381,0.0041913239881797,-0.0005613237777111,-0.0008831963352346,0.0005350816446819,0.0123715140047176,-1.5488814333019605,0.0757291810202813,0.0534047219169772,1.916727934293068,0.0323787561391761,0.0015997009225816
2024-07-24,0.0007082351742993,0.0025398542369096,-0.0007940986000471,-0.0015199159614558,0.0005900963157548,0.0137601625337535,-1.7806574623864302,0.0751231305050373,0.0524466912250774,2.3674460115179823,0.0074611865933578,0.004421685712535
2024-07-25,-0.0003471703935671,0.005152972933591,-0.0004518651288852,-0.0014968869688251,0.0002931220185768,0.0137499456708358,-2.558716998474943,0.0644314735983696,0.050950245859607,2.293617328047123,0.0458691458665077,0.0114495935483938
2024-07-26,0.0018717177019346,0.0054855355823738,0.0008461744852046,4.7016425899588585e-06,0.0003363164524473,0.0141738024195224,-2.3074534152944093,0.0694725105853925,0.0504179972431599,2.3966031552322646,0.0503441139835558,0.0170410543718837
2024-07-29,0.0037530330481339,0.0042468499179788,0.0009548426617999,0.0005512874444337,0.0008621711201181,0.0190576526723752,-1.5537808975566656,0.0743374670045539,0.0494431261621956,2.038396423784423,0.0297235964494759,0.0216377475189134
2024-07-30,0.0022662412097184,0.004557081145416,0.0004132788632398,-0.0019466528627154,0.0004961990928507,0.0170096787926162,-1.8397483704393625,0.0770639412395343,0.0572464136625837,2.0036407180717304,0.0199523029462797,0.0419453960764025
2024-07-31,0.0006323300703082,0.0040017299594473,0.0002110746049684,-0.0015682733888098,0.0004437798278096,0.0173768325998748,-2.050229698521975,0.0740406189168448,0.0531343723817817,2.3528010206150523,0.029046434773696,0.0451638578308619
2024-08-01,0.0013240135105567,0.0039118905540508,0.0006926112171244,-0.0008766987090935,0.0002269181406779,0.019013389627629,-0.6710827902231704,0.0772497203961618,0.0515652271308889,2.2151769542657638,0.0687748870860891,0.0209856744674998
2024-08-02,0.0012561487240274,0.0055866465298438,0.00076751249363,-0.0027863877704201,0.000617997178376,0.0234198012085359,-1.7059867583260884,0.0738545081307393,0.0543468474072534,1.9293018639977064,0.0205038672136153,0.0173005521736941
2024-08-05,0.001864180954518,0.0049703046179782,0.0039070219901542,-5.688929242739097e-05,0.0005407079943344,0.0309438287769661,-3.3858289582378776,0.0519805474593192,0.0255055485219479,2.690013238204768,0.0233808013940202,0.0184942899699428
2024-08-06,-0.0010518479799769,0.0048967979268385,0.0042463533054755,-0.0031897237620453,0.0004955501601449,0.0284072709670768,-6.182366762236674,0.065150433539848,0.0375018892179756,2.839617808409342,0.0399772746687199,0.0225540308948619
2024-08-07,0.0069491190209052,0.0014067736290092,0.0028570011656073,0.0002234982293344,0.000955584575106,0.0224501987644185,-3.749292382478187,0.0812341934104529,0.0540961976381555,2.481115906379596,0.0387234339278536,0.0179240870556839
2024-08-08,0.0006917938710227,-0.0005084478046749,0.0012533702435258,-0.0017346015738962,0.0010308679845886,0.0128928634306019,-4.873870961253759,0.0849797630585653,0.0521811846974374,2.108649745867881,0.046444223818606,0.0060146825474299
2024-08-09,0.0007224576542461,0.000700369589791,0.0010088742275248,-0.0021111302218538,0.0003913718710083,0.0044586546664198,-2.76196951490664,0.0755627443226516,0.0494979126538207,1.7353264663490262,0.0379564133590365,0.0169902193984573
2024-08-12,0.0006901209744128,0.0003768992011115,-0.000984970840781,-0.0027178910430187,0.0002988451362825,0.0077810309896065,0.9194951114962354,0.0858776434718825,0.0489104241024451,2.0022174545309595,0.0344774563173516,0.0001135126847357
2024-08-13,-0.0001139887768922,-0.0011088220074733,-0.0006251771902053,-0.0042099197288693,-0.0009984699877056,0.0122785421685924,2.0144252345492197,0.0952081379055227,0.0526583659925158,1.3512157284615955,0.0559912943341658,-0.0180952410986952
2024-08-14,0.0025276822964253,0.0006111303942239,0.0006330513935781,-0.0026572519234935,0.0002667410018769,0.017019116091847,1.223801646264317,0.0748915978994379,0.0429027104262783,1.705105689425949,0.0175802311555351,-0.0230100105205258
2024-08-15,0.0021414398573492,0.0002085281024677,0.0017680220820781,-0.0021937301316196,0.000439033766526,0.017586470613506,1.583847951864369,0.0713154869038237,0.0333493473949529,1.305143398531404,0.012253091419392,-0.01882914895537
2024-08-16,0.0018743800616098,-0.0002509268305059,0.0008053208211776,-0.0040460810327072,-0.0009269415032321,0.0116513926126095,1.1267582019331837,0.0868288485679269,0.0545468930856416,1.442914864549311,0.0407763532797796,-0.0171209129720152
2024-08-19,0.0015708556854943,0.0012845632267697,0.0007279206586387,-0.0032662661014512,0.0003028444893833,0.0138358967005861,0.4157537254691316,0.0678518210514548,0.0457676605221225,1.3132353663579406,0.0163053104219159,0.0158661300113587
2024-08-20,0.0017554042558205,-0.0007216331292747,0.0019286825460446,-0.0023027878912594,0.000140654724903,0.0125800805347015,1.058014640118199,0.0697765500236772,0.0342875211441782,0.9023101057829062,-0.0014012903624764,0.0126883649905792
2024-08-21,0.0027145490163218,-0.0009232585168021,0.0023899813051264,-0.0032526789295936,0.0002205321670712,0.0175230122528355,-0.3353276608161193,0.0670552695553614,0.0362004926168997,1.5511527046240507,0.030221375176526,0.009398035104903
2024-08-22,0.004238971051005,0.0016750813247643,0.0023316190591619,-0.0033730755706261,0.0006341145536384,0.0205642497578306,-0.339609730688256,0.0553931216678961,0.0362693899778138,1.6421074543894365,0.0098054419075593,0.0103479739246042
2024-08-23,0.00352646038443,0.0038764002421931,0.0018836101042024,-0.0050840595546621,0.0007086165582467,0.0172236115786239,-1.8194778091278332,0.0616358485736701,0.0483619784104543,1.8743992954494164,0.0483788017272602,0.0333767216669475
2024-08-28,0.0029335349527342,0.0050024426444569,0.0011761039946926,-0.0019152951202163,0.0004514526852706,0.0166920463271181,-1.1602539301181236,0.0614004541591931,0.042149199017787,2.219546338546897,0.0581631955002531,0.0440134792596958
2024-08-29,0.0001573938488253,0.0039351299160857,0.0007038914588333,-0.0039367625403742,0.0009100996404683,0.0149149702535448,-1.8730247261422197,0.0668728080321669,0.0473387642980033,1.4417963672322904,0.0194531248594693,0.0513659671661793
2024-08-30,0.0024384096996246,0.0060549541157072,0.0004569784960018,-0.0029759145717821,0.0001328004361382,0.0139143131257166,-1.2035055592796469,0.055585308933173,0.0541410975762762,1.8367099937743816,0.0556370668138936,0.0512457293376691
2024-09-04,0.0022698699742044,0.006346539194224,0.0009626645919032,-0.0034837065639157,0.001310987690379,0.0153420140582607,-0.810199136372942,0.0542194884601465,0.0492684585967216,1.747084230431017,0.0136322931002057,0.0281734173081225
2024-09-05,0.0016002885536216,0.0016491077659328,0.0016994878276955,-0.0026307187248352,0.0003621553003272,0.0183475231714796,-0.7970600655913842,0.0682470166385368,0.0427655091720761,1.7545276172999371,0.0194735906222712,-0.0014777473835187
2024-09-06,0.0005820406894824,0.000845806248334,0.0015953588169617,-0.002060345210469,0.0004819537459748,0.01494345080319,-0.7468304361910598,0.0670697926895966,0.0435954217942749,1.9497505183531223,0.0290484116201783,-0.0051484285521206
2024-09-09,0.0001830409522345,0.0004934761439569,0.0015684214687019,-0.0022432775105636,0.0013052979800909,0.019204266756715,-1.886509230388,0.0686688910177845,0.0452025331911662,2.1084747762635563,0.0230014895567344,-0.0131284041101072
2024-09-10,0.0020703419829413,-0.00032189776392,0.0006880683710281,-0.0005942068494773,0.0006176965626925,0.0154721983162826,-1.0393828771454736,0.0707828333688003,0.0505240248389023,1.6349828990898017,0.0431123069218035,-0.0018516198802143
2024-09-11,0.0015963866018636,0.0004097534452209,0.0005153616156576,-0.0006697187646077,0.001406501195366,0.016744984905291,-0.7485483082709343,0.054926335271687,0.0397491309855292,1.9345509564908012,0.0085004078978553,-0.0059902002791275
2024-09-12,0.0001206837697833,0.001683242275811,-0.0005758478833124,-0.0013831658337991,-0.0002329636590642,0.0135250036665582,-0.2157272200161291,0.0621014223284129,0.0466662971461068,1.8228490637915329,0.0477900359539985,0.0013982615189032
2024-09-13,-0.0006960555951979,0.0050357994588621,-5.580612351501336e-05,-0.0007201753280602,0.0002340739598869,0.014472134446408,-0.1442014814036911,0.0556181156565138,0.0381252903774739,2.012565866716767,0.0485665976798896,0.0004673795160668
2024-09-16,0.0006124815486797,0.0037731433225502,0.0010801072342459,-0.0013405699027028,0.000921627757125,0.0158486566204336,0.4490535090448049,0.0645480277306721,0.0349099554545875,1.2164028157835491,0.0205458071047537,-0.0084039193187292
2024-09-17,0.0018823071808899,0.0005598166470492,0.0024621862473552,-0.0022060259409899,0.0008023696483039,0.0145089756573767,-0.3815019028260996,0.0730497777220791,0.0366226592461764,1.3221862921925918,0.0384246840197742,-0.005888568528381
2024-09-18,0.0033164923198449,-0.0006152623130082,0.0021394355901042,-0.0038544220509049,0.000481991447364,0.0129043747303436,-0.4836833360272332,0.0749675794863143,0.0428873759081093,1.334888089318656,0.0387638577179518,-0.0113330375364414
2024-09-19,0.0034122825578099,-0.0002992189210826,0.001862581542287,-0.0039294702996138,0.0007631714540242,0.0136715294209143,-1.1169336998365915,0.0721797564016117,0.042236288015036,1.3505484091377054,0.0256471983385988,-0.005400432669868
2024-09-20,0.0023921090741955,-0.0016561191464409,0.0018907619854719,-0.0025819321403252,7.328193415162012e-05,0.0120853492679897,-0.4175375760516731,0.0868470530540085,0.0460479721202226,1.5107076647492494,0.0339895000290307,0.0054095359555641
2024-09-23,-0.0002580192073545,0.0004141120687023,0.0009915792173179,-0.0036556897545578,0.0002865139066535,0.0118544867232862,-0.536940533573188,0.0640786275335542,0.0373694213645477,1.4399791248574818,0.0297411093379618,0.0169188461186
2024-09-24,-0.0006888891917421,0.0035534710211713,0.0001771782364786,-0.0037672938569698,6.168477648054566e-05,0.011520341768109,-0.3386731426796352,0.0483400303159524,0.0387750951466775,1.5632248983758177,0.0243613691841061,-0.0020715976350648
2024-09-25,-0.0004105793883013,0.0025836053721018,0.001215493404969,-0.0031065896099638,0.0007426296390058,0.0158007251382835,-0.6224918460530098,0.0639318442280206,0.0425204606402239,1.7913363141674044,0.0412261326390013,-0.0203970618947792
2024-09-26,-0.0011628945581698,0.0011024252243534,0.0009374878374263,-0.0037395876169549,-0.0005667908967883,0.0117015582131533,-0.3087735204110221,0.0695283691968338,0.0442961245906032,1.0475970643866586,0.0058656441566908,-0.0251465033766341
2024-09-27,0.0018666305547191,0.0017084730762297,0.0020442614292115,-0.0016696110378281,0.0012353339383309,0.0114009173348765,-0.854008126567202,0.0495396668456388,0.0283522980649845,1.6460553067580816,0.0103075400665741,-0.0250027960461279
2024-09-30,0.0029016594690895,-0.001995535939183,0.0025933707761855,-0.0036964905765833,0.0012127497541232,0.0145105843536292,-1.240623086401152,0.0688394323819466,0.0430451084428031,1.5105335752849376,0.0336305862759625,-0.0052392915359359
2024-10-01,0.0038605576448172,-0.0011097708683462,0.0019111446262315,-0.0034347794949091,-0.0003904142885025,0.0116183931288458,-0.8410544470387812,0.0700296570135907,0.0470536019404351,1.3705795122344928,0.0289320685547018,-0.001766052887823
2024-10-02,0.0033979833607782,0.0038980389578318,0.0008052813631842,-0.0040679235872849,0.0015854744078431,0.0169523721363327,-1.826843526109492,0.0712328957464946,0.0562823771276826,1.8120588346227435,0.0479524829614972,0.0056421532645683
2024-10-03,0.0018445665930589,0.0029310511976383,-0.0001939466507793,-0.0029923245300231,0.0005421304053966,0.0125656391403109,-1.740739549886153,0.0712512755013132,0.0508086507933588,1.4387877318989135,0.0317589118198382,-0.0049609970415295
2024-10-04,-0.0006841800500665,0.0063536711248011,-0.0010405146015447,-0.0026368905445362,0.0003547113179709,0.0098995275046887,-2.067930377136981,0.0619724443812891,0.0499003120927742,1.780921789410878,0.0689656695328113,-0.0022372403108167
2024-10-07,-0.0018577580335336,0.0059650400462294,-0.0024989579276689,-0.0025295749535229,-0.0004989370879235,0.0043073522757036,-1.0900986409965352,0.0633812354196794,0.0516399809582859,1.430443943566904,0.0329015836470705,0.0217416989760476
2024-10-08,-0.0038276170886937,0.0057664457686315,-0.001603394222978,-0.0004189173246625,0.0001129684802706,0.0062588128768146,-1.852652242370172,0.0570506250174113,0.0419394765246673,1.4529529439312496,0.054400077025269,0.0287413877728991
2024-10-09,-0.0019765144216589,0.0037951584567355,-0.0016759548363344,0.0004738132242598,0.0002304136834123,0.0048214283952564,-0.5348736317557188,0.0421872275862778,0.0334502790365812,1.127760827198483,-0.002359963605162,0.0320566202928743
2024-10-10,-0.0004909436162089,0.0041856106538729,-0.0027737886881359,0.0004086066272467,0.0009838937182344,0.0075996518333421,-0.2691427325530331,0.0377266417847967,0.0381726433704723,1.664910848144746,0.0296626262540482,0.0374186327213534
2024-10-11,-5.59313779400503e-05,0.0045099044560737,-0.0025953000551856,-0.0003605206219327,0.0003780178890181,0.0094171897814989,-0.4435697914272358,0.0551019273613395,0.0484203664016045,1.661961205833996,0.0549849341309046,0.0480832162549748
2024-10-16,0.0010252881652982,0.0072412859563074,-0.0008782392463206,-0.000165254547528,0.0011389694716202,0.0131900240961959,-0.8656294772049283,0.0388835792388401,0.0339770564150407,1.5514482924865105,0.0300348382453778,0.0315511351969402
2024-10-17,0.0012890202348482,0.0076065264743622,-0.0005801739393625,-0.0014213859908108,0.0013515936846232,0.0145487456851952,-0.3522299864985376,0.0431211177146574,0.0391460836065971,1.426243631169259,0.0294572057916021,0.0481071220537125
2024-10-18,0.0008888374798273,0.0066096437125516,-9.595458643757024e-06,-0.0018961445345196,0.0009317747157886,0.0139411003339872,-0.524767180521972,0.0492143729376471,0.0440210530239939,1.5695043428966344,0.0326338777783632,0.0427159064943792
2024-10-21,0.0005221924903085,0.0042428897136564,0.0009102025608851,-0.0015515664476379,0.0008029529019242,0.0138364961080737,-0.5665772055293601,0.0469313449468059,0.0356387688986923,1.4391767192784228,0.0180892061439425,0.0809392795870229
2024-10-22,5.2576107551812e-05,0.0037741085986739,0.0002321524822123,-0.0024264135056106,0.0008547935119735,0.0103788733147688,-0.6571396927493891,0.0521056753216874,0.0435333838898027,1.4250370883841008,0.0421990959645269,0.0770427645780971
2024-10-23,-0.0001527968519534,0.0047659588558872,-0.0004672647819601,-0.0012063975442469,0.0007561393584806,0.0101804736652668,-0.6487656200513866,0.056163077099063,0.0445886128948775,1.593066126351757,0.0451703095333763,0.0734529395798919
2024-10-24,-0.0011052592673186,0.0034674952921301,-0.0008221199222193,-0.0024288374717861,0.0005363561225835,0.007733504046758,-1.1713621893124704,0.0549368909563959,0.0418217076316066,1.2510341766585609,0.0144133119565783,0.034723788172894
2024-10-25,0.0005040570998828,0.0033516638810251,-0.0001974039752382,0.0003485273029022,0.0006891687146865,0.0106203244332421,-1.1931280544481446,0.0482417893020717,0.0332897469922047,1.5999957110920746,0.0236914735622831,0.0026018917813622
2024-10-28,-0.0001241781697503,0.0029546805128425,-0.0006223486762797,-0.0006278298567678,0.00077769376943,0.0113372884196671,-1.4015428122045748,0.053142128555136,0.0376007006240493,1.6655007002545332,0.0421305243017835,-0.0047463316530931
2024-10-29,0.0006232290154967,0.0013983090640441,-0.0001805577859694,-0.0004293664759082,0.0005725886979647,0.0125419409696026,-1.0403221550533328,0.0482189388165732,0.0330571343100106,1.3959585853133836,-0.0107698053142915,-0.016218535286362
2024-10-30,0.0007834392241243,0.0006679006204048,0.0001300029606439,-0.0003973644142076,0.0008237724748598,0.0117198642432456,-1.1682951443412326,0.0532330665061293,0.0409462269967791,1.8024755595300463,0.0302466550447214,0.0205390204141608
2024-10-31,0.0011984983715837,0.0030885517760992,0.0009211844589587,8.396542376097518e-06,0.0005010895776441,0.0116985846402136,-1.2794770820128876,0.0369281717208455,0.026924466092798,1.6848090418891395,0.0450163181534728,0.0025433431261814
2024-11-01,0.0020841749105587,0.0057263189279444,0.0009469900316832,-0.0011607991306218,0.0008062863375606,0.0143304563721927,-2.162294557676093,0.0459828587842946,0.0380697150313947,1.5303554972303557,0.0402160381307491,0.0371255330131282
2024-11-04,0.0039612507583072,0.0063785135574167,0.0011092991506837,-6.61030354460264e-06,0.0008960019781855,0.0135864887674178,-1.668478326933459,0.0446363320362526,0.0382701467103965,1.522406297480312,0.035362266677057,0.0878708443772688
2024-11-05,0.0040341497236568,0.0055435593628443,0.0020857196594295,-0.0001813017917252,0.0017548570625716,0.0151632675474937,-1.991196673711615,0.0511309637985791,0.0356439630062039,1.7175798606815256,0.0481612288872793,0.1029717757263123
2024-11-06,0.0027065871932458,0.0040552531472507,0.0017121388079024,-0.0008357667090954,0.0010846969026134,0.0150282561086701,-1.057252527661261,0.0497877994248451,0.0305670710435337,1.450694580113275,0.0294377482565544,0.0450926587846709
2024-11-07,0.0010476332395287,0.0022604913324168,-0.002512447484786,-0.0052817797091314,0.0002074748562901,0.0106796736698805,0.5109495166765449,0.1006752599134846,0.0847391262341222,1.631752506771809,0.0254821544750709,0.0066955715085894
2024-11-08,-0.0011171712742661,-0.0003941643976106,-0.0008666320168326,-0.001797646818891,0.000397062456336,0.0112792702290792,1.357928325831066,0.0701401370756529,0.0484758626552138,1.4963861336905473,0.0325759012130746,0.020459952218941
2024-11-13,-0.0032596358287756,-0.0020463054676463,-0.0025106299324712,-0.005662395218167,-0.0011787819021727,0.0079191026247877,0.9800513979071588,0.0748819427905444,0.057910560754023,1.0603849009294826,0.0132228031836539,0.0514562198688512
2024-11-14,-0.0003390734048608,0.003721558314314,-0.0024123944422779,-0.0020954841372106,0.0004847671928005,0.0165216246114793,0.8329788968094937,0.0563850472324279,0.0555219985485302,1.812213915248427,0.0395247548839888,0.049740484345718
2024-11-15,-0.0009849943716431,0.0028031009952791,-0.0015770889584451,-0.0017132573804542,-0.0005250154248921,0.0129705816854157,0.2737598965727225,0.0706260680522185,0.0552063477787102,1.3096388118498303,0.0281239424534084,0.0582991802316286
2024-11-18,0.0012646235355326,0.0037618872400092,0.0009921020870583,-0.0009745309520119,0.0006721010088696,0.0159056218881507,-1.7842036262686811,0.0601736723490217,0.0487169609006219,1.500254382917882,0.0154325965788579,0.1034068584276573
2024-11-19,0.0027664986492607,0.0037369053307823,0.000864336945106,0.0021411911236731,0.0014936281618736,0.0152756402651494,-1.6264242040742565,0.0561888842559684,0.0406211175859834,1.7113468507835383,0.049312163207188,0.0153226229927298
2024-11-20,0.0034706355300066,0.0015857180666037,0.0015500580774097,-0.0010331719496848,0.0010478154188065,0.0156506944427671,-1.4592486181054216,0.0640558275304617,0.0459478178040526,1.6319669161174168,0.0331607812055131,-0.003259063348883
2024-11-21,0.0022347207087436,0.0016046233709102,-8.079830670959032e-05,-0.0033179188278416,5.680230698214267e-05,0.0135215957758167,-1.4498161576997286,0.0724711514141806,0.0600348570493516,1.5917191711663032,0.0271675621659292,-0.0328408701019007
2024-11-22,0.001428913217845,0.0037278180328681,-0.0002181161895969,-0.0033831177480314,0.000415735595686,0.0144452030602108,-1.405248181032993,0.0648469408791185,0.0586224990926094,1.8278721411704224,0.0458756954153357,-0.0827997045732089
2024-11-25,0.0003256637715085,0.0034977569477095,-0.0011139055739847,-0.0040724990165491,-8.991324378487418e-06,0.0130869451493665,-0.6360221333205135,0.0806127164817124,0.0707359877701855,1.507082326458671,0.0418351328193661,-0.0507794270879956
2024-11-26,0.0005995378115925,0.0029863212833148,0.0008722033363369,0.0005119405852527,0.0010970119395041,0.0199258623701907,-0.6453798212630422,0.0476833526087845,0.0324720773705111,1.504373800360741,0.0095780701392654,-0.0544328557507973
2024-11-27,0.0003393917542933,0.0028872201733753,0.0002207507331289,-0.0012755575832331,0.0003903505540274,0.016435309946092,-0.3088538995158025,0.0565921193142074,0.0405902363963963,1.6959527237354943,0.0261625225945923,-0.0675399142433481
2024-12-02,0.0018862723957375,0.0045008303399061,0.0021741236797907,-0.0001007143572629,0.0008695111614723,0.0190061871531951,-0.4884703657770383,0.0290451383735228,0.02179054030997,1.8669182115879743,0.0368354286619503,-0.066834020687822
2024-12-03,0.0022669876732209,0.0040854607790775,0.0007354223022455,-0.002871063944401,0.0002536072172413,0.0164322449302647,-0.8270006306126432,0.050121244753016,0.0504558080830718,1.5286253481725658,0.0390502991594604,-0.0209892819696667
2024-12-04,0.001662105980251,0.0062991371802843,0.0004799132155866,-0.0004088995355289,0.0009225710619609,0.0165632808636164,-1.150706590050632,0.0447064327044302,0.0443463512216332,1.8413245033376475,0.0497143450407295,-0.0112289597432872
2024-12-05,-0.000589365616062,0.0044331582659203,-0.0010141233509916,-0.000999478084761,0.0006820488490029,0.014227372812687,-0.5184856496333983,0.0580096398826544,0.0433279610861589,1.3749032110096795,0.01466911559029,0.0330950405999532
2024-12-06,-0.0018745938917718,0.002243556967125,0.0001892930578607,-0.0005010571428101,0.0005658339649151,0.0122463065603774,-1.075928777222749,0.0557688628636451,0.0374851438349828,1.6977128252213338,0.024647729951095,0.0276783021676857
2024-12-09,4.455682482082304e-05,0.0024697789535987,-0.0002758928552462,-0.0005448748445994,0.0008859704324949,0.0172182251596468,-0.9269353022310912,0.0493096195619041,0.0391912390894897,1.59143008139652,0.0345141209213062,0.0351299665717003
2024-12-10,-0.0006177138369169,0.0026779861874422,0.0002953489544721,-0.0009902729043243,0.0004177929088741,0.0145285987529723,-1.3724779020987867,0.0525714339908044,0.0444530396256846,1.8330429452901336,0.0342446341054506,0.0002647474716822
2024-12-11,-0.0002193693781778,0.0017251908331542,-0.0001581362879419,-0.0026156267884037,-6.449579209603701e-05,0.0147225066907047,-1.444493527830906,0.0754083430815921,0.0595106242922583,1.357802707740324,0.0327148823216734,0.0023500554298885
2024-12-12,-0.0014386827419419,0.0003330490933987,-0.0009117358992192,-0.0006706463120482,-0.0003899925196313,0.0118260019209516,-1.084213774522262,0.0781247992671754,0.0586350495794084,1.8111335152971024,0.04407599952331,-0.0013374001958116
2024-12-13,-0.0008835385948179,0.0006630728354898,-0.0002768114447523,-0.00176321955601,0.0002292634209718,0.0108431388933608,-1.3938428885904162,0.0621643483660399,0.0427553459610955,1.4247892805901754,0.0247327203432501,-0.0089995604526898
2024-12-16,-0.000415289712876,0.0004277543104864,-0.0008522334733002,-0.0026939696467137,-0.0006025733265914,0.0082458875322997,-1.1889296745552544,0.0642267833086823,0.0511707686496501,1.5208557866589445,0.045014516660667,-0.0142494505604316
2024-12-17,7.164899348200684e-05,0.0007150168786439,-0.0006598665057259,-0.0002819515082374,8.40371967958886e-05,0.0105544169965062,-1.133876173697811,0.0572799210094735,0.0436197828515681,1.6620367671135197,0.0279339215791629,0.0105304098831944
2024-12-18,-0.0003863195041362,0.0007655027012178,-0.0011358564932549,-0.0022681757657211,-0.000376308808175,0.0111394541771041,-1.138497616507983,0.0592525431432777,0.0479018326749273,1.3626521939998884,0.0247782187013531,0.0133841192626643
2024-12-19,-0.0029884647504519,0.0044712686355136,-0.0017780192607307,-0.0039280709680623,-0.0007681166385786,0.0093702232146565,-3.834542641195585,0.0509598058581079,0.0518578371845778,1.7312869858249869,0.0398282552937206,0.0058213197240827
2024-12-20,0.0014309387669976,0.0041109220067613,-0.001810490758228,-0.0013083071044918,0.000822331186216,0.0129762167079621,-3.430403458520817,0.0708038843675551,0.066356427721622,1.774255482584989,0.0290948724226236,-0.003979483346186
2024-12-23,0.00175863718118,-0.0005532159271014,-0.0005686870390359,0.0022312003273167,0.0006518325402701,0.0117356084123655,-2.509769241424584,0.0685791109888443,0.0452662381109906,1.722056243504442,0.0207012332967711,-0.0058297836832534
2024-12-24,-0.0002421964987039,8.948487659915082e-05,-0.0011345300259103,-0.0001858965227049,0.0001379126179744,0.0103209102381275,-2.096930602800172,0.0572968162441842,0.0438536983336898,1.7029546580024233,0.0316985764871708,0.0052156023803267
2024-12-30,-0.0004941432390141,0.0032451210634705,-0.0012083551203873,-0.0007489724135951,0.0001952397087627,0.0129111521912378,0.038631841474926,0.0504383930258041,0.0461124666320866,2.18079027271664,0.0495253430353305,0.0070012964828394
2024-12-31,-0.0021474001207763,0.0017829388891876,-0.0009612542573716,-0.002014637624611,-0.000122059999538,0.0162729637583086,0.914205154135046,0.0722932084759807,0.0585416451454106,1.6343134442846967,0.0347756277258738,-0.0209152490039663
2025-01-03,-0.0019543433715981,0.0027905061621964,-0.0010831831514612,-0.0026349164633404,-0.0008761971001066,0.0140811523620405,-0.0102545958286333,0.076454843988445,0.0614390961720851,1.3734894744514057,0.036758369164862,-0.0243764381959155
2025-01-06,-0.0004628127985618,0.004387908587506,-0.0007166732176243,-0.0004573634582457,0.0005441925341842,0.0141173403064499,-0.3605706359899955,0.0537138679703106,0.0407836868264791,1.6317320049993171,0.0395143791849949,-0.0119952036781693
2025-01-07,0.0005761682533626,0.0011481540143822,0.0011296291008727,-5.297429908252514e-05,0.0002692299534824,0.0120795832073091,-0.2937648857627131,0.0507016075492952,0.0251994966472033,1.4487518796708818,0.0219676887981203,-0.0447137770384332
2025-01-08,0.0005781107419375,-0.0010092191145695,0.0007400753943766,-0.0032487805957075,-0.0004763242741757,0.0112358500038229,-1.3445138880287573,0.0749245340476834,0.0470532259245211,1.4497811165323329,0.031444951935419,-0.0205667738714954
2025-01-13,0.0020675918364883,-0.0006685437792107,0.0001479593183635,-0.0025855857362115,-2.807476904800883e-05,0.0120250839470817,-1.0555882869172528,0.0702114411290259,0.0569157574005905,1.54256292682323,0.0244799992092328,-0.0070908452229969
2025-01-14,0.0036043622754295,0.0018269101511304,-0.0001855752892782,-0.0027999810940927,0.0007442430676682,0.0132151954480708,-1.1045883652860606,0.0690094179645546,0.0580474740074301,1.6868749091762607,0.0513837417330945,-0.013409584930336
2025-01-15,0.0026033222896688,0.0005576258122762,0.0014502856406099,-0.0007642989922367,-0.0001067992766197,0.0142789594402506,-1.0735416067591437,0.0653189164069114,0.0378827150287268,1.5100040358081357,0.0145974962619302,-0.0097187768418328
2025-01-16,0.0030886974127233,0.0007493179860854,0.0016471759110649,-0.0012036284763345,0.0003133897784992,0.0171916002461982,-0.4969802836127219,0.0742927210145667,0.0499892456292187,1.764976159233766,0.0539473472893021,-0.0049166183667507
2025-01-17,0.0013681679973143,0.0008470941179435,0.0014515871007569,-0.0028470516232037,0.0003648005170165,0.0182903502254348,-0.256666481291033,0.0556532823090239,0.0445689383630715,1.6098263327026876,0.016290353252021,0.0062382401847118
2025-01-22,0.0013269242078484,0.0012015303905811,0.0012120061593762,-0.0042594380433386,-0.0002973951558061,0.0177586441635738,0.1307893107457119,0.0662214368815358,0.0518744762658999,1.5995409299827426,0.0230455622742782,-0.1836251069586641
2025-01-23,0.0002281002454452,-0.0014802449859708,0.0011861902366423,-0.0040573842716327,-0.000110126756191,0.0165430136523478,-0.0240019957891378,0.0808453347734244,0.0525493034925688,1.6844331336463287,0.0184717590083711,-0.1540334696225614
2025-01-24,-0.0005569897365047,-0.0033371331717762,0.000817059159925,-0.0037140569773467,-0.0002857159564462,0.0133362895623769,0.0776991911969008,0.0782413625744205,0.0500065142797845,1.1961471959765122,0.0130627855222102,-0.1409251804623209
2025-01-27,-0.0002011266455045,-0.0037033614296749,0.0016718757488681,-0.0016233145441298,-0.0002364482444897,0.0117043787104061,-0.7776692702145673,0.0596832075108617,0.0357936005487524,1.638378492913274,0.0275140996249884,-0.078697011104786
2025-01-28,-5.465394420744431e-05,-0.0030114770241198,0.0012395053125339,-0.0032816459162646,0.0001343999653158,0.0177722359585926,-1.6330544911933595,0.064265234087218,0.0515359418638167,1.5079888775991177,0.0186570550211162,-0.0381173653377529
2025-01-29,0.0005499678614657,-0.0015522449239214,0.0001592342796504,-0.0030855905841002,-0.0005119252983266,0.0163033396985139,-1.1966624291553605,0.0839676728112394,0.0649973989829104,1.8678826991052195,0.0358855824132107,0.0514132724428995
2025-01-30,-0.0008247619659622,0.0001193573177833,-0.0002138491732435,-0.0024337051970573,2.123347822418442e-05,0.0168934445890362,-1.5769530313242064,0.0712095059355251,0.0541436459778172,1.7294358151923028,0.0182946222857435,0.0404284128104388
2025-01-31,-0.0010016698695595,0.0006916026463535,0.0010135854746831,-0.0013619706241227,-0.0001737734580283,0.0147912108676658,-1.378949539792135,0.0625683414602853,0.0513708335414598,1.7365599300726402,0.0338411599626697,0.0543432895592451
2025-02-03,-0.0019550127082853,0.0002094714922894,-0.0003652198529844,-0.0017856294401111,-0.0002928232340131,0.0138226096386143,-1.567263242997694,0.0688906000719257,0.052554795399954,1.8013036589846008,0.0256993917932661,0.0582699964851043
2025-02-04,-0.0027650937822338,-0.0014295957072886,-0.0021477114003902,-0.0040580392111132,-0.0007575600385535,0.0132889917414293,-1.2533287469810066,0.0932973602527862,0.0733866402944099,1.3807145801037126,0.0348701029871678,0.0225459082616925
2025-02-05,-0.0009739642450382,-0.002054742332493,-0.0001848723982442,0.0004588590218651,0.0003215173737679,0.0135831481760045,-1.2150213079314265,0.0630578258647297,0.0382315756676801,1.8102360088315927,0.0229185677686291,0.0104512117901698
2025-02-06,-0.0003225591182198,-0.0021574754623927,0.0004407604320531,-0.0017060037490738,-0.0002157214534462,0.0148048707731134,-0.9003025713253588,0.0592188910822086,0.0380091694916994,1.330939507595184,0.0134854559608124,0.0063173708254126
2025-02-07,0.0006895326618996,-0.0014260878886884,-0.0005947040095398,-0.0033716787152677,-0.0007386621793473,0.0129444250263172,-0.8105322949217864,0.0726040373123634,0.0581270211175451,1.7403661202117502,0.0271860743819088,-0.003944642299203
2025-02-10,0.0003492182871494,0.000207064636103,-0.0010439920491903,-0.0041945373042452,-0.0003326794469751,0.0136763264553262,-1.1898884609639273,0.0728355760850521,0.0599757402667204,1.6882530702843093,0.0332267531118371,-0.0060632998346506
2025-02-11,0.0007847210677254,0.0005742784363667,-0.0009304905130964,-0.004046663898599,-2.338448726604722e-05,0.0119709096601623,-0.438580013613483,0.0743710917190491,0.0586333568083619,1.495329962404427,0.0424094903579934,-0.0061539100836013
2025-02-12,-0.0004429651716837,0.001758347516937,-0.0008871375519543,-0.0022803917159689,0.0001183289299003,0.0107188731451769,-0.8849693799714046,0.0610635690563985,0.0462365138247281,1.4281587073081832,0.0343973200502618,-0.0174031968551835
2025-02-13,-0.0009027067595398,-0.0002193894574018,-0.001147692790767,-0.0018223786940226,-0.0008317574854247,0.009053863157451,-0.9067579626595176,0.0575035188088326,0.0405430499998253,1.3446519945498592,0.0120035072653768,-0.035987582386403
2025-02-14,0.0002775594483066,-0.000683262678059,0.0003965876100166,-0.0015759022577368,8.353653513963346e-05,0.0136863680467974,-0.8267044846626193,0.0554910906262781,0.0429950028935891,1.7797433088075882,0.0310246923361406,-0.0524388572405082
2025-02-19,0.0011864262120829,-0.0018371192238625,0.0021339649293928,-0.0018939106558937,1.838179269636021e-05,0.0167223064584474,-0.5299264395614799,0.0568952507602156,0.038048109530435,1.6002901823061049,0.0200360108313644,-0.0544091806688459
2025-02-20,0.0013947242272828,0.0008870439395715,0.0016908771733999,-0.0039981538113081,-0.0004515385024331,0.0197522332138409,-0.6829726715199951,0.0681384766815587,0.0547436342859299,1.4237403023686,0.0336659805036616,-0.0406341120419966
2025-02-21,0.0018944777542452,0.0015223817327617,0.0029846680009597,-0.0021549325817846,0.0003023420652076,0.0190552164399654,-1.0549829174136411,0.0528805960386178,0.0404160013984333,1.7117459807984254,0.0328268260671011,0.0240285121189223
2025-02-24,0.0019630680100505,0.0003350648300953,0.0035427873487526,-0.0039105813308496,0.0006418914857262,0.0216188876220101,-1.950556836032663,0.0603900460501662,0.0466001665340456,1.341950028574736,0.0107592324335954,0.0922451532454719
2025-02-25,0.0027941937950575,0.0008397347655326,0.0027899352143698,-0.0021329696792162,0.0004513657131784,0.0200051652566662,-2.408061529962348,0.05641813277239,0.0476242614982244,1.8007861321604706,0.0372353598123062,0.1313994891191862
2025-02-26,0.0024267241906707,0.0024923706597015,0.0021262270118993,-0.0012741059705235,0.0009018106262825,0.0206633754016458,-2.5238947434911525,0.0435315648981455,0.0418036896852066,1.9131540592528915,0.0184905081422999,0.1172619202117597
2025-02-27,0.0022983532461589,0.0026958020305726,0.0016239223854904,-0.0013008210905891,0.000454840776344,0.01951055360611,-2.370884168132275,0.0502699976361722,0.0456913407743981,1.9417381416492856,0.0305439342863509,0.0888265964769752
2025-02-28,-0.0006045885565633,0.005166634519388,-0.0004332057640021,-0.0027677457120773,3.622576574412346e-08,0.0170466628350875,-3.1083201513043184,0.0618158360217292,0.0653560734286445,1.9688134336069,0.0500240941957619,0.0502475747040843
2025-03-03,-0.0008619880355954,0.006543715652274,-0.0011078034144877,-6.706244725184374e-05,0.0008743758938837,0.0171022646037973,-1.4625231008608672,0.0435961916515356,0.0523405111649893,1.865418002901721,0.0314624426981437,0.0305285878282306
2025-03-04,-0.0035761988806708,0.0042817487897158,-0.0013433487470395,0.0002974396071744,0.0002080066311502,0.0156960128517233,-2.4173902543920547,0.0338087878634196,0.0322234104856093,1.84730713743876,0.0194442267269838,0.0278117124020416
2025-03-05,-0.0030188017939173,0.0027920616885819,-0.0006858051730543,-0.0003571194523317,-0.0006840338103511,0.0153455906214501,-2.5739839875878765,0.046775385669179,0.0390121418721511,1.6216198031431646,0.032265485948811,-0.0014377725573144
2025-03-06,-0.0005421687730939,0.0007474020988458,0.0016155489012516,0.0033800767466853,0.0001182135246749,0.0152792197821316,-2.101714240616817,0.0321035926411079,0.008796704367211,1.9494196883987445,0.0122063203523004,-0.003418439684352
2025-03-07,0.0008420339959806,-0.001801936402966,0.0034064449847698,-0.0019906351037031,0.0003399917822332,0.0151531730485198,-2.359984888522008,0.0579842705589879,0.0315741681452438,1.1981646137170956,0.0229079771015147,-4.247763577115357e-05
2025-03-10,0.0026175880647588,-0.0009010597222714,0.0024400642545954,-0.0020661825743747,-0.0001500608606068,0.0128216537068291,-1.9431153763132236,0.0600165086483735,0.041665348849835,1.6588034663352913,0.0368587383548498,0.0070886517342138
2025-03-11,0.0007322789355479,0.0001838722260429,0.0012971546212365,-0.0030722644088257,0.0007512874167836,0.0174358802927001,-3.2439605366291677,0.061618848020083,0.0492580071012206,1.9430821431254,0.0240478557737871,0.0237821857533234
2025-03-12,0.0012664812811396,0.0005055995122164,0.0009081628259953,-0.0019489471601857,-0.0003702182307049,0.0133902831323853,-2.483218697273987,0.0526457803915452,0.0387265303074267,1.4495831976263065,0.0346391126109065,0.0138616262642486
2025-03-13,0.0006537127911455,0.0029675540635001,3.887601869277408e-05,-0.0006867483288302,-0.0001852288611671,0.0138768874898928,-2.4262479868162288,0.0572895930024169,0.0480100595408255,2.0383318262429766,0.0440466511983546,0.0304825363868326
2025-03-14,0.0009373784126169,0.0013557884930684,0.0003741808413118,-0.0016669583713895,0.0004401025739486,0.0160396524963614,-1.980302485933096,0.0656382677943422,0.0571488027330692,1.4141622671897476,0.0210361332348052,0.0475952512188546
2025-03-17,0.0007815188475131,-2.0314241794457512e-05,-0.0003494055338918,-0.0012230684296905,-0.0005230933314562,0.0121597421409524,-0.6157815338870116,0.0686635784446492,0.0495149003832972,1.797341840070656,0.0323296944737435,0.0459970012941133
2025-03-18,0.0006508785008168,-0.0009992520348322,0.0007046997602315,-0.002092427604028,-0.0001948881270493,0.0127845799741158,0.467811014160659,0.0669281011420347,0.0406278897904946,1.5345034005001117,0.0275059846103555,0.0278050324147907
2025-03-19,0.0001152243325334,-0.0018229278840809,0.0010408594225556,-0.0037668421784703,-0.000440309873068,0.0135927158974612,-0.0680154148542139,0.0687797881319057,0.0459133410909052,1.1178766901081785,0.02154844077682,0.0223814104326223
2025-03-20,0.0003140988579579,-0.00146825381497,0.0002966691901399,-0.0032512432205765,0.000643627133516,0.0142945459393586,-0.1163818958503798,0.0640442455377764,0.0484165232258944,1.542553749105953,0.0269090727360721,0.0090563166366831
2025-03-21,-0.001007200857443,-0.0002638488489792,-0.0010259317178571,-0.0038786510401015,0.0005851358258726,0.0139864697769753,0.1293701991315572,0.0627776610414578,0.0494088049391261,1.3088441566087512,0.0365538185585711,0.0065681812365181
2025-03-24,-0.0020767960718717,0.0025704919876697,-0.001418106452013,-0.0030752229828682,0.000206582553874,0.0120934495113979,-0.4552151146634974,0.053093153274263,0.0486123541065092,1.4731730750654302,0.0321233888513803,0.0259142046642153
2025-03-25,-0.0025104559639221,0.0040833975445728,-0.0016391142850784,-0.0017986401207627,-6.839820871788911e-06,0.0097791533109704,-0.1308554239992228,0.0510442188333319,0.0463989613714977,1.6982119330315395,0.039255073492926,0.0270585794144527
2025-03-26,-0.0011613963724149,0.0024807570908734,-0.000190309706701,-0.0016838473035301,0.0005408267572038,0.0138078803098375,0.2108499401803578,0.0557567711412013,0.040956869855008,1.2640216041516366,0.0236870176783699,0.0327090926134579
2025-03-27,-0.0008984653146317,0.0025421435487842,-0.0005364032379047,-0.002949890573885,0.0001405157497965,0.0115147433171811,-0.8495745434032742,0.0534941582018739,0.0458186125522223,1.1368382575333706,0.0323404900054449,0.0337246582648425
2025-03-28,0.0005304932940295,0.0037549643584396,-0.0001577465412124,-0.0021253785888667,0.0004504673090016,0.012583227600189,-1.108961868395859,0.0446731741762142,0.0404065190750122,1.5616995078834952,0.0346923041353414,0.0298516766311879
2025-03-31,0.0006217213527281,0.0025795213285096,0.0005300464009723,-0.0022613487062067,0.0010239642978919,0.0153921323626058,-2.183056757258432,0.0469093255397671,0.0369748181640141,1.267458099741651,0.0233889273018679,0.0235225723771975
2025-04-01,0.0009679731179527,0.0031638309780727,-2.899102434110863e-05,-0.0020914307829236,0.0005369438333413,0.0139250473460968,-2.22700940260866,0.0599165564170466,0.048718503720089,1.6441775871654605,0.0482623925337083,0.0108619558738768
2025-04-02,0.0002256056702395,0.0040099185918528,-0.0002312601462997,-0.0008559010175128,0.0007512132354869,0.0165668192177465,-2.1488577126024118,0.056200587014045,0.0419608021568147,1.7881963050168812,0.022003906470761,0.0153903728677044
2025-04-03,0.000210218995356,0.0015951339835721,0.0010785156959337,-0.0013245809812742,0.0003263715712812,0.0122273705438729,-1.3226354803028524,0.0520355865693423,0.0332171645337037,1.2353622507399404,0.0313276309579361,0.0109174639883485
2025-04-04,0.0005519928758257,-0.0023287897688069,0.0036918623421189,0.0005066175781248,0.0012307475177128,0.0175789861661358,-4.202814972714867,0.0363591893321012,0.007150939485177,1.6421837662927,-0.0162613445102367,0.0073856367845733
2025-04-07,0.0016515138948562,-0.0034900410712971,0.0022848692051683,-0.0027514403981725,0.0011303055585597,0.0155148920022412,-7.362927022843653,0.0425792369037001,0.0338122089756795,1.0917604548240154,-0.0048834280935305,0.0158144642095332
2025-04-08,0.0054085845969464,0.0030229519238177,-0.0005144249202175,0.0010815311836873,0.00153114412277,0.015085048536216,-7.376052535836579,0.0343287047254836,0.0549280816815439,3.063442832757297,0.0420657022723135,0.0234533725050752
2025-04-09,0.0026075749638793,0.0057352769628348,-0.0008795356773985,0.0024149168917851,0.0017729813044214,0.0173387032615023,-8.572731099462434,0.0320307931743028,0.0433572959969698,2.2643803323806644,0.0291414896331635,0.0308343938243998
2025-04-10,0.0021672333973179,0.0065003534013617,-0.0015027064927196,0.0064862763271513,-0.0003462219534566,0.0043753582019563,-2.172249236181945,0.0340409228024601,0.0281584877027552,2.171499712032031,0.0610395042911832,0.0555810966933754
2025-04-11,-0.0039527277111475,0.0068761806169386,0.0003227576611941,0.0026798352032612,-0.0001162784665045,0.0116353323519383,-2.586868066775339,0.0251274136446791,0.0138925654976457,2.2568318900832733,0.0029307239135171,0.0414029095023042
2025-04-14,0.0015950272224521,0.0013990770431224,0.0021598542327472,-0.0039402991164525,-0.0010571956734172,0.0095130367823324,1.678792296167507,0.0507266028193073,0.0216232675736037,0.2291261483985773,0.0308330761937042,0.0465469501612598
2025-04-15,0.0067484111690678,-0.001021412533833,0.004838947642335,-0.0043142393153782,0.0013587912503068,0.0157978840446853,2.6084334548293997,0.0549945915517994,0.0336954479413613,1.4669438577835645,0.0257415998393056,0.0310980826844931
2025-04-16,0.0080915521596705,-0.0003135448762572,0.0032418856689195,-0.0079637327003085,0.0005505279444212,0.0168394005957505,3.0678655462527264,0.0579152110505236,0.0498537616705303,0.0335814762584543,0.0167030280057219,0.0427983659069026
2025-04-17,0.0038561022002684,-0.0005105138722883,0.0034084129012817,-0.0066110839847804,0.0013666341482691,0.014918353410386,0.1775881743658403,0.0486414608965035,0.0310186226266686,1.7132601539297012,0.0384196708700785,0.0333392561552388
2025-04-23,0.0026996090048894,0.0011869975141894,0.0018781547182139,-0.0046655151470221,0.0010083989609769,0.0107705794840942,1.3163068513345957,0.0618651190443242,0.0443311367513544,1.1378266927491063,0.0444374266296793,0.055752523259186
2025-04-24,0.0013335279930039,0.0009174697348889,0.0006618184029874,-0.0048042911971113,0.0014564068112791,0.0115771868206072,0.8603482942189914,0.0658088891068291,0.0539051361727756,1.2064219336474922,0.0049766654724372,0.0485574195633127
2025-04-25,0.001425784114498,-0.0014550668027405,0.0013700682672084,-0.0028851616063046,0.0017871992397031,0.0136737243581985,0.7666726200229342,0.0596726859083418,0.0473734213880412,1.2856478802873794,0.0318508574838248,0.0606034051373884
2025-04-28,-0.0004580150491684,-0.0016358729476574,0.000976400569101,-0.0028513480678126,0.0004005452010864,0.0118922100632225,1.1402676759111472,0.0547825471038173,0.0415637719100871,1.3975958201564025,0.0286986113872691,0.0597610382591533
2025-04-29,-0.0018537018723602,-0.0003721535137557,-0.0001796656207708,-0.0027995028451716,0.0002975663314477,0.0138560378711813,0.8040110483099457,0.0497142324141286,0.0380349272624218,1.3530598127878686,0.0233006807479097,0.0364050300067221
2025-04-30,-0.0010434213848953,-0.0016533871149341,0.0006159886395829,-0.003002775954995,0.0004823624203588,0.0124357836593755,0.3740561372127294,0.0520524263539695,0.0360618454659645,1.1964085707011014,0.0124453963623098,0.0076383696572397
2025-05-01,-0.0001788998475604,-0.0009237449028447,0.0009268474422854,-0.0033502058557152,0.0008461428292466,0.0147150360809279,-0.1478800352566505,0.053495883615854,0.0434384414975585,1.2337036967441743,0.0052736883128336,0.0018186549360344
2025-05-02,0.0002940508926627,0.0005903452066345,0.0006852953542064,-0.0038439916845742,0.0005972092990898,0.0110634683262832,-0.3042987992169309,0.0567724869022328,0.055704416379764,1.4068772770676443,0.0402072589318784,0.0017271887841232
2025-05-07,0.0020577091279836,9.695288850288192e-06,0.0013954967711112,-0.0023056950350115,0.0003930818310221,0.0112609714827018,-0.0688569474446042,0.0474585038324856,0.0366387996779141,1.3695190716279344,0.0179489525629411,0.0059352580975112
2025-05-08,0.0022604120077869,-0.0016569708189795,0.0029896502566191,-0.0029388930231708,0.0004346639849046,0.0106779878468679,0.0152088166370866,0.0503618793721653,0.0372507791620676,0.9263346136890848,0.0180097480533592,0.0090537762914709
2025-05-09,0.0025857478100252,-0.0001448746025319,-0.0008459070374406,-0.0042915355837871,-0.0003582972705748,0.01010396064484,0.2351012570425045,0.0649678051558283,0.0573641830365838,1.3239698564989089,0.0374316165525571,0.008847083019636
2025-05-12,0.0001940872519906,0.0006002966694461,-0.0007917825404672,-0.0027624589694955,0.0005799185927591,0.0130685758478828,0.1830570614605416,0.0613286275087054,0.0448112930061876,1.2044420999319754,0.0294756861843674,0.0080356792460309
2025-05-13,-0.0005203589105585,0.0012940193226492,-0.001895387929965,-0.0044122247255272,-0.0004850699224753,0.0039400003060946,1.4952573208686673,0.0745105729067442,0.0694504336890785,0.9329311982696106,0.0335450098979905,0.0116346200499256
2025-05-14,-0.0038505671571919,0.0016930133559479,-0.0025478529296167,-0.001341993317477,-0.0007688082476053,0.0105392553324312,0.8918872631283795,0.0541661312219659,0.0410799499963706,1.487437834910999,0.0374570133147097,0.0103857214413055
2025-05-15,-0.0027764837101032,-0.001529411106737,-0.0007519257876859,-0.0031024914002008,-0.0007009025270525,0.0101036894155842,0.2568785705151285,0.0580493487313876,0.0365448810462833,0.6228064886962843,0.0173088474434738,0.0105328820930995
2025-05-16,-2.004830460532791e-05,-0.0007704435378457,0.001089940607951,-0.0026307388036599,-1.3001345276333898e-05,0.010831424781369,0.3301854886549406,0.0466424217882217,0.0379580445937161,1.364555661953089,0.0165274273529254,0.0175155012240746
2025-05-19,0.0016194846140811,0.0014891802528912,1.0780558305763574e-05,-0.0035575959923355,0.0001458675360956,0.0145673561835282,-0.3793190113066157,0.047835292023936,0.0501422068807009,1.3096019108105967,0.0364282378892072,0.0310211066476801
2025-05-20,0.0021652286465692,0.0023423929543281,0.0016469107975499,-0.0029093389289299,0.0005959344873117,0.0149930382753447,-0.5300217313296121,0.0443798374383434,0.0300585341666247,1.484077134686979,0.027716710996574,0.0365763797884777
2025-05-21,0.0021189427679304,0.0040708460080886,0.0020903820528097,-0.0019947941364929,0.0010526261292076,0.012638599813429,-0.8878489053037443,0.0449076275431349,0.0336474659703592,1.0794880437451502,0.0255100479946729,0.024421996474777
2025-05-22,0.0029470044154709,0.0028533621446732,0.0020731652801338,-0.000525677913987,0.0013489945220492,0.0163201280016356,-2.2958762137637097,0.0403046986020396,0.025327522877332,1.361367385128354,0.0168378266385368,0.0098627827596261
2025-05-23,0.0036293928236598,0.0005857312603413,0.0018162304797294,-0.0030685033535189,0.0016110064761226,0.0173066477215309,-1.9659276511964896,0.0548765104964108,0.0449312852479434,1.1575773119294812,0.0195257288047364,0.015279577012614
2025-05-28,0.005113737089016,0.0005566513581941,0.0022581919272074,-0.0002251479906343,0.0015727138775249,0.0167550461296896,-2.8271531711704547,0.0451968416914334,0.0353921854351973,1.2714323808055228,0.029561335175019,0.0197651057855439
2025-05-29,0.0045527144787709,0.0052772328063907,0.0021927071018696,-0.0019852755868167,0.0007598593897895,0.019282122584267,-2.668473577231567,0.0445430443507371,0.0441368279349769,1.402549943824413,0.039000369678361,0.0294652250250062
2025-05-30,0.0052851673143866,0.003483610309389,0.0031396134355683,-9.460282483456594e-05,0.002012575901768,0.0193362896543349,-2.504226590116432,0.0440930148245077,0.0307032504423443,1.4538913464311405,0.0171593613410702,0.0383981294132326
2025-06-02,0.0022459450503628,0.0027742974638746,0.0014565449879654,-0.0019124900633469,0.0019846401873576,0.0180965268442255,-1.5643891489390152,0.0515044560587388,0.0395975493101112,1.0821749711687907,0.024413608343778,0.041638077902081
2025-06-03,0.001943445033777,0.0055563896407497,0.001342710627444,-0.0015392788301019,0.0007594188370499,0.0138754534050164,-1.4786876607389343,0.0390995632327198,0.0327282408160998,1.5473641647933412,0.0426610533477084,0.0247164464505937
2025-06-04,-0.00019828447019,0.0033200754182419,-2.2705756300114092e-05,-0.0033181614095348,0.00119828293936,0.0128829707753775,-0.5810692956393017,0.0571296069661183,0.0461310991079911,1.151857869376687,0.0275627535450426,0.027385413273377
2025-06-05,0.0004051343255161,5.513952059067371e-05,0.0011198943155259,-0.0016947842370977,0.0017292490541909,0.0132973907699154,-0.3155795542737338,0.0520626413169369,0.0360919115850446,1.0244910302897303,0.0170526741744985,0.0243248526566193
2025-06-06,0.0014479814817264,0.0002927961351872,0.0016145343868309,-0.0031649970795596,0.0003278246464531,0.0136786694541583,-0.9217578108655328,0.0496429687485321,0.0371064360638208,1.199388988390773,0.0258800805682138,0.0181155548313801
2025-06-09,0.0031271336375093,-0.0004939142543085,0.0012971799174522,-0.0037501775262859,0.0005358312594883,0.0133689843674551,-0.3583051383686362,0.0576205589264609,0.0484802109519803,1.125717055043241,0.0339150734644645,0.0262420723195298
2025-06-10,0.0034564419806993,-0.0002633557306075,0.0022085491538078,-0.0017364113862985,0.0020463843134685,0.0149238186207849,-0.5312985274023796,0.0525233683113088,0.0398017294749395,1.2358706957470098,0.0296736176468269,-0.0020495340135089
2025-06-11,0.0013997172898334,-0.0002000857330569,0.0012957413035008,-0.0030635207921052,0.0008179513702563,0.0115816680296104,-0.4127706535775565,0.0522941207570879,0.0403479679916276,1.0825113616412558,0.0199726904248898,0.0125418435935242
2025-06-12,-0.0010755677942955,0.0003407777704534,-0.000346865873251,-0.0014201924861467,0.0004350346018845,0.0104943441598578,-0.5059509891889491,0.054130488233809,0.0358133554687532,1.3040068902623818,0.0504975502464564,0.0164143741517565
2025-06-13,-0.0008444159787684,0.0014726951663964,0.0003503899975021,-0.00129917681286,0.0012446753200975,0.0118438440500335,-0.6867396908655182,0.0450421231156866,0.0256373064536606,1.0292825412270117,0.0227395905845084,0.0120885562743257
2025-06-16,-8.133120114765249e-05,0.0036329814303136,0.0004855673450236,-0.0030397588278099,0.0010999804268052,0.0094322226647258,-1.9669504431216784,0.0567029453126453,0.0456238575840652,1.2967556362286794,0.0700017409217026,0.0244873308027482
2025-06-17,0.0013115076095736,0.0026582826653934,0.0006790003812859,-0.0013766213051413,0.0020135313846975,0.0143701050174242,-1.5456090050021287,0.0494747191752774,0.0368500637647417,1.0858600906466829,0.0114070638349276,0.0129240486779071
2025-06-18,0.0008087186462204,0.0016215071686136,0.0009695734000234,-0.0023058627167315,0.0020552539780604,0.0117885378672121,-2.185299509434484,0.0619816366923507,0.0502040291097784,1.1021541163318085,0.0471275262562678,0.004756621329853
2025-06-23,0.000281424226656,0.0012669721800093,-0.000612141949359,-0.0017751955625436,0.0010334881211542,0.009441882674458,-1.6406346465508768,0.0517896376909945,0.0452973708118422,1.1084321078696249,0.0266035489517005,-0.029541310809266
2025-06-24,-0.002019729015593,0.0001789816098174,-0.0010560878555366,-0.0010825729794239,0.0013780482982174,0.009774297982829,-0.9254136162135868,0.0401697695945926,0.0331337905041201,1.1599073348433122,-0.0307843339187183,-0.0509712915027161
2025-06-25,0.0003392712566641,-0.002803815319976,0.0003961340353926,0.0001424232611281,0.0021516335622909,0.0130051161527602,0.3366450808959673,0.0455633976195394,0.0288270863966475,1.554280833773077,-0.0066618616739135,-0.0438563947305934
2025-06-26,-0.0003882022330172,-0.0007220693967059,0.0010454186635952,-0.0017728344151381,0.0013423861349839,0.0137585898229001,-0.0664797678589197,0.0502466304896138,0.0377986642585436,1.529705382279272,0.0345549755683419,-0.0218425637107714
2025-06-27,0.0026408807054093,0.0018408652468831,0.0024573557726248,-0.0009559182048195,0.0016306760549313,0.01814813863116,0.4570159764080184,0.0423022938147671,0.0270042626514127,1.6046593806386915,0.0296603032945572,-0.0023762002201997
2025-06-30,0.0016674077491721,0.001561560162429,0.0022705670603476,-0.0030589649995553,0.0015051331375444,0.0175901531540189,0.1406948339679139,0.0570761322250425,0.036165599329414,1.079578022150761,0.0225317070004645,0.0129177170790872
2025-07-01,0.0026205789344858,-0.0003545144730534,0.0024560189147854,-0.0023212524966601,0.0013965585546378,0.0140916599652922,0.0932910908990303,0.0540285358140209,0.0358730245773691,1.252912643405622,0.0191117061080747,0.0154658552756575
2025-07-02,0.0001728212060404,-0.000138781588923,0.0008917534185722,-0.0028306353848006,0.0012002650836178,0.0115014581693189,-0.8413787516094758,0.050480264963928,0.0390298585575327,1.1521582165791464,0.028806121642022,0.0168306963632931
2025-07-03,0.0010790025488368,0.0004787876590122,0.000946576592738,-0.0021207301968088,0.0012257578715365,0.011833616764608,-0.5869769855157941,0.0563147712508371,0.0436849807889937,1.4265582928596876,0.0411962214457231,0.0186458375112756
2025-07-08,-8.498301262267987e-05,0.0010622621972764,-0.000339799289758,-0.0022096592090635,0.0012307036581388,0.0099852006809761,-0.6491090393655687,0.0599989013201825,0.0462786174274213,1.157838861303213,0.0187402942651344,0.0102440612320694
2025-07-09,-0.0003851669325214,0.0008620231679446,-0.0004695500187506,-0.0019511499771193,0.0012381731724498,0.0093551361303264,-0.3552645293597628,0.0587334448289574,0.0499635470075837,1.245673434171315,0.0280643958679544,0.0096489953518033
2025-07-10,-0.0016378571105904,0.0012332477673243,-0.0009796297263367,-0.0014020215003742,0.0012271238323902,0.0105263460001399,-0.3251905832231385,0.0514706717790509,0.0442358935805792,1.305672074994393,0.0263582082512693,0.0150424754840432
2025-07-11,-0.0011518808131663,0.0015931859474104,-0.0010312083628915,-0.0017350197017078,0.0010911580748101,0.0102595437135457,-0.1618469525594538,0.0484579726967713,0.0447878471119434,1.268395091480067,0.0147620241083528,0.0133702359410639
2025-07-14,-0.0006074754496258,0.0051952491790264,-0.0005820785454894,-0.0024547609492694,0.000968496550238,0.0131973619218382,-0.6237303688313118,0.0443433943482291,0.0445004003517364,1.5776360969447751,0.0482418835859012,0.0072343025966064
2025-07-15,-9.339338773481192e-07,0.004999193825738,3.569509152349319e-05,-0.0023588517966775,0.0018542516847966,0.0151894651200432,-1.1565417060825702,0.050131504927093,0.0453328070355726,1.3992967287958362,0.0151603682048173,0.0070713812233793
2025-07-16,-0.0004160196166033,0.0035865649175001,-0.0006557374974904,-0.0023372313927526,0.0013271241951614,0.0118899440158812,-1.3215764304624544,0.0559519051874871,0.0518155808808942,1.343163580265442,0.0219388728355777,-0.000699058873173
2025-07-17,-0.0010407980102539,0.0032312057512037,-0.0005352261686949,-0.000996575469867,0.0013458088125501,0.0130921248497112,-1.4875165057563482,0.045990258696865,0.0436053533351739,1.3851919199150535,0.0198184399749029,-0.0072139676735669
2025-07-18,-0.0010110203418164,0.0025301132701618,-0.0015961294979114,-0.0009610249657057,0.0012990047081066,0.0090937828161288,-1.083039651479507,0.0538973704693006,0.0490463709734033,1.3694971634715016,0.0394829948426521,-0.0103357079921921
2025-07-21,-0.0011569627742219,0.0023388013833815,-0.0005083950598575,0.0002385486471075,0.0011073399060658,0.011591164455622,-0.8242222926285464,0.0480059591763553,0.0362306729447458,1.3248731688352564,0.0236707676956654,-0.0052458412359529
2025-07-22,0.0003193866422221,0.0021942373309558,0.0005310455753854,-0.0008517894500599,0.0016331597453819,0.0131947264290984,-0.7259526204348581,0.0482366829089958,0.0311724058433274,1.2286247636027838,0.0226279910679215,-0.001074110468982
2025-07-23,0.0009980006684781,0.0010690694738884,0.0014997215449089,-0.0009100129254098,0.0015283264469945,0.0147518028052478,-0.7617462922048117,0.0482087877370453,0.0319371496612852,1.291134750820472,0.0197974978444274,0.0238211944835779
2025-07-24,0.0025923586042464,0.0008885901968529,0.0015305344351175,-0.0020149880835374,0.0013633084699249,0.0153583528710782,-0.5053457315534425,0.0512907559671918,0.0378871554101066,1.3214777611624058,0.0114042988148075,0.0341974088807119
2025-07-25,0.0029091912003847,0.0013063739747333,0.0022774284920834,-0.002522556862645,0.0019412635001306,0.0168301583722703,-0.7211985244889071,0.052063165795951,0.0381747204479425,1.3714864877344308,0.0321023422106802,0.0354039752954882
2025-07-28,0.0025142978860132,0.0018496258508086,0.0015006523530556,-0.0024509351605289,0.0018173856182436,0.0146939404013856,-0.5789408888917243,0.0516864089749989,0.0447299598249078,1.252144458699042,0.0209117583955345,0.0297900512445752
2025-07-29,0.0005027938155529,0.0038900538504078,-0.0007661153522178,-0.0025494517741072,0.0015290287484606,0.013274880062414,-0.6364310702431795,0.0555766236472309,0.0613414026341153,1.4641962050282735,0.0408578662987516,0.0208393824196879
2025-07-30,-0.0006054666852676,0.0045873967829404,-0.0012476252919426,-0.0016515014436626,0.0018319134136667,0.0139018316793137,-0.9020214916938128,0.0596737088240337,0.062000115234594,1.3882147659489266,0.0454905672625258,0.015261553322198
2025-07-31,-0.0011260261847866,0.0052331176686749,-0.0021387799033468,-0.0008743342686713,0.001541517707095,0.0093071962999781,-1.0897154191717426,0.0563550870510931,0.0589963834267142,1.085231489256183,0.0338682822402125,0.0203967240915822
2025-08-01,-0.0010791045703025,0.0049855968190866,-0.0015545551581952,7.429914984990018e-05,0.0018325598106322,0.0115706791970029,-1.582486644730782,0.0493516903351478,0.0508878642464036,1.3568604383449927,0.0195704179048099,0.0211469417035601
2025-08-04,0.0004536012137585,0.0002451997383071,0.0007489792433479,0.0009326206466212,0.0034959753039119,0.0175741076463245,-2.6730125915442686,0.0435575653818617,0.0242140302505918,1.2238414073532835,0.0055974664929835,0.0190320897023202
2025-08-05,0.0019040071696374,-0.0017393126712666,0.0006963840483605,-1.8468266631680927e-05,0.0020150783033574,0.0124020535772976,-1.381425245745632,0.0537073817634006,0.0320886891500017,1.2835185495897672,0.0124309810674575,0.0236463084449378
2025-08-06,0.0025126074528716,-0.0001262765524276,0.000732920927708,-0.000550723169744,0.0020093401868827,0.0159915940517846,-1.8675974314694783,0.0483338396439295,0.0332770928871005,1.3634004125521506,0.0130447333923818,0.0157201424120588
2025-08-07,0.0026349081395116,-0.0013041047486828,0.0025558433951745,-0.0013110219975454,0.0025130373764389,0.0140811573850366,-0.933771265102677,0.0494954909882594,0.0299655148602014,1.3785804488940754,0.0165518134143139,0.010380745113934
2025-08-08,0.0015503666745913,-0.0017898086479448,0.002082036301925,-0.0021625751054469,0.0017812529464039,0.0128931307350168,-0.6353672355882574,0.0566063873896194,0.038050580331755,1.2892588805300984,0.0189532708471167,0.0066391521572838
2025-08-11,0.0011696388752272,-0.0012479445877121,0.0005991253989905,-0.0016539272414379,0.0015269366401706,0.0111690118188001,0.5731810475243162,0.0547982755752234,0.0373513709293214,1.309781194902545,0.0220277784366604,0.0076951416813953
2025-08-12,-0.0001167841316719,0.0002649837976259,-0.0003624869801548,-0.0026285517159244,0.0017264740705507,0.0112630902121211,-0.5263162221582685,0.0564168164559162,0.0479584737537067,1.218100224232985,0.0252674057062905,0.0067829473653756
2025-08-13,0.0005491481019713,-0.0002909850159051,0.0004985552705109,-0.0011723773000696,0.0018180396171683,0.0116149391366029,0.2609952377796336,0.0491550419257656,0.0339652261098489,1.3802336782466442,0.0162369099365065,0.0178721943458378
2025-08-14,0.0005968140701148,-0.0001793113819736,0.0009091688441966,-0.0013925426289017,0.0017357849903819,0.0144970798498363,-0.3484141398099605,0.0502275364823602,0.0320226211017355,1.1854814909672349,0.0189388768588486,0.0184787787821925
2025-08-15,0.0011389501713565,0.0018103126347415,2.3849110106847734e-05,-0.0025633820969338,0.0011560921380442,0.0116044300230448,-0.394004091070791,0.0565098401332554,0.0488614350163233,1.4063057814369304,0.0364750968847655,0.0299537945307006
2025-08-18,0.001036214932155,0.0025759174349719,0.0009203479422994,-0.000773007299305,0.0015528625520486,0.0155106206075342,-1.0382883299803387,0.0446906849598874,0.033337906700057,1.3395538414435475,0.0142387264535374,0.0152281164139003
2025-08-19,0.0011011049159179,0.0020470656855091,0.0004237628457413,-0.0018720489521694,0.002027563334366,0.0120211721609576,-0.6882282941133391,0.0558720313040841,0.046363828571814,1.2474821334042536,0.0315791055199326,0.0131159782532516
2025-08-20,0.0007030226332932,0.0035765344800413,-0.000175330033078,-0.0006352686748133,0.0017678629243017,0.012620617777956,-1.5039783135108586,0.0434022195611204,0.0417774575839038,1.4186500909832402,0.0215240833903548,0.013575145774286
2025-08-21,0.0001463808788787,0.0043995122131758,-0.0008083151563524,-0.0006631116849028,0.0017831483916056,0.014039563647456,-1.5159203536476094,0.0466964741430083,0.0440862057299587,1.5206205144437497,0.0345371761889368,0.0199136719937249
2025-08-22,2.816155766549144e-05,0.0047637295076758,-0.0007777877412785,-0.0010670196884921,0.0016341624738522,0.0135912753289313,-1.6718016790090646,0.0515834136348161,0.0460961897501824,1.2940002335018763,0.027471066712093,0.0126424756551042
2025-08-27,0.0011284722215462,0.0035351422718351,0.0011706474460694,0.000954415276283,0.0026745447266019,0.0155780007565523,-0.6685402664379578,0.0423286248088401,0.0255456931198033,1.2532159547696031,0.0164922207279396,0.022731063274891
2025-08-28,0.0013575438339943,0.0020552380664396,0.0012152133834117,-0.0014115144992518,0.0018002375428194,0.0154031410568427,-1.024686965019499,0.0538009399941619,0.0396265646719512,1.030222445108857,0.0281542285924057,0.0157513162760243
2025-08-29,0.0029355966525214,0.0012999154040106,0.0020822951904282,-0.0016710700917463,0.0009666723791043,0.0160658028278582,-0.3412158381306811,0.0459288672747735,0.0310773445822649,1.247243420312781,0.0261733893220427,0.0116560610321067
2025-09-03,0.0029411781544454,0.0012976859505527,0.0029106396446111,-0.0028849627212644,0.0018080119581029,0.0192812932722403,-0.9864368220729652,0.0461267728550407,0.0325043636986709,1.109828409945063,0.0197818595789592,0.0103738205183529
2025-09-04,0.0039399730944162,0.0007418852527679,0.0028887327476512,-0.0024176486697507,0.002043281517934,0.0173852390014361,-0.2717412496751625,0.0484793129535078,0.0334647532969562,1.3020434861624834,0.0105039352341469,-0.008773600412116
2025-09-05,0.0019114418743073,0.0014516095480901,0.0011414419723176,-0.0024546723303051,0.0019855538912048,0.015818294066801,-0.6921689421817594,0.0498994519702396,0.0405381306701512,1.2924656799900178,0.0210899500916772,-0.0187716610031884
2025-09-08,0.0018174845419756,-9.563049731154152e-05,0.0019262289743475,-0.0012926144283764,0.0019186534919089,0.0168705838182684,-0.5207267520822159,0.0450973060088103,0.0239324317546834,1.384480606806325,0.0076828873797971,-0.0131312097933038
2025-09-09,0.0008543985528031,0.0009017778373593,0.0013653219299836,-0.0026024944185588,0.0017719328091194,0.0160047770662256,-0.6760528676167623,0.0506577984925511,0.0343040636985791,1.115788214329596,0.0256717905223228,-0.0089299428599868
2025-09-10,0.0019075923287279,0.0030177704413247,0.0011622188578408,-0.0024834120407715,0.0016039646211843,0.013783035974367,-0.3433097999072755,0.0482064914985218,0.0412618459266096,1.361739515550907,0.0260230117765286,-0.0023017216939016
2025-09-11,0.001433963679226,0.002824742940184,0.0012942619001649,-0.0024349887630812,0.0019278032704907,0.0159961368009352,-0.7676492551192156,0.050768359994764,0.04212130943381,1.235090840875766,0.0334592558256702,0.0209799937098601
2025-09-12,0.0012170312797227,0.0005848001178056,0.0014682121962859,-0.0026773105169228,0.0018687998753816,0.0131741284481968,-0.4917413027962315,0.0534970607456949,0.0376892568442561,1.1205715787666963,0.0099964515402164,0.0300538519779134
2025-09-15,-0.0002279254770955,0.001176394546938,1.4594242488822848e-05,-0.0028047180171991,0.0011476920462933,0.0123055011743494,-0.8025965067064984,0.052027097005793,0.0399960105060068,1.173295701325935,0.0233195639503845,0.0264354025685081
2025-09-16,3.830561781746134e-05,-0.0003723885847631,0.0005263934747631,-0.0021023496583169,0.0016779020223626,0.0123594764553288,-0.8554105383270231,0.0503171968815044,0.0318138830346419,1.2401682146301105,0.026025223379413,0.0136064652559621
2025-09-17,0.0007125067768809,-0.000273264966459,0.001404385434614,-0.0023357648374792,0.0018283969087947,0.0122330114284525,-1.0902768573787602,0.0491583253274737,0.0268968715808047,1.073773431783965,0.0307208294291634,0.0025470347524108
2025-09-18,0.0020940155126559,0.0004860098973759,0.0011847137835066,-0.0020117252321828,0.0013697561440922,0.0138224450908764,-1.0593325078499247,0.0499926950827271,0.0342728639406877,1.1584109577140205,0.0204552778651579,-0.0108753312542745
2025-09-19,0.0022696863407468,0.0003581366684306,0.0005949975866805,-0.002211938459271,0.0014762909072459,0.0144294697166406,-1.2018865909152656,0.0543417401909546,0.0465385089905378,1.256725457538529,0.0214424020901733,-0.0038122615740918
2025-09-22,0.0012453098507041,0.0006950974539101,0.0002983587380191,-0.0012913876553123,0.0017364813959447,0.0130016691910779,-0.8395968289151869,0.051011600719048,0.0461682375076022,1.3292079176366536,0.0182581362993843,0.0160543884943572
2025-09-23,-0.0009527010467839,0.0027176067331261,-0.0005427928795264,-0.0008295633069802,0.0012274346088581,0.0105576386555963,-0.8454986014336701,0.0432793514963332,0.0387370346169932,1.3901167366823683,0.0271364318587879,0.0235751175704487
2025-09-24,-0.0012773069990762,0.0025732666159731,-0.0003542358266332,-6.395476736113879e-05,0.0016773271651411,0.0123959462797733,-1.1035139304598631,0.0489669810109624,0.0348703841653825,1.3679077940391724,0.0275860707056589,0.0277718844053126
2025-09-25,-0.0009760841959898,0.0036591540405022,-0.0015923228957387,-0.0008792442955463,0.0015402043065659,0.0112811098254256,-1.3540142993462438,0.0504957702079592,0.0411874025973676,0.9855106192855376,0.0358678374188219,0.0234160348941137
2025-09-26,-0.0002139573386476,0.0050587991418571,-0.0015398460222345,-0.001451592823007,0.0017377541488328,0.0098953230324444,-1.4442898765729355,0.0417981503805419,0.0449493254183806,1.1948846813594494,0.027027167291495,0.0104931878058503
2025-09-29,0.0002766109962353,0.0043471505021802,-0.0006361471660187,-0.0004953263164856,0.0023876384567095,0.0119633037149952,-0.9906316959086028,0.0408167106028433,0.0368909877226729,1.2240025526363407,0.0335953810783941,0.009466183822403
2025-09-30,-0.0001651972452346,0.0019020927180054,-0.000203907475749,-0.0005161555839665,0.0019470880621806,0.0116592282330587,-0.8698493257016657,0.0451200362570951,0.0286266810234219,1.1272281704705018,0.0046682438448572,0.0081391178937903
2025-10-01,0.0005069007488746,0.0023625595892085,0.0001129324834326,-0.0007917472519969,0.0018987339858844,0.0145979720519585,-0.8609540781092515,0.0426681340206816,0.0310996699840227,1.1624355764230274,0.0135501474861343,-0.0026062809303688
2025-10-02,0.0015846570765747,0.0020225575495063,0.0008803390691232,-0.0015452607356266,0.0019455545556015,0.0172248573576926,-1.0924311797548742,0.0421972282446621,0.0346897951649798,1.2897561627634462,0.0215183359090916,-0.0098923323977034
2025-10-03,0.0013763966331962,0.0021333995384513,0.0008652524386884,-0.0022530312388599,0.00193803140044,0.0153366651676222,-1.0914380922289215,0.0416957723754778,0.037238014867663,1.2617955935637797,0.0156850037197172,-0.0131740706426602
2025-10-06,0.001142164596327,0.0030309786807466,0.0009519123008356,-0.0019686163047948,0.0016210760066629,0.0145116234063058,-1.293950315264501,0.0415443001282445,0.0299350020379081,1.3567748486237066,0.0270836942927645,-0.0029055733400737
2025-10-07,0.0001618801163138,0.0030469724346593,8.215712449111037e-05,-0.0019478159273511,0.0019529677015807,0.0136340732978561,-1.067489788466135,0.0495761095785226,0.0380890399961129,1.1655235536124275,0.0275871561004447,-0.002505664119918
2025-10-08,0.0004278910016223,0.0030733501591435,4.259303057209298e-05,-0.0014139802615435,0.0021494088046295,0.0127561103517488,-1.2627677534938369,0.0458185293953081,0.039350835445235,1.0406679006922115,0.0241881486901078,0.0048107709793363
2025-10-09,-0.0002749594691117,0.0034040840227006,-0.0009201969958228,-0.0014330435426996,0.001768494125835,0.0110875107760742,-0.9253515377281591,0.043539524705661,0.0453116090037972,1.2569547014788425,0.0331039274867948,0.0051285988527825
2025-10-10,-0.0008293232291493,0.0031988889711638,-0.0012556798773639,-0.0014296540917362,0.0016746360009122,0.0119935780172211,-1.017198994346837,0.0446192151431145,0.0431021413340128,1.159437372751371,0.0160754674194338,0.0125504147787317
2025-10-15,-0.0011136016196745,0.0048826563534257,-0.0002427514114588,-0.0005313209581688,0.0024517169032717,0.0130063948905621,-2.715902659242504,0.0324710316942927,0.0291934103418548,1.240089904184939,0.0116904841875274,0.0344537011196563
2025-10-16,0.0008864862042919,0.0057113885746243,-0.0002566942342118,0.0003562211186922,0.0023758436470257,0.0141574268258811,-2.5772333282307947,0.0343248637810892,0.0287142387499385,1.690057091736058,0.0246082485996542,0.0422602935707654
2025-10-17,0.0019282742111709,0.0038637272195809,0.0009507795237667,-0.0002271302299318,0.0032825806020676,0.0203514387532998,-4.007920400563835,0.0453950942218557,0.0284578719219144,1.1716434309085075,0.0160460722708885,0.0379892544063427
2025-10-20,0.0037828988664305,0.0036509494800826,0.0011625850201198,0.0005217605258765,0.0023721390774829,0.0149235575867598,-2.546345688736707,0.0442648723238724,0.0316932918115657,1.217580856400842,0.0224123392371511,0.0409231853488705
2025-10-21,0.0023248716492821,0.0024291507407604,0.0012717132726741,-0.0003137145785869,0.0019880891986259,0.0172176120749676,-2.065776940265362,0.0431693420680243,0.0352715464135754,1.1701773396414752,0.0213482517961,0.0089972727226318
2025-10-22,0.001165993693345,-0.0001358602366601,0.0008033572940185,-0.001643183602711,0.0019894185769847,0.0128977783607793,0.0810731768060583,0.051085148307653,0.0403477701974978,1.0361509691377369,0.0242652691680964,-0.0195998194373889
2025-10-23,-0.0002470170437143,0.0022818088975678,2.248884044438182e-05,-0.0013196459474063,0.0014713093129246,0.0114898072055112,-0.007792629464755,0.0435565811630482,0.0374969511172191,1.191538909595562,0.029423621067204,-0.033980502128633
2025-10-24,-0.0008704471586926,0.0045316106751175,-0.0005944123482427,-0.0017170806238767,0.001837602772731,0.010758790726731,0.9555209528679606,0.0459376846159102,0.0379171087596053,1.2328347221561604,0.048334293129103,-0.0231587452459124
2025-10-27,-0.0005369050177067,0.0039252929707587,-0.000309330667069,-0.0016675493757589,0.0020217789835158,0.0115028636143048,0.2649479424200559,0.0450228866619127,0.0316846288766474,0.9683527876217318,0.0218487581768766,-0.0040715223170356
2025-10-28,-0.000672853822175,0.0032298482183002,-4.472990485924458e-05,-0.0014691284153323,0.0016527154709293,0.0117390640626814,0.0280990336565993,0.0428029013242566,0.031308605909688,1.026370071742774,0.0218575639256636,0.0084706244741056
2025-10-29,-0.0002104504382654,0.0016023832028557,0.0007801086347496,-0.0024501111596868,0.0012304900260834,0.0139712363110569,-0.3595581131222688,0.0415354438459932,0.0289048859429648,1.097445094573067,0.0132943256618165,0.0070823000075462
2025-10-30,0.0005585238892699,0.0014483698973271,0.0007156467187068,-0.0032173785448893,0.000644074563544,0.0130372875859492,-0.4695520776723071,0.0453414152967518,0.0318499278920545,1.1148625796213432,0.022767568966152,0.009988255823522
2025-10-31,0.0019998072349484,0.0025977622054488,0.0010438801499591,-0.0034580371392039,0.0015417310706273,0.0150298158544411,-1.1740067317412897,0.0459959197614493,0.0450520086722468,1.083364710322081,0.02546302401894,0.0022394266084132
2025-11-03,0.0026380461174535,0.0032574663391019,0.0006127330762832,-0.0023568588890658,0.0021238090539596,0.0145501705246968,-1.3490936271280836,0.0414509730332514,0.041001588397144,1.255413805683472,0.0286170279411619,-0.0027564807560239
2025-11-04,0.0015579694296693,0.0026605029863076,-7.593999049892021e-05,-0.0015021745190866,0.0018716610167119,0.0145562781469702,-1.2509247138440696,0.0453796204610286,0.0374573486306527,1.131466436540642,0.0217404420961111,0.0111230099167098
2025-11-05,0.0007359980887709,0.0028959774837343,-0.0010146933947655,-0.000929661472087,0.0019056078258368,0.0130862352748138,-1.7425000257483685,0.0454436657603741,0.0389028050372462,1.0382416184141074,0.0205187975843444,0.0168355780638116
2025-11-06,-0.0002453577638936,0.0023407840073194,-0.0012846152146573,-0.0001574068878233,0.0017132678127482,0.0107800464396411,-1.3558305201910086,0.0406679829540757,0.0349805178184408,1.224888008168182,0.0157551546919749,0.0096709570444502
2025-11-07,-0.0003307475144601,0.0012649992463053,-1.2103676632311017e-05,-0.0007333008577885,0.0024326303861851,0.0130527238871057,-1.885493742018836,0.0423521109947125,0.0274462610922436,1.091546092843016,0.0205583762019302,-0.0015590665354538
2025-11-10,-0.0007720974100857,0.0014222695507234,-0.0007462080681874,-0.0001796580039412,0.0023134184200385,0.0093231690566451,-1.2757100741403058,0.0435418567288071,0.0264506517163614,1.1837763014015987,0.0246732141004364,-0.006507214188398
2025-11-13,-0.0014503228982326,0.0017838291368606,-0.0012130717179118,-0.0007429027161016,0.001794098856697,0.0103283189634679,-0.7842912794638432,0.0461109348820879,0.0349352432709768,1.0883626264555686,0.0256561840238209,-0.0094614690374625
2025-11-14,-0.0010668530888091,0.0007954228896648,0.0001945312780498,-0.0018231105275717,0.0018321500000442,0.0094993456629178,-1.203472182651996,0.0443373911820772,0.0273935428844813,1.0045004090058272,0.0231414947403679,-0.003293720086665
2025-11-17,0.0007269155716538,0.0020152155101381,0.0005482880887703,-0.0023082043826797,0.0014038249091039,0.0120938305706493,-1.3917353177012488,0.0457694515977987,0.0362247727605315,1.087887218660296,0.0333082060555817,0.0104091067665306
2025-11-18,0.0023210664638094,0.0024612038218444,0.0012055168352999,-0.0026907433416188,0.0022608338144108,0.0151452059014678,-2.097503809489352,0.0428838847396631,0.0359712953662222,1.0776531913560483,0.0229674042867143,0.0045575293931649
2025-11-19,0.0036848578798313,0.0038779423894687,0.0008906147242541,-0.0021254204790401,0.0022959813398286,0.0166628876233505,-2.5808887289235405,0.0430491977833768,0.0379547950038611,1.168011446848239,0.0307673144662425,0.0053011835633095
2025-11-20,0.0023507068007573,0.004258058854563,0.0001132205670534,-0.0008581435959425,0.0022338625577723,0.0158135369540199,-2.654383139715325,0.042081296791068,0.038331093921302,1.1647484921166285,0.0149160657074694,-0.0073523188224693
2025-11-21,0.0010093765639482,0.0039757045894665,-0.000298989378777,-0.0004047909937588,0.0024165736698006,0.0141541434043547,-3.0231875434660966,0.042219313929252,0.035949647920924,1.213388132050807,0.022036722895825,-0.0079077757950741
2025-11-24,0.0002688906392318,0.0044799396239518,-0.0005099721986637,0.0001728507655748,0.0023702783833083,0.0137010457800061,-1.8828689157445504,0.0390910345444455,0.0365932791772401,1.1656017801029497,0.0164394079920279,-0.0133210239649864
2025-11-25,0.0004566013266213,0.0061388794594517,0.0001747075204725,7.872864508301882e-05,0.0024133145995665,0.0147832784767098,-0.4976664836754225,0.0372562977283061,0.033364159065222,1.3683369468491031,0.0262485082499413,-0.0067144263638012
2025-11-26,0.00013755021596,0.0053905280213913,0.000764775467498,-0.0008298682986644,0.0015450092656418,0.0165979667587676,0.6673583159068538,0.0405470857192026,0.0285967338019262,1.1684887297500437,0.016162912603819,0.0025917991164672
2025-12-02,-0.000356865914202,0.0037043424467332,0.0016137584462809,-0.0017007933482669,0.0009064509554248,0.0150591258196699,1.1004420816227198,0.0451565553690064,0.0280563196409505,1.1481265380020125,0.0242925968604622,-0.0104186412981017
2025-12-03,0.0002169714543035,0.0024466632765083,0.001635118808882,-0.0028554457493108,0.0012672157714484,0.0161203148680846,1.3871748662365824,0.0449786664810664,0.0343338399002052,0.9567872085924596,0.0151872789099625,0.0006328184940971
2025-12-04,0.0006954496340116,0.0008387655037626,0.0019940306622821,-0.0023431823610158,0.0014711811544809,0.0144992119666191,1.0140883876740268,0.0434940169487048,0.0266903439810792,1.0493474805755485,0.0224329237886693,0.0040318420155102
2025-12-05,0.00079018193934,0.0004262717586454,0.0011014265176914,-0.0035012341011646,0.0013381162257922,0.0125401872040679,0.3952116086289802,0.0466358580493653,0.0322368153257467,1.0055374376692174,0.026937070620977,0.0089612737371082
2025-12-08,3.574450273318753e-05,0.0035480048096004,0.000136021182586,-0.0035413113347486,0.0013365334427527,0.0115801236791808,-0.0909249822133663,0.0398837683089798,0.0358301196159789,1.018673310467428,0.0322691195337757,0.0006109139852017
2025-12-09,0.0006981249958908,0.0055048912663644,0.00027083375473,-0.0031752737879934,0.0016024373279238,0.0136664464788252,-0.9849202991527948,0.0332478334174548,0.0344398567379249,1.378640884674286,0.0208586989099828,0.0044546412337866
2025-12-10,0.0009033423801494,0.0048634846030908,0.0003593480332265,-0.0028089495762634,0.0013343717798417,0.015469553455653,-1.3386521836597756,0.0416313945167726,0.0320582114780297,1.2588102069407865,0.0192782768058601,0.0188239583303578
2025-12-11,0.0011776052510948,0.005780886240158,0.0004667206426221,-0.0023134115310061,0.0020491545614368,0.0173119226473161,-1.087172053589311,0.0415583345233042,0.0320470627651491,1.1529713312918022,0.0265113759460828,0.0304680006153685
2025-12-12,0.0014053175338005,0.004930707934839,0.0012653762820367,-0.0014450682126294,0.0016660304492547,0.0169500252162767,-0.9670300389912254,0.0358345397600491,0.0199135327765655,1.2293762795555192,0.0140399371455642,0.0455233601178202
2025-12-15,0.0002642824561806,0.0019578466048079,0.0004245430929217,-0.0027419799774217,0.0014131208892544,0.0148108586615344,-1.167231484984968,0.0474099232488082,0.0324073076682554,0.9321532639522327,0.0179091581505603,0.057386366705934
2025-12-16,0.0006304848176783,0.0015016693015909,0.0007888385123571,-0.0019487368157736,0.0018777421184508,0.0121262192369461,-0.8216695971079984,0.0419441517450114,0.0296497790091409,1.1566619069826236,0.0177806199709685,0.0586181985346469
2025-12-17,0.0014573570384496,0.0023363428665412,0.0012693183385818,-0.0016465083818817,0.002150279746689,0.014021904891828,-1.1994781952581803,0.0370724705622067,0.0300912394577853,1.1206097817076943,0.0142056669020639,0.0631551991279599
2025-12-18,0.0017249459033818,0.0042897856506648,0.0005404783150419,-0.001821614567995,0.0017369843399968,0.0144498943425255,-1.7999438441878683,0.039317697857077,0.0357057608380576,1.3554409200198667,0.0341055465934084,0.0498268200497945
2025-12-19,0.0019027237340061,0.0063364891555315,0.000718648016197,-0.0009950353622818,0.0021448985498222,0.0178584680461832,-1.7455844922102024,0.0395971239680457,0.0363718688490939,1.3691176061529022,0.0269722007966652,0.0269376234932903
2025-12-22,0.0015341576409628,0.0057748156970708,0.0006807616582534,-0.0013202638171981,0.0019423854974346,0.0153779035463891,-0.850868532418776,0.0445836110840497,0.0357704473237751,1.0760874251030688,0.0267134639357616,0.0283926088521139
2025-12-23,3.416532335233065e-05,0.0070666550728448,0.0006076839942698,-0.0012122334091768,0.0016056098203187,0.0155153288587675,-0.3969003197139753,0.0372522628783508,0.031695236929776,1.077856536278618,0.0378646629955647,0.0187026021553497
2025-12-24,-0.0005883399182764,0.0061591554825141,0.0003119061983832,-0.0023234446996144,0.0010902281178526,0.0133339883755716,-0.1955617865085339,0.0374312173318693,0.0298415331273167,1.225759290502979,0.0252325735561985,0.0320707083659447
2025-12-30,0.0013777907768142,0.0032102893999459,0.0013760628054076,-0.0028800191710048,0.0012249526637986,0.0171619399768124,0.0124559627579577,0.0470129453789324,0.0318810801553819,0.9297449326660632,0.0217156287982126,0.037658165804081
2025-12-31,0.0035669019821424,0.0008087287497107,0.0029567298686304,-0.0031361268648875,0.0013680512021179,0.0171576243061888,-0.2746933154010162,0.0490634273046582,0.0318931288876269,1.0117750720665204,0.0175109143823904,0.0355125250337217
2026-01-06,0.0043663489727819,-0.001108689426306,0.0024954475676778,-0.0037083765561836,0.0014639006908374,0.0191615165263922,-1.1111276015964664,0.0454248887992457,0.0352084961542009,0.8042600722538218,0.0138278084341002,0.0448083242145056
2026-01-07,0.0036916787375137,-0.0031783719590607,0.0021514911285037,-0.0024294435224939,0.0019304859186484,0.0150746092888243,-0.5279000399805798,0.0454250658679396,0.0355056536456071,1.0040457813956571,0.0099178040269964,0.0397166169228482
2026-01-08,0.0028394186681394,-0.0021306074520749,0.0013044281639793,-0.002096002125462,0.0019082671644075,0.0123869695726125,-0.997324611171908,0.0421491483211217,0.0330202627802209,0.9901542590298132,0.0142722109724066,0.0165508276779397
2026-01-09,-2.3236936531874667e-05,0.0002016992675371,-0.0001497459384966,-0.0019640715877221,0.001527167595658,0.008705944992632,-1.006231576829444,0.0440788804798465,0.0382253496599917,1.2003876095840864,0.0357991767881671,0.0193640181679698
2026-01-12,-0.0001465881844767,0.0024273866169414,-0.000249974099177,-0.0014077327299087,0.0014925203399105,0.0114098964230209,-0.8877740806449311,0.0445716540852422,0.037074989734047,1.039335657659048,0.0292114636827329,0.0198863711517636
2026-01-13,-0.0008707752747786,0.002248903166889,0.0001941772480025,-0.0015233599744218,0.0017852446013853,0.0099459776734846,-0.7179390252929572,0.0426532039808254,0.0299543106791045,0.853690069252457,0.0253196858669964,0.0174696141044714
2026-01-14,-0.0016407343202507,0.0040931354097265,-0.0004450425735626,-0.0019480365634722,0.0014543873248934,0.0102474884320344,-1.081747429512572,0.0391878400188188,0.0358588738021733,1.032471221449896,0.0345745084705832,0.0128777563733704
2026-01-15,-0.0013167088894408,0.0037287424100564,-0.0003153698185558,-0.0014599146186143,0.0017732760366299,0.0108460712110899,-1.370873151860505,0.0400432070565137,0.032903925531057,1.0527389764769317,0.0304620401825935,0.0050228922283898
2026-01-16,-0.000235945047277,0.0020348263416583,-0.0001561771566675,-0.0020792070885843,0.0016206134613819,0.0107332398365563,-1.15385756621376,0.0424109593435244,0.0361959405344797,0.938050445274004,-0.0001859565625715,0.0131783356606767
2026-01-21,0.0006698124116321,0.0022940837107771,0.0002793293937974,-0.0021052111004934,0.00182068970949,0.0129037400758326,-1.434420292950526,0.0408828796247982,0.0350525503893592,1.0661316733836748,0.0235142085620616,0.0077863904317712
2026-01-22,0.0017340786874489,0.0011138845053109,0.0005959424160064,-0.0011493954042989,0.0018600218063955,0.0138833321636559,-0.0893479063844776,0.0422440624461574,0.037301274067431,1.1837206949080992,0.0227485131015469,-0.0287081295267508
2026-01-23,0.0016924945239775,-0.0007674622396325,0.0010849860869939,-0.0020106280763429,0.0014279749241289,0.0128689776525703,0.2902145731518559,0.0435512678386025,0.0293610826619853,0.9229834998393496,0.0101275779595038,-0.1319290792191012
2026-01-26,0.0010874217453393,0.0009290638558891,0.0009150531335387,-0.003074271481021,0.0011266789837633,0.0144254031371108,0.5327730201891443,0.0432339968703886,0.0297018334200927,0.9968276905590768,0.0307449316272142,-0.3830533471016579
2026-01-27,0.0027174563904029,0.0012546352766505,0.0021705020084204,-0.0029079107447681,0.0016798664016045,0.0180008088943065,0.3303325928465941,0.0386316646594711,0.018760556492532,1.0252977393553446,0.0194778385262191,-0.3512044017084338
2026-01-28,0.0042627634500307,0.0003959436208185,0.0031487136117864,-0.0041945911213933,0.0017354262475343,0.0188470826332443,0.1887906692901617,0.0459158175035976,0.0201143133769722,0.9325768650052312,0.028916202263097,-0.212186494120794
2026-01-29,0.0039061731959265,0.0005461408303427,0.0021756410889481,-0.0049759116983883,0.0013884605739701,0.0173771053366155,-0.3697684916753135,0.0474141842296943,0.0334520558493567,0.8054563534965038,0.0250300059683885,0.0427248717968977
2026-01-30,0.003824713857147,0.0010478971480532,0.0025812797787156,-0.0041682190608016,0.0017501426203073,0.0179703264228197,-1.223680442946257,0.0415647721756269,0.0342339777830618,0.9596949280179377,0.0412063151869045,0.1389096359783438
2026-02-02,0.0029984755870448,0.002072556634454,0.0015558947449505,-0.0039909186030242,0.0017345957065848,0.0159805260224016,-1.4462445488106477,0.0402580893533193,0.0391738395617381,0.9558674799822504,0.0203380267101287,0.2484503106006512
2026-02-03,0.0007967377402937,0.0015477200040148,-0.0002769681422395,-0.0029098902361309,0.001580614047567,0.0121197392573268,-1.0603262571694914,0.039566482331106,0.0406433275069505,1.0761901737853792,0.0040111687255277,0.270092281128697
2026-02-04,-0.0004423164709766,0.0023114549212678,8.139670256573526e-05,-0.0020283597844657,0.0019074408714871,0.0124139935546797,-1.5303991267005383,0.0419349010059349,0.0352190320734154,1.2424430701180222,0.0274118621947762,0.2303146240153646
2026-02-05,-0.0004165300752809,0.0036516359830178,0.0001967957811487,-0.0023252178274361,0.0017426285378946,0.0108922042901248,-1.7723063526518483,0.0435495256196163,0.0368140610911654,1.0312903862934832,0.0388448188950456,0.088682029065092
2026-02-06,-0.0001803545873063,0.0042138481776261,0.000140163560332,-0.0016264699031407,0.0025269541539541,0.0131510463437406,-2.7760899653628264,0.0362042895602637,0.0327326906096479,1.0250222166906664,0.0111566244075751,0.0934491673082621
2026-02-09,0.0008220789595426,0.0024401456564465,-6.740702636209156e-05,-0.0012051298479241,0.0021876719563131,0.0119577247501981,-1.0137910676830677,0.042013310828206,0.0333139237163248,1.124878726481829,0.0285691166500279,0.0660512181616304
2026-02-10,0.0004768685799415,0.0014631451674828,0.0012754460964396,-0.0017302974723818,0.0020396815842184,0.0127639026267038,-0.9118525782723024,0.0454675107843623,0.0251254712262578,0.9744331808699872,0.0250489304502361,0.103703898141282
2026-02-11,0.0005675160734602,0.0022336738381653,0.0015257174734532,-0.0026399708740964,0.0015705679405422,0.0135726407166112,-0.7522899524443158,0.0414680834299598,0.0309815567028605,0.8916337868610544,0.0188539222275055,0.1247142060788959
2026-02-12,0.0013515861795064,0.0012550795393841,0.0016438691208391,-0.0032151426474228,0.0009115717247317,0.0135231363234249,-0.647863139151929,0.0416566036137866,0.0349107446855712,1.0934423891151202,0.0266972482770803,0.14699629957252
2026-02-13,0.0032081240726199,0.0008776687811285,0.0024797249420103,-0.0044624368053892,0.0020764986080738,0.0178860909238499,-1.407366280405669,0.0419603603459684,0.0340228582683325,0.950296866854599,0.0092980437193885,0.0783481435216374
2026-02-18,0.004942644340774,0.0028072371609744,0.0026274059568425,-0.0024792325361506,0.0026504903101458,0.0190867860118193,-1.8694937045270104,0.038051877072867,0.0339756039652199,1.177492832278945,0.0253973775263409,0.0489013730033727
2026-02-19,0.0042374173299934,0.0048721543792622,0.0014045607910892,-0.0018413603938442,0.0020664805005849,0.0185086254115121,-1.912926807977562,0.0404888537895089,0.0379109854952006,1.27818267542304,0.0476233688697819,0.0287827535707342
2026-02-20,0.00277143444555,0.0052212786816304,0.0008554413471933,-0.0019300954227705,0.0021758142370882,0.0167396825722471,-1.7798426227488882,0.0433393634238504,0.040025730953403,0.967436324009319,0.0337140937533208,0.0241452996678576
2026-02-23,0.001412894389697,0.0039213961212786,0.0009781714040927,-0.0006179886054797,0.0016915365660976,0.0134149005815408,-1.2034718179377943,0.0412297398244327,0.0330175687981948,0.9676212393436948,0.0219321316896248,0.0219054869437783
2026-02-24,0.0007639150239512,0.001236795377868,0.0009855350174343,-0.0018136992682998,0.0018092427067787,0.0145103154231337,-1.3475681899960392,0.0438857840807814,0.0307327189855603,0.89458257010544,0.0170142908763476,0.022234732194147
2026-02-25,0.0021541785795267,-4.3136652553237616e-05,0.0010002159021569,-0.0016314922829387,0.0017788470887019,0.0131763308216497,-0.5720533690979293,0.0437608295947266,0.0337958522908978,0.9628747295656704,0.0145777080371385,0.0247976984151036
2026-02-26,0.0029551708399085,0.0003547125872457,0.0018789399984051,-0.0016356334399058,0.0017851753950445,0.015979391465507,-0.5080859354565921,0.0410687919494178,0.0320280510099671,1.0777513763837037,0.0195035971608283,0.0217817657031915
2026-02-27,0.0035298682760906,0.0010572159134305,0.0030947639729124,-0.0026543832581481,0.0018275100608102,0.0168314131609976,-0.5876642829369823,0.0419658894084562,0.0343171279689228,1.0590192583740643,0.0200504655853193,0.0318460451015271
2026-03-02,0.0025041876645459,0.0019224436786698,0.0026339220637361,-0.0020734528062032,0.0016220894967337,0.017553618736642,-1.043388416427149,0.0420058110786034,0.0321306728386455,1.1635133699378064,0.0404990966705642,0.027918459705239
2026-03-03,0.0010879238928804,0.0057771642389177,0.0002535434726982,-0.0038762538905961,0.0013894601792196,0.0131651177248893,-1.261634207056325,0.0442626114606501,0.0495503867039168,0.9749417286333764,0.0563167954597043,0.0244737878200237
2026-03-04,-0.0006250472316323,0.0103529303313181,-0.0010304959035342,-0.0025855472244122,0.001882101462902,0.0093246362066448,-2.2522601752606914,0.0358848320637519,0.0483170552545085,1.0398441994433332,0.0544876434816531,0.0112238168706522
2026-03-05,-0.0024415157668979,0.0076715970527951,-0.0025074218200043,-0.000491831307257,0.0019757281896701,0.0084543880969873,-1.875012662203548,0.0367644906750178,0.0331900545811061,1.1003934477281392,0.0271066103735186,0.0269402927531215
2026-03-06,-0.0040446646600969,0.0071895860507149,-0.0021996249519606,-0.0020939211006313,0.0015883050944297,0.0070474018109374,-2.493210764779638,0.0480847878700645,0.0434743885488501,0.8111411471569128,0.0732821392711998,0.0245644469137874
2026-03-09,-0.0010354995040815,0.0098256144807467,-0.0020857412322103,-0.0014383937915328,0.0017338523293396,0.0089762614443616,-3.2840549890269752,0.038751457200422,0.0357542791929395,1.082518086786744,0.1103785849210812,0.0020938769424045
2026-03-10,-0.0004000464348878,0.005977218359902,-0.0009524095661194,-0.0007607032656412,0.0019278659699873,0.0121312279071584,-1.99109263070294,0.041403162191308,0.0341978630445848,0.5679395832597001,0.0584768687395272,-0.0170092341281132
2026-03-11,0.0028956359070594,-0.0012866902319557,0.0013062442791727,-0.0010014068701105,0.0020201031238005,0.0112163131960664,-1.7016967371906282,0.0405504258318437,0.0186971392680215,0.362913386822519,-0.0793785728065323,0.0050374616379261
2026-03-12,0.0023811344907851,-0.0002833489306013,0.0009139822401699,-0.0030710359704754,0.001300537393065,0.0121942442466983,-1.3665287331893414,0.044571820795634,0.0392360225201499,1.2502065059552672,0.0484045585354866,-0.0133374400212088
2026-03-13,0.0020677291205605,0.0044540009288181,0.000890891376145,-0.004733722433006,0.001128900551052,0.010145203311124,-1.5508563779826634,0.0398667744984394,0.0421862775325981,1.6029703894293688,0.0977685687095083,-0.019102462148305
2026-03-16,0.0011608689421885,0.0072962593858866,-6.736903054129027e-05,-0.0034734580127242,0.002119519922929,0.0118474083604736,-0.7964700534769182,0.0352403001782144,0.0419649822298627,0.8635668245579706,0.0570490780678017,0.0004531912892035
2026-03-17,0.0007294033906671,0.0061921107373842,-0.0002670360918557,-0.0002220182504426,0.0024924671992822,0.0111650816567675,-0.7710211711453429,0.0328469618251768,0.0256812055765344,0.8798887380869238,-0.0183653099534093,0.029228594052399
2026-03-18,0.0004437739677172,0.0054619740773354,-0.0009211244540002,8.30930049523543e-05,0.001905517424145,0.012405764349445,-0.6812604994154681,0.0439156728382283,0.0278272599744093,1.2139625921231418,0.0362165802528551,0.0084434968509929
2026-03-19,0.0005318885631392,0.0071489569152581,-0.0002585243934332,-0.0014738582711338,0.0009974978798527,0.0115934524993036,-1.1337039664805657,0.0421458532089747,0.0305727061719372,1.0922834842596905,0.013269965395979,0.0117919378482139
2026-03-20,0.0017959949450792,0.0049500655250183,0.0004332532517534,-0.0017407109478377,0.0016437103759757,0.0133041861560982,-0.4117967527900851,0.0348259902101086,0.0304963190965633,1.0520500612370476,0.0324597421246014,0.0118466177592385
2026-03-23,0.0016728148725745,0.004248299098067,0.0009508326780813,-0.0030730318323666,0.0018378456916452,0.0092125496172054,-1.606064520719113,0.0350252184148427,0.0294652766984978,1.302947193974934,0.0464172709642072,0.0226615709445897
2026-03-24,0.0026970506570972,0.0007784684014533,0.0006884153296734,-0.0008101228358301,0.0024272770696915,0.0151328855365264,-1.561969585480354,0.0336418537107015,0.0198089626974884,1.1534076903035742,-0.0495516555339195,0.0218876234188436
2026-03-25,0.0019448702902541,0.0019337846029919,2.451712344277125e-05,-0.0006198252439513,0.0018064457296701,0.0114108316325713,-2.1967038470863063,0.04277870248069,0.032489994189214,1.3490059436187902,0.0540504196678365,0.0339504966596044
2026-03-26,0.002891939444139,0.0031232554326136,0.0003815492583351,-8.602805804963773e-05,0.0016019871454924,0.0151614953413409,-1.0289643550478411,0.0381216008186779,0.0303590062222519,1.4497776446105104,0.0063539760710393,0.0269383855927655
2026-03-27,0.0007438289749726,0.0037788378278956,-0.0004520919413933,-0.001620845720898,0.0010756627269422,0.0105952173357357,-2.0772693260787083,0.0429475204618205,0.0365459333863435,0.9866733360940692,0.0617711219919694,0.0250091602974076
2026-03-30,0.0015772909077416,0.004632931134508,0.0001222342961897,-0.0009613963913992,0.00216105826387,0.0125845181770433,-2.0492365571060702,0.0417176396449734,0.0367365737165479,1.0995787873389349,0.0645684522630428,0.0117668871040208
2026-03-31,0.0015603528171828,0.0049473308757985,-0.0009129743085877,-0.0004485432809662,0.0029870136837743,0.0120185056793418,-2.362312119187245,0.0409115982664564,0.0401267709610882,0.7922599149456757,0.055698286209267,0.0152319725947808
2026-04-01,0.0019988048632773,0.0037316247802772,-8.923725180105845e-05,0.001325772292764,0.0026467831181369,0.0108003047700078,-0.3924055140957719,0.0382629762634255,0.0250833662368579,0.8194996545888302,0.0019884972869206,0.0143060419477642
2026-04-02,0.0004091922109739,0.0014230361209168,0.0009566328213856,0.0002612199196347,0.0015461678133372,0.0127436769057051,-0.4194117889429529,0.0408572755120722,0.0192561163507428,1.0273900331893056,0.0160779007632671,0.0058389345835743
2026-04-08,0.000253767294424,0.0016379377580283,0.0016553892281831,-0.0023823036920869,0.0009576195052533,0.0133438304851942,0.653296096884046,0.0491194806293414,0.0412242805963541,1.1767647129783856,0.1195328364221309,0.0187138027637434
2026-04-09,0.0024269007631564,-0.0027457320879618,0.0033255323128773,0.0008506854298751,0.0008073264896445,0.013878607272862,2.55226880958906,0.0178818398407953,0.00038532105899,0.101845427902947,-0.1497220221422074,0.0390538288420843
2026-04-10,0.0039262861739028,-0.0048238912615325,0.0035868128202886,-0.0044663491224743,0.0009214889606614,0.0176238590521826,2.3915498649973967,0.0519262585796813,0.031854876030149,1.5599369416062745,0.0592231383875161,0.0381059866903803
2026-04-13,0.0039082618333591,-0.003720887444757,0.0031514012859792,-0.0043336838071209,0.0003821678464888,0.0147532627691752,1.659862263448509,0.0451038452590001,0.0271411909722685,1.3163031652707633,0.012470663348881,0.0470195262635821
2026-04-14,0.0019108608004268,-0.0001358527687227,0.0019000285892623,-0.0042740251693647,0.0009711487677344,0.014561721691944,1.322706674620666,0.0485293199910327,0.0361580725144021,1.616338156254954,0.0483743286229253,0.0356944196601888
2026-04-15,0.0018284743839324,-0.0013472623204444,0.002297750060071,-0.002606994204136,0.0012867253182174,0.0110619010139239,1.4776871058644756,0.0337200335854003,0.0157160867518727,0.8534832177853506,-0.0466982376435479,0.0211167297632813
2026-04-16,0.001261812382473,-0.0012030258330148,0.0013816518550714,-0.0028567094045127,0.0009141327715139,0.0122162483530612,0.2364754314082151,0.0444217371519125,0.0295487716734573,1.4221134161451112,0.0290930328230793,0.0034009687646622
2026-04-17,0.0013250600624426,0.0006666952261661,0.001173292759725,-0.003329805775138,0.000667208308078,0.0129684679914413,-0.1393713477061613,0.0473184814287895,0.0369789487224506,1.847904264651792,0.0627992841318473,0.0075242699625264
2026-04-20,0.0019827317423844,-0.0026791431173328,0.0018081335416705,-0.0024572910655748,0.0012509904687472,0.0162730429949465,-0.0610835660747851,0.0291611588384459,0.0195506431743739,0.6721165278713938,-0.0680903332747044,0.0050321538453565
2026-04-21,0.0019467006140718,-0.0012848061600695,0.0016651854922375,-0.0047970682424778,0.0009520423129358,0.0134604272802376,-0.5581841329183342,0.0513974994346789,0.0401323385106692,1.877006900282068,0.0765752166979785,0.0075188373384188
2026-04-22,0.0015297237306807,0.0023009790549959,0.0004524152758209,-0.0035448507178603,0.0007209345502136,0.0127171007822662,-1.1156863227013132,0.0474131767489577,0.0396871026521792,1.7206166123233562,0.0514420778715928,0.0093839306209635
2026-04-23,0.0008756318332849,0.0049281411720813,0.0002949448742202,-0.002588493091062,0.0013862072172734,0.0115258732071951,-0.881103375876485,0.0459894470795252,0.0397093423122964,1.572210938861219,0.0365380979672542,0.0092440590525386
2026-04-24,0.0008770462684453,0.0037667347218391,0.0002774344502263,-0.0025971658373886,0.0013409497615635,0.0085261279521801,-0.9986012333061726,0.0484989255332464,0.0409178465884081,1.937664962154401,0.0732329970037182,0.0214266472886937
2026-04-27,0.0008331472045398,0.003560400438478,4.330040221651218e-05,-0.0013119486620215,0.0014089601490659,0.0128537834240631,-0.94544522519897,0.0396257641185836,0.0314152915219931,1.4467319973060684,0.0236090848610859,0.0286482407472718
2026-04-28,0.001442197325305,0.0031875931445201,0.0004510764315381,-0.0017814670690264,0.0012583411551429,0.0126720952080494,-0.5547619093698998,0.0428484760856323,0.0328819090704893,1.8418013283326609,0.0431484059476124,0.019716023434055
2026-04-29,0.0020472834025413,0.0048073613680213,0.0004423809550307,-0.0029566237893077,0.0009068985431526,0.0146959488219056,-0.7100953126081587,0.0481483240178257,0.0380420452316303,1.7135449420900757,0.0621287693782375,0.0090021602339663
2026-04-30,0.0015164054935346,0.0062155126968907,0.0004072657101998,-0.0034847095757768,0.0009881646041916,0.0101957400819752,-0.8701724085239839,0.0504228511961421,0.0433623089678711,2.190788432291516,0.0972453808928224,0.0163306999761183
2026-05-01,0.0018510637811067,0.0053861176322851,0.0008250445472452,-0.0012740218241367,0.0016879937330869,0.0142015991854175,-0.2696344825937681,0.037924893361986,0.0281189317968642,1.433449706893791,0.0105119456949921,0.0120977056196028
2026-05-06,0.0009724312189646,0.0008173572810888,0.0007160418339937,-0.0020656531524409,0.0013527943463036,0.0111587524608863,-0.2759277776111778,0.0405318839329992,0.025638522117095,1.2456223821526171,-0.0032710720131703,0.0034821795786748
2026-05-07,0.002563269481411,-0.0014012225718003,0.0014465700117006,-0.0011737904089765,0.0012416394649768,0.0162003884806783,-0.3300981027494069,0.0326788692725458,0.0187629001253212,0.9374568111091436,-0.0344980124781813,0.0214781611151839
2026-05-08,0.0032987768681425,-0.0009573050186948,0.002664111407019,-0.0032569266444076,0.0007440418292012,0.0165362856927259,-0.4309963588247904,0.0400882948379336,0.0293869210080208,1.5756648296673912,0.0272185244178081,0.0273380467363889
2026-05-11,0.0042537788971241,0.00024867529578,0.0030113295364098,-0.0039618959054713,0.001146983925134,0.0189644247898791,-0.2194200046995936,0.0440925053075478,0.0308505746935753,1.5092515670327626,0.0295885577422965,0.0130038073876354
2026-05-12,0.0016590968595995,0.0031587565771846,0.0020315130855973,-0.0036307453685297,0.0011175066293909,0.0127033075283215,-0.8717758487492945,0.0454315675596098,0.0322884579499254,1.504704173287825,0.0466902854504875,0.004996990902049
2026-05-13,0.0001644346525639,0.0058843042808833,0.000732733792327,-0.0032532884516421,0.0011190996165969,0.0095173571304427,-0.7853011490775543,0.0442069123005699,0.0383657354152453,1.5418559221170218,0.0593147790032893,-0.0066036915612508
2026-05-14,-0.0012227616395043,0.0049736645362369,-0.0003461913019643,-0.0019738848434142,0.0014921582375277,0.0102738007182504,-1.1069882769541812,0.0414902945378436,0.036260221862214,1.5565475268209998,0.0191203262375836,-0.0097145301848301
2026-05-15,-0.0010970440209425,0.0056000904250077,-0.0002715072461623,-0.0024747140528403,0.0014350149562499,0.0095507029779377,-0.7337949675571289,0.0392097208098443,0.037731126909436,1.5752554017653448,0.0327398527405594,-0.0012354046306019
2026-05-18,-0.0007725747988573,0.0094152054310412,-0.0009133045603013,-0.0024517768108547,0.0009276076394732,0.0113332812748945,-1.5015155154980713,0.0349193727432581,0.0407898534374802,1.7457407015527826,0.0705265629785288,-0.0008336718927705
2026-05-19,0.0008086816640853,0.00944981855713,0.0002014220303539,-0.0005954287754016,0.001553755224013,0.015663188805664,-1.346808623969364,0.0402385066310745,0.0337549700333177,1.793454309119439,0.0555284434349848,-0.0143764247683177
2026-05-20,0.001083185815377,0.0069358514503752,-0.0004088631635143,-0.0015035545836259,0.0016635626154591,0.0124561526151028,-1.648548466219767,0.0452145106370603,0.0375907690423466,1.4229251109964656,0.026367061417292,-0.0294832547970945
2026-05-21,0.0024113197149079,0.0042703343580734,8.351988390879175e-05,0.0009034872975283,0.002342388809343,0.0142204035424023,-0.8997531695071079,0.0347561483839339,0.0293563260230059,1.598657860354368,-0.052857837160543,-0.0255435417232782
2026-05-22,0.0012701188277611,0.0004250621585741,-0.0001612917421196,-0.001048064259924,0.0015695493072976,0.0131910060480958,-1.11057329395936,0.0421554137024843,0.0356469856346985,1.510226355693614,0.0161442093041151,-0.0214367143448684
2026-05-27,0.000977974641194,0.0006140263903159,0.0006204343470223,-0.0015085367584191,0.0011142343656244,0.0113871112229345,-0.2445366582316062,0.0430887502101883,0.0321884875665622,1.4931742418844798,0.0289448405402231,0.0100086895020758
2026-05-28,0.0006463028753416,0.0028342745463528,0.0008762064506814,-0.0015899299115802,0.001391655867324,0.013658331107665,-0.722824443022835,0.0354413483333921,0.0301158961750424,1.5838396867066329,-0.0080199669799585,0.0237754124297306
2026-05-29,0.0012131893491078,0.001745951853464,0.0016483374581051,-0.0018695263168107,0.0014469103054072,0.0138981952826194,-0.1924382797396148,0.0410625856642677,0.0303458556690673,1.6244083514937069,0.0333927730800194,0.0375115438761956
2026-06-01,0.0016874310415332,0.0017493017150163,0.0013625336010095,-0.0013515911046242,0.0014851464392031,0.0152418862912348,-0.4485780441024044,0.0412233172041753,0.028401014439572,1.5124314276032809,0.0179158728946995,0.0055988004764525
2026-06-02,0.0011659873114367,0.0045417813632234,0.0007581269433396,-0.0028451678244258,0.0011122449799016,0.0131825987326347,-0.5618651752337056,0.0454741016156992,0.0384165715269865,1.5895552896991785,0.0626952819206952,0.0176563546757121
2026-06-03,0.0006402338742551,0.0042871591102317,0.0011295125950873,-0.0018462546540379,0.0014046457990364,0.0122421540009284,-0.6915960558048658,0.0439220131020375,0.0328403856935612,1.4926957457096954,0.0381976867982066,0.0169883187940527
2026-06-04,4.9304037169913646e-05,0.0049821979903702,0.0002317653901398,-0.0031991686800216,0.0013252503997564,0.0100401273238751,-1.0138927859739044,0.0436018187010431,0.0374434546649622,1.5074814029060295,0.0450020870346065,0.0263507163737569
2026-06-05,0.0004507109269952,0.0046040919324886,0.0004196788033636,-0.0012724239333261,0.0017368752862278,0.0122626011836666,-1.0238047799201644,0.0367530981125437,0.0305114521352533,1.623082815768376,0.008987410753137,0.0061821561257843
2026-06-08,-0.0012829769866265,0.0049894772906106,-0.0012816271310415,-0.003733107942508,0.0013601978524719,0.0093508143699383,-2.944322035471471,0.0387535948752275,0.0417730702309434,1.6139154952873576,0.0136326934333026,0.0199097607215401
2026-06-09,0.0010962779738966,0.0066772101308912,-0.0006903668320544,-9.643062449073408e-06,0.0021610184508327,0.0133449577058732,-2.007278210478096,0.0360024838402576,0.0348317489681463,1.7491452118655224,0.0393979115204316,0.0011749064249402
2026-06-10,0.001401389067311,0.0058818677446139,0.0005250158604633,-0.0003038992799731,0.0025818892843111,0.0136709225899348,-2.9564332127967456,0.0414889107827236,0.0341351424519373,1.6258918617015403,0.0093427633439144,-0.0105732672909833
2026-06-11,0.0027711421881926,0.0056420367282493,0.000562588239363,-0.0008581458067939,0.0020113454070136,0.0166053947795204,-2.911557368846206,0.0441075828894623,0.0351026696678051,1.591121612863863,0.0396611995275915,-0.0193211842354139
2026-06-12,0.004555170884511,0.003750280647432,0.0014298823185106,0.0001819357092505,0.0022415400067168,0.01946763940085,-1.7991112910728448,0.0448421852267289,0.0385026679878751,1.5701915400963036,0.0132777626217883,-0.003795800196604
2026-06-15,0.0039617554163452,-0.0011226065777927,0.001659468504636,-0.0005849222750315,0.0017841131132319,0.0147215158711947,-0.3514891667132007,0.0494242034896214,0.0301856458082235,1.5095944818404337,0.0048048408697859,0.0073534658833788
2026-06-16,0.0024312457903644,-0.0041674297224901,0.0021947634738591,-0.001742909250261,0.0011158875176469,0.0151735878853409,0.3955206046874248,0.0503654442685527,0.0308798386154116,1.414448571660392,-0.002624228412486,0.0137974797694426
2026-06-17,0.0019189634807816,-0.0039579295063862,0.0021397459212899,-0.0028113096654429,0.0006464346558575,0.0140371563571646,0.199175453831755,0.0447192258472734,0.032158534104323,1.5378371855002777,-0.0048219163019552,0.013335827929226
2026-06-18,0.0013379440397345,-0.001976592642131,0.001470555871648,-0.0044377227014918,0.000218118661603,0.0128848026666005,-0.1636860138005279,0.0462211229638824,0.0364471314886724,1.618972666499556,0.0344491697300985,0.003083401157928
2026-06-23,0.0027629754783296,0.0022999213503188,0.000545263500093,-0.0038434164981963,0.001531757592174,0.0146228888647535,-0.4111122635634897,0.0451338944448537,0.0477219866287205,1.5339404337851146,0.0301485143903069,0.0061525467093904
2026-06-24,0.0012072729430515,0.0068644033250557,-0.000360685344305,-0.0025143869743114,0.002175412943972,0.0136958374711057,-1.7309777850465926,0.0361801301084223,0.0436008585718442,1.809118275428984,0.0039682503694068,0.0087045116203675
2026-06-25,0.0002822456902434,0.0063387434081986,-0.0011920442851032,-0.0003821207384325,0.0017872778398396,0.0147971352861288,-1.929014231287982,0.0399536835918071,0.0407678372395249,1.6811905427673954,0.0124683765534554,0.0075734940749548
2026-06-26,0.0002189689564902,0.0055939988115189,-0.0011183072820087,0.0005778953139768,0.0019713038788515,0.0130956083038702,-1.783512782262729,0.0451585492766753,0.0325448532100813,1.6346415601492967,0.0346797274849011,0.0036684877012743
2026-06-29,0.0015093684678474,0.0039291556997952,0.0002104452035379,0.000160354752529,0.0019461334128642,0.0160040744248869,-1.279013166096919,0.0442575509683534,0.032244046319371,1.4937894475757685,0.011900073438086,0.0061835542476211
2026-06-30,0.002223154856108,0.0033221003182189,0.0011126121503077,-0.0004910739013702,0.0016252197031289,0.0130296748315847,-0.928842762760506,0.0425362647457361,0.0318933323111338,1.5428055899255106,0.0373093254361325,-0.0090138193430168
2026-07-01,0.0016434032244438,0.0021436908862941,0.0009954311229773,-0.0017320592112496,0.0011158394802101,0.0138254871674133,-0.1308088485853011,0.0435834230806689,0.0349393027122066,1.6214826703771623,0.0196758520237737,-0.0099609711843803
2026-07-02,0.0007315479362619,0.0023238438158282,0.0008554138057484,-0.0028798006790977,0.0007756660003777,0.0130595430247593,-0.3334206037052666,0.0461394122377711,0.0383228899065724,1.5417856046406198,0.0236540564050957,-0.0064648622345278
2026-07-07,0.0006598904575905,0.0027749548951044,0.0011803162834151,-0.0016050287197083,0.0010579959555003,0.0127062834799846,-0.3968314515895189,0.0419145532221368,0.0294828398421807,1.6462947073044762,0.0302549203099433,-0.0022432932476638
2026-07-08,0.0014684763145449,0.0045372143416749,0.0009226615950833,-0.0031144722716998,0.0011504062471088,0.0143154832503805,-0.8852678594607305,0.0441664229728441,0.0335599680702226,1.5723299473217542,0.0390382883885188,0.013529807099887
2026-07-09,0.00358365628269,0.0070385851498225,0.0014077423783391,-0.0031953255183704,0.0015005604928057,0.0165538065272992,-1.1086885498604455,0.0452923731603078,0.0372685992580857,1.5824068456219262,0.0445089192651587,0.0209561248881229
2026-07-10,0.0050409212100162,0.0053825347163089,0.0022914964605182,-0.0016588123988348,0.0019873150216745,0.0186105303609603,-1.0080797804813626,0.0447215776089971,0.0313890145518054,1.5958926615477995,0.0182803422357698,0.0172209185727147
2026-07-13,0.0041928513811544,0.0021852120735754,0.0020248315793872,-0.0025472459797471,0.0013989128767198,0.0163441649490412,-0.690986550110007,0.0489802848804371,0.0339346029412277,1.4835576353402564,0.0192011317257512,0.0494758137108376
2026-07-14,0.0030991314765615,0.0045004043195202,0.0014883429758464,-0.0032276159647791,0.0007133053214128,0.0146369129128287,-1.2573215822575612,0.046876359390377,0.0373264852018691,1.2494111225997209,0.0646755042485633,0.0495878506943124
2026-07-15,0.0038252354388031,0.00559125652154,0.0025966134241158,-0.0023829149351075,0.0014543009938254,0.0175533699025559,-0.8709195663701701,0.0468128413652061,0.0323855513645773,1.2766023199756713,0.0302175578276979,0.0421465247896686
2026-07-16,0.0042664689206744,0.0032038239297729,0.0024410306246296,-0.0032054663879265,0.0017924563587038,0.0171683221082963,-0.6622138628685632,0.0497970733271873,0.0325050435944943,1.2656916519287738,0.0249856996276747,0.0278750022478439
2026-07-17,0.0034556398705947,0.0020204359108286,0.0016842523561451,-0.0033037624305335,0.0011449636981065,0.0150374497146627,-1.1605783310065805,0.0453920412495888,0.0326583480408683,1.262711410545834,0.020432649546547,0.0265611539741233
2026-07-20,0.0023558360428831,0.0041912954514306,0.0015153251073985,-0.0036032825824447,0.0011391229706328,0.0153846579089692,-1.9666295917368792,0.0440628840418472,0.0342891510976821,1.2603217906466184,0.0450607509130989,0.0036824985664068
2026-07-21,0.0029434329391217,0.004274871090601,0.0012992879527127,-0.0035268678425072,0.0014451903361622,0.0145255047741909,-1.5027844385494629,0.0484322819365207,0.0368328971752666,1.240614209969168,0.0283946133151862,0.008747176409037
2026-07-22,0.0031113585774265,0.006804483978356,0.0012090816580465,-0.0026357313301941,0.0017453527180304,0.014026364518637,-1.2565819189124878,0.0481681631365759,0.0349518287185904,1.235349267687297,0.0279546449390111,0.0028329977736417
2026-07-23,0.0029115315906618,0.0051337107132536,0.0008455241226288,-0.0023066600288759,0.0013345703763785,0.0128085089940069,-1.1846129409252424,0.047257112950039,0.0334390889146606,1.2333404312712362,0.0344752843742088,-0.0076240970103269
2026-07-24,0.0017878040978747,0.0080794465504992,0.0007141164639209,-0.0031457216213645,0.0009749343480394,0.0129798027257968,-1.5582279412872753,0.0461223730391483,0.0376494980996308,1.225685869090149,0.0532288535841992,-0.0067805955702778
2026-07-27,0.0034017296804621,0.0046921465873203,0.00129467940741,-0.0023469095083256,0.001540464310787,0.0155672029795977,-1.0054097180507393,0.0463246057500678,0.033835150807515,1.262054762579808,0.0182645643684369,-0.0056445818000383
