,audusd,brlusd,cnyusd,krwusd,eurusd,sp500,vix,us2y,us10y,wti,brent,henry_hub
2023-07-26,0.0005762634464803,0.0012599635578128,-0.0001488898632313,-0.0012159831389102,-0.0001622828039052,-0.0011238215041854,0.0982468598803242,-0.0098691267033259,-0.0024819404505952,0.2053672695155899,0.0038631797159178,0.004504460449741
2023-07-27,0.0003287657549472,0.0004391436944313,0.0003237640038742,0.0008083891153548,0.0006025908691809,0.0006002597758537,0.0310449089176167,0.0067466745774882,0.0023405836066263,-0.0664621434883997,0.0022493670726675,-0.0074437410873133
2023-07-28,-0.0003524033062832,6.71251303766603e-05,-0.0003810124088319,-0.0028735828920035,-0.0006408498305914,-0.0004882636399878,-0.0010676102505224,0.0206116379844109,0.0065880118465031,0.1508929102393102,0.0041777204551671,0.0021355241240437
2023-07-31,0.0019987979660184,0.0006119520386642,0.0003413196035295,0.0020307775897404,0.0007843314057713,0.0011176880190499,-0.1366759827704673,-0.0214352648758035,-0.0084094709155398,-0.4168230840126744,0.0005797656485333,0.0038508513140487
2023-08-01,-0.0004302742457906,0.0006523059753147,6.257518393644835e-05,-0.0004691736027969,0.0003751902655363,-0.0015500920388797,0.154060633836022,0.0079747821534114,0.0043579826720308,0.4027110504273061,0.0072626243385517,0.0058497898544207
2023-08-02,0.0010039287162845,-0.0006837691420022,-0.0002715345893739,-0.0011997338065938,-0.0005715088910336,0.0017246219926087,-0.2631424393421078,0.0157225656112393,0.0112061971044956,0.1361373596316314,0.0040705494180106,0.0002717869303967
2023-08-03,-0.0006498907356643,-0.0011203593331893,6.441465816347787e-05,-0.0009189542774512,-0.0007252857809304,0.0028633968727442,-0.447797340173639,-0.0073632854001147,-0.0023256548594231,-0.4397544157721799,-0.0019681011192002,-0.0040661262743906
2023-08-04,0.0002893562899636,-9.727414731785838e-05,-0.0005848744267336,-0.000545941808058,-0.0006892471062171,7.101702252708495e-05,-0.1980713125198605,-0.0107853438259269,-0.0020137702860474,0.3464704209643228,0.0091042016906476,-0.0007132697264427
2023-08-07,-0.0018929262857048,-0.0012856662675091,0.0004216803602935,0.0030786537059192,0.0001432696771574,-0.0004961579450586,-0.1080168046018675,-0.0105252329463218,-0.0051554383007864,0.2207038195129121,0.0060055934083139,-0.0073876141279194
2023-08-08,0.0019526403959497,0.0004104678267836,-0.0003120773356144,-4.636319686486723e-05,0.0008899861142028,0.0018704833191989,-0.3158856375355014,0.0236136207196295,0.0114455171760641,0.0427748819214483,0.0034748732888206,0.0056439642017778
2023-08-09,0.0006984756383837,0.0007593227502073,-8.464605749575314e-05,-0.001227199179194,-0.000414202817941,0.0032344131548335,-0.3365816262980647,0.004114307675243,0.0069938130731146,0.4290972284836569,0.0087535540946331,0.0032381586162526
2023-08-10,-0.0005797441339442,7.126718342451027e-05,-0.0004360975269367,-0.001009718729141,-0.0002923633872671,0.0016214725371173,-0.3221279034812915,0.0054920554387165,0.002140890985952,0.3344688435532155,0.0061967772597038,-0.0084126078218235
2023-08-11,-0.00140501266513,0.0004991802498597,-0.0004244908537809,0.0002817755186677,-0.0011678255573158,-0.0005815061713079,0.0911894322518806,0.0108034167223139,0.0060223790612619,0.0790656469425378,-0.0018016051379251,-0.0104273899944415
2023-08-14,0.0012456941469082,0.0008743165315028,-0.0001778994974702,-0.0016179317300278,-0.000318522882216,0.001042298827833,-0.1787722706288772,0.0082487254329387,0.005715880642562,0.4369042846970508,0.0072175350774238,-0.0085251966146921
2023-08-15,0.0019279437912372,0.0002034862353218,-0.0001364216615281,-0.0003560399995252,0.000546387593431,4.468910035945891e-05,-0.1569441254353069,0.0052676586752718,0.003819697892267,0.3564429399387888,0.0022544760832545,-0.0013100743888583
2023-08-16,-0.0007158770100396,-0.0013071744338363,0.0001034885064331,-0.0002828583335297,-0.0002381702444645,0.0013558691684428,-0.339093684343002,0.000303168924966,0.0042957512541386,-0.1446570963162287,0.0003907846494066,0.0079853632896835
2023-08-17,-0.0010478927282863,-0.0014921338198505,-0.00052197370493,-0.0018945736071295,-0.0012251452798322,0.0002816904671496,-0.1065490544088844,0.0107692843206539,0.009384596133556,-6.536009132657172e-05,0.0029032047995742,-0.0033919367775329
2023-08-18,-0.000593039153725,-9.813107727773093e-05,-0.0003029141294326,-0.0008552811715045,-0.0003233948767675,0.0008442955957309,-0.2280321334343534,0.0029830191715291,0.0054732187573426,0.2020540756131075,0.0076112264314751,0.0005292306875963
2023-08-21,0.0002396699215814,-0.0002211407986985,6.971264723917724e-05,-0.000100109342474,0.0002643739832978,0.0011422238020223,-0.3423000226082509,-0.0061508248651413,-0.001802317712078,0.274747957346225,0.0068909181176914,0.0034554608938789
2023-08-22,0.0006936930646111,0.0001674562075263,-0.0003573016015135,0.0004917578490001,0.000119662136876,0.0007151514089904,-0.126866481148716,0.0101768076605341,0.0074457088206221,0.0962016774708762,0.0023212293832587,-0.003376472672018
2023-08-23,0.0003629164678731,0.000572435342966,-0.0001806113351512,-0.0018703599237033,-4.235114943814015e-05,0.0007485738007344,-0.1704939695672829,0.0047134748862246,-0.0009505235574718,0.4215406410329751,0.005614328731357,0.0132601889754759
2023-08-24,0.0008400856441774,0.0008590560564307,0.000823348526067,0.0025349369548154,0.0018345800699885,-0.0006750588627345,0.3349260158859882,-0.0005024985074743,-0.0025233074289509,0.417523653444301,-0.0006887632090407,-0.0048282052491292
2023-08-25,-0.0019599564382221,-0.00037983341425,-0.0003651084102044,-0.0035532758845871,-0.0012768253011014,0.0012183858064886,-0.3112754109983922,0.0295835518758009,0.0155125512004537,0.0327512699463576,0.0034453781982333,-0.0025089070620644
2023-08-30,0.0011549210791691,0.0008862056326854,-9.191410011045606e-05,-0.0008108168010246,0.0001209473543884,0.0005506571368467,0.1702223357688888,0.0044094333394899,0.0078790073274972,0.1116953356753444,0.0036608558522422,-0.0004756235496756
2023-08-31,0.0001687851257309,0.0006204760457815,0.0002776143355025,0.0017507186223499,0.0006092124771307,0.0002742103265978,-0.0786880406591095,0.0118562710826219,0.0032250377597708,-0.1859743575725611,0.0018327909674309,0.0078264840183629
2023-09-01,0.0007242959606404,0.0002045261797781,0.0001912455462371,-0.0015384266045171,-0.0003693626506077,0.0006357334328329,-0.1052127603774246,-0.0087524282924495,-0.0012603358606066,0.4414023237734163,0.0103622604144344,0.0055485275173292
2023-09-06,0.0006741225709417,0.0010566045923239,-0.0004604355087053,-0.0017711497693883,-9.23608855126631e-05,-0.0006200838156399,0.1601056959798535,0.0093151964826358,0.009158948946575,0.2825220560334558,0.0072089575817579,0.0048768708243997
2023-09-07,-0.0004908235448592,-0.0001793343666655,-0.000251586921125,-0.001626983436809,-0.0004614493762583,0.0017358249344112,-0.1809373263144523,-0.0009344625069815,0.0023609509064818,0.0032887451826589,0.0030752616465872,-0.0010665702497424
2023-09-08,-0.000853320502857,2.432926801322399e-05,0.0002580436817144,0.0005256031612632,-7.064207245361516e-06,-0.0016827996183979,0.193867191821595,0.0121149752026014,0.001420687165101,-0.0390285288088138,0.0003753541740938,-0.0105131268441514
2023-09-11,3.05565739040048e-05,0.001147033021596,-0.0001850821349419,-0.0007493095972308,-9.983136528887087e-05,-0.0015394491177798,0.0942056998161205,0.0131575398537305,0.0051200343891628,0.4125395230226911,0.0067530276322441,0.0023436877208347
2023-09-12,0.0004298034791031,0.0009636520946661,-0.0002106788163959,0.0011115395771513,0.0004658399877647,-5.729780697532553e-06,0.0191785649366766,-0.0096589533930799,-0.0050447080725273,0.1939277646334966,0.0010018055092722,0.0030906701615143
2023-09-13,-0.0009138635809207,-0.0002158272783092,-0.0003150611081406,-0.0014151821847879,-0.0003822188885066,0.0004146214780842,-0.0753879628813086,0.0066951519686469,0.0045421587526179,0.0349961822713739,0.0052176394637814,-0.006716487953071
2023-09-14,0.0002025165129478,0.0010583924484242,0.0002449627879721,0.0007802294128242,0.000436637533005,0.0008934779439402,0.0802210737460728,-0.0063648740672218,-0.0056216925657904,0.2750757177203719,0.0024343677349112,0.0039727829731179
2023-09-15,0.000998655795139,0.0014170076028767,1.619017337675527e-05,-0.0017205017733332,0.0004408274595977,0.0008960501245303,-0.0969569608247954,0.0183112148672733,0.0073189284599177,0.2876565230664107,0.0056274381159733,-0.0038528932320757
2023-09-18,-0.0015826477425911,-0.0005876330587181,-0.0002149956846161,-0.0010365982588173,-0.0009612948140539,0.0002643301590277,-0.1253504461085736,0.0007435354420629,-0.0007185405580563,0.0080328918729572,0.0008002147982911,-0.0077080912903939
2023-09-19,-0.0001125727918028,-0.0001775984750969,0.00015004563153,3.315323804091528e-05,6.8029057957879e-05,-0.0003652828958712,0.0424109466278691,0.0074980976944798,0.0057538410542742,-0.1986446436784986,0.0033632446809828,-0.0076165852047906
2023-09-20,-0.0005732067563334,8.875568717843559e-05,-3.0722011901183735e-05,-0.0005928124517184,-0.0001538578033236,-0.0014684075538905,0.103226515033368,0.0148714173884184,0.0033928804358886,0.2204120190868667,0.0017377523575347,-0.0014216206890899
2023-09-21,-0.0016122070788184,-0.0006481715213191,-0.000535303525625,-0.0007116489166505,-0.000726271628741,7.657443647569905e-05,-0.1728683889121982,-0.0028430050741517,-0.001292451511574,-0.1336273276849163,-0.0031762211343773,0.0062654327973879
2023-09-22,-0.001776672855742,-0.0021268702331658,-0.0004898272152623,-0.0024298675292011,-0.0014222633167883,0.0018763748196728,-0.4157072200077307,0.008589639730191,0.0115835013610316,-0.0424654032284287,0.008023931857648,0.0094630859370857
2023-09-25,0.0002674496174651,-0.0012062253433784,0.0001450237020784,-0.0002666843285439,-5.645135388256251e-06,0.0008313647594114,-0.1703646663399288,-0.0146432484535989,-0.0060182985851191,0.139624151806197,0.005576223479677,-0.0132133476382826
2023-09-26,0.0009739789049113,0.0003246089916769,-0.0003446906321364,-0.0011193049777033,0.0003002544614438,0.0008008635464567,-0.1993706166036917,0.015541923076858,0.013087788116174,0.1977169001719576,0.0020578934948729,5.65390260767448e-05
2023-09-27,-0.0016419311216639,-0.0015900662282106,-0.0003483256981401,-0.0011513167357817,-0.0014426078205437,0.0014882373027899,-0.5280358887222157,-0.0045479242022975,-0.0009687330149278,0.099836550662542,0.0095873365557927,-0.0019410140217333
2023-09-28,0.0013243389038063,0.0003671248709255,-0.0004557314035056,-0.0020942464693646,0.0001764288539045,-0.0002210489090522,-0.1055291240790467,0.0030393954445857,0.005170581392816,0.3840003072089394,0.0100094629167959,0.0037298600664243
2023-09-29,-0.0001951358616196,0.0006725376136893,0.0002105968646478,0.0029631687489711,0.0003026908956471,-0.0012369066453868,0.1145621706001402,-0.0096736279458868,-0.0069702849872245,0.0265646109844111,-0.0050564252427106,0.0033401541400019
2023-10-02,-0.0004528218360366,0.0004073732675919,-0.0002023802824747,-0.0007340427445028,9.66053110375602e-05,0.0007376260431507,-0.1881222714878541,0.0057269165095208,0.0013227193353462,0.3833901546767161,0.0034396989681731,-0.0078207020812274
2023-10-03,0.0003297589696234,0.000799245326778,-0.000653005271248,-0.0027050168577135,-0.0008644253800487,-0.0005276918263131,0.1454628275885476,0.0096696455687034,0.0048278476493332,0.2744504936835484,0.0055707012534148,7.677544238020848e-05
2023-10-04,-8.795400012303355e-05,-0.0006855335849629,-0.0005060888292644,-0.0023201369216697,-0.0006445324332125,0.0022381493639615,-0.455055178925096,-0.0125411117519106,-0.0016155397745148,0.0285451941195852,0.0041595661750934,-0.001509935942893
2023-10-05,0.0007414760719055,-0.0012359967552154,0.0006233210644302,0.0032031483020869,0.0010141596057079,0.0011713383361365,-0.1161794918134622,-0.016855623118545,-0.0085996057383305,0.216210112831413,-0.0079368573847471,-0.003578344267193
2023-10-06,-0.0011803930815939,2.500510979336156e-05,-0.0001706582031851,-0.0005806959470765,-0.0004717363062729,-0.0015460051633224,0.0163111796921275,0.0172239224045286,0.0102366412056785,-0.0479600757448813,-0.0007661060164263,0.0016663193657096
2023-10-11,0.00088006326675,0.0002284609339682,-0.000646675274079,0.0013991138678082,0.0002233792103008,0.0007176396689794,0.0517606081098628,0.0059082961940416,0.0016770483473005,0.3998735364189382,0.0123167776241805,-0.0103198562377589
2023-10-12,0.0015046168254383,0.0010849763773202,0.0002230027701255,-0.0003237396298962,0.0010711015253606,0.0025250697369705,-0.1824316653185927,0.0028705773054988,0.0008241936604444,-0.053353993411242,0.0001925750777152,0.0033522427006587
2023-10-13,-0.0006177150030022,-0.0003002148644096,-0.0005187770245231,-0.0028543557721274,-0.000972876669897,0.0011829555723201,-0.202054940125921,0.0098613570788563,0.0075945476730557,0.4337202186246635,0.0028078771301721,-0.0176433747346266
2023-10-16,0.0003062096783377,-0.0005203598433372,0.0004598870117446,-0.0007089617909732,-4.169577844161846e-05,0.0032880370156403,-0.5242336268041934,0.0017852685055745,0.006035466544699,0.5021147086430969,0.0100041740411775,-0.0046822464903
2023-10-17,0.0005106657560477,-0.0001016445468972,6.65095059826838e-05,0.0011991368150851,0.0004591754603726,-0.0013537273999744,0.0161820804517993,0.0116688757815685,0.0083844747565846,-0.2456875757091755,-0.0012447587365701,-0.0017636881483704
2023-10-18,-0.0001579870118313,0.0009806855471509,-0.0004709262969301,-0.0001410407043091,-0.000863701305722,-0.0006746890296022,-0.0600230336868143,-0.0007635997224432,0.0001639800979463,-0.0091150460277114,0.0040574276937475,-0.0023894103260176
2023-10-19,-0.0005000074436823,-0.0011131617952379,-0.0005185182800907,-0.0025033059831059,-0.0004960015836649,0.000856778795741,-0.202402822263116,-0.0012277853864831,-7.053020085252262e-05,0.4817577685662454,0.0136104657733191,0.0072223241346632
2023-10-20,-0.0014078995016603,-0.0013251639822957,-6.410251298732645e-05,0.000724908255494,-0.000153915407548,-0.0008879762401568,0.0922591020196928,-0.0118814605711627,0.0009157821063845,-0.4331537333187212,0.0010920462338749,-0.0034507556023782
2023-10-23,-0.0012532519579431,-0.0015278153987677,0.0002081936033356,-0.0003645424653776,-0.0005676906014394,0.0021831805676149,-0.4140405061309221,0.0036910546271249,0.0017107479294756,-0.0859792578494586,0.0016412489335772,-0.0020773923253225
2023-10-24,-0.001418424141131,-3.435972952763695e-05,-0.00020203563266,0.0010427428935927,-0.0003298154662714,-0.0011178725453579,0.1373951280909163,0.007356804731821,-0.0004332899424084,-0.4428327357027797,-0.0109933088354395,-0.0017812114041356
2023-10-25,0.0013093962353403,0.0021590476173766,-0.0001887382977206,-0.0009915653006383,0.000610356060188,0.0025693220746425,-0.2373633043163422,0.014586371813906,0.0034626552145192,0.5416856780845644,0.0104656405807776,0.0191194119136063
2023-10-26,-0.0021267143510419,-0.0015574441994923,-0.0006798343921112,-0.0024259754457792,-0.0013287628707331,0.0008501098792453,-0.1264410498064849,0.0053177183899085,0.0057604107993505,0.2859399649065053,0.007380381262702,0.0023951899280828
2023-10-27,-0.0003621778716065,-0.0015535192282943,0.0002807001116234,-0.0009049855039879,-0.0004773451785829,0.003098902775747,-0.3397429412978054,-0.0033211333782484,0.0009554930023554,0.2046957081073185,-0.0014847132841617,-0.0072732481746441
2023-10-30,-0.0013602911289029,-7.940172116564927e-05,-0.0001227445522506,0.0007540161936547,-0.0001406811691908,-0.0009568647999787,-0.1430115456978448,0.0121676294573646,0.0062606981641614,-0.0732969279638585,0.004742400879961,-0.0094990011612329
2023-10-31,0.0007604355478339,-7.061348573275883e-05,-0.0002238840487607,0.0006223584040485,-0.0001531479138578,0.0013442503376471,-0.1902324051938087,0.0074125829098071,0.0049707552915994,0.1226582260409018,-0.0092144612091748,0.0056927780080086
2023-11-01,0.0018591056079052,0.0009548418651038,-0.0002458970910644,-0.0010660299761971,0.0004177826664741,-0.0001975697012045,0.0684178702442752,0.0014888720525812,0.0051938477304869,0.1021934700409079,0.0073566833494153,-0.0113146012369786
2023-11-02,0.0022865154056374,0.002204428786979,0.0009625708888097,0.0020248503917346,0.0017298566031336,0.0023563486404875,0.023941634148178,0.0056973437805878,0.0007463774037863,0.812724195792968,0.0053335520560666,0.0027006393988691
2023-11-03,0.000292305086244,0.0003642347586383,0.0003210029583637,0.0021524180492941,0.0008134847459418,-0.0001576796701215,0.1285551580332194,0.0187358353299836,0.0081685468474213,0.1415515252997479,0.0040538527261916,-0.0124407203783739
2023-11-06,-0.0009586108088135,0.0017371655232785,0.0005915886017245,0.0036858421431985,0.0006325214051176,0.0009084112502489,0.2558127236335692,0.020641695095851,0.0089407574494011,-0.0354638739828222,-0.0056487767235585,-0.0034441316845034
2023-11-07,-0.0009728107902483,0.0012278481521255,-0.0004618022115523,-0.0029158750218723,-0.0008307202355764,-0.0001241436293055,0.3064109266356387,0.011730613417148,0.0023813842987128,0.1180561699530236,0.0065731481710838,0.002840453802349
2023-11-08,0.0009133088012062,0.0006211859519677,0.0010499035222424,9.170948251443922e-05,7.387313939894069e-05,0.0032922724634163,0.097464252066184,0.0018393697805225,0.0004370653722713,0.4695506376839546,0.000874027324544,0.0036068525157044
2023-11-09,7.119972571256145e-05,0.0002282725127965,0.0005018849708271,0.0007528707639669,0.0005185866122517,0.0016517736408494,-0.0835685659410576,0.0072311827702954,-0.0059782396506453,-0.2309426901866573,-0.0020179039146217,-0.0007662645541048
2023-11-14,-0.0018534537668815,-0.0004693571657472,-0.0007846305877854,-0.0022855491000579,-0.001991948715977,0.0015540902923538,-0.3047989143295072,0.008007828596809,0.0101252112404581,0.4475200265959221,0.0075078253247214,0.0469524162731261
2023-11-15,0.0008963393275471,-0.0013717510427684,0.0012754823343081,0.0081432151588982,0.0020879491113711,0.0011966298038234,0.0137710094522506,-0.0215808380559819,-0.0064311760100144,-0.3110863828841614,0.0002567797540648,0.0065047230374651
2023-11-16,-0.0007247830782264,-0.0002884513209699,-0.0005269244572936,-0.0030441817488221,-0.0004789866623516,0.000352244845268,-0.0391394215698076,0.0251672512018935,0.0130013663516592,0.3083738890987669,0.0012766906429985,-0.0229302911452135
2023-11-17,0.0003624791858239,0.0007572088461044,-4.390517027679581e-05,0.0006488779202949,-0.0003165423567093,0.0031689875890285,-0.0087696180030172,-0.0034829554055713,2.8808567004798107e-05,-0.0742393514617753,0.0001598862660823,-0.0141864986434612
2023-11-20,5.259681571993463e-05,0.000749459544945,0.0003212255032219,-0.0004353849312472,0.0007556623632159,0.0019706101453285,-0.1170448612852369,0.0013968899198907,-0.007288125426647,0.0632107506081422,0.0089329235979401,-0.014110072977133
2023-11-21,-0.0003289312166877,-2.5285062213466745e-06,0.000274776773485,0.0018003624551796,-0.0004441227020039,0.0005374285021526,-0.0860872722071799,-0.0051807202965979,-0.0048697549985468,0.4021183395827388,0.0005325109283322,-0.0156914923220478
2023-11-22,-0.0008598824553802,0.0011796550610055,5.187640048255337e-05,-0.0006115437681614,-0.0001673168187928,0.0011772158455201,-0.161217500073675,-0.0066800198313827,-0.0013673795723477,-0.2504353746005023,0.0019654513822126,0.0070697389112311
2023-11-27,0.0008823773348021,0.0010827475426621,0.0001699418977745,-0.0005839965331749,0.000212809753951,0.0024619756734619,-0.0881304000501643,0.0082890729903758,0.0037330982929527,0.5850983822655994,0.006196065685097,0.0153437701565742
2023-11-28,6.317475198546113e-05,-5.436331888842769e-05,0.0005854682571872,0.0008659381638539,0.0005802873792231,0.002375324274009,-0.1726987421784317,0.0016281243492813,-0.0010984828044229,0.0491311716768868,0.0022599608631847,-0.0004881643618928
2023-11-29,-0.0011009916690497,-0.0001239378170746,0.0003742359966844,0.0021140860002583,0.0001778163464809,-0.0003134903206456,0.1382338376798556,0.0039914912689413,0.0041375221762834,-0.0682114674749056,0.0004415158666523,-0.0072875469557543
2023-11-30,-0.0005177323886438,0.0002437404604691,0.0001103223870003,-0.0005379224115376,-0.0004290415812137,0.001227291727247,-0.1485951901207756,0.018252084675893,0.0100329337742834,0.2529593414406202,0.0044911132431424,-0.005257989685914
2023-12-01,0.0002225749846147,0.0004490142472871,-0.0006003146829205,-0.0029393458147826,-0.0003537245596085,0.0008049389220018,-0.148272633399116,0.014143814487365,0.00226730862163,0.1056939876977854,-0.0003782134318662,-0.0020391552098228
2023-12-04,0.0014624394125001,0.0012230819955555,0.0011389052916823,0.0030227313168976,0.0015120332277104,0.0030547452607578,-0.1211678602599743,-0.0088819838066489,-0.0084540510443031,0.7989396126402651,0.0065314766329237,0.0053270807523553
2023-12-05,-0.0011675939853832,-0.0005813481168893,-0.0003352270590303,-0.0034280450656672,-0.001016626169953,-0.000672996070029,-0.0911136156599117,0.0186130832686085,0.0059630651533328,0.3204076483740771,0.0021996516379934,0.0002221030344929
2023-12-06,0.0009819849475838,0.000299765727965,0.0002510253410137,0.0005999995435157,0.000105578574304,0.0018262911004652,-0.2074642160999659,-0.0060376191738984,0.0057171310015567,0.2905479991619941,0.0041383439513582,0.0052059684683661
2023-12-07,-0.00062515009062,3.531512432976156e-05,-6.310063357496623e-06,-0.0006104813230675,0.0002987159639948,0.0001530280340211,-0.2278935805016431,0.0176559855261343,0.0100299758682157,-0.0521187635094523,-0.0011624707852565,0.005855127866401
2023-12-08,-0.000128814023449,-0.000742457991112,0.0002434791527286,0.0016335813931807,-0.0002560171422509,0.0013654822272547,-0.1690918234902494,0.0125903579807695,0.0079727096028965,0.5892628951134646,0.0051189905987789,-0.0038500827783067
2023-12-11,0.0013557763198351,0.0002466125392385,-0.0005137516172692,-0.003284150056167,-0.0006476147077145,0.0009995309359945,-0.2786309617177914,0.0094914968677892,0.009055864807302,0.2018224924927973,0.0070697607224215,-0.0056138267657909
2023-12-12,0.0008997455949339,0.0002346054650843,0.0002491667661321,0.0011719666009975,0.0007923925684084,-4.134277424484086e-05,0.0230367184663601,-0.0078842901496823,0.0061410486102299,0.1262540376278926,0.0024143917254332,0.0076245675878464
2023-12-13,0.0007113062637069,9.486831956903297e-05,0.0001987080692574,0.0010786986030341,0.0006049265145921,0.0007245655859653,-0.1354787559020811,0.0130743702244655,0.0050205547781438,-0.1419174759859663,-0.0026239125618732,-0.0005522009881784
2023-12-14,0.0014389040537165,0.0010583171802055,0.001407803276608,0.0049103192097074,0.0016920079021935,0.0013007120053065,0.1583814025113298,0.0035289090921404,0.0023825194150019,0.6776161430935718,0.0082207145200063,0.0086859733838536
2023-12-15,-0.0017878172485898,7.484367110828369e-05,0.0001812227687535,0.0041453484138062,0.0004599794336017,0.0003760626685711,-0.0029181849625663,0.0002155093985531,-0.003482666346855,-0.3302221711476775,-0.000698815438432,-0.0095970917892759
2023-12-18,-0.0020521114138273,0.0005354311452326,-0.0003911799927545,-0.0030551751272615,-0.0013535771027262,0.0017556226922031,0.1071746726983965,0.024550093289677,0.0118699010259667,0.1175309943431384,0.000549549102803,0.0063120894310126
2023-12-19,0.0008363902006025,0.0008760186709184,-7.472417155658771e-05,0.0010066824546408,0.0003595663909808,0.0028179829241989,-0.281388005321723,0.0093708478411815,-0.0056913609190078,0.0547515038433079,0.0042779510000601,-0.0031037031128241
2023-12-20,0.0011039236962514,0.000632984033808,0.0009285522406548,0.0025142472058611,0.0009607929872292,0.0034826303604476,-0.2355993178763953,-0.0180801915561009,-0.0100679163241453,0.637563159442792,0.0044284973973223,-0.0021141706135482
2023-12-21,-0.0024575547571888,-0.0010583011196254,-0.0001125141167846,-0.0015388906781801,-0.0009600326975746,-0.0010966333491095,-0.0230361565653093,0.0233940282423963,0.0108933108225323,0.0664564097923775,-0.0013229017268216,-0.0113653159816523
2023-12-22,0.0002106168539735,0.0009425801737435,-2.825243223044454e-05,0.0015756442997973,0.0001848595189066,0.0004296047935604,0.0781017043785649,0.0036440024207533,0.0027299292485726,0.0676314091313406,0.0035812205830413,0.0007231665471691
2023-12-28,0.0008269679286306,0.0006698735249989,-9.30692882331208e-05,0.0001874437632031,0.000372977930545,0.002338549974847,-0.291425061452103,0.0087372808754048,0.0026085715207859,0.1667036409090783,0.0023346628181404,-0.0010843547053472
2023-12-29,-0.0005629670694785,0.0001598120127303,-0.0002824833272654,-0.0019124392184582,-0.0005198571842907,-0.0005337468469036,0.1047334929656821,-0.0120630461327232,-0.0082398498018169,0.158172016443063,-0.0016830143312581,0.0042678210984418
2024-01-03,5.381085042332699e-05,0.0004635021547903,-1.411085108848591e-05,-0.0001616330397769,4.9623533305509646e-05,0.0011898277441485,-0.06107688005919,-0.0017947373980442,0.0012631991853892,0.2192224707103171,0.0076402052012514,-0.0069788099447981
2024-01-04,-0.0001454735015524,-0.0005998136999854,0.0001717127831567,-0.0016562075195822,-0.0001572046150382,0.0016055644393369,-0.2338493287111344,-0.0009279961098733,0.0007529750520818,0.1408220235790639,0.0102546985815471,0.0035184745554822
2024-01-05,-0.000512953634449,-0.0011286634516542,-0.0004183026414805,-8.129571471260929e-05,-0.0004384786675438,-0.0001844030722862,-0.1807365767334929,0.0060893857369139,0.0047701196638924,-0.337220629849733,0.0017203964641959,-0.0020705727695654
2024-01-08,0.0007841991636359,0.00066101148091,-9.718822864925709e-05,0.0002657573158319,-0.0001621758327575,0.0015699358186834,-0.2340684675823306,-0.0038032437642571,0.0024635475147931,0.1630415005006161,0.0039207047005959,0.003616599791773
2024-01-09,0.0014982884713878,-0.0001661767081334,0.0003470404742246,0.0023365804202699,0.0011616238405751,0.0001258663820239,-0.0980220223986617,0.0064881467263519,0.0032304961008781,0.1380707874049233,-0.0045434284422501,-0.0154267185842536
2024-01-10,0.0006930935470464,0.0012292219488896,-0.0003009758626855,-0.0012948945900316,0.0001988951809384,0.0005982528311847,-0.0201382517951443,0.0090892885240548,0.0090320575689616,0.1867155520120687,0.0029286717007296,-0.000853933955502
2024-01-11,0.0010011695127319,0.0001701361442706,3.473415249718827e-06,0.0007352624630204,0.0002546786201015,0.0011159860813927,-0.1136300989625311,0.0066706763103969,0.0026508829810348,0.1333706062264378,-0.0014322938691689,0.0049505854618033
2024-01-12,0.0008796964858728,-1.951597145099113e-05,0.0005154159519126,0.000455367700631,0.0005468488136219,0.0014429659305305,-0.1573347987254912,0.0011843798361452,0.0050730489897062,-0.1293600379090189,-0.0019184445914252,-0.0188831138358003
2024-01-17,-0.0002888738134021,0.0024164448543983,-0.001805448248654,0.0001157915293075,0.0001900506190832,0.0005397650093338,0.0915732666662926,0.0135309932976795,0.0020935799904827,0.6963820806418979,0.0068922971812798,-0.0124150704174612
2024-01-18,-0.0010310530848823,-1.078934541235495e-05,-0.0005137041543663,-0.0026850431470727,-0.0014114203433735,0.0011094412164244,-0.6093704088093215,0.0137792159508345,0.0071765302132884,-0.053028046971326,0.0068817582875101,0.0432993280242825
2024-01-19,0.0017647757527117,-0.0048662432130538,4.396399164907966e-05,0.000892032268115,0.000738371126082,0.0009168476126471,-0.0478337175909204,0.0011142384272962,-0.0040653805691855,0.2797241168217826,0.0064611629956797,-0.1765683582328533
2024-01-22,0.0028801684254212,0.0048651867874787,0.0003190791218857,0.0013418269645091,0.0008209751058741,-2.815135064173507e-05,0.0490563355466438,0.0118011226036577,-0.0021931320892709,0.2110915426608304,-0.0086180235602768,-0.0570331931676517
2024-01-23,0.0002150225758814,-0.0002134333399077,-0.0002978616183869,-0.0017627899939245,0.0001317097840294,5.499159536272386e-05,-0.7237943654183581,0.0124887326532495,0.0112735730324629,0.1358008672866027,0.0050197284767744,-0.0428759422975698
2024-01-24,0.0011889786809338,0.0018336728893256,0.0005178726116182,-0.0008487613661862,0.0007107166053773,0.0009289360433977,0.1493965353832914,-0.0053035560222015,-0.0046341318364864,0.2971700112056162,0.0029172462415056,0.0103433984133266
2024-01-25,-0.0008533329488371,0.0009927733091192,-0.0003286871957027,0.0009721067482935,-0.0003528989045121,-1.867848491982451e-05,0.0646228699234981,6.541751111224965e-06,0.0012754731373707,-0.1170936228742284,0.00300796509736,0.0104059537547117
2024-01-26,0.0006193497166084,0.0002801595592869,0.0003032431573511,-8.422876364176696e-05,0.0007695569362928,0.0018183266865345,-0.1250889427359853,0.0093760276043043,0.0036037756263266,0.3573850988717619,0.012228408700486,0.0261230049337063
2024-01-29,-0.0005453915844278,-0.0005168545466466,0.0001267964883765,8.714818583575075e-05,-0.0002355147506472,-0.0018414832508111,0.2444765253403773,0.0021799039776338,-5.053121895427261e-05,-0.0184584635883039,0.0031111835084802,-0.0077474933714315
2024-01-30,0.0014975460766283,0.0006999679672177,0.0003937118881039,0.0003578686823771,0.0009452403260327,0.0025858599654794,-0.1705080436976951,0.0121717378866123,0.0065371061122953,0.4308304069645394,-0.0035943439955062,-0.0092588954226583
2024-01-31,-0.0003595476060352,0.0003796770203878,-5.489021317325014e-05,-0.0007960963698082,-0.0004561683397296,-0.0012579890483545,-0.0253604776931594,0.003914143157417,0.001193202805389,-0.1463223238140697,0.0030021336771449,0.0032057373282357
2024-02-01,-0.0019187465588966,-0.0006355399375285,0.0001974714310655,0.0002191578153338,-0.0006827314110168,0.0012406974829832,-0.0932683641195618,0.0023162603836221,0.0021773964970561,0.067770986220149,-0.0019351188944525,-0.0056116400436822
2024-02-02,0.0010174998136741,0.0004420504211911,0.0005750820882218,0.0021061200204594,0.0008952994884415,0.0010893126734364,-0.0480950467963164,0.012492252713902,0.0032116151165025,-0.0688503314832835,-0.0019820160394024,0.0095783306660477
2024-02-05,0.0011440211055901,0.0005251772374533,-0.0004900075203659,-0.0037272265082775,-0.0005054951730843,0.0019519153596218,-0.3031818112669247,0.0121450051264673,0.0076538955766315,0.4699885575646504,0.0045359780932026,0.0068445895766504
2024-02-06,0.000842055031853,-5.8342862776855e-05,-0.0006975416151948,-0.0023309445307076,-0.0007518603409,0.0008951173955523,-0.0660328543690041,-0.0082586481999112,0.0019854685120773,0.1171283604795421,0.0080370575714592,0.0050323758192921
2024-02-07,0.00120223200525,0.0004718025097064,0.0007115880299541,0.0016996656864549,0.001159778626878,0.0001107826444281,0.0268100065783719,-0.0115300724283058,-0.0041317051567981,0.4798053420816767,0.004920938831183,0.0100929036449858
2024-02-08,-0.0001843766292252,0.0001434421306942,0.0003754082350602,0.0010741341045721,0.0005150200802873,-0.0016659846820322,0.1168864358797227,0.0113088550271983,0.0108120436867759,0.1100383695216032,-0.0005088020244234,0.0030072183189524
2024-02-09,0.000624497459731,0.0005919061881049,-0.0002233745220431,-0.0004642576656048,-0.0003138812231811,0.0013197377525406,-0.1523195783060556,0.0135605506350136,0.009598494107594,-0.1126695392187741,0.0070958748635027,-0.0018672933498301
2024-02-12,0.0010332575871328,0.0009414802380681,0.0001732873155461,0.0006335318980237,0.0008497029850874,0.0001816672550304,0.0382613197512726,-0.0057055524714188,-0.0040657603784577,0.0598715743440269,0.0039085892955601,0.0007073797695637
2024-02-13,-0.000536912685291,1.2628985900397822e-05,9.096314056009989e-05,-0.0001462065326675,8.187011937976101e-05,0.0003118300824228,-0.0580432483090269,0.003580428253018,0.0029158676734207,0.249227337777723,0.0014932024538418,0.0118095146996175
2024-02-14,-0.0018077655123912,-0.0008092574038641,-0.0008998098559911,-0.0051008989317312,-0.0019358840380588,0.0001258158907348,-0.1492999416048304,-0.0020802986427245,0.0041598171685138,0.0318785759071107,0.0050077218695896,0.0100891716422615
2024-02-15,0.0017334683627256,0.0008744310146634,0.0005605800297262,0.0033476101802861,0.0015757057139976,0.0001183814152392,0.1991899967237056,0.0006015659381197,0.0005443692259368,-0.0282210651904086,-0.0023153077433524,0.0055890122763499
2024-02-16,0.0006481435139856,0.0005109847237786,0.0003572350900773,0.0007067964806346,0.0007452227675668,-0.0004371328387895,-0.0617650807194982,0.0002521989072753,0.0010990743510081,0.1581232075237532,0.0074821147137851,0.0052791593969344
2024-02-21,-0.001112567558931,-0.0002808565164791,-0.0005228662546979,-0.0013436647507845,-0.0012185947629644,-0.0002999814928145,-0.0496466433021923,0.0103772053090963,0.0075958257501563,0.1200810247346138,0.0062278526834646,0.0070028142137708
2024-02-22,0.0003929600732444,0.000462328274613,-0.000329289103081,-0.0006305113138128,0.0002668788847479,0.0007793622817144,0.0151313381785686,-0.0017087120196094,0.0011019788631158,-0.343578232723881,0.0026093689289714,0.0064168934388117
2024-02-23,0.0024387385386229,0.001139832122291,0.0002777254893459,0.0012707425756689,0.0013716904590259,0.0004902163027141,0.0495860904092918,-0.0015843757791922,0.0023799847398024,0.3517366674122293,0.0031973912153828,0.0035761565631561
2024-02-26,0.0002245359568515,0.0004436508595887,0.0004253423044794,0.0010076677263081,0.0005767824850186,-0.0002643207312193,0.1115231886624491,0.0049774042592171,0.0029886864529309,0.1355576286069104,-0.0026353441694289,-0.0023141025690157
2024-02-27,-0.0002388499306419,0.0005449783912435,-0.0001828640992669,-0.0005410308585266,-0.0004541865811987,0.0003440191330572,0.0737473038919713,0.0047919361001582,0.0039069769881352,-0.1996683959193852,0.0069677935476646,-0.0059342525452031
2024-02-28,0.0004036678401176,0.001013093450103,0.0002073829377219,0.0001126726835474,-6.366858952779288e-06,0.001260220697383,-0.1127940418354029,0.0042348038539666,0.0019354390172439,0.1404376368120854,0.0083536707874638,0.0025257704709868
2024-02-29,5.373251484311106e-05,-0.0002967345799688,0.0001310401500613,0.0003091518485583,0.0004010198575026,0.0013593738235503,-0.1770096004539827,0.0004297335582068,0.0041441830892076,-0.1191097154911164,-0.0013476924298349,-0.0019922078665035
2024-03-01,0.0007991027996245,0.0005788561264506,3.0276034763479397e-05,-0.0004868680686476,0.0001690968375283,0.0015691184788449,-0.1490511236811486,0.007727298900041,0.0045815591331993,0.4071937196758244,0.002412536352883,0.0040682434677571
2024-03-04,0.001304725505239,0.0006016344582914,0.0007065438382504,0.0027223460291206,0.0010069942592454,0.0010553247491169,-0.0928836996091505,0.0042791574999416,0.002985875092404,0.2363232336125322,0.0073747051918428,0.0007010037522376
2024-03-05,-0.0009594018886148,-0.0003543959117963,-0.0003551781060679,-0.0009193201024746,-0.0009945672088134,0.0002479682926588,-0.0236912287193468,0.0087812004407126,0.0039006471457227,-0.2117968051205777,-0.0075818360570703,-0.0034895593082734
2024-03-06,-0.0010489482994185,-9.587974757064513e-05,0.0001342887357244,0.0003516304376982,-0.0001912066849561,0.0012847120063594,-0.1066878073338513,0.007434069592498,0.00150397218209,0.1789899961397337,0.0021955700263881,0.0027391059449684
2024-03-07,-0.0004474993402598,0.000250896171543,1.0704028840123828e-05,0.000931732206091,0.0001505240077987,0.000203395994932,-0.0007237984516338,0.006528110176462,0.0009398621924418,0.1319461064965076,0.0044583530954601,0.0002178728927823
2024-03-08,0.0003058036750935,-0.000191601164557,0.0003755420407165,0.0019494663756811,0.0002588054918905,0.0015342341846661,-0.0881019450641895,0.0077439450005201,0.0022459074937697,0.3450069111268101,0.0052033304110595,0.0054601581022496
2024-03-11,-0.0013886407208092,-0.0004058089666235,-0.0001573361988862,-0.0010842166037157,-0.0006091577664382,0.0010026941626919,-0.0308627045247728,0.0035965580520872,0.0013526638077577,-0.0805200420808767,0.0013032809928716,-0.0075107173004627
2024-03-12,3.4606170773146865e-05,0.0001306480066293,-0.0001378087618991,-0.0014519032244615,-0.0001890651185093,0.0017672416791212,-0.1414935783714694,0.0005281261183781,-0.0008369027657331,0.2691764198595242,0.0067660263948009,-0.0028418869612981
2024-03-13,0.0011014966101153,0.0007969535422316,-1.9043267149753803e-06,-0.000295957193152,0.0004668973034759,0.0002190228045431,-0.0142070551276118,-0.0004529953787617,-0.0002618951371476,-0.0488261649621414,-0.0009080478932284,0.0029678216534891
2024-03-14,-0.0001582742009465,-0.0001193352194147,0.0002870176313692,0.0008166378884718,-0.0001183618709155,0.0003033995745119,-0.0717169561733415,0.0002984403930469,0.0009642260428713,0.2174364228678364,0.0096079327339095,0.0040266221564545
2024-03-15,0.0001329843827102,0.0002068373258796,-0.0002380049670696,-0.0025517137062931,-0.0003084077189004,0.0003843424912511,-0.114973606755389,0.0016842023900629,0.0053414186379475,0.2396244006594055,0.0050364254554995,-0.0038498537323063
2024-03-18,-7.37722947052824e-05,0.0002737681276531,-0.0002080832167974,-0.0006053527333301,-0.0002616713842395,4.595489749607026e-05,-0.0729151078716417,-0.0022781045486182,0.0023207259441873,-0.1000282640415325,0.0023938281644374,0.009817363207894
2024-03-19,0.0012972509124018,0.0004511533998438,-0.0001270305893323,0.0003792611527426,0.0008206444805126,0.0008061554181926,-0.1441658221801549,-0.0020350118930819,0.0045828809679003,0.0889470232479552,0.006944412188555,0.011275437348267
2024-03-20,0.0014812968035016,0.0002195976276467,0.0002921144485661,0.0010390245520693,0.0005701074871622,0.0002266892561014,-0.007268115796446,0.0010571758324544,0.0041237497797059,0.2249720213295185,0.0040327500952727,0.0093389232886938
2024-03-21,0.0012091704536207,0.0007185853772162,0.0001877742700239,0.0014946683853566,0.000915741136443,0.0008418830957785,0.0241742287730308,0.0113241887991926,0.0078979322734231,0.0073499626052074,-0.0017768350256727,-0.0083241814934994
2024-03-22,-0.0003635882991501,0.0010312990332284,-0.0001415000361426,-0.0011858287985874,-0.0002993350389632,0.0006825426013566,-0.0221228421665563,0.012131617665938,0.0042912598989036,0.2998401440319048,0.0027934070152562,-0.0099159499764287
2024-03-25,-0.0003267072880933,0.0001970193873876,0.0002019647339293,0.0002908947644187,-5.306915052308064e-05,0.0002793121195613,0.1108609957000293,0.0179908757088258,0.0084606113741539,0.1942459270580508,0.0001103884069098,-0.0025035338397254
2024-03-26,0.0002719024369471,0.0001153160368181,0.0001719373332774,0.0004579181436327,-1.8105551669126115e-05,0.0013531469083743,-0.1998821779835732,0.0053310902627144,-0.0006036343479422,0.1184353422084992,0.0035936819337758,0.0001346888040023
2024-03-27,-0.000282469926187,-3.3256665083238924e-05,7.320712253274913e-05,-0.0008483297173987,-0.0004759000661491,0.0012601458577713,-0.2560454652306605,-0.0019688797276842,0.0038237888651303,0.2165521228572192,0.0027998557714803,0.0025625855610796
2024-03-28,0.0010119512006725,0.0002751036849924,2.217484478965006e-05,0.0014270579243783,0.0003489536530128,0.0007782569286644,-0.0480499070999794,0.0107522817943769,0.0064032363008405,0.1049193111182803,0.0041758978142496,0.0057652094217568
2024-04-03,0.0003741344903243,0.0001076131405763,-0.0001908853035633,-0.001258557397602,-9.01475533051264e-06,0.001408988371679,-0.1820646351374964,0.0050269859976528,0.0037203743196303,0.3697001343656635,0.0088729318449475,0.0025890946212351
2024-04-04,-0.0003129080878296,-7.457882454092233e-05,-0.0001286149852315,0.0013169270404731,-2.0812597798482194e-06,0.0001317950512896,0.0647837495113888,0.0040160689819712,0.0031507553851873,0.0424655529279952,-0.0037578513871495,-0.000120015617238
2024-04-05,-0.0024174387504439,-0.0009823347019655,2.8797940285655204e-05,-2.700030557323542e-06,-0.0008053459689293,0.0001974817081366,-0.1064155722163421,0.0068036020980445,0.0033499111858321,0.03555202140014,0.0047484349571477,-0.0064731743669858
2024-04-08,0.0005147111834607,0.0001594553213392,-0.0001268955285805,-0.0002597584986064,4.68389358015222e-05,0.0001919499636484,0.0158531227271938,0.0139108173360909,0.0067538992604294,0.0224622280236962,-0.0016797404597745,-0.0053932893936985
2024-04-09,0.0008509659295014,0.0008069161176857,-0.0001979192398671,-0.0005800149748399,6.428056139642013e-05,0.0012895300436716,-0.162712105444469,-0.0077742722929166,-0.0064539254734318,0.165010833970029,0.0041798967116449,-0.0101648265774063
2024-04-10,5.624233911624298e-05,0.0009095795428464,0.0002028449828708,0.0009700895477854,0.0007663767150238,0.0006094362652263,-0.0432227616589103,-0.0015337988811622,0.0010576033537899,0.164918450909395,-0.0029581628980472,0.0037338636710541
2024-04-11,-0.0010941032037495,-0.0002661532457047,-0.001155698244267,-0.0074710059814053,-0.002138035415484,2.124497666874492e-05,-0.2094642632978268,0.0070740351186588,0.0099059697356102,0.1997154496249393,0.0097146459551183,0.0085488336885236
2024-04-12,0.0023133964694212,0.0008869989614522,0.0005464515438853,0.0026687993367605,0.0013996468538616,0.0006987799033188,0.1160824175338686,-0.0077274825095881,-0.0012547645030391,0.0676324149308601,-0.0003485513320827,0.0003307674179933
2024-04-15,-0.0009322203372217,-0.0015673701312382,0.0004907781702008,-0.0019553964331881,4.453457311419796e-05,0.0009402282799279,-0.4237451256095757,0.0003224039041116,0.0028137771100316,0.2935148735357245,0.0039872725812289,-0.0041063074165862
2024-04-16,-0.0020532419100705,-0.0020212822654978,-0.0007398216012415,-0.0023931874460224,-0.0018810069697943,-0.0006700841629188,-0.2172305205101037,0.00919691127558,0.011873581796041,-0.0265933584494905,0.0054284178581544,0.0018358450587066
2024-04-17,0.001257708162276,0.0009041813016149,-0.0003537632843515,-0.0006541149384782,-9.433888423555856e-05,0.0018560247178541,-0.2820501715222388,-0.0129664250464146,-0.0003781136685065,-0.3000853665764096,0.0049709935369818,0.0173019407365857
2024-04-18,-0.0002447292051112,-0.0007754324253979,-0.0001831051888889,4.357274315216011e-05,8.323640319134786e-05,0.0001313240837819,-0.1739720306762878,-0.00798609065372,-0.002700910961703,0.2704278840714925,-0.0008028102030383,0.0151787619622774
2024-04-19,-0.0012142438835012,-2.43282055127108e-05,-0.0006638634867029,-0.0013638996868621,-0.0005928141963683,-0.0001977967616286,0.015681530472562,0.0089353783683107,0.0101853319985167,0.1613522690462387,0.0050282205941124,0.0045068858510488
2024-04-22,-0.0013473866962518,-0.0003619090722999,-6.69009141742443e-05,-0.0004558021068372,-0.0008789481741389,0.0011232663790736,-0.1365335979691498,0.0074939744243019,0.0043366557812608,0.1395931852746665,0.0070995139850141,-0.0037537050271562
2024-04-23,0.0011839406715268,0.0007728141783838,3.552855255488033e-05,0.0006635051471123,0.0009360623772212,0.0006150344371946,0.0365336993203818,0.0106527726603576,0.0032819717118352,0.1299017287467624,0.0046000885858062,-0.0084873265054831
2024-04-24,0.0015035326684451,0.0007821517096991,0.0006918748668083,0.0031344780960191,0.0011408473670901,0.0020620786021096,-0.197866976833259,0.0062091801919064,0.0037299787809827,0.2794754908818224,0.0019300992932694,0.001709626935273
2024-04-25,-0.0004349682075204,0.000121429730965,-0.0002231445211169,-0.0016962117605247,-0.0005699124863445,0.0006274058600671,-0.0956727140245155,0.003613424974259,0.004436619811585,0.1435774635407071,-0.0002019787353154,-0.006756333786591
2024-04-26,-0.0008591980195995,0.0005154173943342,-0.0003156171038216,-0.0003956981347009,-0.0006263409163413,-0.0005252252219517,0.2821226462268879,0.0099897949303059,0.0039402960305131,-0.1504053202521875,0.0048735220298519,0.0005759588011412
2024-04-29,0.0012210933356222,0.0012005069322043,0.0004442561831308,0.0007305704290884,0.0011380987188839,0.0006532117046366,0.0338427646647599,0.0004874371389433,-0.0033207710231564,0.3672895509934492,0.0023707443109834,-0.0023688295193955
2024-04-30,-0.0001720332543491,0.0001785381947459,0.0001825833058227,0.000930819199257,0.0002995777950841,-0.0001858820808019,-0.006314438458451,0.0045316438877554,0.0002672242283316,0.2511987844003972,-0.0007880289184579,0.0037306636607487
2024-05-01,-0.0014032648884533,-0.0002138537731872,-0.0005841434494951,-0.0033647345633401,-0.0013865294700763,0.0019508707839806,-0.2689191411011248,0.0016357577690002,0.0083862862556701,-0.2449416202307987,-0.0001160611241993,0.008109067413745
2024-05-02,0.0004303354014426,0.0001575004479831,0.000378463675719,0.0011110814605875,0.0002088663131466,0.0012291729440515,-0.0342432550103088,-0.0013304153272867,-0.0027453506272987,0.0356352670760111,0.0042914149597691,0.003316214934986
2024-05-03,0.0004849524331213,-0.0001603143076979,0.0003621705283374,0.0018455741457674,0.0008636537989867,0.0007341323684032,-0.0003322492751159,0.0085751946659831,0.0055615001760076,0.2066160678468201,3.068711350300273e-05,-0.0054290889768844
2024-05-08,-0.0004531072038009,-0.0003318367056773,0.0001879448855602,0.0026913451785148,0.0001344561127651,0.0008973525959498,-0.0200529630285724,0.0215495401706384,0.0091152781922894,0.2772686759553317,-0.0006933673011948,-0.0065400035371327
2024-05-09,-0.0002826992415462,0.0010010878524832,-0.0001678268084487,-0.0010416235378413,-0.0001350506544032,0.0011467840344102,-0.0640203474008739,0.0148624051699664,0.0097277031986371,-0.1268153552281242,0.0040899554123701,-0.0026394011591305
2024-05-10,0.0009994077781004,0.0008502763451298,0.0005211771387264,0.0017256326775683,0.0005626380507905,0.0023215744642882,-0.110017225325225,0.0056629465740738,-0.0028034731013163,0.3489468352715017,0.0050780979375272,0.0003151526957825
2024-05-13,0.0006119993332245,-2.9734839799452676e-05,-0.0001007554729609,-0.0012455585094401,-0.0002184887748024,0.0014878135202053,-0.1897729198376359,-0.0072377707546912,-0.0015831906567159,0.0724128276405475,-0.00262383694604,-0.002970545286349
2024-05-14,-0.0002552344916262,-0.0007421573049491,5.773760248986767e-05,0.0010388782903508,-0.0003046496044648,0.0009867240462896,-0.1265505840694885,0.001730519983608,0.0037329263499254,0.1121819525786115,0.0052283272540053,-0.0035711551207479
2024-05-15,8.221579055241854e-05,-7.724036467985067e-07,0.0001282786064415,0.0012842613754837,0.0004094425541945,0.0006713206982854,0.0151940418677394,0.005640818616335,0.0017694259866294,0.0780835564560181,0.0034802240751393,-0.0041189787036032
2024-05-16,0.0007323658234331,0.0012172733271579,0.0004699952081114,0.0027583386101324,0.0008313453075165,0.0008405382707977,0.0817002586112512,0.0094866074681724,0.0038554528354445,0.432135930279449,0.0095098982724262,-0.0033185717744003
2024-05-17,-0.0009316744431603,0.0001442954386176,-0.0003837964347112,-0.0017604739336816,-0.0005600958289728,0.0013090738624258,-0.1328938265880263,0.0079693468905131,0.0050939273215943,0.0292858676472276,0.0007368265866798,-0.004818702312947
2024-05-20,2.7082322807989706e-05,0.0005538768378881,-0.0001972431323515,-0.0002997903527768,-0.0003295721223271,0.0009352892193567,0.0116377731803803,0.0061274228107774,0.0035701583902453,-0.0147813533402285,0.0017374024406734,-0.0003922380690584
2024-05-21,0.0006289435918875,0.0003219265012001,0.0002422742252282,-0.0001658026685507,0.0003746338439274,0.0016339810219119,-0.2516818541682204,0.0050403818654837,0.0010653937184776,0.0601876289645641,0.0007981526542745,-0.003538240953198
2024-05-22,0.0003418521139787,9.779923102025764e-05,0.0002891024537409,0.0005575933132053,0.0001717037290733,0.0001761522719502,-0.0027650094288126,0.0001952150711239,0.0019239733157467,0.2788420010983516,0.0022766980477036,-0.0066256000674607
2024-05-23,-1.9661181222623727e-05,-0.0001055269366777,-0.0002646634086732,-0.0014761264699806,-0.0004368727047691,0.0008722467499096,-0.1754350645953719,0.0073419696014707,0.0063999883982315,0.0088165565682311,0.0005204046984949,-0.0088115742805371
2024-05-24,-0.0006731425601951,-0.0004174994418433,-0.0003844777025342,-0.0017106224066112,-0.0006940605876697,0.0005395351903482,-0.1356651583044799,-0.0023542850134854,0.0014275380982804,-0.0382470410964997,-0.0015794571752049,-0.00310813268313
2024-05-29,0.0009660611280275,5.612801934983822e-05,0.0002515093460403,0.0017293903567908,0.0003248564206686,0.0007245196736342,-0.0628491380423971,0.0016303610656444,0.0032460456599033,0.0928515602156684,0.0068424246258116,0.0022114765025985
2024-05-30,-0.0004938166994285,-0.0008928176418035,-0.0001291411015502,-0.0026117261957438,-0.0004517199296573,0.0011058233072716,-0.3641408066343528,0.0063844394799554,0.0080339045473406,0.1568209264440034,0.0009055470579832,-0.0001548241727936
2024-05-31,-0.0002874369352861,-0.0005092501932377,0.0002517357405799,0.0008756387167422,-6.807658949593311e-05,0.0012287481510131,-0.1895583205882006,-0.0033477319183463,0.000478752330734,0.0525068260468513,-0.0002305794964294,0.0080360966123975
2024-06-03,0.0009681052786551,0.0010858807556623,0.0003546826222257,0.0021566320886094,0.0005759192153296,0.0012394917972095,0.0013169883711764,0.0021480547590587,0.0042394077861952,0.0951233684834461,0.0033182632057753,0.0132277267052812
2024-06-04,-0.0002787227315884,0.0001068783239571,-0.0002449862296749,0.0011322381843829,-6.882917730907954e-05,0.0012459234320733,-0.2268975508533645,0.0118531178802856,0.0036112978132112,0.0328722480656961,0.0003090054782737,0.0136754787422632
2024-06-05,0.0001041365540921,0.0001266227495678,0.0001807942977476,0.0008943912991052,0.00028033138109,0.0023558337485998,-0.1334527297132054,-0.0013152283587543,0.0037032107237969,0.1994305720887738,0.0049475759109758,0.0151977307666042
2024-06-06,0.0014701674833141,5.018857460654224e-05,0.000340986320238,0.0014093475820886,0.0002964153664021,0.0029924720281455,-0.1274202667386096,0.012652696773461,0.0065031226863193,0.2745320905867022,0.0063513823477776,-0.0094557808519948
2024-06-07,6.120342014655084e-06,8.822917265629878e-05,3.092013774193591e-05,-0.000276557278023,1.566691956122896e-05,0.0020533673654563,-0.235377449218084,0.0060216433918196,0.0028970084650344,0.201159529667807,0.0016888266625815,-0.0196968739738231
2024-06-10,-6.071258500064214e-05,0.0005579365558656,-0.000780578503067,-0.0046354803430179,-0.0013263198135624,0.0012230788882763,-0.3176607994829103,0.004445168157086,0.0058107061359764,0.1844478742237345,0.0010064738700907,-0.0033641659185996
2024-06-11,0.0009855126036779,0.000880678920425,9.15490081267064e-05,-0.000546477937768,0.0006338956376438,0.0002490231433453,-0.0605829914891832,-0.0021117510542695,-0.0011744913193195,0.4711284286185911,0.0096841009639552,0.0044889294242355
2024-06-12,0.0013017725362885,-0.0002146150964035,0.0004959220068437,0.0007683259514702,0.0010338170993328,-0.000175264468044,0.0255260756849643,-0.0070469816049493,-0.002575561844059,0.3633528754859129,0.003061815504818,0.0017849306783971
2024-06-13,-0.0005141322131484,5.536826149642342e-05,0.0002264064935432,0.0041718414681693,0.0003894047227407,-0.0020234341005974,0.3826962304476343,0.0190046757432429,0.0090024733362101,-0.0914674843733733,0.0014301781479406,-0.0097208675263635
2024-06-14,0.0008725019951204,0.0013567331139111,0.0001628793913832,-0.0010952154862734,0.0004298306681012,0.0021976006546584,-0.2004291475682683,0.010134812739375,0.005114292803517,0.2210473955748945,0.0018634510742206,-0.00137564665458
2024-06-17,-0.0001967031052648,0.0006452126057417,-3.018526019434832e-05,-0.0012237825274753,-0.0002601470512448,0.0005814964493545,-0.0913131868769307,0.0102210561440693,0.0045686768882318,0.2616665230621021,0.0023655937329327,-0.0060674832249725
2024-06-18,0.0008993835603248,0.0003416447836117,-0.0001675791473814,5.821480022574623e-05,7.955809191641717e-05,0.0026190583414888,-0.2459377988754426,-1.736042392473441e-05,0.0006355394840185,0.0916525399865477,0.0068217199946846,-0.0031728972473173
2024-06-21,0.0002393597242417,0.0004978988060647,0.0004579747868291,0.0016278658869229,9.115177560305324e-05,-0.0004965517943831,0.1166849832501369,-0.0010517213595762,-0.0028081652764104,0.4224532131651389,0.0039807605449682,0.0005449655596213
2024-06-24,-0.0002910034683131,0.000198087349731,-8.702667679403023e-05,-0.0006666166867297,-3.9045805892710776e-05,-0.0005389450639394,0.0576201670110517,0.0087988854370402,0.0050259746739731,0.1242523452563685,-0.0060822418706218,0.0083385641745575
2024-06-25,-0.0004734365596584,0.0005483344308004,-0.000212302584444,0.0001693855386536,-0.0004825676608543,0.0014693432143042,-0.1338082440255544,0.003719570499576,0.0029724903434499,0.0352735927784526,0.0044155435993269,0.0062852160046204
2024-06-26,0.0005740703620378,0.0010458986195522,0.0002459962803716,0.0005563702146066,0.0007672838958497,0.0010612185554151,0.0455026903296345,0.0056347748228593,0.0009712192698622,0.1308533007571621,0.0002151722734378,0.0053686407142986
2024-06-27,-0.0001108614994835,0.0001067198375,-0.0002623647727683,-0.0015325470844224,-0.000655838993854,-0.0002355400642379,0.0463484621474313,0.0047036755079076,0.0030900600610179,0.201609657448202,0.0065755567313112,-0.0025217149573087
2024-06-28,0.0011114202547301,0.0002740702558419,1.833817851872457e-05,0.0006620069069237,0.000281985376268,0.0018844694552429,-0.1365597063363422,-0.0058732796584275,-0.0023280978070959,0.1217714351322311,0.0051979262719247,-0.0040856428439867
2024-07-01,-0.0009837541502116,-0.0004555477936172,-0.0001779405238945,-0.0013697530803604,-0.0002458162592433,-0.0009724668480013,0.0954986628210773,0.003121370469576,0.0007672570727156,0.0013457638843388,-0.0001122949237471,0.0025635158309792
2024-07-02,0.0001847766088481,0.0003745145992987,-0.0003094325261956,-0.000335567184057,-0.0005178644703311,0.0002723298385467,-0.0043351987303572,-0.0010603013919505,0.0039771589959068,0.0787224520656838,0.0106461538670458,0.0002213133288925
2024-07-03,0.0012049353236889,0.0005161375966107,0.0003929573310968,0.0015288695542099,0.0009932536061372,0.0007753597638317,-0.0381044922044815,-0.0022129723327083,-0.0036599996522981,0.0619242750360849,-0.0011308649273149,0.0031165994054811
2024-07-08,0.0002263501946096,-0.0003262573159441,0.0003151596617509,0.0022325060113414,0.0008810667047699,-0.0008459414771217,0.1169905070513323,-0.0024707416086312,-0.0001548544251134,0.2553031400867531,0.0062605265409406,0.0045788882574168
2024-07-09,-0.0008300295685925,0.0008001787409624,-0.0002046414247881,-2.572434766266248e-05,-0.0005937264249952,0.001398415781409,-0.0551665745823303,0.0151743705626982,0.0098225945111796,0.0142533577519367,-0.0001817586832054,0.0095423497733929
2024-07-10,-0.0001204530550393,0.0005649227619978,-0.0002089662429575,-0.0006442098635998,-0.0001470339547006,0.0013103733305432,-0.0675625874083819,0.0063450436072929,0.0017411003729701,0.117840583751129,0.0023079798908481,0.0071966555305346
2024-07-11,0.0012633240363091,0.0001696637043444,0.0003164251851674,0.0014332437707172,0.0008715155365605,0.0018568655545271,-0.1507022718083696,0.0006425136965028,0.0016172327806148,0.3917440934551499,0.0055565813242031,-0.001704699308403
2024-07-12,-0.0012259797485902,-0.0009375984957775,0.0004219535857737,0.001126027636432,-0.0001628961104601,0.0008574499363031,-0.0588768514650067,0.0043723363757982,0.0024235149912784,-0.1548163903670306,0.0006336674188978,-0.0056103328492181
2024-07-15,-0.0001459029969977,0.0002839951018942,0.000204598873951,0.0014851802440067,6.290385867747303e-05,0.0006139697997753,0.099319218600013,0.0084690583847398,0.0030753179378429,-0.1002206813738772,-0.001397963589463,-0.0063556547132234
2024-07-16,0.0004776013855865,-0.0001608028347679,-1.0045029366681536e-05,0.0002481722158096,-0.000199963358632,0.002435330273318,-0.3877057153253253,0.0102249328473869,0.002231698395953,0.0715092586134114,0.0026719156485478,0.0010960778730665
2024-07-17,0.0014605794221302,-0.0002905588947208,0.0002551809025876,0.0004199325937878,0.0005962020609243,0.0021480027778671,-0.2186705817497713,-0.0045619116501579,-0.0008924709852306,-0.011272521248271,-0.0035338322070566,0.0096606038060191
2024-07-18,-0.00160234617784,-0.0009402342375727,-8.729823878125188e-05,-0.0004968723527852,-0.0008628387153958,0.0007990564430503,-0.1294997531859718,-0.0029151966788646,0.0007923832537787,0.2273012804752033,0.0140469354219724,0.0024203749649262
2024-07-19,-0.0014225190650026,-0.0009759103977759,-0.0004259812216116,-0.001907349959528,-0.0011774593779367,0.0013309500931124,-0.2068541239478394,0.0014224913952623,0.0035446973036071,0.1057745472035995,0.0025227850730578,-0.0003727116360613
2024-07-22,-0.0003805886679403,-0.0011337341050043,-0.0002484661007807,-0.0015989936396726,-0.0007561000568652,0.0010141204611509,-0.3038109094920855,0.0001620052220627,-0.0001809253856179,0.0153153368714621,-0.0041335392686553,0.0062169605516765
2024-07-23,0.0027250387484723,0.0004513439739761,-0.0001299115006363,0.0005119813781436,0.0008601105652623,0.0021811249735488,-0.2522325901166727,-0.0081011450784304,0.0004998065812247,0.1140009303262482,0.0053761057074344,0.0062715216652952
2024-07-24,8.424812816092675e-05,0.0002017793817446,0.0002633804455831,0.0003688617654417,0.0004142269947906,0.0003831219949329,-0.126861664100048,0.0057065335143038,0.0032286936595649,0.1854646157935409,-0.0044416018978292,0.0092025714293963
2024-07-25,-0.0032723880916384,-0.0023349210080142,-0.0004212172977178,-0.0030010608658823,-0.0016493217963476,0.0007959080604347,-0.2893921098700071,-0.0001879549153441,0.0030036673464324,0.0565101466436702,0.0050351500466449,-0.011312528385979
2024-07-26,-0.0001515386047135,-0.0008450903263009,-0.0002718316123227,-0.0010219749019874,-0.0007610150353934,0.0014473161503527,-0.152303705239305,-0.0111652686686916,-0.00385671869752,-0.1348804889257643,0.0061095319092607,-0.0050960130178242
2024-07-29,0.0015227278949724,0.0004885546220896,0.0003620621285731,0.0018657885143861,0.0012002694872918,0.0005866623831486,-0.1005836416060821,0.0130404344019082,0.0047583560665563,-0.0032724579156098,0.0018036780286463,0.005650850022794
2024-07-30,0.0003173778612216,-0.0002892468708661,0.0001030769752462,-0.0009011270452907,-9.370654047062811e-06,0.0023156077734108,-0.4122693160006082,0.0060710700725406,0.002392171769571,0.5990065488702898,0.0023985454694995,0.0061980300802884
2024-07-31,-0.0007272177020511,-0.000503683427148,3.695528870188942e-05,-0.0004541648046715,-0.0007297786923767,0.0013379602010283,-0.1565566041878354,0.004558796516916,0.0041432230945026,0.1909698262629649,0.0034264171948634,0.0007411724053941
2024-08-01,0.0022175860248046,0.0010646485095535,0.0002943870833302,0.0018190725928855,0.0012068479742219,0.0011938207965768,0.0776675723482709,-0.0049944212626532,-0.0009642025291246,0.0875867777687903,0.0095794224281963,0.0066566896426773
2024-08-02,-0.0023266044591845,-0.0015757638980316,0.0003363295466527,-0.0007071877405682,-0.0004133841589666,0.0010390324727849,-0.2131230141307322,0.0172164996187338,0.0095382938309741,0.2545507102882883,-0.0033502006048196,0.0051362719549402
2024-08-05,-0.0032879316755173,-0.0030275197349737,0.0005556671623922,0.003635472035658,-0.0005779622681177,0.0030084119048562,-0.4137206840276896,-0.0126446125685813,-0.0137683130313175,-0.4919193543577704,-0.0031748093954801,-0.0045801163034109
2024-08-06,-0.0082720210338041,-0.0095371199970519,-0.0004201967782609,-0.0028276359773696,-0.0029898299753196,0.0020237442234888,-1.0744810456580962,-0.0004599085586462,-0.0015859912590202,-0.2841840028587948,0.0051280133427809,-0.0294759008988945
2024-08-07,0.0018626022754532,-0.0005611350189951,-0.0008393193721773,-0.000799150428388,-0.0008351621107934,0.0019480240948091,0.3282045099701322,0.0173491948911474,-0.0011045916163869,0.2663825356226578,0.0051095313854989,0.0135130371035113
2024-08-08,-0.0007730901194609,0.0001018832675204,0.0001163827632545,-0.0009774536185567,-0.0003540468417363,0.0033206241847748,-0.7402557125893302,-0.0061596587101686,-0.000841402888234,0.3645971082177835,0.006946343024477,0.0018080631947565
2024-08-09,0.0027691648179858,0.0005387882606332,0.0002114342397086,0.0018171898928534,0.0008957309224272,0.0009963241727695,-0.2554496445752328,-0.0032135172453503,0.0030988210237254,0.7111927397450158,0.0023770934164132,0.00748277809533
2024-08-12,0.0016698839590222,0.0023112478125474,0.0001225299431798,6.572684974960864e-05,0.0010108528361469,-0.0004111041637071,0.6744738933640172,0.003647318110594,0.0044729471766507,0.1647664431211436,0.0036686488138205,0.0010204819071507
2024-08-13,-0.000668361384908,0.0007819240878833,0.000150917594529,0.000831965710483,0.0005901789503633,-0.0005482331235798,0.3121937666805709,0.0168963331923646,0.0085714038520274,-0.0685825244318172,0.0064909617900977,0.0022545995979812
2024-08-14,0.0017779085032321,0.0023734663423499,0.0005836204807562,0.002745109609131,0.0011257634287142,0.0004645175971841,0.4285565506886797,0.0062687795364322,-0.0031028437342898,0.0500745240789623,-0.003610981359587,0.0030040886482503
2024-08-15,0.0002855094554866,0.0017328422391639,0.0001764274775656,0.0010115750454611,5.853793978074605e-05,0.000441684971289,0.3255439824727663,0.0001498418205354,6.597138534355281e-05,-0.1888194399619074,-0.0048149321382558,-0.0046657845570624
2024-08-16,0.0013454438047906,0.0009703545889763,-0.0004423909042647,-0.0006875977614341,6.520252502819154e-05,0.0007397784810913,0.1977703586684653,0.0200684466484303,0.0062379432111644,0.2741204544823056,0.0037897200121975,-0.0043402586308561
2024-08-19,0.0007033711642985,0.000629206647919,0.0005735021818171,0.0006026359169487,0.0005880780983224,0.0004166060611174,0.172905690277178,-0.0031202261109005,-0.0062192347579658,0.0969434254762027,-0.0012684974033525,-0.0026552184952094
2024-08-20,0.0001587885301463,0.0005656148094067,0.0002825713167435,0.0014484766128031,0.0006751435017407,1.382690816307706e-05,0.2863814140808101,-0.0090309044377725,-0.0023468410890058,0.1300308834664252,-0.0049985789005549,-0.0041751110657062
2024-08-21,-0.0017477985197958,-0.0001848951115255,0.0001816800492717,0.0010630041348217,-6.531868847198979e-05,0.0005086192141856,0.0399518426323852,0.0175350568889802,0.0060440454237204,0.1248863393826971,0.0042459546465249,0.0031125612666238
2024-08-22,9.383437195723472e-05,-0.0002138913520568,0.0005027356176872,0.0015581456510925,0.0005286249981064,0.0008020403740586,0.0127346653235599,0.0050138753463461,-0.0015280711811404,-0.369382460091107,-0.0080136468870353,0.0006786947058691
2024-08-23,-0.0004259027557404,-0.0011390424690853,-3.9806041673632594e-05,-0.0024540999031135,-0.0008005006288731,0.0028827712944013,-0.4493543516385253,0.0041166166628422,0.0047303883166111,0.1471661643616086,0.0073268758801075,-0.0020767301758899
2024-08-28,0.0016200616656106,0.000226721688523,0.0004545094071801,0.0028844659849906,0.0008040204442598,0.0017662642254896,-0.0733752186353647,-0.0136973450629099,-0.0072724655071092,-0.0168126259808984,0.0047768754683622,0.0015673303981396
2024-08-29,-0.0018292917216536,-0.000470832735235,-1.1540573935538904e-05,-0.0016203457026316,-0.0004459314690892,0.0003737294940411,-0.2309655560091467,0.0033488779859403,0.0049650736287194,0.3408478231607673,0.0028180756002882,0.0032151234842045
2024-08-30,-0.0001535060687254,0.0004811723202702,-0.0004185794815437,-0.0018357287303957,-0.0006223281306642,0.0012416621992883,0.0714343711839117,0.003116492440168,-0.0018423214549653,0.3504736014766723,0.0065680489767449,0.012133723304197
2024-09-04,0.0023195559867856,0.0017350842031779,0.0001384327035882,8.622337018443061e-05,0.0009621019845257,0.0010353686162587,-0.0783781091401424,-0.0176394987993316,-0.0090008571376395,0.1004692241612103,-0.0013441651803659,0.0059819649419928
2024-09-05,-0.0004774380627887,-0.0006487724879435,0.0004061791542978,0.0020494035154885,0.0003856334584787,-0.0001494475508771,-0.0587954235498669,-0.0002536555409226,-0.0011443188891084,-0.0799800511751638,-0.0003556963086027,0.0047341954635457
2024-09-06,-0.001000413159875,0.0004716741797349,0.0001640855032677,-0.0002337588867047,-0.0001427799922047,0.0001291386811149,0.2670857829464048,0.0022744850406519,0.0011685394542053,0.2431953634190233,0.0048712958920503,0.0001584630954253
2024-09-09,-0.0024421722725664,-0.0008167007328446,1.2341714445825294e-05,-0.0012825847093007,-0.0010519375608429,0.0013224642140841,-0.3292631679106117,0.0114406218143035,0.0066495887995796,-0.11098979248957,0.0008615168839847,-0.0090584772956518
2024-09-10,0.001914616666557,0.0006511333677947,0.0001216867187163,0.0001943720031687,0.0004995089281953,0.0024392270589097,-0.1329933516049885,0.0085781833758247,0.0053245413833671,0.0798958786509198,0.0070925097940554,0.0040243549673157
2024-09-11,0.0013229163773679,6.138772777648251e-05,0.0005105470969755,0.0010884278476408,0.0008472703915303,0.001766737422318,-0.2593307931264604,0.0046467768448159,0.0016787482477537,0.3410234097494389,-0.0022455812752239,-0.0004253970026277
2024-09-12,0.0015060133137363,0.0001206527962956,-3.608436900320672e-05,9.3820046707575e-05,2.8182953755529288e-05,0.0008479511989158,-0.029253320120181,0.0001439485599668,0.0039340531701009,0.1510707266314148,0.0083103006161867,0.0045359817498968
2024-09-13,0.0005661625724733,0.0007393311439639,-0.0001071728811495,0.0010735779404178,0.0002688212973608,0.0004261056600117,0.1672668279088081,0.0078927527352432,0.0036480806996172,0.3672614840922502,0.0004500704729042,-0.0027636764980109
2024-09-16,0.0003715762385766,0.0004570212643968,0.000249893866181,0.0013516412986419,0.0005535635448227,0.0002840037090897,0.1275282813466996,-0.0046585697712506,-0.0031095159854942,-0.0482191244200097,-0.0027574507180115,-0.001429993116786
2024-09-17,-0.0009835595939264,0.0007857073134904,0.0001784461763344,0.0004139195482389,0.0001246743609239,0.0001869637546865,0.0996478941006051,0.0130170411722256,0.0071974987279931,0.2309299905283924,0.0066078943911632,-0.0046163988950062
2024-09-18,-0.0004540389373402,0.0003617551406848,-0.0001191076779214,-0.0005549586176089,2.412269783283692e-05,0.0006620163533594,0.0746585182702791,0.0121627558408679,-9.84902479778864e-05,0.2037885723727033,0.0056842491164421,-0.0046772436928087
2024-09-19,-0.0001592477905888,-8.100457094284598e-05,5.013493711476578e-05,-0.0007850088277847,-0.0001933384511309,0.0009990420289807,-0.0924392523169702,-0.0006104987039763,-0.0023719170230094,-0.031139821499904,-0.0001670703116875,-0.0032552971630524
2024-09-20,0.0017665919426061,0.001008465182358,0.0003805652135003,0.002807268133818,0.0011551052474539,0.0006888379885793,0.0477291535790153,-0.0042653141321572,-0.0033771091893157,0.1587869864247643,0.0001903762182197,0.0003989897194626
2024-09-23,-0.0003535584991638,0.0001696936108747,0.0003306790467656,0.0005359871090637,0.0002174205190742,0.0003401044625219,-0.0916571279584889,0.0023555638728564,4.636561309243796e-06,-0.0787397209873099,-0.0011784830483072,0.0003756103717513
2024-09-24,0.0001811928482432,0.0003457577701976,-0.000114851233303,-0.0009220185314529,0.0001620671924638,-0.0001282304542768,0.1296886093554106,-0.0022621205175194,-0.0013007468358203,0.0105595985194233,-0.0001379309898864,0.0011098170439341
2024-09-25,0.0008355207925787,0.0009520977109661,0.0002755776930682,0.0011634624562497,0.000779672784164,0.0012000348628445,0.0663837691659271,-0.0092375175234693,-0.0063321740850269,0.2217489304527396,0.0066213281889464,0.0040800765002773
2024-09-26,-0.0011309738733651,-0.0005539125744363,-0.0002133274480456,-0.0009791715639921,-0.0007331348820717,0.0007896289251823,-0.0518612699135277,0.0053924249182503,0.0031114447845149,-0.1952367137752763,-0.0087491572777773,-0.0006430886786037
2024-09-27,-0.0003621063417525,0.0005318123297313,-0.0003401502093994,-0.0004802455247175,6.364717210955329e-05,0.0001037465460366,0.0565825088466761,0.0010321785424986,-0.0043001010894447,0.2409745238927612,0.0007549796864701,-0.0137019843227803
2024-09-30,-0.0006798368675756,-0.0003971195707516,0.0005374749855555,-1.3456302796673815e-05,0.0005401824340004,0.0004295743126028,-0.0949112597294654,0.004012765268593,0.0023030847547665,0.3189344313430273,0.0096308746956123,-0.0095566025877814
2024-10-01,-0.0002640792689777,-0.0008533034237127,-0.0003152746724744,-0.0014510726172642,-0.0005521921861742,0.0001312008940432,0.0190343239759528,0.0152535294764121,0.004174196933556,0.1359568325963973,0.0011973223335561,-0.002586626622239
2024-10-02,0.0002183389571785,-0.0013046669321602,0.0004536869469483,-0.0011377178820787,0.0005683161987021,0.0025055365571871,-0.5499733637287977,-0.0020374903020236,0.0043613866565366,0.1964985774278083,0.0020749746415943,0.0012434042467269
2024-10-03,-0.0001777180065876,-0.0005452633768925,-8.515994540689889e-05,-0.0012226442808586,-0.0001787764370863,0.0002067558695544,-0.1912299775262118,0.0034507421611947,0.0063908571502458,-0.1224241782542495,0.0004435354785925,0.0004752378914774
2024-10-04,0.0002254769831402,6.767360321456042e-05,-0.0003414934384322,-0.0009804314914645,-0.0006056611013896,0.0010349333314135,-0.3349597760453955,-0.0002648360286505,0.0041056930691327,0.1476860629579091,0.0110321285156071,-0.002963783584604
2024-10-07,0.0019447659651325,0.0005949082954379,-0.0006539359153106,-0.0021551691583415,-0.0004487178869964,-0.0002478308063736,-0.1509511952989271,-0.0018184631047568,-0.0034786793495096,0.1588748082179723,0.0019146069647653,-0.0013525305501751
2024-10-08,-0.0003670092369896,-0.0010296408274187,-0.0002395953893368,-0.001030903663776,5.456487366441772e-05,-0.0002956498878428,-0.3255643744479277,-0.0050206708981841,0.0024667491930979,-0.0334852284316207,0.006737646887162,-0.007439760205275
2024-10-09,0.0010943245717662,1.5554952397119347e-05,0.0002993161408199,0.0011606866479513,0.0005996073353132,-0.0010276807351319,0.2217565612628874,0.0045023717749987,0.0033076397075422,-0.0350477936390296,-0.0037052508810808,0.0090105231846478
2024-10-10,0.0014428836568955,0.0011907023285175,0.0001396963183688,1.9424188190896984e-05,0.000595038111488,-0.0011267831663837,0.2159318511594889,0.0098674062587071,0.007104875031979,0.2070767574880618,0.0067079156782771,0.0065681614234631
2024-10-11,0.0003843586462085,-0.0002708287403639,8.954492757289121e-05,-0.0005362819279556,0.0001049104041499,0.0007937733166599,-0.1077457277674359,-0.0014170744370723,0.0025841107956746,0.1007254894093553,0.0070634830563446,0.0056667668287251
2024-10-16,0.0003732507048451,0.0003221252006485,-7.714186957364807e-05,0.0010330427398054,0.0003733517042153,-0.0003434573686952,0.1473450785915502,-0.0003789404602707,0.002647784409945,-0.2000831751021274,-0.0040439573297699,0.0017570436742416
2024-10-17,0.001155150223023,0.0010522030515207,0.0001857952163306,-0.0001087150933481,0.0004116332997015,0.0014002986053748,-0.102054142583866,-0.0018519830876434,0.0024043236335906,0.1673321035803257,0.0019831284170946,0.0099232056267177
2024-10-18,-0.0002190631356374,0.0010068381443247,-0.0001174218972132,-0.0011904106249349,-0.0001244977352297,3.907582467624858e-05,0.1315143967868962,0.0051792704816852,0.0010026472712923,0.4369876315469826,0.0035519567620427,0.0036812490353458
2024-10-21,0.00059774914404,0.0010022731335525,0.0003421421195306,0.0011363429141213,0.0002168633208707,0.0005622759915676,0.1373399043080959,-0.0071670783957219,-0.006278273567258,0.0235529757999874,0.0001770456187047,0.0089208608242384
2024-10-22,-0.0001681624663434,5.7908582979431245e-05,-0.0001995712332093,-0.001843435336944,-0.000474937964017,1.4485440255882483e-05,-0.0335364590391516,0.0047352205086085,0.0070547168862279,0.2201493664031531,0.0082961455786014,0.0031797062172055
2024-10-23,0.000463060614463,-5.0998248218291165e-05,-3.2270896500629024e-05,-0.0003297479546404,0.0002749083686512,0.0005146331019389,0.014967122331823,5.900480112220989e-05,-0.0003641708483431,0.3206097253842707,0.0042169363742908,0.014384318638176
2024-10-24,-0.0009006393939266,-0.0008606928389643,-0.0002225024086575,-0.0021739991158708,-0.0004437951911149,0.0001312793321788,-0.1135931913353417,-0.0039951539255821,0.004914873039783,-0.1090397247655033,-0.0033497886786666,0.0109298751964972
2024-10-25,0.0002272615599249,0.0003031415788947,-0.0001770854600474,0.0010372908079554,-5.3382059570351525e-05,0.0005106433198907,-0.0097444437761165,0.000716029354663,0.0002205142179556,-0.001141712812312,0.0008549705798631,0.0065465050287917
2024-10-28,-0.0001001258796368,-0.0003218813258851,1.5087559862032358e-05,-9.098372881429572e-05,0.0001506449678328,8.903340148492958e-05,-0.1706123492434965,0.0042227183348697,0.0024927606247322,0.1560346826623897,0.0054376844200205,-0.0057518575316652
2024-10-29,0.0004046832005737,-0.0004253534469745,-0.0001464784165201,-0.0001314498356267,-0.0002794736870695,0.000734457976388,-0.0747362305242791,0.0042378901926469,0.0010970096073339,-0.1916793068529463,-0.0069872033489951,-0.0065673163766973
2024-10-30,0.0009335169670288,0.0003926857801829,0.0002912881018009,-0.0002891318198553,0.0004386230171755,0.0013967588486226,-0.0963952194963222,-0.0004013840086535,0.0021217783435181,0.150969853842506,0.007118343324867,0.0008036514811947
2024-10-31,-0.0006685682448336,-0.0008487224591547,-0.0002752257312076,-0.0001721873369907,-0.0003648050177906,0.0006910026074628,-0.1882390408979754,0.0007288611126685,1.697132803785053e-05,0.0861502876326402,0.0031637516840952,-0.007211675614665
2024-11-01,-0.0019640574479093,-0.0021282170255367,-0.0001310958805642,-0.0020886474317039,-0.0011100955962445,0.0008208371788192,-0.3079780599936871,-0.0019034304916052,0.0051098571655875,-0.2820192214511284,0.0019560839706643,0.0030918065594938
2024-11-04,0.0001121850887268,0.0002607192029825,2.290585650063937e-05,-0.0005804774739534,-0.0001754130081097,0.0008655961302429,-0.0397397833369115,0.0035118763668808,0.0034611534704668,0.0613045686093126,0.0027818549712797,0.0008969912565779
2024-11-05,0.0003641051613029,0.0002760922577177,0.0003226815185775,0.0008981167143597,0.0002011843863303,0.0020290610784877,-0.3679575181473227,-0.0110592337693041,-0.0071592371958665,0.2340552892452681,0.0082983329557655,0.0038448874128869
2024-11-06,0.0002253632555626,0.0003326591286787,-9.606696372312692e-05,0.0017572380187858,0.0006146186700307,-0.0009544307103369,0.1067082924286264,0.0108186077713128,0.0060355477276009,0.0008942616166366,-0.0026812934460353,0.0162447664593489
2024-11-07,0.003907621087777,0.0024250099239357,-8.258910449844785e-05,-0.001504851020202,0.0011951870960351,0.0014765921547902,0.1416768243870305,0.0207509930817537,0.0167834255604199,0.7574017004017938,0.0054124289783837,0.0308589415392933
2024-11-08,0.0012875984254925,0.0022240672310784,0.0008826277897538,0.0031794614713162,0.0009997205315625,0.000675103418261,0.2808675741529896,-0.0107855087784695,-0.0089965751863066,0.3017032647401926,0.0052674584992089,-0.0037668942399299
2024-11-13,0.000821951048584,5.635353217818516e-05,0.000339915719995,-0.0012084541453278,0.0002848707070627,-0.0001763406761761,0.3158462622281427,0.0140542994398063,0.0130517129419022,0.0889622578801971,0.001317228897135,-0.0084796161961206
2024-11-14,0.0007953487224989,0.0011745064320543,-8.846907984171508e-05,-0.000776373507721,6.108281250331591e-05,-0.0009807791564646,0.3983795995154541,0.0120629022515459,0.004242902868362,0.1773948645179489,0.0045753040476379,0.0065699796584333
2024-11-15,-0.0002884673260123,-0.0005686238514212,-9.35638226970754e-05,-0.0019372163780357,-5.257922571197366e-05,0.0016003705961199,-0.1664157024094163,-0.0098778296728574,0.0024040893155452,-0.1242205838983887,-0.0022346222014575,0.0204089510940968
2024-11-18,-0.0025654197289779,-0.0011733444553585,-1.9154646589654855e-05,-0.0008849479726505,-0.0013563037243841,-0.000532935800416,-0.0599672877388162,0.0101822801650348,0.0082742235671174,-0.0009251456423544,-0.0052041154886283,0.0084958825869034
2024-11-19,8.799371802682578e-05,0.00021457618059,-0.0001921508325864,0.000422853020081,0.0003032814809059,0.0004003082549343,0.0468212633790917,0.0048618403422207,0.0028372292568649,0.2171930263747528,0.0093713156107649,-0.0018634784360895
2024-11-20,9.613800540427952e-07,-0.0001555862806307,0.0001414964445056,0.0004489782254297,0.0002874127733331,0.0006195234898546,-0.2262565614527917,0.0117807496296524,0.0060034714189691,0.310241040330939,0.0030317059000531,0.011050494369812
2024-11-21,1.3942995966354876e-05,-0.0007983015922132,-0.0002962974801859,-0.0017582045889455,-0.0002264877637516,0.0007613460388797,-0.2085649532609599,0.0014105837816287,0.0047487755215468,0.0487213423581087,0.0021492428688901,-0.0031748607909099
2024-11-22,0.0012598369186286,0.0006921601989657,-0.0003232997725494,-0.0006986156349261,0.0004153019238462,0.0016951253746352,-0.0315186936424558,0.0029856358815922,-0.0001718822780662,0.4199601585542463,0.0068823902087899,-0.0047781275430932
2024-11-25,0.0009533627904421,0.000521181609543,0.000284017781768,-0.0009117062739795,0.0002343188765461,-3.86327181164614e-05,-0.0184288925614605,-0.0007591312992639,0.0037195902163424,0.2812997292049113,0.0045241915394383,-0.0062479130311401
2024-11-26,0.0001644913211912,0.0005570303765608,0.0004415228931038,0.0033087364080845,0.0007565778980606,-0.0001890838985255,0.0848387243226283,0.0079816968608819,0.0019452042193241,-0.1754954982813639,-0.003589728519302,-0.0171985112108391
2024-11-27,0.0002262870522071,0.0007594666403341,-0.0001200623571422,-0.0005617746303192,-6.495356808278275e-07,0.0006982252373836,0.0323035065752631,0.0163898277836668,0.0092008121809694,0.0688450635592707,0.0017411410584893,-0.00034911068897
2024-12-02,-0.001065013204393,0.0004747033475632,-0.0001220947990841,0.001294364314904,-0.0005687126925451,0.0001725457551646,0.1291679880683579,0.0051115413839657,0.0005328287506445,-0.0818302737001886,0.0023037854606672,-0.0107259841028247
2024-12-03,0.0012038456909591,-0.0003487148418169,0.0001009793203794,-0.000968539491837,-5.708289677604706e-05,0.0020436027868061,-0.1034708897599052,0.0048983765406334,0.005299188041485,-0.0546931880213186,0.0065981071164715,-0.0080471927533605
2024-12-04,0.0007444042481593,-4.106080683314432e-05,0.0001865481531177,0.0013336193284411,-0.0001226039722662,0.0015741834968365,-0.218154681858111,0.004049314418476,0.001939661527741,0.4167377950339776,0.0074805579373918,-0.0154252964761628
2024-12-05,0.0016041397147934,-8.987278938874397e-05,0.0002268595918305,0.0004025550078162,0.0005436033974624,0.0034387158327656,-0.4080131513235101,-0.0100930532711182,-0.0031919791392336,0.0003928372088822,-0.0049743176063185,0.0018295375438301
2024-12-06,-0.0013882887265875,0.0002931751497153,-0.0002991878192161,0.0003781390822216,-0.0006561830391832,-0.0009620972128889,0.1017037351927693,0.0036063097323339,0.0069577042523818,0.0357641168298209,0.002704346405847,0.0027724497600029
2024-12-09,0.00106294695731,0.0008377427517313,0.0002112397071279,0.0009347045394731,0.000389891078396,0.0024245151601389,-0.1080254717819568,0.0142110488772,0.0035804630024974,0.0703042834483339,0.0041665049929345,0.0110666053697917
2024-12-10,-0.0012048090192398,-0.0006062447482069,-1.276526810060622e-05,-0.0010309688294322,-0.0004805205259145,0.00019466875863,-0.1087622430982259,-0.0079525112418128,-0.001960763765334,0.2016351670843466,0.0031000820636669,-0.0050399655246252
2024-12-11,0.0012343081992008,-0.0002378456630158,-0.0001698860485234,-0.0014391792904471,-0.0002924434398236,0.0026706711539798,-0.3127392489672735,-0.0024750627536285,0.0018249681480608,0.0955256367343019,0.0033180626586799,0.007068406735376
2024-12-12,0.0007733768162776,-2.8249819723719997e-05,-1.8573848772502104e-05,0.0004533677699053,0.000397832462698,0.0002749755687319,-0.0785237179645412,0.0023093202103053,0.0026472883152349,0.0513919315836087,0.0064480914418853,-0.0007748882932589
2024-12-13,-0.0008228516652237,-0.0003016485202356,-0.0001873701964815,-0.0010736753041606,2.085533281432739e-05,0.0006598243334483,-0.1650110781363707,0.0070223726392854,0.0041542648284378,0.2737330600693402,0.0031230447407392,-0.0045289474580801
2024-12-16,-8.709328905349266e-05,-0.0001345658432328,-0.0002654654266085,-0.0011548134390285,-0.0007363259073732,-0.0003693361555291,0.0652519682526655,0.0054720697675497,0.0044212278636999,-0.0211174236405562,0.0042649005994614,0.0016178292394126
2024-12-17,0.00078435369526,-0.00031008204878,0.0002830068496118,0.0010206160075733,0.0006704505354566,0.0002388914139772,-0.1289216879238742,-0.0031095607780795,-0.0011986579324285,0.0771198323286504,0.0008354383087157,-0.0037019585967741
2024-12-18,-0.0002741484037154,-0.0010570146796243,-7.495829373793569e-05,-0.0009450405988342,-2.6963694103684155e-05,0.0002305710701435,-0.1576678894420069,0.0024569135393616,0.0045933228310702,-0.1474383536058741,0.0002254941042427,-0.0030067066631738
2024-12-19,-0.0047008099757073,-0.0046589060055123,-0.0008859087894217,-0.0055283428906588,-0.0023056052887664,0.0007237723202995,-0.9612818768075784,0.000289519685296,0.0045827033782088,0.0238762718847588,0.0030290403533638,-0.0168698835135849
2024-12-20,0.0017821610797119,-0.0002770734555573,-0.0001759827066256,-0.0015619277470715,0.0004201032259212,0.0011827894019668,0.0170440710767645,-0.0063051650189881,-0.0005225643175176,0.2606510074290932,0.0027211281407593,0.012712223168865
2024-12-23,0.001309847064314,0.0018611069517508,0.0002268567375454,0.0026956599368639,0.0006036389157857,0.0001926556042652,0.0583327958136998,0.0016921830729117,0.0017433397491954,-0.0884764530239556,0.0003299927062204,0.0076781614653897
2024-12-24,0.0008262347774081,0.0006239965098962,0.0001925327470768,0.00040894977445,0.0002218645635131,0.0009400151944755,-0.5321223793065699,0.0120543838903005,0.0065312176999463,0.2827838718517865,0.0061210381524826,-0.0009369535769435
2024-12-30,0.0019317236007885,0.0015352954568167,0.0002030570302989,0.0008175862798278,0.0005047573585002,-0.0006249786548454,0.4685366479206072,1.993049471519116e-05,-0.0009969408888025,0.1907939193478528,0.0074611705839003,0.001874971528001
2024-12-31,-0.0005371517348351,-0.0006457749454441,9.681066863170892e-05,-0.0012604017422445,0.0003818134249677,0.0012184326082314,0.0572067397509916,-0.0026745735476994,0.0028038020191397,0.1950309084373558,0.001387217305571,0.0025148242709378
2025-01-03,-0.0005499911680556,-0.0001160021698274,-0.0001934507441789,-0.0011954851622236,-0.0005798256763954,0.0005185620810307,0.0716975873386255,0.0043992127664055,0.0064023969135333,-0.0286967988338281,0.0025655470951391,0.0054137775504156
2025-01-06,0.0014378852792093,0.001538103699724,4.7096609377279497e-05,0.0013193780715483,0.0002847719815801,0.0009773455288632,0.0380243571748497,0.0097463840539907,0.0028570599957307,0.1693936759081582,0.004007028353582,-0.0073696118606861
2025-01-07,-0.0001599256176723,-0.0001292991786735,-0.0002253157155555,0.0017915801486488,0.0003507953441736,-0.000458373994683,0.0116599829573709,0.0032381711838661,-0.0007772250544398,-0.0485229127968649,-0.0027546217945744,-0.0109606509325231
2025-01-08,-0.0018685663133388,-0.000941381127658,-0.0002293471789566,-0.0023622994482262,-0.0008255990446832,-0.0001266591709657,0.0211750337663331,0.0100017519879752,0.0074878666090852,0.2813925908934633,0.0037258399521518,-0.0008744843574883
2025-01-13,0.0005065938165333,0.0002457745243188,0.0001534059296456,-0.0006218345153888,0.0004199188685393,0.0007581390765541,0.0870522084506071,0.0053743407825913,0.0024950062986025,0.0837630544093158,-0.0006726884950172,-0.003348097164598
2025-01-14,0.0012123402873679,0.0003354760511542,3.0640211130427e-05,-0.0011733503799623,0.0005349974623562,0.0017786804856286,-0.2587015854628443,-0.0021850051768286,-0.0007326589796386,0.2371247256178159,0.0055476790659942,-0.0038380837085406
2025-01-15,-0.0006638137530044,-0.0005072529662842,3.869156334178655e-05,0.0016527148916898,-0.0001392553892933,0.0001302787559343,-0.0338509972555734,0.0012672663090004,0.0013123739656854,-0.1872836850391891,-0.0063482855282123,0.0016131848302713
2025-01-16,0.0014382410110761,0.0015512947160121,0.0004426098996503,0.002583968678926,0.0013046723563816,-0.000445229611567,0.3504915495978511,0.0129596497542696,0.0048508494910262,0.1491944765390632,0.0085957021952447,0.004077981058169
2025-01-17,-0.0007452022161956,0.0003915918986033,0.0004191089249226,0.0002036313607905,-1.7920626526887243e-05,0.0006588982506505,-0.0284470753289849,0.0119108557883086,0.0031484520711388,0.2535214604951418,0.0007464320338703,-0.0014731294373698
2025-01-22,0.0014317932108506,0.001102586227039,-0.0011941096467823,-0.0010049534113822,0.0001128993932385,0.0022335974815066,0.0458615063697929,0.0014585102034892,0.0003437837918092,0.0753822775668698,-0.0016413732525882,-0.0088289216143815
2025-01-23,0.0005331629220471,0.0007103011983939,0.0004124116497607,0.0013829662882996,0.0003945161405732,0.0011525201853075,-0.1005380899817202,0.0038744518876668,-0.0004526559935899,0.2983153861994028,-4.532195293266211e-05,0.0030210587039118
2025-01-24,-0.0001065010545364,-0.0004828970747039,0.0001369621471653,0.0002659342171637,0.0001503805353705,0.0003862698719552,0.0327054124029633,0.0097341163738117,0.0061855602267164,0.1752645255807167,-0.0003869595646921,-0.0413894683646948
2025-01-27,-0.0009850804961932,0.0002154655551603,0.0002097153627305,0.0013473579242118,-0.0002393447361005,0.0002800588374354,0.1672499505450402,0.0096293071828648,-0.0033265195202894,0.0352525236259723,0.0028086371554298,-0.0278173768253812
2025-01-28,-0.0016007533790302,-0.0015446050381066,0.0003437363517681,-0.0010294295301491,-0.0002623060509438,0.0011499920459516,-0.4439550319887646,0.0049361027167186,0.0073236012808497,-0.1060506649580504,-0.0003992333314799,-0.0056304541532298
2025-01-29,0.0016320040904758,0.0004641655781099,0.000213268572198,-0.0001515729465173,0.0004621183148424,0.0014036173974837,-0.0725142949581212,0.0038533962137928,0.0013362272689583,0.1203066036888163,0.0029266283098314,0.0088797370161232
2025-01-30,1.3003239396760484e-05,-0.0003346034679,-7.344083712222358e-06,-0.001391450141317,-0.0004769026003782,0.0037001335123863,-0.5634640204012591,0.0021101029406786,0.0031378525302162,0.0590285504148947,-0.0012225197246243,0.0029027561924234
2025-01-31,0.0004356906812929,-0.0002836417988829,0.000171691270152,0.0011149245821509,0.0001263509831484,0.0004371468191589,-0.0438742836099345,-0.0022547508748819,0.0008873872422811,0.0614924066770807,0.0022169217666333,0.0112355214198469
2025-02-03,-0.0008448199707648,-4.558881907938551e-05,6.121262972446282e-05,-0.0009765208581415,-0.000626871553874,2.1068371690436847e-05,-0.0211798819503059,0.0064996914338891,0.0039127015399927,0.4823118317354414,0.0048400257572039,0.002636777618795
2025-02-04,-0.0003849754335793,-0.0008046626426995,-0.000419860923887,-0.0033481412141414,-0.0004468432864656,0.0012967372388608,-0.3038672444692244,0.0048518529517314,0.0060118560618532,0.1497012642588177,0.0058183411448585,0.0062433995243351
2025-02-05,-2.2481239609789384e-05,0.0001619605733149,0.0002493753125626,0.0029837392297804,0.0007407494465503,2.224126975332503e-05,0.0848667858789774,0.0007937442348399,0.001628181472795,0.0080361537487627,0.0001974845307628,0.0053467041837627
2025-02-06,-0.0004630597059468,-0.0003996521295199,0.0001381966125367,0.0010509876840929,2.8426328519565072e-05,0.0008026695031427,0.0041013905139439,0.0145018717527476,0.0097135379212587,0.1169772065796134,-0.0008892162489931,-0.0012035475487337
2025-02-07,0.0001060124893638,-5.366201419885333e-05,-0.0001420255523974,-0.0011819740314145,-0.0003900254264508,-0.000630670883491,0.0803811386838512,0.0174097750137104,0.0076361858679147,0.1321754200394858,0.0017420008938506,-0.001510812160169
2025-02-10,-0.0002036976037809,-0.0004513466086813,-0.0002367446155937,-0.0024700355724156,-0.0005163116612188,0.0027375146882326,-0.2946611553155501,0.0019513666483497,0.0044323695155343,0.1287710460048159,0.0043322310122823,-0.0025065332867905
2025-02-11,0.0009427351206212,-0.0002400410102609,-1.983840701412182e-05,0.0004013376780473,0.0006234976505516,0.0010822549597212,0.0035219875092148,-0.0020948978607964,0.0036381172904876,0.1211501226946197,0.0022507535075264,0.0007692036931262
2025-02-12,-0.0004779932049436,-0.0002126563263848,2.3401809576662485e-06,0.0004491964311164,-0.0002493191986564,-3.625597129090362e-05,-0.0958516829379522,0.0042387887251486,0.0047831497928868,0.1903265900409544,0.0023441227839705,-0.0044652811573701
2025-02-13,-0.0007434955079395,-0.0004882552298454,-0.0005367211214316,-0.000545156135081,-0.0007035159846618,0.0002048129951927,-0.0262394336985892,0.0071024141285733,0.004131904864791,-0.2112324113887787,-0.0020056630568539,-0.0051959700916627
2025-02-14,0.0012155100812718,0.0011327025800886,0.0001202634613037,0.0020966339103101,0.0010858782464271,0.0002301387484889,0.1442778941546714,-0.003092544618661,-0.0046812676395564,0.0103646167215508,0.0032208647997856,-0.0036334397877986
2025-02-19,-0.0009684540606194,-0.0002595639478893,0.0002164836989883,0.0013495777177479,0.0002424023602506,1.0629140534618078e-05,0.0613651629065361,-0.0005458784886848,-0.0015196316961011,0.1064433168165932,-0.0004757155672329,-0.0092208587722078
2025-02-20,0.0002105598539489,0.000436327704315,-8.966945518251805e-05,-0.0009251675769884,-0.0001894011830758,0.0021019107547251,-0.1528309185871752,0.0114065483303364,0.0082553270071514,0.052551764931069,0.0028384597612609,-0.0081761235113529
2025-02-21,-0.0009241921827789,-8.188286107372065e-05,0.0003647068160829,0.0004270507611297,-0.0003165752814638,0.0016877195103888,-0.1384942354329565,-0.0026814151638662,-0.0045272954425031,-0.1213905257264895,0.00135041603119,-0.0036390981416314
2025-02-24,-0.0018447216187035,-0.0014023407252895,0.0004929168042986,-0.0013230396842395,-0.0004106923534477,0.0022909415986376,-0.3542649712746748,-0.0001803269181468,0.0033075464290019,0.0220932171071462,-0.001028068466936,-0.0024542961567882
2025-02-25,-0.0012779329294995,-0.0006893799779075,0.0001427089247646,-0.0002918821896988,-0.0005474112466731,0.0005171429517352,-0.1253768084202217,0.0105427662475191,0.004161183248037,-0.0859392620521305,0.0038870908173573,0.0119659352911359
2025-02-26,-9.629344839841156e-05,-0.0006210773291485,0.0002513657829268,0.0002475350755747,-0.0001428097348989,0.003183014184504,-0.4955828407668153,-0.00239389187787,0.0002767194694084,-0.0137522516800564,3.582845271787004e-05,0.0196628231421333
2025-02-27,-0.0001756365746182,-0.0007553723110519,-9.712797835135998e-05,0.0003529218452546,-0.0003730174879591,0.0012469589711816,-0.2274712654198106,0.0064435458180538,0.00578983444984,-0.0658862132325672,0.0008411343467348,0.0215185472779438
2025-02-28,-0.0008604298144039,-0.0010504098658082,-0.0001422020373614,-0.0032066390405161,-0.0012442637525581,0.0032525731476608,-0.5523590371489207,0.0056638660730759,0.0097730758868187,0.4517045721100352,0.0082445445902762,0.0101268214693444
2025-03-03,0.0029787713552431,0.0009177050324873,0.0003847009206834,0.0028903923398499,0.0010125199233106,0.0020905116683752,-0.1418745217733582,-0.0040406299974415,-0.0013002515218575,0.0520099589950495,0.0001863762100879,0.0091036051649181
2025-03-04,-0.002846854615024,-0.0017127924272663,-2.3041726567084924e-05,-0.0002394453657781,-0.0012302264886588,0.0012371215601976,-0.4753731233411003,-0.002387767214163,0.0030966251034979,0.0404413219177673,0.0032172369202595,-0.0024863145438923
2025-03-05,-0.0019563677577815,-0.0005831042454574,-0.0007895033042774,-0.001032923711309,-0.0015549541621988,0.0002591241091805,0.0213169201044979,0.00659109151934,0.0024900865876188,-0.0072853288427502,0.0044987502238036,-0.000647357803321
2025-03-06,-0.0005659636335618,0.0002421119683121,-0.0003115353955861,0.004257966388042,-0.0003426601804854,0.0003565339532988,0.0242900573484742,0.0003166979194877,-0.0060415008576564,-0.4057401063624452,-0.0040880464109887,-0.0003434875847753
2025-03-07,-0.0026970981442563,-0.0021644330211951,1.1936829523896048e-06,-0.0006703380623419,-0.0006734572353243,0.0023303500491038,-0.6126101559008639,0.000455976389811,0.004215914908482,0.1403653746862742,0.0007114576539591,-0.0076831887732599
2025-03-10,0.0011889722196468,-0.0003253343937626,-4.361235204968064e-05,0.0006816979071509,-0.0001165040417807,0.0015605538225766,-0.0462199445984133,0.0037410392958637,0.0002604939023747,-0.1267317862749222,0.0014032893831909,-0.0001284813731685
2025-03-11,-0.0020885763960037,-0.0022582147874622,0.0004526130806393,-0.0019454739797835,-0.0003858188381701,0.0045644494614707,-0.9024053441698956,-0.0045567431049175,0.0070728489567025,-0.023769308021739,0.0014478164353277,-0.0030365313533797
2025-03-12,-0.0008422680388881,-0.0009598332686689,-0.0006208887003098,-0.0007763880901564,-0.0011209224955642,0.0020819274410857,-0.1948607102161785,-0.0028405412055846,-0.0011750497495905,-0.4276106302550773,0.0001403783956272,0.0010158229237397
2025-03-13,0.0008958547228834,0.000579748763997,-0.000271105783029,-0.0002144199841638,-0.000605110902152,0.0022538921740005,-0.233057356988517,-0.0009161164171786,0.0008925160390493,0.1945814697761113,0.0055245496133075,0.0051311218607675
2025-03-14,-0.0011475800860188,-0.0014828806946479,7.486162810529179e-05,-0.0015588760366514,-7.501860183248981e-05,0.0006201812153139,-0.3636576539339049,0.0030582390149582,0.0030831298878378,0.1256524010369825,0.0020582323109746,0.0025214163231765
2025-03-17,0.0024181140147096,0.0013450362814252,-7.069100339654814e-05,0.0011304567216309,0.0006794380125057,0.0013382624101596,0.172581180960205,0.0021254212473835,0.0011900876445339,0.3550423750043242,0.0048437303956489,0.0034459437617589
2025-03-18,4.204245105726917e-05,0.0008127102391639,-8.506372895519e-05,0.0008381390573707,0.0002668456127281,0.0005776966517766,0.0647031121652915,0.0063198310366591,0.0025070038975387,0.1846613746027919,0.0018544563678157,0.0037276277510786
2025-03-19,-0.0016853401306229,-0.00097439383842,7.570428617321344e-05,-0.0004434156384113,-0.0005353402685397,-0.000783457254412,0.1926101997093411,0.0063079703342289,0.0050722027997398,-0.2058888896519329,-0.0014438459868861,0.0052546789166582
2025-03-20,0.0020532250302097,0.001351766500803,0.000568559038768,0.001214674845639,0.0011121274340313,0.0010554637582229,0.2273908938099836,0.0059468391203277,0.0017640673802924,0.2897892065560773,0.0036512256674826,0.0025834410486205
2025-03-21,0.0003073158263197,-0.000215185875744,0.0004161312602958,-0.0003006604760962,0.0002528622711241,0.0016357970294087,-0.2382087815246041,0.0068019323383774,0.0072476717778787,-0.0717933775057829,0.0026293040084106,0.0002393450187227
2025-03-24,0.0005619129436195,8.064986010137514e-06,-1.4101685870988575e-05,-0.000864402831347,-0.0003072439047883,0.0015488653817719,-0.1023624193530855,5.504262426563392e-05,0.0016885998799424,-0.0115874346480818,0.0015833711307607,0.0014280071352474
2025-03-25,0.0019359831019993,0.0014751097113608,-0.0003347552457203,0.0002475249925334,0.0002936758819792,-0.0003627352998842,0.2241109525858687,0.0015186888852011,-9.306875333782524e-05,0.2272239806248792,0.0032722621605977,-0.0011571986477235
2025-03-26,0.0001433235822823,0.0001507625033626,0.0003603688403408,0.0013971105287788,0.0006486239458217,0.0003460050116317,0.0448129168242155,0.0009298684808245,-0.0008101774208839,0.2667311751957565,0.0011948163908159,0.0056945691479578
2025-03-27,-0.0020599429869614,-0.0006757049186164,-0.0001031407317957,-0.0022499660251,-0.0006906458385203,-0.000701559769033,0.1675935997105191,0.0092954154739369,0.0082812847360697,0.1102433760209937,0.0024564101844107,0.0011447766991724
2025-03-28,-0.0001606208283262,0.0005826557290001,-0.0001086150499709,-0.0003116561829854,-7.195269116054848e-06,0.00047213012953,0.0651609410824995,-0.0009525218820738,-0.0001603263290509,0.1050993723909772,0.0036110452292362,0.0025546859585069
2025-03-31,-0.0026421580387243,-0.0015644589866904,0.000128823984773,-0.0006766346350911,-0.0005400055831583,0.0006024395641439,-0.3172946907452935,-0.001046004270645,0.0033291389806312,-0.2794663047169605,-0.0017639960818304,0.0019172167425004
2025-04-01,0.0010887892968192,-0.0001891209853291,-0.0002085282195704,-6.794306865487535e-05,0.0001962675996601,0.0010129992340757,-0.2777562330198187,0.0048615757903511,0.0031276764315389,0.1317701020521456,0.0045304390191621,0.0025923909298756
2025-04-02,-4.065812965231012e-05,0.0003297541110722,0.0001194065356718,0.0006387464092705,0.0001506957200668,0.0013091668505386,-0.2894280398088564,0.0084439984529491,0.0049246212723482,0.2084249807234716,-0.0013038644776511,0.0011527213769964
2025-04-03,0.0001347528399964,0.000102489586093,-0.0002808785026545,0.0006433198469755,-0.0001312203672175,0.0010823420640085,-0.1699962159650012,0.0069444557525427,0.0029582699398977,-0.0497932847503294,0.0031877548572929,-0.0034633206256647
2025-04-04,-0.0077442702867181,-0.0036353671970393,0.0001384003686276,-0.0004388401807955,-0.0021911150594815,0.0003112932673585,-0.5539694923169803,0.0059825822478672,0.006284544263203,-0.2815870083328425,-0.0036119639467517,-0.0036538829545684
2025-04-07,-0.0065278765822877,-0.0061640209465009,-0.0008084046508586,-0.007787291798069,-0.0030877630070116,0.0028081314901996,-1.3631708480694589,0.0107034442393443,0.0150091657803766,-0.8411189998205588,-0.0032764173679822,-0.0024630420715138
2025-04-08,0.0011158385496082,-0.0020567440850708,-0.0005888318861632,-0.0026576589536551,-0.0006381292025353,0.0032840459818298,-0.9726593247342828,-0.0044076612806724,0.0023185487772432,0.0608017502756648,0.0081209198533498,-0.0013823583580543
2025-04-09,-0.0014536877796079,-0.0052725970282805,-0.0001143288583722,-0.0013359148144254,-0.0005891439749734,0.0043880484951793,-1.909317433278363,-0.0164043276416082,0.001489275650275,0.1470316771207079,0.0026057913925431,-0.0035776204692757
2025-04-10,0.0126852042894125,0.0033519862024137,-0.0003889245650708,0.0089417420886404,0.0021937752550169,0.0016320717772588,0.1359199888162886,-0.0067946880226201,-0.0075664217818805,0.0780495939999252,0.0051332919260207,0.0149960654810692
2025-04-11,-0.0065643376562904,-0.0020660059575473,0.000191941478527,-0.0011969080332958,-0.0007360720759713,-0.0022150066544226,-0.4573815513671854,-0.0052052003958118,0.0021648572300833,0.5226715422278376,0.0009422775744355,-0.0067100342975656
2025-04-14,0.0008216701357635,0.0019602900595706,-0.0009071853258558,0.0006117101167798,0.0005071997674753,4.3219288732863946e-05,0.7952844126610269,0.0030945098533466,0.0002426362127888,-0.1460491976526902,0.0019945987216229,0.0073394592325372
2025-04-15,0.0013142084769258,0.0030618300894057,0.0011417716309941,0.0029784940697694,0.0013589741669945,-0.0011225907785694,1.3493609586479416,0.0109752420435561,0.0005628917571163,0.3088325270254026,0.0013228922185406,0.0079129776093084
2025-04-16,-0.0002312141155614,-0.0001862736932236,0.0005485749204737,-0.0016446427466821,0.0009202856245408,0.0028006360090407,-0.2991812224407243,0.0067977126501291,0.0043423828660478,-0.0257052827602735,-0.0003581213444454,0.0045310137663049
2025-04-17,-0.0038359852845079,-0.0020322737928863,6.573985238487589e-05,-0.0007833015322754,-0.0016044327483614,0.0023483130967411,-0.1051435954288381,-0.0048994238872095,0.0034636566694585,-0.2938189870172447,0.0003617044398551,-0.0029105918638503
2025-04-23,0.000629679727612,0.0003900155306295,-0.0004100347761773,-0.0008869564160221,-0.0004503265948138,0.0007760026057523,0.3830869156237272,0.0008128023135916,-0.0004022285624528,-0.1758725451554574,0.0043873962687661,0.0094358721397829
2025-04-24,0.0021771141626649,0.0025106822863202,-5.606871114931105e-05,-0.0006184722095315,0.0005479511119239,0.0012523224135332,-0.0451569204517989,0.0033739196330752,-0.004742927632865,0.4738899720024569,-0.0030065243256475,0.0055550595932799
2025-04-25,0.0029912970451677,0.0016575801286122,0.0009083548270873,0.0033887767463889,0.0015935154566395,0.001150496853187,-0.057616364396368,0.0010535114571419,-0.0022807771601976,0.273265317057258,0.007989496670571,0.0107784226043779
2025-04-28,0.0008097372030354,0.0008877181729737,0.000697972386172,0.0015234153703779,0.0004089956643289,-0.0007493598224653,0.553035428692203,0.0062390847738747,7.986734442323295e-05,0.1741413014235924,0.0038668140575638,0.0074030849010099
2025-04-29,-0.0008784429577274,7.913043599085524e-05,0.0002560931897716,0.0005206662001003,0.0001788940351653,-0.0015083884702984,0.5291586989386048,0.0090572157809617,0.0053090131543685,-0.0393044417973365,0.0017511541655591,0.0058139577640554
2025-04-30,0.0009398348928556,0.000875170205056,-4.70473855397721e-06,0.0002542427679434,0.0002687596566858,0.0010827221032418,0.1666205106362718,-0.0013725030226836,-0.0013307456637622,-0.0689431654379557,0.0010366484393601,0.0079680013939264
2025-05-01,-0.0004762073336583,-5.406735405946729e-05,0.000130957473298,-0.0004990057383739,-2.7884600027468825e-05,0.0014393600144832,-0.1097393221597303,0.0104258686976065,0.0051077021174116,0.2322410460890465,-0.0038529215362393,-2.200387609023447e-05
2025-05-02,0.0012112306137832,0.0003187777329645,-7.178504742542336e-05,-0.0014257178367014,-0.0001399253590182,0.0012211999563474,-0.1740619469944091,0.0004911226295042,0.0008941697270739,0.406259010531632,0.0102460069448989,-0.0049623710987247
2025-05-07,0.0016623542553899,0.0010401368012594,-0.0005136355458679,-0.0006637237785273,0.0004967001155495,0.0006017145623249,-0.0299444489019663,-0.0013905130144098,6.623325602381214e-05,0.0910654520519197,-0.0002002425754494,-0.0049065424968554
2025-05-08,0.0009078140476406,4.265898941661071e-05,0.000530724470481,0.0014827762720596,0.0006623565845264,-0.0003796753129859,0.1629945615922375,0.0002461297835701,0.0009402310667029,0.0526199819256296,0.0045427418547304,0.0024102624488285
2025-05-09,0.0016740242893774,0.0010288909472931,-0.000131761790159,-0.002321594283846,-6.984198601909303e-05,-4.351623688088053e-05,0.0329952301562341,0.0083080991178966,0.0069182056021658,0.474673826311947,0.006389702049948,0.001924668105161
2025-05-12,0.0005830180022531,-8.04021367889491e-05,0.0004121705851627,0.0006132831778912,0.0010276402815287,0.0013393717217206,-0.0533017347781439,-0.0039002504264524,0.0027364008683907,-0.0082506441038439,-0.0021312077805609,-0.0001136565512571
2025-05-13,0.0053051326452605,0.0038250053248878,0.0002434550068775,0.0001229829140999,0.0010932966016073,0.0005420812949157,0.0586938765794247,-0.0043240460084276,-0.0015825801496981,0.3481370207079235,0.0023404606597525,0.0032090284013159
2025-05-14,4.673769844452458e-05,0.0013664741024085,0.0002745877034258,0.0020103323927985,0.00056581953753,-0.0017767583094306,0.2578473721173155,0.0051980075702157,-0.0013122827686399,0.2955625579662192,0.0038819576369637,-0.0043842045882382
2025-05-15,0.0001338488216175,0.000238106870477,-0.0001227501378973,-0.000719667176283,0.0005315613106719,-0.0007531215064494,0.2787491389143062,0.0002302353359232,-0.0014984820620883,-0.2296634005987227,-0.0001566617309343,0.0006553304597196
2025-05-16,6.900549538221232e-05,0.0006641536091555,0.0004090945340773,0.0007755592180994,0.0002591646347468,-0.0031350345554846,0.8512280951747956,0.0061469512569001,0.0003597908028463,-0.1198509159292941,0.0013152078892961,0.0039908567138903
2025-05-19,0.0015154118443065,0.0009282473966849,0.0001845921022128,-0.0007852751127786,0.0007844763789135,0.0014636682017967,-0.1194829081114124,0.0048187257013258,0.0006951899821605,0.3191589040255306,0.0058289676064844,0.0008277254224964
2025-05-20,-0.0011576664990754,-0.0011449778957938,5.246756452994858e-05,0.0011772446980139,-0.0002882937706196,0.0007050716080753,-0.1385052761277317,0.000833350963078,0.0041587025409623,-0.2327883731758453,-0.0046192212326641,-0.0013328360971494
2025-05-21,-0.0001947733456512,-0.0002576663925405,-1.9096022105634575e-05,-0.0003844291694901,-0.0003523829094819,0.0006355872175885,0.0058910622624068,0.0019534167301504,0.0051888027371549,-0.198773367847911,-0.0016763403564894,0.0056331556667691
2025-05-22,-0.0037322247496443,-0.0014533226757412,-0.0005499277381435,-0.001862166007869,-0.0007897064692678,-0.0010675443942675,-0.0509828473155871,-0.0005360661926552,0.0003294464665518,-0.0351996521893019,-0.0004458863462122,-0.001098948892695
2025-05-23,0.001183843855752,0.0001713750525379,7.175931590279171e-05,-0.0005452653382319,-2.2151411524689568e-05,0.0024477181436568,-0.2619983017342105,-0.0044229308311916,-0.0008925846974499,0.2307274147265953,0.006409711128811,0.0020659014823006
2025-05-28,-0.0025360342090646,-0.0014633270761987,-0.0002498165636722,-0.0006546846206287,-0.000410074228444,-0.0001408261886218,-0.2401463802778121,0.0035696780804671,0.0004208961694751,-0.1203700598000629,0.0002969976365906,-0.0055291582194103
2025-05-29,0.0003956148634842,-0.0006452696166436,-2.4888284438516224e-05,-0.0019381209490768,-0.0003678890478915,0.0025871639827575,-0.4952334698407976,-0.0051045252521867,0.0035158419831241,0.1346297600745446,0.002766650552669,0.0020068900354653
2025-05-30,-0.0003826126716324,-0.0003660708035422,7.248786520904986e-05,0.0019960787930132,4.960629806078342e-06,0.0001219845909375,0.044324916954792,-0.0013343014146066,-0.0015850674328398,-0.2866751279295007,-0.0011246533060028,0.0039241541514875
2025-06-02,0.0004587145723846,-6.291843117940633e-05,0.0005159402446651,0.0002984054393543,0.0004786066143923,0.002098752318203,-0.3273943331981869,0.0069879155915002,0.0049026240496107,0.0628595570530294,0.0023228798847655,0.006053373684675
2025-06-03,-0.0004965458418391,0.0002158070243283,-0.0002396037933515,0.0009318009570484,-0.0002018698254938,-0.0009049073922272,0.1930022575702636,0.0003582734008073,-0.0013720893827254,0.0994977687313746,0.0036163834547333,0.001801008168782
2025-06-04,0.0019485285933731,0.0011111005059977,0.0001223229375658,-0.0004160106826001,0.0004041647713301,0.002832932159483,-0.342134361965801,-0.0026662411705173,0.0019065533983527,0.2397121160291297,0.0023892278890146,0.0064069803743466
2025-06-05,-0.0010538474146131,-0.0002109123328572,0.0001997847219954,0.0008795833720499,0.0003816644621031,-0.0004625038167703,0.1872561077460615,0.006672635802561,0.0027101825750569,-0.1411748724039361,-0.001393992588598,0.0005999849818056
2025-06-06,-0.0009298243864512,0.0002411531338476,-0.0002357809174993,-0.001485126382654,-0.0005721703181585,0.0009494817988341,-0.0666351134049485,0.0016324436636427,-0.0001752484319335,0.301016133014947,0.0046645248935308,0.0001896176906511
2025-06-09,0.0013345099119067,0.0011220894465853,-0.0003436028357003,-0.0007629218939061,-0.0003481941680267,0.0005330901309654,0.1015573543164899,0.0092498463585754,0.0029390469791927,0.0908264222054398,0.0041854728020502,0.0040077515223307
2025-06-10,0.00022896819206,-6.618059986257264e-05,0.0002308629897715,0.0006630385685451,0.0007163477803486,0.00075875405386,-0.1233625378891687,-0.0043783581694728,-0.0023366532047981,-0.0800143791169611,6.141726623545428e-05,-0.0014322042463266
2025-06-11,0.0004649397958365,3.758672761693529e-06,0.0004970786080529,0.0012421326954912,0.000349321454806,2.110351072414068e-05,-0.0019771872424171,0.0026109333938581,0.0043074676889432,0.1752042935885275,0.0010916907609015,0.0048856254345938
2025-06-12,-0.0007190031634389,-0.0005626896910257,0.0002374238083537,0.0013616475138377,0.000133343450023,-0.0006675653938775,0.2404999865565592,0.0071469171744446,0.0044721280014808,-0.2122726456130211,0.0047993946002297,-0.0045005139477803
2025-06-13,-0.0002082962237525,-7.51640963672935e-05,7.229232536872639e-05,0.0010244892315944,0.0003994532770363,-7.82403803426784e-05,0.0542866940559609,0.0016483550712788,-0.0003378314127196,-0.3932292911202981,-0.0017323035495712,0.0010833917814376
2025-06-16,-0.0017837095365543,-0.0009232978342275,-0.0003626747222557,-0.0018257798829828,-0.0012919984937104,0.0008902696219775,-0.3183969692609392,0.0063608985242939,0.0095247564446992,0.0755720197294838,0.0089528799431542,-0.0001157369536182
2025-06-17,0.001597026575779,0.0007084259910422,-0.0002325250677203,0.0007661100893802,0.000630849172919,0.0014988626463196,-0.0025627449554039,-0.0017789394524038,-0.0066644685364459,0.0270886649118637,-0.0036812073025044,0.0009391069161458
2025-06-18,-0.0008797271186921,-0.0003812165960751,0.0003577965693768,-0.0004696952174597,-0.0002932077102287,0.0013875951589801,-0.4223613379665195,0.0025740550452912,0.0071112700728499,0.1472547751659708,0.0049401632970366,0.001464112809539
2025-06-23,2.065185514133765e-05,0.000431524110951,-0.0003415568388058,-0.000442759675678,0.000161570730346,-0.0004179242421372,0.1759623854818327,0.0072244250384984,-0.0006340374180615,0.2737567964499419,0.0031755069660117,-0.0023170616266883
2025-06-24,0.0011086842681257,0.0011805686613687,0.000277579500856,0.0021612978285043,0.0007601058856605,0.0002685693205675,0.1831496030587943,0.0026177885495666,-4.876883005121464e-05,-0.326068845169398,-0.0128139863354489,0.0003879464143727
2025-06-25,6.060332130117831e-05,0.0007775026974699,0.0002809776820772,0.00148609919763,0.0007226062618001,-0.0004196581385034,0.2582201112942396,0.0034880344602266,-0.0059777978767967,0.2233290960258292,0.002300302931352,-0.0068243167232395
2025-06-26,-0.0001738091965444,-0.0002169488630886,0.0001347139899219,0.0003548998850241,-0.0001312422140869,0.0001853681314117,0.1816920324152692,0.0088064728397456,0.0044766002806093,0.1078014820851677,0.0064954579204701,-0.0101533597833569
2025-06-27,0.0002580163310791,-0.0006496589769578,0.0001086256188875,0.0020060388171524,0.0003477781097502,0.0003683995386065,-0.0342290434764514,0.0009493060973781,0.0027337043904817,-0.1139890987653029,0.0021033305429332,-0.0052612985289445
2025-06-30,0.0011916512974274,1.4839140325556355e-05,0.000422969103382,0.0003951229341777,0.0006023102850757,0.0034736938302954,-0.4367914245473615,0.0039592339126484,0.0090610160809223,0.085530970551044,-0.0005443993354594,0.00205121528409
2025-07-01,-0.0002395758018862,7.000981721443314e-05,0.0001141865512625,0.0007399311837902,-2.3767932731654857e-05,0.0008268681067496,0.0367064852817704,0.0026559372731479,0.0002873417535144,0.1161890689401911,0.0018352835675421,0.0007052690998716
2025-07-02,0.0001256755560997,0.000251935691998,5.944064206846939e-05,-0.0004790902688467,7.339347498450051e-06,0.0012731880225023,-0.1716303291628911,0.0039309074338117,0.0040910294702579,0.1458800593273349,0.0053430148209521,0.0009687701264839
2025-07-03,0.0007677790168664,3.365149316084268e-05,2.184226570423382e-05,0.0005339244501393,-2.2361139005715997e-05,0.0004941546778205,0.020061074991657,0.0004532946447274,6.13568471009812e-05,0.0489547266661821,0.0013855590694144,0.0007435805335998
2025-07-08,0.0012435090781562,0.0005242158060444,-5.620333357673925e-05,-0.0001703508480635,0.000426169596265,0.0017631761159276,-0.3009910174529783,0.0011438985840581,0.0024797901108402,0.0937861539011672,-0.0020103658469747,0.0006504807469192
2025-07-09,0.0002081642783872,0.0007367130279289,8.98067120458292e-05,-0.0001860605154756,0.0001009999264186,0.0005296710848968,0.0023424010619863,0.0014211325131354,0.001859550765843,0.0912096203279358,0.0012971326080164,0.0033873466613461
2025-07-10,0.0008988259832397,0.0006362831826462,0.000379949122936,0.0012601024639983,0.0006693923450836,-8.657216597599145e-05,0.2393481825036854,0.0013303222882681,-0.0018466118253895,0.187510405950611,0.0050783156696158,0.0012168229948332
2025-07-11,-0.0005502099762893,0.0004136096507822,-3.753815919150944e-05,-0.0002245061490035,0.0001738659722735,0.000130591726589,0.0296854914514906,0.0071448858765126,0.0038693334300503,0.0773113570399599,-0.0015700586027713,-0.0014796224752409
2025-07-14,-0.0003437847328829,1.210129036669908e-05,-0.0002116788612691,-0.0007363120679821,-0.0004788149899677,0.0008382108783011,-0.0537120570219448,-0.002884294944472,0.000210175714934,0.0162875306449251,0.0063845113109921,0.0004463549446601
2025-07-15,0.0004261903080227,-0.0004307239261375,2.3214579377223615e-05,0.0001370273096729,0.0001447533516284,0.0013887210908047,-0.2015225871405632,-0.0031904336270122,-0.0008161709651917,0.007154942991587,-0.0014362841896092,0.0017460081437449
2025-07-16,-0.0001645832655291,-0.0001570751785315,-0.0001747554069894,-0.0017071383355483,-8.463603422680286e-05,0.0010182625027399,-0.266161317332486,0.0027215019184973,0.0046563938671765,0.1403497301036865,0.0030426633210808,-0.0008728259771933
2025-07-17,0.0003032211905612,1.99455684035213e-05,0.0002941601976002,0.0015284526101859,0.0004335746937685,0.0008935868232434,-0.0139594478107335,0.0020453336217121,-0.0008681816614126,0.2790962802701442,0.0035036611782872,-0.0002671526061919
2025-07-18,0.0011410312205768,0.0004120064840464,-9.088195601564328e-05,-0.0005093175251463,0.0002340205058601,0.0001360626500676,-0.1118590264002939,0.0041628934156707,0.0057371488291962,0.1413700528627646,0.0046084114630617,3.920034501542441e-05
2025-07-21,-0.0008046080639348,-7.93669140629706e-05,0.0001092588060227,0.0010237366199205,0.0001164603453199,0.0001227968260071,0.0874796544385343,0.0044015703859169,0.0027850669013401,0.0225829867641262,-9.9114741611216e-05,-0.0028908881409355
2025-07-22,-9.768411398352652e-05,9.413781435085788e-06,1.2354625304454907e-05,0.0005036696345766,0.0003436999802841,0.00010863395537,0.0507243826341153,0.0028454918765018,0.0029218237861391,-0.168912309795867,-0.0018548405931484,-0.0025752503003423
2025-07-23,-0.0007283637529661,-0.000199336152724,0.0002126935721018,0.0008759953303972,-0.0001648042582174,-3.4950233186565064e-05,0.1560933504997653,0.0066133511342157,0.0016482631415838,0.0869037702732282,0.0035576494325225,0.0001267650747291
2025-07-24,0.0010523336041386,0.0012579703592011,-0.0001174065459862,-0.0002752675114963,0.0004405431145004,0.0014341366860462,-0.0720295095265847,0.0001727551983364,-0.0019061171694276,0.0869734889964619,-0.0016288464234711,0.0004286805897367
2025-07-25,0.0001479749317774,-1.2418306986386195e-05,4.880095252562815e-05,-0.0003479521014251,-0.0001783404466421,0.0015604581681594,-0.2052316346635348,-0.0007342068941197,-0.0007595941364246,0.1881299724354329,0.0036000892229526,0.0045879244620581
2025-07-28,0.0013170333399862,5.847109908256433e-06,0.0002168342984714,0.0004336074202992,0.000424257298293,0.001413978771352,-0.1071782422315879,0.0026916115694873,0.0042631172449348,-0.0212496166764949,9.439522188559707e-05,0.0076494176629982
2025-07-29,0.001109452295812,0.0005804360690584,0.000262080504032,-0.0016527678260946,0.0001695700561406,0.0017372087781484,-0.1692146260820462,0.00248191375342,0.0048111682376375,0.4026120381503598,0.0066750483463485,0.0034216829438735
2025-07-30,4.5843482774939845e-05,-0.0002990782728799,0.000258890875297,-0.000626689547394,-1.3607381516383935e-05,0.0021980010954501,-0.1862122460281169,-0.0002979773211886,0.0028629780073751,0.3567612695513241,0.0066167602352576,0.0006910677192942
2025-07-31,0.0004879600990549,0.0003036881373208,-0.0004728460378131,-0.0021727888578663,-0.0005168568373631,0.0007031634177292,-0.0966359222627087,0.0092327697393416,0.0101176696327011,-0.0364006658512215,0.0014534382683234,0.0025577814653668
2025-08-01,-0.0005270811584128,0.0002368429912693,-0.0001137611488721,-0.0005971383240506,-0.0001475116687791,6.793960947552684e-05,0.0849095647183303,0.0039636988249872,0.001100017539721,0.236675462592267,0.002705154553632,0.0003181487262565
2025-08-04,-0.0044818094400013,-0.0032909072982062,0.0005829722473374,0.0022396556173165,0.0002937595154629,-0.00161006846192,0.0780762797577455,0.0094768810170779,0.0060892445008638,-0.1535731912046791,0.0002322592100466,-0.0009067681045383
2025-08-05,0.0015617845044904,0.0011785658216075,-4.9984314784092375e-05,0.0011891542350865,0.0004876001790407,-0.0007205574329892,0.3753915598382844,0.0016433920575968,-0.0008566906581649,0.0727667928430171,0.0004556082718574,0.0056316749232692
2025-08-06,-0.0010440561745088,3.289139341821598e-07,-0.000209645923326,-0.0006432451875837,-0.0004845943841952,0.0013466428727175,-0.2466381092033012,0.0137133566217558,0.0055713079227686,0.0717729178821651,-0.0005414327389964,-0.0003993987916271
2025-08-07,0.001239299598925,4.3730999007631614e-05,0.0001854529447132,0.0018209098977073,0.0008502196055197,0.0018501616835207,-0.2507579896058207,-0.0014207279959646,-0.0013487005839409,-0.13881352501381,-0.0010173929568614,0.0024010040981689
2025-08-08,-0.00024413371457,-9.709432643591023e-05,0.0001805934463636,-0.0005375255673832,-0.0003076298159101,0.0013802548806698,-0.0836166588601613,0.0032209244928929,0.0038269260504343,0.3035375946083609,0.0024180983844942,0.0003588591185309
2025-08-11,0.0009732229635267,0.000599797266423,-2.7953725691871512e-05,0.0009072932921916,0.0003708755388379,0.000667389670768,0.0350424122647811,0.00437749526206,0.0017056077000503,0.0732312496009969,0.0015088395149647,6.197686862925256e-06
2025-08-12,6.435559109891624e-05,-0.0003374988612512,0.0001669726792271,-0.0009246610598102,7.363124006222909e-05,0.0022586450134803,-0.3366153670189072,0.0032515728001841,0.0043521614125441,0.183419851279065,0.0017560347835775,-0.0017064313227136
2025-08-13,0.0011859324999337,0.0003978920238925,0.0002787085958214,0.0019443142020365,0.0007493721633215,-0.0003613710147889,0.1707444693982341,-0.0024222628624133,-0.0005934554887818,-0.1112878937143622,-0.001823775028437,0.0022374559318012
2025-08-14,-5.544993659286802e-05,0.0001431431603775,0.0002784715032943,0.0008583598449854,0.0004684281524722,0.0008196597885511,0.0139586668161944,0.004954234983847,0.0014710769969612,-0.0210388976223999,0.0003315904556539,0.0005195764048924
2025-08-15,0.0005467485125409,0.0003628120514934,-9.12324364918102e-05,-0.0012489296355832,-0.0003932241422355,0.0001983293821595,-0.0117247855924084,0.006038506347442,0.0043516053580203,0.1167760423496139,0.0029794282256201,0.003866073491751
2025-08-18,-0.0005235608500404,-0.0003030130836077,-4.4478319582596826e-05,0.0001601040494929,-1.7701880005579012e-05,0.0013942234994587,-0.126409807606722,-2.661784913161446e-05,0.0006693121800116,-0.0842848347253322,-0.0023802594739331,-0.0004457596499117
2025-08-19,0.0005568597696367,0.0001492022315688,2.7739893236774744e-05,-0.0009376561695085,0.0001346335377872,0.0013931605815044,-0.1818579647700415,-0.0008419246009231,0.0027245932402892,0.1256020991115895,0.0024609475357516,0.0044602575282982
2025-08-20,-0.0008079012799442,-0.0006956208335105,-2.0674167971888635e-05,-0.0004788983892293,-0.0004341673095406,-0.0004011005247016,0.0746608937532497,0.0021314270923378,0.0010157758837124,0.0866800907431681,0.0026972838817137,0.0004694558329737
2025-08-21,0.0008494850595414,5.426108807263083e-05,2.1436331220374657e-05,-3.63016185761528e-05,0.0003175793788849,0.0015447709492816,-0.2246771234247106,-0.0026338532528348,0.0027481211369671,-0.0566139265159656,0.0036683480525339,0.0005436928753769
2025-08-22,-0.0008218097750038,-0.0005332859914626,-0.0002557113941222,-0.0014770805979769,-0.0005586098303672,0.0015115951412787,-0.2735680834029064,0.0040293042401534,0.0035539539265055,0.216954805340907,0.0017416449569249,-0.000432976600498
2025-08-27,0.0014458881886644,0.0009089318051909,0.000353647438531,0.0030184103338999,0.0013963701153983,-0.0001611032967265,0.1955773947839936,-0.0021564166366567,-0.0028258110924299,-0.1265911500775156,-0.0024025413991583,0.0046304680419657
2025-08-28,0.0001448364803732,0.0007155183485713,0.0002565196995592,-0.0002720030058678,0.0002936171243559,0.0008515618015178,-0.1025040149138128,0.0100546531136222,0.0054474162980113,0.4091113946309784,0.0047848432123027,0.000239850483638
2025-08-29,-0.0002277070422931,0.0009460659038367,-0.0002417225158152,-8.38018582677629e-05,3.321736005966484e-05,-0.0006521086269377,0.3146876794271815,0.0020358364797837,-0.0027806853318461,-0.0427569000668251,-7.801164891520283e-05,0.0008828595197606
2025-09-03,-0.0009065945612006,-0.000343997322512,0.0003765280457973,0.000248127304858,3.60792496051753e-05,0.0019512537170984,-0.2012099061582904,0.0030637052978817,0.0028371930875619,-0.0638036818974138,0.0007599902431081,-0.0007310937860853
2025-09-04,-0.0002731782696414,4.088785347688851e-05,5.375793466874491e-05,0.0005840030054326,8.281454428163186e-05,-2.3924142600390623e-05,0.2194156889773499,0.0017006489526499,-0.0023196106405608,0.0518121973593767,-0.003886660089956,-0.0011616251987049
2025-09-05,0.0019054527377334,0.0007439426949847,0.0003668070856655,0.0008115492064519,0.0006759727558219,0.0017270348482138,-0.1130525231681591,0.0037961241127648,0.0013237688575888,0.1743922616612737,0.0041964511413284,0.0022941128236295
2025-09-08,-0.0016270506946424,-0.0006252116266609,0.0002165846842968,0.0014375567368506,-0.0001574302110474,0.0005390729682375,0.0308716203804908,0.0043536589781529,0.0021093023458266,-0.215634192419254,-0.0020969423494328,-0.0053655393275908
2025-09-09,-0.0003054261628858,0.0001665864093776,0.0001304204649785,0.0001912215835757,0.0001441153092105,0.0015240221832345,-0.0135300918229728,0.0089504034306625,0.0046436923786066,0.2529066250586111,0.0032638112772888,-0.0056810390618261
2025-09-10,0.0002339340945858,0.0004421413965376,-0.0001713984467212,-0.000853249318453,-0.0004291365072244,0.0011940101227955,-0.0887289228541966,0.0027654008795481,0.002451768121651,0.1835579310639839,-0.0036588467304432,-0.0019164168447912
2025-09-11,0.0007323435456297,0.0001858958725894,0.0002606501070163,0.0002217738128572,0.0005025750881767,0.0028629586629902,-0.3646122198057173,0.000462742401714,0.0021837661422663,0.1616618989706031,0.0050097797315967,-0.0006555508572302
2025-09-12,0.0003046425372253,0.0004553712701575,0.0003020744868795,0.0014212314480158,0.0004332279722366,0.0003215479556238,0.0984762487951311,0.0042038773771231,0.0002649655328493,0.0590006328360964,-0.0029034968425949,6.0621804364257344e-05
2025-09-15,-0.0001560920655092,0.0002529250998677,-4.0645462851972645e-05,-0.0005499070841933,-0.0003450226070874,0.0003809955520288,0.0470821969491899,0.0065877459600682,0.001936729278774,0.2612313580982198,0.0038814172843982,0.0037644303515251
2025-09-16,-0.0003808722871396,-3.700852701296919e-05,6.700706972985349e-06,0.0009239337156248,0.0004225711681035,0.0001820876964146,0.034532409685945,0.0020492626084873,0.0009241877388075,-0.0725904940911874,0.001776636279761,0.0016943019120271
2025-09-17,-0.0008939694434543,-0.0006791032516742,0.0001473599625718,0.0007869915265847,7.586713348488093e-05,-0.0001965350790765,-0.0073053850199596,0.0040061599293736,0.0038574882220267,-0.1842470988025187,-0.0001645636561501,0.0007241620792653
2025-09-18,-0.0001991247336307,0.0001617031699087,-0.0001967431386895,-0.0011149154301563,-0.000361794701907,0.0003966738489913,0.0957374230485225,0.0020320538198167,-0.0002540672574729,0.015258275436213,0.0001930548379499,-0.0013905700520742
2025-09-19,0.0017443904723852,0.0008175765046487,8.332293814642072e-05,-0.0002310573809424,0.0003296232205668,0.001838833650981,-0.2895600634338617,0.0021710560677977,0.0016148747668765,0.0348301610861527,0.0039646484915136,-0.0007036017871442
2025-09-22,0.0010919695036738,2.445236778107912e-05,0.0003118215919725,0.0005265449691213,0.0003028969883941,0.0015030134438116,-0.2334294976195226,0.0003508088664801,-0.0025953751737453,0.1567803609579706,0.0016924379175683,-0.0012224880862253
2025-09-23,0.0003606991172753,-0.0002821360794282,9.09456202966029e-06,-0.0001097943580748,0.0002790469291744,-6.613538230021562e-05,-0.0457543979317412,-0.001483578343397,0.002172267368309,0.0739162741276964,0.0018949000680646,-0.0007982872457694
2025-09-24,-0.0010795488441987,-0.0007804199605705,0.0001933233255576,0.00090404282961,1.019005870184133e-05,-0.0001195864570689,0.011260933659933,0.0014096608529443,0.0046725071170559,0.0384978519165064,0.0011337813893492,0.0037466213464371
2025-09-25,-3.2682878139833225e-06,5.353227986144624e-05,-0.0002034607134118,-0.0010638467699795,-0.0001269323998647,0.0010849384187096,-0.1017947103139732,0.0108243939278658,0.0087415789364293,0.118015882476666,0.0033123006301703,0.0039913880605784
2025-09-26,0.0002675527872984,0.0005762168511849,-0.0003102957224699,-0.0020928587409863,-0.0003788165660968,0.0016501128420679,-0.2131331225566836,-0.0007601761775877,0.0019403751321659,0.1749636020006906,0.0008351817208827,0.0016957495576035
2025-09-29,0.0014627209005147,0.0007431878184713,9.067965086672208e-05,0.0010768219751682,0.0005974592792134,0.000635710920649,-0.0360580620142373,-0.002364759471054,-0.0013131298224056,0.0178963331159771,0.0042548433509135,0.0028613698770277
2025-09-30,-0.0009019053588229,-0.0001210022490524,-0.0001222059248681,9.41458245272079e-05,0.0001357636853576,-0.0004286474193695,0.0802323043727346,0.000977689146373,-0.0020716540628062,0.0403447861090651,-0.0029010492925607,-0.003111171211651
2025-10-01,-0.0004188363165909,0.0003292377053378,7.781548910543401e-05,0.0010728888404993,0.0003799994612006,-0.0007596007663989,0.1249673386928742,0.0065470026495984,0.0029810932472062,0.1608123091637003,0.0007978175674367,-0.0014790519263472
2025-10-02,0.0007129193853897,-6.646443275650646e-06,0.0002385239211008,0.0001508726435819,0.0004618826346023,0.0013892033949455,0.0012257311053818,0.0025011060965816,-0.0002508102470471,0.1314599370580991,0.005316053467133,0.0006124580017836
2025-10-03,0.0003151202089018,-9.024018227888192e-06,0.0001893920587046,-0.0002045780650306,0.0001847860578505,0.0014331900710853,-0.2248221412873737,0.0018885046671372,0.004593630659204,0.0339848684037339,0.0009793011011389,-0.0025160063385686
2025-10-06,-0.0004491814811286,-0.0004529121805864,-9.27945082349276e-05,0.0002133167702052,-0.0001860870699848,0.0012204403592203,-0.1280246900228626,0.0023459364789518,0.00169122296294,0.0437151372579094,0.0017954738475935,-0.0042693528938096
2025-10-07,0.0004107754269049,0.0002990383345158,1.0426863660177153e-05,-0.000104516654049,4.5790135807907285e-05,0.0016519860204707,-0.2324240160821336,0.002005315512996,0.0032980763602998,0.2562555434240633,0.0017725657711211,-0.0035894596041284
2025-10-08,-0.0003544443399782,-0.0002753589618268,0.0001385986485321,-0.0006449206323628,-3.550801475067457e-05,0.0006374320014528,-0.1531309766099838,0.0033461476523733,0.0040940688977006,0.0769177883047423,0.0014195620836674,0.0009503137990204
2025-10-09,0.0016902368138949,0.00105496476793,0.0001138471923735,0.0002140028872871,0.0005449431046871,0.0014167356395932,-0.0678986773772567,0.0002342721531658,0.0007026949013824,0.3331220571131323,0.0064616865253368,0.0007850280066729
2025-10-10,-0.000297360264866,8.019843823848574e-05,-6.564593305519542e-05,-0.0012898173438768,-0.0002915195890252,0.0011168213981031,-0.0745348653429417,0.0049811538688804,0.0023765459695109,0.1322980623968821,-0.0007656224488585,0.0005270515935653
2025-10-15,-0.0044633223247758,-0.003536872722851,6.577620191460694e-05,-0.0011840768119877,-0.0013902951558717,-4.301286829595731e-05,-0.240616068594073,0.0024753708862366,0.0071007774597871,-0.4383347417025957,-0.0019271498753118,-0.0028842820848262
2025-10-16,0.0002965026078979,-0.0003054970278288,-0.0004341428005477,-0.0001947154269004,0.0001971432639197,-0.0002332664810793,0.0899572209251487,-0.0049911516736593,-0.0007624007599708,0.0862733100138429,0.0045129748608445,0.0011437280534405
2025-10-17,-0.0021462952852375,-0.002468710309698,0.0001766003121824,-1.6596267121466692e-05,-8.057035306809757e-05,0.0020794201712649,-0.6918901084540859,0.0062887488241648,0.0065913312432765,0.0071560335828371,0.0026531446340482,0.0025149335372736
2025-10-20,0.0019711658049699,0.0003989320868263,-0.0001834958617368,0.0001274484230044,4.677310647468522e-05,0.0013317229343999,-0.0999060525497483,0.0011246166683936,0.0029923150572197,-0.0215176106442891,0.00140512767759,0.0117733457096622
2025-10-21,0.0021198159447893,0.0024293116071746,0.0001617098266835,0.0007817602881998,0.0010655015143322,0.0023606808789532,-0.0500733183347817,0.0031788198730342,-0.0013811057972968,0.564519272387552,0.0058186946745657,0.0030590954030287
2025-10-22,0.0003054972285857,0.0004823705218847,0.0002602378966351,0.0002110898922271,6.179826530439107e-05,0.0012058904665221,-0.3063624081480023,0.0046516007971515,0.0049320754576819,0.0851667438710215,0.0015233859219853,0.0031398727324268
2025-10-23,-0.0006732628490976,-0.0001939311871899,-0.0001244898545253,-0.0008955122341712,-0.0002522045572212,0.0007124186198942,0.1579938563995585,0.0040707726253331,0.0039556050723765,0.1478414311574279,0.0005091936756836,-0.0044824674129846
2025-10-24,0.0010993224659063,0.000920649321351,4.541424410760188e-05,0.0008849196264105,0.0003892347151502,0.0006957747548624,0.1265375172144359,0.0004198359951443,0.0013570479532101,0.0433798521593396,0.0012280395396563,-0.0059577784733017
2025-10-27,0.0008705715155978,0.0006728500216746,0.0001071924456307,0.0009153037005479,0.0002820963761554,0.0002385716400958,0.0219657023664097,0.0029285740419224,-0.0005336884677675,-0.092487422152223,-0.0010218391160151,-0.0056492041104169
2025-10-28,0.0011241323071517,0.0017373452842731,0.0001397061532681,0.0010381320502611,0.0008909496289594,-0.0002954170722751,0.136358694354521,-0.0001009029445294,-0.0033340493762127,0.1308521882616655,0.0026364006340976,-0.002119191433504
2025-10-29,-0.0004531671527161,0.0003146964477477,9.492777074443176e-05,0.0006116249155243,0.0002280090098513,-0.0001147400940046,0.1987293664972899,0.0018788220567782,-0.0044530064187898,0.2387180822325306,0.0029872526542133,0.0007604934729947
2025-10-30,-0.0006209220000118,0.0002087777637661,-0.0005120548106771,-0.0020652457641632,-0.0005076214273633,0.0001830261410389,0.0066815419576971,0.0029863163565666,0.0030031702685592,0.0292266117031774,1.1687433212998052e-05,-0.0004372764157821
2025-10-31,-0.0001090754722096,-0.000463428004398,-1.3814140339572222e-05,-0.0022236189079817,-0.0003853611192471,0.0019367119095108,-0.1668000149509971,0.0014088551322727,0.0020044074216737,0.2157586148341028,0.0028181717539918,-0.0006726369306323
2025-11-03,0.0004578016131641,-0.000243079332723,4.458501551909007e-05,-0.0005599062756406,0.0002029936385426,0.0006558560947069,-0.2157856083859778,-0.0006047161132858,0.0030092530417991,0.0167821313910805,0.0022152263119199,-0.001179700861354
2025-11-04,0.0002846855054942,-0.0001893924710256,0.000277240208065,0.0001862430695638,0.0002517259769343,0.0012251824866474,-0.2220688753698851,0.001011109622941,0.0028115470507265,0.1585893661320968,0.0015881712530664,0.0006417530216244
2025-11-05,-0.0021047218621589,-0.0011029417823185,-0.0001120213793672,-0.0011374612743059,-0.0008501662499586,-0.0001901215683294,0.0297899708612266,0.0067010926129396,0.0062271232311087,-0.0565443051100044,0.002098897710842,-0.0029573331617729
2025-11-06,0.0006776059782377,0.0007170851575689,-0.0002827821554097,-0.0003143648763265,0.0003429208531297,7.067276349455396e-05,0.0442911731865736,-0.0006068790950396,-0.0001262402271909,0.1203810318924311,0.0034241555421536,0.0017952077711642
2025-11-07,-0.0013970708721402,-0.0011735416182234,0.0001068142247073,0.0006955691519707,-0.0003192981873383,0.000904408879411,-0.2090856123464839,0.0011925888054748,0.0019217591187413,-0.138375597916727,0.0016158612919609,0.0014221386231912
2025-11-10,-0.0002151942758088,-0.0006315448063231,-3.515609160028931e-05,0.0015315699930638,9.78092506612217e-05,-0.0005028228697406,0.0093610964209743,0.004280820845316,0.0039849622169048,-0.0971027348533521,0.0006345060701796,3.09942338107814e-07
2025-11-13,0.0017973440651395,0.0014637086015286,2.715756631981217e-05,0.000566764598085,0.0009583953504771,0.0017254931963204,-0.1283942311432492,0.0034948893777415,0.0015379292127123,0.3523420262376861,0.0051481427616787,-0.00318063545006
2025-11-14,-0.0027220158719539,-0.0012114140146873,-0.0001768324520796,-0.0012375955767435,-0.0011100429962956,0.0011072856267361,-0.4005697096139667,0.0019064096085901,0.0027124916903784,-0.1367630588131765,0.0009430069154799,-0.0067755511810555
2025-11-17,0.0005141935826123,1.463841424938328e-05,-0.0004491924026892,-0.0020392057702977,-1.7769839993870643e-05,0.0009130127945049,-0.0241322421376693,0.0020221062806332,0.001499998488589,0.144412181100196,0.0035841768868678,-0.0009628341395585
2025-11-18,-0.0014618949797643,-0.0013006550860872,5.632698787612379e-05,-0.0008916716078555,-0.0002535349924304,0.0008121255969621,-0.3063986758559529,0.0033324469681502,0.0048042220500949,-0.0276582236049569,0.0002605916326342,-0.0031999723996819
2025-11-19,-0.0012164266100526,-0.0012719159193766,-1.4570273549069966e-05,-0.0013206066616666,-0.0005016372979287,0.001408270348059,-0.443874877168445,0.0006439265436269,0.0042945083276218,-0.0245715604209766,0.0005784343777746,-0.0008218141573148
2025-11-20,0.0009496191545755,0.0001466818047917,3.224334713411399e-05,-5.6274100629366815e-05,0.0002637257764086,0.000892398584953,-0.0190360503076869,-0.0004788435090397,-1.925907987656932e-05,0.0645077615620569,-9.34472051224548e-05,0.0005832691399732
2025-11-21,-0.0023649623529311,-0.0011986757852986,-0.0001186230975371,-0.001111937247831,-0.0008195423322119,0.000759269868916,-0.3833851675950472,0.0032202739404496,0.0047884037428437,-0.0428350661722379,0.0018296991188964,-0.0041934064841083
2025-11-24,0.0017263962129094,0.0009404196978109,3.3416641538970425e-05,0.0005826995125023,0.000851356282855,0.0006041004936759,0.1499790469376676,0.0009073136590222,-0.0033429817657985,0.2277879295415628,0.0014219838737875,0.0002813456424612
2025-11-25,0.002557805609635,0.0016944318982438,0.0003970136762482,0.0025656710219989,0.0009787935080127,0.0005639715659899,0.1184437215806909,0.0004831844864088,-0.001141604313312,0.1214308183834471,-0.0022595198109278,0.0020474981035867
2025-11-26,0.0016011607349136,0.0014073064919426,0.0002668464103315,0.0009551134233472,0.0007163722850347,0.0011493661458127,-0.0121726626703113,0.0005485426734941,-0.0031915599061786,0.0658775520250225,-0.0004757800501909,0.0004953632345448
2025-12-02,0.0001799236698152,0.0017332326814844,1.434277176538557e-05,0.0011526219863732,0.0004554704313652,-0.0001804070025576,0.3678348330449257,0.0029736609949901,0.0001322137855557,0.1005945690651063,0.0012350811708176,-0.0021612836341514
2025-12-03,0.0002982296235598,0.0007354208373028,0.0002867348631915,0.0001049232569402,0.0002187216952446,0.001124584757057,0.1886545353876513,0.0064530666620577,-0.0020929286493838,0.3713391250490817,0.0040690871748024,0.0018142409314474
2025-12-04,-9.858764152238777e-05,0.0004307519498544,0.000235601084246,0.0011742088463065,0.0002058586923381,0.0004169252571539,0.1731768590045733,0.0011197161222978,0.0008289700742844,-0.021340777914441,0.0008620805797126,-0.004186561085537
2025-12-05,-8.808765299244058e-05,0.0001906744253173,3.2772693280635995e-05,0.0002586587056344,0.0001265223148451,0.0011598990998043,-0.048180485243077,0.0077629938955043,0.0028558354990532,0.2123788079677823,0.0035406247491876,-0.0013031924089376
2025-12-08,-0.0002326902552901,0.0003710684033629,-0.0001788871790055,-0.0009607880056759,-0.0003427510210096,0.0005226302999628,0.0361098851321876,0.000995804720936,0.0006911833088524,0.0009228550205946,0.0014572790856942,-0.0001647449563174
2025-12-09,0.0001183317744755,-0.0004316795858672,1.2742599882984642e-05,-0.0009587355536099,-4.7963247905936815e-05,0.0012485000308334,-0.2364470874967704,-0.0069230665265214,-0.0011307185851693,0.0411033196607268,0.0009852767533487,-0.0001398845371059
2025-12-10,-0.0006963018184439,-0.000338060206799,-0.000174130263307,-0.0003091382266313,-0.000306187998496,0.000822867561114,-0.121328604982879,-0.0023290845712245,-0.001186090284731,0.0580258664134124,0.0012522423141045,-0.002620398990148
2025-12-11,0.0009847367017193,7.652857265978925e-05,0.0003812478068969,0.001288103663141,0.0006728477616563,0.0003849967132679,0.050527018816965,0.0023807043118918,0.0005351665223664,-0.0072795707631469,0.0014414689682014,0.0009386697327109
2025-12-12,-0.0002693967749414,9.37056118598556e-05,0.0003000873185822,0.0020162141962135,6.856811114743792e-05,-5.010274967740219e-05,-0.0193215296267892,-0.0002608677170967,0.0009533096589642,-0.0514921458760586,0.001386986095625,0.0050374949946452
2025-12-15,-0.0012808606426334,-0.0001901861601961,1.0993462810599958e-05,-0.0011299829521799,-0.0005030190242457,0.0018067136151894,-0.2264766327148392,0.0066777478863743,0.0053641520742168,0.0942137347850245,0.0018547027460564,0.0058695130682324
2025-12-16,-0.0006422565025959,-0.0005743929409306,-7.755704278751544e-05,-0.0005420337351179,-0.0002365870325855,0.0004200278177089,0.0340226485469421,-0.0012804048515149,-0.0016035159075158,-0.0633034376236192,0.0006528012539859,0.0057035731877816
2025-12-17,9.51481141801674e-05,-0.0003872998183019,0.0002105676859872,0.0004305385895834,0.0001879916329311,0.0020062323117643,-0.3163276462054563,0.0006154105418507,0.0017593032464933,0.0540671125306546,0.000755301157639,0.0079821751311883
2025-12-18,-0.0013327170908111,-0.0011373820230338,-0.0002309995491992,-0.0019553552303053,-0.0009512642537354,0.001078149539753,-0.19187520572582,0.0006848506207271,0.0028884138531969,-0.0068319635381338,0.0029695190640551,0.0053411856198809
2025-12-19,0.0014747613439818,0.0003346679210483,0.0001012569360718,0.0005410895576133,0.0007733803313254,0.0019132472929058,-0.1948394303827174,-0.0046127885557637,-0.0012388266385914,0.1394229603137699,0.002319647144823,0.0077772687536866
2025-12-22,0.0015787055651672,0.0008913760346101,0.0002009289795424,0.0008051862122304,0.0004689278641952,0.0016261053736051,-0.2092579751348031,0.0030536638723767,0.0027445673498524,0.0988197549060534,0.0014810936433475,0.0071449118068373
2025-12-23,0.0004999529903233,0.0010055266245845,0.0002838713263895,0.0014982456643709,0.0004911851886048,0.0006184296150605,0.0944850451297912,0.0025583915570492,-0.0008772621987257,0.22786325176532,0.0049635134259316,-0.0011204954575025
2025-12-24,0.0002673139532045,0.0009119955631369,0.0001179529316102,0.0006813925938017,0.0003680004055764,-0.0004254253084157,0.1278808481423617,-0.0040087614041341,-0.0020418784194091,0.1485261670650487,-0.0006055899217491,0.0018354274895274
2025-12-30,0.0001401269361349,0.0007651187532056,-0.0001794265698855,-0.0023168506150828,0.0001852383598725,0.0005539368258952,0.1307112634867401,0.0021093199476841,-0.0009692765752418,0.0945895461572295,0.0012935937017691,0.0023288696502278
2025-12-31,-0.0003776620262352,0.0003272850150301,7.259845880298519e-05,0.0004462138902574,-7.567605569678426e-05,0.0004761106205614,0.0550837771960495,0.00272891848564,-0.0006973275487582,0.0275898605401283,0.0031562455804376,0.0044237628032962
2026-01-06,-0.0010189999765354,-0.0002574316284027,-1.0156880009285808e-05,-0.0016678281565037,-0.0005965425637718,0.0010481007429396,-0.0983218800482635,0.0069453257026505,0.0013375991561028,0.1986628034928822,0.0046638400074312,0.005184234354917
2026-01-07,0.0003270100188988,9.297425589272976e-05,0.0003307194024553,0.0003370662955652,0.0004388247899962,0.0004305662105874,0.0381391264976845,-0.003089138539672,-0.0008231882553419,0.0695101668321124,-4.501431602607045e-05,0.0015883625406834
2026-01-08,-0.0007408476756428,-0.0008840075029349,-3.641090485339808e-05,-0.0005068185147597,-8.415228263912363e-05,0.0007815221324016,-0.2107904296190671,0.0071957607388392,0.0057729349855006,0.0625502432836747,0.0003431532152376,0.0029543692701827
2026-01-09,0.0005277230745386,-0.0001437083191245,-6.709761559213423e-06,-0.0005345763794007,-0.0001923861369377,0.000494021160654,-0.0528725350679728,-0.0015267182946237,0.0022259505004007,0.0113546201881027,0.0012654497027186,0.0048403585886568
2026-01-12,0.0013143318712342,0.0006065300297158,1.032477307411341e-06,0.0002101588325786,0.0004287631707736,0.0010591030005017,-0.0803644946035143,-0.0006531498999866,0.0012197106434138,0.0640645232870573,0.0001170031484422,-0.0006948632499606
2026-01-13,-0.0004492407444056,0.0001123551368536,0.0001267806436667,0.0013243558225522,0.0002513444577617,0.0003786395533215,-0.141025412924491,0.0049200809965355,0.0035045862081432,-0.0981374064076232,-0.0002691969687288,-0.002026698116216
2026-01-14,4.554127824076453e-05,0.0002113429484371,0.0001080058310626,-9.286850307145576e-05,-6.326504062222364e-05,0.0002455983419069,0.0677068606514692,0.0009248307819521,0.0005903958562459,0.1378155718095984,0.0032460024677811,0.0017597900943068
2026-01-15,-0.0007106973650047,-0.0002608538427149,-0.0001640053659681,-0.0011333505588436,-0.0001050768070366,2.925358137689186e-05,0.0869862979329412,0.0008745899434838,0.0005678818411501,-0.017356960153784,0.0012187207661377,0.0002840209008983
2026-01-16,0.0001967240582528,0.0007136956672668,-0.0001821181238857,-0.0003308374759701,4.774903446533811e-05,0.0013141949984096,-0.1066949408105136,0.0017049763208453,-0.000585412031497,0.0566013089458097,-0.0022713257731415,-0.0001449278338954
2026-01-21,-6.947496280652478e-06,0.000427730016495,-0.000190835956588,-0.0005457903595147,-0.0002993219879872,0.0004769892157579,-0.0587112614924224,0.0045548823847907,-0.0003622974595579,0.1146772339200036,0.0031449342505307,-0.00274130805692
2026-01-22,0.0021531755154185,0.0012722352108516,-3.989556489293069e-05,-0.0003782255334305,0.0009397802149661,0.0006826027126822,0.1706011771262374,-0.002887987384216,-0.0048479611342069,0.3294206872175741,0.0052014279704282,0.0028986469802661
2026-01-23,-0.0003858887336034,0.0011579816038843,-0.0004147483061415,0.0004635211446697,0.0004782244615585,-0.0005659618247309,0.0886489573767189,0.0084447727778117,0.0065297924476233,0.0876210337968273,-0.0005079845272272,-0.0052979899470449
2026-01-26,-0.0007219234886327,0.0013846223234411,-0.0012367792562946,-0.0013781446782631,-0.0001369814145411,0.0007160259179688,0.0188750065358461,0.0053113377826666,0.0021823968004316,0.1078508764553254,0.0008530330599878,-0.0247871110832531
2026-01-27,-0.0004380104421824,-0.00038659778305,0.0004319912763914,0.0010548684139229,0.0005859473896298,-0.0007172928118195,0.1208866859098059,0.0016863193304367,0.002016593191751,-0.2134293313816239,-0.0019524157736647,-0.0307359894456191
2026-01-28,-0.0002612427140033,-0.0002252875650091,0.0006106877157424,0.0020665390565904,0.0002607004359446,0.0004522550561739,-0.057644331365127,0.0078529703447619,0.0041230009473442,-0.2155531090028828,-0.0013382620582635,-0.076576840672897
2026-01-29,-0.0004621928882937,-0.0003346247316546,0.0006165914526563,-0.0006756843881109,-0.0004084794869425,0.0012998144205433,-0.0877149147234354,0.0117601743341991,-0.0020884252999405,0.2188286332639093,0.0027201567669412,-0.0404898692130328
2026-01-30,-9.347540884703244e-05,0.0002096900200668,0.0001675028266629,-0.0002084029153204,9.291807154292444e-05,0.0011979740876277,-0.281025262373402,-0.0002631712534699,0.0026986393051381,-0.0061384419371019,0.0078560638722579,0.0043899800177712
2026-02-02,-0.0002737129564781,-0.0006246946642854,0.0005043565025296,-0.0001766971430359,-0.0003377022111382,0.0020009467459956,-0.2133455360987547,9.397735930685496e-05,-0.0006953498286144,0.1917100420430492,-0.0006451865407278,0.0474890359258031
2026-02-03,0.0009771694745183,5.304442212398228e-05,0.0003853653153641,-0.0001405049881324,-9.702925584069997e-06,0.0007438960576918,0.1439604126897362,-0.0062499319858021,-0.0027758908360129,0.0990515043468562,0.0012243563324374,0.0317182510464801
2026-02-04,-0.0020029605673746,-0.000474970267695,2.468348322521705e-05,-0.0005420849684128,-0.0003227609959244,0.0007225193729593,-0.1142621750900405,0.0004272411826314,0.0014758697676251,0.153435916108642,0.0012091498411784,0.018095804459069
2026-02-05,-0.0008143711063751,-0.0009416652406907,-0.0004261248723933,-0.0001872849186191,-0.0003842436916776,-7.195552507683722e-05,-0.0523880225656231,0.0055344503659595,0.0034188015939655,0.1490857995523849,0.0056483974073639,0.0422751115394653
2026-02-06,-0.0022890045556357,-0.0016382774992759,0.0003628305081125,0.0001307568795163,-0.0003648233487882,0.0006814193561472,-0.2393480630804275,0.0017929825926346,0.0087860825746254,-0.1695384790937398,-0.0025593567700581,0.0281192273476857
2026-02-09,0.0030224396779629,0.0017934117540125,0.0002253312810676,0.0013677596191958,0.0012969556725165,0.0009673963589372,0.1229017143602655,0.0006436660765953,-0.0034369127990188,0.1759467892159548,0.0054865303903129,-0.0092626041495534
2026-02-10,-0.0006265829531711,0.0004067120778642,0.0003582357373159,0.0016491025388918,7.369390899520826e-05,0.0006012984199381,-0.0422549592653453,0.0059518043762696,-0.0018505355914673,0.0683273681904997,0.0002385731813622,0.0175545440065098
2026-02-11,-0.0003828486349682,0.0001801428208854,0.0001182496439564,-0.0005740393449501,-2.1580124113849576e-05,-0.0002378012557926,-0.0010416222391863,0.0024543972775339,0.0022800869846481,-0.0298167379327874,0.0004480738855247,-0.0053782862963655
2026-02-12,-0.0004653384718202,0.0005430803127443,-0.0002953184651545,-0.001661077967887,-0.0001722134016585,0.0007253874905817,0.1727497075446566,0.0038900714546723,0.0018700721601078,0.3107295636097854,0.003440315806275,0.042475996981775
2026-02-13,-0.0022307996362818,-0.0015770839929419,2.04542335621138e-05,-0.0020171508399102,-0.0007284986701191,0.0023806104289941,-0.3818215874676106,0.0020596206274406,0.0015811200671836,-0.0924566109831802,-0.001158485579992,0.0123312088545676
2026-02-18,5.986662340621808e-05,-0.0008158825445562,0.0002353111580732,0.0004173277638371,-0.0002062276287046,0.0005020795172018,-0.0159801619171263,0.0026710268241207,0.0043966493999521,-0.123552099112521,0.0016249227349805,0.0148833662597273
2026-02-19,0.0010962075282039,0.0004240700255331,2.9940293754094076e-05,-0.0003861999059377,0.0003323321295492,0.0018598707401328,-0.2114367977106101,0.0009346770936645,0.0014503618922143,0.2810431712356301,0.00789221530759,-0.0016084840900466
2026-02-20,-0.0003530821179206,-0.000160976703153,6.128493198456669e-05,-0.0007290818887407,-0.0003669123685653,0.0015888020694948,-0.3472749865798654,0.0017311370081275,0.0042696183118091,0.0252262964276526,0.002189332790693,0.0030012375065763
2026-02-23,0.0008981365748386,0.0009205354304983,-1.5425476004311843e-05,0.0004811294652012,0.0005091406685862,0.000330631249542,0.0988401668459767,0.0010280799159336,-0.0002678594512812,0.1287969393309547,0.0023799110822173,0.0051165333382748
2026-02-24,-0.0016232217626672,-0.0005636989651954,0.0001450828640613,-0.0005582846726579,-0.0002238621675194,0.0004328563274364,-0.0493812462769004,0.0062434201735747,0.0032350228471694,0.1160717475062956,0.0026518697373766,-0.0015800124672908
2026-02-25,0.0007580785727345,0.0009072153487502,-3.522523333051184e-05,0.000103505175156,0.0003042943106278,-0.000574470414358,0.2599432912936784,0.0011454016446472,-0.0025117406096199,0.0223028388329605,0.0007372923091946,0.0039210422973708
2026-02-26,0.0008957413868724,0.0010882919576512,3.232536703100237e-05,-0.0001931270983616,0.0006045376666104,0.0009359762121769,-0.0113701402928523,8.276372164369469e-05,-0.0017536548448953,0.1720582122549044,0.0017547856795583,0.0018369957885317
2026-02-27,-0.000510162547636,-6.310985014847504e-05,0.0002438253297571,-0.0001323779782457,-0.0003381300696499,0.0011925354710316,-0.2061250693048798,-0.0023587107501884,-0.0021305979002258,-0.0056336782308571,-0.0018614561183742,0.0028477273649831
2026-03-02,-0.0011034174909562,-0.0010354558900977,0.0002142041113887,0.0005589838780143,-4.118190153510225e-05,0.0002953010185056,-0.0150468509787389,0.005577313974822,0.0066452711619108,-0.0051948249783466,0.0079615048158463,-0.0010098412466104
2026-03-03,0.0007120815618585,-5.6981495929000166e-05,-0.0002132779833279,-0.0029946101179744,-0.0001721223393832,0.0023232310900213,-0.3524975434454415,0.0076162381565175,0.0086706514161369,0.2987972289640394,0.0051692066343423,0.0037212491193974
2026-03-04,-0.0007000126550895,-0.0010628466202305,7.705033960383364e-05,0.0004974662470592,-0.0009751963271197,0.0016290465008366,-0.2986821790121916,-4.962838432138973e-05,0.004417688992819,0.1570804507520687,6.620188055362925e-05,-0.0029850793607819
2026-03-05,0.0014793552005432,0.0013082554917182,-0.0002867565845499,-0.0007388816652099,0.000858156682377,0.0002459948185039,0.0430742456909854,-0.0063983102530962,-0.0020587667549514,-0.0221837813246821,0.0019446595072422,0.0058827615145964
2026-03-06,-0.0007571966403046,0.0005122731163777,-1.2425624869387764e-05,2.009266825846592e-05,-0.0005607734937739,-0.0009302590787117,-0.0938823954247376,0.0055875066753453,0.0021760941074266,0.1659560188118574,0.0124762035228428,-0.0065833204615003
2026-03-09,-0.0025959567968683,-0.0019841790839081,-0.0005689995499199,-0.0012835144399894,-0.0007268054175638,-0.0017825550175808,-0.0561646357769276,0.0056886303944657,0.0037617052781422,0.2507516888376407,0.024766943884206,-0.0029895978274982
2026-03-10,0.0019610541692766,0.0014478966474244,6.103595053408138e-06,0.0001708594611981,0.0010737722939423,0.000430552205452,0.2739001685860416,-0.0035574126288368,0.0015650659049153,0.1874910993678644,0.0167869043302195,0.0049279568072092
2026-03-11,-0.0026057276024267,0.0011714938075873,-0.0001160805183607,-0.0001638682575319,-0.0005318610145965,-0.000830989067372,0.1757874084002093,0.0042994211633054,-0.0105767903567369,-0.1621568438611851,-0.0319646679742788,-0.0022020815805568
2026-03-12,0.0005391389339115,0.0014601362650505,-0.0003485396700187,-0.0012927044696386,5.338811410621369e-05,-0.0002254238038465,-0.0140130803574598,0.0030775343966306,-0.004374116174161,0.508953491088482,0.0131896154437551,-0.0017173929386345
2026-03-13,-0.0012175065506626,-0.0013799022628824,-0.0005101198410418,-0.0023270967347285,-0.0013708885252551,-0.0010388878105767,-0.1214939667537616,0.000234995458419,0.0058888677230322,0.1022706555529382,0.0129347608943308,-0.0019829293222125
2026-03-16,0.0010207103057259,-0.0014755826102486,0.0001471042337222,-0.0014116244713076,1.7920279066880442e-05,0.0016018977094161,-0.3442649761575347,-0.0020431415344128,0.0074864573564993,-0.1220130355194053,0.0097962247715129,-0.0019386489092906
2026-03-17,0.000610024721743,0.0014857082167825,0.0003031731501481,0.0016662641613001,0.0004053197884247,0.0007473865166276,0.4057867087998946,-0.0050171272784878,-0.0056632196789,-0.0465124401481424,-0.0147534271959423,0.0045480545086065
2026-03-18,-0.0001021088325474,0.0015257711263225,-6.575664082515391e-05,0.0006701470111279,0.0001801451688456,-0.0008928952680854,0.2448157105484645,0.0067774883416563,-0.0043123206120101,0.4041918422680074,0.0014174900502858,0.0027221108121151
2026-03-19,-0.0022789942409394,-0.0002149673232147,-0.0005775072845769,-0.0014788759127476,-0.0010200103879417,-0.0013488671633694,0.0506430120777112,0.0069398648174697,0.0043640968039164,-0.114800296104561,-0.015485346651106,-0.0007617910865865
2026-03-20,0.0008014676435432,0.000263827459689,-0.0002395122909337,-0.0014025821247747,0.0001922995796003,0.0003680327528195,0.1885147974060836,0.0025649314154841,0.0043396532381657,-0.0654228679644076,0.0108230422529969,-0.0001615498473164
2026-03-23,-0.0021362688486901,-0.0005511412350692,-0.0002979312520226,-0.0013985610276852,-0.0012253089373807,0.0008217511001276,-0.1062678617836505,-0.0038360332991679,-0.0040296651728746,0.2343462968522396,0.0049921835775759,-0.0020674136932417
2026-03-24,0.0012862917244192,-0.0006925829180794,5.291461633462895e-05,0.0008383687086243,0.0007385982812781,2.47677317266454e-05,0.0717809138133863,-0.0074040151193923,-0.0117617567155105,-0.3234605937380773,-0.0121819988237386,-0.002626798737687
2026-03-25,-0.000184338480921,-0.0002848964313185,-0.0002384666774997,-0.0009478905517644,-0.0002583315846724,0.0002079021811019,-0.2581695464266488,0.0074938405290291,0.0123813402349528,0.0581847504354399,0.0114957422605385,0.0037349710855952
2026-03-26,0.001513365846732,-6.792450719908186e-05,0.0003159458915784,0.0010116341589937,0.0007786417421075,0.0014863169921454,-0.0097743946283636,0.0021425781317656,-0.005061324120732,0.2378419039823373,-0.0047871041978288,0.004804487132818
2026-03-27,-0.001860365366015,-0.0011687210736945,-0.0004828874231985,-0.003179431792294,-0.0013810600343923,0.0012328975586203,-0.6019861623441847,0.0075091010816932,0.0211422371432663,-0.0672228420797847,0.0118005030333268,0.0001692658719636
2026-03-30,-0.0018254354777321,-0.0014829117353082,1.2047706439327344e-05,-0.0010968276009949,-0.000571460952115,0.0024598126325241,-0.2630492375614162,0.0009811161617939,0.0032197436238518,0.2858988173944971,0.0086787961126585,-0.0052238710169182
2026-03-31,0.0002090196224455,-0.0005154444778853,6.806987624200685e-05,-0.0004633339055581,0.0001503231250749,0.000203551904891,-0.0013255851618358,-0.0006581216713416,0.0018862103964101,0.1350219592579644,0.0134285526211242,0.0009304975915092
2026-04-01,0.0045253616215079,0.0033042314015634,0.0003147751377038,0.0041912440570043,0.0017375816572225,-0.0001559501889944,0.378945421913832,0.0010297236666717,-0.006784606108549,-0.0466912515659579,-0.0132147648258379,0.0077857039305805
2026-04-02,-0.0001220999332139,0.0017198924715428,0.0001150739493462,0.0014267206579242,0.0005704499948064,-0.0005668536097029,0.0769989675606041,0.0032511273992507,-0.0082127472313144,0.0667823216300407,0.0052129280448963,0.002810594385435
2026-04-08,0.0011412076064332,0.0014796816032171,9.152242976529756e-05,-0.0009460667356263,0.0002215051604644,-0.000760497213133,0.4336141492509798,0.0092081219764547,0.0060913910713662,0.5585399140394489,0.0345163363051708,0.002227150906723
2026-04-09,0.0015386978926169,0.0015367177265586,0.0004967933537665,0.0022149838172151,0.0016209335358648,-0.0011101181611239,0.8274039967186041,-0.0010762717617821,-0.0110186432540054,-0.1242238596960922,-0.0370696392713859,0.0047455068569824
2026-04-10,0.0011724633238115,0.0016697268966236,0.0004828562680091,0.000725031916032,0.000726692771742,0.0021343913987894,-0.1429207987316632,0.0090069807989557,0.0082930737842077,0.4801289501669474,0.0186797144427205,0.005988381623944
2026-04-13,-0.0006479505261131,-0.0013123438376461,6.389861106504294e-05,0.0002539462667828,-0.0008826763870497,-0.0008816930462043,0.4790752955659641,0.0049279391819005,-0.0044994749605989,0.352140617184382,-0.0030406109304417,0.0056031253915875
2026-04-14,0.0019190191884929,0.0002509323676779,0.0004519862838119,0.001145664198405,0.0011601529222507,0.0006528872099617,-0.2845914203707659,0.0024301846444531,0.0092994844925108,-0.3774666111806311,0.0024172850464838,0.0019504093493065
2026-04-15,-0.0001961604549601,0.0002367334794823,0.0004822300230145,0.0012663448388354,0.0002599694439357,0.0029606965473185,0.0576760826281161,-0.0011213460425351,-0.0002777756260966,0.1725948499472238,-0.0199726450048833,0.0074776403269264
2026-04-16,0.0005282725298469,0.0009205620424179,0.0002353213395456,0.0011188042704276,0.0003472505342558,8.589185737695485e-05,0.0568081099978078,0.0084943590869889,0.0039560739370378,0.2248530526041308,0.0083250510651036,-0.0039932213696476
2026-04-17,0.0006273156574659,-0.0001030621094389,7.087032042197349e-05,-0.0001262551763898,3.702676301034242e-05,0.0004597755091382,0.1353246147033782,0.0026502251257398,-0.0025756957238124,0.2828251767625019,0.0115889718350698,0.0024467748952305
2026-04-20,0.0008205991360501,-0.0001972729435799,0.0005609406479167,0.0007027198382809,0.0012827293173901,0.0010680581483252,-0.0752390283856756,-0.0011790180955294,0.0013213079676864,-0.057571895798156,-0.0024403806552121,-0.0008202826218024
2026-04-21,-0.0003318462207205,-0.0002515987954608,0.0001197038428648,-2.6928541456587425e-05,-0.0005075076395486,0.0018943311008059,-0.2367550413077303,0.0052050021842849,0.0066548303165716,0.4127659918014384,0.0138629195233393,-0.0017862320546148
2026-04-22,-0.0006649885219675,-0.0023714103489177,-0.0002662958557657,-0.0014000528479599,-0.0007623823100757,0.0007604182171886,-0.0832324577985183,0.004427362846835,0.002104068533864,0.3905478995763987,0.0050306046433246,0.0017138372235717
2026-04-23,0.0015582210315169,0.0011384189918638,0.0002091603311243,0.0004488879303483,0.0008115273934196,0.0016353492313718,-0.4821643934077214,0.0004870628621162,0.0114430833471688,-0.5657653231897978,-0.011002231681597,-0.0014915118618967
2026-04-24,-8.280485239417802e-05,2.881808886587147e-05,9.890240623641617e-05,-0.0013201357732536,-0.000540265483057,0.0015491298014628,-0.0972254635626501,0.0005445601289736,-0.000735334004163,0.3747979105708687,0.015845253675439,0.0020137187306099
2026-04-27,0.0009942158787235,0.0014065685024413,0.0002081679654147,0.0010543641315713,0.0008176340925005,-0.0008310397126532,0.2195426607031967,0.0052660392467737,0.0016504323119604,-0.2540210266123711,0.0013683345040989,0.0001079519591831
2026-04-28,2.80710400617622e-05,0.0004165540483637,4.411380802387237e-05,4.477763419187833e-05,0.000213860490678,-0.0008946363698828,0.239231462473158,-0.002258745742009,-0.0053289189849965,0.2781190167865828,0.0056716833271676,0.0047492892432372
2026-04-29,-0.0002713422485679,-7.779328714736927e-05,-0.000312904383397,-0.0014877418589767,-0.0004964881974782,0.0008138126048184,-0.0937437055159692,0.0063553761445141,0.0057937976872719,0.0936175917017905,0.006705604013257,0.0041823233597819
2026-04-30,0.0010568837958558,0.0002059084843325,-0.0002429465588487,-0.0002260403079436,-0.0002227916077358,-0.0002101792007716,-0.1524868914281644,-0.0008592704194174,0.0007939050249902,-0.2716280186999391,0.0132347531422182,-0.0053945327460347
2026-05-01,0.0011058290253776,0.0014593557332106,0.0003755313615536,0.0010329993753095,0.0009765580161584,0.0007236450806072,0.1075401863830477,-0.0030783003267797,-0.0031981948453439,-0.0274777931677408,-0.0045931018714787,0.004884521561549
2026-05-06,-0.0006288256839977,0.0006234812053529,0.0001331716609567,0.0008128207524804,0.0001577229803613,-0.0003648620915759,0.1022278639835235,0.0032060396410916,0.0014203670401183,0.1142157889082493,-0.0002468894057391,0.0005709300041101
2026-05-07,0.0006160119804307,0.000862915966504,0.000247723494217,-0.0001613553590924,0.00091197442461,-0.0008335958905462,0.2669738046861958,0.0056302428595517,-0.0040725502745078,0.2508669546389231,-0.0013604586336002,-0.0011703307135606
2026-05-08,-0.0002208525095939,-0.0005588427953191,2.168195588153836e-05,-0.0001490753365692,-6.49060188133521e-05,-0.0003560015323757,0.0756289585403455,-0.0007654683779681,0.0009156157629857,0.2750194002824224,0.0072551144915664,0.0021487298166097
2026-05-11,0.0009895255920923,-0.0005632860043873,0.0001926500846561,0.0012112042990543,0.0003083216287033,0.0020793269507792,-0.1774040551690395,0.0035793424548037,0.0015614019079696,0.2022229926866018,0.0014011724405943,0.001683951963671
2026-05-12,-0.0001251585475978,-0.0004655024541094,0.0002521279387995,0.0005504165681666,0.0001072199329143,0.0019348549177861,-0.5119680993547782,-0.0018375781858522,0.0073229163884074,-0.0718648692450146,0.0028556631278418,-0.0001652375977245
2026-05-13,0.0007126994522506,0.0006243242067576,-8.26553062381551e-05,0.0002597267534517,-0.0006002650276923,0.0019760138680879,-0.0726775431766086,0.0002385767929257,0.0021195574380673,0.0943892730008711,0.0057300447542289,0.0005919090936391
2026-05-14,0.0003738932879814,0.0007361827438382,0.000198685479783,0.0004978147066321,0.0005283613214996,0.0007529470892582,-0.0675635416824046,0.0007992894080648,-0.0014687345376995,0.0728055461628941,-0.001315692611874,-0.000910453378853
2026-05-15,0.001660183438624,0.0011960036044896,0.0001190744135466,0.0001407661624561,0.000543626783637,0.0004028138685218,-0.0309289376497422,-0.0005494242634536,-0.001268887858771,0.0206312151913522,0.0009600552076194,-0.0017820807247761
2026-05-18,-0.0004736815494068,-0.000893718613315,-0.0005225459158405,-0.0025497808602514,-0.001255720142797,-0.000238397170558,0.0217170269809668,0.0032921791227384,0.002508851005852,0.1256165655164515,0.0125285717228656,-0.0012036942387969
2026-05-19,0.0006166728212794,0.0004049555527903,-6.823830282948995e-05,1.4168906727021949e-05,0.0005552556176466,0.0001401940751926,0.0215484584683987,-0.0104755459860729,-0.0055300912403892,-0.1414439716898783,0.0073637107641386,0.0023847284465554
2026-05-20,-0.0006052088361865,-0.000363250870329,-0.0002341067246125,-0.0010195937557979,-0.0005519406685806,0.0006778647241506,-0.2319173643924859,0.006694272964389,0.0082894399395707,0.0130162783542695,0.0047991408339959,-0.0023209243294923
2026-05-21,0.0003869525562565,0.0012195106745555,0.0002546670357996,0.0012754792311267,0.0010916533192155,-0.0002794490958679,0.1522298052091218,-0.0013680361366635,-0.0045560283211534,0.2288898295278943,-0.0200174225727972,-0.0028734661352723
2026-05-22,0.000683885556781,0.0003203475361574,0.0001324414224645,0.0001330873226901,0.0004687903791948,0.0003260065318382,-0.082279412069108,0.0044355858331935,0.0042224273952853,0.5016269460137751,0.0069516668496658,-0.0038094318677642
2026-05-27,0.0003442214750318,-0.0001785360123436,-0.0001949545747094,0.0005458158656013,-0.000327810407803,0.0001426503806187,0.0475674780907192,0.0052221863336909,0.0018146151273461,0.0376729799567114,0.0001184564674954,-0.0006247200660889
2026-05-28,0.0005684827432134,-3.81051077761315e-05,0.0002243912059677,-0.0006788343687346,0.0006302540625662,0.0011524294352291,-0.1094957420052411,-0.0036988043894567,0.0019597530125066,0.0051780108975412,-0.0043097514828847,0.0004694979072873
2026-05-29,0.00047198681621,0.000404004964341,0.0001614261974349,0.000659156749089,5.8290277652028064e-05,0.0019949826650448,0.0098556536512716,0.0013155603390055,0.0026956571750335,0.2248294761649473,0.0058677801446816,0.0071595349216346
2026-06-01,-4.699880583531447e-05,-0.0003646345049383,9.523540878594209e-05,0.0011832438275209,0.0003042428695567,0.0012755958520429,-0.0621602405524705,0.004172081936187,-8.34476666153744e-05,0.2307086701091563,0.0035091079652545,0.0001671372308133
2026-06-02,0.0010835220818283,0.0003252599343244,-4.044636277908549e-05,-0.0007308080268264,-8.158827761270967e-05,0.0015979668140221,-0.2788518684439586,-0.0006183399621981,0.0051814089452146,0.0972920876270216,0.0076551243339876,0.0042048581881232
2026-06-03,0.000113585665431,-3.795327585329585e-05,0.0001738003807577,0.0008576031714347,0.0002504871443206,0.0016779488392754,-0.0861738592066932,0.0022200193973874,0.0011898739566482,0.1277944450477224,0.0052562826499524,-0.0074605367824883
2026-06-04,-0.0002466445208845,0.0003308397710077,-0.0001269033470768,-0.0017430048866809,-0.000522601459597,0.0009249019177923,-0.1392541707212094,0.0039789301741174,0.0056684739501486,-0.1745035520426825,0.0014913540466895,0.0077246262300549
2026-06-05,0.0002986799094535,0.0002670903786409,0.0001463436145519,0.0019970013550798,0.0001743641619216,-7.460286636504123e-05,0.202177177867938,0.0010705415090399,-0.0022434852587531,0.1475709543312703,-0.002086396049807,0.0004958703105669
2026-06-08,-0.0036358463685898,-0.0022168542324877,-0.000663946269169,-0.0035449428130691,-0.0017092207954432,0.0008946059637849,-0.6533505564952569,-0.0010353761236356,0.0051842837519576,-0.0046399491999367,-0.0019486240675441,-0.0055784448267255
2026-06-09,0.0012327848840462,-0.0002747904741159,-0.0002398462588806,-0.0018341055801769,0.0001925630644628,0.0001835147434982,0.1896775142311277,-0.0045043965726207,-0.0015742247239181,0.0689066441425855,0.0053032917875903,0.0021429270510638
2026-06-10,-0.0001847474701495,-0.0007299995248296,3.554092280650881e-05,0.0003100106885013,0.0003006891167199,0.0014616528506997,-0.4510226388459248,-0.0025681551128273,0.0008699837390761,0.0374672440334438,-0.0008428253489509,-0.0003496800510727
2026-06-11,-0.0026629251023839,-0.0012927379458914,-0.0004029237301086,-0.003073609958342,-0.001127957133805,0.0003665123559027,-0.3782125910125606,0.0084283085176079,0.0089541167147637,0.22157097135082,0.0054852937615164,-0.0054634952396204
2026-06-12,0.0032753790608711,0.0012099764274931,0.0005753097311223,0.0023486753497095,0.0018478230420255,0.0018693884836415,0.1714163375279986,-0.0011189178982337,-0.0015508186955879,0.1750379540045871,0.0031999327254775,0.0025248173927976
2026-06-15,7.497498693379493e-05,0.0008827460140529,0.000100572716673,-0.0001696057681258,2.942901244055129e-05,0.0006617016394456,-0.1791062359329082,0.0061668163509458,0.0035177432908925,0.1457987774738899,0.0002825513809137,-0.0004783556260375
2026-06-16,0.001539689738394,0.0011952556747186,0.0003693032879286,0.001662820773912,0.0011718972716985,0.0009057886085459,0.2086471632840802,0.005675339907525,-0.0002206829354332,0.3813211292570148,0.0001007284720381,0.0039689060171156
2026-06-17,-0.0011652884636192,-0.0008429190081433,0.0001321498760625,-0.000906809637196,-0.0004029570444328,-9.401476249403927e-05,0.114770060968094,0.0050301177547841,0.0026664286173166,0.2050282747455361,-0.0039169796628309,0.0015703470096148
2026-06-18,-0.0015422881814635,-0.001341464375378,-0.0005787309316234,-0.0026489096757134,-0.0010020786093939,0.0016103367759388,-0.2292099091332473,1.3472281445782528e-05,0.0069192421285708,0.2207360733336118,0.0057779703170626,-0.0016291811914852
2026-06-23,0.0026741840458893,0.0001284250603753,0.0003216192373497,0.0009041850402469,0.0005832102185783,0.0032331948283522,-0.2334269256326408,0.0027500044307547,0.0038096276422484,0.0806725171770152,0.0031317002385184,0.0041847498462978
2026-06-24,-0.0012419719700862,-0.0017152426751262,0.0003318568523341,-0.0022279258374791,-0.0005712587505604,0.0021989074563284,-0.5137266422201204,-0.003685604530601,0.006941928335922,0.0457398192017398,-0.0100721527742528,-0.0065560240579445
2026-06-25,0.0003192756884075,-0.0002481823857053,9.37970617205746e-05,0.0003627196948614,6.419645570687316e-05,0.0018364094177581,-0.0291477006189781,0.0032331529970255,0.0068305229225029,0.2448617705029851,0.0024409888894309,0.0057524175273845
2026-06-26,-0.0007165712792974,-6.480922477336014e-05,-0.0001120138855608,0.0004308829241199,-1.1809000764436605e-06,-0.0002206068489491,0.007443194141584,0.0058192362783304,0.0031883120376668,0.0942894028710167,0.0024719231622176,-0.0015030008858385
2026-06-29,-6.598580999972344e-05,-0.0002146770554676,1.0409693201652645e-05,-0.0004809623535163,0.000217125333271,0.0012542032385583,-0.108372786985593,0.0039396664992407,0.0038586079701009,0.2829282461895331,0.005869319779099,0.0014268385427378
2026-06-30,0.0020349807883432,0.0014206247485137,-2.735037636130677e-05,0.0015079552417566,0.0007067275824074,0.0008869248651005,0.0195724342777156,0.003548849241029,0.0026592288457096,0.0002424310692648,0.0033020393262751,0.0008356339072354
2026-07-01,0.0012400752920265,0.0004250011067713,0.0001860838880714,0.0005841876079334,0.0006136175212656,0.0016091681908574,-0.0540341970238557,-0.0001063742830976,-0.0024933259333979,0.4329445131646095,0.0024443769542871,0.0003469294427257
2026-07-02,-0.0001695412600249,0.0001164096578642,1.3123627153962846e-05,-0.0008285044377421,-0.0002185919783524,0.0011809350370185,-0.1602458894484578,0.0012220382436205,0.0050952974719223,-0.0259443527022537,0.0009005777207867,-0.0017526704054226
2026-07-07,-9.485043683700844e-05,-0.0001590010562552,0.0001258402282331,-5.74730594910319e-05,0.0001267994321627,0.0001555677408763,0.1411675469065725,-0.0010105986286914,-0.0018927382273411,0.0986884685805619,0.0039107194378658,-0.0003561058543445
2026-07-08,-0.0004411762803271,-0.0003047584083927,-0.0002458260983957,-0.0025317947954548,-0.0002468993211772,0.0004301253783152,-0.1440907177087128,0.0015422194702575,0.0039357639747133,0.0916771176845258,0.0033215750103282,-0.0012314244989315
2026-07-09,-0.000118424659847,-0.000326512642066,-0.0001616402427687,-0.0015800453083306,-0.0003150395413301,0.0007807799066498,-0.1092848830588219,0.0028093588078032,0.0035704466263666,0.0129403447668613,-0.0008433438896862,-0.0007929599729191
2026-07-10,0.0009607824392575,0.0008249128982307,0.0004003160458913,0.0012385674546241,0.0009470043754737,0.0010125345683616,-0.0731508428608496,-0.0012306435162518,-0.0010111389142012,-0.065935518958814,3.020335410008857e-06,0.0052881972015723
2026-07-13,0.0002508037545898,0.0012831092999251,0.0001539461570875,-0.0008974442412555,2.2986547196481045e-05,0.000240207777906,0.0284910485314462,0.0011485528495809,-8.568788512287135e-05,0.0747795328217623,-0.0002032326902502,0.0012045126181262
2026-07-14,-0.00076308523571,-0.0006025061780379,-0.000301261433326,-0.0026393242605989,-0.0007238195042532,-0.0002884140096593,0.0198622737432514,0.0032577889933721,-8.561627731872262e-05,0.2889620671924244,0.0090499305468216,-0.0021157126308069
2026-07-15,0.0004254658196331,0.0003405625011976,0.0003681547799864,0.0012447827067351,0.000700803367132,0.0006475436910224,-0.010811649465261,-0.001709149865944,-0.0013063565910104,-0.1274683153770176,-0.0013967864321642,0.0127537220001771
2026-07-16,0.000103269616837,0.0012228221879786,0.0004026031934077,0.0004561980008771,0.0004065918545545,0.0005154927160789,-0.0010749879868062,0.0064377274547594,0.0037304972174986,-0.1503076155722003,0.0010274719670502,-0.002360758261544
2026-07-17,-0.0011875307729634,-0.0001651755368735,-0.0001329299118538,-0.0016549323261312,-0.0006265429044012,-0.0001247171616561,0.1213311337052129,0.0042410100195107,-0.0012621367601644,0.1957612335996121,0.0050246589756849,0.0050940128778261
2026-07-20,-0.0010888253970456,-0.0008012442339585,-0.0001633596730041,-0.0003449146919686,-0.0005853166350229,0.0002682014803089,-0.1144821995868139,0.0009898774038862,0.0004836558618944,0.0738560387515041,0.006212416959486,-0.0051759200238622
2026-07-21,-0.000455189187891,-0.0005613117354456,-0.0002028243536083,-0.0020885836751987,-0.000309831954255,0.0009960604569858,-0.1597654113615953,-0.0006557580956352,0.0005826565175672,0.0268550273321264,-0.0003778650688613,0.000439716254804
2026-07-22,0.0014346151875649,0.0015374003492714,4.3742336878440144e-06,0.0004161517103907,0.0003387376126505,0.0011865295662642,-0.1498532885348052,0.0002041930857668,0.0022282664717829,-0.0540552421548116,-0.0079238750792093,0.0039127036057282
2026-07-23,0.0001492243819145,0.0003845485275287,-0.0001946006301979,-0.0011084866974059,-0.0003199699180364,6.703407980118443e-05,-0.0044127366669,0.0045307222439258,-0.0002201104145105,0.138227430911746,0.005715674894242,-0.0007956464940682
2026-07-24,-0.0012787989893818,0.0004507202390708,-0.0002782530563386,-0.0024805555249821,-0.0006609796546183,-0.0003226006611361,-0.0430521667886802,-0.0004923826660805,0.001569492698616,-0.0478450004615725,-0.0008827587425845,-0.0019035934609448
2026-07-27,-0.0003207089192605,-0.0004580557357366,8.803264082962926e-05,-0.0007885557828065,0.0001721701848214,-0.0003226982796886,0.221111031151652,-0.0001817917331223,-0.0023797957784269,0.0212206914975503,0.005349138205477,-0.0040431790177573
2026-07-28,-0.000525544232415,0.000859261553704,0.000176451595048,0.0005803711137702,0.0001640122970827,0.0005480845735115,-0.0608329089173704,0.0030121691436061,0.0023793808903712,-0.1621552096257454,-0.0072563242944724,0.0002213546953037
2026-07-29,0.0002256411391848,-0.0006956021041385,0.0001955539098844,-0.0006779001806066,0.0002530490661943,-0.0006000842501391,0.2549120287139113,0.0031382355123239,-0.0031825468050476,0.4540105211191073,0.0086316972879039,0.0003651117688968
2026-07-30,-0.0013530788857999,-0.0018828911334262,2.5125730321927477e-06,-0.0018272242677665,-0.0006126970993356,0.0013856111335701,-0.4314193175957185,0.0005776570829788,0.0050411413934158,0.1719993522621503,0.0078422994370741,0.0034136803156081
2026-07-31,0.0012865761786381,0.0005157964251808,1.003100209779206e-05,0.0010609207896953,0.0007101177070814,0.0006275381135146,0.0873624563586439,-1.0749425323045882e-06,0.001679753235928,-0.1957633238370012,-0.0054638046285317,0.004090125665452
2026-08-03,0.0011418896719987,0.0020957160513122,0.0002197985182775,0.000898682253979,0.0005352302708772,0.0021804551004575,-0.2810894817525528,0.0052772703357329,0.0050065807561502,-0.0244522750948803,-0.0067036890101928,0.0062224671840191
2026-08-04,0.0019227814886578,0.0006806453175708,0.0003993485102248,0.0002347364977867,0.0008160731410843,0.0001583039073999,0.2060374506047667,0.0018159813877098,-0.0037380023060344,0.2570267857463241,0.004381534172296,-0.0022681187995504
2026-08-05,0.0018839811406341,0.0013508656065736,0.0007419162807679,0.0025316898241163,0.0017352858674084,0.0005191787885788,-0.0424522531202063,0.0005504777986367,0.001822800121045,0.0739867243158773,-0.0069301001750448,0.0009536046223535
2026-08-06,-0.0004757385674111,-0.0010957787904962,0.0001941694082315,-0.0001905807641688,-0.0005305988684696,0.0005716558008054,0.2730717813321234,0.0036000432550453,-0.0006855862835746,0.4250112105682553,0.0019928167428165,-0.0061016507390453
2026-08-07,0.0003331844217707,0.0002720844902598,-0.0002560686950509,-0.0014071985462899,-0.0004698892545094,0.0012841787587608,-0.1087965391527737,0.0011504641446773,0.0057750008586472,-0.0402003090874151,0.0008948062061657,0.003846008813203
2026-08-10,0.0004958560267518,0.0003816299182275,0.0003868923017669,0.000134261213129,0.0007745506136144,0.0013899379904733,-0.1596546022502367,0.0026491974709061,0.0012570155767563,0.0066568601416428,0.0069216512339806,0.001551660780907
2026-08-11,-1.7591731800806356e-06,0.0005316141879695,-0.0001229663299872,-0.0002260013228773,-0.0002437368905073,0.0010183252504304,-0.1068760530689624,0.0023096999799642,0.0027020172469382,0.0591900197988818,0.0045338354915346,3.3535792861609425e-05
2026-08-12,-0.0002610843133015,-9.779227345940246e-05,7.75829317663815e-05,-0.0008513264585682,-0.0001884774886501,0.0005412670906055,0.1177744886589323,0.0012072968804242,-0.0006352648875884,0.1048529470587081,0.0049138537359116,0.0033391307990716
2026-08-13,0.0007651297700777,0.0008018924845378,0.0002181801007094,0.0008145544957579,0.0005439100414782,0.0007616533104552,-0.0959700080968185,-0.0038695805536961,0.0006805350682445,-0.1745174363955245,0.0012760071752638,-0.0041448958140509
2026-08-14,0.0006046003474099,0.0002763318363485,0.0002934344226454,0.0007383829585308,0.0003059142968178,0.0005438796961297,0.0125238150059235,0.0048347110280199,-0.0002033248430978,0.1635484119410048,-0.0024464217297339,-0.001328070486492
2026-08-17,-0.0004618247837433,2.2418967564823605e-05,-1.953384523368372e-05,0.0002916825691607,-0.0001366798895396,1.3027365884094595e-05,0.0222983166311911,0.0016314738854478,0.0012829804337441,0.1343027002253247,0.0062303557171254,-0.0028284756543987
2026-08-18,-0.0008001826039088,-3.4467319961634424e-05,-0.0001282190523343,-0.0006980041910378,-0.000374326991384,0.0009755285629983,-0.1071159470622615,-0.0012684061922658,0.000508787761332,0.1273581498387293,0.0086665302013644,-0.0021275575487677
2026-08-19,-0.0009665051949735,-0.0003732120310597,-9.19599909569612e-05,-0.001177823553511,-0.0003929854308464,0.0008611596095927,-0.1745327285580826,0.0046809136475767,0.002917178101037,-0.0075713261791667,-0.002133815956329,-0.0002064572667405
2026-08-20,0.000312564227501,0.0001435134664595,-2.1309469525755758e-05,-0.0009958253016804,0.0002400610107664,0.0005686984155904,0.0159272383536812,-0.0011580733727545,-0.0003866595028074,-0.0109889618253743,0.0088600742190151,0.0010913720683728
2026-08-21,-0.0012974828093088,-2.1448026272432853e-06,-2.6617007357742023e-05,-0.0002202394396874,-0.0005440110214812,0.0009246666128949,-0.2391463085396741,0.0051660028180672,0.0037504874267221,0.0304606368420628,0.0071232055415393,-0.0028567397678434
