date,horizon,source,target,strength,signed_weight
2024-02-02,1,pw_bab_el_mandeb_strait_capacity_z,audusd,0.023885711645297528,0.023885711645297528
2024-02-02,1,pw_bab_el_mandeb_strait_capacity_z,brlusd,0.028127190260258474,-0.028127190260258474
2024-02-02,1,pw_bab_el_mandeb_strait_capacity_z,cnyusd,0.0,0.0
2024-02-02,1,pw_bab_el_mandeb_strait_capacity_z,krwusd,0.0,0.0
2024-02-02,1,pw_bab_el_mandeb_strait_capacity_z,eurusd,0.0,0.0
2024-02-02,1,pw_bab_el_mandeb_strait_capacity_z,sp500,0.05955311866316029,0.05955311866316029
2024-02-02,1,pw_bab_el_mandeb_strait_capacity_z,vix,0.0557718635335228,-0.0557718635335228
2024-02-02,1,pw_bab_el_mandeb_strait_capacity_z,us2y,0.0,0.0
2024-02-02,1,pw_bab_el_mandeb_strait_capacity_z,us10y,0.0,0.0
2024-02-02,1,pw_bab_el_mandeb_strait_capacity_z,wti,0.0,0.0
2024-02-02,1,pw_bab_el_mandeb_strait_capacity_z,brent,0.0,0.0
2024-02-02,1,pw_bab_el_mandeb_strait_capacity_z,henry_hub,0.0,0.0
2024-02-02,1,pw_bab_el_mandeb_strait_n_total_z,audusd,0.0,0.0
2024-02-02,1,pw_bab_el_mandeb_strait_n_total_z,brlusd,0.037116598842084784,0.037116598842084784
2024-02-02,1,pw_bab_el_mandeb_strait_n_total_z,cnyusd,0.10300714141501158,-0.07045533625479965
2024-02-02,1,pw_bab_el_mandeb_strait_n_total_z,krwusd,0.10179976557299068,0.09267638947016603
2024-02-02,1,pw_bab_el_mandeb_strait_n_total_z,eurusd,0.0,0.0
2024-02-02,1,pw_bab_el_mandeb_strait_n_total_z,sp500,0.0946843101485739,0.05026035731303909
2024-02-02,1,pw_bab_el_mandeb_strait_n_total_z,vix,0.0,0.0
2024-02-02,1,pw_bab_el_mandeb_strait_n_total_z,us2y,0.0,0.0
2024-02-02,1,pw_bab_el_mandeb_strait_n_total_z,us10y,0.0,0.0
2024-02-02,1,pw_bab_el_mandeb_strait_n_total_z,wti,0.058624979762503054,-0.058624979762503054
2024-02-02,1,pw_bab_el_mandeb_strait_n_total_z,brent,0.01993707062002043,-0.01993707062002043
2024-02-02,1,pw_bab_el_mandeb_strait_n_total_z,henry_hub,0.28034474185928887,-0.26052964220471114
2024-02-02,1,pw_cape_of_good_hope_capacity_z,audusd,0.368064465991769,0.2601709105144706
2024-02-02,1,pw_cape_of_good_hope_capacity_z,brlusd,0.48675050731064995,-0.25292958383228537
2024-02-02,1,pw_cape_of_good_hope_capacity_z,cnyusd,0.0,0.0
2024-02-02,1,pw_cape_of_good_hope_capacity_z,krwusd,0.0,0.0
2024-02-02,1,pw_cape_of_good_hope_capacity_z,eurusd,0.32200069449199137,0.156299517018091
2024-02-02,1,pw_cape_of_good_hope_capacity_z,sp500,0.7060219303270857,0.36307253540631235
2024-02-02,1,pw_cape_of_good_hope_capacity_z,vix,0.3533073097737877,-0.1726458684203542
2024-02-02,1,pw_cape_of_good_hope_capacity_z,us2y,0.06014044536619295,-0.06014044536619295
2024-02-02,1,pw_cape_of_good_hope_capacity_z,us10y,0.0,0.0
2024-02-02,1,pw_cape_of_good_hope_capacity_z,wti,0.273031184486614,0.24955950448083347
2024-02-02,1,pw_cape_of_good_hope_capacity_z,brent,0.11075702625951463,0.11075702625951463
2024-02-02,1,pw_cape_of_good_hope_capacity_z,henry_hub,0.1515518046443633,-0.12045052007890594
2024-02-02,1,pw_cape_of_good_hope_n_total_z,audusd,0.03637736064707751,-0.03637736064707751
2024-02-02,1,pw_cape_of_good_hope_n_total_z,brlusd,0.25643302006761387,0.17603280965739676
2024-02-02,1,pw_cape_of_good_hope_n_total_z,cnyusd,0.09421832329372953,-0.09421832329372953
2024-02-02,1,pw_cape_of_good_hope_n_total_z,krwusd,0.11697774914228402,0.05860292304777421
2024-02-02,1,pw_cape_of_good_hope_n_total_z,eurusd,0.07065301791402816,-0.07065301791402816
2024-02-02,1,pw_cape_of_good_hope_n_total_z,sp500,0.0,0.0
2024-02-02,1,pw_cape_of_good_hope_n_total_z,vix,0.14888505096469107,0.08508939722420941
2024-02-02,1,pw_cape_of_good_hope_n_total_z,us2y,0.11258983279258868,0.09841093824880165
2024-02-02,1,pw_cape_of_good_hope_n_total_z,us10y,0.16700483293082843,-0.10451548499870673
2024-02-02,1,pw_cape_of_good_hope_n_total_z,wti,0.0970142265578916,-0.08211439268399895
2024-02-02,1,pw_cape_of_good_hope_n_total_z,brent,0.0,0.0
2024-02-02,1,pw_cape_of_good_hope_n_total_z,henry_hub,0.03555357988000191,0.03555357988000191
2024-02-02,1,pw_malacca_strait_capacity_z,audusd,0.14267742850493087,0.11802761578558305
2024-02-02,1,pw_malacca_strait_capacity_z,brlusd,0.09476083527172018,0.09476083527172018
2024-02-02,1,pw_malacca_strait_capacity_z,cnyusd,0.12897462741683513,0.12897462741683513
2024-02-02,1,pw_malacca_strait_capacity_z,krwusd,0.40466610148650783,0.25512784460412247
2024-02-02,1,pw_malacca_strait_capacity_z,eurusd,0.06561644202513056,0.06561644202513056
2024-02-02,1,pw_malacca_strait_capacity_z,sp500,0.2717492144905067,0.10464561435592593
2024-02-02,1,pw_malacca_strait_capacity_z,vix,0.2816176874990423,-0.18941648866365857
2024-02-02,1,pw_malacca_strait_capacity_z,us2y,0.03282338054507895,-0.03282338054507895
2024-02-02,1,pw_malacca_strait_capacity_z,us10y,0.18955507050246007,-0.18955507050246007
2024-02-02,1,pw_malacca_strait_capacity_z,wti,0.19416331189822994,-0.052243046777619824
2024-02-02,1,pw_malacca_strait_capacity_z,brent,0.0876704135258616,-0.0876704135258616
2024-02-02,1,pw_malacca_strait_capacity_z,henry_hub,0.302826991833402,-0.16138017945330427
2024-02-02,1,pw_malacca_strait_n_total_z,audusd,0.15914880236239448,-0.13163875328252045
2024-02-02,1,pw_malacca_strait_n_total_z,brlusd,0.10924601777124462,0.09658826953212273
2024-02-02,1,pw_malacca_strait_n_total_z,cnyusd,0.030986138578624298,0.030986138578624298
2024-02-02,1,pw_malacca_strait_n_total_z,krwusd,0.12950622983343135,-0.12950622983343135
2024-02-02,1,pw_malacca_strait_n_total_z,eurusd,0.08649120796978432,-0.08649120796978432
2024-02-02,1,pw_malacca_strait_n_total_z,sp500,0.04637322517407098,-0.04637322517407098
2024-02-02,1,pw_malacca_strait_n_total_z,vix,0.07923258167838683,0.07923258167838683
2024-02-02,1,pw_malacca_strait_n_total_z,us2y,0.0,0.0
2024-02-02,1,pw_malacca_strait_n_total_z,us10y,0.13278738051355887,0.07465319827333901
2024-02-02,1,pw_malacca_strait_n_total_z,wti,0.0,0.0
2024-02-02,1,pw_malacca_strait_n_total_z,brent,0.10509853360836914,-0.07861076331390217
2024-02-02,1,pw_malacca_strait_n_total_z,henry_hub,0.03898924354777237,0.027468648337190652
2024-02-02,1,pw_panama_canal_capacity_z,audusd,0.0,0.0
2024-02-02,1,pw_panama_canal_capacity_z,brlusd,0.08256827527275935,0.08256827527275935
2024-02-02,1,pw_panama_canal_capacity_z,cnyusd,0.4296360948492152,0.29950282222829006
2024-02-02,1,pw_panama_canal_capacity_z,krwusd,0.19350191864323826,0.190960802219975
2024-02-02,1,pw_panama_canal_capacity_z,eurusd,0.12066575923421466,0.08936788423898162
2024-02-02,1,pw_panama_canal_capacity_z,sp500,0.03140581802862332,0.03140581802862332
2024-02-02,1,pw_panama_canal_capacity_z,vix,0.04668875037368589,-0.024520192450925037
2024-02-02,1,pw_panama_canal_capacity_z,us2y,0.0,0.0
2024-02-02,1,pw_panama_canal_capacity_z,us10y,0.0,0.0
2024-02-02,1,pw_panama_canal_capacity_z,wti,0.048657508096643945,-0.042837707376565934
2024-02-02,1,pw_panama_canal_capacity_z,brent,0.085125330493831,-0.08471653807955352
2024-02-02,1,pw_panama_canal_capacity_z,henry_hub,0.006311597828485971,-0.006311597828485971
2024-02-02,1,pw_panama_canal_n_total_z,audusd,0.0,0.0
2024-02-02,1,pw_panama_canal_n_total_z,brlusd,0.0,0.0
2024-02-02,1,pw_panama_canal_n_total_z,cnyusd,0.044645647281264536,-0.044645647281264536
2024-02-02,1,pw_panama_canal_n_total_z,krwusd,0.0,0.0
2024-02-02,1,pw_panama_canal_n_total_z,eurusd,0.0,0.0
2024-02-02,1,pw_panama_canal_n_total_z,sp500,0.0,0.0
2024-02-02,1,pw_panama_canal_n_total_z,vix,0.0,0.0
2024-02-02,1,pw_panama_canal_n_total_z,us2y,0.08608120997008763,0.08608120997008763
2024-02-02,1,pw_panama_canal_n_total_z,us10y,0.0929337604986486,0.0929337604986486
2024-02-02,1,pw_panama_canal_n_total_z,wti,0.0,0.0
2024-02-02,1,pw_panama_canal_n_total_z,brent,0.0,0.0
2024-02-02,1,pw_panama_canal_n_total_z,henry_hub,0.0,0.0
2024-02-02,1,pw_strait_of_hormuz_capacity_z,audusd,0.05388600209316879,-0.03449695137458374
2024-02-02,1,pw_strait_of_hormuz_capacity_z,brlusd,0.0014282833047550402,-0.0014282833047550402
2024-02-02,1,pw_strait_of_hormuz_capacity_z,cnyusd,0.0,0.0
2024-02-02,1,pw_strait_of_hormuz_capacity_z,krwusd,0.16005775195727695,-0.13038955722616935
2024-02-02,1,pw_strait_of_hormuz_capacity_z,eurusd,0.031281824743922514,-0.031281824743922514
2024-02-02,1,pw_strait_of_hormuz_capacity_z,sp500,0.024797350706983745,-0.024797350706983745
2024-02-02,1,pw_strait_of_hormuz_capacity_z,vix,0.0,0.0
2024-02-02,1,pw_strait_of_hormuz_capacity_z,us2y,0.4845734206631204,-0.31526517982203506
2024-02-02,1,pw_strait_of_hormuz_capacity_z,us10y,0.18999649630147328,-0.10595243974046396
2024-02-02,1,pw_strait_of_hormuz_capacity_z,wti,0.0,0.0
2024-02-02,1,pw_strait_of_hormuz_capacity_z,brent,0.07756331371515023,0.07756331371515023
2024-02-02,1,pw_strait_of_hormuz_capacity_z,henry_hub,0.09853455670037681,0.08960455082207652
2024-02-02,1,pw_strait_of_hormuz_n_total_z,audusd,0.21971095311033645,-0.21971095311033645
2024-02-02,1,pw_strait_of_hormuz_n_total_z,brlusd,0.06769457624012834,-0.06769457624012834
2024-02-02,1,pw_strait_of_hormuz_n_total_z,cnyusd,0.18367355894474438,-0.1409043601025134
2024-02-02,1,pw_strait_of_hormuz_n_total_z,krwusd,0.03301755812242192,-0.03301755812242192
2024-02-02,1,pw_strait_of_hormuz_n_total_z,eurusd,0.1966050753814263,-0.1411011935957867
2024-02-02,1,pw_strait_of_hormuz_n_total_z,sp500,0.16688363278343873,-0.1367347393234035
2024-02-02,1,pw_strait_of_hormuz_n_total_z,vix,0.14042334195481063,0.14042334195481063
2024-02-02,1,pw_strait_of_hormuz_n_total_z,us2y,0.15672937183056296,0.08771159385755946
2024-02-02,1,pw_strait_of_hormuz_n_total_z,us10y,0.1836274599902252,0.11777674724525511
2024-02-02,1,pw_strait_of_hormuz_n_total_z,wti,0.0,0.0
2024-02-02,1,pw_strait_of_hormuz_n_total_z,brent,0.051100828694022854,-0.02840609304449148
2024-02-02,1,pw_strait_of_hormuz_n_total_z,henry_hub,0.028967265030784454,-0.028967265030784454
2024-02-02,1,pw_suez_canal_capacity_z,audusd,0.1000064712817592,0.1000064712817592
2024-02-02,1,pw_suez_canal_capacity_z,brlusd,0.0,0.0
2024-02-02,1,pw_suez_canal_capacity_z,cnyusd,0.0,0.0
2024-02-02,1,pw_suez_canal_capacity_z,krwusd,0.0,0.0
2024-02-02,1,pw_suez_canal_capacity_z,eurusd,0.015389149833496601,-0.015024211250807875
2024-02-02,1,pw_suez_canal_capacity_z,sp500,0.2218190984286588,-0.2218190984286588
2024-02-02,1,pw_suez_canal_capacity_z,vix,0.17733294002826017,0.13608410492179274
2024-02-02,1,pw_suez_canal_capacity_z,us2y,0.008828598331297018,-0.004938463145287223
2024-02-02,1,pw_suez_canal_capacity_z,us10y,0.0,0.0
2024-02-02,1,pw_suez_canal_capacity_z,wti,0.0,0.0
2024-02-02,1,pw_suez_canal_capacity_z,brent,0.03359689777556486,-0.03359689777556486
2024-02-02,1,pw_suez_canal_capacity_z,henry_hub,0.029500645494959676,0.029500645494959676
2024-02-02,1,pw_suez_canal_n_total_z,audusd,0.01253925831924261,0.01253925831924261
2024-02-02,1,pw_suez_canal_n_total_z,brlusd,0.011264839587637163,-0.00876387915785947
2024-02-02,1,pw_suez_canal_n_total_z,cnyusd,0.03570427363930914,0.03570427363930914
2024-02-02,1,pw_suez_canal_n_total_z,krwusd,0.10771000711600015,-0.10771000711600015
2024-02-02,1,pw_suez_canal_n_total_z,eurusd,0.016866488161388814,0.016866488161388814
2024-02-02,1,pw_suez_canal_n_total_z,sp500,0.05906562566542543,0.05906562566542543
2024-02-02,1,pw_suez_canal_n_total_z,vix,0.0,0.0
2024-02-02,1,pw_suez_canal_n_total_z,us2y,0.0,0.0
2024-02-02,1,pw_suez_canal_n_total_z,us10y,0.0,0.0
2024-02-02,1,pw_suez_canal_n_total_z,wti,0.036534552884401564,0.036534552884401564
2024-02-02,1,pw_suez_canal_n_total_z,brent,0.023981330810354883,0.023981330810354883
2024-02-02,1,pw_suez_canal_n_total_z,henry_hub,0.07106168704771454,0.047545290305758825
2024-03-05,1,pw_bab_el_mandeb_strait_capacity_z,audusd,0.07966127915822133,0.048386174408292855
2024-03-05,1,pw_bab_el_mandeb_strait_capacity_z,brlusd,0.07494413223852964,0.06502757882387912
2024-03-05,1,pw_bab_el_mandeb_strait_capacity_z,cnyusd,0.0,0.0
2024-03-05,1,pw_bab_el_mandeb_strait_capacity_z,krwusd,0.0,0.0
2024-03-05,1,pw_bab_el_mandeb_strait_capacity_z,eurusd,0.0,0.0
2024-03-05,1,pw_bab_el_mandeb_strait_capacity_z,sp500,0.08582481002075916,0.08582481002075916
2024-03-05,1,pw_bab_el_mandeb_strait_capacity_z,vix,0.06225210373257639,-0.06225210373257639
2024-03-05,1,pw_bab_el_mandeb_strait_capacity_z,us2y,0.0,0.0
2024-03-05,1,pw_bab_el_mandeb_strait_capacity_z,us10y,0.004690284350100031,-0.004690284350100031
2024-03-05,1,pw_bab_el_mandeb_strait_capacity_z,wti,0.0,0.0
2024-03-05,1,pw_bab_el_mandeb_strait_capacity_z,brent,0.0,0.0
2024-03-05,1,pw_bab_el_mandeb_strait_capacity_z,henry_hub,0.0,0.0
2024-03-05,1,pw_bab_el_mandeb_strait_n_total_z,audusd,0.0,0.0
2024-03-05,1,pw_bab_el_mandeb_strait_n_total_z,brlusd,0.0,0.0
2024-03-05,1,pw_bab_el_mandeb_strait_n_total_z,cnyusd,0.0395740278021697,-0.03240423026943042
2024-03-05,1,pw_bab_el_mandeb_strait_n_total_z,krwusd,0.06229817511739559,0.06229817511739559
2024-03-05,1,pw_bab_el_mandeb_strait_n_total_z,eurusd,0.0,0.0
2024-03-05,1,pw_bab_el_mandeb_strait_n_total_z,sp500,0.06369914536089574,-0.06369914536089574
2024-03-05,1,pw_bab_el_mandeb_strait_n_total_z,vix,0.0,0.0
2024-03-05,1,pw_bab_el_mandeb_strait_n_total_z,us2y,0.0,0.0
2024-03-05,1,pw_bab_el_mandeb_strait_n_total_z,us10y,0.02535095528844749,-0.02535095528844749
2024-03-05,1,pw_bab_el_mandeb_strait_n_total_z,wti,0.016981957240035993,-0.016981957240035993
2024-03-05,1,pw_bab_el_mandeb_strait_n_total_z,brent,0.0,0.0
2024-03-05,1,pw_bab_el_mandeb_strait_n_total_z,henry_hub,0.3099592608616537,-0.29206246319756984
2024-03-05,1,pw_cape_of_good_hope_capacity_z,audusd,0.44479429497555095,0.29609546433236333
2024-03-05,1,pw_cape_of_good_hope_capacity_z,brlusd,0.3267436887931327,-0.16606137510135055
2024-03-05,1,pw_cape_of_good_hope_capacity_z,cnyusd,0.009076683733784122,0.009076683733784122
2024-03-05,1,pw_cape_of_good_hope_capacity_z,krwusd,0.01058298797894432,0.01058298797894432
2024-03-05,1,pw_cape_of_good_hope_capacity_z,eurusd,0.22977683560102435,0.09496818173513999
2024-03-05,1,pw_cape_of_good_hope_capacity_z,sp500,0.5452737492042165,0.3313132159002416
2024-03-05,1,pw_cape_of_good_hope_capacity_z,vix,0.2285156220515448,-0.16974889067263624
2024-03-05,1,pw_cape_of_good_hope_capacity_z,us2y,0.027350914473731964,-0.027350914473731964
2024-03-05,1,pw_cape_of_good_hope_capacity_z,us10y,0.0,0.0
2024-03-05,1,pw_cape_of_good_hope_capacity_z,wti,0.24138444041705276,0.24138444041705276
2024-03-05,1,pw_cape_of_good_hope_capacity_z,brent,0.13351507528465842,0.13351507528465842
2024-03-05,1,pw_cape_of_good_hope_capacity_z,henry_hub,0.10021993707960192,-0.10021993707960192
2024-03-05,1,pw_cape_of_good_hope_n_total_z,audusd,0.017740725371122423,-0.017740725371122423
2024-03-05,1,pw_cape_of_good_hope_n_total_z,brlusd,0.2523770632061438,0.21941668620912017
2024-03-05,1,pw_cape_of_good_hope_n_total_z,cnyusd,0.0990965391582817,-0.0990965391582817
2024-03-05,1,pw_cape_of_good_hope_n_total_z,krwusd,0.1256092976500885,-0.0642315941837523
2024-03-05,1,pw_cape_of_good_hope_n_total_z,eurusd,0.07663610083127019,-0.07663610083127019
2024-03-05,1,pw_cape_of_good_hope_n_total_z,sp500,0.0,0.0
2024-03-05,1,pw_cape_of_good_hope_n_total_z,vix,0.15353234444075986,0.09804046706617821
2024-03-05,1,pw_cape_of_good_hope_n_total_z,us2y,0.1153725883754503,0.1153725883754503
2024-03-05,1,pw_cape_of_good_hope_n_total_z,us10y,0.17549512204272938,-0.11331977289801536
2024-03-05,1,pw_cape_of_good_hope_n_total_z,wti,0.080792574140397,-0.0544143862775912
2024-03-05,1,pw_cape_of_good_hope_n_total_z,brent,0.00482040596169527,0.00482040596169527
2024-03-05,1,pw_cape_of_good_hope_n_total_z,henry_hub,0.06185782007701869,-0.031379976586510816
2024-03-05,1,pw_malacca_strait_capacity_z,audusd,0.07857260504611725,0.07857260504611725
2024-03-05,1,pw_malacca_strait_capacity_z,brlusd,0.06418091607137648,0.06418091607137648
2024-03-05,1,pw_malacca_strait_capacity_z,cnyusd,0.12575812721017643,0.12575812721017643
2024-03-05,1,pw_malacca_strait_capacity_z,krwusd,0.36882146873310734,0.19670126146026803
2024-03-05,1,pw_malacca_strait_capacity_z,eurusd,0.031865439456620806,0.031865439456620806
2024-03-05,1,pw_malacca_strait_capacity_z,sp500,0.25417788701714905,0.13929832461506234
2024-03-05,1,pw_malacca_strait_capacity_z,vix,0.27089063030838034,-0.14594870719064942
2024-03-05,1,pw_malacca_strait_capacity_z,us2y,0.01920049424688653,-0.01920049424688653
2024-03-05,1,pw_malacca_strait_capacity_z,us10y,0.12395381301420128,-0.06650302673257556
2024-03-05,1,pw_malacca_strait_capacity_z,wti,0.11300530374189893,-0.050925477381431675
2024-03-05,1,pw_malacca_strait_capacity_z,brent,0.09253562471179343,-0.09253562471179343
2024-03-05,1,pw_malacca_strait_capacity_z,henry_hub,0.3468289059888475,-0.1854363144848765
2024-03-05,1,pw_malacca_strait_n_total_z,audusd,0.13377257745683183,-0.10245852471222554
2024-03-05,1,pw_malacca_strait_n_total_z,brlusd,0.027475335614558415,0.027475335614558415
2024-03-05,1,pw_malacca_strait_n_total_z,cnyusd,0.021448791381283052,0.021448791381283052
2024-03-05,1,pw_malacca_strait_n_total_z,krwusd,0.14900757440157564,-0.14900757440157564
2024-03-05,1,pw_malacca_strait_n_total_z,eurusd,0.05900764163588822,-0.05900764163588822
2024-03-05,1,pw_malacca_strait_n_total_z,sp500,0.06832773274350495,-0.06832773274350495
2024-03-05,1,pw_malacca_strait_n_total_z,vix,0.08559778205325203,0.08559778205325203
2024-03-05,1,pw_malacca_strait_n_total_z,us2y,0.056477194230353134,0.056477194230353134
2024-03-05,1,pw_malacca_strait_n_total_z,us10y,0.10212479882364792,0.07101503435221675
2024-03-05,1,pw_malacca_strait_n_total_z,wti,0.005736615598265476,0.005736615598265476
2024-03-05,1,pw_malacca_strait_n_total_z,brent,0.03879697496601976,-0.03879697496601976
2024-03-05,1,pw_malacca_strait_n_total_z,henry_hub,0.06578069971081553,-0.04676922719552483
2024-03-05,1,pw_panama_canal_capacity_z,audusd,0.0,0.0
2024-03-05,1,pw_panama_canal_capacity_z,brlusd,0.04474544208558414,0.04474544208558414
2024-03-05,1,pw_panama_canal_capacity_z,cnyusd,0.3963963423050418,0.2601334763487485
2024-03-05,1,pw_panama_canal_capacity_z,krwusd,0.1688775793695346,0.1445978126823354
2024-03-05,1,pw_panama_canal_capacity_z,eurusd,0.11434407431036621,0.07711544970927041
2024-03-05,1,pw_panama_canal_capacity_z,sp500,0.005509556645519738,0.005509556645519738
2024-03-05,1,pw_panama_canal_capacity_z,vix,0.044961474279698585,-0.029710565556501756
2024-03-05,1,pw_panama_canal_capacity_z,us2y,0.0,0.0
2024-03-05,1,pw_panama_canal_capacity_z,us10y,0.0,0.0
2024-03-05,1,pw_panama_canal_capacity_z,wti,0.023550961890100145,-0.01885421203632584
2024-03-05,1,pw_panama_canal_capacity_z,brent,0.08302934698433674,-0.08302934698433674
2024-03-05,1,pw_panama_canal_capacity_z,henry_hub,0.006794994566841919,-0.006794994566841919
2024-03-05,1,pw_panama_canal_n_total_z,audusd,0.0,0.0
2024-03-05,1,pw_panama_canal_n_total_z,brlusd,0.014055694549648308,-0.014055694549648308
2024-03-05,1,pw_panama_canal_n_total_z,cnyusd,0.02506105822673875,-0.02506105822673875
2024-03-05,1,pw_panama_canal_n_total_z,krwusd,0.0,0.0
2024-03-05,1,pw_panama_canal_n_total_z,eurusd,0.0,0.0
2024-03-05,1,pw_panama_canal_n_total_z,sp500,0.0,0.0
2024-03-05,1,pw_panama_canal_n_total_z,vix,0.0,0.0
2024-03-05,1,pw_panama_canal_n_total_z,us2y,0.11317308846424258,0.11317308846424258
2024-03-05,1,pw_panama_canal_n_total_z,us10y,0.09681192738429212,0.09681192738429212
2024-03-05,1,pw_panama_canal_n_total_z,wti,0.0,0.0
2024-03-05,1,pw_panama_canal_n_total_z,brent,0.0,0.0
2024-03-05,1,pw_panama_canal_n_total_z,henry_hub,0.0,0.0
2024-03-05,1,pw_strait_of_hormuz_capacity_z,audusd,0.0006961578961955452,0.0006961578961955452
2024-03-05,1,pw_strait_of_hormuz_capacity_z,brlusd,0.04396527445682643,0.04396527445682643
2024-03-05,1,pw_strait_of_hormuz_capacity_z,cnyusd,0.0,0.0
2024-03-05,1,pw_strait_of_hormuz_capacity_z,krwusd,0.10183123665921023,-0.07176614480583914
2024-03-05,1,pw_strait_of_hormuz_capacity_z,eurusd,0.00184820278887339,-0.00184820278887339
2024-03-05,1,pw_strait_of_hormuz_capacity_z,sp500,0.0,0.0
2024-03-05,1,pw_strait_of_hormuz_capacity_z,vix,0.03269560324863081,0.03269560324863081
2024-03-05,1,pw_strait_of_hormuz_capacity_z,us2y,0.41271159192561513,-0.2735792738975971
2024-03-05,1,pw_strait_of_hormuz_capacity_z,us10y,0.15275567597407316,-0.11770366772745824
2024-03-05,1,pw_strait_of_hormuz_capacity_z,wti,0.007711518753579681,0.007711518753579681
2024-03-05,1,pw_strait_of_hormuz_capacity_z,brent,0.08922299837297369,0.08922299837297369
2024-03-05,1,pw_strait_of_hormuz_capacity_z,henry_hub,0.09230086197287451,0.047223980048928055
2024-03-05,1,pw_strait_of_hormuz_n_total_z,audusd,0.19939688601471622,-0.1991592877826845
2024-03-05,1,pw_strait_of_hormuz_n_total_z,brlusd,0.08645540784104289,-0.07501852549035354
2024-03-05,1,pw_strait_of_hormuz_n_total_z,cnyusd,0.17134509711169305,-0.1110443308771443
2024-03-05,1,pw_strait_of_hormuz_n_total_z,krwusd,0.0754751958416509,-0.0754751958416509
2024-03-05,1,pw_strait_of_hormuz_n_total_z,eurusd,0.22188270335764576,-0.14839998621597472
2024-03-05,1,pw_strait_of_hormuz_n_total_z,sp500,0.1767999767384835,-0.08860354263108366
2024-03-05,1,pw_strait_of_hormuz_n_total_z,vix,0.11252870793641273,0.11252870793641273
2024-03-05,1,pw_strait_of_hormuz_n_total_z,us2y,0.13441517997826952,0.06313074270355233
2024-03-05,1,pw_strait_of_hormuz_n_total_z,us10y,0.23125768059275736,0.11697010062307654
2024-03-05,1,pw_strait_of_hormuz_n_total_z,wti,0.007418189929966533,0.007418189929966533
2024-03-05,1,pw_strait_of_hormuz_n_total_z,brent,0.07539862964112777,-0.04834314767375737
2024-03-05,1,pw_strait_of_hormuz_n_total_z,henry_hub,0.05363841887889111,-0.05363841887889111
2024-03-05,1,pw_suez_canal_capacity_z,audusd,0.06823929651732114,0.06823929651732114
2024-03-05,1,pw_suez_canal_capacity_z,brlusd,0.0,0.0
2024-03-05,1,pw_suez_canal_capacity_z,cnyusd,0.0,0.0
2024-03-05,1,pw_suez_canal_capacity_z,krwusd,0.0,0.0
2024-03-05,1,pw_suez_canal_capacity_z,eurusd,0.0,0.0
2024-03-05,1,pw_suez_canal_capacity_z,sp500,0.08835175075824683,-0.08835175075824683
2024-03-05,1,pw_suez_canal_capacity_z,vix,0.05815807272958266,0.05815807272958266
2024-03-05,1,pw_suez_canal_capacity_z,us2y,0.041893759032831365,-0.041893759032831365
2024-03-05,1,pw_suez_canal_capacity_z,us10y,0.04611091436067773,-0.04611091436067773
2024-03-05,1,pw_suez_canal_capacity_z,wti,0.0,0.0
2024-03-05,1,pw_suez_canal_capacity_z,brent,0.021490113331070114,-0.021490113331070114
2024-03-05,1,pw_suez_canal_capacity_z,henry_hub,0.033586806178466655,0.033586806178466655
2024-03-05,1,pw_suez_canal_n_total_z,audusd,0.008101280177934538,0.008101280177934538
2024-03-05,1,pw_suez_canal_n_total_z,brlusd,0.0012771359268627343,-0.0012771359268627343
2024-03-05,1,pw_suez_canal_n_total_z,cnyusd,0.011341891070483116,0.011341891070483116
2024-03-05,1,pw_suez_canal_n_total_z,krwusd,0.079664656888017,-0.079664656888017
2024-03-05,1,pw_suez_canal_n_total_z,eurusd,0.014892194361090445,0.014892194361090445
2024-03-05,1,pw_suez_canal_n_total_z,sp500,0.013873151507076404,0.013873151507076404
2024-03-05,1,pw_suez_canal_n_total_z,vix,0.0,0.0
2024-03-05,1,pw_suez_canal_n_total_z,us2y,0.032394638415236834,-0.029557068094921167
2024-03-05,1,pw_suez_canal_n_total_z,us10y,0.0,0.0
2024-03-05,1,pw_suez_canal_n_total_z,wti,0.0,0.0
2024-03-05,1,pw_suez_canal_n_total_z,brent,0.019277341033897753,0.019277341033897753
2024-03-05,1,pw_suez_canal_n_total_z,henry_hub,0.1243314853642663,0.10852457441130789
2024-04-05,1,pw_bab_el_mandeb_strait_capacity_z,audusd,0.13938673321497275,0.08588533010414497
2024-04-05,1,pw_bab_el_mandeb_strait_capacity_z,brlusd,0.08856462575645244,0.08856462575645244
2024-04-05,1,pw_bab_el_mandeb_strait_capacity_z,cnyusd,0.0,0.0
2024-04-05,1,pw_bab_el_mandeb_strait_capacity_z,krwusd,0.0,0.0
2024-04-05,1,pw_bab_el_mandeb_strait_capacity_z,eurusd,0.0,0.0
2024-04-05,1,pw_bab_el_mandeb_strait_capacity_z,sp500,0.015280386554453934,0.015280386554453934
2024-04-05,1,pw_bab_el_mandeb_strait_capacity_z,vix,0.03233353925700416,-0.03233353925700416
2024-04-05,1,pw_bab_el_mandeb_strait_capacity_z,us2y,0.00045001945019535486,-0.00045001945019535486
2024-04-05,1,pw_bab_el_mandeb_strait_capacity_z,us10y,0.054088739489432054,-0.054088739489432054
2024-04-05,1,pw_bab_el_mandeb_strait_capacity_z,wti,0.0,0.0
2024-04-05,1,pw_bab_el_mandeb_strait_capacity_z,brent,0.0,0.0
2024-04-05,1,pw_bab_el_mandeb_strait_capacity_z,henry_hub,0.0,0.0
2024-04-05,1,pw_bab_el_mandeb_strait_n_total_z,audusd,0.0,0.0
2024-04-05,1,pw_bab_el_mandeb_strait_n_total_z,brlusd,0.0,0.0
2024-04-05,1,pw_bab_el_mandeb_strait_n_total_z,cnyusd,0.020194355658544876,-0.020194355658544876
2024-04-05,1,pw_bab_el_mandeb_strait_n_total_z,krwusd,0.052464979562579735,0.052464979562579735
2024-04-05,1,pw_bab_el_mandeb_strait_n_total_z,eurusd,0.0,0.0
2024-04-05,1,pw_bab_el_mandeb_strait_n_total_z,sp500,0.0,0.0
2024-04-05,1,pw_bab_el_mandeb_strait_n_total_z,vix,0.0,0.0
2024-04-05,1,pw_bab_el_mandeb_strait_n_total_z,us2y,0.022732542692180495,-0.022732542692180495
2024-04-05,1,pw_bab_el_mandeb_strait_n_total_z,us10y,0.016277862748402133,-0.016277862748402133
2024-04-05,1,pw_bab_el_mandeb_strait_n_total_z,wti,0.010253592795776808,-0.010253592795776808
2024-04-05,1,pw_bab_el_mandeb_strait_n_total_z,brent,0.0,0.0
2024-04-05,1,pw_bab_el_mandeb_strait_n_total_z,henry_hub,0.2864408834488464,-0.26240016302031155
2024-04-05,1,pw_cape_of_good_hope_capacity_z,audusd,0.27751293452939907,0.21991619119311956
2024-04-05,1,pw_cape_of_good_hope_capacity_z,brlusd,0.36721519616479925,0.19886278148782252
2024-04-05,1,pw_cape_of_good_hope_capacity_z,cnyusd,0.0,0.0
2024-04-05,1,pw_cape_of_good_hope_capacity_z,krwusd,0.0,0.0
2024-04-05,1,pw_cape_of_good_hope_capacity_z,eurusd,0.10664195162020586,0.10664195162020586
2024-04-05,1,pw_cape_of_good_hope_capacity_z,sp500,0.46879395719160666,0.3078529172157918
2024-04-05,1,pw_cape_of_good_hope_capacity_z,vix,0.15343870118582079,-0.13671450553127645
2024-04-05,1,pw_cape_of_good_hope_capacity_z,us2y,0.023031735393388927,-0.023031735393388927
2024-04-05,1,pw_cape_of_good_hope_capacity_z,us10y,0.01566885494127082,-0.01566885494127082
2024-04-05,1,pw_cape_of_good_hope_capacity_z,wti,0.22715784804396788,0.22715784804396788
2024-04-05,1,pw_cape_of_good_hope_capacity_z,brent,0.11664320232592568,0.11664320232592568
2024-04-05,1,pw_cape_of_good_hope_capacity_z,henry_hub,0.1428825459332391,-0.1428825459332391
2024-04-05,1,pw_cape_of_good_hope_n_total_z,audusd,0.01560121996335787,-0.01560121996335787
2024-04-05,1,pw_cape_of_good_hope_n_total_z,brlusd,0.1822879434520724,0.15104753868263235
2024-04-05,1,pw_cape_of_good_hope_n_total_z,cnyusd,0.0962394849511803,-0.0962394849511803
2024-04-05,1,pw_cape_of_good_hope_n_total_z,krwusd,0.05037894866368737,0.04401062660875887
2024-04-05,1,pw_cape_of_good_hope_n_total_z,eurusd,0.08781577105028007,-0.08781577105028007
2024-04-05,1,pw_cape_of_good_hope_n_total_z,sp500,0.0,0.0
2024-04-05,1,pw_cape_of_good_hope_n_total_z,vix,0.18381865562360195,0.11429023036332862
2024-04-05,1,pw_cape_of_good_hope_n_total_z,us2y,0.11029451303334031,0.11029451303334031
2024-04-05,1,pw_cape_of_good_hope_n_total_z,us10y,0.14757351389932444,-0.08864463970266838
2024-04-05,1,pw_cape_of_good_hope_n_total_z,wti,0.05868306757437353,-0.04110570134349618
2024-04-05,1,pw_cape_of_good_hope_n_total_z,brent,0.0,0.0
2024-04-05,1,pw_cape_of_good_hope_n_total_z,henry_hub,0.0515051413744843,0.03960835090900902
2024-04-05,1,pw_malacca_strait_capacity_z,audusd,0.1775706553882474,0.1350358969187215
2024-04-05,1,pw_malacca_strait_capacity_z,brlusd,0.09928806710523537,0.09928806710523537
2024-04-05,1,pw_malacca_strait_capacity_z,cnyusd,0.15984992169777404,0.14752327846316665
2024-04-05,1,pw_malacca_strait_capacity_z,krwusd,0.3581779507391792,0.18849923819133996
2024-04-05,1,pw_malacca_strait_capacity_z,eurusd,0.07415476263530281,0.07415476263530281
2024-04-05,1,pw_malacca_strait_capacity_z,sp500,0.2756922093312586,0.11732832674301634
2024-04-05,1,pw_malacca_strait_capacity_z,vix,0.253893373111817,-0.1296661692096261
2024-04-05,1,pw_malacca_strait_capacity_z,us2y,0.05412798369379565,-0.03942811068247628
2024-04-05,1,pw_malacca_strait_capacity_z,us10y,0.11158379128974012,-0.11158379128974012
2024-04-05,1,pw_malacca_strait_capacity_z,wti,0.09300688724139934,-0.06765014749334856
2024-04-05,1,pw_malacca_strait_capacity_z,brent,0.08791297297047224,-0.06125233546001087
2024-04-05,1,pw_malacca_strait_capacity_z,henry_hub,0.16757407002189556,-0.1258930568242807
2024-04-05,1,pw_malacca_strait_n_total_z,audusd,0.12643812967702212,-0.06922998657404701
2024-04-05,1,pw_malacca_strait_n_total_z,brlusd,0.0,0.0
2024-04-05,1,pw_malacca_strait_n_total_z,cnyusd,0.020330055837971733,0.020330055837971733
2024-04-05,1,pw_malacca_strait_n_total_z,krwusd,0.04950175220615089,-0.04950175220615089
2024-04-05,1,pw_malacca_strait_n_total_z,eurusd,0.043775779402516556,0.02477534834334481
2024-04-05,1,pw_malacca_strait_n_total_z,sp500,0.08537229881512752,-0.08537229881512752
2024-04-05,1,pw_malacca_strait_n_total_z,vix,0.09870649814998657,0.09870649814998657
2024-04-05,1,pw_malacca_strait_n_total_z,us2y,0.07466793156581443,0.06310321936601646
2024-04-05,1,pw_malacca_strait_n_total_z,us10y,0.09765441429294404,0.09765441429294404
2024-04-05,1,pw_malacca_strait_n_total_z,wti,0.0495003056657383,0.0495003056657383
2024-04-05,1,pw_malacca_strait_n_total_z,brent,0.0,0.0
2024-04-05,1,pw_malacca_strait_n_total_z,henry_hub,0.021731159035547277,-0.01300381723927794
2024-04-05,1,pw_panama_canal_capacity_z,audusd,0.0,0.0
2024-04-05,1,pw_panama_canal_capacity_z,brlusd,0.07323208116531682,0.07323208116531682
2024-04-05,1,pw_panama_canal_capacity_z,cnyusd,0.3557268941509515,0.22501937126666155
2024-04-05,1,pw_panama_canal_capacity_z,krwusd,0.1986312366097357,0.12355844148490329
2024-04-05,1,pw_panama_canal_capacity_z,eurusd,0.1413565784523778,0.09229476782403079
2024-04-05,1,pw_panama_canal_capacity_z,sp500,0.018850303508438814,-0.018850303508438814
2024-04-05,1,pw_panama_canal_capacity_z,vix,0.0013489308352728447,-0.0013489308352728447
2024-04-05,1,pw_panama_canal_capacity_z,us2y,0.0,0.0
2024-04-05,1,pw_panama_canal_capacity_z,us10y,0.0,0.0
2024-04-05,1,pw_panama_canal_capacity_z,wti,0.025338570977153554,-0.015615691570686121
2024-04-05,1,pw_panama_canal_capacity_z,brent,0.07236303531073505,-0.07236303531073505
2024-04-05,1,pw_panama_canal_capacity_z,henry_hub,0.03950422870301279,-0.03950422870301279
2024-04-05,1,pw_panama_canal_n_total_z,audusd,0.0,0.0
2024-04-05,1,pw_panama_canal_n_total_z,brlusd,0.04370251844896395,-0.04370251844896395
2024-04-05,1,pw_panama_canal_n_total_z,cnyusd,0.003635659810962115,-0.003635659810962115
2024-04-05,1,pw_panama_canal_n_total_z,krwusd,0.0,0.0
2024-04-05,1,pw_panama_canal_n_total_z,eurusd,0.0,0.0
2024-04-05,1,pw_panama_canal_n_total_z,sp500,0.0,0.0
2024-04-05,1,pw_panama_canal_n_total_z,vix,0.0,0.0
2024-04-05,1,pw_panama_canal_n_total_z,us2y,0.10148413421414505,0.10148413421414505
2024-04-05,1,pw_panama_canal_n_total_z,us10y,0.10862906013892491,0.10862906013892491
2024-04-05,1,pw_panama_canal_n_total_z,wti,0.0,0.0
2024-04-05,1,pw_panama_canal_n_total_z,brent,0.0,0.0
2024-04-05,1,pw_panama_canal_n_total_z,henry_hub,0.0,0.0
2024-04-05,1,pw_strait_of_hormuz_capacity_z,audusd,0.09032666218001582,0.09032666218001582
2024-04-05,1,pw_strait_of_hormuz_capacity_z,brlusd,0.04925839033693341,0.03974002459090616
2024-04-05,1,pw_strait_of_hormuz_capacity_z,cnyusd,0.0,0.0
2024-04-05,1,pw_strait_of_hormuz_capacity_z,krwusd,0.07510449870802992,0.04613988810473051
2024-04-05,1,pw_strait_of_hormuz_capacity_z,eurusd,0.040220956060961786,0.023460233880717093
2024-04-05,1,pw_strait_of_hormuz_capacity_z,sp500,0.07796882111225759,-0.07796882111225759
2024-04-05,1,pw_strait_of_hormuz_capacity_z,vix,0.06701670657944975,0.06701670657944975
2024-04-05,1,pw_strait_of_hormuz_capacity_z,us2y,0.38707190580244477,-0.28157763623810317
2024-04-05,1,pw_strait_of_hormuz_capacity_z,us10y,0.21271691632355474,-0.18555685008448367
2024-04-05,1,pw_strait_of_hormuz_capacity_z,wti,0.0,0.0
2024-04-05,1,pw_strait_of_hormuz_capacity_z,brent,0.059772724138226485,0.059772724138226485
2024-04-05,1,pw_strait_of_hormuz_capacity_z,henry_hub,0.09476674977450747,0.05345133049587464
2024-04-05,1,pw_strait_of_hormuz_n_total_z,audusd,0.19072055420734654,-0.19072055420734654
2024-04-05,1,pw_strait_of_hormuz_n_total_z,brlusd,0.0071358928254627,-0.0071358928254627
2024-04-05,1,pw_strait_of_hormuz_n_total_z,cnyusd,0.1498139431452258,-0.10563200239031051
2024-04-05,1,pw_strait_of_hormuz_n_total_z,krwusd,0.10091703349828904,-0.06035926251831136
2024-04-05,1,pw_strait_of_hormuz_n_total_z,eurusd,0.17585511530195858,-0.14137768149556965
2024-04-05,1,pw_strait_of_hormuz_n_total_z,sp500,0.09268015980667126,-0.053020260241973004
2024-04-05,1,pw_strait_of_hormuz_n_total_z,vix,0.09126376803841227,0.09126376803841227
2024-04-05,1,pw_strait_of_hormuz_n_total_z,us2y,0.1648472849159306,0.10085402977143022
2024-04-05,1,pw_strait_of_hormuz_n_total_z,us10y,0.21795417834571856,0.10805112386293836
2024-04-05,1,pw_strait_of_hormuz_n_total_z,wti,0.060983665790010966,0.060983665790010966
2024-04-05,1,pw_strait_of_hormuz_n_total_z,brent,0.11414462123965262,0.08100450494919553
2024-04-05,1,pw_strait_of_hormuz_n_total_z,henry_hub,0.04229230766565695,-0.04229230766565695
2024-04-05,1,pw_suez_canal_capacity_z,audusd,0.039765048579228274,0.039765048579228274
2024-04-05,1,pw_suez_canal_capacity_z,brlusd,0.0,0.0
2024-04-05,1,pw_suez_canal_capacity_z,cnyusd,0.0,0.0
2024-04-05,1,pw_suez_canal_capacity_z,krwusd,0.0,0.0
2024-04-05,1,pw_suez_canal_capacity_z,eurusd,0.0,0.0
2024-04-05,1,pw_suez_canal_capacity_z,sp500,0.07057173488904663,-0.07057173488904663
2024-04-05,1,pw_suez_canal_capacity_z,vix,0.019727169356749535,0.019727169356749535
2024-04-05,1,pw_suez_canal_capacity_z,us2y,0.0016925449827007992,-0.0016925449827007992
2024-04-05,1,pw_suez_canal_capacity_z,us10y,0.014057171955624594,-0.014057171955624594
2024-04-05,1,pw_suez_canal_capacity_z,wti,0.0,0.0
2024-04-05,1,pw_suez_canal_capacity_z,brent,0.02698656761880769,-0.02698656761880769
2024-04-05,1,pw_suez_canal_capacity_z,henry_hub,0.015583423081960496,0.015583423081960496
2024-04-05,1,pw_suez_canal_n_total_z,audusd,0.0,0.0
2024-04-05,1,pw_suez_canal_n_total_z,brlusd,0.0014607357878476113,-0.0014607357878476113
2024-04-05,1,pw_suez_canal_n_total_z,cnyusd,0.003997643052282539,0.003997643052282539
2024-04-05,1,pw_suez_canal_n_total_z,krwusd,0.06101784580227326,-0.06101784580227326
2024-04-05,1,pw_suez_canal_n_total_z,eurusd,0.021011758666024276,0.021011758666024276
2024-04-05,1,pw_suez_canal_n_total_z,sp500,0.039414082256523784,0.039414082256523784
2024-04-05,1,pw_suez_canal_n_total_z,vix,0.010989282876838742,-0.010989282876838742
2024-04-05,1,pw_suez_canal_n_total_z,us2y,0.03202060599472656,-0.018885451513137575
2024-04-05,1,pw_suez_canal_n_total_z,us10y,0.0,0.0
2024-04-05,1,pw_suez_canal_n_total_z,wti,0.0,0.0
2024-04-05,1,pw_suez_canal_n_total_z,brent,0.021125283491134354,0.021125283491134354
2024-04-05,1,pw_suez_canal_n_total_z,henry_hub,0.1292224866044321,0.07506170837508569
2024-05-03,1,pw_bab_el_mandeb_strait_capacity_z,audusd,0.1012101613908942,0.08522312966611223
2024-05-03,1,pw_bab_el_mandeb_strait_capacity_z,brlusd,0.048351351826486796,0.048351351826486796
2024-05-03,1,pw_bab_el_mandeb_strait_capacity_z,cnyusd,0.0,0.0
2024-05-03,1,pw_bab_el_mandeb_strait_capacity_z,krwusd,0.0,0.0
2024-05-03,1,pw_bab_el_mandeb_strait_capacity_z,eurusd,0.0,0.0
2024-05-03,1,pw_bab_el_mandeb_strait_capacity_z,sp500,0.026321979710472794,0.026321979710472794
2024-05-03,1,pw_bab_el_mandeb_strait_capacity_z,vix,0.010216244360136236,-0.010216244360136236
2024-05-03,1,pw_bab_el_mandeb_strait_capacity_z,us2y,0.0,0.0
2024-05-03,1,pw_bab_el_mandeb_strait_capacity_z,us10y,0.017907839081127978,-0.017907839081127978
2024-05-03,1,pw_bab_el_mandeb_strait_capacity_z,wti,0.0,0.0
2024-05-03,1,pw_bab_el_mandeb_strait_capacity_z,brent,0.0,0.0
2024-05-03,1,pw_bab_el_mandeb_strait_capacity_z,henry_hub,0.0,0.0
2024-05-03,1,pw_bab_el_mandeb_strait_n_total_z,audusd,0.0,0.0
2024-05-03,1,pw_bab_el_mandeb_strait_n_total_z,brlusd,0.0,0.0
2024-05-03,1,pw_bab_el_mandeb_strait_n_total_z,cnyusd,0.0034620950419758795,-0.0034620950419758795
2024-05-03,1,pw_bab_el_mandeb_strait_n_total_z,krwusd,0.03257134158178339,0.03257134158178339
2024-05-03,1,pw_bab_el_mandeb_strait_n_total_z,eurusd,0.0,0.0
2024-05-03,1,pw_bab_el_mandeb_strait_n_total_z,sp500,0.0,0.0
2024-05-03,1,pw_bab_el_mandeb_strait_n_total_z,vix,0.0,0.0
2024-05-03,1,pw_bab_el_mandeb_strait_n_total_z,us2y,0.0,0.0
2024-05-03,1,pw_bab_el_mandeb_strait_n_total_z,us10y,0.010617450369340807,-0.010617450369340807
2024-05-03,1,pw_bab_el_mandeb_strait_n_total_z,wti,0.024661521044841636,-0.024661521044841636
2024-05-03,1,pw_bab_el_mandeb_strait_n_total_z,brent,0.0,0.0
2024-05-03,1,pw_bab_el_mandeb_strait_n_total_z,henry_hub,0.27413914896027236,-0.24818387189376934
2024-05-03,1,pw_cape_of_good_hope_capacity_z,audusd,0.1592135995482198,0.1592135995482198
2024-05-03,1,pw_cape_of_good_hope_capacity_z,brlusd,0.29612039575534455,0.15237285051514643
2024-05-03,1,pw_cape_of_good_hope_capacity_z,cnyusd,0.017053540006395317,0.017053540006395317
2024-05-03,1,pw_cape_of_good_hope_capacity_z,krwusd,0.009250605734118542,0.009250605734118542
2024-05-03,1,pw_cape_of_good_hope_capacity_z,eurusd,0.10828885177999178,0.08939558473332351
2024-05-03,1,pw_cape_of_good_hope_capacity_z,sp500,0.21591215739134714,0.21464549168967462
2024-05-03,1,pw_cape_of_good_hope_capacity_z,vix,0.1587643803025292,-0.15448815216136108
2024-05-03,1,pw_cape_of_good_hope_capacity_z,us2y,0.009135942289707662,-0.009135942289707662
2024-05-03,1,pw_cape_of_good_hope_capacity_z,us10y,0.011394396520382464,-0.011394396520382464
2024-05-03,1,pw_cape_of_good_hope_capacity_z,wti,0.16596256059995085,0.16596256059995085
2024-05-03,1,pw_cape_of_good_hope_capacity_z,brent,0.08286770453354037,0.08286770453354037
2024-05-03,1,pw_cape_of_good_hope_capacity_z,henry_hub,0.14562525429617804,-0.14562525429617804
2024-05-03,1,pw_cape_of_good_hope_n_total_z,audusd,0.031354576123898,-0.031354576123898
2024-05-03,1,pw_cape_of_good_hope_n_total_z,brlusd,0.1441944819235453,0.12066832649348072
2024-05-03,1,pw_cape_of_good_hope_n_total_z,cnyusd,0.1021498322005504,-0.1021498322005504
2024-05-03,1,pw_cape_of_good_hope_n_total_z,krwusd,0.01665280607652345,0.01665280607652345
2024-05-03,1,pw_cape_of_good_hope_n_total_z,eurusd,0.0870813999890255,-0.0870813999890255
2024-05-03,1,pw_cape_of_good_hope_n_total_z,sp500,0.0650872455702177,-0.0650872455702177
2024-05-03,1,pw_cape_of_good_hope_n_total_z,vix,0.10051602854224298,0.10039517500845319
2024-05-03,1,pw_cape_of_good_hope_n_total_z,us2y,0.10262031095946242,0.10262031095946242
2024-05-03,1,pw_cape_of_good_hope_n_total_z,us10y,0.10026757082287859,-0.06347786367338758
2024-05-03,1,pw_cape_of_good_hope_n_total_z,wti,0.03953520870730655,0.029592910530068673
2024-05-03,1,pw_cape_of_good_hope_n_total_z,brent,0.0,0.0
2024-05-03,1,pw_cape_of_good_hope_n_total_z,henry_hub,0.04808632429408663,0.034903500148833644
2024-05-03,1,pw_malacca_strait_capacity_z,audusd,0.16153244615215798,0.10995141878700411
2024-05-03,1,pw_malacca_strait_capacity_z,brlusd,0.07175909530584376,0.07175909530584376
2024-05-03,1,pw_malacca_strait_capacity_z,cnyusd,0.1057005405154689,0.1057005405154689
2024-05-03,1,pw_malacca_strait_capacity_z,krwusd,0.28344512842751035,0.13742544595220865
2024-05-03,1,pw_malacca_strait_capacity_z,eurusd,0.05788504755938233,0.05788504755938233
2024-05-03,1,pw_malacca_strait_capacity_z,sp500,0.25692054730543085,0.18075303405795143
2024-05-03,1,pw_malacca_strait_capacity_z,vix,0.2132083715339592,-0.18521796942887722
2024-05-03,1,pw_malacca_strait_capacity_z,us2y,0.05327335976004281,-0.04407880547323771
2024-05-03,1,pw_malacca_strait_capacity_z,us10y,0.11369524902923399,-0.11369524902923399
2024-05-03,1,pw_malacca_strait_capacity_z,wti,0.03583675631859376,-0.03583675631859376
2024-05-03,1,pw_malacca_strait_capacity_z,brent,0.01812017804902273,-0.01812017804902273
2024-05-03,1,pw_malacca_strait_capacity_z,henry_hub,0.12494990834060306,-0.09188252457226832
2024-05-03,1,pw_malacca_strait_n_total_z,audusd,0.12485967010507242,-0.06870203175748409
2024-05-03,1,pw_malacca_strait_n_total_z,brlusd,0.0,0.0
2024-05-03,1,pw_malacca_strait_n_total_z,cnyusd,0.005745989350772061,0.0033458437863487438
2024-05-03,1,pw_malacca_strait_n_total_z,krwusd,0.026668922476665358,-0.026668922476665358
2024-05-03,1,pw_malacca_strait_n_total_z,eurusd,0.019824119147745952,0.016451965339474958
2024-05-03,1,pw_malacca_strait_n_total_z,sp500,0.08683389110534126,-0.08683389110534126
2024-05-03,1,pw_malacca_strait_n_total_z,vix,0.09952004416839116,0.049868204190910245
2024-05-03,1,pw_malacca_strait_n_total_z,us2y,0.07029416879094365,0.07029416879094365
2024-05-03,1,pw_malacca_strait_n_total_z,us10y,0.10214032857735897,0.10214032857735897
2024-05-03,1,pw_malacca_strait_n_total_z,wti,0.06531980351482947,0.06163423926792905
2024-05-03,1,pw_malacca_strait_n_total_z,brent,0.0,0.0
2024-05-03,1,pw_malacca_strait_n_total_z,henry_hub,0.033518817787330346,-0.017803671009620943
2024-05-03,1,pw_panama_canal_capacity_z,audusd,0.0,0.0
2024-05-03,1,pw_panama_canal_capacity_z,brlusd,0.026523834181329354,0.026523834181329354
2024-05-03,1,pw_panama_canal_capacity_z,cnyusd,0.33547670727570617,0.21687969238641364
2024-05-03,1,pw_panama_canal_capacity_z,krwusd,0.16537441142863626,0.11249176151651323
2024-05-03,1,pw_panama_canal_capacity_z,eurusd,0.138009341115767,0.07648060066960842
2024-05-03,1,pw_panama_canal_capacity_z,sp500,0.012917202297976407,-0.012917202297976407
2024-05-03,1,pw_panama_canal_capacity_z,vix,0.019884239026036647,-0.019884239026036647
2024-05-03,1,pw_panama_canal_capacity_z,us2y,0.0,0.0
2024-05-03,1,pw_panama_canal_capacity_z,us10y,0.0,0.0
2024-05-03,1,pw_panama_canal_capacity_z,wti,0.019614357555691204,0.019614357555691204
2024-05-03,1,pw_panama_canal_capacity_z,brent,0.04060975574183361,-0.04060975574183361
2024-05-03,1,pw_panama_canal_capacity_z,henry_hub,0.02395060054593461,-0.02395060054593461
2024-05-03,1,pw_panama_canal_n_total_z,audusd,0.0,0.0
2024-05-03,1,pw_panama_canal_n_total_z,brlusd,0.0,0.0
2024-05-03,1,pw_panama_canal_n_total_z,cnyusd,0.0534933108425267,-0.033228489549271
2024-05-03,1,pw_panama_canal_n_total_z,krwusd,0.0,0.0
2024-05-03,1,pw_panama_canal_n_total_z,eurusd,0.0,0.0
2024-05-03,1,pw_panama_canal_n_total_z,sp500,0.0,0.0
2024-05-03,1,pw_panama_canal_n_total_z,vix,0.0,0.0
2024-05-03,1,pw_panama_canal_n_total_z,us2y,0.07629440250379421,0.07629440250379421
2024-05-03,1,pw_panama_canal_n_total_z,us10y,0.09074984214937072,0.09074984214937072
2024-05-03,1,pw_panama_canal_n_total_z,wti,0.0,0.0
2024-05-03,1,pw_panama_canal_n_total_z,brent,0.0,0.0
2024-05-03,1,pw_panama_canal_n_total_z,henry_hub,0.0,0.0
2024-05-03,1,pw_strait_of_hormuz_capacity_z,audusd,0.08153047784393823,0.08153047784393823
2024-05-03,1,pw_strait_of_hormuz_capacity_z,brlusd,0.0,0.0
2024-05-03,1,pw_strait_of_hormuz_capacity_z,cnyusd,0.0,0.0
2024-05-03,1,pw_strait_of_hormuz_capacity_z,krwusd,0.0,0.0
2024-05-03,1,pw_strait_of_hormuz_capacity_z,eurusd,0.049079890449289926,0.048661745020415016
2024-05-03,1,pw_strait_of_hormuz_capacity_z,sp500,0.09130007778935224,-0.09130007778935224
2024-05-03,1,pw_strait_of_hormuz_capacity_z,vix,0.054933795282157256,0.03922172511121053
2024-05-03,1,pw_strait_of_hormuz_capacity_z,us2y,0.2767384164076467,-0.20169475114423996
2024-05-03,1,pw_strait_of_hormuz_capacity_z,us10y,0.21721537912229968,-0.1837894719571519
2024-05-03,1,pw_strait_of_hormuz_capacity_z,wti,0.0,0.0
2024-05-03,1,pw_strait_of_hormuz_capacity_z,brent,0.05285758861620222,0.05285758861620222
2024-05-03,1,pw_strait_of_hormuz_capacity_z,henry_hub,0.09302738368725537,0.09302738368725537
2024-05-03,1,pw_strait_of_hormuz_n_total_z,audusd,0.18024659665432244,-0.18024659665432244
2024-05-03,1,pw_strait_of_hormuz_n_total_z,brlusd,0.023862167242758872,-0.019889517130667483
2024-05-03,1,pw_strait_of_hormuz_n_total_z,cnyusd,0.066659212378997,-0.066659212378997
2024-05-03,1,pw_strait_of_hormuz_n_total_z,krwusd,0.06343895977274301,-0.03231502816656519
2024-05-03,1,pw_strait_of_hormuz_n_total_z,eurusd,0.19399313916240182,-0.17587163172565565
2024-05-03,1,pw_strait_of_hormuz_n_total_z,sp500,0.027282820723078725,-0.022762675418634266
2024-05-03,1,pw_strait_of_hormuz_n_total_z,vix,0.08328409334405405,0.08328409334405405
2024-05-03,1,pw_strait_of_hormuz_n_total_z,us2y,0.1945657267571284,0.12716351393778805
2024-05-03,1,pw_strait_of_hormuz_n_total_z,us10y,0.2339620181926325,0.11725275240834579
2024-05-03,1,pw_strait_of_hormuz_n_total_z,wti,0.0411080953419677,0.029862055940732875
2024-05-03,1,pw_strait_of_hormuz_n_total_z,brent,0.1424078481955005,0.07931356388211451
2024-05-03,1,pw_strait_of_hormuz_n_total_z,henry_hub,0.07964939621649583,-0.07964939621649583
2024-05-03,1,pw_suez_canal_capacity_z,audusd,0.051385522084219364,0.051385522084219364
2024-05-03,1,pw_suez_canal_capacity_z,brlusd,0.0,0.0
2024-05-03,1,pw_suez_canal_capacity_z,cnyusd,0.0,0.0
2024-05-03,1,pw_suez_canal_capacity_z,krwusd,0.0,0.0
2024-05-03,1,pw_suez_canal_capacity_z,eurusd,0.0,0.0
2024-05-03,1,pw_suez_canal_capacity_z,sp500,0.06135918118858683,-0.06135918118858683
2024-05-03,1,pw_suez_canal_capacity_z,vix,0.01086147803950662,0.01086147803950662
2024-05-03,1,pw_suez_canal_capacity_z,us2y,0.01079756715989652,-0.01079756715989652
2024-05-03,1,pw_suez_canal_capacity_z,us10y,0.03817136835006216,-0.03817136835006216
2024-05-03,1,pw_suez_canal_capacity_z,wti,0.0,0.0
2024-05-03,1,pw_suez_canal_capacity_z,brent,0.03647757319866115,-0.03647757319866115
2024-05-03,1,pw_suez_canal_capacity_z,henry_hub,0.017964197094609308,0.017964197094609308
2024-05-03,1,pw_suez_canal_n_total_z,audusd,0.0,0.0
2024-05-03,1,pw_suez_canal_n_total_z,brlusd,0.0,0.0
2024-05-03,1,pw_suez_canal_n_total_z,cnyusd,0.0,0.0
2024-05-03,1,pw_suez_canal_n_total_z,krwusd,0.042177832625966395,-0.042177832625966395
2024-05-03,1,pw_suez_canal_n_total_z,eurusd,0.017955459224457324,0.017955459224457324
2024-05-03,1,pw_suez_canal_n_total_z,sp500,0.021468277372276846,0.021468277372276846
2024-05-03,1,pw_suez_canal_n_total_z,vix,0.0,0.0
2024-05-03,1,pw_suez_canal_n_total_z,us2y,0.022215122432489645,-0.022215122432489645
2024-05-03,1,pw_suez_canal_n_total_z,us10y,0.0,0.0
2024-05-03,1,pw_suez_canal_n_total_z,wti,0.0,0.0
2024-05-03,1,pw_suez_canal_n_total_z,brent,0.004564975663078903,0.004564975663078903
2024-05-03,1,pw_suez_canal_n_total_z,henry_hub,0.10838232140154985,0.061298005297579096
2024-06-06,1,pw_bab_el_mandeb_strait_capacity_z,audusd,0.0958452736740904,0.06539832444816981
2024-06-06,1,pw_bab_el_mandeb_strait_capacity_z,brlusd,0.06108394655405542,0.06108394655405542
2024-06-06,1,pw_bab_el_mandeb_strait_capacity_z,cnyusd,0.0,0.0
2024-06-06,1,pw_bab_el_mandeb_strait_capacity_z,krwusd,0.0,0.0
2024-06-06,1,pw_bab_el_mandeb_strait_capacity_z,eurusd,0.0,0.0
2024-06-06,1,pw_bab_el_mandeb_strait_capacity_z,sp500,0.009919161779406762,0.009919161779406762
2024-06-06,1,pw_bab_el_mandeb_strait_capacity_z,vix,0.00312787397943576,-0.00312787397943576
2024-06-06,1,pw_bab_el_mandeb_strait_capacity_z,us2y,0.0,0.0
2024-06-06,1,pw_bab_el_mandeb_strait_capacity_z,us10y,0.03171586019354038,-0.03171586019354038
2024-06-06,1,pw_bab_el_mandeb_strait_capacity_z,wti,0.0,0.0
2024-06-06,1,pw_bab_el_mandeb_strait_capacity_z,brent,0.0,0.0
2024-06-06,1,pw_bab_el_mandeb_strait_capacity_z,henry_hub,0.0,0.0
2024-06-06,1,pw_bab_el_mandeb_strait_n_total_z,audusd,0.0,0.0
2024-06-06,1,pw_bab_el_mandeb_strait_n_total_z,brlusd,0.0,0.0
2024-06-06,1,pw_bab_el_mandeb_strait_n_total_z,cnyusd,0.004235275900349544,-0.004235275900349544
2024-06-06,1,pw_bab_el_mandeb_strait_n_total_z,krwusd,0.020539207604505498,0.020539207604505498
2024-06-06,1,pw_bab_el_mandeb_strait_n_total_z,eurusd,0.0,0.0
2024-06-06,1,pw_bab_el_mandeb_strait_n_total_z,sp500,0.0,0.0
2024-06-06,1,pw_bab_el_mandeb_strait_n_total_z,vix,0.0,0.0
2024-06-06,1,pw_bab_el_mandeb_strait_n_total_z,us2y,0.0,0.0
2024-06-06,1,pw_bab_el_mandeb_strait_n_total_z,us10y,0.01424863236938165,-0.01424863236938165
2024-06-06,1,pw_bab_el_mandeb_strait_n_total_z,wti,0.026730444618799212,-0.026730444618799212
2024-06-06,1,pw_bab_el_mandeb_strait_n_total_z,brent,0.0,0.0
2024-06-06,1,pw_bab_el_mandeb_strait_n_total_z,henry_hub,0.24617019114461652,-0.23341510716649203
2024-06-06,1,pw_cape_of_good_hope_capacity_z,audusd,0.16244677589066858,0.16244677589066858
2024-06-06,1,pw_cape_of_good_hope_capacity_z,brlusd,0.20322938435417864,0.10927506706917968
2024-06-06,1,pw_cape_of_good_hope_capacity_z,cnyusd,0.024497305082576488,0.024497305082576488
2024-06-06,1,pw_cape_of_good_hope_capacity_z,krwusd,0.02127772637502003,0.02127772637502003
2024-06-06,1,pw_cape_of_good_hope_capacity_z,eurusd,0.11060541349009204,0.08682345148547543
2024-06-06,1,pw_cape_of_good_hope_capacity_z,sp500,0.252709089602049,0.22177947958832753
2024-06-06,1,pw_cape_of_good_hope_capacity_z,vix,0.16284907764939893,-0.15401363546229535
2024-06-06,1,pw_cape_of_good_hope_capacity_z,us2y,0.018022874577416942,-0.018022874577416942
2024-06-06,1,pw_cape_of_good_hope_capacity_z,us10y,0.013213110937078472,-0.013213110937078472
2024-06-06,1,pw_cape_of_good_hope_capacity_z,wti,0.1432738724975792,0.1432738724975792
2024-06-06,1,pw_cape_of_good_hope_capacity_z,brent,0.08480116524952952,0.08480116524952952
2024-06-06,1,pw_cape_of_good_hope_capacity_z,henry_hub,0.1292277607051158,-0.1292277607051158
2024-06-06,1,pw_cape_of_good_hope_n_total_z,audusd,0.04232278870284618,-0.04232278870284618
2024-06-06,1,pw_cape_of_good_hope_n_total_z,brlusd,0.15059633010327864,0.12806421286840183
2024-06-06,1,pw_cape_of_good_hope_n_total_z,cnyusd,0.10932454261042124,-0.10932454261042124
2024-06-06,1,pw_cape_of_good_hope_n_total_z,krwusd,0.0088719385983764,0.0088719385983764
2024-06-06,1,pw_cape_of_good_hope_n_total_z,eurusd,0.0873314109478389,-0.0873314109478389
2024-06-06,1,pw_cape_of_good_hope_n_total_z,sp500,0.0415810756486585,-0.0415810756486585
2024-06-06,1,pw_cape_of_good_hope_n_total_z,vix,0.10010864774007115,0.09424550382172535
2024-06-06,1,pw_cape_of_good_hope_n_total_z,us2y,0.10142547010239603,0.10142547010239603
2024-06-06,1,pw_cape_of_good_hope_n_total_z,us10y,0.1077043752919305,-0.061892335633285514
2024-06-06,1,pw_cape_of_good_hope_n_total_z,wti,0.03154275990062631,0.03154275990062631
2024-06-06,1,pw_cape_of_good_hope_n_total_z,brent,0.0018325597939272786,0.0018325597939272786
2024-06-06,1,pw_cape_of_good_hope_n_total_z,henry_hub,0.05276618003312588,0.037289887593381095
2024-06-06,1,pw_malacca_strait_capacity_z,audusd,0.09341766928414152,-0.05470145532945138
2024-06-06,1,pw_malacca_strait_capacity_z,brlusd,0.04995238107479176,0.04995238107479176
2024-06-06,1,pw_malacca_strait_capacity_z,cnyusd,0.07895419383550731,0.06729757608069778
2024-06-06,1,pw_malacca_strait_capacity_z,krwusd,0.1768113035765362,0.12592938602972784
2024-06-06,1,pw_malacca_strait_capacity_z,eurusd,0.0,0.0
2024-06-06,1,pw_malacca_strait_capacity_z,sp500,0.09755424653757207,0.09622680394863338
2024-06-06,1,pw_malacca_strait_capacity_z,vix,0.10685992786261085,-0.10685992786261085
2024-06-06,1,pw_malacca_strait_capacity_z,us2y,0.039123056317482884,0.03449748740920213
2024-06-06,1,pw_malacca_strait_capacity_z,us10y,0.028396423703974768,-0.028396423703974768
2024-06-06,1,pw_malacca_strait_capacity_z,wti,0.01366209421426652,-0.01366209421426652
2024-06-06,1,pw_malacca_strait_capacity_z,brent,0.0,0.0
2024-06-06,1,pw_malacca_strait_capacity_z,henry_hub,0.10627514810451277,-0.10627514810451277
2024-06-06,1,pw_malacca_strait_n_total_z,audusd,0.17384930882535213,0.08979766092558993
2024-06-06,1,pw_malacca_strait_n_total_z,brlusd,0.005615297189020276,0.005615297189020276
2024-06-06,1,pw_malacca_strait_n_total_z,cnyusd,0.002167322342161535,0.002167322342161535
2024-06-06,1,pw_malacca_strait_n_total_z,krwusd,0.027899314195406817,-0.027899314195406817
2024-06-06,1,pw_malacca_strait_n_total_z,eurusd,0.09566512831281543,-0.03908629669975593
2024-06-06,1,pw_malacca_strait_n_total_z,sp500,0.003983582805757491,-0.003983582805757491
2024-06-06,1,pw_malacca_strait_n_total_z,vix,0.048026687161436876,0.029847701751486745
2024-06-06,1,pw_malacca_strait_n_total_z,us2y,0.03428577796946796,0.03428577796946796
2024-06-06,1,pw_malacca_strait_n_total_z,us10y,0.041898669721041684,0.041898669721041684
2024-06-06,1,pw_malacca_strait_n_total_z,wti,0.014497905783326251,0.014497905783326251
2024-06-06,1,pw_malacca_strait_n_total_z,brent,0.01884173934299581,-0.01884173934299581
2024-06-06,1,pw_malacca_strait_n_total_z,henry_hub,0.032179307892506684,0.025749720449038716
2024-06-06,1,pw_panama_canal_capacity_z,audusd,0.0,0.0
2024-06-06,1,pw_panama_canal_capacity_z,brlusd,0.0063881147256645765,0.0063881147256645765
2024-06-06,1,pw_panama_canal_capacity_z,cnyusd,0.278432951555916,0.16724393973853047
2024-06-06,1,pw_panama_canal_capacity_z,krwusd,0.10147103813705899,0.10147103813705899
2024-06-06,1,pw_panama_canal_capacity_z,eurusd,0.11133006908627383,0.06794269505210296
2024-06-06,1,pw_panama_canal_capacity_z,sp500,0.04418666649642217,-0.03819216885555491
2024-06-06,1,pw_panama_canal_capacity_z,vix,0.003732222044749261,-0.003732222044749261
2024-06-06,1,pw_panama_canal_capacity_z,us2y,0.00158468636838351,0.00158468636838351
2024-06-06,1,pw_panama_canal_capacity_z,us10y,0.0017276255866857148,0.0017276255866857148
2024-06-06,1,pw_panama_canal_capacity_z,wti,0.038874958432980014,0.01945099634681159
2024-06-06,1,pw_panama_canal_capacity_z,brent,0.12496110646840933,-0.09698279269800457
2024-06-06,1,pw_panama_canal_capacity_z,henry_hub,0.042432646628974814,-0.042432646628974814
2024-06-06,1,pw_panama_canal_n_total_z,audusd,0.0,0.0
2024-06-06,1,pw_panama_canal_n_total_z,brlusd,0.0,0.0
2024-06-06,1,pw_panama_canal_n_total_z,cnyusd,0.03898421060635626,-0.03898421060635626
2024-06-06,1,pw_panama_canal_n_total_z,krwusd,0.0,0.0
2024-06-06,1,pw_panama_canal_n_total_z,eurusd,0.0,0.0
2024-06-06,1,pw_panama_canal_n_total_z,sp500,0.0,0.0
2024-06-06,1,pw_panama_canal_n_total_z,vix,0.0,0.0
2024-06-06,1,pw_panama_canal_n_total_z,us2y,0.07369710659000518,0.07369710659000518
2024-06-06,1,pw_panama_canal_n_total_z,us10y,0.06239897720864297,0.06239897720864297
2024-06-06,1,pw_panama_canal_n_total_z,wti,0.0,0.0
2024-06-06,1,pw_panama_canal_n_total_z,brent,0.0,0.0
2024-06-06,1,pw_panama_canal_n_total_z,henry_hub,0.0,0.0
2024-06-06,1,pw_strait_of_hormuz_capacity_z,audusd,0.046601443947401185,0.04095691778462454
2024-06-06,1,pw_strait_of_hormuz_capacity_z,brlusd,0.0,0.0
2024-06-06,1,pw_strait_of_hormuz_capacity_z,cnyusd,0.0,0.0
2024-06-06,1,pw_strait_of_hormuz_capacity_z,krwusd,0.01589967179973468,0.01589967179973468
2024-06-06,1,pw_strait_of_hormuz_capacity_z,eurusd,0.054201419482256985,0.046729292810564906
2024-06-06,1,pw_strait_of_hormuz_capacity_z,sp500,0.007475425355732916,-0.007475425355732916
2024-06-06,1,pw_strait_of_hormuz_capacity_z,vix,0.0716946421751341,-0.03839931623682784
2024-06-06,1,pw_strait_of_hormuz_capacity_z,us2y,0.23108312449814494,-0.18180229901438838
2024-06-06,1,pw_strait_of_hormuz_capacity_z,us10y,0.18271923465164625,-0.17936804108872537
2024-06-06,1,pw_strait_of_hormuz_capacity_z,wti,0.0,0.0
2024-06-06,1,pw_strait_of_hormuz_capacity_z,brent,0.005132326669162045,0.005132326669162045
2024-06-06,1,pw_strait_of_hormuz_capacity_z,henry_hub,0.07734846808328648,0.07734846808328648
2024-06-06,1,pw_strait_of_hormuz_n_total_z,audusd,0.14388264505709075,-0.14388264505709075
2024-06-06,1,pw_strait_of_hormuz_n_total_z,brlusd,0.018420631214822805,-0.018420631214822805
2024-06-06,1,pw_strait_of_hormuz_n_total_z,cnyusd,0.06470872315417352,-0.05455177005025641
2024-06-06,1,pw_strait_of_hormuz_n_total_z,krwusd,0.07223983851451102,-0.05208376318418418
2024-06-06,1,pw_strait_of_hormuz_n_total_z,eurusd,0.18848180100249093,-0.17922853682160764
2024-06-06,1,pw_strait_of_hormuz_n_total_z,sp500,0.08499446844147021,-0.04682967879614347
2024-06-06,1,pw_strait_of_hormuz_n_total_z,vix,0.0883245008790697,0.0883245008790697
2024-06-06,1,pw_strait_of_hormuz_n_total_z,us2y,0.17731212220508386,0.11043164552434949
2024-06-06,1,pw_strait_of_hormuz_n_total_z,us10y,0.23219964521162914,0.12420024117098287
2024-06-06,1,pw_strait_of_hormuz_n_total_z,wti,0.019168539322547265,0.012937000147042287
2024-06-06,1,pw_strait_of_hormuz_n_total_z,brent,0.16759738292969323,0.1064351486621802
2024-06-06,1,pw_strait_of_hormuz_n_total_z,henry_hub,0.06075311666234197,-0.06075311666234197
2024-06-06,1,pw_suez_canal_capacity_z,audusd,0.02112852187770742,0.02112852187770742
2024-06-06,1,pw_suez_canal_capacity_z,brlusd,0.0,0.0
2024-06-06,1,pw_suez_canal_capacity_z,cnyusd,0.0,0.0
2024-06-06,1,pw_suez_canal_capacity_z,krwusd,0.0,0.0
2024-06-06,1,pw_suez_canal_capacity_z,eurusd,0.0,0.0
2024-06-06,1,pw_suez_canal_capacity_z,sp500,0.050483221088444004,-0.050483221088444004
2024-06-06,1,pw_suez_canal_capacity_z,vix,0.0,0.0
2024-06-06,1,pw_suez_canal_capacity_z,us2y,0.0,0.0
2024-06-06,1,pw_suez_canal_capacity_z,us10y,0.01236898956028701,-0.01236898956028701
2024-06-06,1,pw_suez_canal_capacity_z,wti,0.0,0.0
2024-06-06,1,pw_suez_canal_capacity_z,brent,0.025448273263041242,-0.025448273263041242
2024-06-06,1,pw_suez_canal_capacity_z,henry_hub,0.018352442174160682,0.018352442174160682
2024-06-06,1,pw_suez_canal_n_total_z,audusd,0.02180098329332449,0.02180098329332449
2024-06-06,1,pw_suez_canal_n_total_z,brlusd,0.0,0.0
2024-06-06,1,pw_suez_canal_n_total_z,cnyusd,0.011191077575353547,0.011191077575353547
2024-06-06,1,pw_suez_canal_n_total_z,krwusd,0.012925330255396838,-0.012925330255396838
2024-06-06,1,pw_suez_canal_n_total_z,eurusd,0.028793506392446898,0.028793506392446898
2024-06-06,1,pw_suez_canal_n_total_z,sp500,0.04686977981750534,0.04686977981750534
2024-06-06,1,pw_suez_canal_n_total_z,vix,0.004905911052427285,-0.004905911052427285
2024-06-06,1,pw_suez_canal_n_total_z,us2y,0.04329750811454461,-0.03470478653727667
2024-06-06,1,pw_suez_canal_n_total_z,us10y,0.0,0.0
2024-06-06,1,pw_suez_canal_n_total_z,wti,0.0,0.0
2024-06-06,1,pw_suez_canal_n_total_z,brent,0.0,0.0
2024-06-06,1,pw_suez_canal_n_total_z,henry_hub,0.09701259638111145,0.07231056203344523
2024-07-10,1,pw_bab_el_mandeb_strait_capacity_z,audusd,0.10362571141963751,0.08234261048100894
2024-07-10,1,pw_bab_el_mandeb_strait_capacity_z,brlusd,0.031180418928073824,0.031180418928073824
2024-07-10,1,pw_bab_el_mandeb_strait_capacity_z,cnyusd,0.0,0.0
2024-07-10,1,pw_bab_el_mandeb_strait_capacity_z,krwusd,0.0,0.0
2024-07-10,1,pw_bab_el_mandeb_strait_capacity_z,eurusd,0.0,0.0
2024-07-10,1,pw_bab_el_mandeb_strait_capacity_z,sp500,0.0,0.0
2024-07-10,1,pw_bab_el_mandeb_strait_capacity_z,vix,0.0,0.0
2024-07-10,1,pw_bab_el_mandeb_strait_capacity_z,us2y,0.0,0.0
2024-07-10,1,pw_bab_el_mandeb_strait_capacity_z,us10y,0.023696383424941955,-0.023696383424941955
2024-07-10,1,pw_bab_el_mandeb_strait_capacity_z,wti,0.0,0.0
2024-07-10,1,pw_bab_el_mandeb_strait_capacity_z,brent,0.0,0.0
2024-07-10,1,pw_bab_el_mandeb_strait_capacity_z,henry_hub,0.0,0.0
2024-07-10,1,pw_bab_el_mandeb_strait_n_total_z,audusd,0.0,0.0
2024-07-10,1,pw_bab_el_mandeb_strait_n_total_z,brlusd,0.0,0.0
2024-07-10,1,pw_bab_el_mandeb_strait_n_total_z,cnyusd,0.0039446258252629224,-0.0039446258252629224
2024-07-10,1,pw_bab_el_mandeb_strait_n_total_z,krwusd,0.021685365712467715,0.021685365712467715
2024-07-10,1,pw_bab_el_mandeb_strait_n_total_z,eurusd,0.005471478892507378,0.005471478892507378
2024-07-10,1,pw_bab_el_mandeb_strait_n_total_z,sp500,0.010543691207519431,-0.010543691207519431
2024-07-10,1,pw_bab_el_mandeb_strait_n_total_z,vix,0.0,0.0
2024-07-10,1,pw_bab_el_mandeb_strait_n_total_z,us2y,0.0,0.0
2024-07-10,1,pw_bab_el_mandeb_strait_n_total_z,us10y,0.0,0.0
2024-07-10,1,pw_bab_el_mandeb_strait_n_total_z,wti,0.03222244939543933,-0.03222244939543933
2024-07-10,1,pw_bab_el_mandeb_strait_n_total_z,brent,0.012466962523226495,-0.012466962523226495
2024-07-10,1,pw_bab_el_mandeb_strait_n_total_z,henry_hub,0.22401113469126038,-0.21666370813960084
2024-07-10,1,pw_cape_of_good_hope_capacity_z,audusd,0.15573403646509618,0.15573403646509618
2024-07-10,1,pw_cape_of_good_hope_capacity_z,brlusd,0.19447472961769646,-0.0991532807022008
2024-07-10,1,pw_cape_of_good_hope_capacity_z,cnyusd,0.02205930127326001,0.02205930127326001
2024-07-10,1,pw_cape_of_good_hope_capacity_z,krwusd,0.015032535949248641,0.015032535949248641
2024-07-10,1,pw_cape_of_good_hope_capacity_z,eurusd,0.11445115862306847,0.09045848173688238
2024-07-10,1,pw_cape_of_good_hope_capacity_z,sp500,0.21434036366303477,0.20511048733448295
2024-07-10,1,pw_cape_of_good_hope_capacity_z,vix,0.15927319741280052,-0.15927319741280052
2024-07-10,1,pw_cape_of_good_hope_capacity_z,us2y,0.030874699401924957,-0.030874699401924957
2024-07-10,1,pw_cape_of_good_hope_capacity_z,us10y,0.01799932429410416,-0.01799932429410416
2024-07-10,1,pw_cape_of_good_hope_capacity_z,wti,0.14024441333692117,0.13891190674962686
2024-07-10,1,pw_cape_of_good_hope_capacity_z,brent,0.07365309521427474,0.07365309521427474
2024-07-10,1,pw_cape_of_good_hope_capacity_z,henry_hub,0.1255041234492767,-0.1255041234492767
2024-07-10,1,pw_cape_of_good_hope_n_total_z,audusd,0.03466536985065253,-0.03466536985065253
2024-07-10,1,pw_cape_of_good_hope_n_total_z,brlusd,0.12888494514081583,0.11254780255430463
2024-07-10,1,pw_cape_of_good_hope_n_total_z,cnyusd,0.10838784281069451,-0.10838784281069451
2024-07-10,1,pw_cape_of_good_hope_n_total_z,krwusd,0.01439960015140153,0.01439960015140153
2024-07-10,1,pw_cape_of_good_hope_n_total_z,eurusd,0.07403066936217151,-0.07403066936217151
2024-07-10,1,pw_cape_of_good_hope_n_total_z,sp500,0.055886098765524694,-0.055886098765524694
2024-07-10,1,pw_cape_of_good_hope_n_total_z,vix,0.09074342155909933,0.09074342155909933
2024-07-10,1,pw_cape_of_good_hope_n_total_z,us2y,0.09847644893790944,0.09847644893790944
2024-07-10,1,pw_cape_of_good_hope_n_total_z,us10y,0.08734024438669066,0.04540974451896105
2024-07-10,1,pw_cape_of_good_hope_n_total_z,wti,0.015790035736079545,0.015790035736079545
2024-07-10,1,pw_cape_of_good_hope_n_total_z,brent,0.0,0.0
2024-07-10,1,pw_cape_of_good_hope_n_total_z,henry_hub,0.025371710086914807,0.020731763556539218
2024-07-10,1,pw_malacca_strait_capacity_z,audusd,0.0570725374352988,-0.042634981279388036
2024-07-10,1,pw_malacca_strait_capacity_z,brlusd,0.020309496757125674,0.018309787409348677
2024-07-10,1,pw_malacca_strait_capacity_z,cnyusd,0.08053306399221964,0.06901286902703342
2024-07-10,1,pw_malacca_strait_capacity_z,krwusd,0.17553607876447566,0.12357717912539949
2024-07-10,1,pw_malacca_strait_capacity_z,eurusd,0.0,0.0
2024-07-10,1,pw_malacca_strait_capacity_z,sp500,0.07042853017805031,0.07042853017805031
2024-07-10,1,pw_malacca_strait_capacity_z,vix,0.08194937871937043,-0.08194937871937043
2024-07-10,1,pw_malacca_strait_capacity_z,us2y,0.03450747354261614,0.02329390513311088
2024-07-10,1,pw_malacca_strait_capacity_z,us10y,0.0,0.0
2024-07-10,1,pw_malacca_strait_capacity_z,wti,0.013699213437014905,-0.01001014721361474
2024-07-10,1,pw_malacca_strait_capacity_z,brent,0.0,0.0
2024-07-10,1,pw_malacca_strait_capacity_z,henry_hub,0.07400155482821812,-0.07400155482821812
2024-07-10,1,pw_malacca_strait_n_total_z,audusd,0.18079425313018216,0.0996910577408099
2024-07-10,1,pw_malacca_strait_n_total_z,brlusd,0.009868561265559562,0.009868561265559562
2024-07-10,1,pw_malacca_strait_n_total_z,cnyusd,0.002600547253359337,0.002600547253359337
2024-07-10,1,pw_malacca_strait_n_total_z,krwusd,0.012956896790892968,-0.012956896790892968
2024-07-10,1,pw_malacca_strait_n_total_z,eurusd,0.137997534302238,0.065232734215719
2024-07-10,1,pw_malacca_strait_n_total_z,sp500,0.01575501437346529,-0.01575501437346529
2024-07-10,1,pw_malacca_strait_n_total_z,vix,0.026886897361846088,0.026886897361846088
2024-07-10,1,pw_malacca_strait_n_total_z,us2y,0.040897610234026986,0.040897610234026986
2024-07-10,1,pw_malacca_strait_n_total_z,us10y,0.058015264053950355,0.058015264053950355
2024-07-10,1,pw_malacca_strait_n_total_z,wti,0.0,0.0
2024-07-10,1,pw_malacca_strait_n_total_z,brent,0.0459267256198066,-0.0459267256198066
2024-07-10,1,pw_malacca_strait_n_total_z,henry_hub,0.05757131269255683,0.03181449424521365
2024-07-10,1,pw_panama_canal_capacity_z,audusd,0.0,0.0
2024-07-10,1,pw_panama_canal_capacity_z,brlusd,0.0,0.0
2024-07-10,1,pw_panama_canal_capacity_z,cnyusd,0.2665667001452865,0.16003936316223308
2024-07-10,1,pw_panama_canal_capacity_z,krwusd,0.09748163218370544,0.09748163218370544
2024-07-10,1,pw_panama_canal_capacity_z,eurusd,0.129267566385901,0.03916587357220865
2024-07-10,1,pw_panama_canal_capacity_z,sp500,0.024606642363719664,0.01253229310415038
2024-07-10,1,pw_panama_canal_capacity_z,vix,0.029579113175026154,-0.029579113175026154
2024-07-10,1,pw_panama_canal_capacity_z,us2y,0.02345386628129724,0.02345386628129724
2024-07-10,1,pw_panama_canal_capacity_z,us10y,0.014436445567383807,0.014436445567383807
2024-07-10,1,pw_panama_canal_capacity_z,wti,0.03509365685164451,0.03509365685164451
2024-07-10,1,pw_panama_canal_capacity_z,brent,0.11427773728467103,-0.07341501743760337
2024-07-10,1,pw_panama_canal_capacity_z,henry_hub,0.03790777422843117,-0.03790777422843117
2024-07-10,1,pw_panama_canal_n_total_z,audusd,0.0,0.0
2024-07-10,1,pw_panama_canal_n_total_z,brlusd,0.0,0.0
2024-07-10,1,pw_panama_canal_n_total_z,cnyusd,0.03870709315641176,-0.03870709315641176
2024-07-10,1,pw_panama_canal_n_total_z,krwusd,0.0,0.0
2024-07-10,1,pw_panama_canal_n_total_z,eurusd,0.0,0.0
2024-07-10,1,pw_panama_canal_n_total_z,sp500,0.0,0.0
2024-07-10,1,pw_panama_canal_n_total_z,vix,0.0,0.0
2024-07-10,1,pw_panama_canal_n_total_z,us2y,0.0443004844905841,0.0443004844905841
2024-07-10,1,pw_panama_canal_n_total_z,us10y,0.046745332942427005,0.046745332942427005
2024-07-10,1,pw_panama_canal_n_total_z,wti,0.0,0.0
2024-07-10,1,pw_panama_canal_n_total_z,brent,0.0,0.0
2024-07-10,1,pw_panama_canal_n_total_z,henry_hub,0.0,0.0
2024-07-10,1,pw_strait_of_hormuz_capacity_z,audusd,0.02146345966366361,0.02146345966366361
2024-07-10,1,pw_strait_of_hormuz_capacity_z,brlusd,0.0,0.0
2024-07-10,1,pw_strait_of_hormuz_capacity_z,cnyusd,0.0,0.0
2024-07-10,1,pw_strait_of_hormuz_capacity_z,krwusd,0.005862989638545449,0.005862989638545449
2024-07-10,1,pw_strait_of_hormuz_capacity_z,eurusd,0.0,0.0
2024-07-10,1,pw_strait_of_hormuz_capacity_z,sp500,0.042477770772438056,-0.029813443017210978
2024-07-10,1,pw_strait_of_hormuz_capacity_z,vix,0.09979087828430847,0.05967783947239879
2024-07-10,1,pw_strait_of_hormuz_capacity_z,us2y,0.23336316666753948,-0.1567578787107175
2024-07-10,1,pw_strait_of_hormuz_capacity_z,us10y,0.21189880721553422,-0.17405784152915946
2024-07-10,1,pw_strait_of_hormuz_capacity_z,wti,0.0,0.0
2024-07-10,1,pw_strait_of_hormuz_capacity_z,brent,0.025228889563737273,0.025228889563737273
2024-07-10,1,pw_strait_of_hormuz_capacity_z,henry_hub,0.07164107667467672,0.07164107667467672
2024-07-10,1,pw_strait_of_hormuz_n_total_z,audusd,0.10685392993092475,-0.10685392993092475
2024-07-10,1,pw_strait_of_hormuz_n_total_z,brlusd,0.05618766303440325,-0.05618766303440325
2024-07-10,1,pw_strait_of_hormuz_n_total_z,cnyusd,0.06545304704912412,-0.05365776933106747
2024-07-10,1,pw_strait_of_hormuz_n_total_z,krwusd,0.05434759988182174,-0.03765146325162015
2024-07-10,1,pw_strait_of_hormuz_n_total_z,eurusd,0.12998764118049969,-0.1235226461123775
2024-07-10,1,pw_strait_of_hormuz_n_total_z,sp500,0.07682764091252033,-0.05358326003600001
2024-07-10,1,pw_strait_of_hormuz_n_total_z,vix,0.05751135809942522,0.05751135809942522
2024-07-10,1,pw_strait_of_hormuz_n_total_z,us2y,0.13810024988030373,0.0848021803071796
2024-07-10,1,pw_strait_of_hormuz_n_total_z,us10y,0.21952982810251376,0.14740448199774636
2024-07-10,1,pw_strait_of_hormuz_n_total_z,wti,0.012492074599789474,0.012492074599789474
2024-07-10,1,pw_strait_of_hormuz_n_total_z,brent,0.11996161511732492,0.07660103109739524
2024-07-10,1,pw_strait_of_hormuz_n_total_z,henry_hub,0.04700661893397715,-0.04700661893397715
2024-07-10,1,pw_suez_canal_capacity_z,audusd,0.0022719686666580795,0.0022719686666580795
2024-07-10,1,pw_suez_canal_capacity_z,brlusd,0.0,0.0
2024-07-10,1,pw_suez_canal_capacity_z,cnyusd,0.0,0.0
2024-07-10,1,pw_suez_canal_capacity_z,krwusd,0.0,0.0
2024-07-10,1,pw_suez_canal_capacity_z,eurusd,0.0,0.0
2024-07-10,1,pw_suez_canal_capacity_z,sp500,0.060659914699923996,-0.060659914699923996
2024-07-10,1,pw_suez_canal_capacity_z,vix,0.0,0.0
2024-07-10,1,pw_suez_canal_capacity_z,us2y,0.0,0.0
2024-07-10,1,pw_suez_canal_capacity_z,us10y,0.0,0.0
2024-07-10,1,pw_suez_canal_capacity_z,wti,0.0,0.0
2024-07-10,1,pw_suez_canal_capacity_z,brent,0.018032861823542044,-0.018032861823542044
2024-07-10,1,pw_suez_canal_capacity_z,henry_hub,0.0013660803526480538,0.0013660803526480538
2024-07-10,1,pw_suez_canal_n_total_z,audusd,0.03282124056818049,0.03282124056818049
2024-07-10,1,pw_suez_canal_n_total_z,brlusd,0.0,0.0
2024-07-10,1,pw_suez_canal_n_total_z,cnyusd,0.011882584405274557,0.011882584405274557
2024-07-10,1,pw_suez_canal_n_total_z,krwusd,0.00961542641049131,-0.00961542641049131
2024-07-10,1,pw_suez_canal_n_total_z,eurusd,0.02098920665732361,0.02098920665732361
2024-07-10,1,pw_suez_canal_n_total_z,sp500,0.07405387543884667,0.07405387543884667
2024-07-10,1,pw_suez_canal_n_total_z,vix,0.01712570690428638,-0.01712570690428638
2024-07-10,1,pw_suez_canal_n_total_z,us2y,0.05255636384442381,-0.05255636384442381
2024-07-10,1,pw_suez_canal_n_total_z,us10y,0.02315293968492458,-0.02315293968492458
2024-07-10,1,pw_suez_canal_n_total_z,wti,0.0,0.0
2024-07-10,1,pw_suez_canal_n_total_z,brent,0.0,0.0
2024-07-10,1,pw_suez_canal_n_total_z,henry_hub,0.08733647312799828,0.07111917379606214
2024-08-07,1,pw_bab_el_mandeb_strait_capacity_z,audusd,0.07954235121673607,0.07954235121673607
2024-08-07,1,pw_bab_el_mandeb_strait_capacity_z,brlusd,0.0,0.0
2024-08-07,1,pw_bab_el_mandeb_strait_capacity_z,cnyusd,0.0,0.0
2024-08-07,1,pw_bab_el_mandeb_strait_capacity_z,krwusd,0.0,0.0
2024-08-07,1,pw_bab_el_mandeb_strait_capacity_z,eurusd,0.0,0.0
2024-08-07,1,pw_bab_el_mandeb_strait_capacity_z,sp500,0.0,0.0
2024-08-07,1,pw_bab_el_mandeb_strait_capacity_z,vix,0.0,0.0
2024-08-07,1,pw_bab_el_mandeb_strait_capacity_z,us2y,0.0,0.0
2024-08-07,1,pw_bab_el_mandeb_strait_capacity_z,us10y,0.0,0.0
2024-08-07,1,pw_bab_el_mandeb_strait_capacity_z,wti,0.0,0.0
2024-08-07,1,pw_bab_el_mandeb_strait_capacity_z,brent,0.0,0.0
2024-08-07,1,pw_bab_el_mandeb_strait_capacity_z,henry_hub,0.0,0.0
2024-08-07,1,pw_bab_el_mandeb_strait_n_total_z,audusd,0.017064055432995735,0.017064055432995735
2024-08-07,1,pw_bab_el_mandeb_strait_n_total_z,brlusd,0.02380648574157267,0.02380648574157267
2024-08-07,1,pw_bab_el_mandeb_strait_n_total_z,cnyusd,0.0,0.0
2024-08-07,1,pw_bab_el_mandeb_strait_n_total_z,krwusd,0.012211791902814713,0.012211791902814713
2024-08-07,1,pw_bab_el_mandeb_strait_n_total_z,eurusd,0.012549629460469457,0.012549629460469457
2024-08-07,1,pw_bab_el_mandeb_strait_n_total_z,sp500,0.003333188588771883,-0.003333188588771883
2024-08-07,1,pw_bab_el_mandeb_strait_n_total_z,vix,0.0,0.0
2024-08-07,1,pw_bab_el_mandeb_strait_n_total_z,us2y,0.0,0.0
2024-08-07,1,pw_bab_el_mandeb_strait_n_total_z,us10y,0.0,0.0
2024-08-07,1,pw_bab_el_mandeb_strait_n_total_z,wti,0.022720922063734602,-0.022720922063734602
2024-08-07,1,pw_bab_el_mandeb_strait_n_total_z,brent,0.0016256703237209561,-0.0016256703237209561
2024-08-07,1,pw_bab_el_mandeb_strait_n_total_z,henry_hub,0.21614345359572584,-0.2109856629022398
2024-08-07,1,pw_cape_of_good_hope_capacity_z,audusd,0.15466566535725226,0.15101248388697122
2024-08-07,1,pw_cape_of_good_hope_capacity_z,brlusd,0.23155330730969348,0.10782113246015626
2024-08-07,1,pw_cape_of_good_hope_capacity_z,cnyusd,0.012305338683751827,0.012305338683751827
2024-08-07,1,pw_cape_of_good_hope_capacity_z,krwusd,0.0,0.0
2024-08-07,1,pw_cape_of_good_hope_capacity_z,eurusd,0.10753113790156817,0.10753113790156817
2024-08-07,1,pw_cape_of_good_hope_capacity_z,sp500,0.33204773424009393,0.2359505728414578
2024-08-07,1,pw_cape_of_good_hope_capacity_z,vix,0.06459739412315137,-0.06459739412315137
2024-08-07,1,pw_cape_of_good_hope_capacity_z,us2y,0.01225272616353832,-0.01225272616353832
2024-08-07,1,pw_cape_of_good_hope_capacity_z,us10y,0.014038295078550169,-0.014038295078550169
2024-08-07,1,pw_cape_of_good_hope_capacity_z,wti,0.151802250077194,0.10293569998797487
2024-08-07,1,pw_cape_of_good_hope_capacity_z,brent,0.08454881779114208,0.08454881779114208
2024-08-07,1,pw_cape_of_good_hope_capacity_z,henry_hub,0.13450503669374297,-0.13450503669374297
2024-08-07,1,pw_cape_of_good_hope_n_total_z,audusd,0.018770976478659985,-0.018770976478659985
2024-08-07,1,pw_cape_of_good_hope_n_total_z,brlusd,0.11088642336655288,0.103538021130223
2024-08-07,1,pw_cape_of_good_hope_n_total_z,cnyusd,0.05735549704629857,-0.05735549704629857
2024-08-07,1,pw_cape_of_good_hope_n_total_z,krwusd,0.015904060906097518,0.015904060906097518
2024-08-07,1,pw_cape_of_good_hope_n_total_z,eurusd,0.04721638980679782,-0.04721638980679782
2024-08-07,1,pw_cape_of_good_hope_n_total_z,sp500,0.025896669024882617,-0.025896669024882617
2024-08-07,1,pw_cape_of_good_hope_n_total_z,vix,0.0541515168907822,0.04558831890413626
2024-08-07,1,pw_cape_of_good_hope_n_total_z,us2y,0.06769270541169091,0.06769270541169091
2024-08-07,1,pw_cape_of_good_hope_n_total_z,us10y,0.07228741864020728,0.04219714769442713
2024-08-07,1,pw_cape_of_good_hope_n_total_z,wti,0.0,0.0
2024-08-07,1,pw_cape_of_good_hope_n_total_z,brent,0.0,0.0
2024-08-07,1,pw_cape_of_good_hope_n_total_z,henry_hub,0.028621924823238012,0.02842925189031169
2024-08-07,1,pw_malacca_strait_capacity_z,audusd,0.047801413023811655,-0.044412533509046524
2024-08-07,1,pw_malacca_strait_capacity_z,brlusd,0.033123308439076286,0.0166214063402734
2024-08-07,1,pw_malacca_strait_capacity_z,cnyusd,0.11085879371780112,0.11085879371780112
2024-08-07,1,pw_malacca_strait_capacity_z,krwusd,0.16461616529142908,0.12126032608724262
2024-08-07,1,pw_malacca_strait_capacity_z,eurusd,0.01992321245925568,-0.01992321245925568
2024-08-07,1,pw_malacca_strait_capacity_z,sp500,0.03924152993148654,0.03924152993148654
2024-08-07,1,pw_malacca_strait_capacity_z,vix,0.1017646732575674,-0.1017646732575674
2024-08-07,1,pw_malacca_strait_capacity_z,us2y,0.02090261865415197,0.014594818606784962
2024-08-07,1,pw_malacca_strait_capacity_z,us10y,0.003648010667238763,-0.003648010667238763
2024-08-07,1,pw_malacca_strait_capacity_z,wti,0.024982667495575626,-0.024982667495575626
2024-08-07,1,pw_malacca_strait_capacity_z,brent,0.0,0.0
2024-08-07,1,pw_malacca_strait_capacity_z,henry_hub,0.06719720291271082,-0.06719720291271082
2024-08-07,1,pw_malacca_strait_n_total_z,audusd,0.15094247401275043,0.0960696838340081
2024-08-07,1,pw_malacca_strait_n_total_z,brlusd,0.0076062218125196295,0.0076062218125196295
2024-08-07,1,pw_malacca_strait_n_total_z,cnyusd,0.0813064099249381,0.05129129625703647
2024-08-07,1,pw_malacca_strait_n_total_z,krwusd,0.047617232851261286,-0.047617232851261286
2024-08-07,1,pw_malacca_strait_n_total_z,eurusd,0.20261225981057193,0.12258881280604929
2024-08-07,1,pw_malacca_strait_n_total_z,sp500,0.04906521522397891,-0.04906521522397891
2024-08-07,1,pw_malacca_strait_n_total_z,vix,0.14087544895571177,0.09384030143185261
2024-08-07,1,pw_malacca_strait_n_total_z,us2y,0.04476761861614789,0.025457538280644374
2024-08-07,1,pw_malacca_strait_n_total_z,us10y,0.10282463029405117,0.054690771379912746
2024-08-07,1,pw_malacca_strait_n_total_z,wti,0.0,0.0
2024-08-07,1,pw_malacca_strait_n_total_z,brent,0.055681645781068115,-0.05458239484669638
2024-08-07,1,pw_malacca_strait_n_total_z,henry_hub,0.05993509080379319,0.031816193297887846
2024-08-07,1,pw_panama_canal_capacity_z,audusd,0.0,0.0
2024-08-07,1,pw_panama_canal_capacity_z,brlusd,0.0,0.0
2024-08-07,1,pw_panama_canal_capacity_z,cnyusd,0.11111834457077827,0.11111834457077827
2024-08-07,1,pw_panama_canal_capacity_z,krwusd,0.07423703963139877,0.06566070570451378
2024-08-07,1,pw_panama_canal_capacity_z,eurusd,0.1367873282058441,0.05460786535861304
2024-08-07,1,pw_panama_canal_capacity_z,sp500,0.05361343491283402,-0.05361343491283402
2024-08-07,1,pw_panama_canal_capacity_z,vix,0.0,0.0
2024-08-07,1,pw_panama_canal_capacity_z,us2y,0.0,0.0
2024-08-07,1,pw_panama_canal_capacity_z,us10y,0.0,0.0
2024-08-07,1,pw_panama_canal_capacity_z,wti,0.004859917767236189,0.004859917767236189
2024-08-07,1,pw_panama_canal_capacity_z,brent,0.06674764976451782,-0.06674764976451782
2024-08-07,1,pw_panama_canal_capacity_z,henry_hub,0.04437307511032678,-0.04437307511032678
2024-08-07,1,pw_panama_canal_n_total_z,audusd,0.0,0.0
2024-08-07,1,pw_panama_canal_n_total_z,brlusd,0.0,0.0
2024-08-07,1,pw_panama_canal_n_total_z,cnyusd,0.0,0.0
2024-08-07,1,pw_panama_canal_n_total_z,krwusd,0.0,0.0
2024-08-07,1,pw_panama_canal_n_total_z,eurusd,0.0,0.0
2024-08-07,1,pw_panama_canal_n_total_z,sp500,0.01800782528020284,-0.01800782528020284
2024-08-07,1,pw_panama_canal_n_total_z,vix,0.047456536936615945,0.027592959842817316
2024-08-07,1,pw_panama_canal_n_total_z,us2y,0.0,0.0
2024-08-07,1,pw_panama_canal_n_total_z,us10y,0.0,0.0
2024-08-07,1,pw_panama_canal_n_total_z,wti,0.0,0.0
2024-08-07,1,pw_panama_canal_n_total_z,brent,0.0,0.0
2024-08-07,1,pw_panama_canal_n_total_z,henry_hub,0.0,0.0
2024-08-07,1,pw_strait_of_hormuz_capacity_z,audusd,0.03899248619428716,0.03899248619428716
2024-08-07,1,pw_strait_of_hormuz_capacity_z,brlusd,0.0,0.0
2024-08-07,1,pw_strait_of_hormuz_capacity_z,cnyusd,0.0,0.0
2024-08-07,1,pw_strait_of_hormuz_capacity_z,krwusd,0.0,0.0
2024-08-07,1,pw_strait_of_hormuz_capacity_z,eurusd,0.0,0.0
2024-08-07,1,pw_strait_of_hormuz_capacity_z,sp500,0.0,0.0
2024-08-07,1,pw_strait_of_hormuz_capacity_z,vix,0.05949581270407781,0.05728181751680585
2024-08-07,1,pw_strait_of_hormuz_capacity_z,us2y,0.1775665922982481,-0.12268449672472738
2024-08-07,1,pw_strait_of_hormuz_capacity_z,us10y,0.18343480145816113,-0.1489634474839865
2024-08-07,1,pw_strait_of_hormuz_capacity_z,wti,0.0,0.0
2024-08-07,1,pw_strait_of_hormuz_capacity_z,brent,0.012920394039699775,0.012920394039699775
2024-08-07,1,pw_strait_of_hormuz_capacity_z,henry_hub,0.06942150496450532,0.06942150496450532
2024-08-07,1,pw_strait_of_hormuz_n_total_z,audusd,0.12352656166539994,-0.12352656166539994
2024-08-07,1,pw_strait_of_hormuz_n_total_z,brlusd,0.0493740607881589,-0.0493740607881589
2024-08-07,1,pw_strait_of_hormuz_n_total_z,cnyusd,0.03751096360406307,-0.03751096360406307
2024-08-07,1,pw_strait_of_hormuz_n_total_z,krwusd,0.05255504179311325,-0.031576046497730124
2024-08-07,1,pw_strait_of_hormuz_n_total_z,eurusd,0.12419325506415572,-0.12419325506415572
2024-08-07,1,pw_strait_of_hormuz_n_total_z,sp500,0.08515851696667767,-0.045221051223716474
2024-08-07,1,pw_strait_of_hormuz_n_total_z,vix,0.0,0.0
2024-08-07,1,pw_strait_of_hormuz_n_total_z,us2y,0.11288468111288796,0.06966675776760303
2024-08-07,1,pw_strait_of_hormuz_n_total_z,us10y,0.1962008738406612,0.1534509298006067
2024-08-07,1,pw_strait_of_hormuz_n_total_z,wti,0.021518539180594515,0.016871589593035332
2024-08-07,1,pw_strait_of_hormuz_n_total_z,brent,0.11947439870211357,0.08183578295925198
2024-08-07,1,pw_strait_of_hormuz_n_total_z,henry_hub,0.04558389643624475,-0.04558389643624475
2024-08-07,1,pw_suez_canal_capacity_z,audusd,0.0,0.0
2024-08-07,1,pw_suez_canal_capacity_z,brlusd,0.0,0.0
2024-08-07,1,pw_suez_canal_capacity_z,cnyusd,0.0,0.0
2024-08-07,1,pw_suez_canal_capacity_z,krwusd,0.0,0.0
2024-08-07,1,pw_suez_canal_capacity_z,eurusd,0.0,0.0
2024-08-07,1,pw_suez_canal_capacity_z,sp500,0.0350264162462903,-0.0350264162462903
2024-08-07,1,pw_suez_canal_capacity_z,vix,0.0,0.0
2024-08-07,1,pw_suez_canal_capacity_z,us2y,0.0,0.0
2024-08-07,1,pw_suez_canal_capacity_z,us10y,0.0,0.0
2024-08-07,1,pw_suez_canal_capacity_z,wti,0.0,0.0
2024-08-07,1,pw_suez_canal_capacity_z,brent,0.017937439760269742,-0.017937439760269742
2024-08-07,1,pw_suez_canal_capacity_z,henry_hub,0.0,0.0
2024-08-07,1,pw_suez_canal_n_total_z,audusd,0.03657604783813241,0.03657604783813241
2024-08-07,1,pw_suez_canal_n_total_z,brlusd,0.0,0.0
2024-08-07,1,pw_suez_canal_n_total_z,cnyusd,0.008332999194034341,0.008332999194034341
2024-08-07,1,pw_suez_canal_n_total_z,krwusd,0.00048426168248412227,-0.00048426168248412227
2024-08-07,1,pw_suez_canal_n_total_z,eurusd,0.02344854121643301,0.02344854121643301
2024-08-07,1,pw_suez_canal_n_total_z,sp500,0.03418449584106708,0.03418449584106708
2024-08-07,1,pw_suez_canal_n_total_z,vix,0.0,0.0
2024-08-07,1,pw_suez_canal_n_total_z,us2y,0.05550535982805742,-0.05550535982805742
2024-08-07,1,pw_suez_canal_n_total_z,us10y,0.03380103352498961,-0.03380103352498961
2024-08-07,1,pw_suez_canal_n_total_z,wti,0.0,0.0
2024-08-07,1,pw_suez_canal_n_total_z,brent,0.0,0.0
2024-08-07,1,pw_suez_canal_n_total_z,henry_hub,0.08197613670877087,0.07387069151909789
2024-09-10,1,pw_bab_el_mandeb_strait_capacity_z,audusd,0.08685815173586288,0.08685815173586288
2024-09-10,1,pw_bab_el_mandeb_strait_capacity_z,brlusd,0.0,0.0
2024-09-10,1,pw_bab_el_mandeb_strait_capacity_z,cnyusd,0.0,0.0
2024-09-10,1,pw_bab_el_mandeb_strait_capacity_z,krwusd,0.0,0.0
2024-09-10,1,pw_bab_el_mandeb_strait_capacity_z,eurusd,0.0,0.0
2024-09-10,1,pw_bab_el_mandeb_strait_capacity_z,sp500,0.0,0.0
2024-09-10,1,pw_bab_el_mandeb_strait_capacity_z,vix,0.0,0.0
2024-09-10,1,pw_bab_el_mandeb_strait_capacity_z,us2y,0.0,0.0
2024-09-10,1,pw_bab_el_mandeb_strait_capacity_z,us10y,0.0,0.0
2024-09-10,1,pw_bab_el_mandeb_strait_capacity_z,wti,0.0,0.0
2024-09-10,1,pw_bab_el_mandeb_strait_capacity_z,brent,0.0,0.0
2024-09-10,1,pw_bab_el_mandeb_strait_capacity_z,henry_hub,0.0,0.0
2024-09-10,1,pw_bab_el_mandeb_strait_n_total_z,audusd,0.002463249834947809,0.002463249834947809
2024-09-10,1,pw_bab_el_mandeb_strait_n_total_z,brlusd,0.027060274295280712,0.027060274295280712
2024-09-10,1,pw_bab_el_mandeb_strait_n_total_z,cnyusd,0.0,0.0
2024-09-10,1,pw_bab_el_mandeb_strait_n_total_z,krwusd,0.010233360609314589,0.010233360609314589
2024-09-10,1,pw_bab_el_mandeb_strait_n_total_z,eurusd,0.012522496284748871,0.012522496284748871
2024-09-10,1,pw_bab_el_mandeb_strait_n_total_z,sp500,0.01759361149193848,-0.01759361149193848
2024-09-10,1,pw_bab_el_mandeb_strait_n_total_z,vix,0.0,0.0
2024-09-10,1,pw_bab_el_mandeb_strait_n_total_z,us2y,0.0,0.0
2024-09-10,1,pw_bab_el_mandeb_strait_n_total_z,us10y,0.004928193628758044,-0.004928193628758044
2024-09-10,1,pw_bab_el_mandeb_strait_n_total_z,wti,0.019539377171363143,-0.019539377171363143
2024-09-10,1,pw_bab_el_mandeb_strait_n_total_z,brent,0.010261615773414503,-0.007436997363664838
2024-09-10,1,pw_bab_el_mandeb_strait_n_total_z,henry_hub,0.22081059864602715,-0.2140745499548198
2024-09-10,1,pw_cape_of_good_hope_capacity_z,audusd,0.13518527805873687,0.13518527805873687
2024-09-10,1,pw_cape_of_good_hope_capacity_z,brlusd,0.13510856561414653,0.09065655214276111
2024-09-10,1,pw_cape_of_good_hope_capacity_z,cnyusd,0.0,0.0
2024-09-10,1,pw_cape_of_good_hope_capacity_z,krwusd,0.011151457636332327,0.011151457636332327
2024-09-10,1,pw_cape_of_good_hope_capacity_z,eurusd,0.10270953589858128,0.10270953589858128
2024-09-10,1,pw_cape_of_good_hope_capacity_z,sp500,0.18597913592668053,0.18597913592668053
2024-09-10,1,pw_cape_of_good_hope_capacity_z,vix,0.07049986880958728,-0.07049986880958728
2024-09-10,1,pw_cape_of_good_hope_capacity_z,us2y,0.007973856100042219,-0.007973856100042219
2024-09-10,1,pw_cape_of_good_hope_capacity_z,us10y,0.043247882204279206,-0.043247882204279206
2024-09-10,1,pw_cape_of_good_hope_capacity_z,wti,0.13186209869199303,0.08777666090393353
2024-09-10,1,pw_cape_of_good_hope_capacity_z,brent,0.05443573278415672,0.05443573278415672
2024-09-10,1,pw_cape_of_good_hope_capacity_z,henry_hub,0.13669558269162893,-0.13669558269162893
2024-09-10,1,pw_cape_of_good_hope_n_total_z,audusd,0.028368749346472617,-0.028368749346472617
2024-09-10,1,pw_cape_of_good_hope_n_total_z,brlusd,0.06310028345908257,0.051896803268701795
2024-09-10,1,pw_cape_of_good_hope_n_total_z,cnyusd,0.058864186809399865,-0.052161988512023263
2024-09-10,1,pw_cape_of_good_hope_n_total_z,krwusd,0.0,0.0
2024-09-10,1,pw_cape_of_good_hope_n_total_z,eurusd,0.03851026984770969,-0.03851026984770969
2024-09-10,1,pw_cape_of_good_hope_n_total_z,sp500,0.10412017108754389,-0.10412017108754389
2024-09-10,1,pw_cape_of_good_hope_n_total_z,vix,0.07878403072322471,0.07878403072322471
2024-09-10,1,pw_cape_of_good_hope_n_total_z,us2y,0.04258799479097034,0.04258799479097034
2024-09-10,1,pw_cape_of_good_hope_n_total_z,us10y,0.030070441204178976,0.02572339226730084
2024-09-10,1,pw_cape_of_good_hope_n_total_z,wti,0.0,0.0
2024-09-10,1,pw_cape_of_good_hope_n_total_z,brent,0.0,0.0
2024-09-10,1,pw_cape_of_good_hope_n_total_z,henry_hub,0.025372040705347355,0.025372040705347355
2024-09-10,1,pw_malacca_strait_capacity_z,audusd,0.021098694469516927,-0.018830913847090708
2024-09-10,1,pw_malacca_strait_capacity_z,brlusd,0.06059279952625064,0.05892271221604276
2024-09-10,1,pw_malacca_strait_capacity_z,cnyusd,0.08778912721603929,0.08778912721603929
2024-09-10,1,pw_malacca_strait_capacity_z,krwusd,0.13726679749887485,0.08768024506706802
2024-09-10,1,pw_malacca_strait_capacity_z,eurusd,0.009117382801051984,-0.009117382801051984
2024-09-10,1,pw_malacca_strait_capacity_z,sp500,0.07894105245985747,0.0433745798917936
2024-09-10,1,pw_malacca_strait_capacity_z,vix,0.11780617913930569,-0.11780617913930569
2024-09-10,1,pw_malacca_strait_capacity_z,us2y,0.025474687646516822,0.022012861820782784
2024-09-10,1,pw_malacca_strait_capacity_z,us10y,0.015998897108490878,-0.009344557567174085
2024-09-10,1,pw_malacca_strait_capacity_z,wti,0.008500039971430891,-0.005585470777791034
2024-09-10,1,pw_malacca_strait_capacity_z,brent,0.0,0.0
2024-09-10,1,pw_malacca_strait_capacity_z,henry_hub,0.06115468403410912,-0.06115468403410912
2024-09-10,1,pw_malacca_strait_n_total_z,audusd,0.14244645896791747,-0.06564635614589527
2024-09-10,1,pw_malacca_strait_n_total_z,brlusd,0.03922087905461466,-0.03922087905461466
2024-09-10,1,pw_malacca_strait_n_total_z,cnyusd,0.09555497563837069,0.07009084954604652
2024-09-10,1,pw_malacca_strait_n_total_z,krwusd,0.019520511225886775,-0.019520511225886775
2024-09-10,1,pw_malacca_strait_n_total_z,eurusd,0.22007407755827302,0.13591277457551498
2024-09-10,1,pw_malacca_strait_n_total_z,sp500,0.08895253692833265,-0.03791068346003561
2024-09-10,1,pw_malacca_strait_n_total_z,vix,0.16954875828884453,0.11189454406481152
2024-09-10,1,pw_malacca_strait_n_total_z,us2y,0.07534328378347598,-0.038809837976212014
2024-09-10,1,pw_malacca_strait_n_total_z,us10y,0.10715281438917315,0.04020759681533659
2024-09-10,1,pw_malacca_strait_n_total_z,wti,0.01768258625424921,-0.01768258625424921
2024-09-10,1,pw_malacca_strait_n_total_z,brent,0.04397386148810191,-0.03119797054506102
2024-09-10,1,pw_malacca_strait_n_total_z,henry_hub,0.05718431217164119,-0.03413024829333922
2024-09-10,1,pw_panama_canal_capacity_z,audusd,0.0,0.0
2024-09-10,1,pw_panama_canal_capacity_z,brlusd,0.010734987773049785,0.010734987773049785
2024-09-10,1,pw_panama_canal_capacity_z,cnyusd,0.10692415567328144,0.10692415567328144
2024-09-10,1,pw_panama_canal_capacity_z,krwusd,0.0846001486415729,0.08455554600634278
2024-09-10,1,pw_panama_canal_capacity_z,eurusd,0.10975921968747607,0.05855509748292255
2024-09-10,1,pw_panama_canal_capacity_z,sp500,0.0,0.0
2024-09-10,1,pw_panama_canal_capacity_z,vix,0.0,0.0
2024-09-10,1,pw_panama_canal_capacity_z,us2y,0.0,0.0
2024-09-10,1,pw_panama_canal_capacity_z,us10y,0.0,0.0
2024-09-10,1,pw_panama_canal_capacity_z,wti,0.0,0.0
2024-09-10,1,pw_panama_canal_capacity_z,brent,0.04384809215878962,-0.04384809215878962
2024-09-10,1,pw_panama_canal_capacity_z,henry_hub,0.043126028427845485,-0.043126028427845485
2024-09-10,1,pw_panama_canal_n_total_z,audusd,0.0,0.0
2024-09-10,1,pw_panama_canal_n_total_z,brlusd,0.0,0.0
2024-09-10,1,pw_panama_canal_n_total_z,cnyusd,0.0,0.0
2024-09-10,1,pw_panama_canal_n_total_z,krwusd,0.0,0.0
2024-09-10,1,pw_panama_canal_n_total_z,eurusd,0.0,0.0
2024-09-10,1,pw_panama_canal_n_total_z,sp500,0.02148861764021664,-0.02148861764021664
2024-09-10,1,pw_panama_canal_n_total_z,vix,0.0,0.0
2024-09-10,1,pw_panama_canal_n_total_z,us2y,0.0,0.0
2024-09-10,1,pw_panama_canal_n_total_z,us10y,0.0,0.0
2024-09-10,1,pw_panama_canal_n_total_z,wti,0.0,0.0
2024-09-10,1,pw_panama_canal_n_total_z,brent,0.0,0.0
2024-09-10,1,pw_panama_canal_n_total_z,henry_hub,0.0,0.0
2024-09-10,1,pw_strait_of_hormuz_capacity_z,audusd,0.03288720455402475,0.03288720455402475
2024-09-10,1,pw_strait_of_hormuz_capacity_z,brlusd,1.6263989150904034e-05,1.6263989150904034e-05
2024-09-10,1,pw_strait_of_hormuz_capacity_z,cnyusd,0.0,0.0
2024-09-10,1,pw_strait_of_hormuz_capacity_z,krwusd,0.010451534507300025,0.010451534507300025
2024-09-10,1,pw_strait_of_hormuz_capacity_z,eurusd,0.0,0.0
2024-09-10,1,pw_strait_of_hormuz_capacity_z,sp500,0.0,0.0
2024-09-10,1,pw_strait_of_hormuz_capacity_z,vix,0.06370722676764867,0.04600865630207515
2024-09-10,1,pw_strait_of_hormuz_capacity_z,us2y,0.16018113799059372,-0.1088027240523978
2024-09-10,1,pw_strait_of_hormuz_capacity_z,us10y,0.15172634973674076,-0.11931993097414093
2024-09-10,1,pw_strait_of_hormuz_capacity_z,wti,0.0,0.0
2024-09-10,1,pw_strait_of_hormuz_capacity_z,brent,0.039122342521454315,0.039122342521454315
2024-09-10,1,pw_strait_of_hormuz_capacity_z,henry_hub,0.06573126528188494,0.06573126528188494
2024-09-10,1,pw_strait_of_hormuz_n_total_z,audusd,0.10399685415458672,-0.10399685415458672
2024-09-10,1,pw_strait_of_hormuz_n_total_z,brlusd,0.04629143791792638,-0.04629143791792638
2024-09-10,1,pw_strait_of_hormuz_n_total_z,cnyusd,0.05781897314501672,-0.05781897314501672
2024-09-10,1,pw_strait_of_hormuz_n_total_z,krwusd,0.054430348322700176,-0.037395238609729306
2024-09-10,1,pw_strait_of_hormuz_n_total_z,eurusd,0.09532761827918916,-0.09532761827918916
2024-09-10,1,pw_strait_of_hormuz_n_total_z,sp500,0.08514151321378265,-0.08514151321378265
2024-09-10,1,pw_strait_of_hormuz_n_total_z,vix,0.01666542177246129,0.01666542177246129
2024-09-10,1,pw_strait_of_hormuz_n_total_z,us2y,0.1015043081717434,0.07582429578928514
2024-09-10,1,pw_strait_of_hormuz_n_total_z,us10y,0.16583776386777324,0.12364959606269356
2024-09-10,1,pw_strait_of_hormuz_n_total_z,wti,0.03859863893847256,0.03859863893847256
2024-09-10,1,pw_strait_of_hormuz_n_total_z,brent,0.05920278427211771,0.04962655804848254
2024-09-10,1,pw_strait_of_hormuz_n_total_z,henry_hub,0.04313671525438043,-0.04313671525438043
2024-09-10,1,pw_suez_canal_capacity_z,audusd,0.0,0.0
2024-09-10,1,pw_suez_canal_capacity_z,brlusd,0.0036512011531951616,0.0036512011531951616
2024-09-10,1,pw_suez_canal_capacity_z,cnyusd,0.0,0.0
2024-09-10,1,pw_suez_canal_capacity_z,krwusd,0.0,0.0
2024-09-10,1,pw_suez_canal_capacity_z,eurusd,0.0,0.0
2024-09-10,1,pw_suez_canal_capacity_z,sp500,0.030440121263810092,-0.030440121263810092
2024-09-10,1,pw_suez_canal_capacity_z,vix,0.0,0.0
2024-09-10,1,pw_suez_canal_capacity_z,us2y,0.0,0.0
2024-09-10,1,pw_suez_canal_capacity_z,us10y,0.0,0.0
2024-09-10,1,pw_suez_canal_capacity_z,wti,0.0,0.0
2024-09-10,1,pw_suez_canal_capacity_z,brent,0.024417695630086125,-0.024417695630086125
2024-09-10,1,pw_suez_canal_capacity_z,henry_hub,0.0,0.0
2024-09-10,1,pw_suez_canal_n_total_z,audusd,0.03911003083489782,0.03911003083489782
2024-09-10,1,pw_suez_canal_n_total_z,brlusd,0.0,0.0
2024-09-10,1,pw_suez_canal_n_total_z,cnyusd,0.0,0.0
2024-09-10,1,pw_suez_canal_n_total_z,krwusd,0.0,0.0
2024-09-10,1,pw_suez_canal_n_total_z,eurusd,0.030185432959677027,0.030185432959677027
2024-09-10,1,pw_suez_canal_n_total_z,sp500,0.03503013897740193,0.03503013897740193
2024-09-10,1,pw_suez_canal_n_total_z,vix,0.0,0.0
2024-09-10,1,pw_suez_canal_n_total_z,us2y,0.05988875374243159,-0.05988875374243159
2024-09-10,1,pw_suez_canal_n_total_z,us10y,0.03522402602634893,-0.03522402602634893
2024-09-10,1,pw_suez_canal_n_total_z,wti,0.0,0.0
2024-09-10,1,pw_suez_canal_n_total_z,brent,0.0,0.0
2024-09-10,1,pw_suez_canal_n_total_z,henry_hub,0.07969932623602063,0.06931799158163435
2024-10-08,1,pw_bab_el_mandeb_strait_capacity_z,audusd,0.08088162657484267,0.0773668356692219
2024-10-08,1,pw_bab_el_mandeb_strait_capacity_z,brlusd,0.0,0.0
2024-10-08,1,pw_bab_el_mandeb_strait_capacity_z,cnyusd,0.0,0.0
2024-10-08,1,pw_bab_el_mandeb_strait_capacity_z,krwusd,0.0,0.0
2024-10-08,1,pw_bab_el_mandeb_strait_capacity_z,eurusd,0.0,0.0
2024-10-08,1,pw_bab_el_mandeb_strait_capacity_z,sp500,0.0,0.0
2024-10-08,1,pw_bab_el_mandeb_strait_capacity_z,vix,0.0,0.0
2024-10-08,1,pw_bab_el_mandeb_strait_capacity_z,us2y,0.0,0.0
2024-10-08,1,pw_bab_el_mandeb_strait_capacity_z,us10y,0.0,0.0
2024-10-08,1,pw_bab_el_mandeb_strait_capacity_z,wti,0.0,0.0
2024-10-08,1,pw_bab_el_mandeb_strait_capacity_z,brent,0.0,0.0
2024-10-08,1,pw_bab_el_mandeb_strait_capacity_z,henry_hub,0.0,0.0
2024-10-08,1,pw_bab_el_mandeb_strait_n_total_z,audusd,0.0014427331749012997,0.0014427331749012997
2024-10-08,1,pw_bab_el_mandeb_strait_n_total_z,brlusd,0.005724647462384203,0.005724647462384203
2024-10-08,1,pw_bab_el_mandeb_strait_n_total_z,cnyusd,0.0,0.0
2024-10-08,1,pw_bab_el_mandeb_strait_n_total_z,krwusd,0.0051807273924163195,0.0051807273924163195
2024-10-08,1,pw_bab_el_mandeb_strait_n_total_z,eurusd,0.0,0.0
2024-10-08,1,pw_bab_el_mandeb_strait_n_total_z,sp500,0.0021490908924696323,-0.0021490908924696323
2024-10-08,1,pw_bab_el_mandeb_strait_n_total_z,vix,0.0,0.0
2024-10-08,1,pw_bab_el_mandeb_strait_n_total_z,us2y,0.0,0.0
2024-10-08,1,pw_bab_el_mandeb_strait_n_total_z,us10y,0.006573840613065734,-0.006573840613065734
2024-10-08,1,pw_bab_el_mandeb_strait_n_total_z,wti,0.0355121163625391,-0.0355121163625391
2024-10-08,1,pw_bab_el_mandeb_strait_n_total_z,brent,0.015735018001201143,-0.009155999898709521
2024-10-08,1,pw_bab_el_mandeb_strait_n_total_z,henry_hub,0.21092032148412443,-0.21092032148412443
2024-10-08,1,pw_cape_of_good_hope_capacity_z,audusd,0.13543094241589415,0.13543094241589415
2024-10-08,1,pw_cape_of_good_hope_capacity_z,brlusd,0.04356675471826795,0.04356675471826795
2024-10-08,1,pw_cape_of_good_hope_capacity_z,cnyusd,0.002318497996670496,0.002318497996670496
2024-10-08,1,pw_cape_of_good_hope_capacity_z,krwusd,0.021841686238009122,0.021841686238009122
2024-10-08,1,pw_cape_of_good_hope_capacity_z,eurusd,0.06515684553758029,0.06515684553758029
2024-10-08,1,pw_cape_of_good_hope_capacity_z,sp500,0.15677466196340728,0.15677466196340728
2024-10-08,1,pw_cape_of_good_hope_capacity_z,vix,0.05463795877159828,-0.04851905258459116
2024-10-08,1,pw_cape_of_good_hope_capacity_z,us2y,0.039299936916522324,-0.039299936916522324
2024-10-08,1,pw_cape_of_good_hope_capacity_z,us10y,0.05207872196432209,-0.05207872196432209
2024-10-08,1,pw_cape_of_good_hope_capacity_z,wti,0.06938454699933876,0.06938454699933876
2024-10-08,1,pw_cape_of_good_hope_capacity_z,brent,0.001610999014117194,0.001610999014117194
2024-10-08,1,pw_cape_of_good_hope_capacity_z,henry_hub,0.12546177676731846,-0.12546177676731846
2024-10-08,1,pw_cape_of_good_hope_n_total_z,audusd,0.087569522837614,-0.087569522837614
2024-10-08,1,pw_cape_of_good_hope_n_total_z,brlusd,0.0439988807652948,-0.031132951793989446
2024-10-08,1,pw_cape_of_good_hope_n_total_z,cnyusd,0.08556841860166084,-0.05346305355866151
2024-10-08,1,pw_cape_of_good_hope_n_total_z,krwusd,0.016763824473551812,-0.016763824473551812
2024-10-08,1,pw_cape_of_good_hope_n_total_z,eurusd,0.06411769372320571,-0.06411769372320571
2024-10-08,1,pw_cape_of_good_hope_n_total_z,sp500,0.11757424687566186,-0.1065857902351204
2024-10-08,1,pw_cape_of_good_hope_n_total_z,vix,0.08659020873800016,0.08659020873800016
2024-10-08,1,pw_cape_of_good_hope_n_total_z,us2y,0.07588135473949138,0.07588135473949138
2024-10-08,1,pw_cape_of_good_hope_n_total_z,us10y,0.05889436482344436,0.041922093106868584
2024-10-08,1,pw_cape_of_good_hope_n_total_z,wti,0.007948285971972311,0.007948285971972311
2024-10-08,1,pw_cape_of_good_hope_n_total_z,brent,0.0004071928080668162,0.0004071928080668162
2024-10-08,1,pw_cape_of_good_hope_n_total_z,henry_hub,0.02241058712277643,0.02241058712277643
2024-10-08,1,pw_malacca_strait_capacity_z,audusd,0.04039245186914401,-0.04039245186914401
2024-10-08,1,pw_malacca_strait_capacity_z,brlusd,0.020838702194013,0.020838702194013
2024-10-08,1,pw_malacca_strait_capacity_z,cnyusd,0.08504878815351997,0.08504878815351997
2024-10-08,1,pw_malacca_strait_capacity_z,krwusd,0.11095821098101427,0.09630540136246878
2024-10-08,1,pw_malacca_strait_capacity_z,eurusd,0.031480780687130026,-0.031480780687130026
2024-10-08,1,pw_malacca_strait_capacity_z,sp500,0.063673523522846,0.04073226957633431
2024-10-08,1,pw_malacca_strait_capacity_z,vix,0.09902877149892438,-0.09902877149892438
2024-10-08,1,pw_malacca_strait_capacity_z,us2y,0.05701129485880425,0.02991198696300051
2024-10-08,1,pw_malacca_strait_capacity_z,us10y,0.027894307601202994,-0.027828401651158238
2024-10-08,1,pw_malacca_strait_capacity_z,wti,0.055298255972217915,-0.055298255972217915
2024-10-08,1,pw_malacca_strait_capacity_z,brent,0.0,0.0
2024-10-08,1,pw_malacca_strait_capacity_z,henry_hub,0.0468838799126968,-0.0468838799126968
2024-10-08,1,pw_malacca_strait_n_total_z,audusd,0.0675069095507639,0.03433850066655689
2024-10-08,1,pw_malacca_strait_n_total_z,brlusd,0.0301676936693383,-0.0301676936693383
2024-10-08,1,pw_malacca_strait_n_total_z,cnyusd,0.09234147380207561,0.055275116184016385
2024-10-08,1,pw_malacca_strait_n_total_z,krwusd,0.006256489979109152,-0.006256489979109152
2024-10-08,1,pw_malacca_strait_n_total_z,eurusd,0.13520648784433192,0.08493046555161339
2024-10-08,1,pw_malacca_strait_n_total_z,sp500,0.07293569163887512,-0.036203693150735426
2024-10-08,1,pw_malacca_strait_n_total_z,vix,0.1524402733234343,0.11505315486658349
2024-10-08,1,pw_malacca_strait_n_total_z,us2y,0.03554665988715219,0.03554665988715219
2024-10-08,1,pw_malacca_strait_n_total_z,us10y,0.07170462867848318,0.06978228798637406
2024-10-08,1,pw_malacca_strait_n_total_z,wti,0.0,0.0
2024-10-08,1,pw_malacca_strait_n_total_z,brent,0.03422306072705376,-0.02678064898074241
2024-10-08,1,pw_malacca_strait_n_total_z,henry_hub,0.06217165481811115,-0.035449523572645684
2024-10-08,1,pw_panama_canal_capacity_z,audusd,0.0,0.0
2024-10-08,1,pw_panama_canal_capacity_z,brlusd,0.014062155718776708,0.014062155718776708
2024-10-08,1,pw_panama_canal_capacity_z,cnyusd,0.11967286705897767,0.11967286705897767
2024-10-08,1,pw_panama_canal_capacity_z,krwusd,0.0733482996633425,0.0733482996633425
2024-10-08,1,pw_panama_canal_capacity_z,eurusd,0.07572322303201384,0.05909031228108129
2024-10-08,1,pw_panama_canal_capacity_z,sp500,0.0,0.0
2024-10-08,1,pw_panama_canal_capacity_z,vix,0.0,0.0
2024-10-08,1,pw_panama_canal_capacity_z,us2y,0.0,0.0
2024-10-08,1,pw_panama_canal_capacity_z,us10y,0.0,0.0
2024-10-08,1,pw_panama_canal_capacity_z,wti,0.0059751635640608695,0.0059751635640608695
2024-10-08,1,pw_panama_canal_capacity_z,brent,0.005551330312835156,-0.005551330312835156
2024-10-08,1,pw_panama_canal_capacity_z,henry_hub,0.020514899243985658,-0.020514899243985658
2024-10-08,1,pw_panama_canal_n_total_z,audusd,0.0,0.0
2024-10-08,1,pw_panama_canal_n_total_z,brlusd,0.0,0.0
2024-10-08,1,pw_panama_canal_n_total_z,cnyusd,0.0,0.0
2024-10-08,1,pw_panama_canal_n_total_z,krwusd,0.0,0.0
2024-10-08,1,pw_panama_canal_n_total_z,eurusd,0.0,0.0
2024-10-08,1,pw_panama_canal_n_total_z,sp500,0.0,0.0
2024-10-08,1,pw_panama_canal_n_total_z,vix,0.0,0.0
2024-10-08,1,pw_panama_canal_n_total_z,us2y,0.0,0.0
2024-10-08,1,pw_panama_canal_n_total_z,us10y,0.0,0.0
2024-10-08,1,pw_panama_canal_n_total_z,wti,0.0,0.0
2024-10-08,1,pw_panama_canal_n_total_z,brent,0.0,0.0
2024-10-08,1,pw_panama_canal_n_total_z,henry_hub,0.0,0.0
2024-10-08,1,pw_strait_of_hormuz_capacity_z,audusd,0.0,0.0
2024-10-08,1,pw_strait_of_hormuz_capacity_z,brlusd,0.003577100803103696,0.003577100803103696
2024-10-08,1,pw_strait_of_hormuz_capacity_z,cnyusd,0.0,0.0
2024-10-08,1,pw_strait_of_hormuz_capacity_z,krwusd,0.004160599076291493,-0.004160599076291493
2024-10-08,1,pw_strait_of_hormuz_capacity_z,eurusd,0.0,0.0
2024-10-08,1,pw_strait_of_hormuz_capacity_z,sp500,0.0,0.0
2024-10-08,1,pw_strait_of_hormuz_capacity_z,vix,0.06797766222826841,0.06404017085184252
2024-10-08,1,pw_strait_of_hormuz_capacity_z,us2y,0.10606558487882625,-0.04832130910921959
2024-10-08,1,pw_strait_of_hormuz_capacity_z,us10y,0.0997924697394791,-0.08024352279103823
2024-10-08,1,pw_strait_of_hormuz_capacity_z,wti,0.012665843264570658,0.01187362976144435
2024-10-08,1,pw_strait_of_hormuz_capacity_z,brent,0.05445348730667525,0.04762365723491731
2024-10-08,1,pw_strait_of_hormuz_capacity_z,henry_hub,0.0744686224778898,0.0744686224778898
2024-10-08,1,pw_strait_of_hormuz_n_total_z,audusd,0.08040253135012067,-0.08040253135012067
2024-10-08,1,pw_strait_of_hormuz_n_total_z,brlusd,0.04307110251911883,-0.04307110251911883
2024-10-08,1,pw_strait_of_hormuz_n_total_z,cnyusd,0.05193067005591334,-0.05193067005591334
2024-10-08,1,pw_strait_of_hormuz_n_total_z,krwusd,0.03060995315411432,-0.03060995315411432
2024-10-08,1,pw_strait_of_hormuz_n_total_z,eurusd,0.1022817041534237,-0.09821998799534769
2024-10-08,1,pw_strait_of_hormuz_n_total_z,sp500,0.0785373520661264,-0.0785373520661264
2024-10-08,1,pw_strait_of_hormuz_n_total_z,vix,0.003504065945235719,0.003504065945235719
2024-10-08,1,pw_strait_of_hormuz_n_total_z,us2y,0.07561454484429128,0.07561454484429128
2024-10-08,1,pw_strait_of_hormuz_n_total_z,us10y,0.15959913583407132,0.09535359984895797
2024-10-08,1,pw_strait_of_hormuz_n_total_z,wti,0.016788778043300978,0.016788778043300978
2024-10-08,1,pw_strait_of_hormuz_n_total_z,brent,0.025247942141537617,0.025247942141537617
2024-10-08,1,pw_strait_of_hormuz_n_total_z,henry_hub,0.04678447338531589,-0.04678447338531589
2024-10-08,1,pw_suez_canal_capacity_z,audusd,0.0,0.0
2024-10-08,1,pw_suez_canal_capacity_z,brlusd,0.0,0.0
2024-10-08,1,pw_suez_canal_capacity_z,cnyusd,0.0,0.0
2024-10-08,1,pw_suez_canal_capacity_z,krwusd,0.0,0.0
2024-10-08,1,pw_suez_canal_capacity_z,eurusd,0.0,0.0
2024-10-08,1,pw_suez_canal_capacity_z,sp500,0.0714111595831176,-0.0714111595831176
2024-10-08,1,pw_suez_canal_capacity_z,vix,0.014147872674234523,0.014147872674234523
2024-10-08,1,pw_suez_canal_capacity_z,us2y,0.0,0.0
2024-10-08,1,pw_suez_canal_capacity_z,us10y,0.0,0.0
2024-10-08,1,pw_suez_canal_capacity_z,wti,0.0,0.0
2024-10-08,1,pw_suez_canal_capacity_z,brent,0.041371322562394286,-0.041371322562394286
2024-10-08,1,pw_suez_canal_capacity_z,henry_hub,0.0,0.0
2024-10-08,1,pw_suez_canal_n_total_z,audusd,0.005159362331619079,0.005159362331619079
2024-10-08,1,pw_suez_canal_n_total_z,brlusd,0.0,0.0
2024-10-08,1,pw_suez_canal_n_total_z,cnyusd,0.0,0.0
2024-10-08,1,pw_suez_canal_n_total_z,krwusd,0.0,0.0
2024-10-08,1,pw_suez_canal_n_total_z,eurusd,0.012055290469114565,0.012055290469114565
2024-10-08,1,pw_suez_canal_n_total_z,sp500,0.04392051242451543,0.032809851251658986
2024-10-08,1,pw_suez_canal_n_total_z,vix,0.0,0.0
2024-10-08,1,pw_suez_canal_n_total_z,us2y,0.03932068225789416,-0.03932068225789416
2024-10-08,1,pw_suez_canal_n_total_z,us10y,0.02224370337044802,-0.02224370337044802
2024-10-08,1,pw_suez_canal_n_total_z,wti,0.0,0.0
2024-10-08,1,pw_suez_canal_n_total_z,brent,0.0,0.0
2024-10-08,1,pw_suez_canal_n_total_z,henry_hub,0.07267452151801246,0.06406028508585748
2024-11-07,1,pw_bab_el_mandeb_strait_capacity_z,audusd,0.06755273586292465,0.06755273586292465
2024-11-07,1,pw_bab_el_mandeb_strait_capacity_z,brlusd,0.0,0.0
2024-11-07,1,pw_bab_el_mandeb_strait_capacity_z,cnyusd,0.0,0.0
2024-11-07,1,pw_bab_el_mandeb_strait_capacity_z,krwusd,0.0,0.0
2024-11-07,1,pw_bab_el_mandeb_strait_capacity_z,eurusd,0.0,0.0
2024-11-07,1,pw_bab_el_mandeb_strait_capacity_z,sp500,0.0,0.0
2024-11-07,1,pw_bab_el_mandeb_strait_capacity_z,vix,0.0,0.0
2024-11-07,1,pw_bab_el_mandeb_strait_capacity_z,us2y,0.0,0.0
2024-11-07,1,pw_bab_el_mandeb_strait_capacity_z,us10y,0.0,0.0
2024-11-07,1,pw_bab_el_mandeb_strait_capacity_z,wti,0.0,0.0
2024-11-07,1,pw_bab_el_mandeb_strait_capacity_z,brent,0.0,0.0
2024-11-07,1,pw_bab_el_mandeb_strait_capacity_z,henry_hub,0.0,0.0
2024-11-07,1,pw_bab_el_mandeb_strait_n_total_z,audusd,0.0,0.0
2024-11-07,1,pw_bab_el_mandeb_strait_n_total_z,brlusd,0.017464321914161193,0.017464321914161193
2024-11-07,1,pw_bab_el_mandeb_strait_n_total_z,cnyusd,0.0,0.0
2024-11-07,1,pw_bab_el_mandeb_strait_n_total_z,krwusd,0.0,0.0
2024-11-07,1,pw_bab_el_mandeb_strait_n_total_z,eurusd,0.0,0.0
2024-11-07,1,pw_bab_el_mandeb_strait_n_total_z,sp500,0.0,0.0
2024-11-07,1,pw_bab_el_mandeb_strait_n_total_z,vix,0.0,0.0
2024-11-07,1,pw_bab_el_mandeb_strait_n_total_z,us2y,0.0,0.0
2024-11-07,1,pw_bab_el_mandeb_strait_n_total_z,us10y,0.003107169895052777,-0.003107169895052777
2024-11-07,1,pw_bab_el_mandeb_strait_n_total_z,wti,0.026501974760663773,-0.026501974760663773
2024-11-07,1,pw_bab_el_mandeb_strait_n_total_z,brent,0.0,0.0
2024-11-07,1,pw_bab_el_mandeb_strait_n_total_z,henry_hub,0.19492472039434097,-0.19492472039434097
2024-11-07,1,pw_cape_of_good_hope_capacity_z,audusd,0.10526945524897283,0.10526945524897283
2024-11-07,1,pw_cape_of_good_hope_capacity_z,brlusd,0.06259453009043887,0.06259453009043887
2024-11-07,1,pw_cape_of_good_hope_capacity_z,cnyusd,0.0,0.0
2024-11-07,1,pw_cape_of_good_hope_capacity_z,krwusd,0.0,0.0
2024-11-07,1,pw_cape_of_good_hope_capacity_z,eurusd,0.018781237260450643,0.018781237260450643
2024-11-07,1,pw_cape_of_good_hope_capacity_z,sp500,0.16364694331943355,0.16364694331943355
2024-11-07,1,pw_cape_of_good_hope_capacity_z,vix,0.05448022112572069,-0.04324222112232294
2024-11-07,1,pw_cape_of_good_hope_capacity_z,us2y,0.020710927807462365,-0.020710927807462365
2024-11-07,1,pw_cape_of_good_hope_capacity_z,us10y,0.03392461036637577,-0.03392461036637577
2024-11-07,1,pw_cape_of_good_hope_capacity_z,wti,0.07685944365759322,0.07685944365759322
2024-11-07,1,pw_cape_of_good_hope_capacity_z,brent,0.004009843039973077,0.004009843039973077
2024-11-07,1,pw_cape_of_good_hope_capacity_z,henry_hub,0.09256549395715148,-0.09256549395715148
2024-11-07,1,pw_cape_of_good_hope_n_total_z,audusd,0.05386280613341829,-0.05386280613341829
2024-11-07,1,pw_cape_of_good_hope_n_total_z,brlusd,0.0,0.0
2024-11-07,1,pw_cape_of_good_hope_n_total_z,cnyusd,0.042987991770752146,-0.042987991770752146
2024-11-07,1,pw_cape_of_good_hope_n_total_z,krwusd,0.0,0.0
2024-11-07,1,pw_cape_of_good_hope_n_total_z,eurusd,0.011740552005026267,-0.011740552005026267
2024-11-07,1,pw_cape_of_good_hope_n_total_z,sp500,0.13872749110437765,-0.1176586697283706
2024-11-07,1,pw_cape_of_good_hope_n_total_z,vix,0.10351723659863207,0.10351723659863207
2024-11-07,1,pw_cape_of_good_hope_n_total_z,us2y,0.048655798639065384,0.048655798639065384
2024-11-07,1,pw_cape_of_good_hope_n_total_z,us10y,0.009626020554600666,-0.008628758306714718
2024-11-07,1,pw_cape_of_good_hope_n_total_z,wti,0.0,0.0
2024-11-07,1,pw_cape_of_good_hope_n_total_z,brent,0.0,0.0
2024-11-07,1,pw_cape_of_good_hope_n_total_z,henry_hub,0.022755505835830914,0.022755505835830914
2024-11-07,1,pw_malacca_strait_capacity_z,audusd,0.023696750382108372,-0.023696750382108372
2024-11-07,1,pw_malacca_strait_capacity_z,brlusd,0.05084798107309541,0.05084798107309541
2024-11-07,1,pw_malacca_strait_capacity_z,cnyusd,0.10377450279596682,0.10377450279596682
2024-11-07,1,pw_malacca_strait_capacity_z,krwusd,0.09143290691457084,0.04796941720268487
2024-11-07,1,pw_malacca_strait_capacity_z,eurusd,0.017721124411473842,-0.017721124411473842
2024-11-07,1,pw_malacca_strait_capacity_z,sp500,0.043626883426214264,0.03780245335201548
2024-11-07,1,pw_malacca_strait_capacity_z,vix,0.0841734233157738,-0.0841734233157738
2024-11-07,1,pw_malacca_strait_capacity_z,us2y,0.03254938799561827,-0.02227058216932754
2024-11-07,1,pw_malacca_strait_capacity_z,us10y,0.023632481066375773,-0.023632481066375773
2024-11-07,1,pw_malacca_strait_capacity_z,wti,0.04335402206317032,-0.04335402206317032
2024-11-07,1,pw_malacca_strait_capacity_z,brent,0.0,0.0
2024-11-07,1,pw_malacca_strait_capacity_z,henry_hub,0.013961402908900175,-0.013961402908900175
2024-11-07,1,pw_malacca_strait_n_total_z,audusd,0.0628131674421937,-0.03550550990565906
2024-11-07,1,pw_malacca_strait_n_total_z,brlusd,0.01638648669069053,-0.01638648669069053
2024-11-07,1,pw_malacca_strait_n_total_z,cnyusd,0.0,0.0
2024-11-07,1,pw_malacca_strait_n_total_z,krwusd,0.024840394591210114,-0.024840394591210114
2024-11-07,1,pw_malacca_strait_n_total_z,eurusd,0.1652975432126359,0.09178595973785111
2024-11-07,1,pw_malacca_strait_n_total_z,sp500,0.0395727765335286,-0.0395727765335286
2024-11-07,1,pw_malacca_strait_n_total_z,vix,0.10443953604991123,0.0727752498804377
2024-11-07,1,pw_malacca_strait_n_total_z,us2y,0.057944292928378986,0.057944292928378986
2024-11-07,1,pw_malacca_strait_n_total_z,us10y,0.0781302744317459,0.07069973853235854
2024-11-07,1,pw_malacca_strait_n_total_z,wti,0.0,0.0
2024-11-07,1,pw_malacca_strait_n_total_z,brent,0.01621262562738424,-0.010832401429704494
2024-11-07,1,pw_malacca_strait_n_total_z,henry_hub,0.043524384863231756,-0.03521283245679667
2024-11-07,1,pw_panama_canal_capacity_z,audusd,0.0,0.0
2024-11-07,1,pw_panama_canal_capacity_z,brlusd,0.02294696839859023,0.02294696839859023
2024-11-07,1,pw_panama_canal_capacity_z,cnyusd,0.08041769858439847,0.08041769858439847
2024-11-07,1,pw_panama_canal_capacity_z,krwusd,0.04463265657163801,0.04463265657163801
2024-11-07,1,pw_panama_canal_capacity_z,eurusd,0.05639720872761854,0.034793386851072416
2024-11-07,1,pw_panama_canal_capacity_z,sp500,0.0,0.0
2024-11-07,1,pw_panama_canal_capacity_z,vix,0.0,0.0
2024-11-07,1,pw_panama_canal_capacity_z,us2y,0.0,0.0
2024-11-07,1,pw_panama_canal_capacity_z,us10y,0.0,0.0
2024-11-07,1,pw_panama_canal_capacity_z,wti,0.007518677273785525,0.007518677273785525
2024-11-07,1,pw_panama_canal_capacity_z,brent,0.0,0.0
2024-11-07,1,pw_panama_canal_capacity_z,henry_hub,0.020902752492601838,-0.020902752492601838
2024-11-07,1,pw_panama_canal_n_total_z,audusd,0.0,0.0
2024-11-07,1,pw_panama_canal_n_total_z,brlusd,0.0,0.0
2024-11-07,1,pw_panama_canal_n_total_z,cnyusd,0.0,0.0
2024-11-07,1,pw_panama_canal_n_total_z,krwusd,0.0,0.0
2024-11-07,1,pw_panama_canal_n_total_z,eurusd,0.0,0.0
2024-11-07,1,pw_panama_canal_n_total_z,sp500,0.0,0.0
2024-11-07,1,pw_panama_canal_n_total_z,vix,0.0,0.0
2024-11-07,1,pw_panama_canal_n_total_z,us2y,0.01146930841196177,0.01146930841196177
2024-11-07,1,pw_panama_canal_n_total_z,us10y,0.01875768175318084,0.01875768175318084
2024-11-07,1,pw_panama_canal_n_total_z,wti,0.0,0.0
2024-11-07,1,pw_panama_canal_n_total_z,brent,0.0,0.0
2024-11-07,1,pw_panama_canal_n_total_z,henry_hub,0.0,0.0
2024-11-07,1,pw_strait_of_hormuz_capacity_z,audusd,0.0008620090887238869,-0.0008620090887238869
2024-11-07,1,pw_strait_of_hormuz_capacity_z,brlusd,0.0,0.0
2024-11-07,1,pw_strait_of_hormuz_capacity_z,cnyusd,0.003083127878205271,-0.003083127878205271
2024-11-07,1,pw_strait_of_hormuz_capacity_z,krwusd,0.03353843248514778,-0.03353843248514778
2024-11-07,1,pw_strait_of_hormuz_capacity_z,eurusd,0.02749854511741594,-0.02749854511741594
2024-11-07,1,pw_strait_of_hormuz_capacity_z,sp500,0.0,0.0
2024-11-07,1,pw_strait_of_hormuz_capacity_z,vix,0.0028795120543066593,0.0028795120543066593
2024-11-07,1,pw_strait_of_hormuz_capacity_z,us2y,0.06592642167702895,0.030293510914000794
2024-11-07,1,pw_strait_of_hormuz_capacity_z,us10y,0.026108978218723183,-0.026108978218723183
2024-11-07,1,pw_strait_of_hormuz_capacity_z,wti,0.008749452244590488,0.008749452244590488
2024-11-07,1,pw_strait_of_hormuz_capacity_z,brent,0.019516951924967,0.014537097143831569
2024-11-07,1,pw_strait_of_hormuz_capacity_z,henry_hub,0.07842195047717963,0.0712933345398474
2024-11-07,1,pw_strait_of_hormuz_n_total_z,audusd,0.0696083016289877,-0.0696083016289877
2024-11-07,1,pw_strait_of_hormuz_n_total_z,brlusd,0.018486271459899433,-0.018486271459899433
2024-11-07,1,pw_strait_of_hormuz_n_total_z,cnyusd,0.0706600188382546,-0.0706600188382546
2024-11-07,1,pw_strait_of_hormuz_n_total_z,krwusd,0.014512710657042441,-0.013911897029991559
2024-11-07,1,pw_strait_of_hormuz_n_total_z,eurusd,0.08577898796423228,-0.08577898796423228
2024-11-07,1,pw_strait_of_hormuz_n_total_z,sp500,0.05709865187177093,-0.05709865187177093
2024-11-07,1,pw_strait_of_hormuz_n_total_z,vix,0.025927751944345684,0.025927751944345684
2024-11-07,1,pw_strait_of_hormuz_n_total_z,us2y,0.05730486238886476,0.05730486238886476
2024-11-07,1,pw_strait_of_hormuz_n_total_z,us10y,0.12052277348035637,0.07263407159853556
2024-11-07,1,pw_strait_of_hormuz_n_total_z,wti,0.022819038493979458,0.022819038493979458
2024-11-07,1,pw_strait_of_hormuz_n_total_z,brent,0.049408609280629505,0.049408609280629505
2024-11-07,1,pw_strait_of_hormuz_n_total_z,henry_hub,0.03858478324525806,-0.03858478324525806
2024-11-07,1,pw_suez_canal_capacity_z,audusd,0.0,0.0
2024-11-07,1,pw_suez_canal_capacity_z,brlusd,0.0,0.0
2024-11-07,1,pw_suez_canal_capacity_z,cnyusd,0.0,0.0
2024-11-07,1,pw_suez_canal_capacity_z,krwusd,0.0,0.0
2024-11-07,1,pw_suez_canal_capacity_z,eurusd,0.0,0.0
2024-11-07,1,pw_suez_canal_capacity_z,sp500,0.07694313685535195,-0.07694313685535195
2024-11-07,1,pw_suez_canal_capacity_z,vix,0.005021893508654028,0.005021893508654028
2024-11-07,1,pw_suez_canal_capacity_z,us2y,0.0,0.0
2024-11-07,1,pw_suez_canal_capacity_z,us10y,0.0,0.0
2024-11-07,1,pw_suez_canal_capacity_z,wti,0.0,0.0
2024-11-07,1,pw_suez_canal_capacity_z,brent,0.049083843532964855,-0.049083843532964855
2024-11-07,1,pw_suez_canal_capacity_z,henry_hub,0.0,0.0
2024-11-07,1,pw_suez_canal_n_total_z,audusd,0.004477794724349471,0.004477794724349471
2024-11-07,1,pw_suez_canal_n_total_z,brlusd,0.0,0.0
2024-11-07,1,pw_suez_canal_n_total_z,cnyusd,0.0,0.0
2024-11-07,1,pw_suez_canal_n_total_z,krwusd,0.0,0.0
2024-11-07,1,pw_suez_canal_n_total_z,eurusd,0.0,0.0
2024-11-07,1,pw_suez_canal_n_total_z,sp500,0.05712996095074703,0.03980189729438215
2024-11-07,1,pw_suez_canal_n_total_z,vix,0.0,0.0
2024-11-07,1,pw_suez_canal_n_total_z,us2y,0.033551712287482785,-0.033551712287482785
2024-11-07,1,pw_suez_canal_n_total_z,us10y,0.022147759190886535,-0.022147759190886535
2024-11-07,1,pw_suez_canal_n_total_z,wti,0.0,0.0
2024-11-07,1,pw_suez_canal_n_total_z,brent,0.0,0.0
2024-11-07,1,pw_suez_canal_n_total_z,henry_hub,0.07059784637740488,0.07059784637740488
2024-12-11,1,pw_bab_el_mandeb_strait_capacity_z,audusd,0.04057862667630446,0.04057862667630446
2024-12-11,1,pw_bab_el_mandeb_strait_capacity_z,brlusd,0.0,0.0
2024-12-11,1,pw_bab_el_mandeb_strait_capacity_z,cnyusd,0.0,0.0
2024-12-11,1,pw_bab_el_mandeb_strait_capacity_z,krwusd,0.0,0.0
2024-12-11,1,pw_bab_el_mandeb_strait_capacity_z,eurusd,0.0,0.0
2024-12-11,1,pw_bab_el_mandeb_strait_capacity_z,sp500,0.0,0.0
2024-12-11,1,pw_bab_el_mandeb_strait_capacity_z,vix,0.0,0.0
2024-12-11,1,pw_bab_el_mandeb_strait_capacity_z,us2y,0.0,0.0
2024-12-11,1,pw_bab_el_mandeb_strait_capacity_z,us10y,0.0,0.0
2024-12-11,1,pw_bab_el_mandeb_strait_capacity_z,wti,0.0,0.0
2024-12-11,1,pw_bab_el_mandeb_strait_capacity_z,brent,0.0,0.0
2024-12-11,1,pw_bab_el_mandeb_strait_capacity_z,henry_hub,0.0,0.0
2024-12-11,1,pw_bab_el_mandeb_strait_n_total_z,audusd,0.0,0.0
2024-12-11,1,pw_bab_el_mandeb_strait_n_total_z,brlusd,0.0,0.0
2024-12-11,1,pw_bab_el_mandeb_strait_n_total_z,cnyusd,0.0,0.0
2024-12-11,1,pw_bab_el_mandeb_strait_n_total_z,krwusd,0.0,0.0
2024-12-11,1,pw_bab_el_mandeb_strait_n_total_z,eurusd,0.0,0.0
2024-12-11,1,pw_bab_el_mandeb_strait_n_total_z,sp500,0.0,0.0
2024-12-11,1,pw_bab_el_mandeb_strait_n_total_z,vix,0.0,0.0
2024-12-11,1,pw_bab_el_mandeb_strait_n_total_z,us2y,0.0,0.0
2024-12-11,1,pw_bab_el_mandeb_strait_n_total_z,us10y,0.017214091184901224,-0.017214091184901224
2024-12-11,1,pw_bab_el_mandeb_strait_n_total_z,wti,0.027509077017979347,-0.027509077017979347
2024-12-11,1,pw_bab_el_mandeb_strait_n_total_z,brent,0.003328621730333823,-0.003328621730333823
2024-12-11,1,pw_bab_el_mandeb_strait_n_total_z,henry_hub,0.18427662806366013,-0.18427662806366013
2024-12-11,1,pw_cape_of_good_hope_capacity_z,audusd,0.08129154178031772,0.08129154178031772
2024-12-11,1,pw_cape_of_good_hope_capacity_z,brlusd,0.03250723842417782,0.03250723842417782
2024-12-11,1,pw_cape_of_good_hope_capacity_z,cnyusd,0.0,0.0
2024-12-11,1,pw_cape_of_good_hope_capacity_z,krwusd,0.0,0.0
2024-12-11,1,pw_cape_of_good_hope_capacity_z,eurusd,0.007384347382854181,0.007384347382854181
2024-12-11,1,pw_cape_of_good_hope_capacity_z,sp500,0.133343556142129,0.133343556142129
2024-12-11,1,pw_cape_of_good_hope_capacity_z,vix,0.038387430066982926,-0.03368433509435833
2024-12-11,1,pw_cape_of_good_hope_capacity_z,us2y,0.01715361616570819,-0.01715361616570819
2024-12-11,1,pw_cape_of_good_hope_capacity_z,us10y,0.04900107539147084,-0.04900107539147084
2024-12-11,1,pw_cape_of_good_hope_capacity_z,wti,0.06972328287804887,0.06972328287804887
2024-12-11,1,pw_cape_of_good_hope_capacity_z,brent,0.008588283752076212,0.008588283752076212
2024-12-11,1,pw_cape_of_good_hope_capacity_z,henry_hub,0.08242884650862989,-0.08242884650862989
2024-12-11,1,pw_cape_of_good_hope_n_total_z,audusd,0.042163553952838,-0.042163553952838
2024-12-11,1,pw_cape_of_good_hope_n_total_z,brlusd,0.0119862938368392,0.0119862938368392
2024-12-11,1,pw_cape_of_good_hope_n_total_z,cnyusd,0.04343637084860584,-0.04343637084860584
2024-12-11,1,pw_cape_of_good_hope_n_total_z,krwusd,0.0,0.0
2024-12-11,1,pw_cape_of_good_hope_n_total_z,eurusd,0.0069000092538892025,-0.0069000092538892025
2024-12-11,1,pw_cape_of_good_hope_n_total_z,sp500,0.11079043667069928,-0.1088656159060962
2024-12-11,1,pw_cape_of_good_hope_n_total_z,vix,0.0929584435529115,0.0929584435529115
2024-12-11,1,pw_cape_of_good_hope_n_total_z,us2y,0.04193845914754447,0.04193845914754447
2024-12-11,1,pw_cape_of_good_hope_n_total_z,us10y,0.0,0.0
2024-12-11,1,pw_cape_of_good_hope_n_total_z,wti,0.0,0.0
2024-12-11,1,pw_cape_of_good_hope_n_total_z,brent,0.0,0.0
2024-12-11,1,pw_cape_of_good_hope_n_total_z,henry_hub,0.0,0.0
2024-12-11,1,pw_malacca_strait_capacity_z,audusd,0.026353814247006037,-0.01883598778422751
2024-12-11,1,pw_malacca_strait_capacity_z,brlusd,0.04279916150264976,0.04279916150264976
2024-12-11,1,pw_malacca_strait_capacity_z,cnyusd,0.0948879387317763,0.0948879387317763
2024-12-11,1,pw_malacca_strait_capacity_z,krwusd,0.10268987163040727,0.06296502816541369
2024-12-11,1,pw_malacca_strait_capacity_z,eurusd,0.0205058367891596,-0.0205058367891596
2024-12-11,1,pw_malacca_strait_capacity_z,sp500,0.039148860399751295,0.039148860399751295
2024-12-11,1,pw_malacca_strait_capacity_z,vix,0.08054704889889902,-0.08054704889889902
2024-12-11,1,pw_malacca_strait_capacity_z,us2y,0.02244356550930646,-0.017396259847333135
2024-12-11,1,pw_malacca_strait_capacity_z,us10y,0.02024690526368427,-0.02024690526368427
2024-12-11,1,pw_malacca_strait_capacity_z,wti,0.04877150534415872,-0.044925247769531634
2024-12-11,1,pw_malacca_strait_capacity_z,brent,0.0,0.0
2024-12-11,1,pw_malacca_strait_capacity_z,henry_hub,0.0,0.0
2024-12-11,1,pw_malacca_strait_n_total_z,audusd,0.0019281922227274775,-0.0019281922227274775
2024-12-11,1,pw_malacca_strait_n_total_z,brlusd,0.011162027965764385,-0.011162027965764385
2024-12-11,1,pw_malacca_strait_n_total_z,cnyusd,0.0070862151011726986,0.0070862151011726986
2024-12-11,1,pw_malacca_strait_n_total_z,krwusd,0.03886394184696231,-0.03169717764428846
2024-12-11,1,pw_malacca_strait_n_total_z,eurusd,0.14779189211462596,-0.07774933652412504
2024-12-11,1,pw_malacca_strait_n_total_z,sp500,0.06485042637912636,-0.05518311112502614
2024-12-11,1,pw_malacca_strait_n_total_z,vix,0.09699962438949426,0.050580757782180324
2024-12-11,1,pw_malacca_strait_n_total_z,us2y,0.057104796703751744,0.057104796703751744
2024-12-11,1,pw_malacca_strait_n_total_z,us10y,0.0881951427538548,0.0881951427538548
2024-12-11,1,pw_malacca_strait_n_total_z,wti,0.0,0.0
2024-12-11,1,pw_malacca_strait_n_total_z,brent,0.025610108641008062,-0.025610108641008062
2024-12-11,1,pw_malacca_strait_n_total_z,henry_hub,0.08195210088932574,-0.08195210088932574
2024-12-11,1,pw_panama_canal_capacity_z,audusd,0.0,0.0
2024-12-11,1,pw_panama_canal_capacity_z,brlusd,0.006839240306263696,0.006839240306263696
2024-12-11,1,pw_panama_canal_capacity_z,cnyusd,0.05523355204236308,0.05523355204236308
2024-12-11,1,pw_panama_canal_capacity_z,krwusd,0.02461933266818162,0.02461933266818162
2024-12-11,1,pw_panama_canal_capacity_z,eurusd,0.04522922805426962,0.04522922805426962
2024-12-11,1,pw_panama_canal_capacity_z,sp500,0.0,0.0
2024-12-11,1,pw_panama_canal_capacity_z,vix,0.0,0.0
2024-12-11,1,pw_panama_canal_capacity_z,us2y,0.0,0.0
2024-12-11,1,pw_panama_canal_capacity_z,us10y,0.0,0.0
2024-12-11,1,pw_panama_canal_capacity_z,wti,0.0,0.0
2024-12-11,1,pw_panama_canal_capacity_z,brent,0.0,0.0
2024-12-11,1,pw_panama_canal_capacity_z,henry_hub,0.010455934953499831,-0.010455934953499831
2024-12-11,1,pw_panama_canal_n_total_z,audusd,0.0,0.0
2024-12-11,1,pw_panama_canal_n_total_z,brlusd,0.0,0.0
2024-12-11,1,pw_panama_canal_n_total_z,cnyusd,0.0,0.0
2024-12-11,1,pw_panama_canal_n_total_z,krwusd,0.0,0.0
2024-12-11,1,pw_panama_canal_n_total_z,eurusd,0.0,0.0
2024-12-11,1,pw_panama_canal_n_total_z,sp500,0.0,0.0
2024-12-11,1,pw_panama_canal_n_total_z,vix,0.0,0.0
2024-12-11,1,pw_panama_canal_n_total_z,us2y,0.0,0.0
2024-12-11,1,pw_panama_canal_n_total_z,us10y,0.0,0.0
2024-12-11,1,pw_panama_canal_n_total_z,wti,0.0,0.0
2024-12-11,1,pw_panama_canal_n_total_z,brent,0.0,0.0
2024-12-11,1,pw_panama_canal_n_total_z,henry_hub,0.0,0.0
2024-12-11,1,pw_strait_of_hormuz_capacity_z,audusd,0.02511226363306535,-0.02511226363306535
2024-12-11,1,pw_strait_of_hormuz_capacity_z,brlusd,0.0,0.0
2024-12-11,1,pw_strait_of_hormuz_capacity_z,cnyusd,0.0,0.0
2024-12-11,1,pw_strait_of_hormuz_capacity_z,krwusd,0.01701902200354339,-0.0147097990570451
2024-12-11,1,pw_strait_of_hormuz_capacity_z,eurusd,0.06195515259817982,-0.06195515259817982
2024-12-11,1,pw_strait_of_hormuz_capacity_z,sp500,0.0,0.0
2024-12-11,1,pw_strait_of_hormuz_capacity_z,vix,0.017480321609393557,-0.017480321609393557
2024-12-11,1,pw_strait_of_hormuz_capacity_z,us2y,0.013431271181819285,-0.008519629844029195
2024-12-11,1,pw_strait_of_hormuz_capacity_z,us10y,0.037032410225901057,-0.037032410225901057
2024-12-11,1,pw_strait_of_hormuz_capacity_z,wti,0.0,0.0
2024-12-11,1,pw_strait_of_hormuz_capacity_z,brent,0.0,0.0
2024-12-11,1,pw_strait_of_hormuz_capacity_z,henry_hub,0.04506758237519168,0.02434215485013982
2024-12-11,1,pw_strait_of_hormuz_n_total_z,audusd,0.07167271412358162,-0.07167271412358162
2024-12-11,1,pw_strait_of_hormuz_n_total_z,brlusd,0.022369785907390364,-0.022369785907390364
2024-12-11,1,pw_strait_of_hormuz_n_total_z,cnyusd,0.0539967050258072,-0.0539967050258072
2024-12-11,1,pw_strait_of_hormuz_n_total_z,krwusd,0.023027284437332846,-0.023027284437332846
2024-12-11,1,pw_strait_of_hormuz_n_total_z,eurusd,0.05864375515737661,-0.05864375515737661
2024-12-11,1,pw_strait_of_hormuz_n_total_z,sp500,0.04752767872042858,-0.04752767872042858
2024-12-11,1,pw_strait_of_hormuz_n_total_z,vix,0.039410936268020204,0.039410936268020204
2024-12-11,1,pw_strait_of_hormuz_n_total_z,us2y,0.0695604033382548,0.0695604033382548
2024-12-11,1,pw_strait_of_hormuz_n_total_z,us10y,0.1089911766083898,0.07104114621124256
2024-12-11,1,pw_strait_of_hormuz_n_total_z,wti,0.031040196060476543,0.031040196060476543
2024-12-11,1,pw_strait_of_hormuz_n_total_z,brent,0.05820353928654128,0.05820353928654128
2024-12-11,1,pw_strait_of_hormuz_n_total_z,henry_hub,0.01132399706625327,-0.01132399706625327
2024-12-11,1,pw_suez_canal_capacity_z,audusd,0.0,0.0
2024-12-11,1,pw_suez_canal_capacity_z,brlusd,0.0,0.0
2024-12-11,1,pw_suez_canal_capacity_z,cnyusd,0.0,0.0
2024-12-11,1,pw_suez_canal_capacity_z,krwusd,0.0,0.0
2024-12-11,1,pw_suez_canal_capacity_z,eurusd,0.0,0.0
2024-12-11,1,pw_suez_canal_capacity_z,sp500,0.08093181820773049,-0.08093181820773049
2024-12-11,1,pw_suez_canal_capacity_z,vix,0.010197024048849418,0.010197024048849418
2024-12-11,1,pw_suez_canal_capacity_z,us2y,0.0,0.0
2024-12-11,1,pw_suez_canal_capacity_z,us10y,0.0,0.0
2024-12-11,1,pw_suez_canal_capacity_z,wti,0.0,0.0
2024-12-11,1,pw_suez_canal_capacity_z,brent,0.04326355889881042,-0.04326355889881042
2024-12-11,1,pw_suez_canal_capacity_z,henry_hub,0.0,0.0
2024-12-11,1,pw_suez_canal_n_total_z,audusd,0.00677321546273092,0.00677321546273092
2024-12-11,1,pw_suez_canal_n_total_z,brlusd,0.0,0.0
2024-12-11,1,pw_suez_canal_n_total_z,cnyusd,0.0,0.0
2024-12-11,1,pw_suez_canal_n_total_z,krwusd,0.0,0.0
2024-12-11,1,pw_suez_canal_n_total_z,eurusd,0.0,0.0
2024-12-11,1,pw_suez_canal_n_total_z,sp500,0.05804978537215007,0.04704082632836619
2024-12-11,1,pw_suez_canal_n_total_z,vix,0.0,0.0
2024-12-11,1,pw_suez_canal_n_total_z,us2y,0.03344432813807828,-0.03344432813807828
2024-12-11,1,pw_suez_canal_n_total_z,us10y,0.018361958762409255,-0.018361958762409255
2024-12-11,1,pw_suez_canal_n_total_z,wti,0.0,0.0
2024-12-11,1,pw_suez_canal_n_total_z,brent,0.0,0.0
2024-12-11,1,pw_suez_canal_n_total_z,henry_hub,0.04479863952593369,0.04126523686604851
2025-01-17,1,pw_bab_el_mandeb_strait_capacity_z,audusd,0.031007567291646273,0.031007567291646273
2025-01-17,1,pw_bab_el_mandeb_strait_capacity_z,brlusd,0.0,0.0
2025-01-17,1,pw_bab_el_mandeb_strait_capacity_z,cnyusd,0.0,0.0
2025-01-17,1,pw_bab_el_mandeb_strait_capacity_z,krwusd,0.0,0.0
2025-01-17,1,pw_bab_el_mandeb_strait_capacity_z,eurusd,0.0,0.0
2025-01-17,1,pw_bab_el_mandeb_strait_capacity_z,sp500,0.0025041805542616994,0.0025041805542616994
2025-01-17,1,pw_bab_el_mandeb_strait_capacity_z,vix,0.00432202650227883,-0.00432202650227883
2025-01-17,1,pw_bab_el_mandeb_strait_capacity_z,us2y,0.0,0.0
2025-01-17,1,pw_bab_el_mandeb_strait_capacity_z,us10y,0.0,0.0
2025-01-17,1,pw_bab_el_mandeb_strait_capacity_z,wti,0.0,0.0
2025-01-17,1,pw_bab_el_mandeb_strait_capacity_z,brent,0.0,0.0
2025-01-17,1,pw_bab_el_mandeb_strait_capacity_z,henry_hub,0.0,0.0
2025-01-17,1,pw_bab_el_mandeb_strait_n_total_z,audusd,0.0,0.0
2025-01-17,1,pw_bab_el_mandeb_strait_n_total_z,brlusd,0.0,0.0
2025-01-17,1,pw_bab_el_mandeb_strait_n_total_z,cnyusd,0.0,0.0
2025-01-17,1,pw_bab_el_mandeb_strait_n_total_z,krwusd,0.013563740912579746,0.013563740912579746
2025-01-17,1,pw_bab_el_mandeb_strait_n_total_z,eurusd,0.0,0.0
2025-01-17,1,pw_bab_el_mandeb_strait_n_total_z,sp500,0.0,0.0
2025-01-17,1,pw_bab_el_mandeb_strait_n_total_z,vix,0.0,0.0
2025-01-17,1,pw_bab_el_mandeb_strait_n_total_z,us2y,0.0,0.0
2025-01-17,1,pw_bab_el_mandeb_strait_n_total_z,us10y,0.008481577016314292,-0.008481577016314292
2025-01-17,1,pw_bab_el_mandeb_strait_n_total_z,wti,0.0017160057933509635,-0.0017160057933509635
2025-01-17,1,pw_bab_el_mandeb_strait_n_total_z,brent,0.0,0.0
2025-01-17,1,pw_bab_el_mandeb_strait_n_total_z,henry_hub,0.11949564293934425,-0.11949564293934425
2025-01-17,1,pw_cape_of_good_hope_capacity_z,audusd,0.059095291650673204,0.059095291650673204
2025-01-17,1,pw_cape_of_good_hope_capacity_z,brlusd,0.03402383782568306,0.03402383782568306
2025-01-17,1,pw_cape_of_good_hope_capacity_z,cnyusd,0.003529075983057698,-0.003529075983057698
2025-01-17,1,pw_cape_of_good_hope_capacity_z,krwusd,0.0,0.0
2025-01-17,1,pw_cape_of_good_hope_capacity_z,eurusd,0.0,0.0
2025-01-17,1,pw_cape_of_good_hope_capacity_z,sp500,0.12958515817986493,0.12958515817986493
2025-01-17,1,pw_cape_of_good_hope_capacity_z,vix,0.029821842414433912,-0.029821842414433912
2025-01-17,1,pw_cape_of_good_hope_capacity_z,us2y,0.0,0.0
2025-01-17,1,pw_cape_of_good_hope_capacity_z,us10y,0.017306139047219466,-0.017306139047219466
2025-01-17,1,pw_cape_of_good_hope_capacity_z,wti,0.07055415272214038,0.07055415272214038
2025-01-17,1,pw_cape_of_good_hope_capacity_z,brent,0.026841247894492232,0.026841247894492232
2025-01-17,1,pw_cape_of_good_hope_capacity_z,henry_hub,0.036259201945641216,-0.036259201945641216
2025-01-17,1,pw_cape_of_good_hope_n_total_z,audusd,0.0177137296160785,-0.0177137296160785
2025-01-17,1,pw_cape_of_good_hope_n_total_z,brlusd,0.0,0.0
2025-01-17,1,pw_cape_of_good_hope_n_total_z,cnyusd,0.025745464274909903,-0.025745464274909903
2025-01-17,1,pw_cape_of_good_hope_n_total_z,krwusd,0.0,0.0
2025-01-17,1,pw_cape_of_good_hope_n_total_z,eurusd,0.0,0.0
2025-01-17,1,pw_cape_of_good_hope_n_total_z,sp500,0.08809296339022434,-0.0767562027828021
2025-01-17,1,pw_cape_of_good_hope_n_total_z,vix,0.05507468241245887,0.05507468241245887
2025-01-17,1,pw_cape_of_good_hope_n_total_z,us2y,0.02347419132977443,0.02347419132977443
2025-01-17,1,pw_cape_of_good_hope_n_total_z,us10y,0.022577379307128706,-0.022577379307128706
2025-01-17,1,pw_cape_of_good_hope_n_total_z,wti,0.0,0.0
2025-01-17,1,pw_cape_of_good_hope_n_total_z,brent,0.0,0.0
2025-01-17,1,pw_cape_of_good_hope_n_total_z,henry_hub,0.0329176259513774,-0.0329176259513774
2025-01-17,1,pw_malacca_strait_capacity_z,audusd,0.035222267660272366,-0.013911204904795822
2025-01-17,1,pw_malacca_strait_capacity_z,brlusd,0.04366283625429669,0.04366283625429669
2025-01-17,1,pw_malacca_strait_capacity_z,cnyusd,0.08770092508594023,0.08556006120726388
2025-01-17,1,pw_malacca_strait_capacity_z,krwusd,0.10307259766963422,0.07659469266572437
2025-01-17,1,pw_malacca_strait_capacity_z,eurusd,0.03409724389153476,-0.03409724389153476
2025-01-17,1,pw_malacca_strait_capacity_z,sp500,0.060902618903284675,0.060902618903284675
2025-01-17,1,pw_malacca_strait_capacity_z,vix,0.04816714633314006,-0.04816714633314006
2025-01-17,1,pw_malacca_strait_capacity_z,us2y,0.024869443650085435,-0.021059363113317266
2025-01-17,1,pw_malacca_strait_capacity_z,us10y,0.027460963494418063,-0.027460963494418063
2025-01-17,1,pw_malacca_strait_capacity_z,wti,0.04147145266816245,-0.0321881600319856
2025-01-17,1,pw_malacca_strait_capacity_z,brent,0.0,0.0
2025-01-17,1,pw_malacca_strait_capacity_z,henry_hub,0.0,0.0
2025-01-17,1,pw_malacca_strait_n_total_z,audusd,0.002737875827574124,0.002737875827574124
2025-01-17,1,pw_malacca_strait_n_total_z,brlusd,0.0,0.0
2025-01-17,1,pw_malacca_strait_n_total_z,cnyusd,0.0,0.0
2025-01-17,1,pw_malacca_strait_n_total_z,krwusd,0.015964597869167072,-0.015964597869167072
2025-01-17,1,pw_malacca_strait_n_total_z,eurusd,0.12619037052836066,-0.05812559129239533
2025-01-17,1,pw_malacca_strait_n_total_z,sp500,0.05169558755268859,-0.03500362552257927
2025-01-17,1,pw_malacca_strait_n_total_z,vix,0.04873629631780511,0.03377315871489574
2025-01-17,1,pw_malacca_strait_n_total_z,us2y,0.03784772600688469,0.03784772600688469
2025-01-17,1,pw_malacca_strait_n_total_z,us10y,0.06489251725351286,0.06489251725351286
2025-01-17,1,pw_malacca_strait_n_total_z,wti,0.0,0.0
2025-01-17,1,pw_malacca_strait_n_total_z,brent,0.006742511348048397,-0.006742511348048397
2025-01-17,1,pw_malacca_strait_n_total_z,henry_hub,0.06295395021202431,-0.06295395021202431
2025-01-17,1,pw_panama_canal_capacity_z,audusd,0.0,0.0
2025-01-17,1,pw_panama_canal_capacity_z,brlusd,0.008438171250388477,0.008438171250388477
2025-01-17,1,pw_panama_canal_capacity_z,cnyusd,0.022973459139735634,0.022973459139735634
2025-01-17,1,pw_panama_canal_capacity_z,krwusd,0.023028045469466674,0.023028045469466674
2025-01-17,1,pw_panama_canal_capacity_z,eurusd,0.017804431842483464,0.017804431842483464
2025-01-17,1,pw_panama_canal_capacity_z,sp500,0.0,0.0
2025-01-17,1,pw_panama_canal_capacity_z,vix,0.0,0.0
2025-01-17,1,pw_panama_canal_capacity_z,us2y,0.0,0.0
2025-01-17,1,pw_panama_canal_capacity_z,us10y,0.0,0.0
2025-01-17,1,pw_panama_canal_capacity_z,wti,0.008111463875164891,0.008111463875164891
2025-01-17,1,pw_panama_canal_capacity_z,brent,0.0,0.0
2025-01-17,1,pw_panama_canal_capacity_z,henry_hub,0.0,0.0
2025-01-17,1,pw_panama_canal_n_total_z,audusd,0.0,0.0
2025-01-17,1,pw_panama_canal_n_total_z,brlusd,0.0,0.0
2025-01-17,1,pw_panama_canal_n_total_z,cnyusd,0.0,0.0
2025-01-17,1,pw_panama_canal_n_total_z,krwusd,0.0,0.0
2025-01-17,1,pw_panama_canal_n_total_z,eurusd,0.0,0.0
2025-01-17,1,pw_panama_canal_n_total_z,sp500,0.0,0.0
2025-01-17,1,pw_panama_canal_n_total_z,vix,0.0,0.0
2025-01-17,1,pw_panama_canal_n_total_z,us2y,0.0,0.0
2025-01-17,1,pw_panama_canal_n_total_z,us10y,0.00863638413119436,0.00863638413119436
2025-01-17,1,pw_panama_canal_n_total_z,wti,0.0,0.0
2025-01-17,1,pw_panama_canal_n_total_z,brent,0.0,0.0
2025-01-17,1,pw_panama_canal_n_total_z,henry_hub,0.0,0.0
2025-01-17,1,pw_strait_of_hormuz_capacity_z,audusd,0.004600518360697204,-0.004600518360697204
2025-01-17,1,pw_strait_of_hormuz_capacity_z,brlusd,0.0,0.0
2025-01-17,1,pw_strait_of_hormuz_capacity_z,cnyusd,0.0,0.0
2025-01-17,1,pw_strait_of_hormuz_capacity_z,krwusd,0.04524800267328026,0.02711379693043523
2025-01-17,1,pw_strait_of_hormuz_capacity_z,eurusd,0.041100251607392876,-0.041100251607392876
2025-01-17,1,pw_strait_of_hormuz_capacity_z,sp500,0.0,0.0
2025-01-17,1,pw_strait_of_hormuz_capacity_z,vix,0.0011541259606627993,-0.0007979183645856479
2025-01-17,1,pw_strait_of_hormuz_capacity_z,us2y,0.04437341171297901,-0.04437341171297901
2025-01-17,1,pw_strait_of_hormuz_capacity_z,us10y,0.07865481744267591,-0.07865481744267591
2025-01-17,1,pw_strait_of_hormuz_capacity_z,wti,0.0,0.0
2025-01-17,1,pw_strait_of_hormuz_capacity_z,brent,0.004166634665334609,0.004166634665334609
2025-01-17,1,pw_strait_of_hormuz_capacity_z,henry_hub,0.027882932276079894,0.025330739350579824
2025-01-17,1,pw_strait_of_hormuz_n_total_z,audusd,0.06755127890960172,-0.06755127890960172
2025-01-17,1,pw_strait_of_hormuz_n_total_z,brlusd,0.022846650294269594,-0.022846650294269594
2025-01-17,1,pw_strait_of_hormuz_n_total_z,cnyusd,0.036460120311888326,-0.036460120311888326
2025-01-17,1,pw_strait_of_hormuz_n_total_z,krwusd,0.032571274504196064,-0.032571274504196064
2025-01-17,1,pw_strait_of_hormuz_n_total_z,eurusd,0.04843197667185041,-0.047762715003381605
2025-01-17,1,pw_strait_of_hormuz_n_total_z,sp500,0.018158588327264597,-0.018158588327264597
2025-01-17,1,pw_strait_of_hormuz_n_total_z,vix,0.0,0.0
2025-01-17,1,pw_strait_of_hormuz_n_total_z,us2y,0.09489378577635661,0.09489378577635661
2025-01-17,1,pw_strait_of_hormuz_n_total_z,us10y,0.12298716131245149,0.0579988362308423
2025-01-17,1,pw_strait_of_hormuz_n_total_z,wti,0.027120227194539197,0.027120227194539197
2025-01-17,1,pw_strait_of_hormuz_n_total_z,brent,0.0512141348462836,0.0512141348462836
2025-01-17,1,pw_strait_of_hormuz_n_total_z,henry_hub,0.007128556151120885,-0.007128556151120885
2025-01-17,1,pw_suez_canal_capacity_z,audusd,0.0,0.0
2025-01-17,1,pw_suez_canal_capacity_z,brlusd,0.007310203866392122,0.007310203866392122
2025-01-17,1,pw_suez_canal_capacity_z,cnyusd,0.0,0.0
2025-01-17,1,pw_suez_canal_capacity_z,krwusd,0.0,0.0
2025-01-17,1,pw_suez_canal_capacity_z,eurusd,0.0,0.0
2025-01-17,1,pw_suez_canal_capacity_z,sp500,0.053398995198912065,-0.053398995198912065
2025-01-17,1,pw_suez_canal_capacity_z,vix,0.0,0.0
2025-01-17,1,pw_suez_canal_capacity_z,us2y,0.0,0.0
2025-01-17,1,pw_suez_canal_capacity_z,us10y,0.0,0.0
2025-01-17,1,pw_suez_canal_capacity_z,wti,0.0,0.0
2025-01-17,1,pw_suez_canal_capacity_z,brent,0.0036870508347109174,-0.0036870508347109174
2025-01-17,1,pw_suez_canal_capacity_z,henry_hub,0.0,0.0
2025-01-17,1,pw_suez_canal_n_total_z,audusd,0.01792188379875583,0.01792188379875583
2025-01-17,1,pw_suez_canal_n_total_z,brlusd,0.0,0.0
2025-01-17,1,pw_suez_canal_n_total_z,cnyusd,0.0,0.0
2025-01-17,1,pw_suez_canal_n_total_z,krwusd,0.0,0.0
2025-01-17,1,pw_suez_canal_n_total_z,eurusd,0.0,0.0
2025-01-17,1,pw_suez_canal_n_total_z,sp500,0.0622553272566167,0.0622553272566167
2025-01-17,1,pw_suez_canal_n_total_z,vix,0.0,0.0
2025-01-17,1,pw_suez_canal_n_total_z,us2y,0.04701247040155104,-0.04701247040155104
2025-01-17,1,pw_suez_canal_n_total_z,us10y,0.03678220006764099,-0.03678220006764099
2025-01-17,1,pw_suez_canal_n_total_z,wti,0.0,0.0
2025-01-17,1,pw_suez_canal_n_total_z,brent,0.0,0.0
2025-01-17,1,pw_suez_canal_n_total_z,henry_hub,0.009714525277690745,0.007151602911317301
2025-02-20,1,pw_bab_el_mandeb_strait_capacity_z,audusd,0.02246613075587215,0.02246613075587215
2025-02-20,1,pw_bab_el_mandeb_strait_capacity_z,brlusd,0.0,0.0
2025-02-20,1,pw_bab_el_mandeb_strait_capacity_z,cnyusd,0.0,0.0
2025-02-20,1,pw_bab_el_mandeb_strait_capacity_z,krwusd,0.0,0.0
2025-02-20,1,pw_bab_el_mandeb_strait_capacity_z,eurusd,0.0,0.0
2025-02-20,1,pw_bab_el_mandeb_strait_capacity_z,sp500,0.0,0.0
2025-02-20,1,pw_bab_el_mandeb_strait_capacity_z,vix,0.0,0.0
2025-02-20,1,pw_bab_el_mandeb_strait_capacity_z,us2y,0.0,0.0
2025-02-20,1,pw_bab_el_mandeb_strait_capacity_z,us10y,0.0,0.0
2025-02-20,1,pw_bab_el_mandeb_strait_capacity_z,wti,0.0,0.0
2025-02-20,1,pw_bab_el_mandeb_strait_capacity_z,brent,0.0,0.0
2025-02-20,1,pw_bab_el_mandeb_strait_capacity_z,henry_hub,0.00655539556454001,-0.00655539556454001
2025-02-20,1,pw_bab_el_mandeb_strait_n_total_z,audusd,0.0,0.0
2025-02-20,1,pw_bab_el_mandeb_strait_n_total_z,brlusd,0.05744204413967305,0.054474021317104965
2025-02-20,1,pw_bab_el_mandeb_strait_n_total_z,cnyusd,0.0,0.0
2025-02-20,1,pw_bab_el_mandeb_strait_n_total_z,krwusd,0.0,0.0
2025-02-20,1,pw_bab_el_mandeb_strait_n_total_z,eurusd,0.0,0.0
2025-02-20,1,pw_bab_el_mandeb_strait_n_total_z,sp500,0.0,0.0
2025-02-20,1,pw_bab_el_mandeb_strait_n_total_z,vix,0.0,0.0
2025-02-20,1,pw_bab_el_mandeb_strait_n_total_z,us2y,0.0,0.0
2025-02-20,1,pw_bab_el_mandeb_strait_n_total_z,us10y,0.0,0.0
2025-02-20,1,pw_bab_el_mandeb_strait_n_total_z,wti,0.0,0.0
2025-02-20,1,pw_bab_el_mandeb_strait_n_total_z,brent,0.0,0.0
2025-02-20,1,pw_bab_el_mandeb_strait_n_total_z,henry_hub,0.0,0.0
2025-02-20,1,pw_cape_of_good_hope_capacity_z,audusd,0.04252008791823074,0.04252008791823074
2025-02-20,1,pw_cape_of_good_hope_capacity_z,brlusd,0.007546965017421234,0.007546965017421234
2025-02-20,1,pw_cape_of_good_hope_capacity_z,cnyusd,0.025146368905619196,-0.025146368905619196
2025-02-20,1,pw_cape_of_good_hope_capacity_z,krwusd,0.0,0.0
2025-02-20,1,pw_cape_of_good_hope_capacity_z,eurusd,0.0,0.0
2025-02-20,1,pw_cape_of_good_hope_capacity_z,sp500,0.10558373087033862,0.10558373087033862
2025-02-20,1,pw_cape_of_good_hope_capacity_z,vix,0.0,0.0
2025-02-20,1,pw_cape_of_good_hope_capacity_z,us2y,0.0,0.0
2025-02-20,1,pw_cape_of_good_hope_capacity_z,us10y,0.006979990349503968,-0.006979990349503968
2025-02-20,1,pw_cape_of_good_hope_capacity_z,wti,0.07811668753716865,0.07811668753716865
2025-02-20,1,pw_cape_of_good_hope_capacity_z,brent,0.029140298945123783,0.029140298945123783
2025-02-20,1,pw_cape_of_good_hope_capacity_z,henry_hub,0.046987731075714786,-0.046987731075714786
2025-02-20,1,pw_cape_of_good_hope_n_total_z,audusd,0.007973899052304657,-0.007973899052304657
2025-02-20,1,pw_cape_of_good_hope_n_total_z,brlusd,0.0,0.0
2025-02-20,1,pw_cape_of_good_hope_n_total_z,cnyusd,0.005137497193464965,-0.005137497193464965
2025-02-20,1,pw_cape_of_good_hope_n_total_z,krwusd,0.0,0.0
2025-02-20,1,pw_cape_of_good_hope_n_total_z,eurusd,0.0,0.0
2025-02-20,1,pw_cape_of_good_hope_n_total_z,sp500,0.060894118141099185,-0.060894118141099185
2025-02-20,1,pw_cape_of_good_hope_n_total_z,vix,0.026705452618190562,0.026705452618190562
2025-02-20,1,pw_cape_of_good_hope_n_total_z,us2y,0.03507246719085998,0.03507246719085998
2025-02-20,1,pw_cape_of_good_hope_n_total_z,us10y,0.0,0.0
2025-02-20,1,pw_cape_of_good_hope_n_total_z,wti,0.0,0.0
2025-02-20,1,pw_cape_of_good_hope_n_total_z,brent,0.0,0.0
2025-02-20,1,pw_cape_of_good_hope_n_total_z,henry_hub,0.0,0.0
2025-02-20,1,pw_malacca_strait_capacity_z,audusd,0.07607304499975297,-0.0343280264835743
2025-02-20,1,pw_malacca_strait_capacity_z,brlusd,0.03807239893349909,0.03807239893349909
2025-02-20,1,pw_malacca_strait_capacity_z,cnyusd,0.08730833544773532,0.06656306928971747
2025-02-20,1,pw_malacca_strait_capacity_z,krwusd,0.1074824423540061,0.08745908421539646
2025-02-20,1,pw_malacca_strait_capacity_z,eurusd,0.03997851574156717,-0.03997851574156717
2025-02-20,1,pw_malacca_strait_capacity_z,sp500,0.05351748956637573,0.05351748956637573
2025-02-20,1,pw_malacca_strait_capacity_z,vix,0.04572295017391829,-0.04572295017391829
2025-02-20,1,pw_malacca_strait_capacity_z,us2y,0.03427674754413568,-0.0186164776519112
2025-02-20,1,pw_malacca_strait_capacity_z,us10y,0.014468124006770049,-0.008224240948681965
2025-02-20,1,pw_malacca_strait_capacity_z,wti,0.04382476935478837,-0.034470328021813004
2025-02-20,1,pw_malacca_strait_capacity_z,brent,0.0,0.0
2025-02-20,1,pw_malacca_strait_capacity_z,henry_hub,0.008284365749083198,0.008284365749083198
2025-02-20,1,pw_malacca_strait_n_total_z,audusd,0.0,0.0
2025-02-20,1,pw_malacca_strait_n_total_z,brlusd,0.00940379918405631,0.00940379918405631
2025-02-20,1,pw_malacca_strait_n_total_z,cnyusd,0.009312337286923907,0.009312337286923907
2025-02-20,1,pw_malacca_strait_n_total_z,krwusd,0.026204327294882635,-0.026204327294882635
2025-02-20,1,pw_malacca_strait_n_total_z,eurusd,0.15256600294853728,-0.06992628591599628
2025-02-20,1,pw_malacca_strait_n_total_z,sp500,0.03897363958152864,-0.03389544458631498
2025-02-20,1,pw_malacca_strait_n_total_z,vix,0.044955514009350564,0.03657005846111101
2025-02-20,1,pw_malacca_strait_n_total_z,us2y,0.025716215159502842,0.025716215159502842
2025-02-20,1,pw_malacca_strait_n_total_z,us10y,0.05556323323286315,0.05556323323286315
2025-02-20,1,pw_malacca_strait_n_total_z,wti,0.0,0.0
2025-02-20,1,pw_malacca_strait_n_total_z,brent,0.0022709446617347373,-0.0022709446617347373
2025-02-20,1,pw_malacca_strait_n_total_z,henry_hub,0.039676204738211,-0.039676204738211
2025-02-20,1,pw_panama_canal_capacity_z,audusd,0.0,0.0
2025-02-20,1,pw_panama_canal_capacity_z,brlusd,0.0,0.0
2025-02-20,1,pw_panama_canal_capacity_z,cnyusd,0.026305635131589546,0.026305635131589546
2025-02-20,1,pw_panama_canal_capacity_z,krwusd,0.023433880563709937,0.023433880563709937
2025-02-20,1,pw_panama_canal_capacity_z,eurusd,0.011083159272426688,0.011083159272426688
2025-02-20,1,pw_panama_canal_capacity_z,sp500,0.0,0.0
2025-02-20,1,pw_panama_canal_capacity_z,vix,0.0,0.0
2025-02-20,1,pw_panama_canal_capacity_z,us2y,0.0,0.0
2025-02-20,1,pw_panama_canal_capacity_z,us10y,0.0,0.0
2025-02-20,1,pw_panama_canal_capacity_z,wti,0.0,0.0
2025-02-20,1,pw_panama_canal_capacity_z,brent,0.0,0.0
2025-02-20,1,pw_panama_canal_capacity_z,henry_hub,0.004531608869642176,-0.004531608869642176
2025-02-20,1,pw_panama_canal_n_total_z,audusd,0.0,0.0
2025-02-20,1,pw_panama_canal_n_total_z,brlusd,0.0,0.0
2025-02-20,1,pw_panama_canal_n_total_z,cnyusd,0.0,0.0
2025-02-20,1,pw_panama_canal_n_total_z,krwusd,0.0,0.0
2025-02-20,1,pw_panama_canal_n_total_z,eurusd,0.0,0.0
2025-02-20,1,pw_panama_canal_n_total_z,sp500,0.0,0.0
2025-02-20,1,pw_panama_canal_n_total_z,vix,0.0,0.0
2025-02-20,1,pw_panama_canal_n_total_z,us2y,0.0,0.0
2025-02-20,1,pw_panama_canal_n_total_z,us10y,0.009800091893268708,0.009800091893268708
2025-02-20,1,pw_panama_canal_n_total_z,wti,0.0,0.0
2025-02-20,1,pw_panama_canal_n_total_z,brent,0.0,0.0
2025-02-20,1,pw_panama_canal_n_total_z,henry_hub,0.0,0.0
2025-02-20,1,pw_strait_of_hormuz_capacity_z,audusd,0.006830858333665265,-0.006830858333665265
2025-02-20,1,pw_strait_of_hormuz_capacity_z,brlusd,0.0,0.0
2025-02-20,1,pw_strait_of_hormuz_capacity_z,cnyusd,0.0,0.0
2025-02-20,1,pw_strait_of_hormuz_capacity_z,krwusd,0.057538410553570035,-0.03221237117331448
2025-02-20,1,pw_strait_of_hormuz_capacity_z,eurusd,0.03352925732639171,-0.03352925732639171
2025-02-20,1,pw_strait_of_hormuz_capacity_z,sp500,0.0,0.0
2025-02-20,1,pw_strait_of_hormuz_capacity_z,vix,0.0020442270098036492,-0.0020442270098036492
2025-02-20,1,pw_strait_of_hormuz_capacity_z,us2y,0.05122752033038542,-0.03942657837000366
2025-02-20,1,pw_strait_of_hormuz_capacity_z,us10y,0.07786140688431897,-0.07786140688431897
2025-02-20,1,pw_strait_of_hormuz_capacity_z,wti,0.0,0.0
2025-02-20,1,pw_strait_of_hormuz_capacity_z,brent,0.0016148483970008284,0.0016148483970008284
2025-02-20,1,pw_strait_of_hormuz_capacity_z,henry_hub,0.0076112337513901404,0.0076112337513901404
2025-02-20,1,pw_strait_of_hormuz_n_total_z,audusd,0.06795204270549587,-0.06795204270549587
2025-02-20,1,pw_strait_of_hormuz_n_total_z,brlusd,0.026662929466550474,-0.026662929466550474
2025-02-20,1,pw_strait_of_hormuz_n_total_z,cnyusd,0.022656108463465705,-0.022656108463465705
2025-02-20,1,pw_strait_of_hormuz_n_total_z,krwusd,0.015067777195496018,-0.015067777195496018
2025-02-20,1,pw_strait_of_hormuz_n_total_z,eurusd,0.051769026831107144,-0.051769026831107144
2025-02-20,1,pw_strait_of_hormuz_n_total_z,sp500,0.01524103777957883,-0.01524103777957883
2025-02-20,1,pw_strait_of_hormuz_n_total_z,vix,0.0,0.0
2025-02-20,1,pw_strait_of_hormuz_n_total_z,us2y,0.0722084450407089,0.0722084450407089
2025-02-20,1,pw_strait_of_hormuz_n_total_z,us10y,0.12641807858292425,0.07711905478886302
2025-02-20,1,pw_strait_of_hormuz_n_total_z,wti,0.03265709280556608,0.03265709280556608
2025-02-20,1,pw_strait_of_hormuz_n_total_z,brent,0.053702028477354814,0.053702028477354814
2025-02-20,1,pw_strait_of_hormuz_n_total_z,henry_hub,0.03942972302803352,-0.020512747638111006
2025-02-20,1,pw_suez_canal_capacity_z,audusd,0.0,0.0
2025-02-20,1,pw_suez_canal_capacity_z,brlusd,0.0,0.0
2025-02-20,1,pw_suez_canal_capacity_z,cnyusd,0.0,0.0
2025-02-20,1,pw_suez_canal_capacity_z,krwusd,0.0,0.0
2025-02-20,1,pw_suez_canal_capacity_z,eurusd,0.0,0.0
2025-02-20,1,pw_suez_canal_capacity_z,sp500,0.0,0.0
2025-02-20,1,pw_suez_canal_capacity_z,vix,0.0,0.0
2025-02-20,1,pw_suez_canal_capacity_z,us2y,0.0,0.0
2025-02-20,1,pw_suez_canal_capacity_z,us10y,0.0,0.0
2025-02-20,1,pw_suez_canal_capacity_z,wti,0.0,0.0
2025-02-20,1,pw_suez_canal_capacity_z,brent,0.0,0.0
2025-02-20,1,pw_suez_canal_capacity_z,henry_hub,0.0,0.0
2025-02-20,1,pw_suez_canal_n_total_z,audusd,0.031965706012862645,0.022695559137655738
2025-02-20,1,pw_suez_canal_n_total_z,brlusd,0.0,0.0
2025-02-20,1,pw_suez_canal_n_total_z,cnyusd,0.0,0.0
2025-02-20,1,pw_suez_canal_n_total_z,krwusd,0.0,0.0
2025-02-20,1,pw_suez_canal_n_total_z,eurusd,0.0,0.0
2025-02-20,1,pw_suez_canal_n_total_z,sp500,0.027551331662604397,0.027551331662604397
2025-02-20,1,pw_suez_canal_n_total_z,vix,0.0,0.0
2025-02-20,1,pw_suez_canal_n_total_z,us2y,0.008325898843726653,-0.008325898843726653
2025-02-20,1,pw_suez_canal_n_total_z,us10y,0.04115612241703805,-0.04115612241703805
2025-02-20,1,pw_suez_canal_n_total_z,wti,0.0,0.0
2025-02-20,1,pw_suez_canal_n_total_z,brent,0.0,0.0
2025-02-20,1,pw_suez_canal_n_total_z,henry_hub,0.0,0.0
2025-03-20,1,pw_bab_el_mandeb_strait_capacity_z,audusd,0.0,0.0
2025-03-20,1,pw_bab_el_mandeb_strait_capacity_z,brlusd,0.0,0.0
2025-03-20,1,pw_bab_el_mandeb_strait_capacity_z,cnyusd,0.0,0.0
2025-03-20,1,pw_bab_el_mandeb_strait_capacity_z,krwusd,0.0,0.0
2025-03-20,1,pw_bab_el_mandeb_strait_capacity_z,eurusd,0.0,0.0
2025-03-20,1,pw_bab_el_mandeb_strait_capacity_z,sp500,0.0,0.0
2025-03-20,1,pw_bab_el_mandeb_strait_capacity_z,vix,0.0,0.0
2025-03-20,1,pw_bab_el_mandeb_strait_capacity_z,us2y,0.0,0.0
2025-03-20,1,pw_bab_el_mandeb_strait_capacity_z,us10y,0.0,0.0
2025-03-20,1,pw_bab_el_mandeb_strait_capacity_z,wti,0.0,0.0
2025-03-20,1,pw_bab_el_mandeb_strait_capacity_z,brent,0.0,0.0
2025-03-20,1,pw_bab_el_mandeb_strait_capacity_z,henry_hub,0.0,0.0
2025-03-20,1,pw_bab_el_mandeb_strait_n_total_z,audusd,0.0,0.0
2025-03-20,1,pw_bab_el_mandeb_strait_n_total_z,brlusd,0.045264912425919616,0.03070277878082144
2025-03-20,1,pw_bab_el_mandeb_strait_n_total_z,cnyusd,0.0,0.0
2025-03-20,1,pw_bab_el_mandeb_strait_n_total_z,krwusd,0.0,0.0
2025-03-20,1,pw_bab_el_mandeb_strait_n_total_z,eurusd,0.0,0.0
2025-03-20,1,pw_bab_el_mandeb_strait_n_total_z,sp500,0.0,0.0
2025-03-20,1,pw_bab_el_mandeb_strait_n_total_z,vix,0.0,0.0
2025-03-20,1,pw_bab_el_mandeb_strait_n_total_z,us2y,0.0,0.0
2025-03-20,1,pw_bab_el_mandeb_strait_n_total_z,us10y,0.0,0.0
2025-03-20,1,pw_bab_el_mandeb_strait_n_total_z,wti,0.0,0.0
2025-03-20,1,pw_bab_el_mandeb_strait_n_total_z,brent,0.0,0.0
2025-03-20,1,pw_bab_el_mandeb_strait_n_total_z,henry_hub,0.013182644949125357,-0.013182644949125357
2025-03-20,1,pw_cape_of_good_hope_capacity_z,audusd,0.006918988321424929,0.006918988321424929
2025-03-20,1,pw_cape_of_good_hope_capacity_z,brlusd,0.0,0.0
2025-03-20,1,pw_cape_of_good_hope_capacity_z,cnyusd,0.03367646738869211,-0.03367646738869211
2025-03-20,1,pw_cape_of_good_hope_capacity_z,krwusd,0.0,0.0
2025-03-20,1,pw_cape_of_good_hope_capacity_z,eurusd,0.0,0.0
2025-03-20,1,pw_cape_of_good_hope_capacity_z,sp500,0.09209163778661862,0.09209163778661862
2025-03-20,1,pw_cape_of_good_hope_capacity_z,vix,0.00019676526139413464,-0.00019676526139413464
2025-03-20,1,pw_cape_of_good_hope_capacity_z,us2y,0.0,0.0
2025-03-20,1,pw_cape_of_good_hope_capacity_z,us10y,0.0,0.0
2025-03-20,1,pw_cape_of_good_hope_capacity_z,wti,0.0705117732194698,0.0705117732194698
2025-03-20,1,pw_cape_of_good_hope_capacity_z,brent,0.03150880240200624,0.03150880240200624
2025-03-20,1,pw_cape_of_good_hope_capacity_z,henry_hub,0.007293430480820815,-0.007293430480820815
2025-03-20,1,pw_cape_of_good_hope_n_total_z,audusd,0.0,0.0
2025-03-20,1,pw_cape_of_good_hope_n_total_z,brlusd,0.0,0.0
2025-03-20,1,pw_cape_of_good_hope_n_total_z,cnyusd,0.0,0.0
2025-03-20,1,pw_cape_of_good_hope_n_total_z,krwusd,0.0,0.0
2025-03-20,1,pw_cape_of_good_hope_n_total_z,eurusd,0.0,0.0
2025-03-20,1,pw_cape_of_good_hope_n_total_z,sp500,0.0,0.0
2025-03-20,1,pw_cape_of_good_hope_n_total_z,vix,0.0,0.0
2025-03-20,1,pw_cape_of_good_hope_n_total_z,us2y,0.045719211291918825,0.045719211291918825
2025-03-20,1,pw_cape_of_good_hope_n_total_z,us10y,0.0,0.0
2025-03-20,1,pw_cape_of_good_hope_n_total_z,wti,0.0,0.0
2025-03-20,1,pw_cape_of_good_hope_n_total_z,brent,0.0,0.0
2025-03-20,1,pw_cape_of_good_hope_n_total_z,henry_hub,0.0,0.0
2025-03-20,1,pw_malacca_strait_capacity_z,audusd,0.0037571882794557917,-0.003047486429740823
2025-03-20,1,pw_malacca_strait_capacity_z,brlusd,0.030511417598202452,0.024046212328085872
2025-03-20,1,pw_malacca_strait_capacity_z,cnyusd,0.06001120380204658,0.04871867783468288
2025-03-20,1,pw_malacca_strait_capacity_z,krwusd,0.06301015206949295,0.06301015206949295
2025-03-20,1,pw_malacca_strait_capacity_z,eurusd,0.0,0.0
2025-03-20,1,pw_malacca_strait_capacity_z,sp500,0.0,0.0
2025-03-20,1,pw_malacca_strait_capacity_z,vix,0.017305211886496225,-0.011345899424560891
2025-03-20,1,pw_malacca_strait_capacity_z,us2y,0.0223565227760398,0.01684579516121871
2025-03-20,1,pw_malacca_strait_capacity_z,us10y,0.024857202709899284,-0.021351993324407886
2025-03-20,1,pw_malacca_strait_capacity_z,wti,0.03663901157695891,-0.025219594803607814
2025-03-20,1,pw_malacca_strait_capacity_z,brent,0.011405683918757337,-0.011405683918757337
2025-03-20,1,pw_malacca_strait_capacity_z,henry_hub,0.01694921097055962,0.01694921097055962
2025-03-20,1,pw_malacca_strait_n_total_z,audusd,0.0,0.0
2025-03-20,1,pw_malacca_strait_n_total_z,brlusd,0.03611855060951292,0.03611855060951292
2025-03-20,1,pw_malacca_strait_n_total_z,cnyusd,0.03946248728338266,0.03946248728338266
2025-03-20,1,pw_malacca_strait_n_total_z,krwusd,0.026808656020139446,-0.01755040412033863
2025-03-20,1,pw_malacca_strait_n_total_z,eurusd,0.034646842753498795,0.03015975604718612
2025-03-20,1,pw_malacca_strait_n_total_z,sp500,0.006865320434458018,-0.006865320434458018
2025-03-20,1,pw_malacca_strait_n_total_z,vix,0.020524144473692982,0.020524144473692982
2025-03-20,1,pw_malacca_strait_n_total_z,us2y,0.029495427374623028,0.029495427374623028
2025-03-20,1,pw_malacca_strait_n_total_z,us10y,0.07598972399655463,0.07598972399655463
2025-03-20,1,pw_malacca_strait_n_total_z,wti,0.0,0.0
2025-03-20,1,pw_malacca_strait_n_total_z,brent,0.0,0.0
2025-03-20,1,pw_malacca_strait_n_total_z,henry_hub,0.014563037900677344,-0.014563037900677344
2025-03-20,1,pw_panama_canal_capacity_z,audusd,0.0,0.0
2025-03-20,1,pw_panama_canal_capacity_z,brlusd,0.013261635296209592,0.013261635296209592
2025-03-20,1,pw_panama_canal_capacity_z,cnyusd,0.020902890828870764,0.020902890828870764
2025-03-20,1,pw_panama_canal_capacity_z,krwusd,0.0,0.0
2025-03-20,1,pw_panama_canal_capacity_z,eurusd,0.0,0.0
2025-03-20,1,pw_panama_canal_capacity_z,sp500,0.0,0.0
2025-03-20,1,pw_panama_canal_capacity_z,vix,0.0,0.0
2025-03-20,1,pw_panama_canal_capacity_z,us2y,0.0,0.0
2025-03-20,1,pw_panama_canal_capacity_z,us10y,0.0,0.0
2025-03-20,1,pw_panama_canal_capacity_z,wti,0.00099312763606107,0.00099312763606107
2025-03-20,1,pw_panama_canal_capacity_z,brent,0.0,0.0
2025-03-20,1,pw_panama_canal_capacity_z,henry_hub,0.0,0.0
2025-03-20,1,pw_panama_canal_n_total_z,audusd,0.0,0.0
2025-03-20,1,pw_panama_canal_n_total_z,brlusd,0.0,0.0
2025-03-20,1,pw_panama_canal_n_total_z,cnyusd,0.0,0.0
2025-03-20,1,pw_panama_canal_n_total_z,krwusd,0.0,0.0
2025-03-20,1,pw_panama_canal_n_total_z,eurusd,0.0,0.0
2025-03-20,1,pw_panama_canal_n_total_z,sp500,0.0,0.0
2025-03-20,1,pw_panama_canal_n_total_z,vix,0.0,0.0
2025-03-20,1,pw_panama_canal_n_total_z,us2y,0.0,0.0
2025-03-20,1,pw_panama_canal_n_total_z,us10y,0.005413806266685259,0.004760397759370899
2025-03-20,1,pw_panama_canal_n_total_z,wti,0.0,0.0
2025-03-20,1,pw_panama_canal_n_total_z,brent,0.0,0.0
2025-03-20,1,pw_panama_canal_n_total_z,henry_hub,0.0,0.0
2025-03-20,1,pw_strait_of_hormuz_capacity_z,audusd,0.013580232936015716,-0.013580232936015716
2025-03-20,1,pw_strait_of_hormuz_capacity_z,brlusd,0.0,0.0
2025-03-20,1,pw_strait_of_hormuz_capacity_z,cnyusd,0.0,0.0
2025-03-20,1,pw_strait_of_hormuz_capacity_z,krwusd,0.09329899770480035,-0.05719765087941111
2025-03-20,1,pw_strait_of_hormuz_capacity_z,eurusd,6.41388184352203e-05,-6.41388184352203e-05
2025-03-20,1,pw_strait_of_hormuz_capacity_z,sp500,0.0,0.0
2025-03-20,1,pw_strait_of_hormuz_capacity_z,vix,0.0,0.0
2025-03-20,1,pw_strait_of_hormuz_capacity_z,us2y,0.06507731710630488,-0.0435691511336248
2025-03-20,1,pw_strait_of_hormuz_capacity_z,us10y,0.056809727219714445,-0.056809727219714445
2025-03-20,1,pw_strait_of_hormuz_capacity_z,wti,0.0,0.0
2025-03-20,1,pw_strait_of_hormuz_capacity_z,brent,0.0,0.0
2025-03-20,1,pw_strait_of_hormuz_capacity_z,henry_hub,0.03167316913962374,0.03167316913962374
2025-03-20,1,pw_strait_of_hormuz_n_total_z,audusd,0.03940976164701739,-0.03940976164701739
2025-03-20,1,pw_strait_of_hormuz_n_total_z,brlusd,0.041503435754868104,-0.041503435754868104
2025-03-20,1,pw_strait_of_hormuz_n_total_z,cnyusd,0.029940597169736398,-0.029940597169736398
2025-03-20,1,pw_strait_of_hormuz_n_total_z,krwusd,0.014266266854090921,-0.011337271076741777
2025-03-20,1,pw_strait_of_hormuz_n_total_z,eurusd,0.0,0.0
2025-03-20,1,pw_strait_of_hormuz_n_total_z,sp500,0.03536365013798635,-0.02783161636097777
2025-03-20,1,pw_strait_of_hormuz_n_total_z,vix,0.015176053906757764,0.008459227742371268
2025-03-20,1,pw_strait_of_hormuz_n_total_z,us2y,0.07303837275780953,0.07303837275780953
2025-03-20,1,pw_strait_of_hormuz_n_total_z,us10y,0.11031547461667378,0.05948672524906442
2025-03-20,1,pw_strait_of_hormuz_n_total_z,wti,0.02284203659542817,0.02284203659542817
2025-03-20,1,pw_strait_of_hormuz_n_total_z,brent,0.04384691244303494,0.04384691244303494
2025-03-20,1,pw_strait_of_hormuz_n_total_z,henry_hub,0.0448211349780747,-0.027595821304777973
2025-03-20,1,pw_suez_canal_capacity_z,audusd,0.0,0.0
2025-03-20,1,pw_suez_canal_capacity_z,brlusd,0.0,0.0
2025-03-20,1,pw_suez_canal_capacity_z,cnyusd,0.0,0.0
2025-03-20,1,pw_suez_canal_capacity_z,krwusd,0.0,0.0
2025-03-20,1,pw_suez_canal_capacity_z,eurusd,0.0,0.0
2025-03-20,1,pw_suez_canal_capacity_z,sp500,0.0027254234421597284,-0.0027254234421597284
2025-03-20,1,pw_suez_canal_capacity_z,vix,0.0,0.0
2025-03-20,1,pw_suez_canal_capacity_z,us2y,0.0,0.0
2025-03-20,1,pw_suez_canal_capacity_z,us10y,0.0,0.0
2025-03-20,1,pw_suez_canal_capacity_z,wti,0.0,0.0
2025-03-20,1,pw_suez_canal_capacity_z,brent,0.0,0.0
2025-03-20,1,pw_suez_canal_capacity_z,henry_hub,0.0,0.0
2025-03-20,1,pw_suez_canal_n_total_z,audusd,0.04322116977987134,0.02331104344499632
2025-03-20,1,pw_suez_canal_n_total_z,brlusd,0.0,0.0
2025-03-20,1,pw_suez_canal_n_total_z,cnyusd,0.0,0.0
2025-03-20,1,pw_suez_canal_n_total_z,krwusd,0.0,0.0
2025-03-20,1,pw_suez_canal_n_total_z,eurusd,0.08184828815851208,0.08184828815851208
2025-03-20,1,pw_suez_canal_n_total_z,sp500,0.0,0.0
2025-03-20,1,pw_suez_canal_n_total_z,vix,0.0,0.0
2025-03-20,1,pw_suez_canal_n_total_z,us2y,0.016109506494545994,-0.016109506494545994
2025-03-20,1,pw_suez_canal_n_total_z,us10y,0.059427712653368624,-0.059427712653368624
2025-03-20,1,pw_suez_canal_n_total_z,wti,0.0,0.0
2025-03-20,1,pw_suez_canal_n_total_z,brent,0.0,0.0
2025-03-20,1,pw_suez_canal_n_total_z,henry_hub,0.0,0.0
2025-04-17,1,pw_bab_el_mandeb_strait_capacity_z,audusd,0.013161590730793187,0.013161590730793187
2025-04-17,1,pw_bab_el_mandeb_strait_capacity_z,brlusd,0.0,0.0
2025-04-17,1,pw_bab_el_mandeb_strait_capacity_z,cnyusd,0.0,0.0
2025-04-17,1,pw_bab_el_mandeb_strait_capacity_z,krwusd,0.0,0.0
2025-04-17,1,pw_bab_el_mandeb_strait_capacity_z,eurusd,0.0,0.0
2025-04-17,1,pw_bab_el_mandeb_strait_capacity_z,sp500,0.02234225425711677,-0.014938733881812768
2025-04-17,1,pw_bab_el_mandeb_strait_capacity_z,vix,0.011090224196024222,0.011090224196024222
2025-04-17,1,pw_bab_el_mandeb_strait_capacity_z,us2y,0.0,0.0
2025-04-17,1,pw_bab_el_mandeb_strait_capacity_z,us10y,0.0,0.0
2025-04-17,1,pw_bab_el_mandeb_strait_capacity_z,wti,0.0,0.0
2025-04-17,1,pw_bab_el_mandeb_strait_capacity_z,brent,0.0,0.0
2025-04-17,1,pw_bab_el_mandeb_strait_capacity_z,henry_hub,0.003342812656741668,-0.003342812656741668
2025-04-17,1,pw_bab_el_mandeb_strait_n_total_z,audusd,0.0,0.0
2025-04-17,1,pw_bab_el_mandeb_strait_n_total_z,brlusd,0.024392194137683447,0.024392194137683447
2025-04-17,1,pw_bab_el_mandeb_strait_n_total_z,cnyusd,0.0,0.0
2025-04-17,1,pw_bab_el_mandeb_strait_n_total_z,krwusd,0.0,0.0
2025-04-17,1,pw_bab_el_mandeb_strait_n_total_z,eurusd,0.0,0.0
2025-04-17,1,pw_bab_el_mandeb_strait_n_total_z,sp500,0.0,0.0
2025-04-17,1,pw_bab_el_mandeb_strait_n_total_z,vix,0.0,0.0
2025-04-17,1,pw_bab_el_mandeb_strait_n_total_z,us2y,0.0,0.0
2025-04-17,1,pw_bab_el_mandeb_strait_n_total_z,us10y,0.01902409771594114,-0.01902409771594114
2025-04-17,1,pw_bab_el_mandeb_strait_n_total_z,wti,0.00018126802348256813,-0.00018126802348256813
2025-04-17,1,pw_bab_el_mandeb_strait_n_total_z,brent,0.0019022671256318626,-0.0019022671256318626
2025-04-17,1,pw_bab_el_mandeb_strait_n_total_z,henry_hub,0.01428608896668133,-0.01428608896668133
2025-04-17,1,pw_cape_of_good_hope_capacity_z,audusd,0.0,0.0
2025-04-17,1,pw_cape_of_good_hope_capacity_z,brlusd,0.0,0.0
2025-04-17,1,pw_cape_of_good_hope_capacity_z,cnyusd,0.0,0.0
2025-04-17,1,pw_cape_of_good_hope_capacity_z,krwusd,0.0,0.0
2025-04-17,1,pw_cape_of_good_hope_capacity_z,eurusd,0.0,0.0
2025-04-17,1,pw_cape_of_good_hope_capacity_z,sp500,0.05517275166651886,0.05517275166651886
2025-04-17,1,pw_cape_of_good_hope_capacity_z,vix,0.009782858580188115,-0.009782858580188115
2025-04-17,1,pw_cape_of_good_hope_capacity_z,us2y,0.0,0.0
2025-04-17,1,pw_cape_of_good_hope_capacity_z,us10y,0.0,0.0
2025-04-17,1,pw_cape_of_good_hope_capacity_z,wti,0.04616181434925959,0.04616181434925959
2025-04-17,1,pw_cape_of_good_hope_capacity_z,brent,0.018913700411727224,0.018913700411727224
2025-04-17,1,pw_cape_of_good_hope_capacity_z,henry_hub,0.0,0.0
2025-04-17,1,pw_cape_of_good_hope_n_total_z,audusd,0.0,0.0
2025-04-17,1,pw_cape_of_good_hope_n_total_z,brlusd,0.0,0.0
2025-04-17,1,pw_cape_of_good_hope_n_total_z,cnyusd,0.0,0.0
2025-04-17,1,pw_cape_of_good_hope_n_total_z,krwusd,0.0,0.0
2025-04-17,1,pw_cape_of_good_hope_n_total_z,eurusd,0.0,0.0
2025-04-17,1,pw_cape_of_good_hope_n_total_z,sp500,0.0,0.0
2025-04-17,1,pw_cape_of_good_hope_n_total_z,vix,0.0,0.0
2025-04-17,1,pw_cape_of_good_hope_n_total_z,us2y,0.042368309907265235,0.042368309907265235
2025-04-17,1,pw_cape_of_good_hope_n_total_z,us10y,0.0,0.0
2025-04-17,1,pw_cape_of_good_hope_n_total_z,wti,0.0009765602646244263,0.0009765602646244263
2025-04-17,1,pw_cape_of_good_hope_n_total_z,brent,0.0,0.0
2025-04-17,1,pw_cape_of_good_hope_n_total_z,henry_hub,0.0,0.0
2025-04-17,1,pw_malacca_strait_capacity_z,audusd,0.021292019104444063,0.021292019104444063
2025-04-17,1,pw_malacca_strait_capacity_z,brlusd,0.029502014443401017,0.029502014443401017
2025-04-17,1,pw_malacca_strait_capacity_z,cnyusd,0.059210183579125886,0.04052028155568179
2025-04-17,1,pw_malacca_strait_capacity_z,krwusd,0.10301878911270362,0.06169499296132516
2025-04-17,1,pw_malacca_strait_capacity_z,eurusd,0.05656242246833835,0.05656242246833835
2025-04-17,1,pw_malacca_strait_capacity_z,sp500,0.019047619913464094,0.019047619913464094
2025-04-17,1,pw_malacca_strait_capacity_z,vix,0.04034342227890296,-0.04034342227890296
2025-04-17,1,pw_malacca_strait_capacity_z,us2y,0.022087298654886903,0.022087298654886903
2025-04-17,1,pw_malacca_strait_capacity_z,us10y,0.0,0.0
2025-04-17,1,pw_malacca_strait_capacity_z,wti,0.04292479803133577,-0.04292479803133577
2025-04-17,1,pw_malacca_strait_capacity_z,brent,0.00949714808390723,-0.00949714808390723
2025-04-17,1,pw_malacca_strait_capacity_z,henry_hub,0.006214799185293371,0.006214799185293371
2025-04-17,1,pw_malacca_strait_n_total_z,audusd,0.0,0.0
2025-04-17,1,pw_malacca_strait_n_total_z,brlusd,0.017840681939156763,0.017840681939156763
2025-04-17,1,pw_malacca_strait_n_total_z,cnyusd,0.018462707532964102,0.018462707532964102
2025-04-17,1,pw_malacca_strait_n_total_z,krwusd,0.030581556537261186,-0.029236273679326324
2025-04-17,1,pw_malacca_strait_n_total_z,eurusd,0.017305005842154494,-0.007445446232581674
2025-04-17,1,pw_malacca_strait_n_total_z,sp500,0.0,0.0
2025-04-17,1,pw_malacca_strait_n_total_z,vix,0.006381037894618422,0.006381037894618422
2025-04-17,1,pw_malacca_strait_n_total_z,us2y,0.018911259197231172,0.015751625591566943
2025-04-17,1,pw_malacca_strait_n_total_z,us10y,0.07351316140713318,0.07351316140713318
2025-04-17,1,pw_malacca_strait_n_total_z,wti,0.0,0.0
2025-04-17,1,pw_malacca_strait_n_total_z,brent,0.0,0.0
2025-04-17,1,pw_malacca_strait_n_total_z,henry_hub,0.011425631992821357,-0.011425631992821357
2025-04-17,1,pw_panama_canal_capacity_z,audusd,0.0,0.0
2025-04-17,1,pw_panama_canal_capacity_z,brlusd,0.0030980107392616124,0.0030980107392616124
2025-04-17,1,pw_panama_canal_capacity_z,cnyusd,0.015516074572717208,0.015516074572717208
2025-04-17,1,pw_panama_canal_capacity_z,krwusd,0.01937830528359413,0.013225318573629526
2025-04-17,1,pw_panama_canal_capacity_z,eurusd,0.01275830151111865,0.01275830151111865
2025-04-17,1,pw_panama_canal_capacity_z,sp500,0.0,0.0
2025-04-17,1,pw_panama_canal_capacity_z,vix,0.0,0.0
2025-04-17,1,pw_panama_canal_capacity_z,us2y,0.0,0.0
2025-04-17,1,pw_panama_canal_capacity_z,us10y,0.0,0.0
2025-04-17,1,pw_panama_canal_capacity_z,wti,0.0,0.0
2025-04-17,1,pw_panama_canal_capacity_z,brent,0.0,0.0
2025-04-17,1,pw_panama_canal_capacity_z,henry_hub,0.0,0.0
2025-04-17,1,pw_panama_canal_n_total_z,audusd,0.0,0.0
2025-04-17,1,pw_panama_canal_n_total_z,brlusd,0.0,0.0
2025-04-17,1,pw_panama_canal_n_total_z,cnyusd,0.0,0.0
2025-04-17,1,pw_panama_canal_n_total_z,krwusd,0.0,0.0
2025-04-17,1,pw_panama_canal_n_total_z,eurusd,0.0,0.0
2025-04-17,1,pw_panama_canal_n_total_z,sp500,0.0,0.0
2025-04-17,1,pw_panama_canal_n_total_z,vix,0.0,0.0
2025-04-17,1,pw_panama_canal_n_total_z,us2y,0.0,0.0
2025-04-17,1,pw_panama_canal_n_total_z,us10y,0.023648671701630722,0.023648671701630722
2025-04-17,1,pw_panama_canal_n_total_z,wti,0.0,0.0
2025-04-17,1,pw_panama_canal_n_total_z,brent,0.0,0.0
2025-04-17,1,pw_panama_canal_n_total_z,henry_hub,0.0,0.0
2025-04-17,1,pw_strait_of_hormuz_capacity_z,audusd,0.02402732914729188,-0.02402732914729188
2025-04-17,1,pw_strait_of_hormuz_capacity_z,brlusd,0.0,0.0
2025-04-17,1,pw_strait_of_hormuz_capacity_z,cnyusd,0.003366346484600377,-0.003366346484600377
2025-04-17,1,pw_strait_of_hormuz_capacity_z,krwusd,0.07145384045904098,-0.05435045511459821
2025-04-17,1,pw_strait_of_hormuz_capacity_z,eurusd,0.008928575858855729,-0.008928575858855729
2025-04-17,1,pw_strait_of_hormuz_capacity_z,sp500,0.0,0.0
2025-04-17,1,pw_strait_of_hormuz_capacity_z,vix,0.01575274243833665,-0.01575274243833665
2025-04-17,1,pw_strait_of_hormuz_capacity_z,us2y,0.0822481820900584,-0.05283687766160462
2025-04-17,1,pw_strait_of_hormuz_capacity_z,us10y,0.05319962162010976,-0.05319962162010976
2025-04-17,1,pw_strait_of_hormuz_capacity_z,wti,0.0,0.0
2025-04-17,1,pw_strait_of_hormuz_capacity_z,brent,0.003034048558015428,0.002239295417077043
2025-04-17,1,pw_strait_of_hormuz_capacity_z,henry_hub,0.02645272840350014,0.02645272840350014
2025-04-17,1,pw_strait_of_hormuz_n_total_z,audusd,0.018847295964559106,-0.018847295964559106
2025-04-17,1,pw_strait_of_hormuz_n_total_z,brlusd,0.022554363866331386,-0.022554363866331386
2025-04-17,1,pw_strait_of_hormuz_n_total_z,cnyusd,0.005569385951314445,-0.005569385951314445
2025-04-17,1,pw_strait_of_hormuz_n_total_z,krwusd,0.008680876796209405,-0.008680876796209405
2025-04-17,1,pw_strait_of_hormuz_n_total_z,eurusd,0.018879209068148276,-0.018879209068148276
2025-04-17,1,pw_strait_of_hormuz_n_total_z,sp500,0.0,0.0
2025-04-17,1,pw_strait_of_hormuz_n_total_z,vix,0.0,0.0
2025-04-17,1,pw_strait_of_hormuz_n_total_z,us2y,0.07124351325196844,0.07124351325196844
2025-04-17,1,pw_strait_of_hormuz_n_total_z,us10y,0.0920589949649288,0.043943869276088156
2025-04-17,1,pw_strait_of_hormuz_n_total_z,wti,0.020680289568714885,0.020680289568714885
2025-04-17,1,pw_strait_of_hormuz_n_total_z,brent,0.04793205769319125,0.04793205769319125
2025-04-17,1,pw_strait_of_hormuz_n_total_z,henry_hub,0.03292073770581505,0.01692495229698324
2025-04-17,1,pw_suez_canal_capacity_z,audusd,0.0,0.0
2025-04-17,1,pw_suez_canal_capacity_z,brlusd,0.0,0.0
2025-04-17,1,pw_suez_canal_capacity_z,cnyusd,0.0,0.0
2025-04-17,1,pw_suez_canal_capacity_z,krwusd,0.0,0.0
2025-04-17,1,pw_suez_canal_capacity_z,eurusd,0.0,0.0
2025-04-17,1,pw_suez_canal_capacity_z,sp500,0.01129299501211047,-0.01129299501211047
2025-04-17,1,pw_suez_canal_capacity_z,vix,0.0,0.0
2025-04-17,1,pw_suez_canal_capacity_z,us2y,0.0,0.0
2025-04-17,1,pw_suez_canal_capacity_z,us10y,0.0,0.0
2025-04-17,1,pw_suez_canal_capacity_z,wti,0.0,0.0
2025-04-17,1,pw_suez_canal_capacity_z,brent,0.0,0.0
2025-04-17,1,pw_suez_canal_capacity_z,henry_hub,0.0,0.0
2025-04-17,1,pw_suez_canal_n_total_z,audusd,0.015584482755617466,0.015584482755617466
2025-04-17,1,pw_suez_canal_n_total_z,brlusd,0.0,0.0
2025-04-17,1,pw_suez_canal_n_total_z,cnyusd,0.0,0.0
2025-04-17,1,pw_suez_canal_n_total_z,krwusd,0.0,0.0
2025-04-17,1,pw_suez_canal_n_total_z,eurusd,0.1020413234732387,0.1020413234732387
2025-04-17,1,pw_suez_canal_n_total_z,sp500,0.0,0.0
2025-04-17,1,pw_suez_canal_n_total_z,vix,0.0,0.0
2025-04-17,1,pw_suez_canal_n_total_z,us2y,0.012494055511196218,-0.012494055511196218
2025-04-17,1,pw_suez_canal_n_total_z,us10y,0.0374351165306407,-0.0374351165306407
2025-04-17,1,pw_suez_canal_n_total_z,wti,0.0,0.0
2025-04-17,1,pw_suez_canal_n_total_z,brent,0.0,0.0
2025-04-17,1,pw_suez_canal_n_total_z,henry_hub,0.0,0.0
2025-05-22,1,pw_bab_el_mandeb_strait_capacity_z,audusd,0.0,0.0
2025-05-22,1,pw_bab_el_mandeb_strait_capacity_z,brlusd,0.0,0.0
2025-05-22,1,pw_bab_el_mandeb_strait_capacity_z,cnyusd,0.0,0.0
2025-05-22,1,pw_bab_el_mandeb_strait_capacity_z,krwusd,0.0,0.0
2025-05-22,1,pw_bab_el_mandeb_strait_capacity_z,eurusd,0.0,0.0
2025-05-22,1,pw_bab_el_mandeb_strait_capacity_z,sp500,0.0,0.0
2025-05-22,1,pw_bab_el_mandeb_strait_capacity_z,vix,0.0,0.0
2025-05-22,1,pw_bab_el_mandeb_strait_capacity_z,us2y,0.0,0.0
2025-05-22,1,pw_bab_el_mandeb_strait_capacity_z,us10y,0.0,0.0
2025-05-22,1,pw_bab_el_mandeb_strait_capacity_z,wti,0.0,0.0
2025-05-22,1,pw_bab_el_mandeb_strait_capacity_z,brent,0.0,0.0
2025-05-22,1,pw_bab_el_mandeb_strait_capacity_z,henry_hub,0.008756156123818018,-0.008756156123818018
2025-05-22,1,pw_bab_el_mandeb_strait_n_total_z,audusd,0.0,0.0
2025-05-22,1,pw_bab_el_mandeb_strait_n_total_z,brlusd,0.03358285290463481,0.03358285290463481
2025-05-22,1,pw_bab_el_mandeb_strait_n_total_z,cnyusd,0.0,0.0
2025-05-22,1,pw_bab_el_mandeb_strait_n_total_z,krwusd,0.0,0.0
2025-05-22,1,pw_bab_el_mandeb_strait_n_total_z,eurusd,0.0,0.0
2025-05-22,1,pw_bab_el_mandeb_strait_n_total_z,sp500,0.0,0.0
2025-05-22,1,pw_bab_el_mandeb_strait_n_total_z,vix,0.0,0.0
2025-05-22,1,pw_bab_el_mandeb_strait_n_total_z,us2y,0.0,0.0
2025-05-22,1,pw_bab_el_mandeb_strait_n_total_z,us10y,0.028051422598718918,-0.01442427271881709
2025-05-22,1,pw_bab_el_mandeb_strait_n_total_z,wti,0.0,0.0
2025-05-22,1,pw_bab_el_mandeb_strait_n_total_z,brent,0.008015138020662341,-0.008015138020662341
2025-05-22,1,pw_bab_el_mandeb_strait_n_total_z,henry_hub,0.014488110469395061,-0.014488110469395061
2025-05-22,1,pw_cape_of_good_hope_capacity_z,audusd,0.0,0.0
2025-05-22,1,pw_cape_of_good_hope_capacity_z,brlusd,0.0,0.0
2025-05-22,1,pw_cape_of_good_hope_capacity_z,cnyusd,0.005804313652876856,-0.005804313652876856
2025-05-22,1,pw_cape_of_good_hope_capacity_z,krwusd,0.0,0.0
2025-05-22,1,pw_cape_of_good_hope_capacity_z,eurusd,0.0,0.0
2025-05-22,1,pw_cape_of_good_hope_capacity_z,sp500,0.02843372278087965,0.017038770321359243
2025-05-22,1,pw_cape_of_good_hope_capacity_z,vix,0.0,0.0
2025-05-22,1,pw_cape_of_good_hope_capacity_z,us2y,0.0,0.0
2025-05-22,1,pw_cape_of_good_hope_capacity_z,us10y,0.0,0.0
2025-05-22,1,pw_cape_of_good_hope_capacity_z,wti,0.04229527832390153,0.04229527832390153
2025-05-22,1,pw_cape_of_good_hope_capacity_z,brent,0.012784170920146885,0.012784170920146885
2025-05-22,1,pw_cape_of_good_hope_capacity_z,henry_hub,0.0,0.0
2025-05-22,1,pw_cape_of_good_hope_n_total_z,audusd,0.0,0.0
2025-05-22,1,pw_cape_of_good_hope_n_total_z,brlusd,0.0,0.0
2025-05-22,1,pw_cape_of_good_hope_n_total_z,cnyusd,0.0,0.0
2025-05-22,1,pw_cape_of_good_hope_n_total_z,krwusd,0.0,0.0
2025-05-22,1,pw_cape_of_good_hope_n_total_z,eurusd,0.0,0.0
2025-05-22,1,pw_cape_of_good_hope_n_total_z,sp500,0.0,0.0
2025-05-22,1,pw_cape_of_good_hope_n_total_z,vix,0.0,0.0
2025-05-22,1,pw_cape_of_good_hope_n_total_z,us2y,0.019362601945107714,0.019362601945107714
2025-05-22,1,pw_cape_of_good_hope_n_total_z,us10y,0.0,0.0
2025-05-22,1,pw_cape_of_good_hope_n_total_z,wti,0.0,0.0
2025-05-22,1,pw_cape_of_good_hope_n_total_z,brent,0.0,0.0
2025-05-22,1,pw_cape_of_good_hope_n_total_z,henry_hub,0.0,0.0
2025-05-22,1,pw_malacca_strait_capacity_z,audusd,0.0,0.0
2025-05-22,1,pw_malacca_strait_capacity_z,brlusd,0.033417690429391966,0.021023698078846555
2025-05-22,1,pw_malacca_strait_capacity_z,cnyusd,0.06789117341396494,0.042757197455325066
2025-05-22,1,pw_malacca_strait_capacity_z,krwusd,0.09738078313882942,0.06090704782781885
2025-05-22,1,pw_malacca_strait_capacity_z,eurusd,0.0,0.0
2025-05-22,1,pw_malacca_strait_capacity_z,sp500,0.06441677664222126,0.06441677664222126
2025-05-22,1,pw_malacca_strait_capacity_z,vix,0.06339490792154155,-0.06339490792154155
2025-05-22,1,pw_malacca_strait_capacity_z,us2y,0.036524152468172276,0.036524152468172276
2025-05-22,1,pw_malacca_strait_capacity_z,us10y,0.0,0.0
2025-05-22,1,pw_malacca_strait_capacity_z,wti,0.01504516334325712,-0.01504516334325712
2025-05-22,1,pw_malacca_strait_capacity_z,brent,0.0,0.0
2025-05-22,1,pw_malacca_strait_capacity_z,henry_hub,0.0,0.0
2025-05-22,1,pw_malacca_strait_n_total_z,audusd,0.0,0.0
2025-05-22,1,pw_malacca_strait_n_total_z,brlusd,0.010647893725228967,0.010647893725228967
2025-05-22,1,pw_malacca_strait_n_total_z,cnyusd,0.009113563864107383,0.009113563864107383
2025-05-22,1,pw_malacca_strait_n_total_z,krwusd,0.021378017775599414,-0.021378017775599414
2025-05-22,1,pw_malacca_strait_n_total_z,eurusd,0.009989658420420353,0.009989658420420353
2025-05-22,1,pw_malacca_strait_n_total_z,sp500,0.0,0.0
2025-05-22,1,pw_malacca_strait_n_total_z,vix,0.0,0.0
2025-05-22,1,pw_malacca_strait_n_total_z,us2y,0.006085958945243889,0.006085958945243889
2025-05-22,1,pw_malacca_strait_n_total_z,us10y,0.06819043700751702,0.06819043700751702
2025-05-22,1,pw_malacca_strait_n_total_z,wti,0.0,0.0
2025-05-22,1,pw_malacca_strait_n_total_z,brent,0.0,0.0
2025-05-22,1,pw_malacca_strait_n_total_z,henry_hub,0.006369043976442981,-0.006369043976442981
2025-05-22,1,pw_panama_canal_capacity_z,audusd,0.0,0.0
2025-05-22,1,pw_panama_canal_capacity_z,brlusd,0.0021056331211787727,0.0021056331211787727
2025-05-22,1,pw_panama_canal_capacity_z,cnyusd,0.012409047742108466,0.012409047742108466
2025-05-22,1,pw_panama_canal_capacity_z,krwusd,0.016656097202461556,0.016656097202461556
2025-05-22,1,pw_panama_canal_capacity_z,eurusd,0.005112823116572086,0.005112823116572086
2025-05-22,1,pw_panama_canal_capacity_z,sp500,0.0,0.0
2025-05-22,1,pw_panama_canal_capacity_z,vix,0.0,0.0
2025-05-22,1,pw_panama_canal_capacity_z,us2y,0.0,0.0
2025-05-22,1,pw_panama_canal_capacity_z,us10y,0.0,0.0
2025-05-22,1,pw_panama_canal_capacity_z,wti,0.0,0.0
2025-05-22,1,pw_panama_canal_capacity_z,brent,0.0,0.0
2025-05-22,1,pw_panama_canal_capacity_z,henry_hub,0.0,0.0
2025-05-22,1,pw_panama_canal_n_total_z,audusd,0.0,0.0
2025-05-22,1,pw_panama_canal_n_total_z,brlusd,0.0,0.0
2025-05-22,1,pw_panama_canal_n_total_z,cnyusd,0.0,0.0
2025-05-22,1,pw_panama_canal_n_total_z,krwusd,0.0,0.0
2025-05-22,1,pw_panama_canal_n_total_z,eurusd,0.0,0.0
2025-05-22,1,pw_panama_canal_n_total_z,sp500,0.0,0.0
2025-05-22,1,pw_panama_canal_n_total_z,vix,0.0,0.0
2025-05-22,1,pw_panama_canal_n_total_z,us2y,0.0,0.0
2025-05-22,1,pw_panama_canal_n_total_z,us10y,0.019350422624992588,0.019350422624992588
2025-05-22,1,pw_panama_canal_n_total_z,wti,0.0,0.0
2025-05-22,1,pw_panama_canal_n_total_z,brent,0.0,0.0
2025-05-22,1,pw_panama_canal_n_total_z,henry_hub,0.0,0.0
2025-05-22,1,pw_strait_of_hormuz_capacity_z,audusd,0.04042789311890216,-0.04042789311890216
2025-05-22,1,pw_strait_of_hormuz_capacity_z,brlusd,0.0,0.0
2025-05-22,1,pw_strait_of_hormuz_capacity_z,cnyusd,0.0,0.0
2025-05-22,1,pw_strait_of_hormuz_capacity_z,krwusd,0.08925520261473982,-0.03908835316272013
2025-05-22,1,pw_strait_of_hormuz_capacity_z,eurusd,0.03538987173951583,-0.02013755428884339
2025-05-22,1,pw_strait_of_hormuz_capacity_z,sp500,0.015369861188897105,0.009132815310955018
2025-05-22,1,pw_strait_of_hormuz_capacity_z,vix,0.03015068520948947,-0.02610915377144697
2025-05-22,1,pw_strait_of_hormuz_capacity_z,us2y,0.0616984394603558,-0.04778545294938204
2025-05-22,1,pw_strait_of_hormuz_capacity_z,us10y,0.06958728219362481,-0.06953394088793002
2025-05-22,1,pw_strait_of_hormuz_capacity_z,wti,0.0,0.0
2025-05-22,1,pw_strait_of_hormuz_capacity_z,brent,0.0,0.0
2025-05-22,1,pw_strait_of_hormuz_capacity_z,henry_hub,0.013048384280930607,0.013048384280930607
2025-05-22,1,pw_strait_of_hormuz_n_total_z,audusd,0.017064188055988368,-0.017064188055988368
2025-05-22,1,pw_strait_of_hormuz_n_total_z,brlusd,0.020650001644028772,-0.020650001644028772
2025-05-22,1,pw_strait_of_hormuz_n_total_z,cnyusd,0.010005436125138257,-0.010005436125138257
2025-05-22,1,pw_strait_of_hormuz_n_total_z,krwusd,0.018542651597952115,-0.018542651597952115
2025-05-22,1,pw_strait_of_hormuz_n_total_z,eurusd,0.02433762971751714,-0.02433762971751714
2025-05-22,1,pw_strait_of_hormuz_n_total_z,sp500,0.0,0.0
2025-05-22,1,pw_strait_of_hormuz_n_total_z,vix,0.0,0.0
2025-05-22,1,pw_strait_of_hormuz_n_total_z,us2y,0.07426344640356607,0.07426344640356607
2025-05-22,1,pw_strait_of_hormuz_n_total_z,us10y,0.1002561874810982,0.0399567415343112
2025-05-22,1,pw_strait_of_hormuz_n_total_z,wti,0.0414504477836912,0.0414504477836912
2025-05-22,1,pw_strait_of_hormuz_n_total_z,brent,0.068437083632867,0.068437083632867
2025-05-22,1,pw_strait_of_hormuz_n_total_z,henry_hub,0.03689070721706886,0.022961464720629224
2025-05-22,1,pw_suez_canal_capacity_z,audusd,0.0,0.0
2025-05-22,1,pw_suez_canal_capacity_z,brlusd,0.0,0.0
2025-05-22,1,pw_suez_canal_capacity_z,cnyusd,0.0,0.0
2025-05-22,1,pw_suez_canal_capacity_z,krwusd,0.0,0.0
2025-05-22,1,pw_suez_canal_capacity_z,eurusd,0.0,0.0
2025-05-22,1,pw_suez_canal_capacity_z,sp500,0.01536214404442205,-0.01536214404442205
2025-05-22,1,pw_suez_canal_capacity_z,vix,0.0,0.0
2025-05-22,1,pw_suez_canal_capacity_z,us2y,0.0,0.0
2025-05-22,1,pw_suez_canal_capacity_z,us10y,0.0,0.0
2025-05-22,1,pw_suez_canal_capacity_z,wti,0.0,0.0
2025-05-22,1,pw_suez_canal_capacity_z,brent,0.0,0.0
2025-05-22,1,pw_suez_canal_capacity_z,henry_hub,0.0,0.0
2025-05-22,1,pw_suez_canal_n_total_z,audusd,0.021448437626966667,0.021448437626966667
2025-05-22,1,pw_suez_canal_n_total_z,brlusd,0.0,0.0
2025-05-22,1,pw_suez_canal_n_total_z,cnyusd,0.0,0.0
2025-05-22,1,pw_suez_canal_n_total_z,krwusd,0.0,0.0
2025-05-22,1,pw_suez_canal_n_total_z,eurusd,0.074779066986514,0.074779066986514
2025-05-22,1,pw_suez_canal_n_total_z,sp500,0.0,0.0
2025-05-22,1,pw_suez_canal_n_total_z,vix,0.0,0.0
2025-05-22,1,pw_suez_canal_n_total_z,us2y,0.0059492344967420835,-0.0059492344967420835
2025-05-22,1,pw_suez_canal_n_total_z,us10y,0.011993474522414555,-0.011993474522414555
2025-05-22,1,pw_suez_canal_n_total_z,wti,0.0,0.0
2025-05-22,1,pw_suez_canal_n_total_z,brent,0.0,0.0
2025-05-22,1,pw_suez_canal_n_total_z,henry_hub,0.0,0.0
2025-06-25,1,pw_bab_el_mandeb_strait_capacity_z,audusd,0.010695971207289887,0.010695971207289887
2025-06-25,1,pw_bab_el_mandeb_strait_capacity_z,brlusd,0.0,0.0
2025-06-25,1,pw_bab_el_mandeb_strait_capacity_z,cnyusd,0.0,0.0
2025-06-25,1,pw_bab_el_mandeb_strait_capacity_z,krwusd,0.00040226797874003204,0.00040226797874003204
2025-06-25,1,pw_bab_el_mandeb_strait_capacity_z,eurusd,0.0,0.0
2025-06-25,1,pw_bab_el_mandeb_strait_capacity_z,sp500,0.0,0.0
2025-06-25,1,pw_bab_el_mandeb_strait_capacity_z,vix,0.0,0.0
2025-06-25,1,pw_bab_el_mandeb_strait_capacity_z,us2y,0.0,0.0
2025-06-25,1,pw_bab_el_mandeb_strait_capacity_z,us10y,0.0,0.0
2025-06-25,1,pw_bab_el_mandeb_strait_capacity_z,wti,0.0,0.0
2025-06-25,1,pw_bab_el_mandeb_strait_capacity_z,brent,0.0,0.0
2025-06-25,1,pw_bab_el_mandeb_strait_capacity_z,henry_hub,0.010935373194534198,-0.010935373194534198
2025-06-25,1,pw_bab_el_mandeb_strait_n_total_z,audusd,0.0,0.0
2025-06-25,1,pw_bab_el_mandeb_strait_n_total_z,brlusd,0.03888816193851961,0.03888816193851961
2025-06-25,1,pw_bab_el_mandeb_strait_n_total_z,cnyusd,0.0,0.0
2025-06-25,1,pw_bab_el_mandeb_strait_n_total_z,krwusd,0.0,0.0
2025-06-25,1,pw_bab_el_mandeb_strait_n_total_z,eurusd,0.0,0.0
2025-06-25,1,pw_bab_el_mandeb_strait_n_total_z,sp500,0.0,0.0
2025-06-25,1,pw_bab_el_mandeb_strait_n_total_z,vix,0.0,0.0
2025-06-25,1,pw_bab_el_mandeb_strait_n_total_z,us2y,0.0,0.0
2025-06-25,1,pw_bab_el_mandeb_strait_n_total_z,us10y,0.03642863682848692,-0.022416529118147625
2025-06-25,1,pw_bab_el_mandeb_strait_n_total_z,wti,0.0,0.0
2025-06-25,1,pw_bab_el_mandeb_strait_n_total_z,brent,0.0,0.0
2025-06-25,1,pw_bab_el_mandeb_strait_n_total_z,henry_hub,0.011471985492782395,-0.011471985492782395
2025-06-25,1,pw_cape_of_good_hope_capacity_z,audusd,0.0,0.0
2025-06-25,1,pw_cape_of_good_hope_capacity_z,brlusd,0.0,0.0
2025-06-25,1,pw_cape_of_good_hope_capacity_z,cnyusd,0.010725174120652835,-0.010725174120652835
2025-06-25,1,pw_cape_of_good_hope_capacity_z,krwusd,0.0,0.0
2025-06-25,1,pw_cape_of_good_hope_capacity_z,eurusd,0.0,0.0
2025-06-25,1,pw_cape_of_good_hope_capacity_z,sp500,0.029041622079698487,0.01985434218623139
2025-06-25,1,pw_cape_of_good_hope_capacity_z,vix,0.0,0.0
2025-06-25,1,pw_cape_of_good_hope_capacity_z,us2y,0.0,0.0
2025-06-25,1,pw_cape_of_good_hope_capacity_z,us10y,0.0,0.0
2025-06-25,1,pw_cape_of_good_hope_capacity_z,wti,0.027729009415923603,0.027729009415923603
2025-06-25,1,pw_cape_of_good_hope_capacity_z,brent,0.0045478755070840265,0.0045478755070840265
2025-06-25,1,pw_cape_of_good_hope_capacity_z,henry_hub,0.0,0.0
2025-06-25,1,pw_cape_of_good_hope_n_total_z,audusd,0.0,0.0
2025-06-25,1,pw_cape_of_good_hope_n_total_z,brlusd,0.0,0.0
2025-06-25,1,pw_cape_of_good_hope_n_total_z,cnyusd,0.0,0.0
2025-06-25,1,pw_cape_of_good_hope_n_total_z,krwusd,0.0,0.0
2025-06-25,1,pw_cape_of_good_hope_n_total_z,eurusd,0.0,0.0
2025-06-25,1,pw_cape_of_good_hope_n_total_z,sp500,0.0,0.0
2025-06-25,1,pw_cape_of_good_hope_n_total_z,vix,0.0,0.0
2025-06-25,1,pw_cape_of_good_hope_n_total_z,us2y,0.023447573725010825,0.023447573725010825
2025-06-25,1,pw_cape_of_good_hope_n_total_z,us10y,0.0,0.0
2025-06-25,1,pw_cape_of_good_hope_n_total_z,wti,0.0,0.0
2025-06-25,1,pw_cape_of_good_hope_n_total_z,brent,0.0,0.0
2025-06-25,1,pw_cape_of_good_hope_n_total_z,henry_hub,0.0,0.0
2025-06-25,1,pw_malacca_strait_capacity_z,audusd,0.00349175160043261,0.00349175160043261
2025-06-25,1,pw_malacca_strait_capacity_z,brlusd,0.05565542608966517,0.05565542608966517
2025-06-25,1,pw_malacca_strait_capacity_z,cnyusd,0.03945252119200089,0.02542192946720443
2025-06-25,1,pw_malacca_strait_capacity_z,krwusd,0.07262061885171953,0.05952002829774117
2025-06-25,1,pw_malacca_strait_capacity_z,eurusd,0.0030499442925077005,0.0030499442925077005
2025-06-25,1,pw_malacca_strait_capacity_z,sp500,0.0626651052524852,0.0433024678150607
2025-06-25,1,pw_malacca_strait_capacity_z,vix,0.04630593234576839,-0.04630593234576839
2025-06-25,1,pw_malacca_strait_capacity_z,us2y,0.03579493780500358,0.03579493780500358
2025-06-25,1,pw_malacca_strait_capacity_z,us10y,0.0,0.0
2025-06-25,1,pw_malacca_strait_capacity_z,wti,0.0,0.0
2025-06-25,1,pw_malacca_strait_capacity_z,brent,0.005569236526751616,0.005569236526751616
2025-06-25,1,pw_malacca_strait_capacity_z,henry_hub,0.0,0.0
2025-06-25,1,pw_malacca_strait_n_total_z,audusd,0.0,0.0
2025-06-25,1,pw_malacca_strait_n_total_z,brlusd,0.0075477667166168405,0.0075477667166168405
2025-06-25,1,pw_malacca_strait_n_total_z,cnyusd,0.014652767654439436,0.008092257835419876
2025-06-25,1,pw_malacca_strait_n_total_z,krwusd,0.004452599484488661,-0.004452599484488661
2025-06-25,1,pw_malacca_strait_n_total_z,eurusd,0.011621834917185115,0.011621834917185115
2025-06-25,1,pw_malacca_strait_n_total_z,sp500,0.0,0.0
2025-06-25,1,pw_malacca_strait_n_total_z,vix,0.0,0.0
2025-06-25,1,pw_malacca_strait_n_total_z,us2y,0.0,0.0
2025-06-25,1,pw_malacca_strait_n_total_z,us10y,0.05345389661460453,0.05345389661460453
2025-06-25,1,pw_malacca_strait_n_total_z,wti,0.0,0.0
2025-06-25,1,pw_malacca_strait_n_total_z,brent,0.0,0.0
2025-06-25,1,pw_malacca_strait_n_total_z,henry_hub,0.002655450129503776,-0.002655450129503776
2025-06-25,1,pw_panama_canal_capacity_z,audusd,0.0,0.0
2025-06-25,1,pw_panama_canal_capacity_z,brlusd,0.0,0.0
2025-06-25,1,pw_panama_canal_capacity_z,cnyusd,0.0008765364199131642,0.0008765364199131642
2025-06-25,1,pw_panama_canal_capacity_z,krwusd,0.008422477229556377,0.008422477229556377
2025-06-25,1,pw_panama_canal_capacity_z,eurusd,0.0,0.0
2025-06-25,1,pw_panama_canal_capacity_z,sp500,0.0,0.0
2025-06-25,1,pw_panama_canal_capacity_z,vix,0.0,0.0
2025-06-25,1,pw_panama_canal_capacity_z,us2y,0.0,0.0
2025-06-25,1,pw_panama_canal_capacity_z,us10y,0.0,0.0
2025-06-25,1,pw_panama_canal_capacity_z,wti,0.0,0.0
2025-06-25,1,pw_panama_canal_capacity_z,brent,0.0,0.0
2025-06-25,1,pw_panama_canal_capacity_z,henry_hub,0.0,0.0
2025-06-25,1,pw_panama_canal_n_total_z,audusd,0.0,0.0
2025-06-25,1,pw_panama_canal_n_total_z,brlusd,0.0,0.0
2025-06-25,1,pw_panama_canal_n_total_z,cnyusd,0.0,0.0
2025-06-25,1,pw_panama_canal_n_total_z,krwusd,0.0,0.0
2025-06-25,1,pw_panama_canal_n_total_z,eurusd,0.0,0.0
2025-06-25,1,pw_panama_canal_n_total_z,sp500,0.0,0.0
2025-06-25,1,pw_panama_canal_n_total_z,vix,0.0,0.0
2025-06-25,1,pw_panama_canal_n_total_z,us2y,0.0,0.0
2025-06-25,1,pw_panama_canal_n_total_z,us10y,0.021415572064067107,0.021415572064067107
2025-06-25,1,pw_panama_canal_n_total_z,wti,0.0,0.0
2025-06-25,1,pw_panama_canal_n_total_z,brent,0.0,0.0
2025-06-25,1,pw_panama_canal_n_total_z,henry_hub,0.0,0.0
2025-06-25,1,pw_strait_of_hormuz_capacity_z,audusd,0.037913915833472214,-0.037913915833472214
2025-06-25,1,pw_strait_of_hormuz_capacity_z,brlusd,0.0,0.0
2025-06-25,1,pw_strait_of_hormuz_capacity_z,cnyusd,0.009965632021955122,-0.009965632021955122
2025-06-25,1,pw_strait_of_hormuz_capacity_z,krwusd,0.08629012388090512,-0.04144486724089965
2025-06-25,1,pw_strait_of_hormuz_capacity_z,eurusd,0.020965384331721765,-0.018287604504356753
2025-06-25,1,pw_strait_of_hormuz_capacity_z,sp500,0.019900416746823326,0.015018752036905243
2025-06-25,1,pw_strait_of_hormuz_capacity_z,vix,0.028247671037928822,-0.016260838213885662
2025-06-25,1,pw_strait_of_hormuz_capacity_z,us2y,0.0585274989819688,-0.051349565039838486
2025-06-25,1,pw_strait_of_hormuz_capacity_z,us10y,0.07319149610609943,-0.07319149610609943
2025-06-25,1,pw_strait_of_hormuz_capacity_z,wti,0.005099907589453315,0.005099907589453315
2025-06-25,1,pw_strait_of_hormuz_capacity_z,brent,0.0086748444568307,0.0086748444568307
2025-06-25,1,pw_strait_of_hormuz_capacity_z,henry_hub,0.011382234587560127,0.011382234587560127
2025-06-25,1,pw_strait_of_hormuz_n_total_z,audusd,0.015113645549197925,-0.015113645549197925
2025-06-25,1,pw_strait_of_hormuz_n_total_z,brlusd,0.014291469507213262,-0.014291469507213262
2025-06-25,1,pw_strait_of_hormuz_n_total_z,cnyusd,0.0050772235766502055,-0.0050772235766502055
2025-06-25,1,pw_strait_of_hormuz_n_total_z,krwusd,0.014459771581240666,-0.014459771581240666
2025-06-25,1,pw_strait_of_hormuz_n_total_z,eurusd,0.031719939304733186,-0.031719939304733186
2025-06-25,1,pw_strait_of_hormuz_n_total_z,sp500,0.0,0.0
2025-06-25,1,pw_strait_of_hormuz_n_total_z,vix,0.0,0.0
2025-06-25,1,pw_strait_of_hormuz_n_total_z,us2y,0.08350131780771894,0.08350131780771894
2025-06-25,1,pw_strait_of_hormuz_n_total_z,us10y,0.09937896869368484,0.0635316150720889
2025-06-25,1,pw_strait_of_hormuz_n_total_z,wti,0.04120924942142244,0.04120924942142244
2025-06-25,1,pw_strait_of_hormuz_n_total_z,brent,0.0600561453815145,0.0600561453815145
2025-06-25,1,pw_strait_of_hormuz_n_total_z,henry_hub,0.03025773853391539,0.020814603871782966
2025-06-25,1,pw_suez_canal_capacity_z,audusd,0.0,0.0
2025-06-25,1,pw_suez_canal_capacity_z,brlusd,0.0,0.0
2025-06-25,1,pw_suez_canal_capacity_z,cnyusd,0.0,0.0
2025-06-25,1,pw_suez_canal_capacity_z,krwusd,0.0,0.0
2025-06-25,1,pw_suez_canal_capacity_z,eurusd,0.0,0.0
2025-06-25,1,pw_suez_canal_capacity_z,sp500,0.010596984634722487,-0.010596984634722487
2025-06-25,1,pw_suez_canal_capacity_z,vix,0.0,0.0
2025-06-25,1,pw_suez_canal_capacity_z,us2y,0.0,0.0
2025-06-25,1,pw_suez_canal_capacity_z,us10y,0.0,0.0
2025-06-25,1,pw_suez_canal_capacity_z,wti,0.0,0.0
2025-06-25,1,pw_suez_canal_capacity_z,brent,0.0,0.0
2025-06-25,1,pw_suez_canal_capacity_z,henry_hub,0.0,0.0
2025-06-25,1,pw_suez_canal_n_total_z,audusd,0.01849755895885912,0.01849755895885912
2025-06-25,1,pw_suez_canal_n_total_z,brlusd,0.0,0.0
2025-06-25,1,pw_suez_canal_n_total_z,cnyusd,0.0,0.0
2025-06-25,1,pw_suez_canal_n_total_z,krwusd,0.0,0.0
2025-06-25,1,pw_suez_canal_n_total_z,eurusd,0.08177214532092396,0.08177214532092396
2025-06-25,1,pw_suez_canal_n_total_z,sp500,0.0,0.0
2025-06-25,1,pw_suez_canal_n_total_z,vix,0.0,0.0
2025-06-25,1,pw_suez_canal_n_total_z,us2y,0.002290360449425247,-0.002290360449425247
2025-06-25,1,pw_suez_canal_n_total_z,us10y,0.009204584219160141,-0.009204584219160141
2025-06-25,1,pw_suez_canal_n_total_z,wti,0.0,0.0
2025-06-25,1,pw_suez_canal_n_total_z,brent,0.0,0.0
2025-06-25,1,pw_suez_canal_n_total_z,henry_hub,0.0,0.0
2025-07-25,1,pw_bab_el_mandeb_strait_capacity_z,audusd,0.0058910498052776525,0.0058910498052776525
2025-07-25,1,pw_bab_el_mandeb_strait_capacity_z,brlusd,0.0,0.0
2025-07-25,1,pw_bab_el_mandeb_strait_capacity_z,cnyusd,0.0,0.0
2025-07-25,1,pw_bab_el_mandeb_strait_capacity_z,krwusd,0.0,0.0
2025-07-25,1,pw_bab_el_mandeb_strait_capacity_z,eurusd,0.0,0.0
2025-07-25,1,pw_bab_el_mandeb_strait_capacity_z,sp500,0.0,0.0
2025-07-25,1,pw_bab_el_mandeb_strait_capacity_z,vix,0.0,0.0
2025-07-25,1,pw_bab_el_mandeb_strait_capacity_z,us2y,0.0,0.0
2025-07-25,1,pw_bab_el_mandeb_strait_capacity_z,us10y,0.0,0.0
2025-07-25,1,pw_bab_el_mandeb_strait_capacity_z,wti,0.0,0.0
2025-07-25,1,pw_bab_el_mandeb_strait_capacity_z,brent,0.0,0.0
2025-07-25,1,pw_bab_el_mandeb_strait_capacity_z,henry_hub,0.008261550571864434,-0.008261550571864434
2025-07-25,1,pw_bab_el_mandeb_strait_n_total_z,audusd,0.0,0.0
2025-07-25,1,pw_bab_el_mandeb_strait_n_total_z,brlusd,0.039124318579452304,0.039124318579452304
2025-07-25,1,pw_bab_el_mandeb_strait_n_total_z,cnyusd,0.0,0.0
2025-07-25,1,pw_bab_el_mandeb_strait_n_total_z,krwusd,0.0,0.0
2025-07-25,1,pw_bab_el_mandeb_strait_n_total_z,eurusd,0.0,0.0
2025-07-25,1,pw_bab_el_mandeb_strait_n_total_z,sp500,0.0,0.0
2025-07-25,1,pw_bab_el_mandeb_strait_n_total_z,vix,0.0,0.0
2025-07-25,1,pw_bab_el_mandeb_strait_n_total_z,us2y,0.0,0.0
2025-07-25,1,pw_bab_el_mandeb_strait_n_total_z,us10y,0.03201898605702075,-0.026765545759162596
2025-07-25,1,pw_bab_el_mandeb_strait_n_total_z,wti,0.0,0.0
2025-07-25,1,pw_bab_el_mandeb_strait_n_total_z,brent,0.0,0.0
2025-07-25,1,pw_bab_el_mandeb_strait_n_total_z,henry_hub,0.0137366654370594,-0.0137366654370594
2025-07-25,1,pw_cape_of_good_hope_capacity_z,audusd,0.0,0.0
2025-07-25,1,pw_cape_of_good_hope_capacity_z,brlusd,0.0,0.0
2025-07-25,1,pw_cape_of_good_hope_capacity_z,cnyusd,0.0063086207141278185,-0.0063086207141278185
2025-07-25,1,pw_cape_of_good_hope_capacity_z,krwusd,0.0,0.0
2025-07-25,1,pw_cape_of_good_hope_capacity_z,eurusd,0.0,0.0
2025-07-25,1,pw_cape_of_good_hope_capacity_z,sp500,0.03662424056621759,0.02446673910868075
2025-07-25,1,pw_cape_of_good_hope_capacity_z,vix,0.0,0.0
2025-07-25,1,pw_cape_of_good_hope_capacity_z,us2y,0.0,0.0
2025-07-25,1,pw_cape_of_good_hope_capacity_z,us10y,0.0,0.0
2025-07-25,1,pw_cape_of_good_hope_capacity_z,wti,0.022527312320711226,0.022527312320711226
2025-07-25,1,pw_cape_of_good_hope_capacity_z,brent,0.00447077237615687,0.00447077237615687
2025-07-25,1,pw_cape_of_good_hope_capacity_z,henry_hub,0.0,0.0
2025-07-25,1,pw_cape_of_good_hope_n_total_z,audusd,0.0,0.0
2025-07-25,1,pw_cape_of_good_hope_n_total_z,brlusd,0.0,0.0
2025-07-25,1,pw_cape_of_good_hope_n_total_z,cnyusd,0.0,0.0
2025-07-25,1,pw_cape_of_good_hope_n_total_z,krwusd,0.0,0.0
2025-07-25,1,pw_cape_of_good_hope_n_total_z,eurusd,0.0,0.0
2025-07-25,1,pw_cape_of_good_hope_n_total_z,sp500,0.0,0.0
2025-07-25,1,pw_cape_of_good_hope_n_total_z,vix,0.0,0.0
2025-07-25,1,pw_cape_of_good_hope_n_total_z,us2y,0.020589104203517488,0.020589104203517488
2025-07-25,1,pw_cape_of_good_hope_n_total_z,us10y,0.0,0.0
2025-07-25,1,pw_cape_of_good_hope_n_total_z,wti,0.0,0.0
2025-07-25,1,pw_cape_of_good_hope_n_total_z,brent,0.0,0.0
2025-07-25,1,pw_cape_of_good_hope_n_total_z,henry_hub,0.0,0.0
2025-07-25,1,pw_malacca_strait_capacity_z,audusd,0.009907806991077,0.009907806991077
2025-07-25,1,pw_malacca_strait_capacity_z,brlusd,0.062032790331864957,0.062032790331864957
2025-07-25,1,pw_malacca_strait_capacity_z,cnyusd,0.02565391672450907,0.014690675591838745
2025-07-25,1,pw_malacca_strait_capacity_z,krwusd,0.04580296626759849,0.04580296626759849
2025-07-25,1,pw_malacca_strait_capacity_z,eurusd,0.0,0.0
2025-07-25,1,pw_malacca_strait_capacity_z,sp500,0.07411157412746569,0.041893397996886274
2025-07-25,1,pw_malacca_strait_capacity_z,vix,0.04700648986144383,-0.04700648986144383
2025-07-25,1,pw_malacca_strait_capacity_z,us2y,0.04524498513830513,0.029398189991734797
2025-07-25,1,pw_malacca_strait_capacity_z,us10y,0.0,0.0
2025-07-25,1,pw_malacca_strait_capacity_z,wti,0.0,0.0
2025-07-25,1,pw_malacca_strait_capacity_z,brent,0.0110606807371497,0.0110606807371497
2025-07-25,1,pw_malacca_strait_capacity_z,henry_hub,0.0,0.0
2025-07-25,1,pw_malacca_strait_n_total_z,audusd,0.0,0.0
2025-07-25,1,pw_malacca_strait_n_total_z,brlusd,0.0,0.0
2025-07-25,1,pw_malacca_strait_n_total_z,cnyusd,0.022469381024566706,0.013671956352824494
2025-07-25,1,pw_malacca_strait_n_total_z,krwusd,0.0,0.0
2025-07-25,1,pw_malacca_strait_n_total_z,eurusd,0.01653035377925526,0.01653035377925526
2025-07-25,1,pw_malacca_strait_n_total_z,sp500,0.0,0.0
2025-07-25,1,pw_malacca_strait_n_total_z,vix,0.0,0.0
2025-07-25,1,pw_malacca_strait_n_total_z,us2y,0.0,0.0
2025-07-25,1,pw_malacca_strait_n_total_z,us10y,0.05165141578169219,0.05165141578169219
2025-07-25,1,pw_malacca_strait_n_total_z,wti,0.0,0.0
2025-07-25,1,pw_malacca_strait_n_total_z,brent,0.0,0.0
2025-07-25,1,pw_malacca_strait_n_total_z,henry_hub,0.004470236802870399,-0.004470236802870399
2025-07-25,1,pw_panama_canal_capacity_z,audusd,0.0,0.0
2025-07-25,1,pw_panama_canal_capacity_z,brlusd,0.0,0.0
2025-07-25,1,pw_panama_canal_capacity_z,cnyusd,0.0,0.0
2025-07-25,1,pw_panama_canal_capacity_z,krwusd,0.00613021280675194,0.00613021280675194
2025-07-25,1,pw_panama_canal_capacity_z,eurusd,0.0,0.0
2025-07-25,1,pw_panama_canal_capacity_z,sp500,0.0,0.0
2025-07-25,1,pw_panama_canal_capacity_z,vix,0.0,0.0
2025-07-25,1,pw_panama_canal_capacity_z,us2y,0.0,0.0
2025-07-25,1,pw_panama_canal_capacity_z,us10y,0.0,0.0
2025-07-25,1,pw_panama_canal_capacity_z,wti,0.0,0.0
2025-07-25,1,pw_panama_canal_capacity_z,brent,0.0,0.0
2025-07-25,1,pw_panama_canal_capacity_z,henry_hub,0.0,0.0
2025-07-25,1,pw_panama_canal_n_total_z,audusd,0.0,0.0
2025-07-25,1,pw_panama_canal_n_total_z,brlusd,0.0,0.0
2025-07-25,1,pw_panama_canal_n_total_z,cnyusd,0.0,0.0
2025-07-25,1,pw_panama_canal_n_total_z,krwusd,0.0,0.0
2025-07-25,1,pw_panama_canal_n_total_z,eurusd,0.0,0.0
2025-07-25,1,pw_panama_canal_n_total_z,sp500,0.0,0.0
2025-07-25,1,pw_panama_canal_n_total_z,vix,0.0,0.0
2025-07-25,1,pw_panama_canal_n_total_z,us2y,0.0,0.0
2025-07-25,1,pw_panama_canal_n_total_z,us10y,0.010358566114808553,0.010358566114808553
2025-07-25,1,pw_panama_canal_n_total_z,wti,0.0,0.0
2025-07-25,1,pw_panama_canal_n_total_z,brent,0.0,0.0
2025-07-25,1,pw_panama_canal_n_total_z,henry_hub,0.0,0.0
2025-07-25,1,pw_strait_of_hormuz_capacity_z,audusd,0.0336378817113457,-0.0336378817113457
2025-07-25,1,pw_strait_of_hormuz_capacity_z,brlusd,0.0,0.0
2025-07-25,1,pw_strait_of_hormuz_capacity_z,cnyusd,0.007263829902409447,-0.007263829902409447
2025-07-25,1,pw_strait_of_hormuz_capacity_z,krwusd,0.08319574775769883,-0.0504325415578476
2025-07-25,1,pw_strait_of_hormuz_capacity_z,eurusd,0.013925018945154695,-0.013925018945154695
2025-07-25,1,pw_strait_of_hormuz_capacity_z,sp500,0.023025312744343704,0.018884056893700346
2025-07-25,1,pw_strait_of_hormuz_capacity_z,vix,0.024379543775890068,-0.01277933539290167
2025-07-25,1,pw_strait_of_hormuz_capacity_z,us2y,0.05142265751007442,-0.038287791607696485
2025-07-25,1,pw_strait_of_hormuz_capacity_z,us10y,0.06125394670294906,-0.06125394670294906
2025-07-25,1,pw_strait_of_hormuz_capacity_z,wti,0.009540676917881007,0.009540676917881007
2025-07-25,1,pw_strait_of_hormuz_capacity_z,brent,0.009479948245169111,0.009479948245169111
2025-07-25,1,pw_strait_of_hormuz_capacity_z,henry_hub,0.009886545382914301,0.009886545382914301
2025-07-25,1,pw_strait_of_hormuz_n_total_z,audusd,0.02018035389795691,-0.02018035389795691
2025-07-25,1,pw_strait_of_hormuz_n_total_z,brlusd,0.013457710642687217,-0.013457710642687217
2025-07-25,1,pw_strait_of_hormuz_n_total_z,cnyusd,0.011133449568277493,-0.011133449568277493
2025-07-25,1,pw_strait_of_hormuz_n_total_z,krwusd,0.017229869256416733,-0.017229869256416733
2025-07-25,1,pw_strait_of_hormuz_n_total_z,eurusd,0.03962537720326134,-0.03962537720326134
2025-07-25,1,pw_strait_of_hormuz_n_total_z,sp500,0.0,0.0
2025-07-25,1,pw_strait_of_hormuz_n_total_z,vix,0.0,0.0
2025-07-25,1,pw_strait_of_hormuz_n_total_z,us2y,0.07107755173603456,0.07107755173603456
2025-07-25,1,pw_strait_of_hormuz_n_total_z,us10y,0.09436855034566563,0.05119651919171694
2025-07-25,1,pw_strait_of_hormuz_n_total_z,wti,0.04198517394510761,0.04198517394510761
2025-07-25,1,pw_strait_of_hormuz_n_total_z,brent,0.060554478577560404,0.060554478577560404
2025-07-25,1,pw_strait_of_hormuz_n_total_z,henry_hub,0.030101123055532947,0.02292245180485652
2025-07-25,1,pw_suez_canal_capacity_z,audusd,0.0,0.0
2025-07-25,1,pw_suez_canal_capacity_z,brlusd,0.0,0.0
2025-07-25,1,pw_suez_canal_capacity_z,cnyusd,0.0,0.0
2025-07-25,1,pw_suez_canal_capacity_z,krwusd,0.0,0.0
2025-07-25,1,pw_suez_canal_capacity_z,eurusd,0.0,0.0
2025-07-25,1,pw_suez_canal_capacity_z,sp500,0.0,0.0
2025-07-25,1,pw_suez_canal_capacity_z,vix,0.0,0.0
2025-07-25,1,pw_suez_canal_capacity_z,us2y,0.0,0.0
2025-07-25,1,pw_suez_canal_capacity_z,us10y,0.0,0.0
2025-07-25,1,pw_suez_canal_capacity_z,wti,0.0,0.0
2025-07-25,1,pw_suez_canal_capacity_z,brent,0.0,0.0
2025-07-25,1,pw_suez_canal_capacity_z,henry_hub,0.0,0.0
2025-07-25,1,pw_suez_canal_n_total_z,audusd,0.02804747398156997,0.02804747398156997
2025-07-25,1,pw_suez_canal_n_total_z,brlusd,0.0,0.0
2025-07-25,1,pw_suez_canal_n_total_z,cnyusd,0.0,0.0
2025-07-25,1,pw_suez_canal_n_total_z,krwusd,0.0,0.0
2025-07-25,1,pw_suez_canal_n_total_z,eurusd,0.07905066909089248,0.07905066909089248
2025-07-25,1,pw_suez_canal_n_total_z,sp500,0.0,0.0
2025-07-25,1,pw_suez_canal_n_total_z,vix,0.0,0.0
2025-07-25,1,pw_suez_canal_n_total_z,us2y,0.0,0.0
2025-07-25,1,pw_suez_canal_n_total_z,us10y,0.0,0.0
2025-07-25,1,pw_suez_canal_n_total_z,wti,0.0,0.0
2025-07-25,1,pw_suez_canal_n_total_z,brent,0.0,0.0
2025-07-25,1,pw_suez_canal_n_total_z,henry_hub,0.0,0.0
2025-08-22,1,pw_bab_el_mandeb_strait_capacity_z,audusd,0.008977670025714946,0.008977670025714946
2025-08-22,1,pw_bab_el_mandeb_strait_capacity_z,brlusd,0.0,0.0
2025-08-22,1,pw_bab_el_mandeb_strait_capacity_z,cnyusd,0.0,0.0
2025-08-22,1,pw_bab_el_mandeb_strait_capacity_z,krwusd,0.0,0.0
2025-08-22,1,pw_bab_el_mandeb_strait_capacity_z,eurusd,0.0,0.0
2025-08-22,1,pw_bab_el_mandeb_strait_capacity_z,sp500,0.0,0.0
2025-08-22,1,pw_bab_el_mandeb_strait_capacity_z,vix,0.0,0.0
2025-08-22,1,pw_bab_el_mandeb_strait_capacity_z,us2y,0.0,0.0
2025-08-22,1,pw_bab_el_mandeb_strait_capacity_z,us10y,0.0017413906611459962,-0.0017413906611459962
2025-08-22,1,pw_bab_el_mandeb_strait_capacity_z,wti,0.0,0.0
2025-08-22,1,pw_bab_el_mandeb_strait_capacity_z,brent,0.0,0.0
2025-08-22,1,pw_bab_el_mandeb_strait_capacity_z,henry_hub,0.014194926617272705,-0.014194926617272705
2025-08-22,1,pw_bab_el_mandeb_strait_n_total_z,audusd,0.0,0.0
2025-08-22,1,pw_bab_el_mandeb_strait_n_total_z,brlusd,0.03726232413472932,0.03726232413472932
2025-08-22,1,pw_bab_el_mandeb_strait_n_total_z,cnyusd,0.0,0.0
2025-08-22,1,pw_bab_el_mandeb_strait_n_total_z,krwusd,0.0,0.0
2025-08-22,1,pw_bab_el_mandeb_strait_n_total_z,eurusd,0.0,0.0
2025-08-22,1,pw_bab_el_mandeb_strait_n_total_z,sp500,0.0,0.0
2025-08-22,1,pw_bab_el_mandeb_strait_n_total_z,vix,0.0,0.0
2025-08-22,1,pw_bab_el_mandeb_strait_n_total_z,us2y,0.0,0.0
2025-08-22,1,pw_bab_el_mandeb_strait_n_total_z,us10y,0.025455844542589947,-0.02477005029057925
2025-08-22,1,pw_bab_el_mandeb_strait_n_total_z,wti,0.0,0.0
2025-08-22,1,pw_bab_el_mandeb_strait_n_total_z,brent,0.0,0.0
2025-08-22,1,pw_bab_el_mandeb_strait_n_total_z,henry_hub,0.009911570093861339,-0.009911570093861339
2025-08-22,1,pw_cape_of_good_hope_capacity_z,audusd,0.0,0.0
2025-08-22,1,pw_cape_of_good_hope_capacity_z,brlusd,0.0,0.0
2025-08-22,1,pw_cape_of_good_hope_capacity_z,cnyusd,0.00882724986313801,-0.00882724986313801
2025-08-22,1,pw_cape_of_good_hope_capacity_z,krwusd,0.0,0.0
2025-08-22,1,pw_cape_of_good_hope_capacity_z,eurusd,0.01822266067005009,-0.01822266067005009
2025-08-22,1,pw_cape_of_good_hope_capacity_z,sp500,0.04077635493223928,0.027070167072863506
2025-08-22,1,pw_cape_of_good_hope_capacity_z,vix,0.0,0.0
2025-08-22,1,pw_cape_of_good_hope_capacity_z,us2y,0.0,0.0
2025-08-22,1,pw_cape_of_good_hope_capacity_z,us10y,0.0,0.0
2025-08-22,1,pw_cape_of_good_hope_capacity_z,wti,0.024674520117466472,0.012966766993803268
2025-08-22,1,pw_cape_of_good_hope_capacity_z,brent,0.001012461844282541,0.0009740118464381047
2025-08-22,1,pw_cape_of_good_hope_capacity_z,henry_hub,0.0,0.0
2025-08-22,1,pw_cape_of_good_hope_n_total_z,audusd,0.0,0.0
2025-08-22,1,pw_cape_of_good_hope_n_total_z,brlusd,0.0,0.0
2025-08-22,1,pw_cape_of_good_hope_n_total_z,cnyusd,0.0,0.0
2025-08-22,1,pw_cape_of_good_hope_n_total_z,krwusd,0.0,0.0
2025-08-22,1,pw_cape_of_good_hope_n_total_z,eurusd,0.0,0.0
2025-08-22,1,pw_cape_of_good_hope_n_total_z,sp500,0.0,0.0
2025-08-22,1,pw_cape_of_good_hope_n_total_z,vix,0.0,0.0
2025-08-22,1,pw_cape_of_good_hope_n_total_z,us2y,0.023557612074088737,0.023557612074088737
2025-08-22,1,pw_cape_of_good_hope_n_total_z,us10y,0.0,0.0
2025-08-22,1,pw_cape_of_good_hope_n_total_z,wti,0.0,0.0
2025-08-22,1,pw_cape_of_good_hope_n_total_z,brent,0.0,0.0
2025-08-22,1,pw_cape_of_good_hope_n_total_z,henry_hub,0.0,0.0
2025-08-22,1,pw_malacca_strait_capacity_z,audusd,0.013589908548620399,0.013589908548620399
2025-08-22,1,pw_malacca_strait_capacity_z,brlusd,0.07164900652931831,0.06389725643595388
2025-08-22,1,pw_malacca_strait_capacity_z,cnyusd,0.01419156425144064,0.009237242479477159
2025-08-22,1,pw_malacca_strait_capacity_z,krwusd,0.04140029708552275,0.04140029708552275
2025-08-22,1,pw_malacca_strait_capacity_z,eurusd,0.0,0.0
2025-08-22,1,pw_malacca_strait_capacity_z,sp500,0.0738116171602265,0.04759726458746341
2025-08-22,1,pw_malacca_strait_capacity_z,vix,0.04612287816946326,-0.04612287816946326
2025-08-22,1,pw_malacca_strait_capacity_z,us2y,0.038006762207764916,0.029484335873614397
2025-08-22,1,pw_malacca_strait_capacity_z,us10y,0.0,0.0
2025-08-22,1,pw_malacca_strait_capacity_z,wti,0.0,0.0
2025-08-22,1,pw_malacca_strait_capacity_z,brent,0.004247742778719038,0.004247742778719038
2025-08-22,1,pw_malacca_strait_capacity_z,henry_hub,0.0,0.0
2025-08-22,1,pw_malacca_strait_n_total_z,audusd,0.0,0.0
2025-08-22,1,pw_malacca_strait_n_total_z,brlusd,0.0,0.0
2025-08-22,1,pw_malacca_strait_n_total_z,cnyusd,0.019671475393031834,0.015056016442048245
2025-08-22,1,pw_malacca_strait_n_total_z,krwusd,0.0,0.0
2025-08-22,1,pw_malacca_strait_n_total_z,eurusd,0.0271514973913782,0.0271514973913782
2025-08-22,1,pw_malacca_strait_n_total_z,sp500,0.0,0.0
2025-08-22,1,pw_malacca_strait_n_total_z,vix,0.0,0.0
2025-08-22,1,pw_malacca_strait_n_total_z,us2y,0.0,0.0
2025-08-22,1,pw_malacca_strait_n_total_z,us10y,0.04707922368749247,0.04707922368749247
2025-08-22,1,pw_malacca_strait_n_total_z,wti,0.0,0.0
2025-08-22,1,pw_malacca_strait_n_total_z,brent,0.0,0.0
2025-08-22,1,pw_malacca_strait_n_total_z,henry_hub,0.004374302080176372,-0.004374302080176372
2025-08-22,1,pw_panama_canal_capacity_z,audusd,0.0,0.0
2025-08-22,1,pw_panama_canal_capacity_z,brlusd,0.0,0.0
2025-08-22,1,pw_panama_canal_capacity_z,cnyusd,0.0,0.0
2025-08-22,1,pw_panama_canal_capacity_z,krwusd,0.0054049159611082465,0.0054049159611082465
2025-08-22,1,pw_panama_canal_capacity_z,eurusd,0.003850069409319796,0.003850069409319796
2025-08-22,1,pw_panama_canal_capacity_z,sp500,0.0,0.0
2025-08-22,1,pw_panama_canal_capacity_z,vix,0.0,0.0
2025-08-22,1,pw_panama_canal_capacity_z,us2y,0.0,0.0
2025-08-22,1,pw_panama_canal_capacity_z,us10y,0.0,0.0
2025-08-22,1,pw_panama_canal_capacity_z,wti,0.0,0.0
2025-08-22,1,pw_panama_canal_capacity_z,brent,0.0,0.0
2025-08-22,1,pw_panama_canal_capacity_z,henry_hub,0.0,0.0
2025-08-22,1,pw_panama_canal_n_total_z,audusd,0.0,0.0
2025-08-22,1,pw_panama_canal_n_total_z,brlusd,0.0,0.0
2025-08-22,1,pw_panama_canal_n_total_z,cnyusd,0.0,0.0
2025-08-22,1,pw_panama_canal_n_total_z,krwusd,0.0,0.0
2025-08-22,1,pw_panama_canal_n_total_z,eurusd,0.0,0.0
2025-08-22,1,pw_panama_canal_n_total_z,sp500,0.0,0.0
2025-08-22,1,pw_panama_canal_n_total_z,vix,0.0,0.0
2025-08-22,1,pw_panama_canal_n_total_z,us2y,0.0,0.0
2025-08-22,1,pw_panama_canal_n_total_z,us10y,0.007992417167888169,0.007992417167888169
2025-08-22,1,pw_panama_canal_n_total_z,wti,0.0,0.0
2025-08-22,1,pw_panama_canal_n_total_z,brent,0.0,0.0
2025-08-22,1,pw_panama_canal_n_total_z,henry_hub,0.0,0.0
2025-08-22,1,pw_strait_of_hormuz_capacity_z,audusd,0.0470851863163678,-0.0470851863163678
2025-08-22,1,pw_strait_of_hormuz_capacity_z,brlusd,0.0,0.0
2025-08-22,1,pw_strait_of_hormuz_capacity_z,cnyusd,0.026286382802103398,-0.026286382802103398
2025-08-22,1,pw_strait_of_hormuz_capacity_z,krwusd,0.09826013720339354,-0.05290573267426986
2025-08-22,1,pw_strait_of_hormuz_capacity_z,eurusd,0.04285792840245702,-0.029704729812291716
2025-08-22,1,pw_strait_of_hormuz_capacity_z,sp500,0.01227277193761426,0.01227277193761426
2025-08-22,1,pw_strait_of_hormuz_capacity_z,vix,0.014914910956973743,-0.007911030383059108
2025-08-22,1,pw_strait_of_hormuz_capacity_z,us2y,0.04713974213020317,-0.04713974213020317
2025-08-22,1,pw_strait_of_hormuz_capacity_z,us10y,0.07817802248627831,-0.07817802248627831
2025-08-22,1,pw_strait_of_hormuz_capacity_z,wti,0.005697787464039199,0.005697787464039199
2025-08-22,1,pw_strait_of_hormuz_capacity_z,brent,0.00415154996236956,0.00415154996236956
2025-08-22,1,pw_strait_of_hormuz_capacity_z,henry_hub,0.0015453857280771947,0.0015453857280771947
2025-08-22,1,pw_strait_of_hormuz_n_total_z,audusd,0.0,0.0
2025-08-22,1,pw_strait_of_hormuz_n_total_z,brlusd,0.005652415574842773,-0.005652415574842773
2025-08-22,1,pw_strait_of_hormuz_n_total_z,cnyusd,0.0,0.0
2025-08-22,1,pw_strait_of_hormuz_n_total_z,krwusd,0.0030558281134543523,-0.0030558281134543523
2025-08-22,1,pw_strait_of_hormuz_n_total_z,eurusd,0.008096427895553893,-0.008096427895553893
2025-08-22,1,pw_strait_of_hormuz_n_total_z,sp500,0.0,0.0
2025-08-22,1,pw_strait_of_hormuz_n_total_z,vix,0.0,0.0
2025-08-22,1,pw_strait_of_hormuz_n_total_z,us2y,0.0781478985678156,0.0781478985678156
2025-08-22,1,pw_strait_of_hormuz_n_total_z,us10y,0.10461553903029744,0.06134860958748456
2025-08-22,1,pw_strait_of_hormuz_n_total_z,wti,0.042205496735150005,0.042205496735150005
2025-08-22,1,pw_strait_of_hormuz_n_total_z,brent,0.060283636242103304,0.060283636242103304
2025-08-22,1,pw_strait_of_hormuz_n_total_z,henry_hub,0.03030843156729923,0.0265784669101639
2025-08-22,1,pw_suez_canal_capacity_z,audusd,0.0,0.0
2025-08-22,1,pw_suez_canal_capacity_z,brlusd,0.0,0.0
2025-08-22,1,pw_suez_canal_capacity_z,cnyusd,0.0,0.0
2025-08-22,1,pw_suez_canal_capacity_z,krwusd,0.0,0.0
2025-08-22,1,pw_suez_canal_capacity_z,eurusd,0.0,0.0
2025-08-22,1,pw_suez_canal_capacity_z,sp500,0.0,0.0
2025-08-22,1,pw_suez_canal_capacity_z,vix,0.0,0.0
2025-08-22,1,pw_suez_canal_capacity_z,us2y,0.0,0.0
2025-08-22,1,pw_suez_canal_capacity_z,us10y,0.0,0.0
2025-08-22,1,pw_suez_canal_capacity_z,wti,0.0,0.0
2025-08-22,1,pw_suez_canal_capacity_z,brent,0.0,0.0
2025-08-22,1,pw_suez_canal_capacity_z,henry_hub,0.0,0.0
2025-08-22,1,pw_suez_canal_n_total_z,audusd,0.012240129500623765,0.012240129500623765
2025-08-22,1,pw_suez_canal_n_total_z,brlusd,0.0,0.0
2025-08-22,1,pw_suez_canal_n_total_z,cnyusd,0.0,0.0
2025-08-22,1,pw_suez_canal_n_total_z,krwusd,0.0,0.0
2025-08-22,1,pw_suez_canal_n_total_z,eurusd,0.043501564226223054,0.043501564226223054
2025-08-22,1,pw_suez_canal_n_total_z,sp500,0.0,0.0
2025-08-22,1,pw_suez_canal_n_total_z,vix,0.0,0.0
2025-08-22,1,pw_suez_canal_n_total_z,us2y,0.0,0.0
2025-08-22,1,pw_suez_canal_n_total_z,us10y,0.003884807252053667,-0.003884807252053667
2025-08-22,1,pw_suez_canal_n_total_z,wti,0.0,0.0
2025-08-22,1,pw_suez_canal_n_total_z,brent,0.0,0.0
2025-08-22,1,pw_suez_canal_n_total_z,henry_hub,0.0,0.0
2025-09-25,1,pw_bab_el_mandeb_strait_capacity_z,audusd,0.020992013553671255,0.020992013553671255
2025-09-25,1,pw_bab_el_mandeb_strait_capacity_z,brlusd,0.0,0.0
2025-09-25,1,pw_bab_el_mandeb_strait_capacity_z,cnyusd,0.0,0.0
2025-09-25,1,pw_bab_el_mandeb_strait_capacity_z,krwusd,0.0,0.0
2025-09-25,1,pw_bab_el_mandeb_strait_capacity_z,eurusd,0.0,0.0
2025-09-25,1,pw_bab_el_mandeb_strait_capacity_z,sp500,0.0,0.0
2025-09-25,1,pw_bab_el_mandeb_strait_capacity_z,vix,0.0,0.0
2025-09-25,1,pw_bab_el_mandeb_strait_capacity_z,us2y,0.0,0.0
2025-09-25,1,pw_bab_el_mandeb_strait_capacity_z,us10y,0.002190802463376096,-0.002190802463376096
2025-09-25,1,pw_bab_el_mandeb_strait_capacity_z,wti,0.0,0.0
2025-09-25,1,pw_bab_el_mandeb_strait_capacity_z,brent,0.0,0.0
2025-09-25,1,pw_bab_el_mandeb_strait_capacity_z,henry_hub,0.013492959443761832,-0.013492959443761832
2025-09-25,1,pw_bab_el_mandeb_strait_n_total_z,audusd,0.0,0.0
2025-09-25,1,pw_bab_el_mandeb_strait_n_total_z,brlusd,0.03984037228614207,0.03984037228614207
2025-09-25,1,pw_bab_el_mandeb_strait_n_total_z,cnyusd,0.0,0.0
2025-09-25,1,pw_bab_el_mandeb_strait_n_total_z,krwusd,0.0,0.0
2025-09-25,1,pw_bab_el_mandeb_strait_n_total_z,eurusd,0.0,0.0
2025-09-25,1,pw_bab_el_mandeb_strait_n_total_z,sp500,0.0,0.0
2025-09-25,1,pw_bab_el_mandeb_strait_n_total_z,vix,0.0,0.0
2025-09-25,1,pw_bab_el_mandeb_strait_n_total_z,us2y,0.0,0.0
2025-09-25,1,pw_bab_el_mandeb_strait_n_total_z,us10y,0.03799878746052576,-0.03278238540842605
2025-09-25,1,pw_bab_el_mandeb_strait_n_total_z,wti,0.0,0.0
2025-09-25,1,pw_bab_el_mandeb_strait_n_total_z,brent,0.0,0.0
2025-09-25,1,pw_bab_el_mandeb_strait_n_total_z,henry_hub,0.01121774571528185,-0.01121774571528185
2025-09-25,1,pw_cape_of_good_hope_capacity_z,audusd,0.0,0.0
2025-09-25,1,pw_cape_of_good_hope_capacity_z,brlusd,0.0,0.0
2025-09-25,1,pw_cape_of_good_hope_capacity_z,cnyusd,0.007759754997022244,-0.007759754997022244
2025-09-25,1,pw_cape_of_good_hope_capacity_z,krwusd,0.0,0.0
2025-09-25,1,pw_cape_of_good_hope_capacity_z,eurusd,0.013956678268903172,-0.013956678268903172
2025-09-25,1,pw_cape_of_good_hope_capacity_z,sp500,0.040235827124267515,0.030010276330568787
2025-09-25,1,pw_cape_of_good_hope_capacity_z,vix,0.0,0.0
2025-09-25,1,pw_cape_of_good_hope_capacity_z,us2y,0.0,0.0
2025-09-25,1,pw_cape_of_good_hope_capacity_z,us10y,0.0,0.0
2025-09-25,1,pw_cape_of_good_hope_capacity_z,wti,0.02260775975867426,0.02260775975867426
2025-09-25,1,pw_cape_of_good_hope_capacity_z,brent,0.0026823793403924732,0.0026823793403924732
2025-09-25,1,pw_cape_of_good_hope_capacity_z,henry_hub,0.0,0.0
2025-09-25,1,pw_cape_of_good_hope_n_total_z,audusd,0.0,0.0
2025-09-25,1,pw_cape_of_good_hope_n_total_z,brlusd,0.0,0.0
2025-09-25,1,pw_cape_of_good_hope_n_total_z,cnyusd,0.0,0.0
2025-09-25,1,pw_cape_of_good_hope_n_total_z,krwusd,0.0,0.0
2025-09-25,1,pw_cape_of_good_hope_n_total_z,eurusd,0.0,0.0
2025-09-25,1,pw_cape_of_good_hope_n_total_z,sp500,0.0,0.0
2025-09-25,1,pw_cape_of_good_hope_n_total_z,vix,0.0,0.0
2025-09-25,1,pw_cape_of_good_hope_n_total_z,us2y,0.023987291969353567,0.023987291969353567
2025-09-25,1,pw_cape_of_good_hope_n_total_z,us10y,0.0,0.0
2025-09-25,1,pw_cape_of_good_hope_n_total_z,wti,0.0,0.0
2025-09-25,1,pw_cape_of_good_hope_n_total_z,brent,0.0,0.0
2025-09-25,1,pw_cape_of_good_hope_n_total_z,henry_hub,0.0,0.0
2025-09-25,1,pw_malacca_strait_capacity_z,audusd,0.011216475395006814,0.011216475395006814
2025-09-25,1,pw_malacca_strait_capacity_z,brlusd,0.0717105987199973,0.06981609693639068
2025-09-25,1,pw_malacca_strait_capacity_z,cnyusd,0.019445186830510157,0.01594140728347648
2025-09-25,1,pw_malacca_strait_capacity_z,krwusd,0.03027004927057316,0.03027004927057316
2025-09-25,1,pw_malacca_strait_capacity_z,eurusd,0.0,0.0
2025-09-25,1,pw_malacca_strait_capacity_z,sp500,0.0740815278513754,0.037082346483807566
2025-09-25,1,pw_malacca_strait_capacity_z,vix,0.04416216691962319,-0.04416216691962319
2025-09-25,1,pw_malacca_strait_capacity_z,us2y,0.028127073316046598,0.028127073316046598
2025-09-25,1,pw_malacca_strait_capacity_z,us10y,0.0,0.0
2025-09-25,1,pw_malacca_strait_capacity_z,wti,0.0,0.0
2025-09-25,1,pw_malacca_strait_capacity_z,brent,0.00868852725148159,0.00868852725148159
2025-09-25,1,pw_malacca_strait_capacity_z,henry_hub,0.0,0.0
2025-09-25,1,pw_malacca_strait_n_total_z,audusd,0.0034943634619548484,0.0034943634619548484
2025-09-25,1,pw_malacca_strait_n_total_z,brlusd,0.0042581282033703274,0.0042581282033703274
2025-09-25,1,pw_malacca_strait_n_total_z,cnyusd,0.011487154817672077,0.011487154817672077
2025-09-25,1,pw_malacca_strait_n_total_z,krwusd,0.0,0.0
2025-09-25,1,pw_malacca_strait_n_total_z,eurusd,0.026567333819835035,0.026567333819835035
2025-09-25,1,pw_malacca_strait_n_total_z,sp500,0.0,0.0
2025-09-25,1,pw_malacca_strait_n_total_z,vix,0.0,0.0
2025-09-25,1,pw_malacca_strait_n_total_z,us2y,0.0,0.0
2025-09-25,1,pw_malacca_strait_n_total_z,us10y,0.04037356627088637,0.04037356627088637
2025-09-25,1,pw_malacca_strait_n_total_z,wti,0.0,0.0
2025-09-25,1,pw_malacca_strait_n_total_z,brent,0.0,0.0
2025-09-25,1,pw_malacca_strait_n_total_z,henry_hub,0.0,0.0
2025-09-25,1,pw_panama_canal_capacity_z,audusd,0.0,0.0
2025-09-25,1,pw_panama_canal_capacity_z,brlusd,0.0,0.0
2025-09-25,1,pw_panama_canal_capacity_z,cnyusd,0.0,0.0
2025-09-25,1,pw_panama_canal_capacity_z,krwusd,0.0,0.0
2025-09-25,1,pw_panama_canal_capacity_z,eurusd,0.0,0.0
2025-09-25,1,pw_panama_canal_capacity_z,sp500,0.0,0.0
2025-09-25,1,pw_panama_canal_capacity_z,vix,0.0,0.0
2025-09-25,1,pw_panama_canal_capacity_z,us2y,0.0,0.0
2025-09-25,1,pw_panama_canal_capacity_z,us10y,0.0,0.0
2025-09-25,1,pw_panama_canal_capacity_z,wti,0.0,0.0
2025-09-25,1,pw_panama_canal_capacity_z,brent,0.0,0.0
2025-09-25,1,pw_panama_canal_capacity_z,henry_hub,0.0,0.0
2025-09-25,1,pw_panama_canal_n_total_z,audusd,0.0,0.0
2025-09-25,1,pw_panama_canal_n_total_z,brlusd,0.0,0.0
2025-09-25,1,pw_panama_canal_n_total_z,cnyusd,0.0,0.0
2025-09-25,1,pw_panama_canal_n_total_z,krwusd,0.0,0.0
2025-09-25,1,pw_panama_canal_n_total_z,eurusd,0.0,0.0
2025-09-25,1,pw_panama_canal_n_total_z,sp500,0.0,0.0
2025-09-25,1,pw_panama_canal_n_total_z,vix,0.0,0.0
2025-09-25,1,pw_panama_canal_n_total_z,us2y,0.0,0.0
2025-09-25,1,pw_panama_canal_n_total_z,us10y,0.02019057768332711,0.02019057768332711
2025-09-25,1,pw_panama_canal_n_total_z,wti,0.0,0.0
2025-09-25,1,pw_panama_canal_n_total_z,brent,0.0,0.0
2025-09-25,1,pw_panama_canal_n_total_z,henry_hub,0.0,0.0
2025-09-25,1,pw_strait_of_hormuz_capacity_z,audusd,0.0382124410097951,-0.0382124410097951
2025-09-25,1,pw_strait_of_hormuz_capacity_z,brlusd,0.0,0.0
2025-09-25,1,pw_strait_of_hormuz_capacity_z,cnyusd,0.017814902711677103,-0.017814902711677103
2025-09-25,1,pw_strait_of_hormuz_capacity_z,krwusd,0.09274088485366677,-0.06794043331215849
2025-09-25,1,pw_strait_of_hormuz_capacity_z,eurusd,0.03227809489643121,-0.03227809489643121
2025-09-25,1,pw_strait_of_hormuz_capacity_z,sp500,0.01570884534300048,0.012135478567892176
2025-09-25,1,pw_strait_of_hormuz_capacity_z,vix,0.014624497734682128,-0.007694603833699993
2025-09-25,1,pw_strait_of_hormuz_capacity_z,us2y,0.04671091968836499,-0.04535174179824542
2025-09-25,1,pw_strait_of_hormuz_capacity_z,us10y,0.06589096700507686,-0.06589096700507686
2025-09-25,1,pw_strait_of_hormuz_capacity_z,wti,0.013206947292944922,0.013206947292944922
2025-09-25,1,pw_strait_of_hormuz_capacity_z,brent,0.016669592544353275,0.016669592544353275
2025-09-25,1,pw_strait_of_hormuz_capacity_z,henry_hub,0.0006758720428522703,0.0006758720428522703
2025-09-25,1,pw_strait_of_hormuz_n_total_z,audusd,0.0,0.0
2025-09-25,1,pw_strait_of_hormuz_n_total_z,brlusd,0.006775250747072189,-0.006775250747072189
2025-09-25,1,pw_strait_of_hormuz_n_total_z,cnyusd,0.0,0.0
2025-09-25,1,pw_strait_of_hormuz_n_total_z,krwusd,0.0,0.0
2025-09-25,1,pw_strait_of_hormuz_n_total_z,eurusd,0.0,0.0
2025-09-25,1,pw_strait_of_hormuz_n_total_z,sp500,0.0,0.0
2025-09-25,1,pw_strait_of_hormuz_n_total_z,vix,0.0,0.0
2025-09-25,1,pw_strait_of_hormuz_n_total_z,us2y,0.059000419007404756,0.059000419007404756
2025-09-25,1,pw_strait_of_hormuz_n_total_z,us10y,0.0679155091865718,0.03747894726289751
2025-09-25,1,pw_strait_of_hormuz_n_total_z,wti,0.016318055265195766,0.016318055265195766
2025-09-25,1,pw_strait_of_hormuz_n_total_z,brent,0.03132607296165865,0.03132607296165865
2025-09-25,1,pw_strait_of_hormuz_n_total_z,henry_hub,0.052136350140353824,0.0409503420224802
2025-09-25,1,pw_suez_canal_capacity_z,audusd,0.0,0.0
2025-09-25,1,pw_suez_canal_capacity_z,brlusd,0.0,0.0
2025-09-25,1,pw_suez_canal_capacity_z,cnyusd,0.0,0.0
2025-09-25,1,pw_suez_canal_capacity_z,krwusd,0.0,0.0
2025-09-25,1,pw_suez_canal_capacity_z,eurusd,0.0,0.0
2025-09-25,1,pw_suez_canal_capacity_z,sp500,0.0,0.0
2025-09-25,1,pw_suez_canal_capacity_z,vix,0.0,0.0
2025-09-25,1,pw_suez_canal_capacity_z,us2y,0.0,0.0
2025-09-25,1,pw_suez_canal_capacity_z,us10y,0.0,0.0
2025-09-25,1,pw_suez_canal_capacity_z,wti,0.0,0.0
2025-09-25,1,pw_suez_canal_capacity_z,brent,0.0,0.0
2025-09-25,1,pw_suez_canal_capacity_z,henry_hub,0.0,0.0
2025-09-25,1,pw_suez_canal_n_total_z,audusd,0.005670854012134234,0.005670854012134234
2025-09-25,1,pw_suez_canal_n_total_z,brlusd,0.0,0.0
2025-09-25,1,pw_suez_canal_n_total_z,cnyusd,0.0,0.0
2025-09-25,1,pw_suez_canal_n_total_z,krwusd,0.0,0.0
2025-09-25,1,pw_suez_canal_n_total_z,eurusd,0.04910456102321228,0.04910456102321228
2025-09-25,1,pw_suez_canal_n_total_z,sp500,0.0,0.0
2025-09-25,1,pw_suez_canal_n_total_z,vix,0.0,0.0
2025-09-25,1,pw_suez_canal_n_total_z,us2y,0.0,0.0
2025-09-25,1,pw_suez_canal_n_total_z,us10y,0.0,0.0
2025-09-25,1,pw_suez_canal_n_total_z,wti,0.0,0.0
2025-09-25,1,pw_suez_canal_n_total_z,brent,0.0,0.0
2025-09-25,1,pw_suez_canal_n_total_z,henry_hub,0.0,0.0
2025-10-27,1,pw_bab_el_mandeb_strait_capacity_z,audusd,0.02658051135748684,0.02658051135748684
2025-10-27,1,pw_bab_el_mandeb_strait_capacity_z,brlusd,0.0,0.0
2025-10-27,1,pw_bab_el_mandeb_strait_capacity_z,cnyusd,0.0,0.0
2025-10-27,1,pw_bab_el_mandeb_strait_capacity_z,krwusd,0.0,0.0
2025-10-27,1,pw_bab_el_mandeb_strait_capacity_z,eurusd,0.0,0.0
2025-10-27,1,pw_bab_el_mandeb_strait_capacity_z,sp500,0.0,0.0
2025-10-27,1,pw_bab_el_mandeb_strait_capacity_z,vix,0.0,0.0
2025-10-27,1,pw_bab_el_mandeb_strait_capacity_z,us2y,0.0,0.0
2025-10-27,1,pw_bab_el_mandeb_strait_capacity_z,us10y,0.007010329918094449,-0.007010329918094449
2025-10-27,1,pw_bab_el_mandeb_strait_capacity_z,wti,0.0,0.0
2025-10-27,1,pw_bab_el_mandeb_strait_capacity_z,brent,0.0,0.0
2025-10-27,1,pw_bab_el_mandeb_strait_capacity_z,henry_hub,0.0,0.0
2025-10-27,1,pw_bab_el_mandeb_strait_n_total_z,audusd,0.0,0.0
2025-10-27,1,pw_bab_el_mandeb_strait_n_total_z,brlusd,0.03917158271651202,0.03917158271651202
2025-10-27,1,pw_bab_el_mandeb_strait_n_total_z,cnyusd,0.0,0.0
2025-10-27,1,pw_bab_el_mandeb_strait_n_total_z,krwusd,0.0,0.0
2025-10-27,1,pw_bab_el_mandeb_strait_n_total_z,eurusd,0.0,0.0
2025-10-27,1,pw_bab_el_mandeb_strait_n_total_z,sp500,0.0,0.0
2025-10-27,1,pw_bab_el_mandeb_strait_n_total_z,vix,0.0,0.0
2025-10-27,1,pw_bab_el_mandeb_strait_n_total_z,us2y,0.0,0.0
2025-10-27,1,pw_bab_el_mandeb_strait_n_total_z,us10y,0.037286690544291,-0.028363344141156595
2025-10-27,1,pw_bab_el_mandeb_strait_n_total_z,wti,0.0,0.0
2025-10-27,1,pw_bab_el_mandeb_strait_n_total_z,brent,0.0,0.0
2025-10-27,1,pw_bab_el_mandeb_strait_n_total_z,henry_hub,0.02143649131983428,-0.02143649131983428
2025-10-27,1,pw_cape_of_good_hope_capacity_z,audusd,0.0,0.0
2025-10-27,1,pw_cape_of_good_hope_capacity_z,brlusd,0.0,0.0
2025-10-27,1,pw_cape_of_good_hope_capacity_z,cnyusd,0.00987629485526031,-0.00987629485526031
2025-10-27,1,pw_cape_of_good_hope_capacity_z,krwusd,0.0,0.0
2025-10-27,1,pw_cape_of_good_hope_capacity_z,eurusd,0.024555447367292538,-0.024555447367292538
2025-10-27,1,pw_cape_of_good_hope_capacity_z,sp500,0.039935757012479534,0.03745353781625385
2025-10-27,1,pw_cape_of_good_hope_capacity_z,vix,0.0,0.0
2025-10-27,1,pw_cape_of_good_hope_capacity_z,us2y,0.0,0.0
2025-10-27,1,pw_cape_of_good_hope_capacity_z,us10y,0.0,0.0
2025-10-27,1,pw_cape_of_good_hope_capacity_z,wti,0.02209753226204911,0.015665039128804917
2025-10-27,1,pw_cape_of_good_hope_capacity_z,brent,0.0,0.0
2025-10-27,1,pw_cape_of_good_hope_capacity_z,henry_hub,0.0,0.0
2025-10-27,1,pw_cape_of_good_hope_n_total_z,audusd,0.0,0.0
2025-10-27,1,pw_cape_of_good_hope_n_total_z,brlusd,0.0,0.0
2025-10-27,1,pw_cape_of_good_hope_n_total_z,cnyusd,0.0,0.0
2025-10-27,1,pw_cape_of_good_hope_n_total_z,krwusd,0.0,0.0
2025-10-27,1,pw_cape_of_good_hope_n_total_z,eurusd,0.0,0.0
2025-10-27,1,pw_cape_of_good_hope_n_total_z,sp500,0.0,0.0
2025-10-27,1,pw_cape_of_good_hope_n_total_z,vix,0.0,0.0
2025-10-27,1,pw_cape_of_good_hope_n_total_z,us2y,0.021530597197679864,0.021530597197679864
2025-10-27,1,pw_cape_of_good_hope_n_total_z,us10y,0.0,0.0
2025-10-27,1,pw_cape_of_good_hope_n_total_z,wti,0.0,0.0
2025-10-27,1,pw_cape_of_good_hope_n_total_z,brent,0.0,0.0
2025-10-27,1,pw_cape_of_good_hope_n_total_z,henry_hub,0.0,0.0
2025-10-27,1,pw_malacca_strait_capacity_z,audusd,0.0010704822867975891,0.0010704822867975891
2025-10-27,1,pw_malacca_strait_capacity_z,brlusd,0.05962433348567124,0.05676041401725756
2025-10-27,1,pw_malacca_strait_capacity_z,cnyusd,0.021183548695397403,0.010919120404449973
2025-10-27,1,pw_malacca_strait_capacity_z,krwusd,0.026098076817372758,0.026098076817372758
2025-10-27,1,pw_malacca_strait_capacity_z,eurusd,0.0,0.0
2025-10-27,1,pw_malacca_strait_capacity_z,sp500,0.06184411903839687,0.039927348314766395
2025-10-27,1,pw_malacca_strait_capacity_z,vix,0.033351450157277376,-0.033351450157277376
2025-10-27,1,pw_malacca_strait_capacity_z,us2y,0.028367479278772367,0.028367479278772367
2025-10-27,1,pw_malacca_strait_capacity_z,us10y,0.0,0.0
2025-10-27,1,pw_malacca_strait_capacity_z,wti,0.0,0.0
2025-10-27,1,pw_malacca_strait_capacity_z,brent,0.008565187978841761,0.008565187978841761
2025-10-27,1,pw_malacca_strait_capacity_z,henry_hub,0.0,0.0
2025-10-27,1,pw_malacca_strait_n_total_z,audusd,0.0,0.0
2025-10-27,1,pw_malacca_strait_n_total_z,brlusd,0.0,0.0
2025-10-27,1,pw_malacca_strait_n_total_z,cnyusd,0.00687902938943935,0.00687902938943935
2025-10-27,1,pw_malacca_strait_n_total_z,krwusd,0.003110265145175885,-0.003110265145175885
2025-10-27,1,pw_malacca_strait_n_total_z,eurusd,0.0072609188492689745,0.0072609188492689745
2025-10-27,1,pw_malacca_strait_n_total_z,sp500,0.0,0.0
2025-10-27,1,pw_malacca_strait_n_total_z,vix,0.0,0.0
2025-10-27,1,pw_malacca_strait_n_total_z,us2y,0.0,0.0
2025-10-27,1,pw_malacca_strait_n_total_z,us10y,0.03938309803098575,0.03938309803098575
2025-10-27,1,pw_malacca_strait_n_total_z,wti,0.0,0.0
2025-10-27,1,pw_malacca_strait_n_total_z,brent,0.0,0.0
2025-10-27,1,pw_malacca_strait_n_total_z,henry_hub,0.0,0.0
2025-10-27,1,pw_panama_canal_capacity_z,audusd,0.0,0.0
2025-10-27,1,pw_panama_canal_capacity_z,brlusd,0.0,0.0
2025-10-27,1,pw_panama_canal_capacity_z,cnyusd,0.0,0.0
2025-10-27,1,pw_panama_canal_capacity_z,krwusd,0.0,0.0
2025-10-27,1,pw_panama_canal_capacity_z,eurusd,0.0,0.0
2025-10-27,1,pw_panama_canal_capacity_z,sp500,0.0,0.0
2025-10-27,1,pw_panama_canal_capacity_z,vix,0.0,0.0
2025-10-27,1,pw_panama_canal_capacity_z,us2y,0.0,0.0
2025-10-27,1,pw_panama_canal_capacity_z,us10y,0.0,0.0
2025-10-27,1,pw_panama_canal_capacity_z,wti,0.0,0.0
2025-10-27,1,pw_panama_canal_capacity_z,brent,0.0,0.0
2025-10-27,1,pw_panama_canal_capacity_z,henry_hub,0.0,0.0
2025-10-27,1,pw_panama_canal_n_total_z,audusd,0.0,0.0
2025-10-27,1,pw_panama_canal_n_total_z,brlusd,0.0,0.0
2025-10-27,1,pw_panama_canal_n_total_z,cnyusd,0.0,0.0
2025-10-27,1,pw_panama_canal_n_total_z,krwusd,0.0,0.0
2025-10-27,1,pw_panama_canal_n_total_z,eurusd,0.0,0.0
2025-10-27,1,pw_panama_canal_n_total_z,sp500,0.0,0.0
2025-10-27,1,pw_panama_canal_n_total_z,vix,0.0,0.0
2025-10-27,1,pw_panama_canal_n_total_z,us2y,0.0,0.0
2025-10-27,1,pw_panama_canal_n_total_z,us10y,0.025660260085415786,0.025660260085415786
2025-10-27,1,pw_panama_canal_n_total_z,wti,0.0,0.0
2025-10-27,1,pw_panama_canal_n_total_z,brent,0.0,0.0
2025-10-27,1,pw_panama_canal_n_total_z,henry_hub,0.0,0.0
2025-10-27,1,pw_strait_of_hormuz_capacity_z,audusd,0.029239527274108643,-0.029239527274108643
2025-10-27,1,pw_strait_of_hormuz_capacity_z,brlusd,0.0,0.0
2025-10-27,1,pw_strait_of_hormuz_capacity_z,cnyusd,0.012907814656688315,-0.012907814656688315
2025-10-27,1,pw_strait_of_hormuz_capacity_z,krwusd,0.063400253512084,-0.04901121356650698
2025-10-27,1,pw_strait_of_hormuz_capacity_z,eurusd,0.017567670849870362,-0.017567670849870362
2025-10-27,1,pw_strait_of_hormuz_capacity_z,sp500,0.013106246246579273,0.012026099811550563
2025-10-27,1,pw_strait_of_hormuz_capacity_z,vix,0.026886430238205108,-0.026886430238205108
2025-10-27,1,pw_strait_of_hormuz_capacity_z,us2y,0.05396295807353283,-0.04179140216275044
2025-10-27,1,pw_strait_of_hormuz_capacity_z,us10y,0.05395376114640449,-0.05395376114640449
2025-10-27,1,pw_strait_of_hormuz_capacity_z,wti,0.029750177150320148,0.029750177150320148
2025-10-27,1,pw_strait_of_hormuz_capacity_z,brent,0.04012415521238395,0.02449193862508112
2025-10-27,1,pw_strait_of_hormuz_capacity_z,henry_hub,0.0,0.0
2025-10-27,1,pw_strait_of_hormuz_n_total_z,audusd,0.0,0.0
2025-10-27,1,pw_strait_of_hormuz_n_total_z,brlusd,0.0,0.0
2025-10-27,1,pw_strait_of_hormuz_n_total_z,cnyusd,0.0,0.0
2025-10-27,1,pw_strait_of_hormuz_n_total_z,krwusd,0.0,0.0
2025-10-27,1,pw_strait_of_hormuz_n_total_z,eurusd,0.0013236451544281233,-0.0013236451544281233
2025-10-27,1,pw_strait_of_hormuz_n_total_z,sp500,0.0,0.0
2025-10-27,1,pw_strait_of_hormuz_n_total_z,vix,0.0,0.0
2025-10-27,1,pw_strait_of_hormuz_n_total_z,us2y,0.05364049108666255,0.05364049108666255
2025-10-27,1,pw_strait_of_hormuz_n_total_z,us10y,0.055870191804102236,0.04785802789654511
2025-10-27,1,pw_strait_of_hormuz_n_total_z,wti,0.0,0.0
2025-10-27,1,pw_strait_of_hormuz_n_total_z,brent,0.0,0.0
2025-10-27,1,pw_strait_of_hormuz_n_total_z,henry_hub,0.038117072881608594,0.03486676674617035
2025-10-27,1,pw_suez_canal_capacity_z,audusd,0.0,0.0
2025-10-27,1,pw_suez_canal_capacity_z,brlusd,0.0,0.0
2025-10-27,1,pw_suez_canal_capacity_z,cnyusd,0.0,0.0
2025-10-27,1,pw_suez_canal_capacity_z,krwusd,0.0,0.0
2025-10-27,1,pw_suez_canal_capacity_z,eurusd,0.0,0.0
2025-10-27,1,pw_suez_canal_capacity_z,sp500,0.0,0.0
2025-10-27,1,pw_suez_canal_capacity_z,vix,0.0,0.0
2025-10-27,1,pw_suez_canal_capacity_z,us2y,0.0,0.0
2025-10-27,1,pw_suez_canal_capacity_z,us10y,0.0,0.0
2025-10-27,1,pw_suez_canal_capacity_z,wti,0.0,0.0
2025-10-27,1,pw_suez_canal_capacity_z,brent,0.0,0.0
2025-10-27,1,pw_suez_canal_capacity_z,henry_hub,0.0,0.0
2025-10-27,1,pw_suez_canal_n_total_z,audusd,0.0,0.0
2025-10-27,1,pw_suez_canal_n_total_z,brlusd,0.0,0.0
2025-10-27,1,pw_suez_canal_n_total_z,cnyusd,0.0,0.0
2025-10-27,1,pw_suez_canal_n_total_z,krwusd,0.0,0.0
2025-10-27,1,pw_suez_canal_n_total_z,eurusd,0.04035141743192792,0.04035141743192792
2025-10-27,1,pw_suez_canal_n_total_z,sp500,0.0,0.0
2025-10-27,1,pw_suez_canal_n_total_z,vix,0.0,0.0
2025-10-27,1,pw_suez_canal_n_total_z,us2y,0.0,0.0
2025-10-27,1,pw_suez_canal_n_total_z,us10y,0.0,0.0
2025-10-27,1,pw_suez_canal_n_total_z,wti,0.0,0.0
2025-10-27,1,pw_suez_canal_n_total_z,brent,0.0,0.0
2025-10-27,1,pw_suez_canal_n_total_z,henry_hub,0.0,0.0
2025-11-26,1,pw_bab_el_mandeb_strait_capacity_z,audusd,0.0195732078929918,0.0195732078929918
2025-11-26,1,pw_bab_el_mandeb_strait_capacity_z,brlusd,0.0,0.0
2025-11-26,1,pw_bab_el_mandeb_strait_capacity_z,cnyusd,0.0,0.0
2025-11-26,1,pw_bab_el_mandeb_strait_capacity_z,krwusd,0.0,0.0
2025-11-26,1,pw_bab_el_mandeb_strait_capacity_z,eurusd,0.0,0.0
2025-11-26,1,pw_bab_el_mandeb_strait_capacity_z,sp500,0.0,0.0
2025-11-26,1,pw_bab_el_mandeb_strait_capacity_z,vix,0.0,0.0
2025-11-26,1,pw_bab_el_mandeb_strait_capacity_z,us2y,0.0,0.0
2025-11-26,1,pw_bab_el_mandeb_strait_capacity_z,us10y,0.0,0.0
2025-11-26,1,pw_bab_el_mandeb_strait_capacity_z,wti,0.0,0.0
2025-11-26,1,pw_bab_el_mandeb_strait_capacity_z,brent,0.0,0.0
2025-11-26,1,pw_bab_el_mandeb_strait_capacity_z,henry_hub,0.0,0.0
2025-11-26,1,pw_bab_el_mandeb_strait_n_total_z,audusd,0.0,0.0
2025-11-26,1,pw_bab_el_mandeb_strait_n_total_z,brlusd,0.04106805539094436,0.04106805539094436
2025-11-26,1,pw_bab_el_mandeb_strait_n_total_z,cnyusd,0.0,0.0
2025-11-26,1,pw_bab_el_mandeb_strait_n_total_z,krwusd,0.0,0.0
2025-11-26,1,pw_bab_el_mandeb_strait_n_total_z,eurusd,0.0,0.0
2025-11-26,1,pw_bab_el_mandeb_strait_n_total_z,sp500,0.0,0.0
2025-11-26,1,pw_bab_el_mandeb_strait_n_total_z,vix,0.0,0.0
2025-11-26,1,pw_bab_el_mandeb_strait_n_total_z,us2y,0.0,0.0
2025-11-26,1,pw_bab_el_mandeb_strait_n_total_z,us10y,0.032749846280811554,-0.03229682726233345
2025-11-26,1,pw_bab_el_mandeb_strait_n_total_z,wti,0.0,0.0
2025-11-26,1,pw_bab_el_mandeb_strait_n_total_z,brent,0.0,0.0
2025-11-26,1,pw_bab_el_mandeb_strait_n_total_z,henry_hub,0.018314054057491525,-0.018314054057491525
2025-11-26,1,pw_cape_of_good_hope_capacity_z,audusd,0.0,0.0
2025-11-26,1,pw_cape_of_good_hope_capacity_z,brlusd,0.0,0.0
2025-11-26,1,pw_cape_of_good_hope_capacity_z,cnyusd,0.00800560395748818,-0.00800560395748818
2025-11-26,1,pw_cape_of_good_hope_capacity_z,krwusd,0.0,0.0
2025-11-26,1,pw_cape_of_good_hope_capacity_z,eurusd,0.007908594042356052,-0.007908594042356052
2025-11-26,1,pw_cape_of_good_hope_capacity_z,sp500,0.037803905871248364,0.03612438341280731
2025-11-26,1,pw_cape_of_good_hope_capacity_z,vix,0.0,0.0
2025-11-26,1,pw_cape_of_good_hope_capacity_z,us2y,0.0,0.0
2025-11-26,1,pw_cape_of_good_hope_capacity_z,us10y,0.0,0.0
2025-11-26,1,pw_cape_of_good_hope_capacity_z,wti,0.022015168570856617,0.01639768743355108
2025-11-26,1,pw_cape_of_good_hope_capacity_z,brent,0.0,0.0
2025-11-26,1,pw_cape_of_good_hope_capacity_z,henry_hub,0.0,0.0
2025-11-26,1,pw_cape_of_good_hope_n_total_z,audusd,0.0,0.0
2025-11-26,1,pw_cape_of_good_hope_n_total_z,brlusd,0.0,0.0
2025-11-26,1,pw_cape_of_good_hope_n_total_z,cnyusd,0.0,0.0
2025-11-26,1,pw_cape_of_good_hope_n_total_z,krwusd,0.0,0.0
2025-11-26,1,pw_cape_of_good_hope_n_total_z,eurusd,0.02418789726043458,-0.02418789726043458
2025-11-26,1,pw_cape_of_good_hope_n_total_z,sp500,0.0,0.0
2025-11-26,1,pw_cape_of_good_hope_n_total_z,vix,0.0,0.0
2025-11-26,1,pw_cape_of_good_hope_n_total_z,us2y,0.01868748625326681,0.01868748625326681
2025-11-26,1,pw_cape_of_good_hope_n_total_z,us10y,0.0,0.0
2025-11-26,1,pw_cape_of_good_hope_n_total_z,wti,0.0,0.0
2025-11-26,1,pw_cape_of_good_hope_n_total_z,brent,0.0,0.0
2025-11-26,1,pw_cape_of_good_hope_n_total_z,henry_hub,0.0,0.0
2025-11-26,1,pw_malacca_strait_capacity_z,audusd,0.0,0.0
2025-11-26,1,pw_malacca_strait_capacity_z,brlusd,0.048186546698867086,0.04787259089581076
2025-11-26,1,pw_malacca_strait_capacity_z,cnyusd,0.02229902856215367,0.01642987039598448
2025-11-26,1,pw_malacca_strait_capacity_z,krwusd,0.017571365125300786,0.017571365125300786
2025-11-26,1,pw_malacca_strait_capacity_z,eurusd,0.0,0.0
2025-11-26,1,pw_malacca_strait_capacity_z,sp500,0.05529114119696689,0.03717320704279041
2025-11-26,1,pw_malacca_strait_capacity_z,vix,0.02817895937453818,-0.02817895937453818
2025-11-26,1,pw_malacca_strait_capacity_z,us2y,0.020496072699220876,0.020496072699220876
2025-11-26,1,pw_malacca_strait_capacity_z,us10y,0.0,0.0
2025-11-26,1,pw_malacca_strait_capacity_z,wti,0.0,0.0
2025-11-26,1,pw_malacca_strait_capacity_z,brent,0.010032688749961516,0.010032688749961516
2025-11-26,1,pw_malacca_strait_capacity_z,henry_hub,0.0,0.0
2025-11-26,1,pw_malacca_strait_n_total_z,audusd,0.0,0.0
2025-11-26,1,pw_malacca_strait_n_total_z,brlusd,0.0,0.0
2025-11-26,1,pw_malacca_strait_n_total_z,cnyusd,0.01821193011156564,0.01821193011156564
2025-11-26,1,pw_malacca_strait_n_total_z,krwusd,0.0,0.0
2025-11-26,1,pw_malacca_strait_n_total_z,eurusd,0.001657439641592617,0.001657439641592617
2025-11-26,1,pw_malacca_strait_n_total_z,sp500,0.0,0.0
2025-11-26,1,pw_malacca_strait_n_total_z,vix,0.0,0.0
2025-11-26,1,pw_malacca_strait_n_total_z,us2y,0.0,0.0
2025-11-26,1,pw_malacca_strait_n_total_z,us10y,0.02503781414151307,0.02503781414151307
2025-11-26,1,pw_malacca_strait_n_total_z,wti,0.0,0.0
2025-11-26,1,pw_malacca_strait_n_total_z,brent,0.0,0.0
2025-11-26,1,pw_malacca_strait_n_total_z,henry_hub,0.0,0.0
2025-11-26,1,pw_panama_canal_capacity_z,audusd,0.0,0.0
2025-11-26,1,pw_panama_canal_capacity_z,brlusd,0.0,0.0
2025-11-26,1,pw_panama_canal_capacity_z,cnyusd,0.0,0.0
2025-11-26,1,pw_panama_canal_capacity_z,krwusd,0.0,0.0
2025-11-26,1,pw_panama_canal_capacity_z,eurusd,0.0,0.0
2025-11-26,1,pw_panama_canal_capacity_z,sp500,0.0,0.0
2025-11-26,1,pw_panama_canal_capacity_z,vix,0.0,0.0
2025-11-26,1,pw_panama_canal_capacity_z,us2y,0.0,0.0
2025-11-26,1,pw_panama_canal_capacity_z,us10y,0.0,0.0
2025-11-26,1,pw_panama_canal_capacity_z,wti,0.0,0.0
2025-11-26,1,pw_panama_canal_capacity_z,brent,0.0,0.0
2025-11-26,1,pw_panama_canal_capacity_z,henry_hub,0.0,0.0
2025-11-26,1,pw_panama_canal_n_total_z,audusd,0.0,0.0
2025-11-26,1,pw_panama_canal_n_total_z,brlusd,0.0,0.0
2025-11-26,1,pw_panama_canal_n_total_z,cnyusd,0.0,0.0
2025-11-26,1,pw_panama_canal_n_total_z,krwusd,0.0,0.0
2025-11-26,1,pw_panama_canal_n_total_z,eurusd,0.0,0.0
2025-11-26,1,pw_panama_canal_n_total_z,sp500,0.0,0.0
2025-11-26,1,pw_panama_canal_n_total_z,vix,0.0,0.0
2025-11-26,1,pw_panama_canal_n_total_z,us2y,0.0,0.0
2025-11-26,1,pw_panama_canal_n_total_z,us10y,0.020408819720328847,0.020408819720328847
2025-11-26,1,pw_panama_canal_n_total_z,wti,0.0,0.0
2025-11-26,1,pw_panama_canal_n_total_z,brent,0.0,0.0
2025-11-26,1,pw_panama_canal_n_total_z,henry_hub,0.0,0.0
2025-11-26,1,pw_strait_of_hormuz_capacity_z,audusd,0.02113628758158839,-0.02113628758158839
2025-11-26,1,pw_strait_of_hormuz_capacity_z,brlusd,0.0,0.0
2025-11-26,1,pw_strait_of_hormuz_capacity_z,cnyusd,0.0,0.0
2025-11-26,1,pw_strait_of_hormuz_capacity_z,krwusd,0.03238894652894837,-0.031177757409089363
2025-11-26,1,pw_strait_of_hormuz_capacity_z,eurusd,0.00693664573965671,-0.00693664573965671
2025-11-26,1,pw_strait_of_hormuz_capacity_z,sp500,0.0,0.0
2025-11-26,1,pw_strait_of_hormuz_capacity_z,vix,0.0,0.0
2025-11-26,1,pw_strait_of_hormuz_capacity_z,us2y,0.013022496105468248,-0.009243581464146711
2025-11-26,1,pw_strait_of_hormuz_capacity_z,us10y,0.017945986886164552,-0.017945986886164552
2025-11-26,1,pw_strait_of_hormuz_capacity_z,wti,0.04170442260985635,0.03389711300785424
2025-11-26,1,pw_strait_of_hormuz_capacity_z,brent,0.04116215706444206,0.02911195405879174
2025-11-26,1,pw_strait_of_hormuz_capacity_z,henry_hub,0.0,0.0
2025-11-26,1,pw_strait_of_hormuz_n_total_z,audusd,0.0,0.0
2025-11-26,1,pw_strait_of_hormuz_n_total_z,brlusd,0.0,0.0
2025-11-26,1,pw_strait_of_hormuz_n_total_z,cnyusd,0.0,0.0
2025-11-26,1,pw_strait_of_hormuz_n_total_z,krwusd,0.0,0.0
2025-11-26,1,pw_strait_of_hormuz_n_total_z,eurusd,0.0,0.0
2025-11-26,1,pw_strait_of_hormuz_n_total_z,sp500,0.0,0.0
2025-11-26,1,pw_strait_of_hormuz_n_total_z,vix,0.0,0.0
2025-11-26,1,pw_strait_of_hormuz_n_total_z,us2y,0.030386331066503087,0.030386331066503087
2025-11-26,1,pw_strait_of_hormuz_n_total_z,us10y,0.024911946282210565,0.024911946282210565
2025-11-26,1,pw_strait_of_hormuz_n_total_z,wti,0.0,0.0
2025-11-26,1,pw_strait_of_hormuz_n_total_z,brent,0.0,0.0
2025-11-26,1,pw_strait_of_hormuz_n_total_z,henry_hub,0.023989516630830623,0.023989516630830623
2025-11-26,1,pw_suez_canal_capacity_z,audusd,0.0,0.0
2025-11-26,1,pw_suez_canal_capacity_z,brlusd,0.0,0.0
2025-11-26,1,pw_suez_canal_capacity_z,cnyusd,0.0,0.0
2025-11-26,1,pw_suez_canal_capacity_z,krwusd,0.0,0.0
2025-11-26,1,pw_suez_canal_capacity_z,eurusd,0.0,0.0
2025-11-26,1,pw_suez_canal_capacity_z,sp500,0.0,0.0
2025-11-26,1,pw_suez_canal_capacity_z,vix,0.0,0.0
2025-11-26,1,pw_suez_canal_capacity_z,us2y,0.0,0.0
2025-11-26,1,pw_suez_canal_capacity_z,us10y,0.0,0.0
2025-11-26,1,pw_suez_canal_capacity_z,wti,0.0,0.0
2025-11-26,1,pw_suez_canal_capacity_z,brent,0.0,0.0
2025-11-26,1,pw_suez_canal_capacity_z,henry_hub,0.0,0.0
2025-11-26,1,pw_suez_canal_n_total_z,audusd,0.0032845285601623194,0.0032845285601623194
2025-11-26,1,pw_suez_canal_n_total_z,brlusd,0.0,0.0
2025-11-26,1,pw_suez_canal_n_total_z,cnyusd,0.0,0.0
2025-11-26,1,pw_suez_canal_n_total_z,krwusd,0.0,0.0
2025-11-26,1,pw_suez_canal_n_total_z,eurusd,0.032233520734187844,0.032233520734187844
2025-11-26,1,pw_suez_canal_n_total_z,sp500,0.0,0.0
2025-11-26,1,pw_suez_canal_n_total_z,vix,0.0,0.0
2025-11-26,1,pw_suez_canal_n_total_z,us2y,0.0,0.0
2025-11-26,1,pw_suez_canal_n_total_z,us10y,0.0,0.0
2025-11-26,1,pw_suez_canal_n_total_z,wti,0.0,0.0
2025-11-26,1,pw_suez_canal_n_total_z,brent,0.0,0.0
2025-11-26,1,pw_suez_canal_n_total_z,henry_hub,0.0,0.0
2026-01-06,1,pw_bab_el_mandeb_strait_capacity_z,audusd,0.0,0.0
2026-01-06,1,pw_bab_el_mandeb_strait_capacity_z,brlusd,0.0,0.0
2026-01-06,1,pw_bab_el_mandeb_strait_capacity_z,cnyusd,0.0,0.0
2026-01-06,1,pw_bab_el_mandeb_strait_capacity_z,krwusd,0.0,0.0
2026-01-06,1,pw_bab_el_mandeb_strait_capacity_z,eurusd,0.0,0.0
2026-01-06,1,pw_bab_el_mandeb_strait_capacity_z,sp500,0.0,0.0
2026-01-06,1,pw_bab_el_mandeb_strait_capacity_z,vix,0.0,0.0
2026-01-06,1,pw_bab_el_mandeb_strait_capacity_z,us2y,0.0,0.0
2026-01-06,1,pw_bab_el_mandeb_strait_capacity_z,us10y,0.0,0.0
2026-01-06,1,pw_bab_el_mandeb_strait_capacity_z,wti,0.0,0.0
2026-01-06,1,pw_bab_el_mandeb_strait_capacity_z,brent,0.0,0.0
2026-01-06,1,pw_bab_el_mandeb_strait_capacity_z,henry_hub,0.0,0.0
2026-01-06,1,pw_bab_el_mandeb_strait_n_total_z,audusd,0.0,0.0
2026-01-06,1,pw_bab_el_mandeb_strait_n_total_z,brlusd,0.0350354433011966,0.0350354433011966
2026-01-06,1,pw_bab_el_mandeb_strait_n_total_z,cnyusd,0.0,0.0
2026-01-06,1,pw_bab_el_mandeb_strait_n_total_z,krwusd,0.0,0.0
2026-01-06,1,pw_bab_el_mandeb_strait_n_total_z,eurusd,0.0,0.0
2026-01-06,1,pw_bab_el_mandeb_strait_n_total_z,sp500,0.0,0.0
2026-01-06,1,pw_bab_el_mandeb_strait_n_total_z,vix,0.0,0.0
2026-01-06,1,pw_bab_el_mandeb_strait_n_total_z,us2y,0.0,0.0
2026-01-06,1,pw_bab_el_mandeb_strait_n_total_z,us10y,0.028393236199509637,-0.028393236199509637
2026-01-06,1,pw_bab_el_mandeb_strait_n_total_z,wti,0.0,0.0
2026-01-06,1,pw_bab_el_mandeb_strait_n_total_z,brent,0.0,0.0
2026-01-06,1,pw_bab_el_mandeb_strait_n_total_z,henry_hub,0.019048665463309477,-0.019048665463309477
2026-01-06,1,pw_cape_of_good_hope_capacity_z,audusd,0.0,0.0
2026-01-06,1,pw_cape_of_good_hope_capacity_z,brlusd,0.004415504180933684,-0.004415504180933684
2026-01-06,1,pw_cape_of_good_hope_capacity_z,cnyusd,0.009109007712034012,-0.009109007712034012
2026-01-06,1,pw_cape_of_good_hope_capacity_z,krwusd,0.0,0.0
2026-01-06,1,pw_cape_of_good_hope_capacity_z,eurusd,0.015562726867216412,-0.015562726867216412
2026-01-06,1,pw_cape_of_good_hope_capacity_z,sp500,0.028029825798528564,0.02239326602650213
2026-01-06,1,pw_cape_of_good_hope_capacity_z,vix,0.0,0.0
2026-01-06,1,pw_cape_of_good_hope_capacity_z,us2y,0.0,0.0
2026-01-06,1,pw_cape_of_good_hope_capacity_z,us10y,0.0,0.0
2026-01-06,1,pw_cape_of_good_hope_capacity_z,wti,0.018715294811748395,0.018715294811748395
2026-01-06,1,pw_cape_of_good_hope_capacity_z,brent,0.0,0.0
2026-01-06,1,pw_cape_of_good_hope_capacity_z,henry_hub,0.0,0.0
2026-01-06,1,pw_cape_of_good_hope_n_total_z,audusd,0.0,0.0
2026-01-06,1,pw_cape_of_good_hope_n_total_z,brlusd,0.0,0.0
2026-01-06,1,pw_cape_of_good_hope_n_total_z,cnyusd,0.0,0.0
2026-01-06,1,pw_cape_of_good_hope_n_total_z,krwusd,0.0,0.0
2026-01-06,1,pw_cape_of_good_hope_n_total_z,eurusd,0.017056342655076343,-0.017056342655076343
2026-01-06,1,pw_cape_of_good_hope_n_total_z,sp500,0.0,0.0
2026-01-06,1,pw_cape_of_good_hope_n_total_z,vix,0.0,0.0
2026-01-06,1,pw_cape_of_good_hope_n_total_z,us2y,0.01644674750018097,0.01644674750018097
2026-01-06,1,pw_cape_of_good_hope_n_total_z,us10y,0.0,0.0
2026-01-06,1,pw_cape_of_good_hope_n_total_z,wti,0.0,0.0
2026-01-06,1,pw_cape_of_good_hope_n_total_z,brent,0.0,0.0
2026-01-06,1,pw_cape_of_good_hope_n_total_z,henry_hub,0.0,0.0
2026-01-06,1,pw_malacca_strait_capacity_z,audusd,0.009191362090103402,0.009191362090103402
2026-01-06,1,pw_malacca_strait_capacity_z,brlusd,0.04627975162340543,0.0458821319137006
2026-01-06,1,pw_malacca_strait_capacity_z,cnyusd,0.028821460514197463,0.018853751984791937
2026-01-06,1,pw_malacca_strait_capacity_z,krwusd,0.017655896377515842,0.017655896377515842
2026-01-06,1,pw_malacca_strait_capacity_z,eurusd,0.0,0.0
2026-01-06,1,pw_malacca_strait_capacity_z,sp500,0.06043223000036674,0.03351051678070325
2026-01-06,1,pw_malacca_strait_capacity_z,vix,0.0383653566663645,-0.0383653566663645
2026-01-06,1,pw_malacca_strait_capacity_z,us2y,0.021837078578877088,0.021837078578877088
2026-01-06,1,pw_malacca_strait_capacity_z,us10y,0.0,0.0
2026-01-06,1,pw_malacca_strait_capacity_z,wti,0.0,0.0
2026-01-06,1,pw_malacca_strait_capacity_z,brent,0.013412666112897213,0.010393287545022858
2026-01-06,1,pw_malacca_strait_capacity_z,henry_hub,0.0,0.0
2026-01-06,1,pw_malacca_strait_n_total_z,audusd,0.0,0.0
2026-01-06,1,pw_malacca_strait_n_total_z,brlusd,0.0,0.0
2026-01-06,1,pw_malacca_strait_n_total_z,cnyusd,0.01876971656857658,0.01876971656857658
2026-01-06,1,pw_malacca_strait_n_total_z,krwusd,0.0,0.0
2026-01-06,1,pw_malacca_strait_n_total_z,eurusd,0.0003727850878818295,0.0003727850878818295
2026-01-06,1,pw_malacca_strait_n_total_z,sp500,0.0,0.0
2026-01-06,1,pw_malacca_strait_n_total_z,vix,0.0,0.0
2026-01-06,1,pw_malacca_strait_n_total_z,us2y,0.0,0.0
2026-01-06,1,pw_malacca_strait_n_total_z,us10y,0.026991817030882225,0.026991817030882225
2026-01-06,1,pw_malacca_strait_n_total_z,wti,0.0,0.0
2026-01-06,1,pw_malacca_strait_n_total_z,brent,0.0,0.0
2026-01-06,1,pw_malacca_strait_n_total_z,henry_hub,0.0,0.0
2026-01-06,1,pw_panama_canal_capacity_z,audusd,0.0,0.0
2026-01-06,1,pw_panama_canal_capacity_z,brlusd,0.0,0.0
2026-01-06,1,pw_panama_canal_capacity_z,cnyusd,0.0,0.0
2026-01-06,1,pw_panama_canal_capacity_z,krwusd,0.0,0.0
2026-01-06,1,pw_panama_canal_capacity_z,eurusd,0.0,0.0
2026-01-06,1,pw_panama_canal_capacity_z,sp500,0.0,0.0
2026-01-06,1,pw_panama_canal_capacity_z,vix,0.0,0.0
2026-01-06,1,pw_panama_canal_capacity_z,us2y,0.0,0.0
2026-01-06,1,pw_panama_canal_capacity_z,us10y,0.0,0.0
2026-01-06,1,pw_panama_canal_capacity_z,wti,0.0,0.0
2026-01-06,1,pw_panama_canal_capacity_z,brent,0.0,0.0
2026-01-06,1,pw_panama_canal_capacity_z,henry_hub,0.0,0.0
2026-01-06,1,pw_panama_canal_n_total_z,audusd,0.0,0.0
2026-01-06,1,pw_panama_canal_n_total_z,brlusd,0.0,0.0
2026-01-06,1,pw_panama_canal_n_total_z,cnyusd,0.0,0.0
2026-01-06,1,pw_panama_canal_n_total_z,krwusd,0.0,0.0
2026-01-06,1,pw_panama_canal_n_total_z,eurusd,0.0,0.0
2026-01-06,1,pw_panama_canal_n_total_z,sp500,0.0,0.0
2026-01-06,1,pw_panama_canal_n_total_z,vix,0.0,0.0
2026-01-06,1,pw_panama_canal_n_total_z,us2y,0.0,0.0
2026-01-06,1,pw_panama_canal_n_total_z,us10y,0.014187531355595818,0.009606970163327866
2026-01-06,1,pw_panama_canal_n_total_z,wti,0.0,0.0
2026-01-06,1,pw_panama_canal_n_total_z,brent,0.0,0.0
2026-01-06,1,pw_panama_canal_n_total_z,henry_hub,0.0,0.0
2026-01-06,1,pw_strait_of_hormuz_capacity_z,audusd,0.01766025925238464,-0.01766025925238464
2026-01-06,1,pw_strait_of_hormuz_capacity_z,brlusd,0.0,0.0
2026-01-06,1,pw_strait_of_hormuz_capacity_z,cnyusd,0.0,0.0
2026-01-06,1,pw_strait_of_hormuz_capacity_z,krwusd,0.03482867422551895,-0.030492807620723057
2026-01-06,1,pw_strait_of_hormuz_capacity_z,eurusd,0.0087276539490477,-0.0087276539490477
2026-01-06,1,pw_strait_of_hormuz_capacity_z,sp500,0.0,0.0
2026-01-06,1,pw_strait_of_hormuz_capacity_z,vix,0.0,0.0
2026-01-06,1,pw_strait_of_hormuz_capacity_z,us2y,0.015585205567855885,-0.007742698190903818
2026-01-06,1,pw_strait_of_hormuz_capacity_z,us10y,0.022315831079552713,-0.022315831079552713
2026-01-06,1,pw_strait_of_hormuz_capacity_z,wti,0.04895950440595244,0.025825373101692632
2026-01-06,1,pw_strait_of_hormuz_capacity_z,brent,0.049508776029801735,0.046652849552038404
2026-01-06,1,pw_strait_of_hormuz_capacity_z,henry_hub,0.0,0.0
2026-01-06,1,pw_strait_of_hormuz_n_total_z,audusd,0.0,0.0
2026-01-06,1,pw_strait_of_hormuz_n_total_z,brlusd,0.0,0.0
2026-01-06,1,pw_strait_of_hormuz_n_total_z,cnyusd,0.0,0.0
2026-01-06,1,pw_strait_of_hormuz_n_total_z,krwusd,0.0,0.0
2026-01-06,1,pw_strait_of_hormuz_n_total_z,eurusd,0.0,0.0
2026-01-06,1,pw_strait_of_hormuz_n_total_z,sp500,0.0,0.0
2026-01-06,1,pw_strait_of_hormuz_n_total_z,vix,0.0,0.0
2026-01-06,1,pw_strait_of_hormuz_n_total_z,us2y,0.027494105986700417,0.027494105986700417
2026-01-06,1,pw_strait_of_hormuz_n_total_z,us10y,0.025101475458154367,0.025101475458154367
2026-01-06,1,pw_strait_of_hormuz_n_total_z,wti,0.0,0.0
2026-01-06,1,pw_strait_of_hormuz_n_total_z,brent,0.0,0.0
2026-01-06,1,pw_strait_of_hormuz_n_total_z,henry_hub,0.03244333036650127,0.03244333036650127
2026-01-06,1,pw_suez_canal_capacity_z,audusd,0.0,0.0
2026-01-06,1,pw_suez_canal_capacity_z,brlusd,0.0,0.0
2026-01-06,1,pw_suez_canal_capacity_z,cnyusd,0.0,0.0
2026-01-06,1,pw_suez_canal_capacity_z,krwusd,0.0,0.0
2026-01-06,1,pw_suez_canal_capacity_z,eurusd,0.0,0.0
2026-01-06,1,pw_suez_canal_capacity_z,sp500,0.006617938911458515,-0.006617938911458515
2026-01-06,1,pw_suez_canal_capacity_z,vix,0.0,0.0
2026-01-06,1,pw_suez_canal_capacity_z,us2y,0.0,0.0
2026-01-06,1,pw_suez_canal_capacity_z,us10y,0.0,0.0
2026-01-06,1,pw_suez_canal_capacity_z,wti,0.0,0.0
2026-01-06,1,pw_suez_canal_capacity_z,brent,0.0,0.0
2026-01-06,1,pw_suez_canal_capacity_z,henry_hub,0.0,0.0
2026-01-06,1,pw_suez_canal_n_total_z,audusd,0.024361963127847823,0.024361963127847823
2026-01-06,1,pw_suez_canal_n_total_z,brlusd,0.0,0.0
2026-01-06,1,pw_suez_canal_n_total_z,cnyusd,0.0,0.0
2026-01-06,1,pw_suez_canal_n_total_z,krwusd,0.0,0.0
2026-01-06,1,pw_suez_canal_n_total_z,eurusd,0.03296989862982123,0.03296989862982123
2026-01-06,1,pw_suez_canal_n_total_z,sp500,0.0,0.0
2026-01-06,1,pw_suez_canal_n_total_z,vix,0.0,0.0
2026-01-06,1,pw_suez_canal_n_total_z,us2y,0.0,0.0
2026-01-06,1,pw_suez_canal_n_total_z,us10y,0.0,0.0
2026-01-06,1,pw_suez_canal_n_total_z,wti,0.0,0.0
2026-01-06,1,pw_suez_canal_n_total_z,brent,0.0,0.0
2026-01-06,1,pw_suez_canal_n_total_z,henry_hub,0.0,0.0
2026-02-05,1,pw_bab_el_mandeb_strait_capacity_z,audusd,0.008302381358005642,0.008302381358005642
2026-02-05,1,pw_bab_el_mandeb_strait_capacity_z,brlusd,0.0,0.0
2026-02-05,1,pw_bab_el_mandeb_strait_capacity_z,cnyusd,0.0,0.0
2026-02-05,1,pw_bab_el_mandeb_strait_capacity_z,krwusd,0.0,0.0
2026-02-05,1,pw_bab_el_mandeb_strait_capacity_z,eurusd,0.0,0.0
2026-02-05,1,pw_bab_el_mandeb_strait_capacity_z,sp500,0.0,0.0
2026-02-05,1,pw_bab_el_mandeb_strait_capacity_z,vix,0.0,0.0
2026-02-05,1,pw_bab_el_mandeb_strait_capacity_z,us2y,0.0,0.0
2026-02-05,1,pw_bab_el_mandeb_strait_capacity_z,us10y,0.0,0.0
2026-02-05,1,pw_bab_el_mandeb_strait_capacity_z,wti,0.0,0.0
2026-02-05,1,pw_bab_el_mandeb_strait_capacity_z,brent,0.0,0.0
2026-02-05,1,pw_bab_el_mandeb_strait_capacity_z,henry_hub,0.0,0.0
2026-02-05,1,pw_bab_el_mandeb_strait_n_total_z,audusd,0.0,0.0
2026-02-05,1,pw_bab_el_mandeb_strait_n_total_z,brlusd,0.02942885576034783,0.02942885576034783
2026-02-05,1,pw_bab_el_mandeb_strait_n_total_z,cnyusd,0.0,0.0
2026-02-05,1,pw_bab_el_mandeb_strait_n_total_z,krwusd,0.0,0.0
2026-02-05,1,pw_bab_el_mandeb_strait_n_total_z,eurusd,0.0,0.0
2026-02-05,1,pw_bab_el_mandeb_strait_n_total_z,sp500,0.0,0.0
2026-02-05,1,pw_bab_el_mandeb_strait_n_total_z,vix,0.0,0.0
2026-02-05,1,pw_bab_el_mandeb_strait_n_total_z,us2y,0.0,0.0
2026-02-05,1,pw_bab_el_mandeb_strait_n_total_z,us10y,0.027162571365992965,-0.027162571365992965
2026-02-05,1,pw_bab_el_mandeb_strait_n_total_z,wti,0.0,0.0
2026-02-05,1,pw_bab_el_mandeb_strait_n_total_z,brent,0.0,0.0
2026-02-05,1,pw_bab_el_mandeb_strait_n_total_z,henry_hub,0.0,0.0
2026-02-05,1,pw_cape_of_good_hope_capacity_z,audusd,0.0,0.0
2026-02-05,1,pw_cape_of_good_hope_capacity_z,brlusd,0.009750468379874543,-0.009750468379874543
2026-02-05,1,pw_cape_of_good_hope_capacity_z,cnyusd,0.007941139026660028,-0.007941139026660028
2026-02-05,1,pw_cape_of_good_hope_capacity_z,krwusd,0.0,0.0
2026-02-05,1,pw_cape_of_good_hope_capacity_z,eurusd,0.0,0.0
2026-02-05,1,pw_cape_of_good_hope_capacity_z,sp500,0.03288668323722688,0.025757234303054266
2026-02-05,1,pw_cape_of_good_hope_capacity_z,vix,0.0,0.0
2026-02-05,1,pw_cape_of_good_hope_capacity_z,us2y,0.0,0.0
2026-02-05,1,pw_cape_of_good_hope_capacity_z,us10y,0.0,0.0
2026-02-05,1,pw_cape_of_good_hope_capacity_z,wti,0.013770434615855155,0.013770434615855155
2026-02-05,1,pw_cape_of_good_hope_capacity_z,brent,0.0,0.0
2026-02-05,1,pw_cape_of_good_hope_capacity_z,henry_hub,0.0,0.0
2026-02-05,1,pw_cape_of_good_hope_n_total_z,audusd,0.0,0.0
2026-02-05,1,pw_cape_of_good_hope_n_total_z,brlusd,0.0,0.0
2026-02-05,1,pw_cape_of_good_hope_n_total_z,cnyusd,0.0,0.0
2026-02-05,1,pw_cape_of_good_hope_n_total_z,krwusd,0.0,0.0
2026-02-05,1,pw_cape_of_good_hope_n_total_z,eurusd,0.03642438470047288,-0.03642438470047288
2026-02-05,1,pw_cape_of_good_hope_n_total_z,sp500,0.0,0.0
2026-02-05,1,pw_cape_of_good_hope_n_total_z,vix,0.0,0.0
2026-02-05,1,pw_cape_of_good_hope_n_total_z,us2y,0.01617903206215795,0.01617903206215795
2026-02-05,1,pw_cape_of_good_hope_n_total_z,us10y,0.0,0.0
2026-02-05,1,pw_cape_of_good_hope_n_total_z,wti,0.0,0.0
2026-02-05,1,pw_cape_of_good_hope_n_total_z,brent,0.0,0.0
2026-02-05,1,pw_cape_of_good_hope_n_total_z,henry_hub,0.0,0.0
2026-02-05,1,pw_malacca_strait_capacity_z,audusd,0.012633157331625218,0.012633157331625218
2026-02-05,1,pw_malacca_strait_capacity_z,brlusd,0.04544690020923256,0.03821304867068249
2026-02-05,1,pw_malacca_strait_capacity_z,cnyusd,0.027403075362198694,0.020134338523821065
2026-02-05,1,pw_malacca_strait_capacity_z,krwusd,0.005308447640406385,0.005308447640406385
2026-02-05,1,pw_malacca_strait_capacity_z,eurusd,0.0,0.0
2026-02-05,1,pw_malacca_strait_capacity_z,sp500,0.05472579633846128,0.03974772713007567
2026-02-05,1,pw_malacca_strait_capacity_z,vix,0.03269805945844469,-0.03269805945844469
2026-02-05,1,pw_malacca_strait_capacity_z,us2y,0.025123030871400383,0.025123030871400383
2026-02-05,1,pw_malacca_strait_capacity_z,us10y,0.0,0.0
2026-02-05,1,pw_malacca_strait_capacity_z,wti,0.0,0.0
2026-02-05,1,pw_malacca_strait_capacity_z,brent,0.01025602556896542,0.01025602556896542
2026-02-05,1,pw_malacca_strait_capacity_z,henry_hub,0.028086553596130538,-0.028086553596130538
2026-02-05,1,pw_malacca_strait_n_total_z,audusd,0.0,0.0
2026-02-05,1,pw_malacca_strait_n_total_z,brlusd,0.0,0.0
2026-02-05,1,pw_malacca_strait_n_total_z,cnyusd,0.021965471709052862,0.021965471709052862
2026-02-05,1,pw_malacca_strait_n_total_z,krwusd,0.0,0.0
2026-02-05,1,pw_malacca_strait_n_total_z,eurusd,0.0,0.0
2026-02-05,1,pw_malacca_strait_n_total_z,sp500,0.0,0.0
2026-02-05,1,pw_malacca_strait_n_total_z,vix,0.0,0.0
2026-02-05,1,pw_malacca_strait_n_total_z,us2y,0.0,0.0
2026-02-05,1,pw_malacca_strait_n_total_z,us10y,0.025659145528896164,0.025659145528896164
2026-02-05,1,pw_malacca_strait_n_total_z,wti,0.0,0.0
2026-02-05,1,pw_malacca_strait_n_total_z,brent,0.0,0.0
2026-02-05,1,pw_malacca_strait_n_total_z,henry_hub,0.0,0.0
2026-02-05,1,pw_panama_canal_capacity_z,audusd,0.0,0.0
2026-02-05,1,pw_panama_canal_capacity_z,brlusd,0.0,0.0
2026-02-05,1,pw_panama_canal_capacity_z,cnyusd,0.0,0.0
2026-02-05,1,pw_panama_canal_capacity_z,krwusd,0.0,0.0
2026-02-05,1,pw_panama_canal_capacity_z,eurusd,0.0,0.0
2026-02-05,1,pw_panama_canal_capacity_z,sp500,0.0,0.0
2026-02-05,1,pw_panama_canal_capacity_z,vix,0.0,0.0
2026-02-05,1,pw_panama_canal_capacity_z,us2y,0.0,0.0
2026-02-05,1,pw_panama_canal_capacity_z,us10y,0.0,0.0
2026-02-05,1,pw_panama_canal_capacity_z,wti,0.0,0.0
2026-02-05,1,pw_panama_canal_capacity_z,brent,1.7190597841117096e-05,-1.7190597841117096e-05
2026-02-05,1,pw_panama_canal_capacity_z,henry_hub,0.03025580084090645,-0.03025580084090645
2026-02-05,1,pw_panama_canal_n_total_z,audusd,0.0,0.0
2026-02-05,1,pw_panama_canal_n_total_z,brlusd,0.0,0.0
2026-02-05,1,pw_panama_canal_n_total_z,cnyusd,0.0,0.0
2026-02-05,1,pw_panama_canal_n_total_z,krwusd,0.0,0.0
2026-02-05,1,pw_panama_canal_n_total_z,eurusd,0.0,0.0
2026-02-05,1,pw_panama_canal_n_total_z,sp500,0.0,0.0
2026-02-05,1,pw_panama_canal_n_total_z,vix,0.0,0.0
2026-02-05,1,pw_panama_canal_n_total_z,us2y,0.0,0.0
2026-02-05,1,pw_panama_canal_n_total_z,us10y,0.012668075794821513,0.009177725481702112
2026-02-05,1,pw_panama_canal_n_total_z,wti,0.0,0.0
2026-02-05,1,pw_panama_canal_n_total_z,brent,0.0,0.0
2026-02-05,1,pw_panama_canal_n_total_z,henry_hub,0.0,0.0
2026-02-05,1,pw_strait_of_hormuz_capacity_z,audusd,0.01924467079692252,-0.01924467079692252
2026-02-05,1,pw_strait_of_hormuz_capacity_z,brlusd,0.0,0.0
2026-02-05,1,pw_strait_of_hormuz_capacity_z,cnyusd,0.0,0.0
2026-02-05,1,pw_strait_of_hormuz_capacity_z,krwusd,0.04056971183317496,-0.030732027707202163
2026-02-05,1,pw_strait_of_hormuz_capacity_z,eurusd,0.0035000333237879835,-0.0035000333237879835
2026-02-05,1,pw_strait_of_hormuz_capacity_z,sp500,0.0,0.0
2026-02-05,1,pw_strait_of_hormuz_capacity_z,vix,0.0,0.0
2026-02-05,1,pw_strait_of_hormuz_capacity_z,us2y,0.007931678563893232,-0.0056729231647808884
2026-02-05,1,pw_strait_of_hormuz_capacity_z,us10y,0.022384328182982517,-0.022384328182982517
2026-02-05,1,pw_strait_of_hormuz_capacity_z,wti,0.045875745173838876,0.039585993159198515
2026-02-05,1,pw_strait_of_hormuz_capacity_z,brent,0.04902194588528405,0.04902194588528405
2026-02-05,1,pw_strait_of_hormuz_capacity_z,henry_hub,0.003728567182160186,0.003728567182160186
2026-02-05,1,pw_strait_of_hormuz_n_total_z,audusd,0.0,0.0
2026-02-05,1,pw_strait_of_hormuz_n_total_z,brlusd,0.0,0.0
2026-02-05,1,pw_strait_of_hormuz_n_total_z,cnyusd,0.0,0.0
2026-02-05,1,pw_strait_of_hormuz_n_total_z,krwusd,0.0,0.0
2026-02-05,1,pw_strait_of_hormuz_n_total_z,eurusd,0.0,0.0
2026-02-05,1,pw_strait_of_hormuz_n_total_z,sp500,0.0,0.0
2026-02-05,1,pw_strait_of_hormuz_n_total_z,vix,0.0,0.0
2026-02-05,1,pw_strait_of_hormuz_n_total_z,us2y,0.020636771795833023,0.020636771795833023
2026-02-05,1,pw_strait_of_hormuz_n_total_z,us10y,0.021891612247126525,0.021891612247126525
2026-02-05,1,pw_strait_of_hormuz_n_total_z,wti,0.0,0.0
2026-02-05,1,pw_strait_of_hormuz_n_total_z,brent,0.0,0.0
2026-02-05,1,pw_strait_of_hormuz_n_total_z,henry_hub,0.040410275257641966,0.0368271661082612
2026-02-05,1,pw_suez_canal_capacity_z,audusd,0.0,0.0
2026-02-05,1,pw_suez_canal_capacity_z,brlusd,0.0,0.0
2026-02-05,1,pw_suez_canal_capacity_z,cnyusd,0.0,0.0
2026-02-05,1,pw_suez_canal_capacity_z,krwusd,0.0,0.0
2026-02-05,1,pw_suez_canal_capacity_z,eurusd,0.0,0.0
2026-02-05,1,pw_suez_canal_capacity_z,sp500,0.0,0.0
2026-02-05,1,pw_suez_canal_capacity_z,vix,0.0,0.0
2026-02-05,1,pw_suez_canal_capacity_z,us2y,0.0,0.0
2026-02-05,1,pw_suez_canal_capacity_z,us10y,0.0,0.0
2026-02-05,1,pw_suez_canal_capacity_z,wti,0.0,0.0
2026-02-05,1,pw_suez_canal_capacity_z,brent,0.0,0.0
2026-02-05,1,pw_suez_canal_capacity_z,henry_hub,0.0,0.0
2026-02-05,1,pw_suez_canal_n_total_z,audusd,0.017658284297462273,0.017658284297462273
2026-02-05,1,pw_suez_canal_n_total_z,brlusd,0.0,0.0
2026-02-05,1,pw_suez_canal_n_total_z,cnyusd,0.0,0.0
2026-02-05,1,pw_suez_canal_n_total_z,krwusd,0.0,0.0
2026-02-05,1,pw_suez_canal_n_total_z,eurusd,0.026573916917464215,0.026573916917464215
2026-02-05,1,pw_suez_canal_n_total_z,sp500,0.0,0.0
2026-02-05,1,pw_suez_canal_n_total_z,vix,0.0,0.0
2026-02-05,1,pw_suez_canal_n_total_z,us2y,0.0,0.0
2026-02-05,1,pw_suez_canal_n_total_z,us10y,0.0,0.0
2026-02-05,1,pw_suez_canal_n_total_z,wti,0.0,0.0
2026-02-05,1,pw_suez_canal_n_total_z,brent,0.0,0.0
2026-02-05,1,pw_suez_canal_n_total_z,henry_hub,0.0,0.0
2026-03-09,1,pw_bab_el_mandeb_strait_capacity_z,audusd,0.0,0.0
2026-03-09,1,pw_bab_el_mandeb_strait_capacity_z,brlusd,0.0,0.0
2026-03-09,1,pw_bab_el_mandeb_strait_capacity_z,cnyusd,0.0,0.0
2026-03-09,1,pw_bab_el_mandeb_strait_capacity_z,krwusd,0.0,0.0
2026-03-09,1,pw_bab_el_mandeb_strait_capacity_z,eurusd,0.0,0.0
2026-03-09,1,pw_bab_el_mandeb_strait_capacity_z,sp500,0.0,0.0
2026-03-09,1,pw_bab_el_mandeb_strait_capacity_z,vix,0.0,0.0
2026-03-09,1,pw_bab_el_mandeb_strait_capacity_z,us2y,0.0,0.0
2026-03-09,1,pw_bab_el_mandeb_strait_capacity_z,us10y,0.0,0.0
2026-03-09,1,pw_bab_el_mandeb_strait_capacity_z,wti,0.0,0.0
2026-03-09,1,pw_bab_el_mandeb_strait_capacity_z,brent,0.0,0.0
2026-03-09,1,pw_bab_el_mandeb_strait_capacity_z,henry_hub,0.0,0.0
2026-03-09,1,pw_bab_el_mandeb_strait_n_total_z,audusd,0.0,0.0
2026-03-09,1,pw_bab_el_mandeb_strait_n_total_z,brlusd,0.01984911446079013,0.01984911446079013
2026-03-09,1,pw_bab_el_mandeb_strait_n_total_z,cnyusd,0.0,0.0
2026-03-09,1,pw_bab_el_mandeb_strait_n_total_z,krwusd,0.0,0.0
2026-03-09,1,pw_bab_el_mandeb_strait_n_total_z,eurusd,0.0,0.0
2026-03-09,1,pw_bab_el_mandeb_strait_n_total_z,sp500,0.0,0.0
2026-03-09,1,pw_bab_el_mandeb_strait_n_total_z,vix,0.0,0.0
2026-03-09,1,pw_bab_el_mandeb_strait_n_total_z,us2y,0.0,0.0
2026-03-09,1,pw_bab_el_mandeb_strait_n_total_z,us10y,0.01651479961358363,-0.01183951678488827
2026-03-09,1,pw_bab_el_mandeb_strait_n_total_z,wti,0.0,0.0
2026-03-09,1,pw_bab_el_mandeb_strait_n_total_z,brent,0.0,0.0
2026-03-09,1,pw_bab_el_mandeb_strait_n_total_z,henry_hub,0.0,0.0
2026-03-09,1,pw_cape_of_good_hope_capacity_z,audusd,0.0,0.0
2026-03-09,1,pw_cape_of_good_hope_capacity_z,brlusd,0.01667354910452171,-0.01667354910452171
2026-03-09,1,pw_cape_of_good_hope_capacity_z,cnyusd,0.008003898846482047,-0.008003898846482047
2026-03-09,1,pw_cape_of_good_hope_capacity_z,krwusd,0.0,0.0
2026-03-09,1,pw_cape_of_good_hope_capacity_z,eurusd,0.0,0.0
2026-03-09,1,pw_cape_of_good_hope_capacity_z,sp500,0.03249784746069064,0.021627551455310205
2026-03-09,1,pw_cape_of_good_hope_capacity_z,vix,0.0,0.0
2026-03-09,1,pw_cape_of_good_hope_capacity_z,us2y,0.0,0.0
2026-03-09,1,pw_cape_of_good_hope_capacity_z,us10y,0.0,0.0
2026-03-09,1,pw_cape_of_good_hope_capacity_z,wti,0.005384491071010593,0.005384491071010593
2026-03-09,1,pw_cape_of_good_hope_capacity_z,brent,0.0,0.0
2026-03-09,1,pw_cape_of_good_hope_capacity_z,henry_hub,0.0,0.0
2026-03-09,1,pw_cape_of_good_hope_n_total_z,audusd,0.0,0.0
2026-03-09,1,pw_cape_of_good_hope_n_total_z,brlusd,0.0,0.0
2026-03-09,1,pw_cape_of_good_hope_n_total_z,cnyusd,0.0,0.0
2026-03-09,1,pw_cape_of_good_hope_n_total_z,krwusd,0.0,0.0
2026-03-09,1,pw_cape_of_good_hope_n_total_z,eurusd,0.04169852341819149,-0.04169852341819149
2026-03-09,1,pw_cape_of_good_hope_n_total_z,sp500,0.0,0.0
2026-03-09,1,pw_cape_of_good_hope_n_total_z,vix,0.0,0.0
2026-03-09,1,pw_cape_of_good_hope_n_total_z,us2y,0.012572883165207698,0.012572883165207698
2026-03-09,1,pw_cape_of_good_hope_n_total_z,us10y,0.0,0.0
2026-03-09,1,pw_cape_of_good_hope_n_total_z,wti,0.0,0.0
2026-03-09,1,pw_cape_of_good_hope_n_total_z,brent,0.0,0.0
2026-03-09,1,pw_cape_of_good_hope_n_total_z,henry_hub,0.0,0.0
2026-03-09,1,pw_malacca_strait_capacity_z,audusd,0.016604829137096093,0.016604829137096093
2026-03-09,1,pw_malacca_strait_capacity_z,brlusd,0.04736678230991455,0.02779922793035346
2026-03-09,1,pw_malacca_strait_capacity_z,cnyusd,0.02951689600756491,0.02890283280086869
2026-03-09,1,pw_malacca_strait_capacity_z,krwusd,0.00442118882890866,0.00442118882890866
2026-03-09,1,pw_malacca_strait_capacity_z,eurusd,0.0,0.0
2026-03-09,1,pw_malacca_strait_capacity_z,sp500,0.05365039289427031,0.05365039289427031
2026-03-09,1,pw_malacca_strait_capacity_z,vix,0.029856494836557963,-0.029856494836557963
2026-03-09,1,pw_malacca_strait_capacity_z,us2y,0.020218543816152783,0.020218543816152783
2026-03-09,1,pw_malacca_strait_capacity_z,us10y,0.0,0.0
2026-03-09,1,pw_malacca_strait_capacity_z,wti,0.0,0.0
2026-03-09,1,pw_malacca_strait_capacity_z,brent,0.0,0.0
2026-03-09,1,pw_malacca_strait_capacity_z,henry_hub,0.02755897918559736,-0.02755897918559736
2026-03-09,1,pw_malacca_strait_n_total_z,audusd,0.0,0.0
2026-03-09,1,pw_malacca_strait_n_total_z,brlusd,0.0,0.0
2026-03-09,1,pw_malacca_strait_n_total_z,cnyusd,0.025425430369315653,0.025425430369315653
2026-03-09,1,pw_malacca_strait_n_total_z,krwusd,0.0,0.0
2026-03-09,1,pw_malacca_strait_n_total_z,eurusd,0.005140546794682178,0.005140546794682178
2026-03-09,1,pw_malacca_strait_n_total_z,sp500,0.0,0.0
2026-03-09,1,pw_malacca_strait_n_total_z,vix,0.0,0.0
2026-03-09,1,pw_malacca_strait_n_total_z,us2y,0.0,0.0
2026-03-09,1,pw_malacca_strait_n_total_z,us10y,0.011296061691403963,0.011296061691403963
2026-03-09,1,pw_malacca_strait_n_total_z,wti,0.0,0.0
2026-03-09,1,pw_malacca_strait_n_total_z,brent,0.0,0.0
2026-03-09,1,pw_malacca_strait_n_total_z,henry_hub,0.0,0.0
2026-03-09,1,pw_panama_canal_capacity_z,audusd,0.0,0.0
2026-03-09,1,pw_panama_canal_capacity_z,brlusd,0.0,0.0
2026-03-09,1,pw_panama_canal_capacity_z,cnyusd,0.0,0.0
2026-03-09,1,pw_panama_canal_capacity_z,krwusd,0.0,0.0
2026-03-09,1,pw_panama_canal_capacity_z,eurusd,0.0,0.0
2026-03-09,1,pw_panama_canal_capacity_z,sp500,0.0,0.0
2026-03-09,1,pw_panama_canal_capacity_z,vix,0.0,0.0
2026-03-09,1,pw_panama_canal_capacity_z,us2y,0.0,0.0
2026-03-09,1,pw_panama_canal_capacity_z,us10y,0.0,0.0
2026-03-09,1,pw_panama_canal_capacity_z,wti,0.0,0.0
2026-03-09,1,pw_panama_canal_capacity_z,brent,0.0,0.0
2026-03-09,1,pw_panama_canal_capacity_z,henry_hub,0.02994195173405456,-0.02994195173405456
2026-03-09,1,pw_panama_canal_n_total_z,audusd,0.0,0.0
2026-03-09,1,pw_panama_canal_n_total_z,brlusd,0.0,0.0
2026-03-09,1,pw_panama_canal_n_total_z,cnyusd,0.0,0.0
2026-03-09,1,pw_panama_canal_n_total_z,krwusd,0.0,0.0
2026-03-09,1,pw_panama_canal_n_total_z,eurusd,0.0,0.0
2026-03-09,1,pw_panama_canal_n_total_z,sp500,0.0,0.0
2026-03-09,1,pw_panama_canal_n_total_z,vix,0.0,0.0
2026-03-09,1,pw_panama_canal_n_total_z,us2y,0.0,0.0
2026-03-09,1,pw_panama_canal_n_total_z,us10y,0.0053361886205511265,0.003087361950945033
2026-03-09,1,pw_panama_canal_n_total_z,wti,0.0,0.0
2026-03-09,1,pw_panama_canal_n_total_z,brent,0.0,0.0
2026-03-09,1,pw_panama_canal_n_total_z,henry_hub,0.0,0.0
2026-03-09,1,pw_strait_of_hormuz_capacity_z,audusd,0.02032844209026817,-0.011240791803423009
2026-03-09,1,pw_strait_of_hormuz_capacity_z,brlusd,0.0,0.0
2026-03-09,1,pw_strait_of_hormuz_capacity_z,cnyusd,0.002245354860339787,-0.002245354860339787
2026-03-09,1,pw_strait_of_hormuz_capacity_z,krwusd,0.045021234734592804,-0.038877045566131974
2026-03-09,1,pw_strait_of_hormuz_capacity_z,eurusd,0.0021462446778037192,-0.0021462446778037192
2026-03-09,1,pw_strait_of_hormuz_capacity_z,sp500,0.0,0.0
2026-03-09,1,pw_strait_of_hormuz_capacity_z,vix,0.0,0.0
2026-03-09,1,pw_strait_of_hormuz_capacity_z,us2y,0.005103116534339113,-0.005103116534339113
2026-03-09,1,pw_strait_of_hormuz_capacity_z,us10y,0.021624467138652535,-0.021624467138652535
2026-03-09,1,pw_strait_of_hormuz_capacity_z,wti,0.05439345622814752,0.031709698181344156
2026-03-09,1,pw_strait_of_hormuz_capacity_z,brent,0.05090064259017668,0.03544237125999563
2026-03-09,1,pw_strait_of_hormuz_capacity_z,henry_hub,0.0,0.0
2026-03-09,1,pw_strait_of_hormuz_n_total_z,audusd,0.0,0.0
2026-03-09,1,pw_strait_of_hormuz_n_total_z,brlusd,0.0,0.0
2026-03-09,1,pw_strait_of_hormuz_n_total_z,cnyusd,0.0,0.0
2026-03-09,1,pw_strait_of_hormuz_n_total_z,krwusd,0.0,0.0
2026-03-09,1,pw_strait_of_hormuz_n_total_z,eurusd,0.0,0.0
2026-03-09,1,pw_strait_of_hormuz_n_total_z,sp500,0.0,0.0
2026-03-09,1,pw_strait_of_hormuz_n_total_z,vix,0.0,0.0
2026-03-09,1,pw_strait_of_hormuz_n_total_z,us2y,0.022824422360568676,0.022824422360568676
2026-03-09,1,pw_strait_of_hormuz_n_total_z,us10y,0.029456006008086354,0.029456006008086354
2026-03-09,1,pw_strait_of_hormuz_n_total_z,wti,0.020758870052606057,0.020758870052606057
2026-03-09,1,pw_strait_of_hormuz_n_total_z,brent,0.004766941096630834,0.004766941096630834
2026-03-09,1,pw_strait_of_hormuz_n_total_z,henry_hub,0.045563978712480635,0.045563978712480635
2026-03-09,1,pw_suez_canal_capacity_z,audusd,0.0,0.0
2026-03-09,1,pw_suez_canal_capacity_z,brlusd,0.0,0.0
2026-03-09,1,pw_suez_canal_capacity_z,cnyusd,0.0,0.0
2026-03-09,1,pw_suez_canal_capacity_z,krwusd,0.0,0.0
2026-03-09,1,pw_suez_canal_capacity_z,eurusd,0.0,0.0
2026-03-09,1,pw_suez_canal_capacity_z,sp500,0.00047125759305213083,-0.00047125759305213083
2026-03-09,1,pw_suez_canal_capacity_z,vix,0.0,0.0
2026-03-09,1,pw_suez_canal_capacity_z,us2y,0.0,0.0
2026-03-09,1,pw_suez_canal_capacity_z,us10y,0.0,0.0
2026-03-09,1,pw_suez_canal_capacity_z,wti,0.0,0.0
2026-03-09,1,pw_suez_canal_capacity_z,brent,0.0,0.0
2026-03-09,1,pw_suez_canal_capacity_z,henry_hub,0.0,0.0
2026-03-09,1,pw_suez_canal_n_total_z,audusd,0.023682720351594102,0.023682720351594102
2026-03-09,1,pw_suez_canal_n_total_z,brlusd,0.0,0.0
2026-03-09,1,pw_suez_canal_n_total_z,cnyusd,0.0,0.0
2026-03-09,1,pw_suez_canal_n_total_z,krwusd,0.0,0.0
2026-03-09,1,pw_suez_canal_n_total_z,eurusd,0.013712869196548034,0.013712869196548034
2026-03-09,1,pw_suez_canal_n_total_z,sp500,0.0,0.0
2026-03-09,1,pw_suez_canal_n_total_z,vix,0.0,0.0
2026-03-09,1,pw_suez_canal_n_total_z,us2y,0.0,0.0
2026-03-09,1,pw_suez_canal_n_total_z,us10y,0.0,0.0
2026-03-09,1,pw_suez_canal_n_total_z,wti,0.0,0.0
2026-03-09,1,pw_suez_canal_n_total_z,brent,0.0,0.0
2026-03-09,1,pw_suez_canal_n_total_z,henry_hub,0.0,0.0
2026-04-09,1,pw_bab_el_mandeb_strait_capacity_z,audusd,0.03181939701310873,0.03181939701310873
2026-04-09,1,pw_bab_el_mandeb_strait_capacity_z,brlusd,0.0,0.0
2026-04-09,1,pw_bab_el_mandeb_strait_capacity_z,cnyusd,0.0,0.0
2026-04-09,1,pw_bab_el_mandeb_strait_capacity_z,krwusd,0.0,0.0
2026-04-09,1,pw_bab_el_mandeb_strait_capacity_z,eurusd,0.0,0.0
2026-04-09,1,pw_bab_el_mandeb_strait_capacity_z,sp500,0.0,0.0
2026-04-09,1,pw_bab_el_mandeb_strait_capacity_z,vix,0.0,0.0
2026-04-09,1,pw_bab_el_mandeb_strait_capacity_z,us2y,0.0,0.0
2026-04-09,1,pw_bab_el_mandeb_strait_capacity_z,us10y,0.0,0.0
2026-04-09,1,pw_bab_el_mandeb_strait_capacity_z,wti,0.0,0.0
2026-04-09,1,pw_bab_el_mandeb_strait_capacity_z,brent,0.0,0.0
2026-04-09,1,pw_bab_el_mandeb_strait_capacity_z,henry_hub,0.0,0.0
2026-04-09,1,pw_bab_el_mandeb_strait_n_total_z,audusd,0.0,0.0
2026-04-09,1,pw_bab_el_mandeb_strait_n_total_z,brlusd,0.017369755907160372,0.017369755907160372
2026-04-09,1,pw_bab_el_mandeb_strait_n_total_z,cnyusd,0.0,0.0
2026-04-09,1,pw_bab_el_mandeb_strait_n_total_z,krwusd,0.0,0.0
2026-04-09,1,pw_bab_el_mandeb_strait_n_total_z,eurusd,0.0,0.0
2026-04-09,1,pw_bab_el_mandeb_strait_n_total_z,sp500,0.0,0.0
2026-04-09,1,pw_bab_el_mandeb_strait_n_total_z,vix,0.0,0.0
2026-04-09,1,pw_bab_el_mandeb_strait_n_total_z,us2y,0.0,0.0
2026-04-09,1,pw_bab_el_mandeb_strait_n_total_z,us10y,0.015925134926481822,-0.015925134926481822
2026-04-09,1,pw_bab_el_mandeb_strait_n_total_z,wti,0.0,0.0
2026-04-09,1,pw_bab_el_mandeb_strait_n_total_z,brent,0.0,0.0
2026-04-09,1,pw_bab_el_mandeb_strait_n_total_z,henry_hub,0.0013353754211350853,-0.0013353754211350853
2026-04-09,1,pw_cape_of_good_hope_capacity_z,audusd,0.0,0.0
2026-04-09,1,pw_cape_of_good_hope_capacity_z,brlusd,0.008755754787138725,-0.008755754787138725
2026-04-09,1,pw_cape_of_good_hope_capacity_z,cnyusd,0.01926132383408421,-0.01926132383408421
2026-04-09,1,pw_cape_of_good_hope_capacity_z,krwusd,0.0,0.0
2026-04-09,1,pw_cape_of_good_hope_capacity_z,eurusd,0.0,0.0
2026-04-09,1,pw_cape_of_good_hope_capacity_z,sp500,0.024519060910862783,0.024519060910862783
2026-04-09,1,pw_cape_of_good_hope_capacity_z,vix,0.0,0.0
2026-04-09,1,pw_cape_of_good_hope_capacity_z,us2y,0.0,0.0
2026-04-09,1,pw_cape_of_good_hope_capacity_z,us10y,0.0,0.0
2026-04-09,1,pw_cape_of_good_hope_capacity_z,wti,0.011105917324069818,0.011105917324069818
2026-04-09,1,pw_cape_of_good_hope_capacity_z,brent,0.0,0.0
2026-04-09,1,pw_cape_of_good_hope_capacity_z,henry_hub,0.0,0.0
2026-04-09,1,pw_cape_of_good_hope_n_total_z,audusd,0.0,0.0
2026-04-09,1,pw_cape_of_good_hope_n_total_z,brlusd,0.0,0.0
2026-04-09,1,pw_cape_of_good_hope_n_total_z,cnyusd,0.0,0.0
2026-04-09,1,pw_cape_of_good_hope_n_total_z,krwusd,0.0,0.0
2026-04-09,1,pw_cape_of_good_hope_n_total_z,eurusd,0.04109399144032867,-0.04109399144032867
2026-04-09,1,pw_cape_of_good_hope_n_total_z,sp500,0.0,0.0
2026-04-09,1,pw_cape_of_good_hope_n_total_z,vix,0.0,0.0
2026-04-09,1,pw_cape_of_good_hope_n_total_z,us2y,0.009327989723598492,0.009327989723598492
2026-04-09,1,pw_cape_of_good_hope_n_total_z,us10y,0.0,0.0
2026-04-09,1,pw_cape_of_good_hope_n_total_z,wti,0.0,0.0
2026-04-09,1,pw_cape_of_good_hope_n_total_z,brent,0.0,0.0
2026-04-09,1,pw_cape_of_good_hope_n_total_z,henry_hub,0.0,0.0
2026-04-09,1,pw_malacca_strait_capacity_z,audusd,0.0,0.0
2026-04-09,1,pw_malacca_strait_capacity_z,brlusd,0.018896252585634047,0.018896252585634047
2026-04-09,1,pw_malacca_strait_capacity_z,cnyusd,0.010093620189076741,0.010093620189076741
2026-04-09,1,pw_malacca_strait_capacity_z,krwusd,0.0,0.0
2026-04-09,1,pw_malacca_strait_capacity_z,eurusd,0.0,0.0
2026-04-09,1,pw_malacca_strait_capacity_z,sp500,0.020551755113406213,0.020551755113406213
2026-04-09,1,pw_malacca_strait_capacity_z,vix,0.0,0.0
2026-04-09,1,pw_malacca_strait_capacity_z,us2y,0.030087840153514303,0.030087840153514303
2026-04-09,1,pw_malacca_strait_capacity_z,us10y,0.0,0.0
2026-04-09,1,pw_malacca_strait_capacity_z,wti,0.0,0.0
2026-04-09,1,pw_malacca_strait_capacity_z,brent,0.019210375635428566,0.019210375635428566
2026-04-09,1,pw_malacca_strait_capacity_z,henry_hub,0.023299672043137282,-0.023299672043137282
2026-04-09,1,pw_malacca_strait_n_total_z,audusd,0.0,0.0
2026-04-09,1,pw_malacca_strait_n_total_z,brlusd,0.0,0.0
2026-04-09,1,pw_malacca_strait_n_total_z,cnyusd,0.008899860160585256,0.008899860160585256
2026-04-09,1,pw_malacca_strait_n_total_z,krwusd,0.0,0.0
2026-04-09,1,pw_malacca_strait_n_total_z,eurusd,0.0,0.0
2026-04-09,1,pw_malacca_strait_n_total_z,sp500,0.0,0.0
2026-04-09,1,pw_malacca_strait_n_total_z,vix,0.0,0.0
2026-04-09,1,pw_malacca_strait_n_total_z,us2y,0.0,0.0
2026-04-09,1,pw_malacca_strait_n_total_z,us10y,0.017246468404999445,0.017246468404999445
2026-04-09,1,pw_malacca_strait_n_total_z,wti,0.0,0.0
2026-04-09,1,pw_malacca_strait_n_total_z,brent,0.0,0.0
2026-04-09,1,pw_malacca_strait_n_total_z,henry_hub,0.0,0.0
2026-04-09,1,pw_panama_canal_capacity_z,audusd,0.0,0.0
2026-04-09,1,pw_panama_canal_capacity_z,brlusd,0.0,0.0
2026-04-09,1,pw_panama_canal_capacity_z,cnyusd,0.0,0.0
2026-04-09,1,pw_panama_canal_capacity_z,krwusd,0.0,0.0
2026-04-09,1,pw_panama_canal_capacity_z,eurusd,0.0,0.0
2026-04-09,1,pw_panama_canal_capacity_z,sp500,0.0,0.0
2026-04-09,1,pw_panama_canal_capacity_z,vix,0.0,0.0
2026-04-09,1,pw_panama_canal_capacity_z,us2y,0.0,0.0
2026-04-09,1,pw_panama_canal_capacity_z,us10y,0.0,0.0
2026-04-09,1,pw_panama_canal_capacity_z,wti,0.0,0.0
2026-04-09,1,pw_panama_canal_capacity_z,brent,0.0,0.0
2026-04-09,1,pw_panama_canal_capacity_z,henry_hub,0.02238746943825002,-0.02238746943825002
2026-04-09,1,pw_panama_canal_n_total_z,audusd,0.007408330558266871,-0.007408330558266871
2026-04-09,1,pw_panama_canal_n_total_z,brlusd,0.0,0.0
2026-04-09,1,pw_panama_canal_n_total_z,cnyusd,0.004231813935076722,-0.004231813935076722
2026-04-09,1,pw_panama_canal_n_total_z,krwusd,0.0,0.0
2026-04-09,1,pw_panama_canal_n_total_z,eurusd,0.0,0.0
2026-04-09,1,pw_panama_canal_n_total_z,sp500,0.0,0.0
2026-04-09,1,pw_panama_canal_n_total_z,vix,0.0,0.0
2026-04-09,1,pw_panama_canal_n_total_z,us2y,0.0,0.0
2026-04-09,1,pw_panama_canal_n_total_z,us10y,0.008528308054552113,0.008528308054552113
2026-04-09,1,pw_panama_canal_n_total_z,wti,0.0,0.0
2026-04-09,1,pw_panama_canal_n_total_z,brent,0.0,0.0
2026-04-09,1,pw_panama_canal_n_total_z,henry_hub,0.0,0.0
2026-04-09,1,pw_strait_of_hormuz_capacity_z,audusd,0.0,0.0
2026-04-09,1,pw_strait_of_hormuz_capacity_z,brlusd,0.0,0.0
2026-04-09,1,pw_strait_of_hormuz_capacity_z,cnyusd,0.0,0.0
2026-04-09,1,pw_strait_of_hormuz_capacity_z,krwusd,0.0,0.0
2026-04-09,1,pw_strait_of_hormuz_capacity_z,eurusd,0.0030168055051223996,-0.0030168055051223996
2026-04-09,1,pw_strait_of_hormuz_capacity_z,sp500,0.0,0.0
2026-04-09,1,pw_strait_of_hormuz_capacity_z,vix,0.0,0.0
2026-04-09,1,pw_strait_of_hormuz_capacity_z,us2y,0.0016043929173671888,-0.0016043929173671888
2026-04-09,1,pw_strait_of_hormuz_capacity_z,us10y,0.0016927608376830316,-0.0016927608376830316
2026-04-09,1,pw_strait_of_hormuz_capacity_z,wti,0.00817029081992992,0.00817029081992992
2026-04-09,1,pw_strait_of_hormuz_capacity_z,brent,0.11983963840453687,-0.06334457673623957
2026-04-09,1,pw_strait_of_hormuz_capacity_z,henry_hub,0.0,0.0
2026-04-09,1,pw_strait_of_hormuz_n_total_z,audusd,0.0,0.0
2026-04-09,1,pw_strait_of_hormuz_n_total_z,brlusd,0.0008361313038626632,-0.0008361313038626632
2026-04-09,1,pw_strait_of_hormuz_n_total_z,cnyusd,0.0,0.0
2026-04-09,1,pw_strait_of_hormuz_n_total_z,krwusd,0.007562366702386661,-0.007562366702386661
2026-04-09,1,pw_strait_of_hormuz_n_total_z,eurusd,0.009520225737848961,-0.009520225737848961
2026-04-09,1,pw_strait_of_hormuz_n_total_z,sp500,0.0,0.0
2026-04-09,1,pw_strait_of_hormuz_n_total_z,vix,0.0,0.0
2026-04-09,1,pw_strait_of_hormuz_n_total_z,us2y,0.0,0.0
2026-04-09,1,pw_strait_of_hormuz_n_total_z,us10y,0.0,0.0
2026-04-09,1,pw_strait_of_hormuz_n_total_z,wti,0.01098437859577586,0.01098437859577586
2026-04-09,1,pw_strait_of_hormuz_n_total_z,brent,0.02257024911927737,0.02257024911927737
2026-04-09,1,pw_strait_of_hormuz_n_total_z,henry_hub,0.030970457911412307,0.030970457911412307
2026-04-09,1,pw_suez_canal_capacity_z,audusd,0.0,0.0
2026-04-09,1,pw_suez_canal_capacity_z,brlusd,0.0,0.0
2026-04-09,1,pw_suez_canal_capacity_z,cnyusd,0.0,0.0
2026-04-09,1,pw_suez_canal_capacity_z,krwusd,0.0,0.0
2026-04-09,1,pw_suez_canal_capacity_z,eurusd,0.0,0.0
2026-04-09,1,pw_suez_canal_capacity_z,sp500,0.0,0.0
2026-04-09,1,pw_suez_canal_capacity_z,vix,0.0,0.0
2026-04-09,1,pw_suez_canal_capacity_z,us2y,0.0,0.0
2026-04-09,1,pw_suez_canal_capacity_z,us10y,0.0,0.0
2026-04-09,1,pw_suez_canal_capacity_z,wti,0.0,0.0
2026-04-09,1,pw_suez_canal_capacity_z,brent,0.0,0.0
2026-04-09,1,pw_suez_canal_capacity_z,henry_hub,0.0,0.0
2026-04-09,1,pw_suez_canal_n_total_z,audusd,0.0,0.0
2026-04-09,1,pw_suez_canal_n_total_z,brlusd,0.011233098440844027,0.011233098440844027
2026-04-09,1,pw_suez_canal_n_total_z,cnyusd,0.0,0.0
2026-04-09,1,pw_suez_canal_n_total_z,krwusd,0.0,0.0
2026-04-09,1,pw_suez_canal_n_total_z,eurusd,0.012030428685627665,0.012030428685627665
2026-04-09,1,pw_suez_canal_n_total_z,sp500,0.0,0.0
2026-04-09,1,pw_suez_canal_n_total_z,vix,0.0,0.0
2026-04-09,1,pw_suez_canal_n_total_z,us2y,0.0,0.0
2026-04-09,1,pw_suez_canal_n_total_z,us10y,0.0,0.0
2026-04-09,1,pw_suez_canal_n_total_z,wti,0.0,0.0
2026-04-09,1,pw_suez_canal_n_total_z,brent,0.0,0.0
2026-04-09,1,pw_suez_canal_n_total_z,henry_hub,0.0,0.0
2026-05-11,1,pw_bab_el_mandeb_strait_capacity_z,audusd,0.024442652253187074,0.018591099487935695
2026-05-11,1,pw_bab_el_mandeb_strait_capacity_z,brlusd,0.0,0.0
2026-05-11,1,pw_bab_el_mandeb_strait_capacity_z,cnyusd,0.0,0.0
2026-05-11,1,pw_bab_el_mandeb_strait_capacity_z,krwusd,0.0,0.0
2026-05-11,1,pw_bab_el_mandeb_strait_capacity_z,eurusd,0.006968438509139113,0.006968438509139113
2026-05-11,1,pw_bab_el_mandeb_strait_capacity_z,sp500,0.0,0.0
2026-05-11,1,pw_bab_el_mandeb_strait_capacity_z,vix,0.0,0.0
2026-05-11,1,pw_bab_el_mandeb_strait_capacity_z,us2y,0.0,0.0
2026-05-11,1,pw_bab_el_mandeb_strait_capacity_z,us10y,0.0,0.0
2026-05-11,1,pw_bab_el_mandeb_strait_capacity_z,wti,0.0,0.0
2026-05-11,1,pw_bab_el_mandeb_strait_capacity_z,brent,0.0,0.0
2026-05-11,1,pw_bab_el_mandeb_strait_capacity_z,henry_hub,0.0,0.0
2026-05-11,1,pw_bab_el_mandeb_strait_n_total_z,audusd,0.0,0.0
2026-05-11,1,pw_bab_el_mandeb_strait_n_total_z,brlusd,0.02364276218790776,0.02364276218790776
2026-05-11,1,pw_bab_el_mandeb_strait_n_total_z,cnyusd,0.0,0.0
2026-05-11,1,pw_bab_el_mandeb_strait_n_total_z,krwusd,0.0,0.0
2026-05-11,1,pw_bab_el_mandeb_strait_n_total_z,eurusd,0.0,0.0
2026-05-11,1,pw_bab_el_mandeb_strait_n_total_z,sp500,0.0,0.0
2026-05-11,1,pw_bab_el_mandeb_strait_n_total_z,vix,0.0,0.0
2026-05-11,1,pw_bab_el_mandeb_strait_n_total_z,us2y,0.0,0.0
2026-05-11,1,pw_bab_el_mandeb_strait_n_total_z,us10y,0.012000725671043877,-0.012000725671043877
2026-05-11,1,pw_bab_el_mandeb_strait_n_total_z,wti,0.0,0.0
2026-05-11,1,pw_bab_el_mandeb_strait_n_total_z,brent,0.0,0.0
2026-05-11,1,pw_bab_el_mandeb_strait_n_total_z,henry_hub,0.004411088309876297,-0.004411088309876297
2026-05-11,1,pw_cape_of_good_hope_capacity_z,audusd,0.0,0.0
2026-05-11,1,pw_cape_of_good_hope_capacity_z,brlusd,0.005296282344202703,-0.005296282344202703
2026-05-11,1,pw_cape_of_good_hope_capacity_z,cnyusd,0.0157108367014473,-0.0157108367014473
2026-05-11,1,pw_cape_of_good_hope_capacity_z,krwusd,0.0,0.0
2026-05-11,1,pw_cape_of_good_hope_capacity_z,eurusd,0.0,0.0
2026-05-11,1,pw_cape_of_good_hope_capacity_z,sp500,0.010241866626643946,0.010241866626643946
2026-05-11,1,pw_cape_of_good_hope_capacity_z,vix,0.0,0.0
2026-05-11,1,pw_cape_of_good_hope_capacity_z,us2y,0.0,0.0
2026-05-11,1,pw_cape_of_good_hope_capacity_z,us10y,0.0,0.0
2026-05-11,1,pw_cape_of_good_hope_capacity_z,wti,0.004945987090251635,0.004945987090251635
2026-05-11,1,pw_cape_of_good_hope_capacity_z,brent,0.0,0.0
2026-05-11,1,pw_cape_of_good_hope_capacity_z,henry_hub,0.0,0.0
2026-05-11,1,pw_cape_of_good_hope_n_total_z,audusd,0.0,0.0
2026-05-11,1,pw_cape_of_good_hope_n_total_z,brlusd,0.0,0.0
2026-05-11,1,pw_cape_of_good_hope_n_total_z,cnyusd,0.0,0.0
2026-05-11,1,pw_cape_of_good_hope_n_total_z,krwusd,0.0,0.0
2026-05-11,1,pw_cape_of_good_hope_n_total_z,eurusd,0.037740474312253136,-0.037740474312253136
2026-05-11,1,pw_cape_of_good_hope_n_total_z,sp500,0.0011379097823530206,0.0011379097823530206
2026-05-11,1,pw_cape_of_good_hope_n_total_z,vix,0.0,0.0
2026-05-11,1,pw_cape_of_good_hope_n_total_z,us2y,0.00781422082627511,0.00781422082627511
2026-05-11,1,pw_cape_of_good_hope_n_total_z,us10y,0.0,0.0
2026-05-11,1,pw_cape_of_good_hope_n_total_z,wti,0.0,0.0
2026-05-11,1,pw_cape_of_good_hope_n_total_z,brent,0.0,0.0
2026-05-11,1,pw_cape_of_good_hope_n_total_z,henry_hub,0.0,0.0
2026-05-11,1,pw_malacca_strait_capacity_z,audusd,0.0,0.0
2026-05-11,1,pw_malacca_strait_capacity_z,brlusd,0.0,0.0
2026-05-11,1,pw_malacca_strait_capacity_z,cnyusd,0.009833226765007783,0.009833226765007783
2026-05-11,1,pw_malacca_strait_capacity_z,krwusd,0.0,0.0
2026-05-11,1,pw_malacca_strait_capacity_z,eurusd,0.0,0.0
2026-05-11,1,pw_malacca_strait_capacity_z,sp500,0.0,0.0
2026-05-11,1,pw_malacca_strait_capacity_z,vix,0.0,0.0
2026-05-11,1,pw_malacca_strait_capacity_z,us2y,0.020977430585424752,0.020977430585424752
2026-05-11,1,pw_malacca_strait_capacity_z,us10y,0.0,0.0
2026-05-11,1,pw_malacca_strait_capacity_z,wti,0.0,0.0
2026-05-11,1,pw_malacca_strait_capacity_z,brent,0.02609670294353812,0.02609670294353812
2026-05-11,1,pw_malacca_strait_capacity_z,henry_hub,0.016181852592510648,-0.016181852592510648
2026-05-11,1,pw_malacca_strait_n_total_z,audusd,0.0,0.0
2026-05-11,1,pw_malacca_strait_n_total_z,brlusd,0.0,0.0
2026-05-11,1,pw_malacca_strait_n_total_z,cnyusd,0.010007552483623361,0.009909546680080266
2026-05-11,1,pw_malacca_strait_n_total_z,krwusd,0.0,0.0
2026-05-11,1,pw_malacca_strait_n_total_z,eurusd,0.0,0.0
2026-05-11,1,pw_malacca_strait_n_total_z,sp500,0.0,0.0
2026-05-11,1,pw_malacca_strait_n_total_z,vix,0.0,0.0
2026-05-11,1,pw_malacca_strait_n_total_z,us2y,0.0,0.0
2026-05-11,1,pw_malacca_strait_n_total_z,us10y,0.008528589369163043,0.008528589369163043
2026-05-11,1,pw_malacca_strait_n_total_z,wti,0.0,0.0
2026-05-11,1,pw_malacca_strait_n_total_z,brent,0.0,0.0
2026-05-11,1,pw_malacca_strait_n_total_z,henry_hub,0.0,0.0
2026-05-11,1,pw_panama_canal_capacity_z,audusd,0.0,0.0
2026-05-11,1,pw_panama_canal_capacity_z,brlusd,0.0,0.0
2026-05-11,1,pw_panama_canal_capacity_z,cnyusd,0.0,0.0
2026-05-11,1,pw_panama_canal_capacity_z,krwusd,0.0,0.0
2026-05-11,1,pw_panama_canal_capacity_z,eurusd,0.0,0.0
2026-05-11,1,pw_panama_canal_capacity_z,sp500,0.0,0.0
2026-05-11,1,pw_panama_canal_capacity_z,vix,0.0,0.0
2026-05-11,1,pw_panama_canal_capacity_z,us2y,0.0,0.0
2026-05-11,1,pw_panama_canal_capacity_z,us10y,0.0,0.0
2026-05-11,1,pw_panama_canal_capacity_z,wti,0.0,0.0
2026-05-11,1,pw_panama_canal_capacity_z,brent,0.0,0.0
2026-05-11,1,pw_panama_canal_capacity_z,henry_hub,0.01809178392266127,-0.01809178392266127
2026-05-11,1,pw_panama_canal_n_total_z,audusd,0.005083363213991332,-0.005083363213991332
2026-05-11,1,pw_panama_canal_n_total_z,brlusd,0.0,0.0
2026-05-11,1,pw_panama_canal_n_total_z,cnyusd,0.0,0.0
2026-05-11,1,pw_panama_canal_n_total_z,krwusd,0.0,0.0
2026-05-11,1,pw_panama_canal_n_total_z,eurusd,0.0,0.0
2026-05-11,1,pw_panama_canal_n_total_z,sp500,0.007427933828209138,-0.007427933828209138
2026-05-11,1,pw_panama_canal_n_total_z,vix,0.0,0.0
2026-05-11,1,pw_panama_canal_n_total_z,us2y,0.0,0.0
2026-05-11,1,pw_panama_canal_n_total_z,us10y,0.003029199374393586,0.003029199374393586
2026-05-11,1,pw_panama_canal_n_total_z,wti,0.0,0.0
2026-05-11,1,pw_panama_canal_n_total_z,brent,0.0,0.0
2026-05-11,1,pw_panama_canal_n_total_z,henry_hub,0.0,0.0
2026-05-11,1,pw_strait_of_hormuz_capacity_z,audusd,0.0,0.0
2026-05-11,1,pw_strait_of_hormuz_capacity_z,brlusd,0.0,0.0
2026-05-11,1,pw_strait_of_hormuz_capacity_z,cnyusd,0.0,0.0
2026-05-11,1,pw_strait_of_hormuz_capacity_z,krwusd,0.003958075610564382,-0.003958075610564382
2026-05-11,1,pw_strait_of_hormuz_capacity_z,eurusd,0.004441901386843449,-0.004335474787585285
2026-05-11,1,pw_strait_of_hormuz_capacity_z,sp500,0.0,0.0
2026-05-11,1,pw_strait_of_hormuz_capacity_z,vix,0.0,0.0
2026-05-11,1,pw_strait_of_hormuz_capacity_z,us2y,0.004242751597046388,-0.004242751597046388
2026-05-11,1,pw_strait_of_hormuz_capacity_z,us10y,0.004229895220556988,-0.004229895220556988
2026-05-11,1,pw_strait_of_hormuz_capacity_z,wti,0.008201425852378147,0.008201425852378147
2026-05-11,1,pw_strait_of_hormuz_capacity_z,brent,0.09121472069199418,-0.04780289718575691
2026-05-11,1,pw_strait_of_hormuz_capacity_z,henry_hub,0.0,0.0
2026-05-11,1,pw_strait_of_hormuz_n_total_z,audusd,0.0,0.0
2026-05-11,1,pw_strait_of_hormuz_n_total_z,brlusd,0.012522727202547535,-0.012522727202547535
2026-05-11,1,pw_strait_of_hormuz_n_total_z,cnyusd,0.0,0.0
2026-05-11,1,pw_strait_of_hormuz_n_total_z,krwusd,0.0,0.0
2026-05-11,1,pw_strait_of_hormuz_n_total_z,eurusd,0.007942813384778976,-0.007942813384778976
2026-05-11,1,pw_strait_of_hormuz_n_total_z,sp500,0.0005559059735129157,-0.0005559059735129157
2026-05-11,1,pw_strait_of_hormuz_n_total_z,vix,0.0,0.0
2026-05-11,1,pw_strait_of_hormuz_n_total_z,us2y,0.0,0.0
2026-05-11,1,pw_strait_of_hormuz_n_total_z,us10y,0.0,0.0
2026-05-11,1,pw_strait_of_hormuz_n_total_z,wti,0.0,0.0
2026-05-11,1,pw_strait_of_hormuz_n_total_z,brent,0.019688808942310815,0.019688808942310815
2026-05-11,1,pw_strait_of_hormuz_n_total_z,henry_hub,0.03208343565883239,0.03208343565883239
2026-05-11,1,pw_suez_canal_capacity_z,audusd,0.0,0.0
2026-05-11,1,pw_suez_canal_capacity_z,brlusd,0.0,0.0
2026-05-11,1,pw_suez_canal_capacity_z,cnyusd,0.0,0.0
2026-05-11,1,pw_suez_canal_capacity_z,krwusd,0.0,0.0
2026-05-11,1,pw_suez_canal_capacity_z,eurusd,0.0,0.0
2026-05-11,1,pw_suez_canal_capacity_z,sp500,0.0,0.0
2026-05-11,1,pw_suez_canal_capacity_z,vix,0.0,0.0
2026-05-11,1,pw_suez_canal_capacity_z,us2y,0.0,0.0
2026-05-11,1,pw_suez_canal_capacity_z,us10y,0.0,0.0
2026-05-11,1,pw_suez_canal_capacity_z,wti,0.0,0.0
2026-05-11,1,pw_suez_canal_capacity_z,brent,0.0,0.0
2026-05-11,1,pw_suez_canal_capacity_z,henry_hub,0.0,0.0
2026-05-11,1,pw_suez_canal_n_total_z,audusd,0.005943056636632475,0.005943056636632475
2026-05-11,1,pw_suez_canal_n_total_z,brlusd,0.014793418355646955,0.014793418355646955
2026-05-11,1,pw_suez_canal_n_total_z,cnyusd,0.0,0.0
2026-05-11,1,pw_suez_canal_n_total_z,krwusd,0.0,0.0
2026-05-11,1,pw_suez_canal_n_total_z,eurusd,0.006608749322967649,0.006608749322967649
2026-05-11,1,pw_suez_canal_n_total_z,sp500,0.0,0.0
2026-05-11,1,pw_suez_canal_n_total_z,vix,0.0,0.0
2026-05-11,1,pw_suez_canal_n_total_z,us2y,0.0,0.0
2026-05-11,1,pw_suez_canal_n_total_z,us10y,0.0,0.0
2026-05-11,1,pw_suez_canal_n_total_z,wti,0.0,0.0
2026-05-11,1,pw_suez_canal_n_total_z,brent,0.0,0.0
2026-05-11,1,pw_suez_canal_n_total_z,henry_hub,0.0,0.0
2026-06-10,1,pw_bab_el_mandeb_strait_capacity_z,audusd,0.006645492188602489,0.006645492188602489
2026-06-10,1,pw_bab_el_mandeb_strait_capacity_z,brlusd,0.02287277092645332,0.02287277092645332
2026-06-10,1,pw_bab_el_mandeb_strait_capacity_z,cnyusd,0.0,0.0
2026-06-10,1,pw_bab_el_mandeb_strait_capacity_z,krwusd,0.0,0.0
2026-06-10,1,pw_bab_el_mandeb_strait_capacity_z,eurusd,0.010615347385990015,0.010615347385990015
2026-06-10,1,pw_bab_el_mandeb_strait_capacity_z,sp500,0.0,0.0
2026-06-10,1,pw_bab_el_mandeb_strait_capacity_z,vix,0.0,0.0
2026-06-10,1,pw_bab_el_mandeb_strait_capacity_z,us2y,0.0,0.0
2026-06-10,1,pw_bab_el_mandeb_strait_capacity_z,us10y,0.0,0.0
2026-06-10,1,pw_bab_el_mandeb_strait_capacity_z,wti,0.0,0.0
2026-06-10,1,pw_bab_el_mandeb_strait_capacity_z,brent,0.0,0.0
2026-06-10,1,pw_bab_el_mandeb_strait_capacity_z,henry_hub,0.0,0.0
2026-06-10,1,pw_bab_el_mandeb_strait_n_total_z,audusd,0.0,0.0
2026-06-10,1,pw_bab_el_mandeb_strait_n_total_z,brlusd,0.0,0.0
2026-06-10,1,pw_bab_el_mandeb_strait_n_total_z,cnyusd,0.0,0.0
2026-06-10,1,pw_bab_el_mandeb_strait_n_total_z,krwusd,0.0,0.0
2026-06-10,1,pw_bab_el_mandeb_strait_n_total_z,eurusd,0.0,0.0
2026-06-10,1,pw_bab_el_mandeb_strait_n_total_z,sp500,0.0,0.0
2026-06-10,1,pw_bab_el_mandeb_strait_n_total_z,vix,0.0,0.0
2026-06-10,1,pw_bab_el_mandeb_strait_n_total_z,us2y,0.0,0.0
2026-06-10,1,pw_bab_el_mandeb_strait_n_total_z,us10y,0.007261289171226499,-0.007261289171226499
2026-06-10,1,pw_bab_el_mandeb_strait_n_total_z,wti,0.0,0.0
2026-06-10,1,pw_bab_el_mandeb_strait_n_total_z,brent,0.0,0.0
2026-06-10,1,pw_bab_el_mandeb_strait_n_total_z,henry_hub,0.0018211695035199875,-0.0018211695035199875
2026-06-10,1,pw_cape_of_good_hope_capacity_z,audusd,0.0,0.0
2026-06-10,1,pw_cape_of_good_hope_capacity_z,brlusd,0.01566177117391581,-0.01566177117391581
2026-06-10,1,pw_cape_of_good_hope_capacity_z,cnyusd,0.01812214523310548,-0.01812214523310548
2026-06-10,1,pw_cape_of_good_hope_capacity_z,krwusd,0.0,0.0
2026-06-10,1,pw_cape_of_good_hope_capacity_z,eurusd,0.0,0.0
2026-06-10,1,pw_cape_of_good_hope_capacity_z,sp500,0.0038781911909726062,0.0038781911909726062
2026-06-10,1,pw_cape_of_good_hope_capacity_z,vix,0.0,0.0
2026-06-10,1,pw_cape_of_good_hope_capacity_z,us2y,0.0,0.0
2026-06-10,1,pw_cape_of_good_hope_capacity_z,us10y,0.0,0.0
2026-06-10,1,pw_cape_of_good_hope_capacity_z,wti,0.0,0.0
2026-06-10,1,pw_cape_of_good_hope_capacity_z,brent,0.0004405547900863373,0.0004405547900863373
2026-06-10,1,pw_cape_of_good_hope_capacity_z,henry_hub,0.0,0.0
2026-06-10,1,pw_cape_of_good_hope_n_total_z,audusd,0.0,0.0
2026-06-10,1,pw_cape_of_good_hope_n_total_z,brlusd,0.0,0.0
2026-06-10,1,pw_cape_of_good_hope_n_total_z,cnyusd,0.0,0.0
2026-06-10,1,pw_cape_of_good_hope_n_total_z,krwusd,0.0,0.0
2026-06-10,1,pw_cape_of_good_hope_n_total_z,eurusd,0.024522578502847402,-0.024522578502847402
2026-06-10,1,pw_cape_of_good_hope_n_total_z,sp500,0.0,0.0
2026-06-10,1,pw_cape_of_good_hope_n_total_z,vix,0.0,0.0
2026-06-10,1,pw_cape_of_good_hope_n_total_z,us2y,8.393869648894453e-06,8.393869648894453e-06
2026-06-10,1,pw_cape_of_good_hope_n_total_z,us10y,0.0,0.0
2026-06-10,1,pw_cape_of_good_hope_n_total_z,wti,0.0,0.0
2026-06-10,1,pw_cape_of_good_hope_n_total_z,brent,0.0,0.0
2026-06-10,1,pw_cape_of_good_hope_n_total_z,henry_hub,0.0,0.0
2026-06-10,1,pw_malacca_strait_capacity_z,audusd,0.0,0.0
2026-06-10,1,pw_malacca_strait_capacity_z,brlusd,0.002928903466486751,0.002928903466486751
2026-06-10,1,pw_malacca_strait_capacity_z,cnyusd,0.008299976722043167,0.008299976722043167
2026-06-10,1,pw_malacca_strait_capacity_z,krwusd,0.006517683467961334,0.006517683467961334
2026-06-10,1,pw_malacca_strait_capacity_z,eurusd,0.0,0.0
2026-06-10,1,pw_malacca_strait_capacity_z,sp500,0.0,0.0
2026-06-10,1,pw_malacca_strait_capacity_z,vix,0.0,0.0
2026-06-10,1,pw_malacca_strait_capacity_z,us2y,0.0013530901726414484,0.0013530901726414484
2026-06-10,1,pw_malacca_strait_capacity_z,us10y,0.0,0.0
2026-06-10,1,pw_malacca_strait_capacity_z,wti,0.0,0.0
2026-06-10,1,pw_malacca_strait_capacity_z,brent,0.0170726388423865,0.0170726388423865
2026-06-10,1,pw_malacca_strait_capacity_z,henry_hub,0.019185709544343257,-0.019185709544343257
2026-06-10,1,pw_malacca_strait_n_total_z,audusd,0.0,0.0
2026-06-10,1,pw_malacca_strait_n_total_z,brlusd,0.012404065205226321,0.012404065205226321
2026-06-10,1,pw_malacca_strait_n_total_z,cnyusd,0.0062552424496659905,0.005179623478360428
2026-06-10,1,pw_malacca_strait_n_total_z,krwusd,0.0,0.0
2026-06-10,1,pw_malacca_strait_n_total_z,eurusd,0.002239903217968364,0.002239903217968364
2026-06-10,1,pw_malacca_strait_n_total_z,sp500,0.0,0.0
2026-06-10,1,pw_malacca_strait_n_total_z,vix,0.0,0.0
2026-06-10,1,pw_malacca_strait_n_total_z,us2y,0.0,0.0
2026-06-10,1,pw_malacca_strait_n_total_z,us10y,0.0,0.0
2026-06-10,1,pw_malacca_strait_n_total_z,wti,0.0,0.0
2026-06-10,1,pw_malacca_strait_n_total_z,brent,0.010371982975972902,0.010371982975972902
2026-06-10,1,pw_malacca_strait_n_total_z,henry_hub,0.0,0.0
2026-06-10,1,pw_panama_canal_capacity_z,audusd,0.0,0.0
2026-06-10,1,pw_panama_canal_capacity_z,brlusd,0.0,0.0
2026-06-10,1,pw_panama_canal_capacity_z,cnyusd,0.0,0.0
2026-06-10,1,pw_panama_canal_capacity_z,krwusd,0.0,0.0
2026-06-10,1,pw_panama_canal_capacity_z,eurusd,0.0,0.0
2026-06-10,1,pw_panama_canal_capacity_z,sp500,0.0,0.0
2026-06-10,1,pw_panama_canal_capacity_z,vix,0.0,0.0
2026-06-10,1,pw_panama_canal_capacity_z,us2y,0.0,0.0
2026-06-10,1,pw_panama_canal_capacity_z,us10y,0.0,0.0
2026-06-10,1,pw_panama_canal_capacity_z,wti,0.0,0.0
2026-06-10,1,pw_panama_canal_capacity_z,brent,0.0,0.0
2026-06-10,1,pw_panama_canal_capacity_z,henry_hub,0.018819312740407646,-0.018819312740407646
2026-06-10,1,pw_panama_canal_n_total_z,audusd,0.010545251634294265,-0.010545251634294265
2026-06-10,1,pw_panama_canal_n_total_z,brlusd,0.0,0.0
2026-06-10,1,pw_panama_canal_n_total_z,cnyusd,0.0,0.0
2026-06-10,1,pw_panama_canal_n_total_z,krwusd,0.0,0.0
2026-06-10,1,pw_panama_canal_n_total_z,eurusd,0.0,0.0
2026-06-10,1,pw_panama_canal_n_total_z,sp500,0.01131664754615578,-0.01131664754615578
2026-06-10,1,pw_panama_canal_n_total_z,vix,0.0,0.0
2026-06-10,1,pw_panama_canal_n_total_z,us2y,0.0,0.0
2026-06-10,1,pw_panama_canal_n_total_z,us10y,0.004723805770297654,0.004723805770297654
2026-06-10,1,pw_panama_canal_n_total_z,wti,0.0,0.0
2026-06-10,1,pw_panama_canal_n_total_z,brent,0.0,0.0
2026-06-10,1,pw_panama_canal_n_total_z,henry_hub,0.0,0.0
2026-06-10,1,pw_strait_of_hormuz_capacity_z,audusd,0.0,0.0
2026-06-10,1,pw_strait_of_hormuz_capacity_z,brlusd,0.004473724649041016,-0.004473724649041016
2026-06-10,1,pw_strait_of_hormuz_capacity_z,cnyusd,0.0,0.0
2026-06-10,1,pw_strait_of_hormuz_capacity_z,krwusd,0.0,0.0
2026-06-10,1,pw_strait_of_hormuz_capacity_z,eurusd,0.005324346873588757,-0.005324346873588757
2026-06-10,1,pw_strait_of_hormuz_capacity_z,sp500,0.0,0.0
2026-06-10,1,pw_strait_of_hormuz_capacity_z,vix,0.0,0.0
2026-06-10,1,pw_strait_of_hormuz_capacity_z,us2y,0.008134243593695585,-0.008134243593695585
2026-06-10,1,pw_strait_of_hormuz_capacity_z,us10y,0.0,0.0
2026-06-10,1,pw_strait_of_hormuz_capacity_z,wti,0.013437766700747476,0.013437766700747476
2026-06-10,1,pw_strait_of_hormuz_capacity_z,brent,0.06927547120555896,0.048071750420814095
2026-06-10,1,pw_strait_of_hormuz_capacity_z,henry_hub,0.0,0.0
2026-06-10,1,pw_strait_of_hormuz_n_total_z,audusd,0.0,0.0
2026-06-10,1,pw_strait_of_hormuz_n_total_z,brlusd,0.0,0.0
2026-06-10,1,pw_strait_of_hormuz_n_total_z,cnyusd,0.0,0.0
2026-06-10,1,pw_strait_of_hormuz_n_total_z,krwusd,0.0,0.0
2026-06-10,1,pw_strait_of_hormuz_n_total_z,eurusd,0.0,0.0
2026-06-10,1,pw_strait_of_hormuz_n_total_z,sp500,0.0,0.0
2026-06-10,1,pw_strait_of_hormuz_n_total_z,vix,0.0,0.0
2026-06-10,1,pw_strait_of_hormuz_n_total_z,us2y,0.0,0.0
2026-06-10,1,pw_strait_of_hormuz_n_total_z,us10y,0.0,0.0
2026-06-10,1,pw_strait_of_hormuz_n_total_z,wti,0.0,0.0
2026-06-10,1,pw_strait_of_hormuz_n_total_z,brent,0.00013502094414642285,0.00013502094414642285
2026-06-10,1,pw_strait_of_hormuz_n_total_z,henry_hub,0.031529028363947276,0.031529028363947276
2026-06-10,1,pw_suez_canal_capacity_z,audusd,0.0,0.0
2026-06-10,1,pw_suez_canal_capacity_z,brlusd,0.0,0.0
2026-06-10,1,pw_suez_canal_capacity_z,cnyusd,0.0,0.0
2026-06-10,1,pw_suez_canal_capacity_z,krwusd,0.0,0.0
2026-06-10,1,pw_suez_canal_capacity_z,eurusd,0.0,0.0
2026-06-10,1,pw_suez_canal_capacity_z,sp500,0.0005678555587481098,-0.0005678555587481098
2026-06-10,1,pw_suez_canal_capacity_z,vix,0.0,0.0
2026-06-10,1,pw_suez_canal_capacity_z,us2y,0.0,0.0
2026-06-10,1,pw_suez_canal_capacity_z,us10y,0.0,0.0
2026-06-10,1,pw_suez_canal_capacity_z,wti,0.0,0.0
2026-06-10,1,pw_suez_canal_capacity_z,brent,0.0,0.0
2026-06-10,1,pw_suez_canal_capacity_z,henry_hub,0.0,0.0
2026-06-10,1,pw_suez_canal_n_total_z,audusd,0.024502392062619584,0.024502392062619584
2026-06-10,1,pw_suez_canal_n_total_z,brlusd,0.0,0.0
2026-06-10,1,pw_suez_canal_n_total_z,cnyusd,0.0,0.0
2026-06-10,1,pw_suez_canal_n_total_z,krwusd,0.0,0.0
2026-06-10,1,pw_suez_canal_n_total_z,eurusd,0.013459987358210208,0.013459987358210208
2026-06-10,1,pw_suez_canal_n_total_z,sp500,0.0,0.0
2026-06-10,1,pw_suez_canal_n_total_z,vix,0.0,0.0
2026-06-10,1,pw_suez_canal_n_total_z,us2y,0.0,0.0
2026-06-10,1,pw_suez_canal_n_total_z,us10y,0.0,0.0
2026-06-10,1,pw_suez_canal_n_total_z,wti,0.0,0.0
2026-06-10,1,pw_suez_canal_n_total_z,brent,0.0,0.0
2026-06-10,1,pw_suez_canal_n_total_z,henry_hub,0.0,0.0
2026-07-14,1,pw_bab_el_mandeb_strait_capacity_z,audusd,0.016765633390425472,0.016765633390425472
2026-07-14,1,pw_bab_el_mandeb_strait_capacity_z,brlusd,0.0,0.0
2026-07-14,1,pw_bab_el_mandeb_strait_capacity_z,cnyusd,0.0,0.0
2026-07-14,1,pw_bab_el_mandeb_strait_capacity_z,krwusd,0.0,0.0
2026-07-14,1,pw_bab_el_mandeb_strait_capacity_z,eurusd,0.0,0.0
2026-07-14,1,pw_bab_el_mandeb_strait_capacity_z,sp500,0.0,0.0
2026-07-14,1,pw_bab_el_mandeb_strait_capacity_z,vix,0.0,0.0
2026-07-14,1,pw_bab_el_mandeb_strait_capacity_z,us2y,0.0,0.0
2026-07-14,1,pw_bab_el_mandeb_strait_capacity_z,us10y,0.0,0.0
2026-07-14,1,pw_bab_el_mandeb_strait_capacity_z,wti,0.0,0.0
2026-07-14,1,pw_bab_el_mandeb_strait_capacity_z,brent,0.0,0.0
2026-07-14,1,pw_bab_el_mandeb_strait_capacity_z,henry_hub,0.0,0.0
2026-07-14,1,pw_bab_el_mandeb_strait_n_total_z,audusd,0.0,0.0
2026-07-14,1,pw_bab_el_mandeb_strait_n_total_z,brlusd,0.024744544381964814,0.024744544381964814
2026-07-14,1,pw_bab_el_mandeb_strait_n_total_z,cnyusd,0.0,0.0
2026-07-14,1,pw_bab_el_mandeb_strait_n_total_z,krwusd,0.0,0.0
2026-07-14,1,pw_bab_el_mandeb_strait_n_total_z,eurusd,0.0,0.0
2026-07-14,1,pw_bab_el_mandeb_strait_n_total_z,sp500,0.0,0.0
2026-07-14,1,pw_bab_el_mandeb_strait_n_total_z,vix,0.0,0.0
2026-07-14,1,pw_bab_el_mandeb_strait_n_total_z,us2y,0.0,0.0
2026-07-14,1,pw_bab_el_mandeb_strait_n_total_z,us10y,0.0,0.0
2026-07-14,1,pw_bab_el_mandeb_strait_n_total_z,wti,0.0,0.0
2026-07-14,1,pw_bab_el_mandeb_strait_n_total_z,brent,0.0,0.0
2026-07-14,1,pw_bab_el_mandeb_strait_n_total_z,henry_hub,0.006765789879301729,-0.006765789879301729
2026-07-14,1,pw_cape_of_good_hope_capacity_z,audusd,0.0,0.0
2026-07-14,1,pw_cape_of_good_hope_capacity_z,brlusd,0.011686291989749915,-0.011686291989749915
2026-07-14,1,pw_cape_of_good_hope_capacity_z,cnyusd,0.01700386298317831,-0.01700386298317831
2026-07-14,1,pw_cape_of_good_hope_capacity_z,krwusd,0.0,0.0
2026-07-14,1,pw_cape_of_good_hope_capacity_z,eurusd,0.0,0.0
2026-07-14,1,pw_cape_of_good_hope_capacity_z,sp500,0.0,0.0
2026-07-14,1,pw_cape_of_good_hope_capacity_z,vix,0.0,0.0
2026-07-14,1,pw_cape_of_good_hope_capacity_z,us2y,0.0,0.0
2026-07-14,1,pw_cape_of_good_hope_capacity_z,us10y,0.0,0.0
2026-07-14,1,pw_cape_of_good_hope_capacity_z,wti,0.0027357660237360745,0.0027357660237360745
2026-07-14,1,pw_cape_of_good_hope_capacity_z,brent,0.0009963864742334053,0.0009963864742334053
2026-07-14,1,pw_cape_of_good_hope_capacity_z,henry_hub,0.0,0.0
2026-07-14,1,pw_cape_of_good_hope_n_total_z,audusd,0.0,0.0
2026-07-14,1,pw_cape_of_good_hope_n_total_z,brlusd,0.0,0.0
2026-07-14,1,pw_cape_of_good_hope_n_total_z,cnyusd,0.0,0.0
2026-07-14,1,pw_cape_of_good_hope_n_total_z,krwusd,0.0,0.0
2026-07-14,1,pw_cape_of_good_hope_n_total_z,eurusd,0.02939605718022267,-0.02939605718022267
2026-07-14,1,pw_cape_of_good_hope_n_total_z,sp500,0.0,0.0
2026-07-14,1,pw_cape_of_good_hope_n_total_z,vix,0.0,0.0
2026-07-14,1,pw_cape_of_good_hope_n_total_z,us2y,0.0,0.0
2026-07-14,1,pw_cape_of_good_hope_n_total_z,us10y,0.0,0.0
2026-07-14,1,pw_cape_of_good_hope_n_total_z,wti,0.0,0.0
2026-07-14,1,pw_cape_of_good_hope_n_total_z,brent,0.0,0.0
2026-07-14,1,pw_cape_of_good_hope_n_total_z,henry_hub,0.0,0.0
2026-07-14,1,pw_malacca_strait_capacity_z,audusd,0.0,0.0
2026-07-14,1,pw_malacca_strait_capacity_z,brlusd,0.0,0.0
2026-07-14,1,pw_malacca_strait_capacity_z,cnyusd,0.0,0.0
2026-07-14,1,pw_malacca_strait_capacity_z,krwusd,0.001954691567631928,0.001954691567631928
2026-07-14,1,pw_malacca_strait_capacity_z,eurusd,0.0,0.0
2026-07-14,1,pw_malacca_strait_capacity_z,sp500,0.0,0.0
2026-07-14,1,pw_malacca_strait_capacity_z,vix,0.0,0.0
2026-07-14,1,pw_malacca_strait_capacity_z,us2y,0.0,0.0
2026-07-14,1,pw_malacca_strait_capacity_z,us10y,0.0,0.0
2026-07-14,1,pw_malacca_strait_capacity_z,wti,0.0,0.0
2026-07-14,1,pw_malacca_strait_capacity_z,brent,0.009889655382232984,0.009889655382232984
2026-07-14,1,pw_malacca_strait_capacity_z,henry_hub,0.015266445084402053,-0.015266445084402053
2026-07-14,1,pw_malacca_strait_n_total_z,audusd,0.009999523076847762,0.009999523076847762
2026-07-14,1,pw_malacca_strait_n_total_z,brlusd,0.02053783111821463,0.02053783111821463
2026-07-14,1,pw_malacca_strait_n_total_z,cnyusd,0.018828062762903938,0.017359334504936076
2026-07-14,1,pw_malacca_strait_n_total_z,krwusd,0.0,0.0
2026-07-14,1,pw_malacca_strait_n_total_z,eurusd,0.011241986811708932,0.011241986811708932
2026-07-14,1,pw_malacca_strait_n_total_z,sp500,0.0,0.0
2026-07-14,1,pw_malacca_strait_n_total_z,vix,0.0,0.0
2026-07-14,1,pw_malacca_strait_n_total_z,us2y,0.0,0.0
2026-07-14,1,pw_malacca_strait_n_total_z,us10y,0.0,0.0
2026-07-14,1,pw_malacca_strait_n_total_z,wti,0.009816758582280156,0.009816758582280156
2026-07-14,1,pw_malacca_strait_n_total_z,brent,0.024619885334640237,0.024619885334640237
2026-07-14,1,pw_malacca_strait_n_total_z,henry_hub,0.0,0.0
2026-07-14,1,pw_panama_canal_capacity_z,audusd,0.0,0.0
2026-07-14,1,pw_panama_canal_capacity_z,brlusd,0.0,0.0
2026-07-14,1,pw_panama_canal_capacity_z,cnyusd,0.0,0.0
2026-07-14,1,pw_panama_canal_capacity_z,krwusd,0.0,0.0
2026-07-14,1,pw_panama_canal_capacity_z,eurusd,0.00414332637009865,0.00414332637009865
2026-07-14,1,pw_panama_canal_capacity_z,sp500,0.0,0.0
2026-07-14,1,pw_panama_canal_capacity_z,vix,0.0,0.0
2026-07-14,1,pw_panama_canal_capacity_z,us2y,0.0,0.0
2026-07-14,1,pw_panama_canal_capacity_z,us10y,0.0,0.0
2026-07-14,1,pw_panama_canal_capacity_z,wti,0.0,0.0
2026-07-14,1,pw_panama_canal_capacity_z,brent,0.0,0.0
2026-07-14,1,pw_panama_canal_capacity_z,henry_hub,0.012872904416339183,-0.012872904416339183
2026-07-14,1,pw_panama_canal_n_total_z,audusd,0.005595437984173555,-0.005595437984173555
2026-07-14,1,pw_panama_canal_n_total_z,brlusd,0.0,0.0
2026-07-14,1,pw_panama_canal_n_total_z,cnyusd,0.0,0.0
2026-07-14,1,pw_panama_canal_n_total_z,krwusd,0.0,0.0
2026-07-14,1,pw_panama_canal_n_total_z,eurusd,0.0,0.0
2026-07-14,1,pw_panama_canal_n_total_z,sp500,0.006879173456487759,-0.006879173456487759
2026-07-14,1,pw_panama_canal_n_total_z,vix,0.0,0.0
2026-07-14,1,pw_panama_canal_n_total_z,us2y,0.0,0.0
2026-07-14,1,pw_panama_canal_n_total_z,us10y,0.0,0.0
2026-07-14,1,pw_panama_canal_n_total_z,wti,0.0,0.0
2026-07-14,1,pw_panama_canal_n_total_z,brent,0.0,0.0
2026-07-14,1,pw_panama_canal_n_total_z,henry_hub,0.0,0.0
2026-07-14,1,pw_strait_of_hormuz_capacity_z,audusd,0.0,0.0
2026-07-14,1,pw_strait_of_hormuz_capacity_z,brlusd,0.004373452951404436,-0.004373452951404436
2026-07-14,1,pw_strait_of_hormuz_capacity_z,cnyusd,0.0,0.0
2026-07-14,1,pw_strait_of_hormuz_capacity_z,krwusd,0.0,0.0
2026-07-14,1,pw_strait_of_hormuz_capacity_z,eurusd,0.0034023681403205657,-0.0034023681403205657
2026-07-14,1,pw_strait_of_hormuz_capacity_z,sp500,0.0,0.0
2026-07-14,1,pw_strait_of_hormuz_capacity_z,vix,0.0,0.0
2026-07-14,1,pw_strait_of_hormuz_capacity_z,us2y,0.006318860952961631,-0.006318860952961631
2026-07-14,1,pw_strait_of_hormuz_capacity_z,us10y,0.0,0.0
2026-07-14,1,pw_strait_of_hormuz_capacity_z,wti,0.023746988153255117,0.023746988153255117
2026-07-14,1,pw_strait_of_hormuz_capacity_z,brent,0.0520123141261232,0.043821755037685685
2026-07-14,1,pw_strait_of_hormuz_capacity_z,henry_hub,0.0,0.0
2026-07-14,1,pw_strait_of_hormuz_n_total_z,audusd,0.0,0.0
2026-07-14,1,pw_strait_of_hormuz_n_total_z,brlusd,0.0,0.0
2026-07-14,1,pw_strait_of_hormuz_n_total_z,cnyusd,0.0,0.0
2026-07-14,1,pw_strait_of_hormuz_n_total_z,krwusd,0.0,0.0
2026-07-14,1,pw_strait_of_hormuz_n_total_z,eurusd,0.0,0.0
2026-07-14,1,pw_strait_of_hormuz_n_total_z,sp500,0.0,0.0
2026-07-14,1,pw_strait_of_hormuz_n_total_z,vix,0.0,0.0
2026-07-14,1,pw_strait_of_hormuz_n_total_z,us2y,0.0,0.0
2026-07-14,1,pw_strait_of_hormuz_n_total_z,us10y,0.0,0.0
2026-07-14,1,pw_strait_of_hormuz_n_total_z,wti,0.0,0.0
2026-07-14,1,pw_strait_of_hormuz_n_total_z,brent,0.004242578116583937,0.004242578116583937
2026-07-14,1,pw_strait_of_hormuz_n_total_z,henry_hub,0.029709362820159596,0.029709362820159596
2026-07-14,1,pw_suez_canal_capacity_z,audusd,0.0,0.0
2026-07-14,1,pw_suez_canal_capacity_z,brlusd,0.0,0.0
2026-07-14,1,pw_suez_canal_capacity_z,cnyusd,0.0,0.0
2026-07-14,1,pw_suez_canal_capacity_z,krwusd,0.0,0.0
2026-07-14,1,pw_suez_canal_capacity_z,eurusd,0.0,0.0
2026-07-14,1,pw_suez_canal_capacity_z,sp500,0.007475173938523749,-0.007475173938523749
2026-07-14,1,pw_suez_canal_capacity_z,vix,0.0,0.0
2026-07-14,1,pw_suez_canal_capacity_z,us2y,0.0,0.0
2026-07-14,1,pw_suez_canal_capacity_z,us10y,0.0,0.0
2026-07-14,1,pw_suez_canal_capacity_z,wti,0.0,0.0
2026-07-14,1,pw_suez_canal_capacity_z,brent,0.0,0.0
2026-07-14,1,pw_suez_canal_capacity_z,henry_hub,0.0,0.0
2026-07-14,1,pw_suez_canal_n_total_z,audusd,0.009771749221860205,0.009771749221860205
2026-07-14,1,pw_suez_canal_n_total_z,brlusd,0.0,0.0
2026-07-14,1,pw_suez_canal_n_total_z,cnyusd,0.0,0.0
2026-07-14,1,pw_suez_canal_n_total_z,krwusd,0.0,0.0
2026-07-14,1,pw_suez_canal_n_total_z,eurusd,0.01634349045755378,0.01634349045755378
2026-07-14,1,pw_suez_canal_n_total_z,sp500,0.0,0.0
2026-07-14,1,pw_suez_canal_n_total_z,vix,0.0,0.0
2026-07-14,1,pw_suez_canal_n_total_z,us2y,0.0,0.0
2026-07-14,1,pw_suez_canal_n_total_z,us10y,0.004031206107493033,-0.004031206107493033
2026-07-14,1,pw_suez_canal_n_total_z,wti,0.0,0.0
2026-07-14,1,pw_suez_canal_n_total_z,brent,0.0,0.0
2026-07-14,1,pw_suez_canal_n_total_z,henry_hub,0.0,0.0
2026-08-11,1,pw_bab_el_mandeb_strait_capacity_z,audusd,0.019400191913463313,0.019400191913463313
2026-08-11,1,pw_bab_el_mandeb_strait_capacity_z,brlusd,0.0,0.0
2026-08-11,1,pw_bab_el_mandeb_strait_capacity_z,cnyusd,0.0,0.0
2026-08-11,1,pw_bab_el_mandeb_strait_capacity_z,krwusd,0.0,0.0
2026-08-11,1,pw_bab_el_mandeb_strait_capacity_z,eurusd,0.0,0.0
2026-08-11,1,pw_bab_el_mandeb_strait_capacity_z,sp500,0.0,0.0
2026-08-11,1,pw_bab_el_mandeb_strait_capacity_z,vix,0.0,0.0
2026-08-11,1,pw_bab_el_mandeb_strait_capacity_z,us2y,0.0,0.0
2026-08-11,1,pw_bab_el_mandeb_strait_capacity_z,us10y,0.0,0.0
2026-08-11,1,pw_bab_el_mandeb_strait_capacity_z,wti,0.0,0.0
2026-08-11,1,pw_bab_el_mandeb_strait_capacity_z,brent,0.0,0.0
2026-08-11,1,pw_bab_el_mandeb_strait_capacity_z,henry_hub,0.0,0.0
2026-08-11,1,pw_bab_el_mandeb_strait_n_total_z,audusd,0.0,0.0
2026-08-11,1,pw_bab_el_mandeb_strait_n_total_z,brlusd,0.01142053913715965,0.01142053913715965
2026-08-11,1,pw_bab_el_mandeb_strait_n_total_z,cnyusd,0.0,0.0
2026-08-11,1,pw_bab_el_mandeb_strait_n_total_z,krwusd,0.0,0.0
2026-08-11,1,pw_bab_el_mandeb_strait_n_total_z,eurusd,0.0,0.0
2026-08-11,1,pw_bab_el_mandeb_strait_n_total_z,sp500,0.0,0.0
2026-08-11,1,pw_bab_el_mandeb_strait_n_total_z,vix,0.0,0.0
2026-08-11,1,pw_bab_el_mandeb_strait_n_total_z,us2y,0.0,0.0
2026-08-11,1,pw_bab_el_mandeb_strait_n_total_z,us10y,0.0,0.0
2026-08-11,1,pw_bab_el_mandeb_strait_n_total_z,wti,0.0,0.0
2026-08-11,1,pw_bab_el_mandeb_strait_n_total_z,brent,0.0,0.0
2026-08-11,1,pw_bab_el_mandeb_strait_n_total_z,henry_hub,0.008518744872337738,-0.008518744872337738
2026-08-11,1,pw_cape_of_good_hope_capacity_z,audusd,0.0,0.0
2026-08-11,1,pw_cape_of_good_hope_capacity_z,brlusd,0.01647513871948226,-0.01647513871948226
2026-08-11,1,pw_cape_of_good_hope_capacity_z,cnyusd,0.01708088205307771,-0.01708088205307771
2026-08-11,1,pw_cape_of_good_hope_capacity_z,krwusd,0.0,0.0
2026-08-11,1,pw_cape_of_good_hope_capacity_z,eurusd,0.0,0.0
2026-08-11,1,pw_cape_of_good_hope_capacity_z,sp500,0.0016782243423563957,0.0016782243423563957
2026-08-11,1,pw_cape_of_good_hope_capacity_z,vix,0.0,0.0
2026-08-11,1,pw_cape_of_good_hope_capacity_z,us2y,0.0,0.0
2026-08-11,1,pw_cape_of_good_hope_capacity_z,us10y,0.0,0.0
2026-08-11,1,pw_cape_of_good_hope_capacity_z,wti,0.0,0.0
2026-08-11,1,pw_cape_of_good_hope_capacity_z,brent,0.0,0.0
2026-08-11,1,pw_cape_of_good_hope_capacity_z,henry_hub,0.0,0.0
2026-08-11,1,pw_cape_of_good_hope_n_total_z,audusd,0.0,0.0
2026-08-11,1,pw_cape_of_good_hope_n_total_z,brlusd,0.0,0.0
2026-08-11,1,pw_cape_of_good_hope_n_total_z,cnyusd,0.0,0.0
2026-08-11,1,pw_cape_of_good_hope_n_total_z,krwusd,0.0,0.0
2026-08-11,1,pw_cape_of_good_hope_n_total_z,eurusd,0.0288918420767931,-0.0288918420767931
2026-08-11,1,pw_cape_of_good_hope_n_total_z,sp500,0.0,0.0
2026-08-11,1,pw_cape_of_good_hope_n_total_z,vix,0.0,0.0
2026-08-11,1,pw_cape_of_good_hope_n_total_z,us2y,0.0,0.0
2026-08-11,1,pw_cape_of_good_hope_n_total_z,us10y,0.0,0.0
2026-08-11,1,pw_cape_of_good_hope_n_total_z,wti,0.0,0.0
2026-08-11,1,pw_cape_of_good_hope_n_total_z,brent,0.0,0.0
2026-08-11,1,pw_cape_of_good_hope_n_total_z,henry_hub,0.0,0.0
2026-08-11,1,pw_malacca_strait_capacity_z,audusd,0.0008441472593433118,0.0008441472593433118
2026-08-11,1,pw_malacca_strait_capacity_z,brlusd,0.0,0.0
2026-08-11,1,pw_malacca_strait_capacity_z,cnyusd,0.0003027086032334179,0.0003027086032334179
2026-08-11,1,pw_malacca_strait_capacity_z,krwusd,0.001243916818826278,0.001243916818826278
2026-08-11,1,pw_malacca_strait_capacity_z,eurusd,0.0,0.0
2026-08-11,1,pw_malacca_strait_capacity_z,sp500,0.0,0.0
2026-08-11,1,pw_malacca_strait_capacity_z,vix,0.0,0.0
2026-08-11,1,pw_malacca_strait_capacity_z,us2y,0.0,0.0
2026-08-11,1,pw_malacca_strait_capacity_z,us10y,0.0,0.0
2026-08-11,1,pw_malacca_strait_capacity_z,wti,0.0,0.0
2026-08-11,1,pw_malacca_strait_capacity_z,brent,0.017309946686617977,0.017309946686617977
2026-08-11,1,pw_malacca_strait_capacity_z,henry_hub,0.014043300865970419,-0.014043300865970419
2026-08-11,1,pw_malacca_strait_n_total_z,audusd,0.004849448542703558,0.004849448542703558
2026-08-11,1,pw_malacca_strait_n_total_z,brlusd,0.020229888884826925,0.020229888884826925
2026-08-11,1,pw_malacca_strait_n_total_z,cnyusd,0.01786718149016676,0.015086894455151593
2026-08-11,1,pw_malacca_strait_n_total_z,krwusd,0.0,0.0
2026-08-11,1,pw_malacca_strait_n_total_z,eurusd,0.008003827666081641,0.008003827666081641
2026-08-11,1,pw_malacca_strait_n_total_z,sp500,0.0,0.0
2026-08-11,1,pw_malacca_strait_n_total_z,vix,0.0,0.0
2026-08-11,1,pw_malacca_strait_n_total_z,us2y,0.0,0.0
2026-08-11,1,pw_malacca_strait_n_total_z,us10y,0.0,0.0
2026-08-11,1,pw_malacca_strait_n_total_z,wti,0.0045177202437698466,0.0045177202437698466
2026-08-11,1,pw_malacca_strait_n_total_z,brent,0.006996965654668096,0.006996965654668096
2026-08-11,1,pw_malacca_strait_n_total_z,henry_hub,0.0,0.0
2026-08-11,1,pw_panama_canal_capacity_z,audusd,0.00399633917069702,-0.00399633917069702
2026-08-11,1,pw_panama_canal_capacity_z,brlusd,0.0,0.0
2026-08-11,1,pw_panama_canal_capacity_z,cnyusd,0.0,0.0
2026-08-11,1,pw_panama_canal_capacity_z,krwusd,0.0,0.0
2026-08-11,1,pw_panama_canal_capacity_z,eurusd,0.007049275248802683,0.007049275248802683
2026-08-11,1,pw_panama_canal_capacity_z,sp500,0.0,0.0
2026-08-11,1,pw_panama_canal_capacity_z,vix,0.0,0.0
2026-08-11,1,pw_panama_canal_capacity_z,us2y,0.0,0.0
2026-08-11,1,pw_panama_canal_capacity_z,us10y,0.0,0.0
2026-08-11,1,pw_panama_canal_capacity_z,wti,0.0,0.0
2026-08-11,1,pw_panama_canal_capacity_z,brent,0.010269577939555886,-0.010269577939555886
2026-08-11,1,pw_panama_canal_capacity_z,henry_hub,0.008059912189472315,-0.008059912189472315
2026-08-11,1,pw_panama_canal_n_total_z,audusd,0.0,0.0
2026-08-11,1,pw_panama_canal_n_total_z,brlusd,0.0,0.0
2026-08-11,1,pw_panama_canal_n_total_z,cnyusd,0.0,0.0
2026-08-11,1,pw_panama_canal_n_total_z,krwusd,0.0,0.0
2026-08-11,1,pw_panama_canal_n_total_z,eurusd,0.0,0.0
2026-08-11,1,pw_panama_canal_n_total_z,sp500,0.008360391504670436,-0.008360391504670436
2026-08-11,1,pw_panama_canal_n_total_z,vix,0.0,0.0
2026-08-11,1,pw_panama_canal_n_total_z,us2y,0.0,0.0
2026-08-11,1,pw_panama_canal_n_total_z,us10y,0.0,0.0
2026-08-11,1,pw_panama_canal_n_total_z,wti,0.0,0.0
2026-08-11,1,pw_panama_canal_n_total_z,brent,0.0,0.0
2026-08-11,1,pw_panama_canal_n_total_z,henry_hub,0.0,0.0
2026-08-11,1,pw_strait_of_hormuz_capacity_z,audusd,0.0,0.0
2026-08-11,1,pw_strait_of_hormuz_capacity_z,brlusd,0.0020926755393850076,-0.0020926755393850076
2026-08-11,1,pw_strait_of_hormuz_capacity_z,cnyusd,0.0,0.0
2026-08-11,1,pw_strait_of_hormuz_capacity_z,krwusd,0.0,0.0
2026-08-11,1,pw_strait_of_hormuz_capacity_z,eurusd,0.0036201506823819152,-0.0036201506823819152
2026-08-11,1,pw_strait_of_hormuz_capacity_z,sp500,0.0,0.0
2026-08-11,1,pw_strait_of_hormuz_capacity_z,vix,0.0,0.0
2026-08-11,1,pw_strait_of_hormuz_capacity_z,us2y,0.005371666901703916,-0.005371666901703916
2026-08-11,1,pw_strait_of_hormuz_capacity_z,us10y,0.0,0.0
2026-08-11,1,pw_strait_of_hormuz_capacity_z,wti,0.02173623236917517,0.02173623236917517
2026-08-11,1,pw_strait_of_hormuz_capacity_z,brent,0.04015477893308278,0.04015477893308278
2026-08-11,1,pw_strait_of_hormuz_capacity_z,henry_hub,0.0,0.0
2026-08-11,1,pw_strait_of_hormuz_n_total_z,audusd,0.0,0.0
2026-08-11,1,pw_strait_of_hormuz_n_total_z,brlusd,0.0,0.0
2026-08-11,1,pw_strait_of_hormuz_n_total_z,cnyusd,0.0,0.0
2026-08-11,1,pw_strait_of_hormuz_n_total_z,krwusd,0.0,0.0
2026-08-11,1,pw_strait_of_hormuz_n_total_z,eurusd,0.0,0.0
2026-08-11,1,pw_strait_of_hormuz_n_total_z,sp500,0.0,0.0
2026-08-11,1,pw_strait_of_hormuz_n_total_z,vix,0.0,0.0
2026-08-11,1,pw_strait_of_hormuz_n_total_z,us2y,0.0,0.0
2026-08-11,1,pw_strait_of_hormuz_n_total_z,us10y,0.0,0.0
2026-08-11,1,pw_strait_of_hormuz_n_total_z,wti,0.0012333118184491706,0.0012333118184491706
2026-08-11,1,pw_strait_of_hormuz_n_total_z,brent,0.0,0.0
2026-08-11,1,pw_strait_of_hormuz_n_total_z,henry_hub,0.028775682871668457,0.028775682871668457
2026-08-11,1,pw_suez_canal_capacity_z,audusd,0.0,0.0
2026-08-11,1,pw_suez_canal_capacity_z,brlusd,0.0,0.0
2026-08-11,1,pw_suez_canal_capacity_z,cnyusd,0.0,0.0
2026-08-11,1,pw_suez_canal_capacity_z,krwusd,0.0,0.0
2026-08-11,1,pw_suez_canal_capacity_z,eurusd,0.0,0.0
2026-08-11,1,pw_suez_canal_capacity_z,sp500,0.005164712421890575,-0.005164712421890575
2026-08-11,1,pw_suez_canal_capacity_z,vix,0.0,0.0
2026-08-11,1,pw_suez_canal_capacity_z,us2y,0.0,0.0
2026-08-11,1,pw_suez_canal_capacity_z,us10y,0.0,0.0
2026-08-11,1,pw_suez_canal_capacity_z,wti,0.0,0.0
2026-08-11,1,pw_suez_canal_capacity_z,brent,0.0,0.0
2026-08-11,1,pw_suez_canal_capacity_z,henry_hub,0.0,0.0
2026-08-11,1,pw_suez_canal_n_total_z,audusd,0.010409647773516148,0.010409647773516148
2026-08-11,1,pw_suez_canal_n_total_z,brlusd,0.009054810530411031,0.009054810530411031
2026-08-11,1,pw_suez_canal_n_total_z,cnyusd,0.0,0.0
2026-08-11,1,pw_suez_canal_n_total_z,krwusd,0.0,0.0
2026-08-11,1,pw_suez_canal_n_total_z,eurusd,0.018064169746527376,0.018064169746527376
2026-08-11,1,pw_suez_canal_n_total_z,sp500,0.0,0.0
2026-08-11,1,pw_suez_canal_n_total_z,vix,0.0,0.0
2026-08-11,1,pw_suez_canal_n_total_z,us2y,0.0,0.0
2026-08-11,1,pw_suez_canal_n_total_z,us10y,0.004339867393093454,-0.004339867393093454
2026-08-11,1,pw_suez_canal_n_total_z,wti,0.0,0.0
2026-08-11,1,pw_suez_canal_n_total_z,brent,0.0,0.0
2026-08-11,1,pw_suez_canal_n_total_z,henry_hub,0.0,0.0
