,audusd,brlusd,cnyusd,krwusd,eurusd,sp500,vix,us2y,us10y,wti,brent,henry_hub
2023-07-26,0.0015277854355279711,0.002625888212774149,0.0004445455774535804,-0.0011046550993530602,0.0002981142006599046,-0.00024003863410196184,-0.009981808249790433,-0.011202120011380386,-0.003004815869756578,0.2203949749721652,0.008807554731952341,-0.010574982437422041
2023-07-27,0.0012200559891834013,0.001560740170917389,0.0008281237302481879,0.0008241705363295001,0.0011166292752729618,0.0013985202571066857,-0.05955099568715066,0.0022383852477745464,0.0002969431472747623,-0.03292949133431722,0.006424891574292754,-0.021605765467838895
2023-07-28,0.000705283835439358,0.0011410251994167175,4.010430015971962e-05,-0.0029113967534243924,6.452016038756191e-05,0.0002731356763390212,-0.08155762572679644,0.015671299032187388,0.0028711394848424587,0.16609274795813003,0.006621120112047832,-0.012678648224661367
2023-07-31,0.00312803798939006,0.0017648892064615848,0.0011159441620185223,0.001957970649631141,0.001894241727469452,0.002786669298156208,-0.17869684681560585,-0.027642750716813217,-0.01286895429847547,-0.42398879598165906,0.0013535254435477488,-0.011784579264456816
2023-08-01,0.0004318123411396021,0.0010754386368988802,0.000763230344933651,-0.00040928196096450903,0.0014691626695352022,-0.0001470293366104779,0.06668429455218648,0.0046884541917440025,-0.00047008792565370874,0.3660713939305693,0.007377105331563364,0.02670585158168096
2023-08-02,0.0023485683229022246,0.000317584352532781,0.00045299044195120877,-0.0012542211724682988,0.00033176548238832203,0.00324872797625111,-0.38644615016043243,0.014211408086003227,0.006280908462161343,0.13500217500402567,0.007671806956080206,0.021791083700823312
2023-08-03,0.0004583750914434416,0.00039339308596462,0.0006497850820226662,-0.0009625960817923718,0.00013276670647130464,0.00420716062326912,-0.5731805920511521,-0.00890204371384477,-0.005794495594853441,-0.44492380597775516,0.002715271393636606,0.029326732723089444
2023-08-04,0.0011759442801732689,0.0013528885836375107,-4.38952372419793e-05,-0.0005877949606829618,-7.334352272777921e-05,0.0008429954290357736,-0.30629282507467187,-0.013247361941599613,-0.006757061874855579,0.34722061669921345,0.014395160432160534,0.03721439002941937
2023-08-07,-0.0008220926895759662,0.0003272563621440992,0.0009450320973054371,0.0031785131890612922,0.0007659054222612029,-4.765606862249352e-05,-0.22510586921792175,-0.012414804234347411,-0.009484787698727166,0.2417318089809421,0.012258748395504419,-0.008881490742738868
2023-08-08,0.0032817815592223617,0.002036934166968036,0.00018365607969450323,6.445872907161636e-05,0.00198683343099751,0.0021119773278172526,-0.34024748133164506,0.019967785390424268,0.01089218953463294,0.0228399409351204,0.009312666489083585,-0.010847020033120668
2023-08-09,0.0016664963454495656,0.0013417531345700038,0.0003452494400869776,-0.0010897148470791036,0.000721051356686851,0.003209301632677164,-0.2885310482949442,0.0014490915909214927,0.003895065057233897,0.36811974068885467,0.011072510916455475,-0.003014041667087705
2023-08-10,0.0002803198091695517,0.00019739126923178747,0.00017541847888346293,-0.0008644237929898368,0.0008261834477113395,0.0015914916998369956,-0.2529826391941418,0.0035791938867590373,-0.0029476640371465302,0.28322635537334406,0.0062891040738266655,-0.015633324625412292
2023-08-11,-0.0005897191479554571,0.00010334543456934686,0.00021316046615739795,0.0005127265738140383,-0.000142943275254438,-0.00039015211753783044,0.20135474209868348,0.010199580529211317,0.001948081727873139,0.002688252038935496,-0.002504309974436058,-0.010749538356443315
2023-08-14,0.0020458642176628813,0.0002956403048476877,0.00042135379210082733,-0.001464465383729348,0.0006982591682599308,0.0010970085536351872,-0.06061144696990454,0.007254923442806963,2.225504093234139e-05,0.36266186152060265,0.004494236736395817,0.02992082522282252
2023-08-15,0.00261766354475465,0.00032564746922673183,0.00039052728154738566,-0.00029937261254798527,0.0012082744874018154,0.00019101286391528475,-0.09120497917347971,0.004472860861014478,-0.0026083348175997456,0.32594534508901957,0.0015047570277266103,0.017311494570243256
2023-08-16,0.00015502156511836048,-0.0005153653769663349,0.0006488990429277249,-0.00014385562807867538,0.0003717797193437972,0.0016251352405559937,-0.307637647728116,-0.0024440237307920675,0.00045555523895196657,-0.16991965597431322,0.002237344408173058,0.013476884426516674
2023-08-17,-5.7845680702478e-05,-0.0003861102753075218,-4.855939031371214e-05,-0.001705457738538128,-0.000623921585027976,0.0002576998634282064,-0.06058967926105171,0.008187877233482509,0.0069314310499583465,0.010840989900089804,0.006419221750345665,0.004236024641987801
2023-08-18,0.0004246760465215324,0.001588694414966777,0.00018138441742266844,-0.0006486987963512635,0.0003117237379071736,0.0007702374610056907,-0.17281562303837805,0.0011245400536277856,0.0028127404876351516,0.21195143738251826,0.010903944813255125,-0.0005552852596990407
2023-08-21,0.0014973743764093983,0.0010394427204920085,0.0007896129360012165,0.00027648327339155977,0.0011046743539118613,0.0012400286538851873,-0.26455701889652233,-0.007481151874678376,-0.005536187340382427,0.24877227592987228,0.010132372657020413,0.0006613250954018337
2023-08-22,0.002040351078030567,0.0007376784645700771,0.00043184192962559983,0.0009201877437024835,0.0011885370373754885,0.0006330731896348156,-0.014199938445657992,0.01090911674152516,0.0019361491488382187,0.045428355384617286,0.0034247101193249883,0.020654200225887084
2023-08-23,0.0009872380804051147,0.0005852574787889873,0.00037278050385169704,-0.0016121400808250274,0.0006348677286440528,0.00033244852569443725,-0.05544403985825322,0.006075357358650441,-0.0026345996096355504,0.35395812445429753,0.0056835145327310405,0.03412811212770602
2023-08-24,0.0013533853694207639,0.0012427949975162987,0.0012896766826534182,0.002786003009451297,0.0025996344867155402,-0.0009003333530183286,0.43102315247828776,0.0017771139516739565,-0.0016753318584558081,0.31330269905115027,-0.0005692870877358623,0.01182475819202614
2023-08-25,-0.0013396443110950638,0.00019419213183247542,0.00017878009816234348,-0.0034340959974815347,-0.00048216242386769876,0.0012155814679069032,-0.2326995134635403,0.03167411860038852,0.017937520135909588,-0.07491047617385968,0.00328497512301671,0.028452961928847907
2023-08-30,0.0017049431200537807,0.0018829917154343395,0.00026348654713590576,-0.000660719487388594,0.0006978843792702363,0.0005440686310022395,0.2093611510215167,0.006539375160369882,0.010190234114457622,0.07160295449820749,0.004944352194343044,0.01068894289557934
2023-08-31,0.0007938651415308515,0.0017972644396586463,0.0006530707395819196,0.0018276601319562528,0.001139916315608389,0.0001357543170820637,-0.008916414212689142,0.014238427534386516,0.006784474024046494,-0.1850330186818613,0.004843256130314886,0.013348441219972128
2023-09-01,0.0013595365395697476,0.0012036299882347578,0.0006136930657241614,-0.0013342008644206226,0.0001103034414072173,0.00010577294342748692,-0.07825557733151953,-0.005496308999976916,0.0001643244716022685,0.402531186600976,0.01275234106613859,0.021946540093295375
2023-09-06,0.0011840474254394017,0.0011583452525668059,-9.711794219317194e-05,-0.0015623986348017385,0.0003488859695463835,-0.0010873356113677195,0.2082422842255205,0.010851835522054164,0.009825241235697203,0.2414271314214192,0.008636015939711422,0.010984635904997599
2023-09-07,-0.00010060112868521283,-0.0005901775081419307,9.44222246018407e-05,-0.0013929209447876168,-0.00019745850008176906,0.0010959572458593455,-0.10079034267497836,-0.002000144659921717,0.0021800540618910577,-0.05554003986342912,0.0036293695877487367,-0.006413891885874844
2023-09-08,-0.00044868759903059474,8.70329930017266e-05,0.0006132277248826346,0.0005385507281162296,0.0003260621838118213,-0.002298684580646211,0.33158811406836886,0.010239554182495555,0.0021950547878880943,-0.12419264739981375,-0.0003797224241902054,-0.012366236404767483
2023-09-11,0.000695633111243489,0.0016587646958106542,0.00034618966432010175,-0.0007280393220383385,0.00043626749498409554,-0.0021702958572786635,0.20478125107516915,0.011346225108812776,0.00916579589327052,0.34904612615170794,0.007335247405594943,-0.02092708685271583
2023-09-12,0.0009765514996764767,0.0023290355013024454,0.0002078626624619892,0.0012251139168967065,0.0009836527017534444,-0.0003691199339416806,0.06181092745309692,-0.011705507370537186,-0.0020059886293926437,0.17882468561668155,0.004520488221497846,-0.06133532533310317
2023-09-13,-0.0006088381584417244,0.001656680009190198,1.2218084658756067e-05,-0.0011601643046155884,3.9579982414911325e-07,0.0005423973918039678,-0.06462868542286757,0.004749537147167725,0.008153936993817995,0.06972362241983308,0.007906622004112906,-0.06965709177085856
2023-09-14,0.0003480336668479674,0.0030891496804481304,0.00048010053321271076,0.0010548766073589363,0.0007778949041897502,0.0013834238420446306,0.05924272423151321,-0.009140532584056105,-0.005705882483305242,0.2734326268892652,0.005007303526700255,-0.04438262476233848
2023-09-15,0.001196066473980801,0.0036491038988462877,0.0003770293259539728,-0.001563351966134407,0.0011171431409397767,0.0020315620892326983,-0.18661709442006338,0.015054940056670041,0.008199926471149333,0.23737461077215993,0.008711443149173534,-0.04838926545182002
2023-09-18,-0.0015607205312306444,0.0010711583956724922,0.0001772934504119204,-0.0010958919791365835,-4.224220857750245e-05,0.0013750558845552863,-0.1461270936743051,-0.001317611996643082,-0.0011291138881389016,-0.13329922961019894,0.002236623417615596,-0.00487664695288266
2023-09-19,-0.00016515333078065295,-0.0001547509548629105,0.0005221307902116374,-0.00011868256117972206,0.0006979838236214812,0.0002877040709073514,0.05789303091021829,0.005750846118190534,0.002370118941349182,-0.35552280424496085,0.0016135003290028394,0.02422088880221298
2023-09-20,-0.0005690259420323804,0.00018622002373972103,0.0004014026141068639,-0.0007644347721316844,0.0004258587930923667,-0.0006713373556756851,0.12822468017372057,0.01265107223117623,-0.0006216401948184974,0.06299696998322889,0.0002537759877672685,0.028880471085071215
2023-09-21,-0.0017486375166215528,-0.0009595503876489839,-0.00019355147542988294,-0.0008593047005029047,-9.846313945654746e-05,0.0005589535274070182,-0.11340310994460365,-0.0072930973185603935,-0.002229117204112952,-0.296494723431572,-0.004370378720417168,0.0293036952429973
2023-09-22,-0.001859701750476245,-0.0022910799015340827,-0.00025937607994878513,-0.0026061193863149094,-0.0010385695794519379,0.0018401044751246492,-0.30278773964884964,0.004705726939236743,0.010113881350660983,-0.1857960120998661,0.00526420632063501,0.04399006972682115
2023-09-25,0.00022201088506719404,-0.001198184592810293,0.0003057518424666476,-0.0002600718133029906,9.075565825921201e-05,0.0007388659318383768,-0.09305713995640522,-0.01909857836350879,-0.00750857432432462,0.10237000519851727,0.003272583302116563,0.0016896048757383537
2023-09-26,0.00110331958100077,0.0009588053850922099,-0.00012835459428080782,-0.0010127020802930035,0.0004399049066528909,0.0006582237422101939,-0.10419456547301315,0.012834318885375774,0.014192979352492988,0.15851062289084952,0.000813905894194133,0.012829848559351698
2023-09-27,-0.0014968843434194766,-0.0022167744791241318,-0.00015971492452428556,-0.0009555571221542571,-0.0014124279774152435,0.0008388012185404463,-0.41337831796020397,-0.006596699821215674,-5.577059317657526e-05,0.06311188038889909,0.0057876295440317084,0.035595491732360304
2023-09-28,0.0015588020719147174,-0.0006436029850153763,-0.00013122756811099155,-0.0020268390226658105,8.579359720206155e-05,-0.0007203565930192272,0.040184006178734355,0.0022300609487172127,0.0019302799236591125,0.34088741118721444,0.004289339471162769,0.03401974474317081
2023-09-29,-4.217669919484223e-06,-0.0005279436600510212,0.000550100775906973,0.0031761456263300933,0.00018950503991614398,-0.0017231186026508511,0.22151342873909186,-0.009941063301704446,-0.006562547919382723,-0.041819956157566285,-0.010223965339053705,0.01784962949012901
2023-10-02,-0.00020541706992670028,-0.000578798735615484,0.00014582621820696053,-0.0007462355803835138,6.316592933053235e-05,0.0002636327258920529,-0.06328505230363853,0.005761322071401365,0.003772394663319986,0.3102087394557811,-0.0014941270222704633,0.010928290038215965
2023-10-03,0.0005658708025434914,0.0008857505284018053,-0.00033296584691031207,-0.0026298795851938776,-0.0011344986564216786,-0.0007732970937269067,0.17766976052631972,0.01052765816627253,0.006611565734087584,0.2803011330181876,0.0032393671810006805,0.003490774382970933
2023-10-04,-1.5073642415438455e-05,0.0012463161863398584,-0.0002970098159277065,-0.002314938212499026,-0.0008760279709031597,0.00257161081536799,-0.5119106240689443,-0.01314567745880611,0.0009993468730916362,0.06844229199097082,0.004539325887310915,-0.028508689442005932
2023-10-05,0.0008280963959790409,0.0014425342779136158,0.0006626854931947647,0.0032918043429381594,0.000848828198746167,0.001638411055190876,-0.18326608197186273,-0.016257131414872398,-0.005732118796275318,0.32579780960356447,-0.0041978418087018216,-0.034635305569550044
2023-10-06,-0.0010131047061687872,0.002491172082425849,-6.375580243083006e-05,-0.0006317062504109926,-0.0005995636790697834,-0.0011574411825812886,-0.05155921741878458,0.017904055943510737,0.0096002531471322,0.053757452006219494,0.0023318772285445474,-0.01909134331291194
2023-10-11,0.0011135979110104958,0.0020159884935021547,-0.0004594881724854172,0.0013281117395609883,0.0002818100427717416,0.0011276764941744993,0.0005803040142094845,0.006026328583410979,-0.0005411523540204788,0.42875576644799496,0.01334521851039816,-0.02364261282120522
2023-10-12,0.0016598061218050359,0.0014969242890789402,0.00044116811559998713,-0.0004988104387253634,0.0013802557769029464,0.0028731360369095116,-0.2040576346297434,0.0018010719033553176,-0.0014159105014774323,-0.12723525798755045,0.0018300662151912851,0.011423041380104179
2023-10-13,-0.00041798436169641527,9.347716818566555e-05,-0.0003287342411034078,-0.0030470372286820592,-0.0006377296518141857,0.0013246519388975609,-0.23133389179971853,0.010308826506905351,0.005257648417469989,0.3452948434437966,0.005008973328168286,0.003889166796297019
2023-10-16,0.000505600991519421,0.00014610335074780484,0.0007489491361658182,-0.0008304914062338132,0.00030625931536617797,0.003401679480736928,-0.5714877822023762,0.0007512970751127994,0.006439100554259008,0.41944847223705406,0.011399840864921544,0.016761663395097763
2023-10-17,0.0007192154795273812,0.0012720379615783033,0.00022286136284102695,0.0011956009530334885,0.0007279233791330703,-0.0010477990735093196,-0.030791688948227057,0.011266304244955165,0.009035138575474985,-0.29924887449450277,0.0004771272807547987,0.02584203388094661
2023-10-18,0.00020923623295323988,0.0021894958318053707,-0.0002652424633213397,-0.0001375048196563478,-0.0006243007986522695,-0.00042721337423494237,-0.1486854997515846,-0.0015212315491726696,0.0006998201242710621,0.013912691081346601,0.005350547352787258,0.004737300969788696
2023-10-19,-0.00018505778155934272,0.00013398623313988012,-0.00024091169727216878,-0.0025277541571492356,-0.00025688144837237507,0.0011843759121768827,-0.2862107977184056,-0.005307377288331051,9.491020108277686e-05,0.4654848916368891,0.012996234807211914,0.013061782931631617
2023-10-20,-0.0011627842489427584,-0.000668417444347541,0.0002477045626416057,0.0006313119330656708,5.396597681780708e-05,-0.00033738858903543457,0.0033368517739757603,-0.017040064519595697,0.0002627161069831967,-0.47952984656490205,0.00012231988524079524,-0.0038906102108760493
2023-10-23,-0.0011122756342260875,-0.0013364245050722268,0.00045023311745565216,-0.000566261934997666,-0.00044945883870543493,0.0025418626072979573,-0.4880061234674082,0.00019005623071695083,0.0004090097083884361,-0.1212242176187722,0.0009403099039833915,-0.008563335250719773
2023-10-24,-0.0011915785112531418,0.0008689308222653252,0.00011487012396907177,0.0007145858095674179,-0.0002048088354814631,-0.0006283318682688993,0.11265378217240647,0.00580991606202877,-0.002229266780347789,-0.46226364933909614,-0.010860478718859652,0.007361812109506374
2023-10-25,0.00152524000744504,0.002849524367738445,5.97227289248304e-05,-0.0012961823807495618,0.0007456487544440179,0.002847976523412849,-0.20840579537300907,0.012415885177676153,0.0038906184677000243,0.5358453770112519,0.011719973227675408,0.027648393418921776
2023-10-26,-0.0019923009627420118,-0.0005300447269032935,-0.0005643739957312875,-0.0027159066388685975,-0.0011066886045607608,0.0008780373000199854,-0.11027489700758739,0.005319684758587505,0.004986079943971155,0.30800233381142705,0.009446298433398701,0.014963117825965409
2023-10-27,-4.401302242680198e-05,-0.0007359875596383845,0.0004363079012380811,-0.0009351118873363808,-0.0002128006893031595,0.003054467335631229,-0.3335119544570135,-0.0015541094384158762,0.001305883181068986,0.2963974731911519,0.004213440822706218,0.015098572136381565
2023-10-30,-0.0010501510124817782,0.000932285556717519,-0.00010366398251701866,0.0009575094756619231,0.0001781192395991298,-0.0009016979710715375,-0.1802765498273735,0.013891583904824272,0.0057103637926324054,0.019509478686597637,0.011053777846686475,0.006674451046562844
2023-10-31,0.0010082443582631543,0.0007040499526464504,-0.00034548961332158757,0.0009006905546188563,0.00011598088538286991,0.0013772653668504531,-0.2317019465714734,0.010602535141676157,0.00664090418303991,0.25676880835361493,-0.002842602844404832,0.01393144462653696
2023-11-01,0.0020551121685207286,0.0016514653703237688,-0.00026767009160486634,-0.0007288178755013054,0.0007222360459589629,3.235972499611092e-05,-0.0026965785475542917,0.006647780395289398,0.004799086217856821,0.1817817561166031,0.012151560437155205,0.002424826409091379
2023-11-02,0.0024410018307082643,0.002172814187552876,0.000929473724034716,0.002292869246281567,0.002036202043370695,0.0025320089140996077,0.0063255612915167556,0.013677399521946155,0.0008579847036339506,0.8771546730625549,0.00928665120403061,0.02140572661861979
2023-11-03,0.00019817321109591264,0.0003535897785466172,0.00028625268111203594,0.0022147535241950423,0.0010535560869977052,-0.00026568892492364194,0.20284974307475637,0.024917375429022698,0.007622552106930984,0.11960791492933191,0.004445142937349971,-0.00428612733541261
2023-11-06,-0.0009285163628141406,0.0013799766653935354,0.0005235462743949071,0.0035474591795372095,0.0007310438991727143,0.0003901763421503137,0.3595535676731768,0.027319709079734113,0.008922708795787968,-0.057272184380371655,-0.006706927797072344,0.002517593501646984
2023-11-07,-0.0009215801805969805,0.0007084826089278936,-0.00034936154384450054,-0.0029673280468493764,-0.000738122455207931,-0.0007352305586411677,0.40224246644316936,0.01613284406157246,0.001775246669498251,0.06321599419610059,0.005170366397824831,0.0016691786890004352
2023-11-08,0.0010600087794649642,0.00011544789767974906,0.001257152756415395,0.00012983318444599753,0.0002125849640111064,0.0028467936582329424,0.11178901161051391,0.0046559332095050384,-0.001290273283733821,0.45122590581493116,0.001200823258772206,-0.0016451500872608845
2023-11-09,0.00015886230500278655,-7.671057113983293e-05,0.0007234187435515327,0.0008289290514302465,0.0005868006276165896,0.001314652363920058,-0.05428950301719001,0.00846548031089506,-0.006668895195179856,-0.27106687112837546,-0.0028504589635422566,-0.009475982590546437
2023-11-14,-0.0018359269588939355,-0.0008545705233069343,-0.0005974506038569575,-0.0022439276325844377,-0.001960206631683353,0.0014663273436980825,-0.32083704667632246,0.008282853333486963,0.010367928560035215,0.3962991408311991,0.005227019947312459,0.026819679004990733
2023-11-15,0.0007159107919040751,-0.001801789945535612,0.0015965197886410698,0.00795798648452452,0.0021453181030152988,0.0013867070581193562,0.020182037266822793,-0.01926197701830923,-0.003307481885679698,-0.42926083320101605,-0.003847250498100835,0.018660346311374393
2023-11-16,-0.0009645429396001759,-0.0005139288618600255,-0.00023774255490388306,-0.0033657821270030278,-0.00033118187068746196,0.0008070140481082509,0.08718321314477778,0.02814919965994151,0.016701059811195546,0.2336679136392524,-0.00031114138988316137,0.003570274509001724
2023-11-17,0.00024340011370564167,0.000556012871213389,0.00010440708032749416,0.00031227002749740915,-0.0002102538734070248,0.002670169749571021,0.1627461253308521,-9.477812843944593e-05,0.0036215880323541166,-0.1370661320898798,-0.00045492935707081234,0.03311582972168542
2023-11-20,0.0001045912514036641,0.0007568219304085499,0.0004509790635934481,-0.0007498783610388163,0.000792351350566718,0.0011749972588351086,0.05648516267759889,0.003341930620158404,-0.0066112431538029506,0.015656843583221863,0.007965288218893522,0.028476964267101775
2023-11-21,-7.019111879886729e-05,-3.5934764130112645e-05,0.000369851686017108,0.0021961291566346968,-0.0004675225144845133,-0.0004801766982014137,0.051361200112753365,-0.00019055138339978822,-0.0033429603188952764,0.41154653624611814,0.0012132206723605207,0.011942379280240015
2023-11-22,-0.0005886231671499798,0.0013351762373358972,0.00012447078185157999,-0.000216771897146025,-0.0001058104132299682,0.0003471626498471154,6.012845178292314e-05,-0.0021587051155956887,0.0009636901334847225,-0.276923771460416,0.002212371405848835,0.02706120909943382
2023-11-27,0.0011788365285107128,0.0012332946244107924,0.00025676650267759856,-0.00013341317386187062,0.00028819326659421384,0.0014498351940588387,0.08542560685085901,0.0150270114545917,0.00801519855592051,0.5705172935327883,0.0070919859008515985,0.03696613270501488
2023-11-28,0.0003290024159747736,0.0005465874538493867,0.0006232146959115881,0.001220771821489392,0.0007872373258689557,0.001487625564167473,0.05131103754184866,0.010282456694531244,0.004367654565946438,-0.002505260446740154,0.0019282364483740391,0.014748693804143346
2023-11-29,-0.0004982774495531245,0.0007294167544983561,0.00041033752313558513,0.002625970471494005,0.00034470101070101954,-0.0015227817265626757,0.35313226709095014,0.006591239755744226,0.007933958587571696,-0.1111721327518314,-0.0005316735543030712,-0.008786496961091631
2023-11-30,0.00024457433487221753,0.00128160931836478,0.00012747230223606883,-3.5274829246369605e-05,-0.0002806785416518367,-4.9912037929801165e-05,0.07163170103671626,0.02030661154813815,0.011547275259605127,0.21530179779359035,0.002665233605313742,-0.004869246772061884
2023-12-01,0.0009284334404943654,0.0016707838542304324,-0.0005155850348035596,-0.002292059823588272,-0.00016334369529533195,-0.0003576268464557271,0.04062371525176385,0.01520227084884139,0.002403237958468232,0.056138574597937675,-0.0025241372706464624,-0.004450208191168415
2023-12-04,0.0021832041874910234,0.0020382263677478415,0.0012020038780704715,0.003676667127178557,0.0016964378421365656,0.0021109802297516,0.006448529108751336,-0.006435438398076685,-0.010341636743949079,0.8018482487178978,0.006688788549241714,0.004460242932457574
2023-12-05,-0.0004029166335811936,5.988370552395276e-05,-0.00019185439275586435,-0.002815863035916935,-0.0007649021384003013,-0.0015737045758156254,0.055230710127399885,0.01937215995202784,0.004192068248074247,0.32971767550045755,0.002389576506107404,0.008383838659757684
2023-12-06,0.0017469714418943754,0.0007412703202521448,0.00044021421727353204,0.0011346159538783776,0.00018800550866547298,0.0008351384479382052,-0.03863415698630564,-0.0045948392731415535,0.003364989642210332,0.2810677255807539,0.0037830395336909675,0.007500392463209929
2023-12-07,9.173553997812356e-05,5.559981520896298e-05,0.00018919635985226716,-0.00013663135889067013,0.0005271124806129066,-0.0007840645835440279,-0.11165348553603699,0.0181937559524682,0.009656495750888535,-0.09008399635482446,-0.0018858871306696658,-0.002016731858409267
2023-12-08,0.00044619886222041624,-0.0004664143390354722,0.00035915699386649373,0.002034825951541999,-9.641933533577845e-05,0.0008276267477479011,-0.097683403509453,0.011757408451570198,0.0071530650557760055,0.5813951970950195,0.006454433374380581,-0.012383627483110188
2023-12-11,0.0017962137127652056,0.000743689619187597,-0.000497680737834767,-0.002787538285884061,-0.00044465793142288565,0.0006756622837655787,-0.2500397255050736,0.009402071280696733,0.007922347663816843,0.1902332508571536,0.008367604213700738,-0.023646971751980002
2023-12-12,0.0013847296075122982,0.00018557990741717662,0.00040178258579143527,0.0015687866874655974,0.0010065618457936031,-0.00045131814019428416,0.08729905822340514,-0.00741725600904992,0.006891286855133991,0.13807708283047349,0.004205330924029429,-0.00024910842624102604
2023-12-13,0.0011982483348261601,-0.0001151532933707233,0.0004356547900418004,0.0014236720563915505,0.0009075340470378396,0.00038688380466130187,-0.06529050848275263,0.011589433191389626,0.0035046962457088056,-0.16194377279415972,-0.0015593267102501905,-0.011250632266097838
2023-12-14,0.00186871551873925,0.00048736488676020997,0.0015300318350263472,0.005206616052680156,0.001902094810009201,0.0010035831321170323,0.22499265259257317,0.003318280861424648,0.0014451499570720951,0.6804570123825232,0.00965176137038744,-0.00013116051629462138
2023-12-15,-0.0014878785318149844,-0.0009495794351561715,0.00023540185728326357,0.0043851427729178225,0.0006286812376976027,-0.0002932717967533599,0.11500650236470511,0.0006243647735615764,-0.003317659897386594,-0.35714493193934904,-0.0017117325857149306,-0.01845727613938839
2023-12-18,-0.0016905191854093193,-0.0006479754288261566,-0.0001805812380879374,-0.002805304999718595,-0.0012092913057411424,0.00107648243535331,0.24107172835783108,0.024366007564063017,0.013107719058425782,0.11069247940062814,-3.003363192355217e-06,0.012280102876300799
2023-12-19,0.0011825530549771836,-6.020119065891708e-05,0.00010116555449768948,0.0012959766318466472,0.0005442357927373154,0.002356022854234194,-0.2053008264134005,0.009506255720289243,-0.0049665013068772215,-0.014900652591523775,0.0021516437163128705,0.015854589580497253
2023-12-20,0.0013425016290324263,-0.0005172591839943499,0.0009751769196153165,0.002797881644717388,0.0010441463819282294,0.00303410535938371,-0.1735510983618505,-0.017520450995074852,-0.008325777581098428,0.6339571109659315,0.004706584392695762,0.019923603656459822
2023-12-21,-0.002103481069465538,-0.0017798278159577748,3.828859675034016e-05,-0.001249400608542104,-0.0009049584321531039,-0.0017121322680866745,0.08722016046948208,0.0232940127588187,0.010979706352091754,0.051705804687623536,-0.0003968289529538453,0.022765932610240947
2023-12-22,0.0007604746709948531,0.0005693019284705829,0.00013506915517691123,0.0019340625092347775,0.00017981372468040945,-0.0001631129868436312,0.14257163182418103,0.004071278643364202,0.002392573600276454,0.05268641538549272,0.004562675808262542,0.032507769694322876
2023-12-28,0.0016392547813475617,0.0006120316213318157,3.2170750586121196e-05,0.0004507061853482063,0.0004895611048201971,0.0018114227692978644,-0.24564462931742975,0.009448118487889973,0.002935710955524965,0.2032892179447955,0.005568136375288398,0.005458156030038764
2023-12-29,0.00023076555746183032,0.0006656833508465628,-0.0002746327142642645,-0.0015704434813613643,-0.0003663483041255892,-0.0011955233016256973,0.15219707689827905,-0.010715306253906029,-0.0095251124627459,0.24470892265824518,0.003429234320488776,-0.019085284205371273
2024-01-03,0.0007243057955195896,0.0011393720721558547,0.00030327165543152517,-2.830480099434856e-06,0.00019140643336824548,0.000670450824217062,-0.05687067308190078,0.0007041092402442746,-0.0007131382181716278,0.2766632212129896,0.010494841881400532,-0.03208480066785376
2024-01-04,0.0005940802696118174,-0.00013091811910516092,0.0007534722536879469,-0.0014531189278586855,-1.116262679310763e-05,0.0008064964588458274,-0.17125865318331507,0.0021538777676413288,-0.00303704877425755,0.1566964777088929,0.010845300915485013,-0.008177868747619915
2024-01-05,0.00026857622813369886,-0.0011540246056832204,0.00015818945037604403,0.00012822634682686232,-0.00021207671594176814,-0.0008443047000501262,-0.08930344315543357,0.007218853195927929,-0.0005682654052534077,-0.3599266057366885,0.0008660262118449663,-0.015631177819268552
2024-01-08,0.0015836932591580112,0.0006842011242463845,0.0006145173303267878,0.00038575942980518217,0.0001606071095501123,0.0007688910672821693,-0.12405424094817162,-0.004209241770910886,-0.0007344502020881511,0.1113820628483541,0.0025343392980532206,0.018846092666678756
2024-01-09,0.0025351488248286534,0.0007906267632754545,0.0012311566347517065,0.0024351553269990503,0.0017132254226610649,-0.00013453126471003288,-0.012472459539330669,0.004914333191833492,0.002138115246309498,0.05455545996542059,-0.005254093815607916,-0.013203041134989157
2024-01-10,0.001956030895857191,0.0024405529997516976,0.00072118819247656,-0.001169062841172043,0.0008842674614989252,0.00039645763590656895,0.02623248446613287,0.008730362322752604,0.01116822881051853,0.16132810909157494,0.005452398830665414,-0.006735337234469716
2024-01-11,0.00222744492775446,0.0015370496758568312,0.000989140470736965,0.000886727101050476,0.0008986362899332247,0.0009120247734546384,-0.0910059313844407,0.008256119485369976,0.003424619265783464,0.13761342043511116,0.002836125413578345,-0.00837482870501425
2024-01-12,0.002162720917081952,0.0016095530045760309,0.0015768611732418457,0.0006380839084690048,0.0011387743957877684,0.0013058519830647355,-0.1913190742916674,0.004715840741686914,0.00439083790406828,-0.05851027579343622,0.005163300311779006,-0.030819769301488196
2024-01-17,0.0010590874077198579,0.004675986780631413,-0.0009651237767303678,0.0002918394709462663,0.0009197080124409964,0.0006405248411072032,0.016152534512358152,0.015124534355340943,0.0012662216294394516,0.7933471403482147,0.01560409096225327,-0.06419095796481739
2024-01-18,0.00043263206928363505,0.002298200794557248,0.0005268858995209482,-0.002523693472307672,-0.0005538907789285079,0.0011175078602399522,-0.6520128609690409,0.01485717385926448,0.005338867822608529,0.0823217478435011,0.016884788998124633,-0.004427083110509426
2024-01-19,0.0032951906380795392,-0.0022608259612553593,0.00106505826903535,0.0010633286160444825,0.0017489400622857107,0.0010236115974963781,-0.10466822555151895,0.0038027310921960223,-0.006149575705644671,0.3860046686250976,0.014641683000167181,-0.1795256911706629
2024-01-22,0.004323942452736778,0.007024247977237736,0.0014417400674083822,0.0014919320739197356,0.0017235578968492165,-9.953159284196013e-06,0.03572568774090523,0.012720946688403956,-0.003902275268928379,0.30585959412572244,-0.001202441552831435,-0.020886195282060167
2024-01-23,0.0015851239450984842,0.0011443934258075186,0.0004614981966835425,-0.0015788782128271148,0.000941965005864753,-0.00020317887280465617,-0.6725049175926117,0.012544511398507692,0.006673900390077004,0.19405738664760375,0.010039598898944966,-0.028307724270083438
2024-01-24,0.0023397905629969793,0.003193748287295238,0.0013565712128774637,-0.0007158883041321441,0.0015197957297723918,0.001048354438439158,0.11075548867470686,-0.005472346773574227,-0.008424215644287397,0.3147648882535687,0.007588286736533913,0.020463938731357875
2024-01-25,0.0002563541445837697,0.0017921695360697024,0.0005107841092599625,0.0011321749620355022,0.0004161554929173929,-0.000246856404761697,0.07407957032868118,0.001155178632180199,-0.0013582280887104725,-0.06557871282102305,0.00861465418574182,0.00977927280901916
2024-01-26,0.001742874187750981,0.0005478310110877714,0.0012762753899324916,5.795185882283281e-05,0.0015449799375321868,0.0014636693780726018,-0.09218848022197945,0.009520681455727579,-0.00014633915130374655,0.36905017674735413,0.01633267736555208,0.016394435944411753
2024-01-29,0.0006874750992592473,-0.0003798673303326835,0.001162542760787368,0.0001832764753676941,0.000551300876942278,-0.002161600208858372,0.2677441664253239,0.0015642558578519545,-0.002525268491579115,-0.009433479283868035,0.00727160765633348,-0.008184925236584574
2024-01-30,0.002689477419979565,0.0014368777243337204,0.0014543997450329382,0.0004625020330822472,0.0018234288037397397,0.002327873910899622,-0.17585304939341295,0.012771562503377831,0.004974126698528344,0.4362136333020912,0.0011354311194688065,-0.016674011156683936
2024-01-31,0.001003363671045292,0.001432152954998832,0.0010777331034364027,-0.0006654923432392585,0.00041646669903808555,-0.0016929109573863314,0.03273922316254228,0.005239061371901281,0.0007813120213118691,-0.11263153865912816,0.008022494541495019,-0.00026413165097039507
2024-02-01,-0.0005202994243520068,0.001046376643320311,0.0013204578325335717,0.0003352385308303318,0.00019512240402015288,0.001161964217473887,-0.1167798971140511,0.002717069207133261,5.5097997605010364e-05,0.09541945655131019,0.0023595408383035236,-0.008083799559542026
2024-02-02,0.0015533658706074933,0.001400516230650705,0.0011634348320488962,0.0021779920323165792,0.0013206955272449918,0.001537292833818751,-0.06564388594829086,0.011904310592539841,-0.0027318507663422887,0.012022693544222224,0.003426472744588767,0.03869121636698261
2024-02-05,0.0016196142015137039,0.0016919062350506556,0.00010729557112278182,-0.003652341119175324,-8.715427199573325e-05,0.002550532772005963,-0.32092106142090404,0.01219722257356619,0.0001826690952781984,0.5056757300782851,0.008463858324578964,0.03249251929810406
2024-02-06,0.0013194957645724995,0.0006655525974261724,-0.0001230020664884809,-0.0022754667495627086,-0.00037621879059934147,0.0014921999445902147,-0.07957321076786242,-0.00884798985416776,-0.006021137967348938,0.1750067433460837,0.012720308791189504,0.04307421918477555
2024-02-07,0.0014731083344894193,0.0008867782994633125,0.0011498109785728389,0.001739428494372757,0.0014457126404326614,0.0007160794952859992,0.027398769508562376,-0.013422998593180257,-0.013287150381901208,0.5156530942205766,0.009664319375098375,0.04198666321092824
2024-02-08,3.1111410354380705e-05,0.00043082430188819,0.0007338702676659223,0.001129622172989054,0.0007225606294062861,-0.001072338172825147,0.1168679629869948,0.010695744246501071,0.003612536994970108,0.14760459119995387,0.004708403444313272,0.0343913540132122
2024-02-09,0.0007846402239864312,0.0007946519610967723,0.00012142458016700132,-0.0004006859870119717,-0.00012705931137953707,0.0017728909825621372,-0.13045452138579633,0.011912818663638611,0.002574152144610204,-0.08652505040520658,0.010706051610809366,0.02534110195961718
2024-02-12,0.0011647758118194973,0.0011016402923648952,0.0004711426947453503,0.0006986816624017262,0.0010207640697235815,0.0006783293734786968,0.04143301415760341,-0.007658428262092336,-0.011739218830206009,0.08787863206685106,0.008187718245182366,0.016868612780839485
2024-02-13,-0.0003946897960250249,0.0004195351512670414,0.00037181233946579983,-8.129390540601376e-05,0.0002754727540455267,0.0007800285929693033,-0.07599510852552295,0.002093283247633063,-0.0035989392303127405,0.31240209052456497,0.007905971939593042,0.011728091878782333
2024-02-14,-0.0015527010871618418,-0.00048466721735884494,-0.000543077546637895,-0.005028511321506304,-0.0016526049963081436,0.0007050112966762917,-0.1855517227922158,-0.004133411149949582,-0.0029332295668359526,0.1094327204596734,0.01125705378950427,0.011929767869126624
2024-02-15,0.0020230265498820668,0.0010214314109956108,0.0009538486762258598,0.0034164594123342897,0.0018330881320548042,0.0006031140138149998,0.18209525416713374,-0.002530990387034418,-0.006964001218327466,0.05727559462171841,0.0034556228865442384,0.011090805747951548
2024-02-16,0.0009480996460345984,0.0008574545537806769,0.0008113528686445737,0.0007676078835646586,0.0010597122842208677,0.0001620642271006617,-0.11485257400253152,-0.0023173496316174396,-0.006214289360656277,0.22261264525956315,0.012955520635006242,0.008611589849515327
2024-02-21,-0.0006715500250623039,4.996551556020614e-05,-6.983493043305471e-05,-0.0012865545312598769,-0.0008929211273461343,0.0002714892764222451,-0.10813423364292936,0.008641226972580445,0.0009736078326571967,0.22947670802954537,0.012826339339249737,0.016830350418501304
2024-02-22,0.0007589640108180406,0.0007819132293987108,9.331016552697018e-05,-0.0005729407809360617,0.0005683783095060743,0.001106500226212426,0.020186031807191418,-0.003355084256911966,-0.006003405672454566,-0.2755668712309704,0.006824051434862371,0.013851504130435288
2024-02-23,0.0027483372125310388,0.0016048902146038602,0.0007144214816774163,0.0013133607925727257,0.0016504158615181974,0.0007832786278438458,0.05624907112668304,-0.0029634100925448603,-0.0052110449913148876,0.373824434602271,0.00541728307833725,0.02024218522973768
2024-02-26,0.00048487377526779655,0.000997875706439022,0.0008329658330029166,0.0010515839091510956,0.0007969836253634571,0.00012294712389342068,0.11264726267001639,0.004091806500608949,-0.004412623093112885,0.15156162841604603,-0.00014237034398153527,0.01612524505732214
2024-02-27,-4.5422912051417246e-05,0.0010042620275014218,0.00017634439163462492,-0.0004955708479876211,-0.00019641995867808056,0.0008298817624171472,0.06723634674000666,0.003951236383696938,-0.003148608313292166,-0.1891902461207714,0.009783168150010124,0.0028623019848731278
2024-02-28,0.00044151451141644804,0.00142298308197198,0.00042291854542870485,0.00016228363207582613,0.00013402760377613095,0.0017711372415360562,-0.15295992304852896,0.00438880271534492,-0.005418723907516241,0.14988423099544013,0.01139223918974066,0.014344012277317339
2024-02-29,0.00012470640666776043,0.00024386547873554362,0.0003532359935986786,0.0003363519566895203,0.0006233629069535626,0.0021029115026259355,-0.23235020686801122,-0.0023521941641043978,-0.002915378571549994,-0.09482829548682539,0.00273105328533869,0.005769354411233035
2024-03-01,0.0009046782055219496,0.0011090077036531498,0.0002611227498581773,-0.0004686414448908838,0.00045688592992901603,0.002355249261557023,-0.21690852608188133,0.0040723643727636405,-0.0031241261498134343,0.46288480656627456,0.007922980131516785,0.0067497121844765
2024-03-04,0.0015447711350452173,0.0010219863037853431,0.001008847035550738,0.0027186707101748316,0.0014310313497065197,0.0018325737585820783,-0.17963986347720004,-0.0004378740180086809,-0.004612162516376859,0.3268645244401991,0.014283128077887883,0.0027615722390819573
2024-03-05,-0.000871792566152391,-3.493504911691688e-05,-0.00011866060534478497,-0.0009251976447076108,-0.0007099899987419734,0.0010972604071037941,-0.10477529211020381,0.004865962813684311,0.001299772646304115,-0.1034464189722635,-0.002949294923258189,-0.012960104556187598
2024-03-06,-0.0009988788315965333,0.00022387299784996595,0.00036400036725655954,0.00033189659336865053,4.599328160415499e-05,0.0020416086422218004,-0.15195572261122461,0.0028109103947591987,-0.0014671847083686253,0.26916489446248393,0.005579820162244625,-0.0025849166925743764
2024-03-07,-0.00037205414818507947,0.000547566923901814,0.0002431742947443372,0.0009269440427341007,0.00035355751391795334,0.0008441045166977621,-0.04838175547575617,0.004801871728483842,-0.002386208255203769,0.2088565376881218,0.0075868351944049246,-0.007358955101251629
2024-03-08,0.00037532855120971006,-0.00010782208359064413,0.0005650617728500957,0.001949750365688117,0.00038861769537900927,0.002120579730834294,-0.1397224632447582,0.008301026685313689,-0.0018068861086265081,0.4265861561354771,0.00825068047584391,0.006986295661589197
2024-03-11,-0.0015068573066932304,-0.00041220550948114305,3.669647930890034e-07,-0.00107683915832217,-0.0005083677434084173,0.0016275592643325,-0.04136979440684092,0.003319910449807941,-0.0026888336355827586,-0.06650308576582037,0.0013910385323884324,-0.004363182457878058
2024-03-12,-9.957544253545547e-05,8.433255822668076e-05,1.8320669037419707e-05,-0.0014436763267457213,-9.97854968557331e-05,0.002406848858828439,-0.14248464379711423,0.0007054083521964567,-0.0045323732703022555,0.2896353324579624,0.007707304283415385,0.0034339678832957564
2024-03-13,0.0009958144970638883,0.0008563041991797015,0.00016791032741106984,-0.00028401944855451975,0.0005995252310498399,0.0009219649310624198,-0.0174830305541267,-0.00022060036157048758,-0.0038023765777404728,-0.025040379285047237,0.00011227430697616442,0.005331972663482817
2024-03-14,-0.00029954223320896524,-2.34160310387445e-05,0.0004275938383829175,0.0008174530018016929,-1.9565232733177483e-05,0.0010446547719552934,-0.0815962953295538,-0.0017724884417421967,-0.003132305138988828,0.24276494308802635,0.01052806497529446,0.01569500006651251
2024-03-15,-9.515324868398428e-05,0.0005546133105836873,-0.00012573850916793294,-0.0025513049261077963,-0.00019165514505408023,0.0011484356762266035,-0.10764211764044165,-0.002423840842420007,0.0025586275064405986,0.2528473860395989,0.005866653898718238,0.00364823384057655
2024-03-18,-0.00011408019306846451,0.0005854624933407615,-4.867263384938638e-06,-0.0005942017762102584,-3.95559290775868e-05,0.0008325905063132882,-0.08926528748697203,-0.005468690106767059,-0.000746612623244036,-0.022489613044764878,0.005730756606863584,0.011244315493524903
2024-03-19,0.0011698774745064464,0.0005808914541577362,8.263157848125677e-05,0.0003854903157210999,0.0010519742079781755,0.0015738251890554025,-0.15163415044949127,-0.006439508577564678,0.0019636062406168516,0.1184422402806879,0.009135648382308782,0.00438000028528491
2024-03-20,0.001351594619608589,0.00019983441137495284,0.0005015702869214951,0.0010479927176401957,0.0008059342546752459,0.0010787575512834972,-0.016307012229791334,-0.0032290905534459093,0.0018736951240424288,0.25885748534422837,0.006480341534223812,0.0017673507274464588
2024-03-21,0.0011666123206163896,0.0005165109324837554,0.000454241137126238,0.0015175615608032812,0.0012427355554545066,0.001590145744509711,0.020686070653034003,0.009203396565218652,0.006445219830435054,0.04834695153322591,0.001247885246135338,-0.018191383488360843
2024-03-22,-0.0003814396648891618,0.0008627637018885902,0.00019151012726614406,-0.0011891061642361023,8.20176808647737e-05,0.001433977754281141,-0.02566902523284248,0.00942990423797077,0.002754474346513174,0.33210292762639115,0.005654533031596997,-0.01790886865022116
2024-03-25,-0.0002857063546939863,1.9465500307411498e-05,0.00048271061646705765,0.0002883889624272338,0.00023719470616516197,0.0010056623006655867,0.08399359790250222,0.015273890373839704,0.007073434248326585,0.24928315747821064,0.0035060777924874383,-0.007807983099828401
2024-03-26,0.00035335482417709187,-0.00013301707390010072,0.0004570321153276789,0.00045757832771744903,0.0002533429288972125,0.001849734929601065,-0.19472250365826432,0.003819972539511562,-0.0022638410165004654,0.188212727961254,0.007229248302907883,-0.0030553907854420593
2024-03-27,-0.00017721735368052564,-0.00022390508543491285,0.0003937436729561666,-0.0008444785235439648,-0.00020504328369303485,0.0017212319206182777,-0.2703750084432504,-0.0038032191942511395,0.0027059453942075047,0.2774286144314299,0.006941307851208899,-0.0005883051319899245
2024-03-28,0.0010613784105258702,3.2347868635215955e-05,0.00031296382797636133,0.0014296566886248217,0.0005422095163674463,0.0012983768676984291,-0.05777747769835813,0.008288200675021461,0.006391839457410866,0.14396843378862634,0.0076891394993764545,0.007632585494031617
2024-04-03,0.0004320088690466435,7.496218321922438e-05,2.9628335492955443e-05,-0.0012419490790364918,8.440843063408595e-05,0.0018678948417521419,-0.21391612328660892,0.0032259813111477314,0.004743500088329103,0.42499038577433196,0.012392762751114016,0.001297689616303354
2024-04-04,-0.00019012338973529162,4.0693116621416366e-05,0.0001082351913544463,0.0013370827697952413,0.00014384088876666812,0.0006514793189469469,0.008691525657394852,0.0035208766502779656,0.005125980477544595,0.11512116483895345,0.0002876314225913317,-0.00437197239295239
2024-04-05,-0.002096285620853633,-0.0007941222866340851,0.00019074537962457486,8.724432638708272e-06,-0.0007056649934966211,0.000581678689389981,-0.1586853105484708,0.007602117734555722,0.004311019769135913,0.1361363278517985,0.009894109859872411,-0.0033453645461012657
2024-04-08,0.0008628712161375032,0.0005660551009670731,1.314332190190426e-05,-0.000291159560395531,0.00012144438111342436,0.0005507996060218062,-0.027811541749081112,0.013297746295753615,0.007321337198473922,0.12543922458040538,0.003163484191554268,-0.0016811912409741667
2024-04-09,0.001198470285021162,0.0013575552625681414,-4.2235098400540576e-05,-0.0006575846359365711,0.00016907968197610063,0.0016126731639368235,-0.20333904801251682,-0.010792042936932707,-0.00589310372535963,0.2690906826953473,0.008377316525618527,-0.009715299787343345
2024-04-10,0.0004288897270040233,0.0015179349327466545,0.00036806448723445415,0.0009172391824010741,0.0009157797527524708,0.000976788081077925,-0.0948209384475395,-0.005898126228404485,0.0012866031647142994,0.26446086542003566,0.0017883472491695119,0.0026862110025240972
2024-04-11,-0.0006369483579368724,0.0003972717036199758,-0.0009910235242150988,-0.007543085363545706,-0.0019467933085352016,0.0005720726595738388,-0.2818621332229996,0.0026868217577061637,0.009561845558784322,0.32673170102461935,0.016082177978680567,0.003049300942913111
2024-04-12,0.0027152672161164554,0.0010813327114455632,0.0007552104603439691,0.0026149935627377313,0.0016820340421041897,0.0012008578209271549,0.06504823459990555,-0.012400758186778044,-0.002622066026453556,0.18393794853368928,0.004555909453493052,0.0046603385335149666
2024-04-15,-0.0006893152650073773,-0.0014291029487516307,0.0006828402982731947,-0.0019911108418305995,0.00028795804301620474,0.001295563004856988,-0.4546992589712286,-0.003454902759559692,0.0015847720887544373,0.3819795398560124,0.008429854105990455,0.0054781405619945996
2024-04-16,-0.0018134263282357159,-0.0017984795150031987,-0.0005612044206806117,-0.0024268684270812605,-0.0016783426685127321,-0.0001803896601997695,-0.2574088643060817,0.005537092375807429,0.01060942265305429,0.0497770822199866,0.009530206114446856,-0.00013309810428376164
2024-04-17,0.0015568973384379782,0.001007842490640898,-0.00019959383026278753,-0.0006890117933083035,4.934632886742218e-05,0.002243881550296615,-0.33184857287201,-0.015199647213911953,-0.0007381149506531541,-0.2006268020881431,0.009511351302583104,0.011853543912138121
2024-04-18,-1.1787236579846358e-05,-0.0006829894771256764,-4.299381735215589e-05,-2.153456899202128e-05,0.00021727239605383495,0.0004520963696723833,-0.20447049947136828,-0.010997348459965481,-0.0027620430105564594,0.35958910191354854,0.002805003841909462,0.008455419676339488
2024-04-19,-0.0009277987590672653,0.00021749423980961999,-0.0005199120668868903,-0.0014488074818064887,-0.0004998996973052088,0.00017249333676680576,-0.045420304338493485,0.004682213530231489,0.010314538136496864,0.23894029462153343,0.008788641812886713,0.0003514787979838265
2024-04-22,-0.001090018358597458,-0.00011026142222242744,9.274424074403515e-05,-0.0004978011039255492,-0.0007777767789051491,0.0015746662439262153,-0.2083595489358149,0.0024083979429226584,0.004297153803508708,0.21952798629022158,0.0099678804992877,-0.00044922321010005325
2024-04-23,0.00146342916813949,0.0008476237127565847,0.0002264087746317872,0.000626357078769426,0.0011181063980321962,0.0009559739881918532,-0.006613162857414576,0.007555914931962836,0.0029068836989091917,0.19920169656098738,0.007390011133088694,-0.008170705113728544
2024-04-24,0.0017457898848720805,0.000884497398151559,0.0008947264387347785,0.0030727876946106034,0.0013105290100511975,0.0023714562130953106,-0.22414328289280522,0.003897005685819345,0.0026959544740498584,0.32552135512493324,0.004244382150441499,0.008705437372293526
2024-04-25,-0.00020579278040460725,0.00011532116153334374,-1.7242589991447365e-05,-0.0017422923742305176,-0.00037081412721139183,0.0009669745511366853,-0.12315299891218846,-0.0002242530395447145,0.0039091551991836575,0.17499787753122362,0.001979157953950868,-0.004356672478405499
2024-04-26,-0.0007861612073008046,0.0006135093657054687,-0.00011417715384640429,-0.0004278201448294132,-0.00042970204111539105,-0.00015863595878895488,0.27989458769018377,0.00767155966263757,0.0033905834332681162,-0.13047094509412405,0.006585817981750246,0.0066114990120524015
2024-04-29,0.0013625401743352957,0.0011825262318655384,0.0006581934550525892,0.0006799387549079702,0.0013828650814640543,0.001013578709090923,0.028484286214824545,-0.0012420721905614957,-0.004256992434638684,0.4031322787012444,0.00494022268686921,0.004123520936428503
2024-04-30,-4.022926082244002e-05,0.0004179407192603452,0.00033905395272104037,0.0008729179464999493,0.0004668017111315295,0.0002352798240224428,-0.01692391279738853,0.0012514648018856962,-0.0007058100947939291,0.30591207782384594,0.001887657299151387,0.007354172977238281
2024-05-01,-0.0012475879938020503,4.1992948648181196e-05,-0.000445231776721155,-0.0034283841615955035,-0.0012318106089088743,0.0023161216145125116,-0.26345245322705146,-0.00159410103944241,0.007450438042967189,-0.1655202143038692,0.002932602371266739,0.009517973985058489
2024-05-02,0.0006614819147260383,0.00031632624428785895,0.0005463572441606728,0.0010915591798343288,0.00039226272079539434,0.0015581431067538522,-0.01968025711791188,-0.00479915086248512,-0.004389717281128806,0.12567221478607918,0.007926356749041193,0.008170921966914907
2024-05-03,0.0005975405664815713,-0.00033048335867373455,0.0004755919712801138,0.0017809056397767476,0.0009377491407099396,0.0007321588865579451,0.025263813672678638,0.006413731462343058,0.0041852392590026235,0.26537609421513736,0.0023957203940522358,-0.005029088989014111
2024-05-08,-0.00044252998533054675,-0.0005350772738514601,0.00029167061135480267,0.0026500866728737626,0.00015383342227575755,0.0009486032975949963,0.010590665016858979,0.017835873287867978,0.008111346432822148,0.29955442257831605,0.00022816689507752569,-0.010762906669119186
2024-05-09,-0.00032310850135064195,0.0007741327307244942,-4.970141435331653e-05,-0.0010965517894290552,-0.00013593214730370467,0.0012328099017847051,-0.04484098958299693,0.01164517393119135,0.009988350089607408,-0.1192462320883468,0.005013314776392815,-0.007053762852879489
2024-05-10,0.0009873860911711629,0.0006402645237718629,0.0006654824331927546,0.0016442866711856435,0.0006216058022095301,0.0025453263377988606,-0.1432099969611309,0.0019474039540633473,-0.00307245269495116,0.3625997898521177,0.0063436555918266035,-0.006040545783082873
2024-05-13,0.0005372705356143731,-0.00022280937519903403,1.3581387790312277e-05,-0.0013709890203094164,-0.0001664119247017797,0.0018648682912966999,-0.23293924379413036,-0.012225801605114906,-0.0016461788713680262,0.09116259881082772,-0.001362842214704259,-0.008487552928209003
2024-05-14,-0.0002836317417395245,-0.0007367114531861934,0.00018218444800338442,0.0009216343489704082,-0.00021367004566938476,0.001319653121132829,-0.16647855670024858,-0.00462976421587924,0.004196095368311389,0.13020941837571315,0.005741180329507238,-0.005921836087568052
2024-05-15,0.0002688785628728802,6.478742463203333e-06,0.0003044783066657599,0.0011528697410161512,0.0005729914291675731,0.0009539835498654669,-0.045237586830565675,-0.0006216435723819125,0.0024135243712385783,0.11932484356372224,0.005679179406305622,-0.010758042094469199
2024-05-16,0.0008802135845114374,0.001256323401113675,0.0006487179600934104,0.0026620761877491706,0.0009741710388155051,0.0011060025293969727,0.019854910836226626,0.003460047519204951,0.0045428898092306266,0.463985620817744,0.011145614793917855,-0.008351051090640917
2024-05-17,-0.0007899774645804871,5.879831540895171e-06,-0.00022843734397598307,-0.0018468568888557013,-0.00043870724717661217,0.0015693251688740832,-0.19820925258149488,0.003663503968634175,0.00498022921761202,0.06121567373652937,0.0022813395456764093,-0.015989266914727917
2024-05-20,2.1226604964638548e-05,0.00038415826841047647,-5.050922606073637e-05,-0.0003437999560287419,-0.0002822235614489589,0.0011435197802847673,-0.019849643100598655,0.0025371664290204654,0.0030998332865741956,-0.00987687627668489,0.0015629278536716737,-0.0010520571215728697
2024-05-21,0.0006157356440172687,0.0001819535494090146,0.0003726180579656473,-0.00017492814142471358,0.000352890501756527,0.0018657587885434934,-0.28528426538520313,0.003088661068885246,0.0008601645775392895,0.06339627648862207,0.0005535300157629617,-0.0005338045461701245
2024-05-22,0.0003147556471694178,-2.1138276391169093e-05,0.00042119137557481627,0.0005499663328272849,0.0001687287515191363,0.0004174718388591013,-0.023548905985497436,6.279315887320041e-05,0.0018950846264961907,0.28435447886026155,0.002502451346397794,-0.0033522976633013294
2024-05-23,8.680835005067875e-06,-0.00034039404675517167,-0.00012796610138075468,-0.0014786947160332375,-0.0003996628887257385,0.0009798180664330972,-0.1846561302096581,0.00743556275395303,0.006117857973862228,0.0249324919886557,0.0009751770629942943,-0.006549388535110458
2024-05-24,-0.000640940972282606,-0.0005787318376789287,-0.00025759529896263124,-0.0017250536914894027,-0.0006545185314410444,0.000682109146402456,-0.14820544206212194,-0.0017380130631894364,0.0014959900483985842,-0.02236094034476875,-0.0009724385536740289,0.0013771220038574369
2024-05-29,0.0009431332814331348,3.5127968907020836e-05,0.0003659153812684478,0.0017164816271215504,0.00035493194351075277,0.0009402970303976693,-0.06575622708355607,0.0016317494528105,0.0035952829506155164,0.0987460354028171,0.0071336505043849635,0.0066536979359936846
2024-05-30,-0.00046458819518049746,-0.0009326125513133892,-9.715468790009965e-06,-0.002622506521211578,-0.0003418865567198369,0.001208441372555788,-0.37130572519741994,0.005717854267069614,0.00851960839554141,0.18072970905624425,0.002438144306731239,-0.004727935799452935
2024-05-31,-0.0003511421570476835,-0.0005272020442817296,0.0003582100527501477,0.0008160232420316444,-1.5869117228810806e-05,0.0013825831099042833,-0.21893551306729303,-0.004044002748466915,0.000802929319316332,0.05355344960070248,0.00012866073437298522,0.008747139531576251
2024-06-03,0.0009661992903870402,0.0009584019180085101,0.0004298784094935311,0.002077742565346865,0.0005634652562696349,0.00150736929161828,-0.05341496771835089,-0.00033087987528794983,0.004933311546987504,0.1120581451131076,0.00453383219427566,0.014290307150579796
2024-06-04,-0.0003257067232524414,0.0001434841298281824,-0.00019566097627144035,0.0010320990249611222,-0.00012941154717458918,0.0015649203648900524,-0.2737045411108391,0.007583707248338392,0.004760983844917964,0.037147930758134426,0.001405185436333366,0.006984519325128641
2024-06-05,0.000232086727243899,0.00013609795341773545,0.0002573478627569026,0.0008495344779111609,0.0002637330328957236,0.0026537969764418913,-0.1917392255998353,-0.005133443688498426,0.005134220920202687,0.2338259794905339,0.0074792996572626185,0.02613825213713487
2024-06-06,0.0016170311220577013,5.3115721311554914e-05,0.00042528350209900944,0.0013810471295758067,0.0003357374237449457,0.0031792305746755705,-0.1588420605778374,0.011461072099936166,0.006411002750308058,0.29719307593955263,0.007659874153526064,0.00204441974526458
2024-06-07,0.00027249135645413507,-2.241282257408445e-05,0.00014195639182297388,-0.0003492605582792164,0.0001259387687204649,0.002281222922308041,-0.30829789149113407,0.004855998499425701,0.002773017373968652,0.23385043138858408,0.00359090436556706,-0.008309502897541695
2024-06-10,0.0002720513884354058,0.000456747849907563,-0.0006625216127685968,-0.004710895818853765,-0.0011838106316235664,0.001476368428314869,-0.38466936349735104,3.752281180591059e-05,0.005740357723980419,0.2304525944575473,0.003682930451586003,-0.0027187373669386237
2024-06-11,0.0013302412748181208,0.0006554861691699523,0.00023520432747228242,-0.0006452350429093356,0.0008015078647231648,0.0004407089416188564,-0.1331594893140418,-0.006750693994049144,-0.0017625784687365928,0.5113721504888343,0.011743059540584445,-0.0015035769121867796
2024-06-12,0.00154319528764398,-0.0005503403258640946,0.0006780792670349749,0.0006769790225169414,0.0012783873069773855,4.9315445157351707e-05,-0.0329830889716196,-0.012848814584263771,-0.003307334622034171,0.38425879034652183,0.004206837322701253,-0.00674547090946544
2024-06-13,-0.0003087631603115372,-0.0002099872568580208,0.0003894039768150655,0.004063507367759071,0.000592011915488833,-0.0018463975875170823,0.337915886130729,0.013241041063458926,0.009067472421391408,-0.08044838183708718,0.0020592062165947166,-0.01779020494636055
2024-06-14,0.001021626484121663,0.0010657366338623828,0.00033517528806951925,-0.0011623425681659132,0.0006451694598739565,0.0023555933547736475,-0.23166268412299362,0.0037436061248794406,0.005127955734761078,0.21969803805522975,0.0015662000265853036,-0.007601477314622833
2024-06-17,5.926833521777204e-06,0.00042891963941764377,0.00015815762943543942,-0.0012508776920703744,-4.32721527358909e-05,0.0008375864341290849,-0.14579532870435774,0.006477255303325331,0.004886554950781016,0.2629067019043599,0.0024999637483672354,-0.007246024241634021
2024-06-18,0.0010924184760425107,0.0004668872166407502,2.9499185380490872e-05,5.598758592466025e-05,0.0003138071263336341,0.002958427078782639,-0.30856458689787414,-0.0011835511354070633,0.0009270426528142726,0.09694408145209897,0.007573326498266152,-0.006323530572869391
2024-06-21,0.0003822518091863802,0.0005495262722663573,0.000585077630505064,0.001608037556122778,0.0002334786662273042,-0.00018893900946409298,0.06884501795268413,-0.0010060841765840672,-0.0029687206338694172,0.44278753782847585,0.004999090142090471,-0.002501250534623
2024-06-24,-0.000188495355641712,0.00019302343555913456,1.4830169158496166e-05,-0.0006722042597453989,3.852275096069758e-05,-0.00029734723434966825,0.001286253011162558,0.007812487016335258,0.004389667671725154,0.1410453679920746,-0.005076936984640396,0.0006271379808697846
2024-06-25,-0.0003917337982789333,0.0004925212299214208,-0.00012443876116983123,9.469823430071791e-05,-0.00040423265408214346,0.0017440457790264476,-0.2056068953173115,0.0033312372282547206,0.002534548159479378,0.04877789352807075,0.005005985907303575,-0.004639794575701015
2024-06-26,0.0006016946934413979,0.0009316415503723236,0.0003008506676187507,0.000502275641909446,0.0008069330786470762,0.0014302356169621085,-0.03967200850801365,0.0017658262547390205,0.0010692159617228666,0.135812214166076,0.00031024788377416674,-0.004505396145679354
2024-06-27,-0.00011633453174427924,0.00010828198968526574,-0.000209804589877798,-0.00157845102194873,-0.0006365747898564539,0.00018634242877194052,-0.025142065865737223,0.0011215334358789398,0.002887031232953056,0.2108534509590551,0.007202220121456458,-0.006926073391445802
2024-06-28,0.0010479981122002591,0.0005224806927976734,0.0001040775562785236,0.0006112275418548898,0.00039459236994112903,0.00233030421879344,-0.20814660205830549,-0.008406502179647366,-0.0022122568026686227,0.1146378962030869,0.005208354368412308,-0.012463962547832823
2024-07-01,-0.001051978054079136,-0.00013390802801149475,-0.0001347299250992315,-0.0014220397620249858,-0.00018691956209606828,-0.000510556777840317,0.0209406156891246,0.00039512911224121516,0.0010917975142318433,0.007936217945622923,0.000710164547470773,0.0006775375738767333
2024-07-02,0.00014957306589453415,0.0005341853477504848,-0.0002709321062051543,-0.00035895243623725997,-0.0005143640092474947,0.000656332418638971,-0.07591719398624062,-0.004274660656445429,0.002929339265643813,0.0912739184762891,0.01130517180169917,0.007051417291183035
2024-07-03,0.0011753916688596973,0.0005795546610199128,0.0004557485141571285,0.001441651003561413,0.0010245450661761522,0.0011121455818040764,-0.10723591153141188,-0.003726643270539402,-0.004941008782681683,0.06377657433344681,-0.0012627408649919583,0.011215036882581542
2024-07-08,0.0002889200061819747,-0.00035440046414577276,0.000406368222548697,0.0021296213413116915,0.0009564269678205987,-0.0005157765025777898,0.036045591419462564,-0.007409129083692503,-0.0002472250500155531,0.26417629156594297,0.00664068991078718,0.0063749336093037725
2024-07-09,-0.0007516383076095272,0.0006622101590299499,-0.0001496056564281924,-0.00014655053170753798,-0.0005834239183101089,0.00178150321444839,-0.1430987923431844,0.009125446322945156,0.009665264009621796,0.02696450512014817,0.0006639008667358596,0.01275565296169062
2024-07-10,-2.7066257051360816e-05,0.0003590979820298058,-0.00011534216480154784,-0.0007074224925997445,-4.88711287992467e-05,0.0018117800273238787,-0.12792327742510834,-0.0008056171626659291,0.0016131730913248237,0.13627643407392445,0.003375733336264882,0.006328628932046476
2024-07-11,0.0013274133715069924,-5.580919132490439e-06,0.0004178602472983198,0.0013960376320559776,0.000988633253049267,0.0022676218564365138,-0.20993782209316425,-0.002899921343897301,0.0013002540545363377,0.40382123133296943,0.006407090346018863,0.003926766107878359
2024-07-12,-0.0011727325301282825,-0.0010751947386761595,0.000512777448059756,0.0010921620572365786,-5.5440504430365016e-05,0.0011809957492986372,-0.10575172985587786,0.003081114463784122,0.002383919878873516,-0.13853048280471425,0.0015159889344513436,0.0026726671461777384
2024-07-15,-0.00012101920792328883,0.00016850759006796194,0.0002648003115432647,0.001435125421596721,8.08619519903174e-05,0.0009511514487348272,0.0504365684510604,0.007298515005745156,0.003111753071226496,-0.09244786634428713,-0.0009304323396018186,-0.0034984497774738638
2024-07-16,0.0005229481778331274,-0.000361267015447421,3.108912431877476e-05,0.000197042105993179,-0.00021400177906427914,0.002724669125108168,-0.43637586480452667,0.007777662610573223,0.0023126451318984907,0.08870857121735079,0.0032396613155553622,0.0030561014663763103
2024-07-17,0.0015400414006105471,-0.00036652695071441344,0.0002986685952335455,0.00032522520788597,0.0006068877448786086,0.002469527116869507,-0.2948531908567987,-0.00682925542099304,-0.0007550249219326218,0.010833938342137375,-0.002360925065794229,0.007514064957280439
2024-07-18,-0.0015694568934785259,-0.0010374158187280175,-4.324437525054465e-05,-0.0005855171182483185,-0.000860021440132924,0.001141818784009082,-0.17834620288038328,-0.0065385756192224784,0.0014817020123669225,0.24443805919839845,0.014845035696358937,0.005717077173865466
2024-07-19,-0.0014000394111377142,-0.0013239817709854275,-0.00036677352254427194,-0.0019560312029600364,-0.0011640511442269495,0.0013783478769697473,-0.2269248091705799,-0.0030207076723584815,0.003309495590552428,0.11435460153345378,0.00213653858070987,-0.001167246949321525
2024-07-22,-0.0004008155236562766,-0.0016408011403285473,-0.0001433842130849416,-0.0016138622959949167,-0.0007053974249767533,0.0010196245323502895,-0.2921912902971257,-0.0025387249037869533,-9.040492236473026e-06,-0.009768340932676048,-0.006352850080447616,0.007175748101319121
2024-07-23,0.002755256090930745,5.999837316142864e-05,-1.0770895869787815e-05,0.0005053543622490482,0.0009360994808428017,0.002269166957655913,-0.27359102348794456,-0.008793592489828559,0.002254016579038513,0.07948112744342707,0.003552198541520246,-0.005028577505239945
2024-07-24,0.00012688849484749685,-0.00035537992202645574,0.0003604844561991398,0.00043335030794377317,0.0004621373794849604,0.0004975248649314059,-0.15407645220032207,0.005756277140194522,0.005592236654375761,0.1691670815499553,-0.005554576616046664,0.0032766774408332046
2024-07-25,-0.0032596995961315526,-0.0027476192526256645,-0.00031010777805083676,-0.002926385936556527,-0.0015704151340215386,0.0009207916697250182,-0.3274539948350728,0.002441398358711113,0.004309502377367694,0.028887538633686108,0.003265080085172993,-0.014284174333319407
2024-07-26,-0.00014977593750641462,-0.0009329113139402533,-0.0001732864980968171,-0.0009675877694958653,-0.0006829212070554855,0.0018772903025027496,-0.223957330096956,-0.0072955569831662515,-0.0020330777925601897,-0.16039717036470175,0.005263122890514272,-0.007629520839254794
2024-07-29,0.0016367432946260859,0.00044445738124714365,0.00040277829244455817,0.0018536131852388553,0.0012527243672689845,0.0011004804608833526,-0.2149693653916721,0.016581904355098865,0.0062375461734848646,0.02258998138298908,0.0034432262536461403,-0.0003414385781614379
2024-07-30,0.000389915595366732,-0.0005054124128068812,0.00012174425766203672,-0.0009497613475624412,2.2555155196851725e-06,0.0027534588278051056,-0.5039064586491544,0.006414324764168304,0.0023221530129019976,0.6300766181100038,0.003910576708642792,0.002218663950667551
2024-07-31,-0.0006809326223713773,-0.0006623086481317098,8.26642996392437e-05,-0.000505560993146141,-0.0007122985330329088,0.0016992144674947464,-0.2259696861916723,0.0026397217848957615,0.0034144085984661532,0.20009654881456962,0.0037198695422549014,0.00027572678745143344
2024-08-01,0.002256330715825986,0.0008847885731545164,0.0003480558077699099,0.0017592092007118394,0.001218045876686676,0.001491231957798782,0.007036890325860981,-0.006620896993629822,-0.001053415043749365,0.09041449514669403,0.009460025232493579,-0.001661834020919659
2024-08-02,-0.0022878977787926325,-0.0017731382239820066,0.00040880155058134726,-0.0007651176802326238,-0.0003649574318699268,0.0014255311325240085,-0.2881118988732196,0.015311198305440005,0.009685750322302317,0.2536487388193472,-0.0036308783567646284,-0.0028374060640943017
2024-08-05,-0.0032964154680018955,-0.003060951486234812,0.0005647772830823217,0.0036589247138323682,-0.0006561699112282237,0.0033135117216088455,-0.48963811983642647,-0.014102209107437903,-0.013167380063641184,-0.48524784475270244,-0.0031466155149639827,0.0008833841214932359
2024-08-06,-0.00831425799505865,-0.00940999778816935,-0.00041447314589641116,-0.0028210261764069163,-0.0030932466333282657,0.0024172071318466206,-1.1867327989022207,0.00014525936958029997,-0.0008186998023978855,-0.2860847814879129,0.004837325886169842,-0.017705427266696785
2024-08-07,0.0018003515916028767,-0.0007928323958623282,-0.0008190977891340263,-0.0008376136607032988,-0.0009153503025251229,0.002196969130020214,0.29441532493498457,0.018104787643983003,0.00014665753737722314,0.26740080004416805,0.0058123953487841246,0.0200749644159941
2024-08-08,-0.0007942716369458034,-0.0005360266100342822,0.00012381642440250355,-0.0010230841136099386,-0.0004096025372297541,0.003456525685880674,-0.7487405673993789,-0.007330667438162749,0.00015167535570178138,0.38802446969675486,0.007825527233940137,0.013707019423983544
2024-08-09,0.002818669798567866,-1.1479118796749615e-05,0.0003010889647254692,0.0017869143118146003,0.0009050413492127852,0.0010743347168525427,-0.27600148690105863,-0.0066543213240695944,0.0033531920540656865,0.7274195718831473,0.0033314570466592033,0.023379233595182992
2024-08-12,0.0017618765414737978,0.0017395640569277408,0.00030761872682180067,1.282755756398911e-05,0.0011816102795363767,-0.00040182422755333485,0.6772846870924863,0.0009888669043026277,0.00473027597430105,0.16566207836402286,0.004210783290287531,0.0015658838485049132
2024-08-13,-0.0004945960164035306,0.0003370423058877117,0.00033924469437420255,0.0008237350416264093,0.0008123357529937758,-0.0004865866999554054,0.29673151999500835,0.013991400418223755,0.00885622304229545,-0.054593763031760056,0.007466703032702636,-0.001272649404503533
2024-08-14,0.0019196993447434332,0.002078258897686692,0.000729656949182807,0.0027396944396399403,0.0012823258436134122,0.0004031576508854718,0.42770518772982125,0.004988002813952378,-0.0029873018426471664,0.07054484156876746,-0.0027229737524801668,0.005023519515084166
2024-08-15,0.0004321705184642218,0.0015447507822174754,0.00033048390413352197,0.0010008452026034856,0.00020926798286551748,0.0005070532725025963,0.3030815785339571,-0.00020825755770560988,9.729605863403965e-05,-0.1803025293561399,-0.004153187470765944,-0.0008042674772117352
2024-08-16,0.001438863547666172,0.0007239456820034279,-0.0003339702974819954,-0.0007228921357139079,0.00014909731048362115,0.0008820630878450614,0.17750588709425816,0.019082927591463034,0.006207032630612484,0.28699481209608546,0.005005719063117721,-0.00516061738969959
2024-08-19,0.0007045028783654175,0.0003361501256136247,0.0006221522978225647,0.0005702226526751088,0.0006265924589246387,0.0004932066587037892,0.164001074978759,-0.004805614895790042,-0.006740101014250042,0.11149066375172956,-0.0006044229699813239,0.0037867069097273207
2024-08-20,0.00014369412997399019,0.00018426475199737893,0.00033565701198178053,0.0014048373653058662,0.0006959889970615086,-0.00010102586939636678,0.2934716051464854,-0.011063261560849223,-0.0028686164764417667,0.13546330531858639,-0.005089612031683741,-0.00873638780802903
2024-08-21,-0.0018039582009614673,-0.0004997389740617834,0.0002724616563359083,0.0010464384536953263,-2.7072384949205617e-05,0.00038192020665247877,0.061320783348663616,0.014797790331917783,0.005293028147481801,0.09732913276085883,0.002539706053925989,-0.011992672204992684
2024-08-22,3.2433801593117464e-05,-0.0005684531677506152,0.0005720390581482537,0.0015486576452818854,0.0005546092184621894,0.0006796779301009337,0.030270092044941188,0.003279412208447316,-0.0016790762489001577,-0.4024733265145971,-0.009944031060077522,-0.01270475042093175
2024-08-23,-0.00047611032312495764,-0.0013189179234831278,4.0425897573621636e-05,-0.0024898007770287776,-0.0007648297606836684,0.002804694462654874,-0.4431691119957639,0.0029469655043359595,0.004998004363427774,0.11955324036327124,0.005696184003835839,-0.013366246641287804
2024-08-28,0.0015683294400704476,-0.0001374120077462938,0.0005036839180788261,0.002838882163543044,0.0007737670935326303,0.0016652432699390254,-0.05988094326040046,-0.015142683847095578,-0.006749330623952264,-0.03848384238745242,0.003428186132475309,-0.003527204176248056
2024-08-29,-0.001901790641709499,-0.0006299790766542958,6.717871083636392e-07,-0.001669827886418723,-0.0005400190604121156,0.0005180665073195368,-0.25454786808687646,0.0007449461672296687,0.004057821050798856,0.3166969245107061,0.0019911649742474914,0.0018451126682281428
2024-08-30,-0.00020723864393989573,0.000411749889535028,-0.0003817437795268966,-0.001865165572155632,-0.0006292349343757536,0.0013450946673769578,0.06040167700931735,-0.0010178852613126795,-0.0032025132142530555,0.35073256742268466,0.006604125935084085,0.01128458258986947
2024-09-04,0.002292509142915752,0.0016283122401637802,0.0001689648427736769,6.912315215002397e-05,0.0009623747429155997,0.0011872805018182113,-0.0988961071671993,-0.01943673676473324,-0.01126237488632753,0.10591854960509986,-0.0014409545974795215,0.002349947916808266
2024-09-05,-0.00048375526135836084,-0.0008699478236406592,0.0004081148455911376,0.0020535689741702635,0.0003340154915291383,3.4062381943619595e-05,-0.08521722037001309,-0.0010975219557830714,-0.0023009757789547044,-0.06760723279798247,0.0004363746542381604,0.007672533231164716
2024-09-06,-0.001075866549736888,7.529830219094989e-05,0.00015129507708301325,-0.00022512519804737544,-0.00020975454805745989,0.00022358612892404652,0.2572236960473464,0.001910766491037192,-0.00037332352258361966,0.2477567172994881,0.00486842207919027,0.002694075427827194
2024-09-09,-0.002503567461311601,-0.0014887245976327682,6.856263062523081e-05,-0.0012902507481520032,-0.0010148953021485334,0.0013045927121001933,-0.32525553715003697,0.012321521455697277,0.005152155698275716,-0.11578964310646708,4.082397842105918e-06,-0.0058836132026151245
2024-09-10,0.0018165402693767667,-0.00016923172253632265,0.00021143624558833796,0.0001932231830155896,0.0005297567849412338,0.002313698226126993,-0.09843999372401807,0.008566141430014693,0.0055140161163536126,0.05094304430495424,0.004915889963662974,0.005519264272953427
2024-09-11,0.001340773829754338,-0.0006504564912260955,0.0006113192189845704,0.0010665439042201019,0.0008897499898385678,0.0016818268605603812,-0.2590111294361505,0.004907942880917897,0.003516611509345762,0.311462823940055,-0.004126274483840639,-0.0024664308990702682
2024-09-12,0.0015145516810683233,-0.0005931612737352013,6.228011740425023e-05,5.509143251659606e-05,2.554193609318123e-05,0.000720282750009249,-0.03252867065575192,-0.00162820027136401,0.007063458219697554,0.12343028448240842,0.0063927330138658315,-0.00014968022801824894
2024-09-13,0.0006166615101529005,0.00023957414559854705,1.2413388046636107e-05,0.001031621006917355,0.00029402865093720366,0.0003256963650136444,0.1670150383333994,0.0033815536094085963,0.0061114401302537254,0.3419374244676587,-0.0016281205508219304,-0.007955862162671079
2024-09-16,0.0005583266080657934,0.00013987621696944644,0.0003799578768454042,0.001310728891898326,0.0006542549116879225,0.00035752950300184855,0.07199742753909547,-0.009429125292799899,-0.0007978819865297499,-0.050797234405762254,-0.002861468866947797,0.0018137687122501821
2024-09-17,-0.0007894185800882927,0.0007484038870333166,0.0003363153469756216,0.00037789245648373233,0.00029238223602383973,0.0005179287369305564,0.028951539720312065,0.007267178529000304,0.008671236214415394,0.23600991578586153,0.007416439692567283,-0.005838308443960936
2024-09-18,-0.00036318287915082796,0.00021936481033590417,7.3164820887460145e-06,-0.0005758678740445166,0.0001811808524630525,0.0009109197084039456,0.03130604474907394,0.006715191799111998,0.0005054725796822088,0.2042938527713014,0.005743265973940717,-0.007349039294758949
2024-09-19,-9.750048857746304e-05,-0.0002304125789610203,0.00016826171062380961,-0.0008084390967658183,-5.730574766498476e-05,0.0012106184708534987,-0.13722296014595398,-0.004253293172459892,-0.002715314504428748,-0.03361238157895481,-0.00027532318885193285,0.0008154272990323809
2024-09-20,0.0018239605275068573,0.0007423755234443281,0.00048673797885834,0.0028066625229184244,0.001241948947302277,0.0009036470862741227,0.010608689039906603,-0.0070914991898514326,-0.002649955476548574,0.15658231687812857,0.0001579905389320819,0.00012216454485203558
2024-09-23,-0.00037822813360822657,-0.00010765821081321181,0.00037148030427313787,0.0005259973470737356,0.00016541838201799378,0.0004105438498966751,-0.11355396818733998,0.0010667254707973073,0.0008254147688188552,-0.0818388801282926,-0.001461208454868536,-0.0031773146176873185
2024-09-24,0.0001413029176433575,0.00016141697272400304,-8.493792289035815e-05,-0.0009290313880890158,0.00011134559023715345,-2.0147986102882708e-05,0.09601255810776912,-0.003649120856724449,-0.0005649287228092317,0.0012570819395560234,-0.0003066470603652208,-0.002335303454874137
2024-09-25,0.0008354786294883328,0.0010990032509877812,0.0002776776575134708,0.0011588258528396286,0.0007284215618768874,0.0015208980454890209,0.0016692053414963937,-0.009850477932616272,-0.005587083522878379,0.23026766376116037,0.00794748187814963,-0.002524244194977546
2024-09-26,-0.0010848725632993993,-0.00029669730506628,-0.00018659876044597957,-0.0009714564293706511,-0.0006923796504236229,0.001223043372101498,-0.12733803896114185,0.00446145822163614,0.0037407812210442514,-0.1662511466876303,-0.00607201092416652,-0.009572170928064543
2024-09-27,-0.0002855749710435764,0.0008204041070767959,-0.0003064029679139971,-0.0004912586638715087,0.00012381609648205177,0.0004818130226736161,-0.020915658111077984,0.0006824034533428631,-0.0061327472271700935,0.27873682132235744,0.0037451099129791323,-0.015574323087816904
2024-09-30,-0.0005834137269983601,-0.00013544113768286037,0.0006247462758092467,-1.938306120228704e-05,0.0007189905673444289,0.000920051918128462,-0.16990836567663373,0.0041490424762339086,0.0004187905921411365,0.3457296407362188,0.011682383481468954,-0.010411486495405471
2024-10-01,-0.00014123034263455652,-0.0007473630118939568,-0.0002474816399370975,-0.001452921471100669,-0.0004572042134272922,0.0004103899331178075,-0.037650831729159964,0.013309796871644113,0.0022099793181119738,0.17078801468252094,0.0034997420989942274,-0.006027853703500122
2024-10-02,0.00038461865453612277,-0.0016355399482496746,0.0005452152388992532,-0.001150550735835969,0.0006949993774774426,0.0025265505115639186,-0.5642126187820597,-0.002656457698030402,0.002442357016915715,0.22274402741709629,0.002578453336591372,0.001766361743069173
2024-10-03,-1.730699006834808e-07,-0.0009075651763487179,3.461124206964402e-05,-0.0012409598794230748,-6.779092307348684e-05,0.00019987175948969033,-0.2055283809783979,0.002444620239889515,0.006127648018169302,-0.11538173741820903,0.0007434196853891577,-0.003659563660059955
2024-10-04,0.00031425601425228464,-0.00024577465587927703,-0.00025223154630554833,-0.0010106932253773522,-0.0005893377823447744,0.0010629256086051482,-0.3547922332818189,-0.0026846413203675343,0.005461420556206569,0.13919144181724866,0.010710853942896892,-0.006391938895877967
2024-10-07,0.0020390763684287904,0.0002494550527309199,-0.0005475378645299951,-0.00218695553206819,-0.0003565155641885499,-0.00017940645421711976,-0.17091386861791055,-0.006311894730412895,-0.0016389225050186245,0.15856372880005293,0.0019943430499191985,-0.007862445854752615
2024-10-08,-0.00025772103294992494,-0.0011034906920939047,-9.672788617069929e-05,-0.0010722076898318905,0.00013930953838856252,-0.00012003237194450401,-0.34989518705643835,-0.008680682450150298,0.00397928483195689,-0.00970888237933469,0.007463865205910944,-0.010215366528164833
2024-10-09,0.0011825807566422726,-7.706954796704608e-05,0.00041103915810972055,0.001128028633845422,0.0006466660137023282,-0.0008553103885066905,0.19234540788237153,-0.00042409088922286745,0.0046628088253687205,-0.010917043864419093,-0.0027790183092996513,0.009496864055332146
2024-10-10,0.0015170044954945813,0.0009728173230098786,0.00020877270586825217,-1.6451910998823384e-05,0.0005947611744346004,-0.0010878132984218525,0.20464422740428997,0.003359393117946993,0.007024245903515899,0.22838790334183962,0.006828493034276308,0.008417198561056638
2024-10-11,0.0004771023782092354,-0.0007568302840611302,0.00020392639515130344,-0.0005611291384890094,0.00018977912683536702,0.0008063493990291279,-0.10455333727468624,-0.0069183867067215,0.002170219188810313,0.11461647024407799,0.006049276014881012,0.00965851021875655
2024-10-16,0.00046689024619408554,-0.00015423973704560974,2.0613155411567524e-05,0.0010079782733896875,0.00039541402252793554,-0.00034393741100368865,0.14726554713976517,-0.004866697155404707,0.0029580648471231622,-0.17774608691746316,-0.004739320022449385,0.005093873048620835
2024-10-17,0.0012107090980029444,0.000874118671403316,0.00030643902213389046,-0.00012428656599178467,0.00047475251341425897,0.001645391149496477,-0.12750914359201582,-0.0051690908270312095,0.0037418324225461956,0.1711483876264508,0.0017072055614598158,0.009483130990483013
2024-10-18,-0.00016531904013973716,0.0009165021019132748,-1.679491375106273e-05,-0.0011960846742587483,-5.636229422379503e-05,0.00032000047501430076,0.0890057229677006,0.0016327795412416567,0.0018749589287031568,0.44046234151235664,0.004238836081291849,0.004452110675906613
2024-10-21,0.0005967455071171177,0.0008813299042675918,0.0004605041009811491,0.0011260973191978716,0.00030742111998673495,0.0009167315527977315,0.09935579120766574,-0.008948024258580982,-0.007246086509248909,0.014774694319627649,0.0005754400497002528,0.01759143645223905
2024-10-22,-0.00019355017229876788,-0.00021162450913721708,-0.00012846337560152893,-0.0018571198756951548,-0.0004105064444745118,0.00024007953740805635,-0.05175426242566888,0.0032623624253883075,0.005425387331157439,0.20154462597450787,0.0076272275966455085,0.012040932294203964
2024-10-23,0.00043543492712880353,-0.0003540428534411532,4.021853835812085e-05,-0.00035362580323650096,0.00031152951378947397,0.0006624475530228282,0.0017977527319965741,-0.002204250260488887,-0.0021429036945478206,0.2975089913449906,0.0029049624603034283,0.014757521618432305
2024-10-24,-0.0008745316383181436,-0.001220995670204704,-0.00013890375850637176,-0.002202727605122873,-0.00037119812645445345,0.0003603076411429247,-0.13853590128782883,-0.007013840641575386,0.0045606147448082855,-0.11527096336618792,-0.003920435249537613,0.005451615697423536
2024-10-25,0.00024082743242970908,-4.75604209010498e-05,-7.856050698884577e-05,0.0010102679494252468,-4.6293863734047866e-06,0.0006726574742189899,-0.028086752094831958,-0.003348360287804368,0.000282605336686226,-0.009079183789861694,7.018959034626798e-05,-0.004893400820971396
2024-10-28,-4.5136647893086006e-05,-0.0008157970198712653,0.000141417629384834,-0.00011632626415884458,0.00018756488046226135,0.00019584644178675427,-0.18517180912741954,-0.0001320190953812356,0.002565737368315224,0.16472863384840084,0.00469370465427293,-0.009539816432599843
2024-10-29,0.00043430439162844527,-0.0007682242870797232,-1.5197898523121538e-05,-0.0001446454551220291,-0.00024202146349728816,0.0009523042460274203,-0.10125375333501997,0.00020033580610687033,0.001886266450233,-0.1891662948608728,-0.007215215116533739,-0.009906211126782914
2024-10-30,0.000971085831467478,7.957893376592747e-05,0.00038261019290773175,-0.0003183552761545159,0.00043267419300511723,0.0015603184172321408,-0.12510567519566904,-0.003172391327125601,0.003361753106935453,0.16740977023253356,0.0074404914190916846,0.0020862119595075287
2024-10-31,-0.0006430575774473975,-0.0011196997059693195,-0.00016843336110721456,-0.00018905492579936195,-0.0003881775118060043,0.0008212299832379975,-0.21523715810073962,-0.0025948261135684504,0.0014412700044443187,0.09831089853148538,0.00322261275424684,-0.01062346717239349
2024-11-01,-0.0019194538791747061,-0.0023160838462159337,-5.77361185018692e-05,-0.0021072384080922046,-0.001186618761590155,0.0009190663481454008,-0.34954281111702334,-0.005575190300506788,0.006025196400710227,-0.24983075579534772,0.0029617593687680096,0.010853605434823246
2024-11-04,7.513355907041746e-05,0.00016703206049215378,9.886987307773347e-05,-0.0005918556460835524,-0.000206770856344806,0.0010573030636516238,-0.06855393922421825,0.000529568214428813,0.005070803961894476,0.04910753645441353,0.0024531517193423454,0.003619490049536045
2024-11-05,0.0003234048719061559,0.00025423218815502966,0.00037477828895829315,0.0008922056560581795,0.00014715261189518784,0.0022567533985942806,-0.41363557033556536,-0.013059736242081156,-0.005741391021159056,0.2317009647558742,0.008626398608508567,-0.0010638967358962892
2024-11-06,0.00022527974980900302,0.00021528770097222974,-5.724811363681729e-05,0.0017731452188529406,0.0005638126594767277,-0.0007409508259405703,0.07161720776324626,0.009016310449373009,0.007819009623949892,0.009769199288905461,-0.0017725211288198333,0.008451992184348257
2024-11-07,0.0038935644949124972,0.002266290191917394,-0.0001119467131006647,-0.0014976687002222018,0.001105488367136869,0.0016476886542066249,0.11807323589076754,0.021111400772525747,0.017539256866884734,0.7579736242865253,0.006073553848369195,0.023743091000407678
2024-11-08,0.0012533629077198293,0.0022483481073366524,0.0008903194328363014,0.0031795515460026143,0.0009955091485260705,0.0008428352339885201,0.2608681811758091,-0.008715346375573982,-0.008183414722321536,0.2909238588140933,0.005082954093853785,-0.003092196222795019
2024-11-13,0.0009158585876352998,0.0001166129226105515,0.00034966121419547605,-0.0012077237612848387,0.00023529185261469366,-2.9043514992472576e-05,0.2605819613109637,0.015281813685462735,0.013735632175987068,0.14108109026766524,0.004068560200978272,-0.006441804605628701
2024-11-14,0.0008914175217212102,0.0011767150127175961,-0.00012680271487950777,-0.000781770700279116,-3.685678334523296e-05,-0.0009711597436717992,0.36237742145532403,0.012535923116939015,0.0038515276559385426,0.2256220343055017,0.0064604082389748616,-0.00496737834547268
2024-11-15,-0.00023026827661055504,-0.0006496119180667901,-9.880730417981634e-05,-0.001956541119383594,-0.00010420334576814403,0.0017091548231128926,-0.2333796142692392,-0.010367182167842316,0.0024317356176947603,-0.10112168192464897,-0.0018609836864935977,0.003431920767131906
2024-11-18,-0.0025212344529637184,-0.0013009145962253473,1.0212965960226613e-05,-0.000903333521125656,-0.0013385659843684098,-0.00021604518522849215,-0.1195930691832324,0.007638660436479694,0.008855552206399012,0.009376382808728045,-0.004894545363690144,-0.007097115652651711
2024-11-19,8.199378778463759e-05,-5.263996734215964e-05,-0.00016209582144639982,0.00039996087758200044,0.0003362298376664062,0.0007731093260322072,-0.0021778182238366833,0.0009798069084451999,0.003914768405542721,0.20403438487737835,0.008681875041484403,-0.024777942709696053
2024-11-20,-9.72008996745739e-05,-0.00028992151331933154,0.00023194031049028429,0.00040151456827074183,0.0004467867570786897,0.001057020247757369,-0.24446194010128383,0.007050279928345045,0.00728157678631767,0.24992485857046787,0.00041330969702344737,0.0020848686294219275
2024-11-21,1.3019421404235974e-05,-0.0008126635385972231,-0.00019482241765984785,-0.001800912019066531,-4.44317273082199e-05,0.0011665155660313092,-0.2391307716024653,-0.00582719166142609,0.006206235119249502,0.019684877280577898,0.0007850055405177008,-0.016727780493259636
2024-11-22,0.0013386161377542383,0.0009206918034621481,-0.00022011611925455468,-0.0007379974335398593,0.0005819746505869238,0.0020747006221948734,-0.08520817167519086,-0.00543970762536591,0.0009073052809265966,0.4279056807077178,0.006824671296647289,-0.01763083045117352
2024-11-25,0.0012714320721519108,0.000611188076286108,0.00048037819101926253,-0.0009499527131366585,0.0005885264434188025,0.000591770604945076,-0.11456317371723115,-0.008308922612254355,0.003966167591177043,0.3583506259258989,0.007679223298433841,-0.020713943036467893
2024-11-26,0.0004728611866729147,0.000630552179432455,0.0005935525792781825,0.003276038891999351,0.001051406471964226,0.0003677587088214509,-0.005877841093097413,0.001599674444138736,0.0018681085988281067,-0.09733099091969379,-0.0008020630865352668,-0.03409319997535104
2024-11-27,0.000489883093660437,0.0006952267127316489,4.8175562559617324e-05,-0.0005880164056422449,0.0002610036101386796,0.0012296078443277286,-0.05119864420820021,0.009699640840447353,0.00913014508731098,0.13024808881221914,0.003754146140490547,-0.012035082642931426
2024-12-02,-0.0008177490719794665,0.00025644102059580945,2.2777173324638762e-05,0.0012677686112974925,-0.00032652458206657313,0.0007489240677146179,0.04305534439870949,-0.0005712796415055206,-0.000198398044742002,-0.028392701645494456,0.003975456565939155,-0.022924641738573948
2024-12-03,0.0013737342386469897,-0.0007690540137502378,0.0002407351964874566,-0.0009873158520042002,0.00018660394296593188,0.002696424070991536,-0.1966450871483125,1.5946854594589294e-05,0.005955724067113471,-0.016720560345192065,0.008636327452679062,-0.010525881352234721
2024-12-04,0.0007740085000438869,-0.000398568315207722,0.0002360060215806412,0.0013299250927301248,-6.808400861184399e-05,0.002116079266139536,-0.28193262419523046,-0.0001778728992422843,0.002456549873086941,0.42253199692487087,0.00833247339041463,-0.010284924702927344
2024-12-05,0.001653364745862132,-0.0004214756105536015,0.00026548155141238453,0.00039634521783149285,0.0006271284012332411,0.0038472370721015325,-0.46224961060070135,-0.011765065487717313,-0.001758074860197815,0.014029864900972036,-0.00407214876200346,0.010819478844037113
2024-12-06,-0.0013467249998977216,0.00019013121297535953,-0.00025510058684830115,0.00036753932106554633,-0.0005930406906354909,-0.0006062053925110364,0.0599134443799174,0.0029630017675123144,0.00834158561661014,0.041744749112468296,0.0031696700850676112,0.005924245663061926
2024-12-09,0.001213611834866166,0.0006485878892121431,0.00022104488458419774,0.000920381260743817,0.00035005523442614006,0.002572007217325123,-0.16998902248586098,0.01298851635477945,0.00494107730597651,0.127260950105041,0.00633249609223357,0.015860611107939036
2024-12-10,-0.001088451696954099,-0.0007723551771954323,-3.41245968030207e-06,-0.0010423342387244144,-0.0005174116601443804,0.0003576196996993886,-0.16462371633160597,-0.010644715151886471,-0.0012181772839536037,0.24760806194776025,0.004850567725478944,-0.009386020830899405
2024-12-11,0.0012457991517549692,-0.0006131855923612926,-0.00016108462581069038,-0.0014927408930468994,-0.0002979387216849696,0.002802341024153543,-0.3521667775949151,-0.004955532975623173,0.002821946139789174,0.123237844666027,0.0041683148936841365,0.002681545542587535
2024-12-12,0.0007568127170507399,-0.000458594195016512,-1.3830992243119674e-05,0.0004037856666938057,0.00038033396259008707,0.0004442571669621062,-0.11069134756895171,3.8380650306604324e-05,0.003947338569945686,0.062399436638579754,0.006550444020829122,-0.009274386962175108
2024-12-13,-0.0008420714646539522,-0.0008773924571517067,-0.00017414238421531027,-0.0011207061186534056,-6.704173429256108e-06,0.0008477776931993138,-0.20327151939253926,0.00361043702825202,0.004620011698437489,0.28082826579190323,0.0030270723543214836,-0.011702378465666912
2024-12-16,-0.00018409816020794305,-0.00047607198051779825,-0.0002340898343808546,-0.001204122458538448,-0.0006712726966567841,-5.723267789227286e-05,0.0416330053862649,0.002335671018748346,0.004836465613707087,-0.04553434381876567,0.0030396309303802496,-0.008793698110186871
2024-12-17,0.0007117942234618642,-0.0006885441534238524,0.00030809187581167413,0.0009725687668572954,0.0006993523226971937,0.0005149327863638387,-0.1590578719194061,-0.0057514892185525305,-0.0010256920160289212,0.06462292874197971,0.00031078154479659455,-0.011036896394193644
2024-12-18,-0.00039091258570629893,-0.0012827045635008462,-5.442289496769946e-05,-0.0010127087158698748,1.1013042184990458e-05,0.0006196312675669269,-0.19043910808751588,-2.2033419685027044e-05,0.003950773673578156,-0.17898919443663205,-0.0007327272958494906,-0.013953243921832018
2024-12-19,-0.004832902779284143,-0.004826143035830031,-0.0008590591645755679,-0.0056004590056045085,-0.0022377036197862832,0.0010779669901077164,-0.9917774358569598,-0.0029780909104054182,0.003465060506491184,-0.011232554198713177,0.0019650355860303965,-0.02656135875119097
2024-12-20,0.001614743000822675,-0.0005245504023925209,-0.00014591834846374655,-0.001623398055278898,0.0005237930835401321,0.0015652305210300398,0.010828353262467179,-0.010164476140096223,-0.0020753463824830904,0.21163876847988636,0.0006329738332975106,-0.002520281096758919
2024-12-23,0.0011472953958747947,0.0013877949897813735,0.00024866211507740195,0.0026363454720314153,0.0006934705930769784,0.0005949295725361844,0.05771918512376601,-0.0023061008231394487,0.0010143854725586051,-0.1331930813235463,-0.0018323551598131201,-0.002823804476606923
2024-12-24,0.0006652175020631527,0.00014938018308779065,0.000233588453961405,0.0003308980234753454,0.00032606578923336774,0.0013419799825811515,-0.5408773661003073,0.008645306002704729,0.00638847593185893,0.23280296970212652,0.00358550533028233,-0.005710583059337959
2024-12-30,0.0018326354651593392,0.0009428390168966845,0.0002387094106907618,0.0007518254780796135,0.0005547658049843073,-0.00043085804752625116,0.4664586573419104,-0.0041677899183043595,-0.0008778406167218849,0.17231222991241385,0.005915734808313649,0.001007598347700498
2024-12-31,-0.0006095662533400348,-0.001086147689789637,0.00010457667419145876,-0.001323718330569456,0.0004450711856438398,0.0014422729633742923,0.035334754228122676,-0.006980150827550189,0.0030986283123333267,0.1861208640711282,0.00033624343251759505,-0.00824144552133211
2025-01-03,-0.0005996872781111521,-0.00037799998592489545,-0.00022066820014611895,-0.001216446249294178,-0.0004753001781665589,0.0008506327223349145,0.03375369151416322,0.0010349076709488029,0.007558144831700015,-0.020498253661776253,0.002661023472141825,-0.003824825385994441
2025-01-06,0.001408905763522075,0.0015440535191716045,-1.071239945989744e-06,0.0013001962592879253,0.0003416003409119828,0.0013642585468814157,-0.02134410057792068,0.007590757136335299,0.0032662143951672482,0.18326167736849924,0.004642548248155222,-0.019847711252317136
2025-01-07,-0.00019073194589056382,-0.00021794229611829118,-0.00027872651681302914,0.0017409996024059797,0.0004124695972793921,-0.00026651972033407006,-0.024361386781320535,0.003708054922613425,-0.0003054736634157565,-0.029619407627804573,-0.002374488620005581,-0.023687541550356774
2025-01-08,-0.001950627861056611,-0.0009661299033846364,-0.00031159892952971433,-0.002414572416827203,-0.0007795013334823552,-9.223137063307611e-05,0.005569078841003987,0.009295665028602833,0.007279418057025144,0.27399871496161465,0.002697051284139841,-0.011044256634489586
2025-01-13,0.00044502090372605,0.0001398481825792958,6.569098970638766e-05,-0.0006545906233849171,0.0004136367122637066,0.0006862562563749455,0.07779929833143515,0.003197299460857004,0.004302742875785153,0.08042932862794525,-0.0019600838652662125,-0.016617948774168334
2025-01-14,0.0011269566606551295,-0.00018480031623977413,-8.672009053881213e-05,-0.0011992488671512024,0.0004272883295229931,0.0014546930761466393,-0.22913380989034765,-0.003527411572403543,0.0023253694892425418,0.21648324391158838,0.002166410829779689,-0.021119120840305046
2025-01-15,-0.0007202880109492312,-0.001095280790987308,-0.00012995722870184394,0.0016622580477340064,-0.0003029720377424005,-0.0002065741870103902,-0.016653902429884668,0.0009603562245649416,0.004953373124827659,-0.203355153370774,-0.009377405410909756,-0.011805464741798739
2025-01-16,0.0013521905859461558,0.000970728416605872,0.00026019285491708457,0.0025672827974014462,0.0011145869679011467,-0.0008540523383211925,0.37616795304846756,0.014313656700227502,0.010145440461554881,0.11946619007946198,0.005158853380453809,-0.008559512158301983
2025-01-17,-0.0009230640073796415,-3.8020246850010795e-05,0.00023973410575895234,0.00019957147488503622,-0.00015425153308306648,0.0004036572371514363,-0.04354453123067142,0.014015720737297746,0.006863035683338308,0.22127628786909517,-0.0027782742356812196,-0.008578639775159158
2025-01-22,0.001258929612923229,0.0007702591187442859,-0.0013735296509177141,-0.001018574805481013,-3.7266943822378252e-06,0.001931534108451248,0.024715328636902525,0.0019695821968299648,0.003583238112169999,0.05104209350557026,-0.00447805342532491,-0.02824791339100436
2025-01-23,0.00039850920896398936,0.0004974073159484687,0.00028684179317547547,0.0013594861005085416,0.0003218480136710145,0.0008911731361742621,-0.11785701443920851,0.0034758076291710053,0.0025711568790027107,0.28785674769513114,-0.0023916555472121245,-0.0025579705498650867
2025-01-24,-0.0002552152965584276,-0.00047156061431772743,-4.9044411232393895e-05,0.0002997995370919872,0.00010133979060943862,0.000178276925696125,0.014593549983733203,0.00839770251974645,0.008992058244300207,0.15999392424434414,-0.002735217476551413,-0.054568207416698745
2025-01-27,-0.0011670486831691033,0.00042877381162086705,-1.9951455187190914e-05,0.001342093332448709,-0.00030027734739559775,6.44499567633921e-05,0.1442908489191872,0.009436513183949854,-0.0003519815437929433,0.008365451803717935,0.000489066845066331,-0.03117192433204472
2025-01-28,-0.0017385316990752829,-0.0011025187533261049,0.00010445397836900773,-0.0010511012351257984,-0.0003346838582673928,0.001007243730771459,-0.47940617042733813,0.006425173720936213,0.011106448257665144,-0.12080332964782473,-0.0014784228366731727,-0.008528940966203193
2025-01-29,0.001558573155569074,0.0007658866873796379,-6.971284029565169e-05,-0.000207553418155744,0.00032752756058728534,0.0011755409940383801,-0.10843801337171748,0.0031020863691338467,0.004346595644943814,0.12702490015527054,0.003318776175062407,0.005060534917831687
2025-01-30,-7.167531867463587e-05,-0.00023925078906682437,-0.00028605197049049033,-0.0014787066607145965,-0.0005606660666979241,0.003493164282476166,-0.5978305696172065,-2.8948662990100314e-05,0.004964495865220369,0.06452591684858132,-0.0013971391778596358,0.0002944779607510231
2025-01-31,0.0002945534314339807,-2.3716019217570384e-05,-5.289441224345877e-05,0.001034008256928317,8.910616832512543e-05,0.0002559438455339083,-0.06804298839451008,-0.005857854742974804,0.002466572247230324,0.046754463624008466,0.001220109679203891,0.0072555291520850305
2025-02-03,-0.0009118076884422324,0.000265795194893128,-0.00011022697231853681,-0.0010287779388433393,-0.0006037169872521567,-0.0001128859155815592,-0.044274997470519654,0.0010596265094867956,0.004920971815658922,0.48982700302406534,0.004937455370437074,-0.007073821728937376
2025-02-04,-0.00047223916379646224,-0.0003540233305757048,-0.0006092682974619811,-0.003385120295047618,-0.0003457718794372961,0.0011481180325929818,-0.3226986354193517,0.00030648867247937877,0.006129614975773565,0.1489973756872893,0.005073241924664327,-0.012991487290550685
2025-02-05,-0.00013321951447495842,0.0009731061598965473,6.895100893663873e-05,0.002972438591644339,0.0008408447720977874,-7.423782668897932e-05,0.060833088927561174,-0.001694392528463024,0.0026773019663077838,0.002926456909131986,-0.001326941815617059,-0.013349142774619916
2025-02-06,-0.0005462830883157595,0.0004929794756048307,-5.830522106680641e-05,0.001031319697587275,4.714405570916626e-05,0.0007216756860132664,-0.028810359368202837,0.012910806034782629,0.010555798172728465,0.12102733307277715,-0.001422332873195654,-0.017479233983381266
2025-02-07,4.1273586670138735e-05,0.0006201441933385667,-0.0003305558646710401,-0.0011900171965241347,-0.0003119334012087016,-0.0007283822397474649,0.04965884460515413,0.01623076266038721,0.007870278701513193,0.14068547638088832,0.0012172741988201268,-0.01800915009193708
2025-02-10,-0.0003351576809642615,0.0002588388275299022,-0.0004453942687173015,-0.0024755944500577964,-0.00048680743685627513,0.002579427425974953,-0.3265522022868461,0.0008771909460445755,0.005065931137071905,0.11512912530115343,0.002614717209642953,-0.0092446078535246
2025-02-11,0.0007990937771985517,0.0004507823028991044,-0.00022744402897270858,0.0003881993114960273,0.0006132800165631872,0.0008502961174045756,-0.01863928325216576,-0.0023033612793589646,0.0051757971868592895,0.1043094690523293,0.0003329185921549069,0.002108249990134738
2025-02-12,-0.0006017599244010119,0.00033690612870459135,-0.00017380728449156957,0.0004072286643955398,-0.00030737911540055856,-0.0003162225347867572,-0.11387039911135083,0.0035879591086873195,0.006470115700200009,0.17473288571999557,0.0004361145389147189,-0.000763925774769456
2025-02-13,-0.0008618769068844675,-4.423866971863811e-05,-0.0007306629764005294,-0.0005784778551695209,-0.0007373542278857393,-0.00011746240923714507,-0.04564559139508373,0.005077547385905479,0.005862795791422171,-0.22406507096917708,-0.003734145613260314,-0.004822810037261231
2025-02-14,0.0011056399586493054,0.001688552607669059,-9.436922862580097e-05,0.0020633118280883305,0.001042551987791153,-6.495281805607108e-05,0.1258353642385754,-0.005575267014565354,-0.001953224486530787,-0.0038627315494233483,0.0013870247085946135,-0.0033560265916600038
2025-02-19,-0.0011239523356022258,0.00011516961628752676,4.1568276690987104e-05,0.0013022635247927487,0.00020558922737077293,-0.00025981243858234253,0.04607550422435033,-0.0024622506492653884,0.0013882150306806962,0.07796554392111062,-0.0028701775406402724,-0.013459065235000947
2025-02-20,0.00012026658043534748,0.0010706736917548676,-0.0001831711415665374,-0.0009934542243990954,-0.00020461378683034063,0.0020199301829742977,-0.1653384409080503,0.009241248286756643,0.009041343958301175,0.0015346420805847777,0.0004196092363993797,-0.007158164087775029
2025-02-21,-0.0010267016670713885,0.00043317340048335223,0.00026828566875937345,0.00041244452516548124,-0.0003000038653771721,0.001639941158021829,-0.15144442703023825,-0.005610619254884373,-0.004155383493617888,-0.1705000174240022,-0.0013472071422207322,0.005012366846652838
2025-02-24,-0.0019145439064928123,-0.0007716797638317285,0.00039388596602620853,-0.0013194167255529956,-0.0003483023202514199,0.0023265317265237927,-0.3728210590618638,-0.0027848110855808695,0.0036989966785865823,-0.013761609454183796,-0.0031642946722615535,0.0025713579511298557
2025-02-25,-0.0013303089268155374,-0.00011527990810833729,4.4511356385263654e-05,-0.00029459977966087296,-0.0005011371696451797,0.0005487726137418645,-0.13928868116678766,0.010274612343501438,0.0037103314724526103,-0.11065897576488398,0.002118251113555251,0.019613345576501996
2025-02-26,-0.00015874156587553155,-5.593743992061554e-05,0.00018855760448245173,0.00024784931528568484,2.5789482557112034e-06,0.0033508552223867555,-0.5075947387642855,-0.0015408952372585336,0.00020541326380998405,-0.047966113190878984,-0.0021252283103037027,0.020541697875665663
2025-02-27,-0.00024375510465257888,-0.00010476531332085005,-0.00016871223867235971,0.0003802597048569025,-0.0002633202448151402,0.0012743897138774007,-0.23263770717856308,0.006592019757579157,0.006383253623171768,-0.09732417881169558,-0.001228036913945883,0.02156457615700556
2025-02-28,-0.0009424538970506014,-0.00022459509804134733,-0.00020850070048960298,-0.0031444776485156484,-0.001222090660074319,0.003179226018443085,-0.5595200979041182,0.006084285693445732,0.010995788168738748,0.4042091182350064,0.005775802470720748,0.011844177241577887
2025-03-03,0.0029649630576705625,0.00176093083326854,0.0003169712402045206,0.0029720613149663436,0.0009396438728404893,0.001898214851297531,-0.15063892171158633,-0.00149198976790311,0.0007153447221871529,0.032140439815926555,-0.0016174407570853115,0.01424320517016709
2025-03-04,-0.002848693088275794,-0.0009549994842085206,-9.652161803545964e-05,-0.00012612380750021232,-0.001355627937501426,0.0009766002885828646,-0.48762641567565196,0.0014579961750729872,0.004979951082220571,0.026778658997864267,0.0014907422569177952,0.005996007278546899
2025-03-05,-0.0019247876882013948,0.00013461418052535435,-0.0008645021063093909,-0.001001480058759958,-0.00167660832813458,3.925203460445107e-06,0.009737609559680394,0.01135489752846459,0.00431854791652808,-0.005703293384495878,0.0035670684684042777,0.006753939336281143
2025-03-06,-0.0005503860432478431,0.0007871265287194824,-0.0003920631525298807,0.0042452005414519555,-0.00045802859977070296,0.00015124059899059158,0.010501831788413463,0.0054395591281109976,-0.0037850176473161207,-0.4051394571440996,-0.00506400167261821,0.007956725116170937
2025-03-07,-0.002677587366835429,-0.0018282243457951417,-7.261357277985114e-05,-0.0006660605914015978,-0.0007544571046136984,0.0021671899197229375,-0.630715988105074,0.0014975591129494138,0.005715911906806656,0.14502701749196997,-8.362427980724641e-05,-0.00034617632021199376
2025-03-10,0.0012028112647496905,0.00011015831339160002,-0.00010515768260066895,0.0006529905494892833,-0.00013017593199096385,0.001472512263510067,-0.059101656261442946,0.0028261792946732032,0.001625166598081066,-0.12054483097555352,0.0009634554851198657,0.0072501347061737975
2025-03-11,-0.002048412477741874,-0.001897288926833548,0.0003891649991184408,-0.001991611023178346,-0.0003986374538090318,0.004468549150331127,-0.9253207739228808,-0.00402016375890389,0.008536407562469874,-0.0032149052677661882,0.0013293747142895007,0.003982436120449826
2025-03-12,-0.0008663367885023113,-0.0005327987651110052,-0.0006985913551475208,-0.0007428663493557381,-0.0011641471420046601,0.0019465921679543514,-0.21309207790916562,-0.004515039170662532,-0.00048205527764705975,-0.43624979953323817,-0.0013672115633773423,0.003309446080209366
2025-03-13,0.0008501076890067294,0.0010273799544117264,-0.00032949358029549247,-0.00013832452533790515,-0.0005886408653202913,0.002192142588958252,-0.2479217407031999,-0.002903835706995917,0.001154654518773581,0.1755315517230249,0.0034540211069316214,0.007361792947117722
2025-03-14,-0.00117514118951624,-0.0011161589688758907,2.72674508765513e-05,-0.0015504446601784015,-2.9775734843460982e-05,0.0005895256676861573,-0.3814584264462412,0.005343514777993115,0.0037952703101166076,0.10150781079064669,-0.00020994796694036354,0.004039043911865783
2025-03-17,0.002262939530570637,0.0017467263852305973,-0.00013463598194814603,0.0011909855800448614,0.0006358296636229574,0.001173558397731642,0.16781613548112817,0.005458459143925676,0.0027243927396874987,0.27301000879203924,0.00042734605565075646,0.005454995934070043
2025-03-18,-0.00010473246948916068,0.001297432111227392,-0.00014914839479262648,0.0009156551962524039,0.0001380874505358843,0.00034457623935695264,0.06043240386193931,0.006965961964681177,0.0035132530628982344,0.09968633022845064,-0.002751388361872968,0.006812694313834719
2025-03-19,-0.001798894050771554,-0.0004422524243199276,2.6781569579204094e-05,-0.00045928346880180407,-0.0006087996659448821,-0.000990779141653444,0.19127289104569373,0.009752872188637678,0.007238459965786593,-0.2755566687251515,-0.005172017171252437,0.012326504449962224
2025-03-20,0.001956240629111301,0.0019616146099254586,0.0005607327455610807,0.0011662563436902456,0.0010413096714357764,0.00034433825362152295,0.24792895357721928,0.01020173532953558,0.00286620549417781,0.21987281052211466,0.0001485593765855153,0.00877680820053719
2025-03-21,0.00019444187008050857,0.0003292739758613251,0.0004056443109585014,-0.00033668750746300956,0.00016215619680775905,0.000882108623508839,-0.21999964727219784,0.005982922755291877,0.0075602414812989335,-0.1541792617615792,-0.0013267220230339227,0.00898565584090794
2025-03-24,0.0005508600676509427,0.0005239068637440291,-3.597088254325203e-05,-0.0009098503846632193,-0.00034898406367691714,0.0009268544994678724,-0.0864157587885479,-0.0027817642198139487,0.0015392570887701766,-0.0512212507840968,-0.0006164920396117112,0.01009592176604744
2025-03-25,0.0019159545937940522,0.001948381697261885,-0.000359861527107694,0.00019062879664618379,0.0002902870475664536,-0.0010748823370771816,0.24950900231585021,-0.0011983767219980036,-0.000849428698018493,0.1906653376943022,0.0005663618004323107,0.005477117537099608
2025-03-26,0.00010560191383264434,0.0005478806728171051,0.00036283087903740105,0.001380191234596134,0.0006607809279062753,-0.0003529912366637448,0.06614831415997531,-0.002259044455838593,-0.001993478705479617,0.20618503171931502,-0.0022395174593016587,0.013065566706959695
2025-03-27,-0.002068005403878357,-0.0001728674772998093,-0.00010970879968504933,-0.0022784378406602796,-0.0006723786739962241,-0.0013530577178508022,0.1870729418831646,0.004775120357943564,0.006074122510624185,0.06442788137953673,-0.00021678341614255,0.00534251520335929
2025-03-28,-0.00017110312588823205,0.0010456836401311028,-0.00011000987080001182,-0.0003345591829061633,5.428351213189845e-05,-6.497406747062173e-05,0.08350983808967403,-0.0017619141704385628,-0.0021368987677269535,0.06171279166952654,0.0008425989010502012,0.004221461333659639
2025-03-31,-0.0026808425343774317,-0.0012026017048232744,0.00012342661331951463,-0.0007077190650591957,-0.0005085088231099923,5.549684875934746e-05,-0.30185458660577497,-0.002800654663225413,0.0011370830405625903,-0.33509279973231465,-0.0049495237097899845,0.00628262960153848
2025-04-01,0.0009760939148595299,0.00021992294270227803,-0.0002162932530692741,-0.00011557328521822825,0.00025897830403082345,0.0006776254693233325,-0.2707398931625736,0.003680523690757469,0.0016783119862630663,0.049173629592808785,0.001269600805327559,0.0005933367526474931
2025-04-02,-0.00013316420913487436,0.0006127891062564252,8.308698361304253e-05,0.0006088473334512243,0.00018398118056496,0.0009512906424820971,-0.2835877511062002,0.00634435573961788,0.0036263133135372256,0.15573391504831585,-0.0037262278345511286,0.0008616434292784183
2025-04-03,7.861016808130115e-06,0.0003865927279131668,-0.00030900525838594063,0.000648962435929371,-9.965328998394056e-05,0.0006437046801516299,-0.158802231979639,0.003310704623144454,0.0013195228787626248,-0.1179369314992992,-2.004058847550035e-05,-0.005422268988760533
2025-04-04,-0.007853358293064345,-0.0033038672593355294,0.00010594603845594285,-0.00042960458032425907,-0.002159548154466808,-0.00010706069034600071,-0.5466916183211441,0.005127818433269071,0.004746855076595672,-0.3420715975159982,-0.006358675729655811,-0.0037269940375825876
2025-04-07,-0.006618962021266631,-0.005547194546660342,-0.0008305442005665999,-0.0077515899031198555,-0.0030758082366521985,0.0022859251562179633,-1.356438595030467,0.012739773808057901,0.013948923901307517,-0.9020994741370987,-0.006400892330407609,-0.0008054698648535623
2025-04-08,0.0010456237557325031,-0.001464033643412451,-0.0005936930735547871,-0.0025841391802358714,-0.0006423656318253619,0.00298039065463307,-0.9685449583088956,-0.0022607883973397576,0.0012982769216073023,0.01036543070248179,0.005735608503038544,0.002146621308848226
2025-04-09,-0.001513439134838711,-0.004683073154282463,-0.00012777628135319665,-0.0012681114167751968,-0.0005875810670108911,0.003992939812150689,-1.9028557973863438,-0.012925630752528021,0.0008064537724797021,0.10343651909025464,0.0003084374973958239,0.002106327280266152
2025-04-10,0.012600617521439973,0.003852628327403128,-0.0004092729791863057,0.009019128801512582,0.0021984070571024928,0.0012670532521763525,0.15612348038993384,-0.0008170254422939457,-0.007818039857284406,0.03586881736169785,0.003275809808412589,0.019527775355312707
2025-04-11,-0.006664679489335483,-0.0015440755062290999,0.00017572487062099732,-0.0011611037863964839,-0.0007530825513626865,-0.0026708818295848153,-0.4465316779038096,-0.00017643684255050623,0.001383790769817702,0.4622835596047498,-0.0017579237557080398,-8.236028180349749e-05
2025-04-14,0.0007366159625380858,0.0025080968995879666,-0.00092126006859176,0.0006378099457049928,0.0005046467105279586,-0.0005151552675704708,0.8100147679809879,0.007858374573591976,0.0003632744772149184,-0.20749391140470214,-0.0009157761837026487,0.008451952346300726
2025-04-15,0.0012023317871174542,0.00355498292321525,0.0011211690551529625,0.002979808317502066,0.0013217831627528338,-0.001624052901601337,1.3713156901065657,0.014223957791484238,-0.00027135737856613315,0.24721474359757106,-0.0019382820968007974,0.009433969139786363
2025-04-16,-0.0003715513804327368,0.0001717333489326231,0.0005358459501754972,-0.0016633023804957566,0.0009060297173188705,0.0022329624958560166,-0.2878450827092041,0.008260555429923624,0.0037627732648808825,-0.12632433474289184,-0.004794460015888355,0.008070143742259601
2025-04-17,-0.003891026418428894,-0.001735942630888335,1.5706866461584327e-05,-0.0008501869390641652,-0.0014944647875280582,0.0019080969826329396,-0.058307496344254015,-0.005140893063009496,0.002477457948147221,-0.3532611464894857,-0.002100930411311794,-0.0030584194187262947
2025-04-23,0.0006078514985650724,0.000769366652802007,-0.00046136189418722153,-0.0008958525841099502,-0.00032150799786377074,0.00031667361968992243,0.41958464919424,-0.00041805388193734893,-0.0011882010355342611,-0.20992985120506255,0.002757620813455734,0.008664946661458598
2025-04-24,0.002208494886609977,0.0029458874593147407,-0.00011447832526335035,-0.000581738402653072,0.0006931439423029246,0.0006356507347310671,-0.035952488785690496,0.001885750224466915,-0.005588421526593078,0.48555623780447243,-0.00336536102018753,0.0042406555686871055
2025-04-25,0.003026683872780004,0.00207693547312359,0.0008696832173509959,0.0033816870544374155,0.0017125415504014249,0.0004783852069098148,-0.04319032693354977,0.0037894682057140056,-0.0026764753534410314,0.2726183663253266,0.007000583295584468,0.009618324651031315
2025-04-28,0.0008566309020671855,0.0013053589501682852,0.0006627389015935822,0.0014888843059903164,0.00048266307707736883,-0.0014825507585564668,0.5694668402098566,0.008503361065357162,-0.0003140648225095793,0.1844816957659846,0.003408126259336247,0.0032061502814731218
2025-04-29,-0.0008416469009946011,0.0003926801831394297,0.00022098356103634039,0.0005362024446488096,0.0002468923902765031,-0.0024340353891173596,0.5618904822184505,0.008264379738577434,0.004635511761166948,-0.03304184047761076,0.0005252940564647681,0.0010513433277198974
2025-04-30,0.0009557493321674,0.0012269810876841284,-3.649672626178427e-05,0.0002885285201323897,0.00034081700185382714,0.00024284377157289858,0.2100322507385954,-0.0021346862489962097,-0.0009468128333928729,-0.09470998880705886,-0.0009706728300552616,0.007428460593367891
2025-05-01,-0.00045597551448383993,0.0003126180652118669,9.721957067153775e-05,-0.00048664067909779486,1.9912493266454207e-05,0.0007027567215063503,-0.07394406702306028,0.010227513516497673,0.005655101803358007,0.2104954436043368,-0.005711614901668318,0.0016417136536698196
2025-05-02,0.0012194653249362937,0.0004915551532275728,-9.717475163438124e-05,-0.0013475049676084116,-6.811082269024938e-05,0.0005059287670931545,-0.13155783881237787,-0.000580227335328407,-9.540715595739331e-05,0.37023330625025797,0.008004655695011985,-0.0027667944090519815
2025-05-07,0.001649467397722341,0.001223804581980779,-0.0005495214767017207,-0.000604318432042347,0.0006375793745123298,-0.00016619868994170923,0.02459757884268158,-0.003261297252890868,-0.0009002610122968821,0.04884097065579169,-0.002632011829763687,0.0001897873473813398
2025-05-08,0.0008975086702616462,0.00027438078892327774,0.00048525990551009945,0.0015870193086593713,0.0007820116544368341,-0.0008027497450386704,0.1822203118682186,0.0021758993685765055,0.0009523201490984946,0.006173546431626709,0.0029429742914180916,0.005623724109063664
2025-05-09,0.0016468617857573994,0.0013322212581719495,-0.0001772299399094157,-0.002197023540400948,1.1432896462994422e-05,-0.0005284899719341509,0.06809061200150085,0.00951598608551554,0.00676988449632215,0.44304796461640983,0.004925405496408224,0.007667015754624541
2025-05-12,0.0005625512415649385,0.00035498980908247886,0.0003697047113636721,0.0007381731313045227,0.0010960924424593108,0.0008858452470375427,-0.025799562864291053,3.762052673150166e-06,0.0020363481043859442,-0.036889908438481764,-0.0036231444430092547,0.006363408811652994
2025-05-13,0.005295089610792806,0.004409259518004554,0.0002054623626224041,0.0002528142504862356,0.0011688329304262355,-0.00014351579515215125,0.09449655834740914,0.0017199766617820617,-0.0005901187757417245,0.3218060805984569,0.0008034584180124152,0.0077124569495338954
2025-05-14,5.299807562411517e-05,0.0018952168910619442,0.00024187559677536115,0.0020256430642670007,0.000569560251795829,-0.0024439803859376756,0.2913162986399558,0.010589187016461925,0.0003803068724892596,0.27942362796475695,0.0024400195393522606,-0.0026127966955871076
2025-05-15,0.00016327828236919274,0.0006680078327824836,-0.00015999655445369284,-0.0007136515918297616,0.0005231875811248072,-0.0014269334540252263,0.30384951573389224,0.005390025787072986,5.3413506581226605e-05,-0.2373341992246845,-0.0011458505791268067,0.00034886665500831774
2025-05-16,8.905394385000864e-05,0.0011494985820872435,0.00036923375053546056,0.0007688009299045828,0.00026933881504144134,-0.003708070186763794,0.8646647420172526,0.009951706024371893,0.0011042694291097188,-0.12111435151896938,0.0006218835971234786,0.0041962528474361535
2025-05-19,0.001587010748528477,0.0013174370226865543,0.00015705652842087608,-0.0008080805531376031,0.0008267614969590955,0.0009466070784034334,-0.13069892288708732,0.006728464211886392,0.0012419871480461313,0.34783983123113804,0.006045532141187649,-0.0009671454186526327
2025-05-20,-0.0011094129892658196,-0.0007853952615455024,2.0140223944408475e-05,0.001119099694589946,-0.0002332388966703443,0.0002776723919076354,-0.1440733515459174,0.001755325174933715,0.0041419818901116765,-0.2122226518171119,-0.00449270585862813,-0.0064427260262273755
2025-05-21,-0.00014126907896133513,-3.1951408774910276e-05,-6.251744127958072e-05,-0.0003501513439148421,-0.0002606244972842798,0.00016908072647701022,0.0038966282615302064,0.0012453178265230225,0.004762780749740131,-0.17432631362010598,-0.0016837187877919782,0.0002964682968418804
2025-05-22,-0.0036971592352814534,-0.0012330650212203729,-0.0005788104038970322,-0.0018546070213650442,-0.0006934375876145902,-0.0013065594030107408,-0.06117380212003618,-0.0029906635454154925,0.000427303311821479,-0.03697416357803811,-0.0012213803024878236,-0.004199034300800349
2025-05-23,0.0012097726152330145,0.0002178700179930597,4.754371511803094e-05,-0.0005863392181313355,2.694220971654449e-05,0.0022091877948451433,-0.2676404635819479,-0.007165740775620574,-0.001289963875137851,0.2140941534416833,0.005146003789610148,0.002519068948593914
2025-05-28,-0.002614076617065166,-0.0015195479568209452,-0.000278624366022987,-0.0006537255559100806,-0.00035107101084634,-0.0004103690686017371,-0.21395058777006465,-0.0012409931433643917,0.0008503929290808829,-0.1830946249651748,-0.002742103643463746,-0.0016702277355221213
2025-05-29,0.0003359479940217607,-0.0006070976837697425,-4.9670264333621795e-05,-0.0019248942040318046,-0.00034104496831999914,0.002445797757657544,-0.47184064317805907,-0.009108431924087505,0.003776828072187038,0.07070406574321889,0.0005765083568280743,0.009384915777017867
2025-05-30,-0.00041764612710558943,-0.0002964120641490189,4.4006187176630856e-05,0.0021132023578624487,1.1080893169294054e-05,-9.224975873888355e-05,0.05450260468848642,-0.004158451098346058,-0.0017545558552061555,-0.31524549827871007,-0.002778870108218516,0.011149789440069051
2025-06-02,0.00041098871286983157,0.0003207551748813064,0.0004882886438543117,0.0004148019325481239,0.00048569683692537057,0.0018572043925655936,-0.318734715280463,0.009807517481322248,0.004225907217632676,0.019767621091592864,0.0005743963910062231,0.011862049665571858
2025-06-03,-0.00054593834484277,0.0007265745349733479,-0.0002660706746360585,0.0010416523202055887,-0.00019499591680659567,-0.0012043004299688406,0.203997021458722,0.009211515030287335,-0.0008828351589866509,0.052885125481570275,0.0009055656902823021,0.004471570337623761
2025-06-04,0.001967259069785207,0.0016451708805776454,9.595770863464111e-05,-0.0003531255846078886,0.0003937351456131242,0.0025200621469149754,-0.35209865201445434,0.007436884399474069,0.0029741538050604777,0.2116307639144981,0.0005415228426646173,0.002816547457232133
2025-06-05,-0.0010203325194365663,0.0001881515997044936,0.00017165001429512482,0.0009189771184531124,0.000353303731860342,-0.0007612885857479884,0.1729525181756309,0.014498802577335875,0.004833360854205387,-0.1542638000655226,-0.00243695435136758,-0.003905756615065062
2025-06-06,-0.0008786456245976075,0.0006217217515391163,-0.0002602436377780324,-0.0013964277784013553,-0.0006236365093937805,0.0006811222770708368,-0.08289262004745103,0.00564877270760966,0.0024371246201181545,0.2881241188838662,0.0035935522217440613,-0.004861802975138861
2025-06-09,0.0013317547736383412,0.001559272342228955,-0.00037163948845761653,-0.0007172231528522492,-0.00040341417613245893,0.0002749544719092047,0.09703784156967867,0.013307971748379267,0.005180669828229681,0.06071126292156868,0.0025487478895647665,0.004693396576303006
2025-06-10,0.00023669104964270984,0.0003829029866841859,0.00019936312655646296,0.0007074510934337965,0.000679139361879397,0.0005362200624223343,-0.1298205938005897,0.001265828244538041,0.000787000079658459,-0.10225399688715626,-0.0011543499445077383,0.0040230936457782
2025-06-11,0.0004810675715077057,0.0003973497370887538,0.0004723261790109927,0.0013186054391809388,0.00026524993447785453,-0.00022283023739565135,-0.008087983819088436,0.006229882019480625,0.006834635259275955,0.1600627201564095,0.00026918363654593043,0.017215819162962696
2025-06-12,-0.0007094108293521497,-0.00013337517670523763,0.0002114780435805601,0.0014760054989745536,6.782851739534033e-05,-0.0009034314716016414,0.23258683551645526,0.0117686614211596,0.005590347462696569,-0.22596373531242048,0.003853195094908747,0.006637920589242661
2025-06-13,-0.00019539379022148493,0.0003679726926843111,4.6158266145962285e-05,0.001104720533097573,0.000373844476107882,-0.0003483420372507876,0.04844637215784574,0.009454915341279159,0.0006745963095342214,-0.412094054477832,-0.002977564988540237,0.00986300845953007
2025-06-16,-0.0017630015025487246,-0.0005311626787207278,-0.0003893596895445726,-0.0017454470160959434,-0.0012924181954164949,0.0006449513823642551,-0.3257617028078724,0.013269665564270592,0.010952172742401348,0.05794964966064463,0.007660320917188828,0.000815155501098705
2025-06-17,0.0016108046185813064,0.0010760704691967458,-0.00026174758437307467,0.000784459052624232,0.0006040389514006523,0.0012407184219767296,-0.008374438274305854,0.002578955398572755,-0.005927430798525947,0.006986950890320656,-0.00494116826952748,-0.006416875250332281
2025-06-18,-0.0008880048791779795,-0.00011060388745043155,0.00032907372068412396,-0.00044590943431657086,-0.00026973499075633785,0.0011453410600787619,-0.41859623162875365,0.005536085789761353,0.007605084604762283,0.11435643235076873,0.0032782913381276917,-0.003216703155783193
2025-06-23,-1.7824721198272866e-06,0.0005951867697580411,-0.0003669224714642701,-0.0004357129982579201,0.0001878510928141715,-0.0006579225462260478,0.18615060161077973,0.006833367241367947,-4.203967530055442e-05,0.23862558382661103,0.0013895677213243947,-0.008799271376632951
2025-06-24,0.0011130222886900963,0.001195102219087362,0.00025200393213755344,0.0021643416089733476,0.0007507516035605684,1.0314270610913977e-05,0.18655120078121334,0.0009232864079192493,0.00010723222451098323,-0.34377462864415487,-0.013900867516491788,0.0035965513763886706
2025-06-25,2.275384441864108e-05,0.000771778663445048,0.00026630693905004216,0.001478511395507814,0.000728504199443597,-0.0006547737160752629,0.2719137124622223,0.0016686071139189577,-0.006618557416115287,0.1903455854305548,0.0006435985935092233,-0.00011226502855455473
2025-06-26,-0.00020972709302841136,1.4751707896362414e-05,0.0001174965996779032,0.00034955005698386696,-0.00012649222764981008,-4.012618338196448e-05,0.19278771467728267,0.01039454075729544,0.004050043753350562,0.07321695714011645,0.004781600003217453,-0.005427898189342454
2025-06-27,0.000244710152174034,-0.00017719734635275494,9.051618244026801e-05,0.001980871826557625,0.000357433610573643,0.00015704183764005835,-0.0322056427509544,0.00613489344160055,0.0031123153265706738,-0.13786921475811287,0.0008000408226176176,-0.0006556278901445874
2025-06-30,0.0012512432594835954,0.00045756002667457274,0.0004039348827376252,0.0003996508320756785,0.0006134141319126398,0.0032718270763219346,-0.45580383454863493,0.008304823276376085,0.009608443788073344,0.10238856514338521,-0.0005347611719838316,0.0022443577690992363
2025-07-01,-0.000178748221437181,0.0005237838422340458,9.869423058088002e-05,0.0007314551467873633,-2.4161204127941683e-06,0.0006232606645419738,0.016224510787324453,0.0070016064619680095,0.000973466523664733,0.13408026780675614,0.0017675607143536002,8.036455470068402e-05
2025-07-02,0.00018665182567747992,0.0006143359447121633,4.646353280584677e-05,-0.0004415926098626303,1.3102544683499067e-05,0.0010491549059298143,-0.19055681950835796,0.007377179342261614,0.004544648262006041,0.1572821679426692,0.004995691301061959,0.003532261827081093
2025-07-03,0.0008059263035246416,0.0004522690928900363,1.1792838309720276e-05,0.0005582376121498771,-5.8038252152504066e-06,0.00026986414979287854,0.007651751609896652,0.0054336186564843975,0.0001527289796247797,0.04961588321484983,0.0005229265999471516,0.003874108942440547
2025-07-08,0.001278038192493068,0.001013596975914092,-6.721162099903184e-05,-0.00016459568655693367,0.0004298060082613102,0.0015032385513022565,-0.31106370005489986,0.007710771016416982,0.00384579356405423,0.08784291433088705,-0.003129707940658711,0.002596311770158368
2025-07-09,0.00024437847946606473,0.0012064390284664147,8.096070298145504e-05,-0.00015474234371557865,0.00011617786040312664,0.0002893473966680139,-0.008816568939071977,0.007373361213908849,0.003191987739399193,0.08683108784780438,0.0002588469883714581,0.0060336125912847935
2025-07-10,0.0009449229357492858,0.00109168574511728,0.00036505034685498024,0.0012389802356779585,0.0006750987088951633,-0.00031745856879815165,0.2259737916288504,0.006123771271520166,-0.0010637709778796244,0.1838086766818191,0.004121625054730901,0.002959689216041704
2025-07-11,-0.000502117171507693,0.0007576999990382482,-5.359519102194579e-05,-0.00019995278979482474,0.00021055660013433706,-3.9853098280353866e-05,0.014350900998319122,0.009775641254836922,0.004458539628958777,0.08212487491503853,-0.0016237929873705887,-0.004177459847635499
2025-07-14,-0.0003214650300590336,0.0003090180157986823,-0.00023100455139510133,-0.0007479028274638579,-0.0004642886883017851,0.000700680563363338,-0.05937349318988908,-0.0020127056359389097,0.00013472974794991933,0.01200553214069075,0.0056393690728668575,0.00025545147450339807
2025-07-15,0.0004555708744524818,-4.743904213716529e-05,1.9502984648502264e-06,0.00011233463846125279,0.00019109442694512888,0.0012288013486139557,-0.2105000573918897,-0.001750028186747255,-0.001117362386984679,0.008178792208039243,-0.0016780508899376409,0.0007118408013153741
2025-07-16,-0.00016155491918540455,0.00012481731813598516,-0.00019835604576018046,-0.001686960508963175,-3.0645874027468824e-05,0.0008729925708667995,-0.2664217403281317,0.0019611461478554982,0.00450399691039188,0.13585450907052052,0.0027064693846228114,-0.002671967645266269
2025-07-17,0.00033165685569175253,0.00031862728001479226,0.0002762240638350808,0.0015953969845259347,0.0005055522387902334,0.0007721094730689041,-0.02263822634944157,0.0018639510168982918,-0.002300010513557135,0.2879082490988465,0.0035574242324299694,-0.0042329715240878975
2025-07-18,0.0011432171746027498,0.0007732841319812496,-0.00011141074792811085,-0.00044033023743896905,0.00032143644564232044,8.177426988225018e-05,-0.11118814384493104,0.006171279473186186,0.00481795678392922,0.1357355891907813,0.004950110363081327,-0.005156857686765144
2025-07-21,-0.0008030281862928873,0.0003283149910918034,9.250955231858193e-05,0.0010885031972128522,0.00019902559008014726,0.00012869376913902453,0.08644185540621181,0.006567404876711444,0.002186727310548954,0.03207348460548004,0.000854234424079794,-0.008588948706717196
2025-07-22,-0.00012162071016720849,0.0003185390046640562,-5.597396049452722e-06,0.0005899562130790156,0.0004197593073935742,4.159755739947422e-05,0.05872511078105255,0.0038424517644306123,0.002360135535439907,-0.1684553649881741,-0.001940124739726198,-0.0075850370624194795
2025-07-23,-0.0007770034487356477,0.00010944672732950813,0.00019530511726677753,0.0009460980590779082,-0.00010413382319003121,-0.00011220772707055536,0.1703004590204742,0.007780423046212971,0.0009627783064122975,0.06719629779548107,0.0029173485436322782,-0.00016555768156314326
2025-07-24,0.001002745990024517,0.0015866665991152616,-0.00013874096118467107,-0.00027223371586561335,0.00048409344451007534,0.0013603518882593884,-0.05627564087746818,0.0019332718129471752,-0.0021955278142044322,0.06137982305763499,-0.0023955954303236863,-0.0010713885194717162
2025-07-25,9.561304702588637e-05,0.00015441085849423274,3.241144789239519e-05,-0.0003527944424590701,-0.00013165232399442865,0.001423619324382165,-0.18855688581343302,-0.0004259245348874662,-0.0009713865365368491,0.15373921186959771,0.0012272271281453832,0.0035231151045015292
2025-07-28,0.0012813464326329321,0.00017508926789945882,0.00020183380184015848,0.0004063891217111171,0.0004660762007333505,0.0012065324589632448,-0.0957565799964739,0.0022372054405852496,0.0037451042281708233,-0.06179202796144473,-0.0025504466132900707,0.010311202173818618
2025-07-29,0.0010966945509760257,0.0008552325749434924,0.0002471113683196195,-0.0017502765079170153,0.00018995956190512244,0.0015519846878358536,-0.16412956997721823,0.0031761220425559544,0.00397051383808469,0.3643506290725673,0.004903533557822415,0.004330387700812697
2025-07-30,4.563946724482264e-05,0.00011001828160262878,0.0002461776224566981,-0.0006888406388837712,2.8344405189883597e-05,0.0020272168152284252,-0.18527027875084132,0.0020797382077427508,0.0024480338272190177,0.33315345774972327,0.005033515417543652,-0.0004874565456533191
2025-07-31,0.0005039825535263727,0.0006335393113183048,-0.00048632451424789324,-0.002236824975859548,-0.00047816435612418456,0.0005190958595125687,-0.10047187499275592,0.010724943597175705,0.010440931918642933,-0.04636199011124435,0.00031972211431834704,0.002979605850113638
2025-08-01,-0.0004603410375553379,0.0006218364206357097,-0.00012504651812705723,-0.0006722283890973087,-0.0001292175882347356,-9.930855714145005e-05,0.0626841718453847,0.005478071808968541,0.001356972638145801,0.2608459790163043,0.0026589497303108715,0.002468920376862252
2025-08-04,-0.0044343805573435514,-0.0029364818241725097,0.000571999906547017,0.0021520420827937795,0.0002939658041576143,-0.0017631298638507735,0.06207779617088774,0.012148376618571264,0.006717086650224694,-0.13845528303667065,-9.904232255709185e-05,0.002858296178399248
2025-08-05,0.0016078719249463128,0.0014845724293547332,-6.36188548220603e-05,0.0011525113042083284,0.0005074798475926921,-0.0008479081278823215,0.36209005831155416,0.002485574062620219,0.00027055684740417583,0.08608393253054902,0.0005978310590918721,0.011228028633757454
2025-08-06,-0.0009931400429452647,0.00030170523805987887,-0.0002226402760420242,-0.0006527662274010952,-0.0004692891030995433,0.0012669526824039584,-0.26491201007311643,0.013867360896169398,0.006254078286078532,0.09310872270011156,-0.00037411910080357427,0.005116120677462471
2025-08-07,0.001288209033548862,0.0004930918868929937,0.00017230621447498223,0.0018437574280867602,0.0008715980029779216,0.0018046242923042983,-0.2672695426485928,0.00037930070430164864,-0.00017929391243710034,-0.1159355107453906,-3.908355213753283e-05,0.0063774569433657745
2025-08-08,-0.00022525532841098046,0.0004414450035871456,0.00016056845717285896,-0.0005264511192824564,-0.00028632989622744213,0.0013546507435272157,-0.08925968253968491,0.005888936869313367,0.004316157907956868,0.3187373191780213,0.0033601412928321774,0.0011696764636401806
2025-08-11,0.0009856542939947538,0.0011644568053900766,-4.469742327274653e-05,0.0009698830034578186,0.0004121528426334117,0.000641399312653747,0.031219318131277124,0.007712625282660691,0.0018823403490512388,0.087839939999816,0.0022678270477206066,-0.0010622703488285656
2025-08-12,6.262864156920039e-05,0.0001879856311933693,0.0001525043709506731,-0.0008843721861827962,0.00011653899262528754,0.002159001615517398,-0.33524003614754244,0.007525723198160229,0.004438113031198629,0.1862009205968304,0.0012584889534253331,-0.003656347188415131
2025-08-13,0.0011945646391678625,0.0008275948233162988,0.0002683659053109823,0.001924164343924337,0.000756932122392594,-0.00047115274177112474,0.16912130040205103,0.002068322901802188,-0.00020583945056969677,-0.11168758094472145,-0.0019941086659968654,-0.00266698613821605
2025-08-14,-7.03767028272843e-05,0.00044833541426943246,0.0002640334236602397,0.0008086751622240799,0.0004603257341289478,0.0006554008256353522,0.018624680392705845,0.008225259180742572,0.0014803854098600212,-0.03779811977486251,-0.001054620996735024,-0.0067017140407171095
2025-08-15,0.0005385657678296922,0.0006167512353735985,-0.00010401782008358657,-0.0013083975343943376,-0.0003828595285918898,1.1419446027869187e-05,-0.009301531988248464,0.007997494848925828,0.004646823691078,0.0933351341975438,0.0011991908338310204,0.0009644886782695923
2025-08-18,-0.0005031664385388026,-0.00011705206743525769,-5.690338147812652e-05,7.53489306075208e-05,-2.069908719383165e-05,0.001247674704673421,-0.13286321271717924,0.00034303086008442927,0.0009678010078737992,-0.09165693937657815,-0.003345809079611363,-0.0032326491872937705
2025-08-19,0.0005866197094498389,0.00030387161858335256,1.2853212040193728e-05,-0.001032484583234197,0.00013500364670675848,0.0013314934536914126,-0.19050991217689398,-0.002508170727954517,0.002411069901625337,0.12917903925200422,0.002979393712300526,0.004747394913641117
2025-08-20,-0.0007708138186140236,-0.0005278549402713115,-3.768898009032153e-05,-0.0004907729776900845,-0.00038345756495727044,-0.00044122876888872396,0.06199575924365518,-0.00035970981671791047,-0.0002921603493864244,0.11318855782261886,0.0034554310462641706,0.007156158237845625
2025-08-21,0.0008898587769494122,0.00018133993214294338,6.713975657257869e-06,3.1301214835328473e-06,0.00040087041818958664,0.0014487276781429636,-0.23645806608025619,-0.0049298823099740655,0.001466719883897275,-0.03268923744482953,0.00376524988788533,0.007777016523858921
2025-08-22,-0.0007516109251674039,-0.00044857251354805765,-0.00027569308862085217,-0.0014145045583840753,-0.0004950726212767285,0.001380987847507159,-0.2848610733923328,0.0014904683171479889,0.002141809570829522,0.23222867309730005,0.0016496200894509515,0.0031022760316706975
2025-08-27,0.0014417457208384,0.0011075662240181503,0.00033626844070509175,0.0030450661520221942,0.0014455749722100668,-0.0002920940439542451,0.19663711876315698,-0.0018757508945179188,-0.004284425239803463,-0.1408392061955332,-0.0033629282495256712,0.005412842766514827
2025-08-28,0.00010643666770037719,0.0010321219150942339,0.00023715505872386175,-0.00019889098661051975,0.00034639702235201973,0.0007651592868032649,-0.0969602363705758,0.012321650786649836,0.005262624666658538,0.38012557910797545,0.004141976452076791,-0.0010376336258325245
2025-08-29,-0.0002723969242564591,0.0012893190543061717,-0.0002558138219475773,-0.00016784277940852865,2.076906224551488e-05,-0.0007277758916082594,0.3229102936292404,0.005068947068349935,-0.0028472436825810643,-0.06435076739945135,-0.00047345976791100916,0.0016378320022045112
2025-09-03,-0.000918942818274396,1.9771598861702047e-05,0.00036214433109673554,0.00017796860985465877,1.1656646711902724e-05,0.0018669317240241183,-0.19930465012407766,0.007049220918252498,0.0037104047338043073,-0.07183288801929648,0.0005947771004024447,0.0031563453990249915
2025-09-04,-0.0003086465810717426,0.0007040274160737868,3.951773994211056e-05,0.0004722327233020289,4.317359895589446e-05,-0.00019039429012199065,0.22543304163583183,0.006238483953642559,-0.0008445289066253431,0.039498989188555725,-0.004916111817758087,0.00010058866364931387
2025-09-05,0.0019885117285873355,0.0014670611303103332,0.00035267171103443086,0.0007124347221156677,0.0006394111176996612,0.0015826690823902082,-0.12679981746434732,0.008862242371965003,0.003735428728403228,0.18556704895068046,0.004179121653785764,-0.0006195758701051475
2025-09-08,-0.0015363518534179472,4.578059214988716e-06,0.0002051316318418831,0.0013593535773246412,-0.00018827493955761958,0.00048369304220545174,0.015241666803813628,0.007893728988691746,0.004420879609383479,-0.19687463536944233,-0.0012889122480557668,-0.009576092021466637
2025-09-09,-0.00018169473723109332,0.0006294790788921437,0.00011822123672560801,0.00018523582127938072,0.00013844817855916973,0.0015504064246393808,-0.035383791048944964,0.010450692708812001,0.005294524028479353,0.291893084867459,0.005346087913102731,-0.008317050944562695
2025-09-10,0.000336041364443949,0.0008677105406511371,-0.00018586972363337424,-0.0007882320893932271,-0.000383427486197892,0.0012611239434845436,-0.10583900568074381,0.0035882213753941935,0.002457511183059865,0.2334744537200586,-0.0013032351980300165,-0.002781498031293232
2025-09-11,0.0008028719354217164,0.0005490455468583977,0.000247641481970054,0.0002145890033747363,0.000522778009332771,0.0028941340597193675,-0.37680637188230565,0.002037750584608024,0.0016322540029276435,0.1989094506241904,0.0065195449184829645,0.003953147777189987
2025-09-12,0.0003234689275281778,0.0007071131769239729,0.0002845439870049872,0.0014026420639982368,0.00044944897649332714,0.00031418714686303254,0.09482243038162926,0.006886613830337309,0.0005251356995257558,0.07713402738902356,-0.0017654220623708162,0.004555262329748186
2025-09-15,-0.00020071179434053563,0.0005047117637453002,-5.805686391399092e-05,-0.0006144514516976408,-0.00035297326907175405,0.0002956374573222841,0.05557003604483762,0.009293299004182114,0.0028418663586160862,0.2543252779653745,0.003174456839034909,0.0039048684991181805
2025-09-16,-0.0003616939911102726,0.00010581961358025464,-1.0587877947586896e-05,0.0008650793540521034,0.00041403512142057,1.6608053615306193e-06,0.03236784583550187,0.0037960349480175458,0.0013092129942130328,-0.07232311031838377,0.0006360168455708552,0.00223445005525838
2025-09-17,-0.0008558808343675015,-0.00040402801793182206,0.00013109256111004262,0.0007886851067122223,9.750810950907557e-05,-0.00035027061995328334,-0.013675647172355962,0.005657259864404853,0.004093301284541474,-0.19552130221633368,-0.0010805742850376933,0.00048687716427404736
2025-09-18,-0.00013131700312411733,0.0005646464613941671,-0.00020967418882716308,-0.001077674344662946,-0.0003276556166650512,0.00026533214427685507,0.08420242564006904,0.00432937470346306,-0.00013898024334566212,0.022243881846775976,1.0375632268265489e-05,-0.007569125465310835
2025-09-19,0.0018041062428944842,0.0013111724078463502,7.005613148103156e-05,-0.0001775648051601321,0.00036123557189660376,0.0016891745774557962,-0.2991371661470396,0.005490471158289955,0.0013587240650326554,0.038742300643263894,0.00360580780509772,-0.005589367724338241
2025-09-22,0.001105609930633153,0.000520411133794749,0.0002967302985600815,0.0006101844488375918,0.0003511676152210206,0.0014028824308864375,-0.2349486955892119,0.004399054438426288,-0.0029265892469625423,0.14825153439704694,0.0012032439355901061,-0.0038331808772254466
2025-09-23,0.00035043929728674803,0.0002963627126596242,-6.506929705262844e-06,-3.116486998522797e-05,0.0003214272657592077,-0.00014833154162351635,-0.04305080409460369,0.0038305604511245884,0.0023880506427164153,0.06281210325818752,0.001177577192258535,-0.004082980804696985
2025-09-24,-0.0010985353461222677,-0.00021742149455953084,0.00018191141728987202,0.000996757466417473,5.7806752659660625e-05,-0.00021098831434869882,0.013649544368714656,0.008577836624664329,0.0056203348519300944,0.028094759704921313,6.888369329044355e-05,0.0028852454351111652
2025-09-25,-3.966315056845918e-05,0.0005767624460824057,-0.00021674253991221047,-0.0009581628094881042,-8.596103865368457e-05,0.0009976372007957585,-0.09372164907603606,0.016006578725686952,0.010514178433388997,0.09795781411346424,0.002268139552209217,0.002403756560560478
2025-09-26,0.0002437127715417014,0.0009232920962244517,-0.00032328965595253826,-0.0019247268590777437,-0.0003268347498345323,0.001566848655298921,-0.20699610470342586,0.002959864754404156,0.003537867403372732,0.15661318832932739,-0.0003211590760440297,0.00044544512623111816
2025-09-29,0.0014170586303056897,0.0009427132430105426,7.821923611399141e-05,0.0012793259777437321,0.0006558662066374194,0.0005111280378514275,-0.026695960066587674,0.0002859037125564827,-0.00017040265302683752,-0.007954846977268296,0.002411688037659397,0.0005654561324495066
2025-09-30,-0.0010056204129187173,-3.258288247912544e-05,-0.00013662844337258742,0.0002645186107665511,0.0001986166975772937,-0.0005507687910222038,0.09739804413206213,0.002157112954271175,-0.0010401943686640092,0.0012140451445883244,-0.004847210828976345,-0.011729378112114799
2025-10-01,-0.0005937617721034489,0.0004161925791222367,6.287231155260468e-05,0.0011766290225574084,0.00042791536730328524,-0.000850833541006685,0.15321046909879915,0.00720423611621062,0.003864837178557602,0.1068802976734044,-0.0015934026696143582,-0.009515140220295955
2025-10-02,0.0005050526712423745,7.314215798670374e-05,0.00022629561680550286,0.0002409488093944112,0.0005133880888394932,0.001324572551437999,0.03678095736204253,0.0032773731826618224,3.0453549830641033e-05,0.07416847056068146,0.0026980331722859015,-0.005947032894822887
2025-10-03,0.0001400323968430709,0.00020467219959304888,0.00017916804915113417,-0.00011078115295214274,0.0002358033568506081,0.001362770472180384,-0.195997006835775,0.0032788476376749377,0.005621402425048346,-0.012418574602463192,-0.001093605660720703,-0.007838331624125765
2025-10-06,-0.0005463624150224721,-0.00024049140085499686,-0.0001014423404550494,0.00032595503771018047,-0.00014121552973278396,0.0011586602331180632,-0.1112212184474814,0.004481449437627178,0.0029885042533139014,0.01704556783455824,0.0005628985147363159,-0.002183275010636933
2025-10-07,0.00031490831009920307,0.000542271720852394,1.1833823319428408e-06,1.681079358091627e-05,8.486140812003282e-05,0.0015324561620510308,-0.21571069561928283,0.004401667637679343,0.004227644568429259,0.22992066758148633,-0.00017427205356748297,0.0012619758909300088
2025-10-08,-0.0004404094608121365,-7.198196753274949e-07,0.00013191188993913288,-0.0004866912642869446,5.882052123620086e-06,0.0005174912892422262,-0.13729846077294872,0.006708861821115556,0.004858615985975891,0.04084099039911529,-0.0006729440617246315,0.0028873953293623127
2025-10-09,0.0015766065068391411,0.0013174531929699609,0.00010644287686533294,0.0003384757692359305,0.0005674143994980896,0.0013165362801452387,-0.048035765106173633,0.004237507742597952,0.0018676339467147958,0.28594007527236115,0.00418475785350317,0.0007852959014568078
2025-10-10,-0.000412733612800342,0.0003275238249743973,-7.468645958904641e-05,-0.0012224385134487299,-0.0002776912517386175,0.0010599723213224953,-0.05421197503652842,0.009548032314720133,0.002819676184652645,0.0911230741174851,-0.002365249596593405,-0.0015060825875871276
2025-10-15,-0.004616713467246746,-0.0032551071206858274,5.904125449522156e-05,-0.00122544777388103,-0.0013870159814264366,-6.964796996200865e-05,-0.2150653354797866,0.007786504834001033,0.007987738021083523,-0.47534549600119613,-0.003764249125512318,-0.003340590057168634
2025-10-16,0.00018621729160340106,-5.743466047719692e-05,-0.0004420122991250957,-0.00023702449982417414,0.00020173075895391147,-0.00028569142455524537,0.11021829696677801,-0.0018546888514986855,-0.00037449355551659957,0.055883729956029596,0.0030698710827278307,0.003242850978587712
2025-10-17,-0.002195219768925231,-0.002197210481036618,0.0001676667814774599,-0.00013000188666208558,-8.597303698913253e-05,0.002003885906583359,-0.6830929367734828,0.007924672552726417,0.00615665471135028,-0.007940729698157858,0.0012614452449753654,0.006792734545176671
2025-10-20,0.0020059410302953593,0.0005667844713071394,-0.00019170612174643963,3.648756296027172e-05,5.54595429834072e-05,0.0012798887699466087,-0.10609514741698013,0.0015132762722596077,0.0028472976255551723,-0.024321430862594792,0.001150943193800511,0.01283941294336812
2025-10-21,0.002160203227759849,0.0029461217543710195,0.00015348559248116978,0.0007162571251013979,0.0010781870542625317,0.0022816980101140957,-0.05683038719553429,0.004425685578815711,-0.001397448296280593,0.5604956389103964,0.005325190965770629,-0.0012792271601672692
2025-10-22,0.0004222102345384542,0.0009604477932027204,0.00024922259088580606,0.0003272545912567602,0.00010569184502536349,0.0011336363216058773,-0.325415078919487,0.008229221225968631,0.006100365937930072,0.10062149366019138,0.002189239994521763,-0.004253199395717769
2025-10-23,-0.0005787445500834651,0.0002600887875711017,-0.0001322889080195339,-0.0007827958596772036,-0.0002006256749665949,0.0006427199206095418,0.14509541249622335,0.007004327043406713,0.0046880374970201515,0.16007087701720046,0.0007630646902387136,-0.011673933270490159
2025-10-24,0.0011739819314999847,0.0012671472440637045,3.78170831067521e-05,0.0010745446532901923,0.000452872581873276,0.0006039060884159255,0.11570928068098263,0.0029437489530852517,0.0019242206370785405,0.04689129564285997,0.0011314018582810287,-0.010205083344972762
2025-10-27,0.0007524377738151429,0.0007926201638387666,9.888245721320217e-05,0.001030607749209955,0.0002964171108957123,0.0001710431148028459,0.0600220960579527,0.005119060516559795,-0.0003718872584411552,-0.15072656707026577,-0.0028832401320286953,-0.008175513341260677
2025-10-28,0.0010027775518527795,0.0016693727888837276,0.00012731987045692727,0.0011192225044246564,0.0009096994491916761,-0.00036512573110786316,0.17676240067464136,0.0009920700488206668,-0.00375267391018641,0.07462437544592185,0.0007647709749100094,-0.003711310204163057
2025-10-29,-0.0006548720721278309,0.00021800277904847457,8.63804864778856e-05,0.0006439533332414525,0.0002557488999178419,-0.00017509827677735055,0.26373037855134895,0.002112203528794157,-0.00583290885935428,0.15547638013677978,7.335595918802349e-05,-0.00015585514915736516
2025-10-30,-0.0008461814098078624,0.0002686135597430799,-0.0005240781068147767,-0.002047562005279695,-0.0004669706691681973,0.00011567694324286846,0.07879118082682976,0.0033257274193056055,0.0015998799242465166,-0.06049066233935606,-0.003193385408737505,-0.00161278001019624
2025-10-31,-0.0002715064309327436,-0.0005402195256452178,-2.6375964023504132e-05,-0.0022244451962453093,-0.00033434658774918815,0.0018761083433403653,-0.11859409701198312,0.0020201384249535883,0.0006831889187285899,0.15170983103940322,0.0004791105500271066,-0.0010531116194941541
2025-11-03,0.0003993572948865101,-0.0002692736830836889,3.271578340628358e-05,-0.0005869882054385692,0.00024690675573332105,0.0005811961978752797,-0.19678943580246855,-0.0011174419353135916,0.001409747423429813,-0.011218813136051095,0.0009135942366317475,-0.0007421076611182699
2025-11-04,0.0002565625368660283,-0.00010305817340664287,0.0002652913337212788,0.00018103961835877014,0.0003080414022108392,0.0011306258675440526,-0.2114649420102742,0.0012276100321838555,0.0013681281688346229,0.1350104361195396,0.0004666848961844255,0.006303251299218428
2025-11-05,-0.002097219286665416,-0.0009847782548773687,-0.00012343198719869285,-0.001184554636794625,-0.0007971072462556564,-0.00028492166755184447,0.027797827098793353,0.0075471215358516195,0.0052832866489887775,-0.06683309250537507,0.0014201000701152674,0.0017337432876652049
2025-11-06,0.0007358038479083937,0.0007149291828934743,-0.00029390597070556585,-0.00039251997684154296,0.00037581808804217743,-2.3751905485991658e-05,0.028621560503654365,-0.00177405535584818,-0.0008875777192320832,0.12793965958721212,0.0035008499934652475,0.004830652631042153
2025-11-07,-0.0013782672984252095,-0.0007794593149023313,9.600520134638668e-05,0.0005959616984213178,-0.0002899703334115474,0.0008509701360718096,-0.2137194363405602,-0.0005892396472705376,0.0003621216940898216,-0.1412658987203234,0.0013820809511303803,0.005151606817155874
2025-11-10,-0.00011628251856919944,-0.00018539945308990933,-4.2379865127845645e-05,0.0014338159171092446,0.00014727906047531784,-0.0005594685650239989,-0.019261554309236373,0.003085560878483342,0.0034865728164994577,-0.06557717051023239,0.0015264070925102289,0.0016079864086678592
2025-11-13,0.0019487780487802142,0.002014174676785377,2.2822290430618377e-05,0.0004653488296323441,0.0009956752016901018,0.0016567619489313587,-0.17333424786016777,0.0027812662848927215,0.001244481061143725,0.39978254934426766,0.006703124809029388,0.004099471089615305
2025-11-14,-0.0025222671786702365,-0.000635252483816644,-0.00018285985488841278,-0.0014060272306325747,-0.0010915457014855927,0.0010325847121084727,-0.4610198722801336,0.002825287637027149,0.0028618991267309792,-0.0713653124142652,0.002604046172941348,0.003633797814639073
2025-11-17,0.0007057319624119862,0.0006946091790342495,-0.0004565239685367224,-0.0020839115752037734,2.1453776675270985e-05,0.00082494998998792,-0.0808458552335444,0.004457581127815413,0.0021616648142201936,0.2009777561412172,0.005074409187946332,0.008627379929424958
2025-11-18,-0.0012582610637540664,-0.0006851668713013163,4.810095103937602e-05,-0.0008879324249948689,-0.00022498744627250024,0.0007592895300086615,-0.36961072053203237,0.007143479102576103,0.006635378377270192,0.03577109663943519,0.0021631664147929563,-0.00015009645597120996
2025-11-19,-0.0008844603546563365,-0.0009174779721685732,-1.877859726851956e-05,-0.001209400828389119,-0.0004887902103886501,0.0013575073279903128,-0.5447010637969147,0.004922140580020603,0.0057204521773256585,0.08584039693310708,0.003908872618661732,-0.0017581744843502087
2025-11-20,0.0010346813118460563,0.00043126478829132484,2.377819079396563e-05,4.064731110507678e-05,0.000272662461523595,0.0008406156073236375,-0.042992218748254526,0.003962456951132188,0.0006470736349995228,0.08486185135551072,0.0005473456640532012,-0.0032815630633453914
2025-11-21,-0.0023600043460988013,-0.0011254860060282386,-0.00012751103589285338,-0.0010258311353011894,-0.0008079136386694685,0.0007285186410209437,-0.38218055445999,0.007466792756231336,0.00602211820507151,-0.050192938117831834,0.0015061685976194986,-0.005138798471420146
2025-11-24,0.0015195232380289668,0.0011079432456320597,2.6512215084733735e-05,0.0006368652040061786,0.0008365224382914703,0.0005525378181176095,0.21712008195904617,0.0051337024012134,-0.002795428786780204,0.1446503028198717,-0.001553470467492909,0.0025530010362053014
2025-11-25,0.002379938738555014,0.0018432449719936533,0.0003865184734847984,0.002591764501428233,0.0009630204926710163,0.00047665160647360086,0.178495108762305,0.005173742023758297,-0.0006380463741018894,0.04520528665662442,-0.005328015088790482,0.006439555216376763
2025-11-26,0.0014905711836584643,0.0015127907918644926,0.00026071893607369654,0.0009322377501716085,0.000709352634459634,0.0010530555321233124,-0.012172662670311342,0.005423698781670032,-0.003017449104706995,-0.000769132223351579,-0.0029307180997579264,0.006837617016535903
2025-12-02,0.00010071833330848064,0.002044913593219418,7.2233864268911725e-06,0.0011340507432550267,0.0004484499200371804,-0.00029900938885388706,0.36783483304492576,0.009148396149603994,0.0007080605100936037,0.05791690455363757,-0.0006392197098355403,0.0007748776173700102
2025-12-03,0.0002615713458063997,0.0011909504620978702,0.00028358312285547423,8.011154574617902e-05,0.0002030203387898665,0.0009982243118343997,0.1886545353876513,0.012453895485135055,-0.0018367960097932083,0.362705074469436,0.0028287918081854892,-0.002466537858891885
2025-12-04,-3.915607720548917e-05,0.0008725540764862059,0.00022355624563285222,0.0011887792325866822,0.00020961809381239994,0.00031871429021145843,0.1731768590045734,0.0052692221122126875,0.0012606769983373105,-0.004731057184882023,0.0009759452516361535,-0.012438389322693357
2025-12-05,-3.385524646538099e-05,0.000541389395122547,2.0938619013563788e-05,0.00028397696023775977,0.0001483826368878392,0.001068854033896559,-0.04818048524307703,0.01001240901386263,0.003383810712937695,0.23180080213178667,0.003653904652969076,-0.010196970453709337
2025-12-08,-0.00016831432025589784,0.00044901730555083687,-0.0001884690757541421,-0.0009324170208627385,-0.0003229309232818332,0.00047190351867539937,0.03610988513218769,0.0022397720724673742,0.00039197557460680064,-0.005464758298866432,0.0017503568970719254,-0.011412392287442188
2025-12-09,8.327200139458426e-05,-0.00028960761195004055,4.575943748293391e-06,-0.0009315478590248041,-1.840322357548639e-05,0.001224423049131459,-0.23644708749677038,-0.005748049280986751,-0.0019389512219126952,0.004053882509263633,0.00042294426100152743,-0.005414572764198354
2025-12-10,-0.0007656160567171115,-6.076334372536611e-05,-0.00018010285592011277,-0.00027955695090438044,-0.0002781348989171485,0.0007990798839154442,-0.12132860498287906,-0.0008582682738362195,-0.0021207769139856758,0.026560911466538606,0.0009234365880799993,-0.004937238819096566
2025-12-11,0.0009040622876375421,0.00043095969293387946,0.00037536524922750046,0.0013240386194303608,0.0006817501079648524,0.0003927915486391489,0.05052701881696501,0.005367085179936403,-8.173197944691835e-05,-0.03538024316687781,0.000881496552807927,0.00043296771228022203
2025-12-12,-0.00034234800356642035,0.0004040963430505482,0.00029388277866438983,0.0020257196817629205,7.58072594094865e-05,-2.6444545823183993e-05,-0.019321529626789236,0.0023654057824687843,0.00017560592536678288,-0.08187872376382739,0.0008562835260770282,0.005399364523365891
2025-12-15,-0.0013655735637925972,8.154313460126307e-05,1.8977686168497413e-06,-0.0011389750891995136,-0.00048734954454323693,0.0017961221453665483,-0.22647663271483928,0.008259345764776967,0.004460839058898139,0.0556219739445718,0.00072790658312631,0.006770370405185456
2025-12-16,-0.0007450236817550713,-0.00033363719676387247,-8.621572559770467e-05,-0.0005582400405801879,-0.00020479268121950032,0.00035760264359288395,0.034022648546942126,0.0003113203933293215,-0.002388310183250683,-0.09577156372743399,-0.001338255807345482,0.006128236032838289
2025-12-17,6.945650348750041e-05,-0.00019137817077602746,0.00020301552109713017,0.0004113519759621796,0.00022366279164477451,0.0019017258804058595,-0.31632764620545634,0.0014670902953260517,0.0008751071658622984,0.04340940069248639,-0.0005314550593408646,0.008301844891113302
2025-12-18,-0.0013088232195088757,-0.000983731678450605,-0.00024105315987653966,-0.001983312206477673,-0.0009078466396425272,0.0009727130383598629,-0.19187520572582004,0.0021058148326593097,0.0017839630557364423,-0.005518283272443844,0.0024199054093207773,0.004254803796197417
2025-12-19,0.0015216308890074219,0.0005063656680077202,8.998503891574338e-05,0.0005306984924198329,0.000817841685319551,0.0017842504720142346,-0.19483943038271745,-0.0018860615144282826,-0.0016721031637266168,0.14787697905078723,0.0017991721308357874,0.006962523042996713
2025-12-22,0.0016302675118653094,0.0010616836627527163,0.0001933637982134905,0.000810123131210477,0.0004914697813674187,0.001499704383795246,-0.20925797513480315,0.005862346500312567,0.002482131059591457,0.11412370075439947,0.0012558858242879528,0.010482941225708609
2025-12-23,0.0005768495531894858,0.0011630155304215451,0.00028712803357459844,0.001509700841861011,0.0004987189278772774,0.0005192026166778291,0.09448504512979125,0.005675329146613237,-0.0014583810836262564,0.23467887053449582,0.005104233182659575,0.0016835054821717243
2025-12-24,0.0003000720390524764,0.0010631943999975142,0.00013040994268638967,0.0006963565210768594,0.00036545117083168927,-0.0005109212831700819,0.12788084814236175,-0.0008769903787019884,-0.0023559214434554655,0.13665568400339678,-0.0007982955725206371,0.005128321280179891
2025-12-30,0.00012978150425377308,0.0009118116087451176,-0.00016253292405090416,-0.0023063506642649273,0.000159709517465388,0.0004893855027528143,0.1307112634867402,0.0038514472332736773,-0.0009347908336751615,0.07712410145649148,0.0007989340877871168,0.0076554111165613005
2025-12-31,-0.0004084965397058765,0.00044324448535310897,9.3945439189476e-05,0.00046387402185010514,-0.00011080905263679603,0.0004640551614312204,0.05508377719604956,0.003255252379292312,-0.0007946828045700413,0.003008871252434854,0.002367115478027696,0.009071706047857224
2026-01-06,-0.0010553950696593317,-0.00012761835617345794,-1.3185607883948842e-05,-0.0016632023354927257,-0.00062101240790992,0.0010247099848259592,-0.09887847008176118,0.007493916023257793,0.0015994510432074313,0.16934983341978788,0.0031293358496164055,0.009602715282051092
2026-01-07,0.00029665343064701324,8.768956096383188e-05,0.0003238301343473091,0.0003529090284079665,0.0004541414101087052,0.0004290601134559644,0.0378384841981525,-0.001664807329535487,3.250028703001128e-06,0.03090992710516495,-0.0014539083391050367,0.00786008451140172
2026-01-08,-0.0007777325330401461,-0.0009937586201222057,-4.212254651838191e-05,-0.0005019169484887147,-6.424724745251011e-05,0.0008361968187431621,-0.21091290756097925,0.008044321560199009,0.00694247409714414,0.033990782696764824,-0.0006545287571121017,0.0098250406676354
2026-01-09,0.0005148429225702095,-0.0002659805456201949,-8.918094645551242e-06,-0.0005389555209260022,-0.000182339852025892,0.00046633110156176134,-0.05298686246118088,-0.0011866138430514017,0.0016167255062663477,-0.018859672049705192,0.0004499217595531546,0.008986275631071848
2026-01-12,0.001282092308776389,0.0007447003112604281,-3.7217469652453e-06,0.00021108523419667872,0.0004422250848786065,0.001009637422386566,-0.08047750111248636,-0.0007298440598713703,0.00046827435041167024,0.04114189625427881,-0.0008609725715155666,0.0018536711135279408
2026-01-13,-0.0004524208780206229,0.000262442049722866,0.00012280909537187363,0.0013299551500596334,0.0002699972770600634,0.0003422547819271595,-0.141032602484974,0.004900268890906291,0.0033347767786590272,-0.0984863567345256,-0.0005009165946250752,0.0008823050946189087
2026-01-14,6.52296910395329e-05,0.00040729395828345766,0.00010915833274361376,-8.122603871735485e-05,-3.998997900646459e-05,0.00023681678730907312,0.06768584458024361,0.0009735430444138134,0.00032732632542835263,0.1321312124844055,0.003257929227608694,0.0030771686222309767
2026-01-15,-0.0007050566292918615,-0.0001249978773057453,-0.000165642810689898,-0.0011202344238518212,-7.182026158684865e-05,2.906909692163614e-06,0.08749029493604736,9.370082654203897e-05,0.0005379429874073785,-0.027720551666101073,0.0008677640527998813,0.0013339892973354595
2026-01-16,0.00019432976895124917,0.0009090210469393398,-0.00018401302143226808,-0.0003179673380118894,8.434282855148313e-05,0.0012968842389405153,-0.10665240457505873,0.00033781744554338845,-0.0015616367593392774,0.04318333322272429,-0.002357927941496164,0.0026727296503391805
2026-01-21,-2.9349161811924164e-05,0.0005526926547861828,-0.00019037218518793526,-0.0005548201760149432,-0.0002703463372809944,0.000428593401544749,-0.05870519742202625,0.004417231631109159,-0.0009471420574332166,0.0910734927705099,0.0019234167987242689,0.00014825113627267984
2026-01-22,0.00212166531214636,0.0013283066692162267,-3.9248436876481274e-05,-0.00037074080268633774,0.0009679891586947087,0.0006722437739048993,0.17075541383745685,-0.003304736016429711,-0.005317172003344191,0.2939210069704764,0.004300695937573615,-0.0052702508238228985
2026-01-23,-0.00040919332869941103,0.0012203865777010814,-0.00041900213498161976,0.00046863800789730847,0.0004957803309976489,-0.0005736133127016719,0.0886031716368426,0.0077279494562935615,0.006336804846683714,0.09343762534360277,-0.0005102543321108537,-0.016878602351076525
2026-01-26,-0.0006918499360599583,0.0014289913114840821,-0.00124390971726295,-0.0013579070968231838,-0.00011766795364713978,0.0007085550230128626,0.01908056066927835,0.0048296185396699545,0.0022798534522283993,0.10627544774512328,0.0008913048821040698,-0.046696436723772855
2026-01-27,-0.0004410028023760974,-0.00025701262218509255,0.0004337706531162603,0.0010560218442647545,0.000593438962008787,-0.0007877905813967763,0.12024855046652043,0.0015020575297655337,0.0017148655341044034,-0.22006388516080277,-0.00297206802011223,-0.03825736542584052
2026-01-28,-0.00025882912753364513,-0.000139611318118648,0.0006167528077794079,0.0020939928108715737,0.00028070043719466447,0.0004131714480592323,-0.05804583214303092,0.009664824870283709,0.004194062685777405,-0.2476399537011394,-0.001862225123622391,-0.07817493484843037
2026-01-29,-0.0004984869318224016,-0.00026076222409890593,0.0006227519878713472,-0.0006486835969832676,-0.00039001051726300927,0.0012108056476886155,-0.08897115549642073,0.014807933948584501,-0.002064108712966647,0.19713276504899163,0.0016552548493580408,-0.03549109618556492
2026-01-30,-0.0001087680430625814,0.00028681457210203267,0.00016711671753695512,-0.00018533300909900433,0.00010454017282784841,0.0011536796883279323,-0.2825722508555527,0.005156319543094515,0.002984149772174722,-0.05971500699658422,0.0063914089713184435,-0.0011618851255567621
2026-02-02,-0.0003531707852913966,-0.0007045279451416837,0.0005016050278721594,-0.00015560539059326342,-0.00033760556725280396,0.001995350120275428,-0.21448558355843683,0.005570129994934187,0.00030551492721490707,0.11984999843713706,-0.0027227269675969045,0.04661647694987726
2026-02-03,0.0009001375150594116,-9.619539703838522e-05,0.0003855499007014255,-0.0001268304243078246,-2.5495858479806068e-08,0.0007438008545742481,0.14332753077088872,-0.002603965285572,-0.002234269829357969,0.04896817821286211,-0.0002080889974782074,0.036526131612688424
2026-02-04,-0.0020713399585044045,-0.0006794982980618258,2.641972439844319e-05,-0.0005331553613294878,-0.00031747300771357265,0.000642282145109134,-0.11448807644927078,0.0024651112643844886,0.0014761530500911754,0.10812142662087496,-0.0009081053417018148,0.027293742374624827
2026-02-05,-0.0008700605289454468,-0.001196701062344039,-0.0004263939791144605,-0.00017994252916806786,-0.0004216407898239028,-0.00015615714953501228,-0.05238802256562315,0.00631585679141922,0.0029809907353556125,0.10489925726085766,0.0036083982194021888,0.04864129155945218
2026-02-06,-0.0023271721059769067,-0.001888462798284788,0.00036367024468625316,0.00013826305888873792,-0.00039070034394374486,0.0006657377471245109,-0.23934806308042747,0.002324720574315266,0.009057982186753303,-0.19461371810116684,-0.0032641076426889316,0.03316709591152447
2026-02-09,0.0030222825440596943,0.001609458212131891,0.00022611197113501922,0.0013767388150305094,0.001278866886061132,0.0009396661577738728,0.12290171436026553,-0.00028447593102303576,-0.0032543468632919743,0.15668460602130851,0.004797476228814309,-0.01024266840487706
2026-02-10,-0.0006299799272965701,0.0002733356137487133,0.00035792207703238096,0.0016608595029190686,4.849307582460027e-05,0.0005977886636844764,-0.04225495926534529,0.005931081890132252,-0.001754988799021706,0.04799876377338305,-0.0005716748562234935,0.016119458477126047
2026-02-11,-0.00037368375449297513,0.00012130750844997916,0.00011018019775854187,-0.0005638465038023666,-4.503944045297497e-05,-0.00024271981166023497,-0.0010416222391863295,0.0033384024398590358,0.0026186882749856593,-0.05651171190141774,-0.00019752437568730258,-0.007617471085478336
2026-02-12,-0.00046995321529138114,0.0006815022176352929,-0.00030077203958018027,-0.0016637420120038954,-0.0001565889764172545,0.0006922037225945212,0.17274970754465666,0.004848044141477471,0.0023318181587578726,0.28370632005384233,0.0026921264580709856,0.04140679661865845
2026-02-13,-0.00223545079593522,-0.0013929345174319603,2.024953781546517e-05,-0.0020185725317742606,-0.0007221740932762667,0.002304056516561025,-0.3818215874676106,0.0037769730950941343,0.0014820737250356036,-0.11665720986048007,-0.0027439615438375913,0.014210801302914886
2026-02-18,4.071185859825662e-05,-0.0006523317165437293,0.00023673005319354434,0.00041241328697786165,-0.00020236755671725184,0.00039457220276627116,-0.015980161917126368,0.0049416420116313335,0.003979151459810038,-0.13336368330388515,0.00029853517968836895,0.022044087332460792
2026-02-19,0.00111296364416275,0.0006010625609389282,3.0416501490354575e-05,-0.00039175764493360794,0.00033848619621091474,0.0017722419028973375,-0.21143679771061016,0.0029172135782405163,0.0017024731163162146,0.2570300557451725,0.00677974337527603,0.004137638761545581
2026-02-20,-0.000333594680579073,2.072268299485274e-05,5.838738987233024e-05,-0.0007330897104705737,-0.0003650302130767652,0.0015629778860524039,-0.34727498657986544,0.004360506060724455,0.004935231095677209,0.01166461915470806,0.001578778170236424,0.005509295643005597
2026-02-23,0.0009323999317952098,0.0010625513427736713,-1.7021829809395986e-05,0.00048679788157486906,0.0005024566046812089,0.00029896284880649986,0.09884016684597677,0.00302067223977029,0.0005005982982037535,0.1315314466360465,0.002329278532694175,0.007058570489663359
2026-02-24,-0.0015720043171683518,-0.000506169087223962,0.00014561928933582875,-0.0005581661383484323,-0.00023173873210623414,0.00040601809218153537,-0.049381246276900395,0.006044591199694475,0.004039623602958594,0.11951846520854187,0.002581972199752522,-0.004279673107349513
2026-02-25,0.0008031120258246175,0.0010133169327606337,-4.1409880605999005e-05,0.00011410792677457348,0.0002916987598158386,-0.0006346568960140451,0.2599432912936784,1.0973465835961878e-05,-0.0018988303559656211,0.005343980009311217,0.0001659667587082718,0.0028714444060095193
2026-02-26,0.0009053298376700603,0.0012140154992242023,2.5352424470151204e-05,-0.00018404269884346236,0.0006096975021189222,0.0008952590182182754,-0.011370140292852368,-0.0005309791675040679,-0.0011352698585630238,0.16308618938196282,0.0009975878227458457,0.0027896927933286084
2026-02-27,-0.00048334326269796615,-4.91435926994983e-05,0.00023937591145129983,-0.00012521558521181848,-0.0003390709352916843,0.0011889869263321624,-0.20612506930487987,-0.0016928214969106972,-0.0014747428080819117,-0.03678410185298989,-0.002468128095578117,0.004283745358386544
2026-03-02,-0.0011217004978903258,-0.0009920271606274947,0.00020960734821274667,0.0005572848804795077,-3.8519864165623014e-05,0.000284936726401218,-0.01504685097873898,0.006041257268652854,0.006399255100028474,-0.029453522367301796,0.0075560014222465395,-0.000495765202433722
2026-03-03,0.0006972527641302764,6.9587403357028e-05,-0.00022470820021823062,-0.0029917554245732204,-0.0001691925917078151,0.0022655944591084267,-0.35249754344544143,0.006667875804106177,0.0079926215188123,0.27463162470941765,0.0041109689760845045,0.0046965522649776255
2026-03-04,-0.000709573724543985,-0.0010008722189178347,7.088868492687931e-05,0.000467175347977832,-0.0009534535247884703,0.0015960470501362883,-0.2986821790121916,-0.002517409799519933,0.0035688070490116144,0.14024326406112414,-0.0010817868416774456,-0.0009513692395015546
2026-03-05,0.0014954710257994684,0.0014739219641054582,-0.0002948505086899913,-0.0007584949887431774,0.0008733909722296386,0.00014017124403035216,0.04307424569098546,-0.009883742612900571,-0.003006548029092621,-0.03668863085275138,0.0009338338662639224,0.0030395364571460318
2026-03-06,-0.0007639433635451171,0.0008391435797270966,-2.8406719636663193e-05,-1.2435016299768662e-05,-0.0005335170026959399,-0.0010643445438930756,-0.09388239542473764,0.003380958005622823,0.0009590875254656011,0.2026899268736173,0.011775531568941717,-0.0067791233274598975
2026-03-09,-0.0025183896352385764,-0.0017220165134558614,-0.000588118499085822,-0.0013250743600244468,-0.000697418214320938,-0.0018946133542981777,-0.056280167585561945,0.0032566197196746737,0.003648195614898652,0.26174765984537596,0.023609839590852152,-0.00018883948196076784
2026-03-10,0.0019951495678731117,0.0017714374290353457,-8.848371723926665e-06,0.00012941825276979686,0.0011104789061639369,0.00035273911884319285,0.2737772115647691,-0.0053162898222182614,0.0015427152348553895,0.2515474475816857,0.017660479096158768,0.00806145234780454
2026-03-11,-0.0025106167054977395,0.0015007128923796211,-0.00013721095028900956,-0.000210495886295325,-0.000502292745717133,-0.0009627076005839586,0.17501692545724934,0.005000122226876435,-0.01013044638297763,-0.04847028405331277,-0.029842548969476648,0.003540253549346483
2026-03-12,0.0006367897930411937,0.0017371570367179644,-0.0003662696362698732,-0.0013416556733008096,7.845486245540473e-05,-0.00033718441678718195,-0.015185972314640337,0.003840448251826378,-0.003997895884203349,0.6075078088344776,0.014245482592854613,0.007593688114045485
2026-03-13,-0.0011238769903087395,-0.0010798924953860987,-0.0005139016526859336,-0.0023880293584722418,-0.0013406127312673814,-0.0011680513643639126,-0.12196759646340213,-0.0008591458735569106,0.006502626008168276,0.18776745594092142,0.01344894260501945,0.0042640536679566104
2026-03-16,0.0011321786144740627,-0.001218768247766587,0.00014226134313851657,-0.001431668211137306,3.919815093488595e-05,0.0014146819099067664,-0.344770772252607,-0.0026263257555113476,0.007826817023676578,-9.368477161100786e-05,0.011530768657314457,-0.002477542861281953
2026-03-17,0.0007581884060219369,0.0015807277381506503,0.00029475071287806,0.0017074346859266508,0.00041856657415184867,0.000560409647054236,0.40459328358141533,-0.004853418668328513,-0.005728299605647547,0.004052720028257392,-0.014084640420805062,-0.004476195430075434
2026-03-18,-4.27549620545033e-05,0.001461602454878482,-6.098155607577418e-05,0.0007617204725444682,0.0001832552354792429,-0.0010039746967767632,0.24485192520401453,0.005649801583599851,-0.005213844884370372,0.3004843645876565,-0.0017071744210530215,-0.023313247378535823
2026-03-19,-0.002358358907724886,-0.0004656595634959204,-0.0005676704333753134,-0.001178849876199432,-0.0010243556726871644,-0.0014284069082739221,0.0531975095598896,0.005975409709523784,0.002373093322372425,-0.3317773946594824,-0.020964023224718707,-0.028126952018170254
2026-03-20,0.0006037542321869963,-0.0006892246025214678,-0.0002391119244419992,-0.0011554738758295636,0.00017368636361063443,0.0003071059532634773,0.19272914095267468,0.0033723521955350837,-0.0005812783579034213,-0.7454969649758776,-0.003450540450309309,-0.02617163961980178
2026-03-23,-0.002811565177265605,-0.0014606931211964902,-0.0002918269036314173,-0.0011862187901643588,-0.0012420621048312664,0.0007722029588906549,-0.09380949750104245,-0.001461327685737618,-0.008485519799246026,-0.3387497328729532,-0.008120197167204668,-0.02346021340341126
2026-03-24,0.0007444377264451682,-0.0015561563445451675,6.984117469840281e-05,0.0010332319014692971,0.0007252093717714036,8.182555985334294e-05,0.08110526099337753,-0.003875139733204876,-0.015635453616272266,-0.7857298423416965,-0.02187775360979967,-0.022810417289300073
2026-03-25,-0.0006696538343561016,-0.0012418548972608333,-0.0002371788388353736,-0.0007710883989423395,-0.0002745119518489329,0.00023741112489897878,-0.25021629655234134,0.009048492573111239,0.008480067337632954,-0.3860056594211414,0.002130921234019244,-0.01292330750403679
2026-03-26,0.0010712295884440484,-0.001175167785005551,0.00032613549062764807,0.0011559092575296169,0.0007687238592291807,0.0015615873932410041,-0.0027811045759380745,0.003243881327186358,-0.00829489531151323,-0.15381962291518037,-0.013117818772191512,-0.008946679557436537
2026-03-27,-0.0022692773967739137,-0.00227286779971534,-0.0004691174430092544,-0.0030140575690910856,-0.0014013869651166107,0.0013248182133680413,-0.5953497704870631,0.0036222839123503103,0.019028342320687834,-0.4045863645301724,0.004634306001901817,-0.013395510196740684
2026-03-30,-0.0021682999228635814,-0.002533692825496445,2.2630843668915974e-05,-0.000954796846314792,-0.000587160920571645,0.002560558037094274,-0.2584199516815239,-0.003699437836237245,0.0003350396988682255,-0.09412679022656642,0.00109648692547439,-0.01841988049201696
2026-03-31,-0.00017665964952862868,-0.0016012728667736274,6.917583944529712e-05,-0.0003141517578790075,0.000131589134920293,0.00014587872105312942,0.006113757772041983,-0.007971707964517969,-0.0007726937660225079,-0.2006822050684127,0.00528069837076608,-0.007484425955974571
2026-04-01,0.00420435915906252,0.0023613637837905177,0.0003181344525609596,0.004327735422011788,0.0017324079992853047,-0.0001608763227016678,0.3851639836420351,-0.00577189679787607,-0.009056682986722906,-0.38441072766640416,-0.020960923720694205,0.0008291486721436802
2026-04-02,-0.0004575308662344541,0.000801617747419326,0.00010708126759601729,0.0015336459106097165,0.0005769162103015778,-0.0005617325390156814,0.08320516829189017,-0.004803679646509953,-0.010819388857327653,-0.24120844244954473,-0.0020056942805454963,-0.00429015006719672
2026-04-08,0.0008120282252871264,0.0005570405534989665,8.40624285532204e-05,-0.0008426585702983255,0.00024373651332825435,-0.0008244286682875495,0.43991675954131615,0.0006567221845119096,0.0033648175307584936,0.2913951236799126,0.027869074018158982,-0.0022403028625855304
2026-04-09,0.0013606975910227903,0.0012173714456111433,0.0004940119989597949,0.0022229330960127276,0.0016626882457864926,-0.0011296653852105726,0.8274039967186041,-0.012648289809734235,-0.012811813762728918,-0.3107134719789342,-0.04271727330611603,-0.0011213030453340732
2026-04-10,0.0009958377373359487,0.0012923325770439252,0.0004797563532622939,0.0007311393248410002,0.000786878242780264,0.0020591823761175326,-0.14292079873166325,-0.0026544152659312204,0.006194541250101997,0.3132586490392308,0.01287005150731776,-0.0009918745135463947
2026-04-13,-0.0008203506834441286,-0.0015167225780370248,6.085731403961815e-05,0.00025626759501053153,-0.0008371147757598864,-0.0009612930200859607,0.4790752955659641,-0.006398478175328324,-0.0068024401033167725,0.1887995939297017,-0.008434218461046623,-0.0018665842797672492
2026-04-14,0.0017780998175744981,0.00015900307980930634,0.00044520270754727414,0.0011478788630447819,0.0012066477895834272,0.0005947466673476471,-0.28459142037076585,-0.007456661277731681,0.006619907115384362,-0.5246605775027078,-0.0028495035138639884,-0.003156981512259154
2026-04-15,-0.0002629536212574139,0.00018176477119359174,0.0004801195706598445,0.0012688480610548284,0.0003282248514587806,0.0028839087140546554,0.057676082628116146,-0.009573067870795732,-0.002398716639415332,0.12361285395225632,-0.0215519528900271,0.0013915341842313334
2026-04-16,0.0004621556901904004,0.0009581896469130374,0.0002354040010353259,0.0011209117540218335,0.00040073693261561224,9.325909640402088e-06,0.05680810999780779,7.384829886112124e-05,0.0018962047347942845,0.17228021772332025,0.005723006692062377,-0.008608363964276925
2026-04-17,0.000576220342416633,-0.00017215279679266832,6.920204840516911e-05,-0.0001242759331562326,8.682724006360392e-05,0.0003170196478742905,0.1353246147033782,-0.0032924379562592767,-0.004745701569877694,0.22851011894704812,0.008782586593311145,-0.0005947498080579514
2026-04-20,0.0007762734393934834,-0.00024647058679860574,0.0005601209769563653,0.0007047558589826049,0.0013265659540920047,0.0009837408808881475,-0.07523902838567563,-0.005654263956102464,-0.00017499855684148286,-0.11460688680352238,-0.0048636095000683935,-0.003997099093966756
2026-04-21,-0.0003937836196672407,-0.00024946970526424706,0.00012060774856594253,-2.4984786327233703e-05,-0.00047648689445993454,0.0018470585519134496,-0.23675504130773034,0.0006302032692961559,0.0055517297077295885,0.3692428427355715,0.011760309203108745,-0.0020131837243949303
2026-04-22,-0.0007227436155586434,-0.0024644615006964325,-0.0002678331264067114,-0.0013982053821854031,-0.000731579196196424,0.0007174628799123606,-0.08323245779851837,-0.001452872977960895,0.0008225028760837033,0.34207386552994334,0.0027370441348733886,0.004190227788314122
2026-04-23,0.0015091615637950993,0.0009528326900966923,0.0002062922015750473,0.000451728461858183,0.0008477133121249111,0.001598579952415901,-0.4821643934077215,-0.004291768804942801,0.010308265913211984,-0.6243020343151097,-0.012885387666187442,9.684581017223759e-05
2026-04-24,-0.00012255825001415135,-0.00016894214680029804,9.910532021427859e-05,-0.0013171408711094516,-0.0005043953218612636,0.0015626403587311872,-0.09722546356265022,-0.0054714434572078335,-0.001765840617990373,0.34421477261331923,0.014545962931745928,0.0025649226761051925
2026-04-27,0.0009538872219411874,0.0011279944464402268,0.0002080531394737965,0.0010569452960428117,0.0008558260560309522,-0.0008728408553844021,0.21954266070319683,-0.001001994853809864,0.0003804395185934206,-0.3157429484493669,-0.0006814278567149759,-0.003149159068851874
2026-04-28,-2.3624736809343277e-05,0.0001337745906260939,4.140860212156579e-05,4.7471347303116584e-05,0.00024771414472314157,-0.0009533605428854849,0.23923146247315807,-0.00845210172606461,-0.006740785047277774,0.2202904203432641,0.00456986174619219,-0.005637302805447955
2026-04-29,-0.0003166522476248162,-0.00035532832316833066,-0.0003165840880892177,-0.001485221796212055,-0.00045448493628352533,0.0008288539755984646,-0.09374370551596922,0.0006789616240446164,0.004658987659954012,0.04078133663872311,0.004802273733355384,-0.0062878094911009985
2026-04-30,0.0010036589654128449,-5.5091909830762005e-05,-0.00024172643986950459,-0.00022466137760717954,-0.00018492585487219903,-0.0002219244809886844,-0.1524868914281644,-0.007155096702749546,-0.0004413691480328779,-0.3293367517978256,0.011348575583028897,-0.016776081525952342
2026-05-01,0.001024798438052288,0.0012213019513205956,0.000371455546970998,0.0010343849727717535,0.0010087768534143538,0.0006896546937861972,0.1075401863830477,-0.008777118211103054,-0.0042630662982039045,-0.08562230311141772,-0.006690935390880875,-0.003349464531776072
2026-05-06,-0.0006903492690613766,0.0004083831818444343,0.00012913754785921143,0.0008145931638659983,0.0001755668029768468,-0.00044127833610872703,0.10222786398352353,-0.002810772606904833,1.7268498865541295e-05,0.08231960165496047,-0.0012259140726946127,-0.003646074689511107
2026-05-07,0.0005679491060681093,0.0006678817019660107,0.00024518381716935535,-0.00015973368841502568,0.0009369506694636347,-0.0008328113202188024,0.2669738046861959,0.00021480746484672732,-0.004941316547439294,0.223228330056779,-0.001978330312744337,-0.003646214454721507
2026-05-08,-0.00027197205236219747,-0.0007278575062333805,1.8615781261722417e-05,-0.00014737288759660315,-4.918247955816823e-05,-0.00040956207278879564,0.0756289585403455,-0.005981095246784527,-0.00026721006562718157,0.23857058876031387,0.006279008089967652,-0.00333084507572604
2026-05-11,0.0009618234623370372,-0.0005331865748242766,0.0001915233211063484,0.001211204299054396,0.00033106799873906535,0.002125379827155511,-0.17740405516903954,-0.0010142900444190701,0.0005187800263207125,0.17776772858165374,0.0006287259023012449,-0.007089847826489475
2026-05-12,-0.00015691666277084564,-0.0003904497029923092,0.00025076383914263655,0.0005504165681666697,0.0001355770870433588,0.0020049671358883647,-0.511968099354778,-0.007041303984392752,0.006458370244330439,-0.10303260690004944,0.0016660175641211845,-0.007712837492318835
2026-05-13,0.0006800578165640316,0.0007545921805253566,-8.631462501037459e-05,0.0002597267534517165,-0.0005607156000610343,0.0020579706155071406,-0.07267754317660864,-0.005655682141958666,0.0010543207626267424,0.060942438178757746,0.003891996913962821,-0.005932695125749835
2026-05-14,0.0003353810826694322,0.0007349525325372339,0.00019729635053955454,0.0004978147066321559,0.0005934035094109333,0.0008361483722509277,-0.06756354168240468,-0.004194822505259595,-0.0024788798934152582,0.03430224139577782,-0.003061104829836168,-0.004623696763410985
2026-05-15,0.0016159464620999322,0.0012046487535895811,0.00011858297355854403,0.00014076616245615263,0.0005992175892506259,0.0005000461604329337,-0.03092893764974226,-0.004858396403277525,-0.002292820980640627,-0.009952938566516759,-0.0008622586789043731,-0.005434375978486919
2026-05-18,-0.0005086639846770056,-0.0009427786567853047,-0.000525521047984881,-0.002549780860251455,-0.001199474532573075,-0.00015261231930244613,0.02171702698096687,-0.0009737122778323004,0.0010583479837148742,0.09901223644029651,0.010468340548068913,-0.000563782678564275
2026-05-19,0.0005801114452443631,0.0003639487556373239,-7.139544315736011e-05,1.4168906727021947e-05,0.0006118292978882447,0.00023575610296874187,0.021548458468398764,-0.014811010195950072,-0.0066831950396272,-0.17346826938180981,0.005260715326741107,0.007523107495449665
2026-05-20,-0.0006359941586114685,-0.00033063235562643073,-0.0002329023585610269,-0.0010195937557979581,-0.0004932782490251437,0.0007961061578520757,-0.2319173643924859,0.0028357166303339906,0.007454854474305454,-0.010877290499886116,0.0034078509807196934,-0.0004559031649587939
2026-05-21,0.00035315808899348013,0.0013532979000593832,0.00025610921610278126,0.0012754792311267446,0.0011219531054523532,-0.00019288690131189716,0.15222980520912183,-0.004109226101097442,-0.0058312614882679425,0.20183216668740478,-0.020738658199829223,-0.003179506320429666
2026-05-22,0.000663106376841341,0.000446612708703789,0.00013381798754124571,0.0001330873226901735,0.0005016737919832363,0.00040767240442049767,-0.08227941206910802,0.0015211538965598766,0.0031485635385898316,0.44984118808167123,0.0042978657948863075,-0.005949552112918058
2026-05-27,0.00029828601403221857,-5.553212223676011e-05,-0.0001907215630803415,0.0005458158656013014,-0.00029913272816956763,0.0002616768182418705,0.047567478090719185,0.002519985005733638,0.0013533304478552954,-0.06668359038783951,-0.004637390958719587,-0.005629551768914852
2026-05-28,0.0005256658775655882,0.00011741768880581666,0.0002271294323662794,-0.0006788343687346956,0.0006536995556220751,0.0012544002399043626,-0.10949574200524118,-0.004338473286765421,0.0016562398859086115,-0.09989172997033142,-0.008958111194412722,-0.004994560626325707
2026-05-29,0.00041187709117513125,0.0003663218397546139,0.00016340907657882737,0.0006591567490890061,7.544089610861665e-05,0.0020633273570116375,0.009855653651271674,-0.0003827129296655753,0.002090241478169775,0.14063003099554994,0.00245821204628115,0.00434751141612104
2026-06-01,-0.00010324184524051642,-0.0004474600185572147,9.484183328182906e-05,0.0011832438275209607,0.0003381267827487917,0.001434057467737634,-0.06216024055247055,0.0017844828711087615,-0.00028207750112525646,0.15937895824331935,0.001825602005155011,-0.0036231690407872046
2026-06-02,0.00102022449834645,0.00018432985408363417,-4.000937201968055e-05,-0.0007308080268264611,-4.3946927956464994e-05,0.0017694393842850819,-0.27885186844395865,-0.006190829620677475,0.0048440103085504544,0.03346986352976057,0.005979778494756339,-0.000989474731022111
2026-06-03,6.895252577248623e-05,-1.068692378071307e-05,0.0001732833508410023,0.0008576031714347576,0.00029211058816252687,0.0018300884013085837,-0.08617385920669329,-0.0029632843503832663,0.0006723910898580783,0.10165670045711239,0.004810691248741707,-0.01157747969856119
2026-06-04,-0.0002825614095513461,0.0003759479421967931,-0.0001288467926862465,-0.001743004886680996,-0.00048559091622955554,0.0010624991097241546,-0.13925417072120938,-0.001109313398257484,0.004877764208583752,-0.1986065809023287,0.001324380425007249,0.0023894972082614007
2026-06-05,0.0002687380309259135,0.00033761475800062795,0.000143553147316432,0.001997001355079842,0.0002110674633596394,7.295688321102244e-05,0.202177177867938,-0.004417849243774407,-0.0032956510762223706,0.13281788902364142,-0.0019870514117430486,-0.0030799718485188823
2026-06-08,-0.0036682630237136605,-0.002101394998235257,-0.0006661129148819357,-0.0035449428130691217,-0.0016574022202879674,0.0010817074280837554,-0.6533505564952566,-0.0065813101345147,0.004042482599777941,-0.039087284842918485,-0.002884835438466218,-0.012047626978696614
2026-06-09,0.0011939242980158605,-0.00018459858644146758,-0.0002386280947424321,-0.0018341055801769166,0.0002457466901423124,0.00032625645871403255,0.18967751423112772,-0.0098748581597546,-0.0028799565434554936,0.03140316726442197,0.0033528242730338316,-0.00711887166975459
2026-06-10,-0.00023656460847052048,-0.0007550576866574712,3.436025658578725e-05,0.000306009735652729,0.00029899050804742613,0.0014928151603815542,-0.45102263884592475,-0.005694789669092479,0.00023532521235158249,0.00478057085229136,-0.002164019758686955,-0.011824587016565517
2026-06-11,-0.002713627031681459,-0.0013922061102395165,-0.00040219555893462823,-0.0030780140629710386,-0.0011279983015739941,0.0004153709238877076,-0.37821259101256066,0.005545245504655159,0.008540018344361107,0.1974670303529323,0.004456031926397292,-0.015344395608282907
2026-06-12,0.003184035758922875,0.0010965723858246408,0.0005793512971983459,0.002342778268351161,0.0018492952228363168,0.0019256847530231712,0.17141633752799865,-0.0031369088640289724,-0.0017137284488094565,0.12958398653723224,0.001849268805668729,-0.007033892423854118
2026-06-15,-4.7983282197478836e-05,0.0006636097762728181,0.00010422073911882965,-0.00018005567815445518,3.000642493555606e-05,0.0007081507298364284,-0.17910623593290825,0.0033276506933608693,0.0033222949787813883,0.10930122643966053,-0.0006880100370811912,0.0010953973393335334
2026-06-16,0.0014092986263389293,0.0009536307242067266,0.00036920251783175616,0.001653435520199786,0.0011715175915604271,0.0009574660370215363,0.2086471632840802,0.0027635049627916164,-0.0004554837906737435,0.34577986594606575,-0.0009760879004145789,0.019499288292004046
2026-06-17,-0.0012877716949344943,-0.0010447689276978777,0.00013468560505672453,-0.0009173699399168088,-0.0004011640439313876,-4.919444950937787e-06,0.11477006096809408,0.0014542083662753545,0.002655147989404784,0.16489870594393052,-0.004983803826971687,0.020814270878275677
2026-06-18,-0.0016794662638602198,-0.0014679427210984182,-0.0005746167402630682,-0.0026601020989467914,-0.0010039326654873344,0.0017085242895023298,-0.22920990913324735,-0.0036397705410908723,0.006854378642385854,0.17432811023207595,0.003534146108282314,0.014486185166845194
2026-06-23,0.0026113192333569487,0.00010337998902097604,0.0003229859958394234,0.0008977072920776649,0.0005800561899201996,0.0032881107956335446,-0.23342692563264086,0.00011502310407792305,0.0034609788320180976,0.049245361922706336,0.0017936971084214677,0.014119358765910596
2026-06-24,-0.001220820047653695,-0.0016869588941986942,0.000335932985870679,-0.0022295616562547026,-0.0005724203034887608,0.0022990938551477593,-0.5137266422201204,-0.006047744453468506,0.006894367561004033,0.0017877069240216509,-0.011922854543479166,0.0010237284947037801
2026-06-25,0.0003620523412262315,-0.000305414257107566,9.521701602933702e-05,0.0003620521055497282,6.0090704408129844e-05,0.0019215786809847993,-0.029147700618978114,0.0009055962127134077,0.006760679825693294,0.20252049295865188,0.0005851145352339892,0.01485901715216835
2026-06-26,-0.0007130541407643237,-0.00019760492840383316,-0.00011037789504241462,0.0004334739819108668,-8.543702177938694e-07,-0.00014641203062009203,0.007443194141584127,0.003841703611376567,0.0029942541328283195,0.033021018995262476,-0.0003989815539778021,0.011905821380272694
2026-06-29,-5.761961684366976e-05,-0.0002830311681032039,1.0574279822440532e-05,-0.0004803755919400349,0.0002165371591558617,0.001359902954634451,-0.10837278698559306,0.0017205523973616655,0.003986104244416313,0.22141529658472364,0.0028599162410931967,0.015750890481347646
2026-06-30,0.002095380322070588,0.0012915798120801284,-2.6072006169509162e-05,0.001509882106542315,0.0007084234022725907,0.0009297046540860672,0.01957243427771571,0.0018022677308380227,0.0025326124194085635,-0.052894483542442874,0.0006932596767987033,0.0017064763321202703
2026-07-01,0.0013127321812132127,0.00024411641677458246,0.00017964357320803995,0.0005837114590831494,0.0006112589525465365,0.0016629269467093955,-0.05403419702385578,-0.002191665087759714,-0.002465245661161596,0.3740550301373779,-0.00012979852118652708,-0.006832270747640211
2026-07-02,-8.573480526772127e-05,4.176820133958923e-07,3.708445163725617e-06,-0.0008286291993446992,-0.00021777035560450168,0.0012009642133054125,-0.1602458894484578,-0.0009632113624846923,0.004962082254967465,-0.08596064176275485,-0.0014985644494294038,-0.014506379847088838
2026-07-07,-8.776809672358997e-07,-0.00018849039645405947,0.00011275158744059791,-5.6776010024541256e-05,0.00013023299771032916,0.0001882953874372085,0.14116754690657257,-0.003266606773696468,-0.002054120840731122,0.05303127205929313,0.0022256749400341074,-0.01735916747422726
2026-07-08,-0.0003974733469491286,-0.00028928803654638784,-0.00025888257069314166,-0.002532271254881822,-0.00024623722863157505,0.00041618013569716665,-0.1440907177087128,-0.0005601474627371116,0.003300372150250785,0.06357762993544297,0.002416877300956671,-0.015692380001565677
2026-07-09,-9.99374874333262e-05,-0.00017920148476164186,-0.00016530319901998262,-0.0015773331645048483,-0.00031248028840854576,0.0007367108624446952,-0.10928488305882195,0.0006172334660943738,0.002735687902127306,-0.0015814766143466136,-0.0014535515713368667,-0.008714859918867526
2026-07-10,0.0009695297578815068,0.000977254159009794,0.00039468559646909865,0.0012407133123320292,0.000948981101248324,0.0009275809660538048,-0.07315084286084966,-0.0032839517396866177,-0.002002619631945012,-0.0858971308756077,-0.0011650853874639521,0.004827457163375271
2026-07-13,0.00023979714411579903,0.001284097119354076,0.00014795064363155028,-0.0008944558534345572,3.178274265104037e-05,0.00013931494140133208,0.028491048531446253,0.0003178340597931417,-0.0010135342754607748,0.058144586797003524,-0.001474271756846586,0.003707379775448028
2026-07-14,-0.0008038373043306683,-0.0006749070937630983,-0.0003053816021295761,-0.002609034889474912,-0.0007153778931187422,-0.00032344013154773823,0.01986227374325141,0.002528156341487343,-0.0004413030666923282,0.2836363440230185,0.0072654891228916526,0.002067673435165824
2026-07-15,0.00040394836849993245,0.00021317804746567203,0.0003673131891847509,0.0012903942143709592,0.0007087106440163853,0.0005884500433390312,-0.010811649465261058,-0.0028964401339299935,-0.0019401143907055312,-0.1468341028929459,-0.0034738191607107142,0.017671833185069867
2026-07-16,0.00010481579875626178,0.0011136432643228476,0.00040033298311518024,0.000500765785441487,0.00040883854312911234,0.00046275026115348816,-0.0010749879868061987,0.0061530245346635955,0.003159107975259241,-0.15733108000133317,-6.286061490398719e-05,-0.0006696278720369695
2026-07-17,-0.0011732131818085027,-0.0002499201294752665,-0.0001322402046943984,-0.0016083004826043653,-0.0006223058509806719,-0.0001690966525998551,0.12133113370521287,0.003414293724375429,-0.0018066146619548252,0.20620891987201215,0.005044702272791681,0.004696295782981186
2026-07-20,-0.0010992988719758792,-0.0008767957943047133,-0.00016066010321331528,-0.0003359309424737357,-0.000583574888455748,0.0002754862645505804,-0.1144821995868139,-0.00023304766027301346,0.00013146999039345166,0.07412591937130783,0.005371349731823382,-0.00020524981340256073
2026-07-21,-0.00045629326535005424,-0.0006908773890747901,-0.00019988087125524074,-0.002097590598215848,-0.00030927476804998733,0.0009850435504187972,-0.1597654113615953,-0.002077256842602716,0.00016469719860543125,0.025067120129541175,-0.001154982728706664,0.0128964210624492
2026-07-22,0.0014403971712346798,0.0013860224032309608,1.0516265618194464e-05,0.0003899072997931073,0.0003373105008483581,0.001212594225830756,-0.14985328853480526,-0.0006899567999814429,0.0020426833624275836,-0.04881441025376233,-0.008494131162811768,0.014942800380018557
2026-07-23,0.000152014225848823,0.00016016231783206984,-0.00018814327559414895,-0.001131513660640468,-0.0003233033392513342,0.00011299619976404805,-0.004412736666900029,0.0035592614037849514,-0.00036943471026128845,0.1375736785164599,0.00447842060437517,0.012586606932864983
2026-07-24,-0.0012504625383828853,0.00028269840013440115,-0.00027183514608512485,-0.00247996442441645,-0.0006645979188317489,-0.0002695313296087546,-0.04305216678868027,-0.001988576697305749,0.0014777355941576512,-0.051658560337833795,-0.0024144362274277744,-0.0009763672511833761
2026-07-27,-0.00022663905860832197,-0.0006299225371004951,9.034371086151527e-05,-0.0007499635380082513,0.00016600438389741272,-0.0002309364088083621,0.22111103115165195,-0.0009531178405562187,-0.0022074763626774322,0.020044239783302255,0.005214183256458608,-0.009877988761052801
2026-07-28,-0.0004323979332670689,0.0007949209485415999,0.0001758116164085434,0.0006384696978597742,0.0001610906057018689,0.0006479005932718789,-0.06083290891737045,0.002931538154967248,0.0027028166171732095,-0.15885712135137456,-0.0062395390890246415,-0.008520287597109913
2026-07-29,0.00032311904336267865,-0.0007522400183068053,0.00018822583537941878,-0.0006108366700570624,0.0002522029304687748,-0.0005052862159329589,0.25491202871391133,0.0033463657351511505,-0.0029676891634259238,0.46451814755784104,0.00951889776700433,-0.00881677751608891
2026-07-30,-0.0013510021422355508,-0.0019182337788282327,-6.534718633939156e-06,-0.0018071476225306094,-0.0006104418733628828,0.001435600309792904,-0.4314193175957185,0.0005232006711794698,0.0050508599736919044,0.17403275893311232,0.007684597198421644,-0.0007675448822605995
2026-07-31,0.0012699077442888235,0.0003912895747490187,-2.9826716352730656e-07,0.0010596084909487583,0.0007162587595880431,0.0006344746766108958,0.08736245635864387,-0.0004760767790793277,0.0014193914626134045,-0.21276561088565518,-0.006015490408322047,0.011979727283031406
2026-08-03,0.0011190589355836791,0.0020144953691350214,0.0002126284108217979,0.0008891399201463376,0.0005434754910297557,0.0020958929881777066,-0.2810894817525528,0.005101222240809879,0.0042470058224502935,-0.05162756005981475,-0.008060403190685848,0.011897596823354678
2026-08-04,0.0019068303590632823,0.00046724636510519444,0.00039689454751722954,0.00021243063747720183,0.0008234491707591668,4.750931462674409e-05,0.20603745060476672,0.00100416183433818,-0.0049159774351803034,0.22276044801435485,0.0027739020091298375,0.004329879881597562
2026-08-05,0.0018573838163381566,0.001084880562188634,0.0007415298932657261,0.002508437581672298,0.001739899564366488,0.0004053492787211517,-0.04245225312020636,-0.0008539598352164247,0.0006302095704026308,0.021160030089257528,-0.00874699005843669,0.007521403893888392
2026-08-06,-0.0004271599921664273,-0.001424799523329556,0.00019808487448493952,-0.00016208273756339659,-0.000524309372508748,0.0005020120782255317,0.27307178133212345,0.0022641369002734694,-0.0017112378975721752,0.37950849945148213,-0.00010219399286288001,-0.002893340842706286
2026-08-07,0.00035567178578969325,-6.89954416272416e-05,-0.00024883559213764446,-0.0013935391440669698,-0.00046889181915656396,0.00128515144255844,-0.10879653915277368,0.0007626339600843618,0.00526083341848171,-0.0937674910030559,-0.0016821540499451497,0.005588239550296892
2026-08-10,0.00048789169013195295,-3.0314246692436113e-05,0.00039302242025879524,0.00015346703366539178,0.0007724945493397659,0.0014025611341953563,-0.15965460225023673,0.0013221367292224045,0.0007954367897690731,-0.07643706152306015,0.0025877765774454525,0.003807548959921612
2026-08-11,-2.4990265089586705e-05,0.0002724176379728981,-0.00012216699154631185,-0.0001848134193904143,-0.00024581149789271915,0.0009822192420152343,-0.10687605306896245,0.0007272570212325938,0.0029488107532599575,-0.01255705488075623,0.00039402032065892923,-0.0014576415785933967
2026-08-12,-0.00026590031891078787,-0.00033879759659817494,7.942058675969297e-05,-0.0008112035130074793,-0.00018401166084809823,0.0005147663647507947,0.11777448865893235,-0.0003679429731062644,-0.00011116357213396505,0.0415672676062433,0.0007827408892429114,0.00287417126294084
2026-08-13,0.0007540993196770729,0.0006493256276736356,0.0002207173004273212,0.0008501045771247795,0.0005310851621654992,0.0007005377376174086,-0.09597000809681851,-0.005001533162512474,0.0012497406793284783,-0.23732607195520922,-0.0027530750986117193,-0.003273817553558596
2026-08-14,0.000590268210102874,0.00018263179030154615,0.000295286383842041,0.0007628507246698825,0.0002897753915255744,0.000466102402971796,0.012523815005923478,0.0010583883043218745,-0.00018407915326733976,0.10737380750053177,-0.005861494359611393,0.0011819319464305197
2026-08-17,-0.0004721728099284274,-7.842624503575438e-05,-1.624563851501875e-05,0.00028586231725255643,-0.0001520901502460385,-7.715679751401803e-06,0.022298316631191126,-0.00142440337319631,0.001554717143844901,0.10592647023465741,0.004046325379140307,0.0018518471623892494
2026-08-18,-0.000805935876888145,-0.0002680064912450457,-0.00012427795800634103,-0.0006808481239339367,-0.0003969002579292583,0.0009588004162792809,-0.1071159470622615,-0.0036080679699216295,0.0009757509349686354,0.10150546367097046,0.006236293552577529,0.005493647941393219
2026-08-19,-0.0009691900736644779,-0.0005523469189294267,-8.568172963051514e-05,-0.001159066918852276,-0.00041884498929154027,0.0008201947755558095,-0.1745327285580826,0.0023560667149066174,0.003182480205092577,-0.03510809902872403,-0.0041829028401740645,0.006547964228164486
2026-08-20,0.000316875722252736,-0.00017738199540258355,-1.5938561292937336e-05,-0.0009950309565496243,0.0002168928127848496,0.0005733241534133644,0.01592723835368126,-0.0037911661699324252,0.0001600122243800464,-0.02827155252220631,0.007680407281284947,0.006425114152812572
2026-08-21,-0.0012898914204956642,-0.0004021636646442371,-2.0892718193520865e-05,-0.000195511973696072,-0.0005644440147141177,0.0009620076086002957,-0.23914630853967417,0.003666475602576982,0.004475177441609479,0.010829212408288491,0.0056883610357007066,0.004729163074254752
