source,target,weighted_selection_frequency,weighted_sign_stability,weighted_mean_strength,latest_strength,strength_retention,n_contributions,weighted_mean_loss_improvement,contribution_hit_rate,contribution_t_stat,survival_score,date,horizon
eurusd,krwusd,1.0,1.0,0.20871326272634977,0.21448964717917993,1.0276761734131086,100,4.93500737353966e-06,0.632431973897164,2.8978074278853283,0.8954758875339502,2024-01-03,1
sp500,krwusd,1.0,1.0,0.21685514662039934,0.21405868237627587,0.9871044598769951,100,3.0239710895496636e-06,0.5851405143082793,2.847020394201205,0.8788476450283043,2024-01-03,1
us2y,krwusd,1.0,1.0,0.15911149066385957,0.17422335000854144,1.0949765430619172,100,3.621818301451326e-06,0.6567831835991838,2.726670493998542,0.8771643712524342,2024-01-03,1
wti,sp500,1.0,1.0,0.07095597189999532,0.07918137851031638,1.1159226826166777,100,1.7248580793551464e-06,0.6080194202294279,2.4453872240553105,0.8404469447358868,2024-01-03,1
pw_cape_of_good_hope_capacity_z,henry_hub,1.0,1.0,0.07232958966683205,0.07107200842907202,0.9826131844027768,100,0.00021488169737516016,0.5475257771800895,2.191951547586929,0.7851559356536949,2024-01-03,1
sp500,brlusd,1.0,1.0,0.06455696701170428,0.07726445543821273,1.1968414721869531,100,8.967734459256921e-07,0.581018229597149,1.8964670170797668,0.7389822777940266,2024-01-03,1
brent,vix,1.0,1.0,0.09326364357006693,0.09621515364546045,1.0316469522571903,100,0.014359657860235726,0.6291890177619696,1.769007404560311,0.7086683773958162,2024-01-03,1
brlusd,audusd,1.0,1.0,0.06446055268623918,0.0650955160398617,1.009850417459391,100,5.408221955049773e-07,0.628875693280833,1.6633843985954173,0.6813835906446686,2024-01-03,1
sp500,cnyusd,1.0,1.0,0.1113771454942062,0.11431568487266754,1.0263836837029927,100,1.1080837478234416e-07,0.47981252631635407,1.614563599366071,0.6680880369805353,2024-01-03,1
brlusd,us2y,1.0,1.0,0.05451195935427779,0.05915668689277333,1.0852056611707728,100,5.406208926206989e-05,0.48818849902152217,1.5625254122193897,0.6534308691596846,2024-01-03,1
wti,brent,1.0,1.0,0.4220519215278205,0.4115265745984249,0.9750614879532025,100,4.1833606950305124e-05,0.5351270753727337,1.2817766449916828,0.5514012671284524,2024-01-03,1
us10y,krwusd,0.5919574830715066,1.0,0.0535930786591464,0.058020640288104545,1.082614429693759,40,1.5430476426614094e-06,0.5870114368386512,1.9824895218105603,0.4486401917700823,2024-01-03,1
pw_suez_canal_n_total_z,henry_hub,1.0,1.0,0.08709049868380599,0.09005197294490877,1.0340045619884992,100,3.094480878345061e-05,0.5277809503923847,0.8690406117089564,0.40909206009045945,2024-01-03,1
us2y,eurusd,1.0,0.8794026840127814,0.08010483543421827,0.09071573383094934,1.1324626452225184,100,3.738410899576457e-07,0.601674357509749,0.9292654447833103,0.38153102905400965,2024-01-03,1
eurusd,wti,1.0,1.0,0.10080142190915357,0.0999925539222659,0.9919756291968117,100,0.051242968032684286,0.4533369559394212,0.801311392999905,0.3774565095692108,2024-01-03,1
vix,brlusd,1.0,1.0,0.12451892488673136,0.12620636272221486,1.0135516576056087,100,4.93642449335767e-07,0.4523398352173671,0.7284437401721102,0.34892733842731727,2024-01-03,1
brent,wti,1.0,1.0,0.12030990327686361,0.1158162395277142,0.9626492613928185,100,0.017353026542147137,0.4788190125161783,0.4754508233812687,0.2246305068186209,2024-01-03,1
sp500,audusd,1.0,1.0,0.22023064387399718,0.20208312350521007,0.9175976601186797,100,4.950121361817874e-07,0.47154837698157187,0.3883494457656774,0.17596825182558282,2024-01-03,1
us2y,cnyusd,1.0,1.0,0.09390274174608795,0.10177296566532842,1.0838125040110274,100,3.822788815776472e-08,0.47216094560221283,0.3342202020657123,0.16557172262174477,2024-01-03,1
henry_hub,brlusd,1.0,0.5799114645855681,0.059128733861555274,0.05942023312029729,1.0049299086874501,100,1.6028371017051203e-07,0.5407897183716148,0.39194449999407616,0.11221369223645054,2024-01-03,1
us10y,sp500,0.5799114645855681,1.0,0.05167738041639635,0.047516760102703726,0.9194885599817956,80,5.261575153079663e-07,0.518711406475869,0.4195661158346987,0.11024835396290453,2024-01-03,1
us10y,cnyusd,0.7758223823950651,1.0,0.05523285386323677,0.044923781907709875,0.8133525386710343,100,3.637829599062987e-08,0.47796823527004156,0.329988226602264,0.1031795151562038,2024-01-03,1
audusd,us2y,0.29246626364429346,1.0,0.0456019289989979,0.04052549145932479,0.8886793245131217,40,5.58936822148575e-05,0.552466845489316,0.6254922979652151,0.07873500835966496,2024-01-03,1
pw_suez_canal_capacity_z,brlusd,0.6552250664078465,1.0,0.05154302533865451,0.04673528817991743,0.9067238073987959,80,8.179476256627017e-08,0.5582242768890886,0.13058864720331073,0.03873685696885108,2024-01-03,1
brent,us10y,0.19591091780949704,1.0,0.0453404325725579,0.04807363554275414,1.0602818018073012,20,9.526109637754123e-06,0.3975981573018203,0.23458885524139259,0.022874452949602032,2024-01-03,1
audusd,wti,1.0,1.0,0.07677275918712334,0.07382956822222031,0.9616636031312956,100,-0.004156121265163051,0.48436392268048506,-0.08713667759416034,0.0,2024-01-03,1
brlusd,wti,1.0,1.0,0.0737405612341927,0.06429468789390466,0.8719039673391028,100,-0.03701065870056401,0.4847728541651132,-1.5623512229254695,0.0,2024-01-03,1
brlusd,brent,1.0,1.0,0.05893448418470611,0.05438843099988329,0.9228625948336958,100,-4.339975943341201e-06,0.5294849395771584,-0.8581093106130794,0.0,2024-01-03,1
cnyusd,us2y,1.0,1.0,0.133090702821429,0.10947422204662303,0.8225534896566533,100,-0.00010797515286598748,0.3939051288182535,-1.7474009160155675,0.0,2024-01-03,1
cnyusd,us10y,1.0,1.0,0.09998300092428215,0.08586025656851407,0.8587485450005312,100,-1.645581507739426e-05,0.5006978775199221,-0.46198081125018997,0.0,2024-01-03,1
krwusd,us2y,1.0,1.0,0.07805084840806976,0.06610236817000134,0.8469141529942286,100,-5.240347679474734e-06,0.5281952140891935,-0.041882521792983705,0.0,2024-01-03,1
eurusd,sp500,1.0,1.0,0.08974551186075419,0.07943749798979484,0.8851417340295202,100,-2.8301146347575674e-06,0.42082242456949676,-1.4266035983246281,0.0,2024-01-03,1
sp500,eurusd,1.0,1.0,0.1797722304918328,0.16727286979627698,0.9304711263727482,100,-9.716963292402068e-08,0.47827553262596045,-0.15675321505203832,0.0,2024-01-03,1
sp500,vix,1.0,1.0,0.0577909230631449,0.05714718753600828,0.9888609578629979,100,-0.00018781215535000528,0.5001298963832586,-0.018214968828895936,0.0,2024-01-03,1
sp500,wti,1.0,1.0,0.055815563504653956,0.05344518499502533,0.9575319434080249,100,-0.006295226879482391,0.5275871743648755,-0.29642831537051995,0.0,2024-01-03,1
vix,audusd,1.0,1.0,0.06304921170051932,0.06314316693829741,1.0014901889372445,100,-3.12462883303429e-08,0.5267053669969184,-0.11700284094730623,0.0,2024-01-03,1
us2y,wti,1.0,1.0,0.0705254947797198,0.070197447525608,0.9953485295617361,100,-0.009692444715982773,0.4169416510953286,-0.22362099109175934,0.0,2024-01-03,1
us10y,eurusd,1.0,0.5919574830715066,0.08356558108522734,0.0791212141514803,0.9468158196708487,100,-9.625882085052461e-08,0.48086507200303463,-0.23808180669955006,0.0,2024-01-03,1
us10y,us2y,1.0,1.0,0.08196528294944926,0.0636147996588187,0.7761188318968175,100,-0.00014088890368877793,0.49886883560000783,-1.3455747769271347,0.0,2024-01-03,1
brent,brlusd,1.0,1.0,0.06803164900035748,0.06357815634639784,0.9345379287523041,100,-2.981336980728646e-07,0.5564759379129557,-0.5357553155946676,0.0,2024-01-03,1
henry_hub,cnyusd,1.0,1.0,0.06858904953860331,0.060445433980247786,0.8812694502528113,100,-3.8043371486117384e-08,0.504264074419796,-0.6523592359602354,0.0,2024-01-03,1
pw_cape_of_good_hope_capacity_z,brent,1.0,1.0,0.0799414216521451,0.0772331475794603,0.9661217674553061,100,-4.717976598873332e-07,0.4937827628588733,-0.0454738255880167,0.0,2024-01-03,1
pw_cape_of_good_hope_n_total_z,henry_hub,1.0,0.5919574830715066,0.13195962632306785,0.11060292268739047,0.8381572892348815,100,-0.00031808627563305753,0.5026304642800447,-1.9446572333191323,0.0,2024-01-03,1
pw_panama_canal_n_total_z,henry_hub,1.0,1.0,0.4436232488350657,0.4338844258410067,0.9780470860811901,100,-0.00035241252583077397,0.47142118784874004,-1.4748466040525694,0.0,2024-01-03,1
audusd,eurusd,0.8794026840127814,0.5223024183897916,0.06083708466751728,0.06268119410497973,1.0303122585104258,80,-8.673745273709341e-08,0.5103476862809145,-0.3361533433960162,0.0,2024-01-03,1
eurusd,us2y,0.7758223823950651,1.0,0.08076240090441897,0.048715019158669756,0.6031893382704561,100,-3.3764028031443835e-05,0.38882242511401516,-0.7119302135661233,0.0,2024-01-03,1
audusd,sp500,0.40804251692849336,1.0,0.04801057264710153,0.04127484490757946,0.859703241012504,60,-1.6194545141643412e-06,0.4527991300545024,-1.2702065892735912,0.0,2024-01-03,1
us2y,us10y,0.40804251692849336,1.0,0.04074943106543151,0.026808671278842504,0.6578906889717239,60,-1.6465517229522656e-05,0.49955110331497965,-0.3615080398696996,0.0,2024-01-03,1
pw_cape_of_good_hope_n_total_z,brlusd,0.3165082337967157,1.0,0.04934353298360139,0.04720474691904718,0.956655189946269,40,-1.71712192105884e-06,0.3329583948482481,-1.3696789788072141,0.0,2024-01-03,1
krwusd,vix,0.29246626364429346,1.0,0.04963647199458555,0.04556822077840314,0.9180390738361465,40,-0.05096883898372771,0.2993842190935325,-2.0392539999192287,0.0,2024-01-03,1
pw_strait_of_hormuz_capacity_z,brent,0.22417761760493488,1.0,0.04769841110407658,0.05251008792092531,1.1008770880512098,0,,,,0.0,2024-01-03,1
cnyusd,wti,0.19591091780949704,1.0,0.04085888892335692,0.04062025536465316,0.9941595680892991,20,-0.02635085571725612,0.44326190323666975,-1.253648312962163,0.0,2024-01-03,1
audusd,vix,0.12059731598721868,1.0,0.044785051812583354,0.0399305295785956,0.8916039607522847,20,-0.11408765609220188,0.35232384763291386,-1.8520756717413662,0.0,2024-01-03,1
brlusd,cnyusd,0.12059731598721868,1.0,0.0404919094703481,0.03664276298741995,0.904940356400163,20,-2.7076723537118575e-09,0.5031297473171651,-0.026983473890779458,0.0,2024-01-03,1
eurusd,audusd,0.12059731598721868,1.0,0.037268594838005396,0.024050912274386417,0.6453399270599818,20,-1.071238815296082e-06,0.24540498886382678,-1.3774437254876333,0.0,2024-01-03,1
pw_bab_el_mandeb_strait_capacity_z,cnyusd,0.12059731598721868,1.0,0.049767678409888806,0.04527636625664135,0.9097544370814968,20,-8.052518251198797e-07,0.29832181352035564,-2.255604270227381,0.0,2024-01-03,1
pw_bab_el_mandeb_strait_n_total_z,cnyusd,0.12059731598721868,1.0,0.04117507213044584,0.044788544787964374,1.087758745050179,20,-6.296462030138997e-07,0.25071531608863584,-2.7206532902336558,0.0,2024-01-03,1
audusd,brlusd,0.0,,0.0026029943747219947,0.0002963704733603714,0.11385751588188676,0,,,,0.0,2024-01-03,1
audusd,cnyusd,0.0,,0.0004092884355912626,0.0,0.0,0,,,,0.0,2024-01-03,1
audusd,krwusd,0.0,,0.005501698149964607,0.011106070788186111,2.0186623266959054,0,,,,0.0,2024-01-03,1
audusd,us10y,0.0,,0.0,0.0,0.0,0,,,,0.0,2024-01-03,1
audusd,brent,0.0,,0.010920308313882536,0.007783213408337718,0.7127283575357704,0,,,,0.0,2024-01-03,1
audusd,henry_hub,0.0,,7.083429570414415e-05,0.0,0.0,0,,,,0.0,2024-01-03,1
brlusd,krwusd,0.0,,0.012348004331926059,0.016386433796434095,1.327051186244451,0,,,,0.0,2024-01-03,1
brlusd,eurusd,0.0,,0.025678067890577215,0.012331348612343843,0.4802288343847294,0,,,,0.0,2024-01-03,1
brlusd,sp500,0.0,,0.002510230551186179,0.0014195776418014206,0.5655168371409616,0,,,,0.0,2024-01-03,1
brlusd,vix,0.0,,0.001206716061478509,0.0020740203149240462,1.7187310098308355,0,,,,0.0,2024-01-03,1
brlusd,us10y,0.0,,0.01591670795191289,0.02467450672234458,1.5502267678021424,0,,,,0.0,2024-01-03,1
brlusd,henry_hub,0.0,,0.012257167535009082,0.013334951209293702,1.0879308919622939,0,,,,0.0,2024-01-03,1
cnyusd,audusd,0.0,,0.019413621762916597,0.011750754375788723,0.6052839866404894,0,,,,0.0,2024-01-03,1
cnyusd,brlusd,0.0,,0.021793791734936237,0.01793864664605604,0.8231081063925072,0,,,,0.0,2024-01-03,1
cnyusd,krwusd,0.0,,0.02097915534404016,0.013337157793010293,0.6357337830952839,0,,,,0.0,2024-01-03,1
cnyusd,eurusd,0.0,,0.015260880170982512,0.012333396251671283,0.808170702704446,0,,,,0.0,2024-01-03,1
cnyusd,sp500,0.0,,0.017094205120256747,0.01790187779266969,1.047248331626479,0,,,,0.0,2024-01-03,1
cnyusd,vix,0.0,,0.001442591748006878,0.0018463589522584435,1.279890138571374,0,,,,0.0,2024-01-03,1
cnyusd,brent,0.0,,0.0,0.0,0.0,0,,,,0.0,2024-01-03,1
cnyusd,henry_hub,0.0,,0.02230789527644021,0.020749824925693,0.9301561025170889,0,,,,0.0,2024-01-03,1
krwusd,audusd,0.0,,0.027700246434256462,0.03013489167213258,1.0878925479473436,0,,,,0.0,2024-01-03,1
krwusd,brlusd,0.0,,4.6136823768603203e-05,0.0,0.0,0,,,,0.0,2024-01-03,1
krwusd,cnyusd,0.0,,0.036497749739836494,0.03998573848049414,1.0955672271721064,0,,,,0.0,2024-01-03,1
krwusd,eurusd,0.0,,0.005977530554936774,0.013720677035784657,2.2953754748192643,0,,,,0.0,2024-01-03,1
krwusd,sp500,0.0,,0.028118479847158453,0.0354648785645716,1.2612658563814767,0,,,,0.0,2024-01-03,1
krwusd,us10y,0.0,,0.023143411662809477,0.03420622083171774,1.4780111649090073,0,,,,0.0,2024-01-03,1
krwusd,wti,0.0,,0.003038509401414749,0.0,0.0,0,,,,0.0,2024-01-03,1
krwusd,brent,0.0,,0.0034276439018233055,0.002630213780890959,0.7673532771277202,0,,,,0.0,2024-01-03,1
krwusd,henry_hub,0.0,,0.003171566735753346,0.0,0.0,0,,,,0.0,2024-01-03,1
eurusd,brlusd,0.0,,0.020420832943640742,0.0213693920848125,1.0464505607479224,0,,,,0.0,2024-01-03,1
eurusd,cnyusd,0.0,,0.01493755974253102,0.011228721319577938,0.751710554676941,0,,,,0.0,2024-01-03,1
eurusd,vix,0.0,,0.04265676364829949,0.037410114174776125,0.8770031051398687,0,,,,0.0,2024-01-03,1
eurusd,us10y,0.0,,0.025345603577776026,0.016803298175709976,0.6629669766650866,0,,,,0.0,2024-01-03,1
eurusd,brent,0.0,,0.043699340332161045,0.03482575018952192,0.7969399520635669,0,,,,0.0,2024-01-03,1
eurusd,henry_hub,0.0,,0.036025702519975465,0.03189882039111558,0.8854461720331027,0,,,,0.0,2024-01-03,1
sp500,us2y,0.0,,0.015287957860027037,0.015246898720563442,0.997314282271084,0,,,,0.0,2024-01-03,1
sp500,us10y,0.0,,0.0040248314159283625,0.00349432637361127,0.8681919843356403,0,,,,0.0,2024-01-03,1
sp500,brent,0.0,,0.014159409768633209,0.016987759946462656,1.1997505704012452,0,,,,0.0,2024-01-03,1
sp500,henry_hub,0.0,,0.003162110529596023,0.0,0.0,0,,,,0.0,2024-01-03,1
vix,cnyusd,0.0,,0.0,0.0,0.0,0,,,,0.0,2024-01-03,1
vix,krwusd,0.0,,0.0,0.0,0.0,0,,,,0.0,2024-01-03,1
vix,eurusd,0.0,,0.0034833280984904666,0.0073066242811133135,2.0975986397261024,0,,,,0.0,2024-01-03,1
vix,sp500,0.0,,0.026652412931478655,0.024397307703567496,0.9153883277394484,0,,,,0.0,2024-01-03,1
vix,us2y,0.0,,0.010304940703514887,0.0030253286565900847,0.2935804041607132,0,,,,0.0,2024-01-03,1
vix,us10y,0.0,,0.006025148597987286,0.0,0.0,0,,,,0.0,2024-01-03,1
vix,wti,0.0,,0.0,0.0,0.0,0,,,,0.0,2024-01-03,1
vix,brent,0.0,,0.0,0.0,0.0,0,,,,0.0,2024-01-03,1
vix,henry_hub,0.0,,0.02927859845222546,0.028270896957646344,0.9655823178755156,0,,,,0.0,2024-01-03,1
us2y,audusd,0.0,,0.025918833178082263,0.04444355164705675,1.7147203865889897,0,,,,0.0,2024-01-03,1
us2y,brlusd,0.0,,0.0021603776552198465,0.0,0.0,0,,,,0.0,2024-01-03,1
us2y,sp500,0.0,,0.03960363763171661,0.034961473608447584,0.8827844031288847,0,,,,0.0,2024-01-03,1
us2y,vix,0.0,,0.007926685820463646,0.00900121550439041,1.1355585055677042,0,,,,0.0,2024-01-03,1
us2y,brent,0.0,,0.009748893674165003,0.005107777015747335,0.523934016152332,0,,,,0.0,2024-01-03,1
us2y,henry_hub,0.0,,0.0,0.0,0.0,0,,,,0.0,2024-01-03,1
us10y,audusd,0.0,,0.025502820936911343,0.01690628499144469,0.6629182329777287,0,,,,0.0,2024-01-03,1
us10y,brlusd,0.0,,0.004517030311064306,0.00501280228045138,1.1097561750189495,0,,,,0.0,2024-01-03,1
us10y,vix,0.0,,0.031216430790647984,0.03301812781514463,1.0577163044865592,0,,,,0.0,2024-01-03,1
us10y,wti,0.0,,0.012768172203136249,0.0,0.0,0,,,,0.0,2024-01-03,1
us10y,brent,0.0,,0.006807814459210722,0.011924593826827895,1.7516038220892403,0,,,,0.0,2024-01-03,1
us10y,henry_hub,0.0,,0.0,0.0,0.0,0,,,,0.0,2024-01-03,1
wti,audusd,0.0,,0.025065076422608912,0.03139131833113781,1.2523926838229218,0,,,,0.0,2024-01-03,1
wti,brlusd,0.0,,0.01691320500413799,0.016346558286415586,0.9664967865295923,0,,,,0.0,2024-01-03,1
wti,cnyusd,0.0,,0.011338253476080007,0.012663153695398667,1.1168522314405622,0,,,,0.0,2024-01-03,1
wti,krwusd,0.0,,0.0,0.0,0.0,0,,,,0.0,2024-01-03,1
wti,eurusd,0.0,,0.00011189286870121649,0.0,0.0,0,,,,0.0,2024-01-03,1
wti,vix,0.0,,0.03767015282050129,0.03648159070965525,0.9684481739028363,0,,,,0.0,2024-01-03,1
wti,us2y,0.0,,0.0030437990563592795,0.0022298328681816717,0.7325821537144435,0,,,,0.0,2024-01-03,1
wti,us10y,0.0,,0.017032704650295532,0.015003382795581425,0.8808573332081527,0,,,,0.0,2024-01-03,1
wti,henry_hub,0.0,,0.0,0.0,0.0,0,,,,0.0,2024-01-03,1
brent,audusd,0.0,,0.01556894366222514,0.012984718625600453,0.8340141057292936,0,,,,0.0,2024-01-03,1
brent,cnyusd,0.0,,0.013648646635762342,0.012025887473795504,0.8811047567372089,0,,,,0.0,2024-01-03,1
brent,krwusd,0.0,,0.014625962101274153,0.01397623699719901,0.9555772741939116,0,,,,0.0,2024-01-03,1
brent,eurusd,0.0,,0.0054858475571625005,0.009354027963476398,1.7051199228574037,0,,,,0.0,2024-01-03,1
brent,sp500,0.0,,0.03528498768658021,0.03056425129259145,0.8662111933856738,0,,,,0.0,2024-01-03,1
brent,us2y,0.0,,0.0,0.0,0.0,0,,,,0.0,2024-01-03,1
brent,henry_hub,0.0,,0.0009268232108217376,0.00011681269433759905,0.12603557288345302,0,,,,0.0,2024-01-03,1
henry_hub,audusd,0.0,,0.01565488870946709,0.011717293559288161,0.7484750467885651,0,,,,0.0,2024-01-03,1
henry_hub,krwusd,0.0,,0.033843573582923184,0.0421195249510562,1.2445353871350306,0,,,,0.0,2024-01-03,1
henry_hub,eurusd,0.0,,0.0,0.0,0.0,0,,,,0.0,2024-01-03,1
henry_hub,sp500,0.0,,0.0020067881669173352,5.217412131154153e-05,0.025998818495968693,0,,,,0.0,2024-01-03,1
henry_hub,vix,0.0,,0.02882340526721013,0.0331650176127081,1.1506280158520008,0,,,,0.0,2024-01-03,1
henry_hub,us2y,0.0,,0.02083265214299586,0.02221346958299864,1.0662814043322384,0,,,,0.0,2024-01-03,1
henry_hub,us10y,0.0,,0.00018506481150727387,0.0,0.0,0,,,,0.0,2024-01-03,1
henry_hub,wti,0.0,,0.012349182918524404,0.005572096063929346,0.4512117198920843,0,,,,0.0,2024-01-03,1
henry_hub,brent,0.0,,0.02036838184973215,0.01479520247177887,0.7263808475769238,0,,,,0.0,2024-01-03,1
pw_bab_el_mandeb_strait_capacity_z,audusd,0.0,,0.02426516656636505,0.023078907873305875,0.9511126911156877,0,,,,0.0,2024-01-03,1
pw_bab_el_mandeb_strait_capacity_z,brlusd,0.0,,0.007267001786780298,0.007534761425303461,1.0368459574360165,0,,,,0.0,2024-01-03,1
pw_bab_el_mandeb_strait_capacity_z,krwusd,0.0,,0.0002665435467703156,6.129580797712226e-05,0.22996545487534065,0,,,,0.0,2024-01-03,1
pw_bab_el_mandeb_strait_capacity_z,eurusd,0.0,,0.020870238611444013,0.01731471599739146,0.829636705154731,0,,,,0.0,2024-01-03,1
pw_bab_el_mandeb_strait_capacity_z,sp500,0.0,,0.012350531513365175,0.012212416426729013,0.9888170734606281,0,,,,0.0,2024-01-03,1
pw_bab_el_mandeb_strait_capacity_z,vix,0.0,,0.0007835483114665478,0.0,0.0,0,,,,0.0,2024-01-03,1
pw_bab_el_mandeb_strait_capacity_z,us2y,0.0,,0.0,0.0,0.0,0,,,,0.0,2024-01-03,1
pw_bab_el_mandeb_strait_capacity_z,us10y,0.0,,0.0,0.0,0.0,0,,,,0.0,2024-01-03,1
pw_bab_el_mandeb_strait_capacity_z,wti,0.0,,0.0,0.0,0.0,0,,,,0.0,2024-01-03,1
pw_bab_el_mandeb_strait_capacity_z,brent,0.0,,0.0,0.0,0.0,0,,,,0.0,2024-01-03,1
pw_bab_el_mandeb_strait_capacity_z,henry_hub,0.0,,0.038708378508080954,0.04224619739257472,1.091396721352076,0,,,,0.0,2024-01-03,1
pw_bab_el_mandeb_strait_n_total_z,audusd,0.0,,0.013422624973216729,0.011952800963155076,0.8904965300755617,0,,,,0.0,2024-01-03,1
pw_bab_el_mandeb_strait_n_total_z,brlusd,0.0,,0.03658107545461518,0.02934375675318897,0.8021567542374393,0,,,,0.0,2024-01-03,1
pw_bab_el_mandeb_strait_n_total_z,krwusd,0.0,,0.0006744440201724627,0.0,0.0,0,,,,0.0,2024-01-03,1
pw_bab_el_mandeb_strait_n_total_z,eurusd,0.0,,0.0034417729398541013,0.0,0.0,0,,,,0.0,2024-01-03,1
pw_bab_el_mandeb_strait_n_total_z,sp500,0.0,,0.009392582698577527,0.0044839367851669774,0.47739124893156953,0,,,,0.0,2024-01-03,1
pw_bab_el_mandeb_strait_n_total_z,vix,0.0,,0.0,0.0,0.0,0,,,,0.0,2024-01-03,1
pw_bab_el_mandeb_strait_n_total_z,us2y,0.0,,0.0,0.0,0.0,0,,,,0.0,2024-01-03,1
pw_bab_el_mandeb_strait_n_total_z,us10y,0.0,,0.022121032463834536,0.01621549520266713,0.7330351885327996,0,,,,0.0,2024-01-03,1
pw_bab_el_mandeb_strait_n_total_z,wti,0.0,,0.0,0.0,0.0,0,,,,0.0,2024-01-03,1
pw_bab_el_mandeb_strait_n_total_z,brent,0.0,,0.014401260344060139,0.001627258422979777,0.11299416746194348,0,,,,0.0,2024-01-03,1
pw_bab_el_mandeb_strait_n_total_z,henry_hub,0.0,,0.011709153185774281,0.02069511337499571,1.7674304065078486,0,,,,0.0,2024-01-03,1
pw_cape_of_good_hope_capacity_z,audusd,0.0,,0.0008860008005021331,0.0010048249087264735,1.1341128677953767,0,,,,0.0,2024-01-03,1
pw_cape_of_good_hope_capacity_z,brlusd,0.0,,0.003445895944632773,0.0,0.0,0,,,,0.0,2024-01-03,1
pw_cape_of_good_hope_capacity_z,cnyusd,0.0,,0.01709293202400828,0.011015091297534163,0.6444237467312605,0,,,,0.0,2024-01-03,1
pw_cape_of_good_hope_capacity_z,krwusd,0.0,,0.0001319988566836294,0.0,0.0,0,,,,0.0,2024-01-03,1
pw_cape_of_good_hope_capacity_z,eurusd,0.0,,0.011239441611658218,0.00707760657667513,0.6297115836549936,0,,,,0.0,2024-01-03,1
pw_cape_of_good_hope_capacity_z,sp500,0.0,,0.019238979337857377,0.023052958026223813,1.1982422571067222,0,,,,0.0,2024-01-03,1
pw_cape_of_good_hope_capacity_z,vix,0.0,,0.025014479763759926,0.02731242278255308,1.0918645136934781,0,,,,0.0,2024-01-03,1
pw_cape_of_good_hope_capacity_z,us2y,0.0,,0.0,0.0,0.0,0,,,,0.0,2024-01-03,1
pw_cape_of_good_hope_capacity_z,us10y,0.0,,0.013435844875010212,0.007131412465206332,0.5307751415372687,0,,,,0.0,2024-01-03,1
pw_cape_of_good_hope_capacity_z,wti,0.0,,0.015056760046899691,0.016519767268996986,1.0971661378371065,0,,,,0.0,2024-01-03,1
pw_cape_of_good_hope_n_total_z,audusd,0.0,,0.004031563236880924,0.002357487956597681,0.5847577770903539,0,,,,0.0,2024-01-03,1
pw_cape_of_good_hope_n_total_z,cnyusd,0.0,,0.0007991039772072522,0.0,0.0,0,,,,0.0,2024-01-03,1
pw_cape_of_good_hope_n_total_z,krwusd,0.0,,2.4324487009131878e-05,0.0,0.0,0,,,,0.0,2024-01-03,1
pw_cape_of_good_hope_n_total_z,eurusd,0.0,,0.023627144575809163,0.019190074359866433,0.8122045513495668,0,,,,0.0,2024-01-03,1
pw_cape_of_good_hope_n_total_z,sp500,0.0,,6.931922881889741e-05,0.0,0.0,0,,,,0.0,2024-01-03,1
pw_cape_of_good_hope_n_total_z,vix,0.0,,0.0,0.0,0.0,0,,,,0.0,2024-01-03,1
pw_cape_of_good_hope_n_total_z,us2y,0.0,,0.0013581810804538454,0.0,0.0,0,,,,0.0,2024-01-03,1
pw_cape_of_good_hope_n_total_z,us10y,0.0,,0.02439352561319301,0.03403244834810743,1.3951426656301498,0,,,,0.0,2024-01-03,1
pw_cape_of_good_hope_n_total_z,wti,0.0,,0.005920048128312784,0.0014918317703080273,0.2519965611720795,0,,,,0.0,2024-01-03,1
pw_cape_of_good_hope_n_total_z,brent,0.0,,0.0,0.0,0.0,0,,,,0.0,2024-01-03,1
pw_malacca_strait_capacity_z,audusd,0.0,,0.0,0.0,0.0,0,,,,0.0,2024-01-03,1
pw_malacca_strait_capacity_z,brlusd,0.0,,0.0,0.0,0.0,0,,,,0.0,2024-01-03,1
pw_malacca_strait_capacity_z,cnyusd,0.0,,0.0026338054276740445,0.005443319842299779,2.066712971696949,0,,,,0.0,2024-01-03,1
pw_malacca_strait_capacity_z,krwusd,0.0,,0.001814346221266245,0.004361840957719818,2.4040841304674796,0,,,,0.0,2024-01-03,1
pw_malacca_strait_capacity_z,eurusd,0.0,,0.001537112976858486,0.0,0.0,0,,,,0.0,2024-01-03,1
pw_malacca_strait_capacity_z,sp500,0.0,,0.0,0.0,0.0,0,,,,0.0,2024-01-03,1
pw_malacca_strait_capacity_z,vix,0.0,,0.0,0.0,0.0,0,,,,0.0,2024-01-03,1
pw_malacca_strait_capacity_z,us2y,0.0,,0.04329030254276674,0.03897237622066896,0.9002564992972254,0,,,,0.0,2024-01-03,1
pw_malacca_strait_capacity_z,us10y,0.0,,0.0,0.0,0.0,0,,,,0.0,2024-01-03,1
pw_malacca_strait_capacity_z,wti,0.0,,0.0,0.0,0.0,0,,,,0.0,2024-01-03,1
pw_malacca_strait_capacity_z,brent,0.0,,0.0,0.0,0.0,0,,,,0.0,2024-01-03,1
pw_malacca_strait_capacity_z,henry_hub,0.0,,0.0,0.0,0.0,0,,,,0.0,2024-01-03,1
pw_malacca_strait_n_total_z,audusd,0.0,,0.004938581617189598,0.001328778729692702,0.26906080180342773,0,,,,0.0,2024-01-03,1
pw_malacca_strait_n_total_z,brlusd,0.0,,0.0005243864770479862,0.0012201273300362027,2.3267711572290404,0,,,,0.0,2024-01-03,1
pw_malacca_strait_n_total_z,cnyusd,0.0,,0.03165347564490204,0.02287562438423363,0.7226891808299059,0,,,,0.0,2024-01-03,1
pw_malacca_strait_n_total_z,krwusd,0.0,,0.0,0.0,0.0,0,,,,0.0,2024-01-03,1
pw_malacca_strait_n_total_z,eurusd,0.0,,0.023224615991821185,0.027598428422106216,1.1883265769313611,0,,,,0.0,2024-01-03,1
pw_malacca_strait_n_total_z,sp500,0.0,,0.006514469854726983,0.003503764189370923,0.5378433345314426,0,,,,0.0,2024-01-03,1
pw_malacca_strait_n_total_z,vix,0.0,,0.0,0.0,0.0,0,,,,0.0,2024-01-03,1
pw_malacca_strait_n_total_z,us2y,0.0,,0.0,0.0,0.0,0,,,,0.0,2024-01-03,1
pw_malacca_strait_n_total_z,us10y,0.0,,0.005035510488232444,0.0,0.0,0,,,,0.0,2024-01-03,1
pw_malacca_strait_n_total_z,wti,0.0,,0.0,0.0,0.0,0,,,,0.0,2024-01-03,1
pw_malacca_strait_n_total_z,brent,0.0,,0.011733189266123264,0.015506202946359132,1.3215676142828046,0,,,,0.0,2024-01-03,1
pw_malacca_strait_n_total_z,henry_hub,0.0,,0.009676103524691088,0.0059235619761520905,0.612184642406583,0,,,,0.0,2024-01-03,1
pw_panama_canal_capacity_z,audusd,0.0,,0.00022200952831248535,0.0,0.0,0,,,,0.0,2024-01-03,1
pw_panama_canal_capacity_z,brlusd,0.0,,0.0,0.0,0.0,0,,,,0.0,2024-01-03,1
pw_panama_canal_capacity_z,cnyusd,0.0,,0.01053170984855873,0.0002922479742532286,0.027749337805126,0,,,,0.0,2024-01-03,1
pw_panama_canal_capacity_z,krwusd,0.0,,0.028858168291972137,0.013263858061011075,0.4596223130593101,0,,,,0.0,2024-01-03,1
pw_panama_canal_capacity_z,eurusd,0.0,,0.0,0.0,0.0,0,,,,0.0,2024-01-03,1
pw_panama_canal_capacity_z,sp500,0.0,,0.02268084607059189,0.017725125059735194,0.781501933594871,0,,,,0.0,2024-01-03,1
pw_panama_canal_capacity_z,vix,0.0,,0.030893314809287836,0.025499064979665177,0.8253910315897561,0,,,,0.0,2024-01-03,1
pw_panama_canal_capacity_z,us2y,0.0,,0.0,0.0,0.0,0,,,,0.0,2024-01-03,1
pw_panama_canal_capacity_z,us10y,0.0,,0.0,0.0,0.0,0,,,,0.0,2024-01-03,1
pw_panama_canal_capacity_z,wti,0.0,,0.0,0.0,0.0,0,,,,0.0,2024-01-03,1
pw_panama_canal_capacity_z,brent,0.0,,0.0,0.0,0.0,0,,,,0.0,2024-01-03,1
pw_panama_canal_capacity_z,henry_hub,0.0,,0.04342793128067806,0.03291448256127131,0.7579104412904791,0,,,,0.0,2024-01-03,1
pw_panama_canal_n_total_z,audusd,0.0,,0.012137964785077787,0.01492796078046435,1.2298569854821575,0,,,,0.0,2024-01-03,1
pw_panama_canal_n_total_z,brlusd,0.0,,0.0,0.0,0.0,0,,,,0.0,2024-01-03,1
pw_panama_canal_n_total_z,cnyusd,0.0,,0.00029504196388369547,0.0,0.0,0,,,,0.0,2024-01-03,1
pw_panama_canal_n_total_z,krwusd,0.0,,0.0,0.0,0.0,0,,,,0.0,2024-01-03,1
pw_panama_canal_n_total_z,eurusd,0.0,,0.00045658346525867776,0.0,0.0,0,,,,0.0,2024-01-03,1
pw_panama_canal_n_total_z,sp500,0.0,,0.008399795493963878,0.0,0.0,0,,,,0.0,2024-01-03,1
pw_panama_canal_n_total_z,vix,0.0,,0.0,0.0,0.0,0,,,,0.0,2024-01-03,1
pw_panama_canal_n_total_z,us2y,0.0,,0.008806163824363958,0.0,0.0,0,,,,0.0,2024-01-03,1
pw_panama_canal_n_total_z,us10y,0.0,,0.010097025165741017,0.0,0.0,0,,,,0.0,2024-01-03,1
pw_panama_canal_n_total_z,wti,0.0,,0.0,0.0,0.0,0,,,,0.0,2024-01-03,1
pw_panama_canal_n_total_z,brent,0.0,,0.0,0.0,0.0,0,,,,0.0,2024-01-03,1
pw_strait_of_hormuz_capacity_z,audusd,0.0,,0.019006245117563714,0.01123706843224694,0.5912303225986884,0,,,,0.0,2024-01-03,1
pw_strait_of_hormuz_capacity_z,brlusd,0.0,,0.0,0.0,0.0,0,,,,0.0,2024-01-03,1
pw_strait_of_hormuz_capacity_z,cnyusd,0.0,,0.0,0.0,0.0,0,,,,0.0,2024-01-03,1
pw_strait_of_hormuz_capacity_z,krwusd,0.0,,0.0,0.0,0.0,0,,,,0.0,2024-01-03,1
pw_strait_of_hormuz_capacity_z,eurusd,0.0,,0.0,0.0,0.0,0,,,,0.0,2024-01-03,1
pw_strait_of_hormuz_capacity_z,sp500,0.0,,0.0,0.0,0.0,0,,,,0.0,2024-01-03,1
pw_strait_of_hormuz_capacity_z,vix,0.0,,0.014190388363706698,0.013414189155409886,0.9453010595339295,0,,,,0.0,2024-01-03,1
pw_strait_of_hormuz_capacity_z,us2y,0.0,,0.0,0.0,0.0,0,,,,0.0,2024-01-03,1
pw_strait_of_hormuz_capacity_z,us10y,0.0,,0.007683665887254251,0.006032362301577709,0.7850890955037826,0,,,,0.0,2024-01-03,1
pw_strait_of_hormuz_capacity_z,wti,0.0,,0.017676277872960045,0.01874651432983672,1.0605464829512468,0,,,,0.0,2024-01-03,1
pw_strait_of_hormuz_capacity_z,henry_hub,0.0,,0.0,0.0,0.0,0,,,,0.0,2024-01-03,1
pw_strait_of_hormuz_n_total_z,audusd,0.0,,0.0025793540538472143,0.0,0.0,0,,,,0.0,2024-01-03,1
pw_strait_of_hormuz_n_total_z,brlusd,0.0,,0.02686685869025371,0.021341196150237954,0.7943316483806029,0,,,,0.0,2024-01-03,1
pw_strait_of_hormuz_n_total_z,cnyusd,0.0,,0.0,0.0,0.0,0,,,,0.0,2024-01-03,1
pw_strait_of_hormuz_n_total_z,krwusd,0.0,,0.0059172733696175065,0.0,0.0,0,,,,0.0,2024-01-03,1
pw_strait_of_hormuz_n_total_z,eurusd,0.0,,0.0,0.0,0.0,0,,,,0.0,2024-01-03,1
pw_strait_of_hormuz_n_total_z,sp500,0.0,,0.0,0.0,0.0,0,,,,0.0,2024-01-03,1
pw_strait_of_hormuz_n_total_z,vix,0.0,,0.0,0.0,0.0,0,,,,0.0,2024-01-03,1
pw_strait_of_hormuz_n_total_z,us2y,0.0,,0.0,0.0,0.0,0,,,,0.0,2024-01-03,1
pw_strait_of_hormuz_n_total_z,us10y,0.0,,0.003924580972725958,0.017506569186769544,4.460748627288413,0,,,,0.0,2024-01-03,1
pw_strait_of_hormuz_n_total_z,wti,0.0,,0.0,0.0,0.0,0,,,,0.0,2024-01-03,1
pw_strait_of_hormuz_n_total_z,brent,0.0,,0.0,0.0,0.0,0,,,,0.0,2024-01-03,1
pw_strait_of_hormuz_n_total_z,henry_hub,0.0,,0.0,0.0,0.0,0,,,,0.0,2024-01-03,1
pw_suez_canal_capacity_z,audusd,0.0,,0.0,0.0,0.0,0,,,,0.0,2024-01-03,1
pw_suez_canal_capacity_z,cnyusd,0.0,,0.0,0.0,0.0,0,,,,0.0,2024-01-03,1
pw_suez_canal_capacity_z,krwusd,0.0,,0.0,0.0,0.0,0,,,,0.0,2024-01-03,1
pw_suez_canal_capacity_z,eurusd,0.0,,0.005774273593852237,0.008375056614179113,1.4504086926355344,0,,,,0.0,2024-01-03,1
pw_suez_canal_capacity_z,sp500,0.0,,0.0,0.0,0.0,0,,,,0.0,2024-01-03,1
pw_suez_canal_capacity_z,vix,0.0,,0.0,0.0,0.0,0,,,,0.0,2024-01-03,1
pw_suez_canal_capacity_z,us2y,0.0,,0.0,0.0,0.0,0,,,,0.0,2024-01-03,1
pw_suez_canal_capacity_z,us10y,0.0,,0.01204710224055772,0.012085940917959542,1.0032239020327285,0,,,,0.0,2024-01-03,1
pw_suez_canal_capacity_z,wti,0.0,,0.0004692204217515123,0.0,0.0,0,,,,0.0,2024-01-03,1
pw_suez_canal_capacity_z,brent,0.0,,0.0,0.0,0.0,0,,,,0.0,2024-01-03,1
pw_suez_canal_capacity_z,henry_hub,0.0,,0.0,0.0,0.0,0,,,,0.0,2024-01-03,1
pw_suez_canal_n_total_z,audusd,0.0,,0.0005995288048012578,0.0,0.0,0,,,,0.0,2024-01-03,1
pw_suez_canal_n_total_z,brlusd,0.0,,0.0,0.0,0.0,0,,,,0.0,2024-01-03,1
pw_suez_canal_n_total_z,cnyusd,0.0,,0.0,0.0,0.0,0,,,,0.0,2024-01-03,1
pw_suez_canal_n_total_z,krwusd,0.0,,0.0,0.0,0.0,0,,,,0.0,2024-01-03,1
pw_suez_canal_n_total_z,eurusd,0.0,,0.0,0.0,0.0,0,,,,0.0,2024-01-03,1
pw_suez_canal_n_total_z,sp500,0.0,,0.0,0.0,0.0,0,,,,0.0,2024-01-03,1
pw_suez_canal_n_total_z,vix,0.0,,0.004186049865950717,0.004684765251415057,1.1191374688392712,0,,,,0.0,2024-01-03,1
pw_suez_canal_n_total_z,us2y,0.0,,0.0,0.0,0.0,0,,,,0.0,2024-01-03,1
pw_suez_canal_n_total_z,us10y,0.0,,0.0,0.0,0.0,0,,,,0.0,2024-01-03,1
pw_suez_canal_n_total_z,wti,0.0,,0.003967555525787033,0.004854679281237493,1.2235945406900093,0,,,,0.0,2024-01-03,1
pw_suez_canal_n_total_z,brent,0.0,,0.003892628542952347,0.0,0.0,0,,,,0.0,2024-01-03,1
sp500,krwusd,1.0,1.0,0.21672059263538804,0.2161858649759187,0.9975326402859697,120,2.314967988003519e-06,0.5749494562235565,2.6498786186799768,0.8658653321381123,2024-02-02,1
eurusd,krwusd,1.0,1.0,0.20954252649803662,0.21283808311554858,1.0157273880037083,120,3.6255515512143e-06,0.623581733468892,2.589544213160247,0.8603712479581109,2024-02-02,1
us2y,krwusd,1.0,1.0,0.16109407894728267,0.16897303394364796,1.0489090291080385,120,2.5534550931721982e-06,0.6324777676427094,2.2743000101803164,0.8134521858235427,2024-02-02,1
brlusd,us2y,1.0,1.0,0.05577644098634756,0.060801586124200765,1.0900944027440405,120,5.554420654820566e-05,0.4814084733335108,1.8988072795218536,0.7395129473164305,2024-02-02,1
brent,vix,1.0,1.0,0.09402673458194169,0.09705931567351926,1.032252328075211,120,0.012374990438150397,0.6341060865002659,1.8555968897884259,0.7295658074645389,2024-02-02,1
wti,sp500,1.0,1.0,0.07189671231876349,0.07563528551861048,1.0519992233201365,120,9.843686319109e-07,0.5403056237347076,1.5180092180669453,0.6404902814903396,2024-02-02,1
pw_cape_of_good_hope_capacity_z,henry_hub,1.0,1.0,0.08161817366601949,0.11853170529609591,1.4522709829446334,120,0.00018489470427220813,0.5373002925187216,1.5032554394145878,0.6361190231055495,2024-02-02,1
sp500,brlusd,1.0,1.0,0.06650256656411059,0.07423452556060511,1.1162655728338045,120,5.936147359738993e-07,0.5472839817199071,1.4590611329903587,0.6227780710458793,2024-02-02,1
sp500,cnyusd,1.0,1.0,0.11125436366872771,0.1107664194569086,0.9956141566431316,120,7.819317264357659e-08,0.4604164864416544,1.2838262490988468,0.5637175016157067,2024-02-02,1
us10y,krwusd,0.6739913281045584,1.0,0.05481331717214846,0.05966263682623988,1.0884697351715003,60,9.634872753364727e-07,0.533307495555053,1.872034780176718,0.49429653607417756,2024-02-02,1
brlusd,audusd,1.0,0.7989576045884759,0.06449534359495104,0.06463360528363109,1.00214374683463,120,3.6994633425889704e-07,0.570129587432132,1.3478003073702882,0.4694191877854914,2024-02-02,1
us2y,eurusd,1.0,0.9036478572990524,0.08551539482746846,0.10701736491425663,1.2514397569018942,120,3.514413741021598e-07,0.5914585340026774,1.0560694512502364,0.43725476866364044,2024-02-02,1
eurusd,wti,1.0,1.0,0.09963707313135112,0.09500986348975103,0.9535593580162671,120,0.033403292276507866,0.4944927441344625,0.6102880112921468,0.28226596347980776,2024-02-02,1
brent,wti,1.0,1.0,0.11906170861554126,0.11410128912477209,0.9583374071441666,120,0.014701864863695898,0.4703296885281272,0.4709730760713731,0.22159452741077773,2024-02-02,1
vix,brlusd,1.0,1.0,0.12541825837689174,0.12899227732724264,1.0284967994022902,120,1.7931025839147607e-07,0.4920905220392257,0.3024163929510171,0.15006623525359145,2024-02-02,1
wti,brent,1.0,1.0,0.4179347279796759,0.40157269106641946,0.9608502576649909,120,5.780079139525667e-06,0.464822486844317,0.20055180417554883,0.0960284782523492,2024-02-02,1
sp500,audusd,1.0,1.0,0.21570923408985085,0.19774081144392067,0.9167007257628773,120,2.2235833148727658e-07,0.4401893928274885,0.20678644666036103,0.09444434080573576,2024-02-02,1
us10y,sp500,0.46332467461868027,1.0,0.051131715839175,0.04896320375676986,0.9575896868154047,80,5.261575153079661e-07,0.5187114064758689,0.4195661158346986,0.09173371435097333,2024-02-02,1
henry_hub,cnyusd,0.7989576045884759,1.0,0.06412077145778283,0.04636349819818009,0.7230651962555669,120,2.5909905459050126e-08,0.502503773468099,0.30037447673629947,0.08611641788578665,2024-02-02,1
us10y,cnyusd,0.6198491922244858,1.0,0.05306033178507173,0.04442656559892319,0.8372839766415179,100,3.637829599062985e-08,0.4779682352700416,0.32998822660226373,0.08486159126182045,2024-02-02,1
sp500,vix,1.0,1.0,0.057252599512978695,0.05511326122438552,0.9626333422972663,120,0.0013860166086806383,0.4982124689179576,0.16561232117006341,0.0795302781662206,2024-02-02,1
audusd,us2y,0.23366814542418635,1.0,0.045785427421088834,0.04651466395579801,1.0159272627948273,40,5.5893682214857484e-05,0.5524668454893159,0.625492297965215,0.07078586385562152,2024-02-02,1
audusd,eurusd,0.9036478572990524,0.5938987416906063,0.0624191558416612,0.06870642571324795,1.1007266084715353,100,4.933819235514873e-08,0.5088761293752102,0.23684358286857538,0.06325862245829389,2024-02-02,1
us2y,wti,1.0,1.0,0.07038700969291882,0.06983665953918505,0.9921810834678898,120,0.0026675011429271186,0.42380092578827105,0.07200461353390773,0.03570538236627149,2024-02-02,1
pw_suez_canal_capacity_z,brlusd,0.5234970495235381,1.0,0.04904462077043915,0.03911577305138818,0.7975548069680372,80,8.179476256627021e-08,0.5582242768890885,0.13058864720331081,0.027222852672042778,2024-02-02,1
vix,audusd,1.0,1.0,0.06332630411062197,0.06442749019513952,1.0173890786772262,120,1.1060045950034786e-08,0.5216131171717882,0.050656776832409246,0.0253229735218497,2024-02-02,1
brent,us10y,0.15652451760580555,1.0,0.04571045432230619,0.04718094859402128,1.0321697583958929,20,9.526109637754118e-06,0.39759815730182035,0.23458885524139242,0.018275718134885825,2024-02-02,1
sp500,wti,1.0,1.0,0.05560474059814012,0.05476691450660402,0.9849324701001461,120,0.00038576718857519834,0.5464834453191173,0.021325804573010032,0.010501840679542391,2024-02-02,1
us2y,cnyusd,1.0,1.0,0.09524236828903344,0.10056614495615876,1.0558971470655703,120,1.4009178145980509e-09,0.46842839330951125,0.014694315818520768,0.007347025710467343,2024-02-02,1
audusd,wti,1.0,1.0,0.0753720593213408,0.0698055726744707,0.926146549570339,120,-0.004972896500856493,0.48948233611504793,-0.12741106029786625,0.0,2024-02-02,1
brlusd,wti,1.0,1.0,0.07233756579381402,0.06676195636079363,0.9229223520056962,120,-0.025039489134154387,0.47644365500611785,-1.2235988875937471,0.0,2024-02-02,1
brlusd,brent,1.0,1.0,0.05791410060979626,0.05385901951556911,0.9299811090644612,120,-3.181564106134333e-06,0.5459354236134667,-0.7740666064113161,0.0,2024-02-02,1
cnyusd,us2y,1.0,1.0,0.12664745619177878,0.10104150933434759,0.7978171245804038,120,-6.708323584272073e-05,0.4849389553144191,-1.316745765213093,0.0,2024-02-02,1
cnyusd,us10y,1.0,1.0,0.09542331189445143,0.07730276464627081,0.8101035597231847,120,-1.1457446083065976e-05,0.5260147330657315,-0.39013078003922896,0.0,2024-02-02,1
krwusd,us2y,1.0,1.0,0.07438570118562479,0.05982013037995132,0.804188566169108,120,-1.3029875834253582e-05,0.5206712094388918,-0.12924257248317347,0.0,2024-02-02,1
eurusd,sp500,1.0,1.0,0.08816672818443969,0.08189252307655855,0.9288370427588527,120,-1.7531964707772043e-06,0.4292822984709888,-1.048046340546211,0.0,2024-02-02,1
sp500,eurusd,1.0,1.0,0.17610706076360183,0.16154140051824162,0.9172908787290903,120,-2.2110969750980114e-07,0.4464828150580741,-0.43445430714355704,0.0,2024-02-02,1
us10y,eurusd,1.0,0.6739913281045584,0.08104806808523896,0.07104328202071826,0.8765573776046263,120,-1.004551938837114e-07,0.48373131141141895,-0.3039524366798384,0.0,2024-02-02,1
us10y,us2y,1.0,1.0,0.07770804339672452,0.0607894531250463,0.7822800635282582,120,-0.00010571960005130527,0.5090436773201534,-1.241077089199843,0.0,2024-02-02,1
brent,brlusd,1.0,1.0,0.06724481352921523,0.06411787017011798,0.9534991147274323,120,-1.7827731596099118e-07,0.5573458727008641,-0.3814097262670081,0.0,2024-02-02,1
pw_cape_of_good_hope_capacity_z,brent,1.0,1.0,0.07857884366901018,0.07316385625184328,0.9310884817804662,120,-5.2413554703713316e-06,0.48081761963432995,-0.48521299735762236,0.0,2024-02-02,1
pw_cape_of_good_hope_n_total_z,henry_hub,1.0,0.6739913281045584,0.12463288444362028,0.09551586099461505,0.7663776813078832,120,-0.0006501024585093182,0.491750322699742,-1.791981633574914,0.0,2024-02-02,1
pw_panama_canal_n_total_z,henry_hub,1.0,1.0,0.4103805509427897,0.2782715685378332,0.6780817655674586,120,-0.000540509923799159,0.4665749597206809,-1.8209522625099681,0.0,2024-02-02,1
pw_suez_canal_n_total_z,henry_hub,1.0,1.0,0.08070617722291554,0.05533440341931182,0.6856278580321642,120,-0.00011558940548295619,0.5226091308646196,-0.7105538513046028,0.0,2024-02-02,1
eurusd,us2y,0.8208915876360101,1.0,0.07676933909618423,0.0609006110562571,0.7932934134023842,100,-3.3764028031443835e-05,0.3888224251140151,-0.7119302135661231,0.0,2024-02-02,1
henry_hub,brlusd,0.7989576045884759,0.5799114645855681,0.050257967486041874,0.015004874526536021,0.2985571298859891,120,-2.306199469798467e-06,0.5154017189945581,-1.485472784103477,0.0,2024-02-02,1
audusd,sp500,0.3260086718954417,1.0,0.04636560118425431,0.03982836083312042,0.8590066733923009,60,-1.6194545141643414e-06,0.4527991300545023,-1.2702065892735912,0.0,2024-02-02,1
us2y,us10y,0.3260086718954417,1.0,0.03876401983277822,0.030873846223790243,0.7964562591025152,60,-1.6465517229522666e-05,0.49955110331497976,-0.3615080398696998,0.0,2024-02-02,1
pw_cape_of_good_hope_n_total_z,brlusd,0.25287666030675326,1.0,0.04827084422916516,0.04400789841637247,0.911686943104736,40,-1.71712192105884e-06,0.3329583948482481,-1.3696789788072143,0.0,2024-02-02,1
krwusd,vix,0.23366814542418635,1.0,0.04933903480676636,0.048156997044984245,0.9760425438719769,40,-0.0509688389837277,0.2993842190935325,-2.0392539999192283,0.0,2024-02-02,1
henry_hub,krwusd,0.2010423954115242,1.0,0.03962152470244921,0.06258353714980583,1.5795337917911378,0,,,,0.0,2024-02-02,1
pw_bab_el_mandeb_strait_n_total_z,henry_hub,0.2010423954115242,1.0,0.024004536400881248,0.07286731432854669,3.0355643246612174,0,,,,0.0,2024-02-02,1
pw_strait_of_hormuz_capacity_z,brent,0.1791084123639901,1.0,0.0481231177440613,0.049810933883738875,1.0350728759648136,20,-9.718087109894035e-06,0.29926023138637275,-0.7430847581318798,0.0,2024-02-02,1
cnyusd,wti,0.15652451760580555,1.0,0.038988333558053256,0.03155460580697873,0.8093345605549985,20,-0.026350855717256122,0.44326190323666975,-1.253648312962163,0.0,2024-02-02,1
audusd,vix,0.09635214270094775,1.0,0.04362899355979581,0.03903473108833433,0.8946970329451949,20,-0.1140876560922019,0.35232384763291374,-1.8520756717413664,0.0,2024-02-02,1
brlusd,cnyusd,0.09635214270094775,1.0,0.03879561874404427,0.032054431778980486,0.8262384469354891,20,-2.7076723537118675e-09,0.5031297473171651,-0.026983473890779562,0.0,2024-02-02,1
eurusd,audusd,0.09635214270094775,1.0,0.035213509785925266,0.02704644717669509,0.7680701907057692,20,-1.071238815296082e-06,0.2454049888638268,-1.3774437254876333,0.0,2024-02-02,1
pw_bab_el_mandeb_strait_capacity_z,cnyusd,0.09635214270094775,1.0,0.047221690066317996,0.037103740844086824,0.7857351312919645,20,-8.052518251198798e-07,0.29832181352035564,-2.2556042702273813,0.0,2024-02-02,1
pw_bab_el_mandeb_strait_n_total_z,cnyusd,0.09635214270094775,1.0,0.03761971987036584,0.02349048250544475,0.624419389256242,20,-6.296462030138998e-07,0.25071531608863584,-2.720653290233656,0.0,2024-02-02,1
audusd,brlusd,0.0,,0.0022957914952749445,0.0010749441402516928,0.46822376616695205,0,,,,0.0,2024-02-02,1
audusd,cnyusd,0.0,,0.0003270041080857599,0.0,0.0,0,,,,0.0,2024-02-02,1
audusd,krwusd,0.0,,0.006933292785118433,0.01262255756980697,1.8205718352036038,0,,,,0.0,2024-02-02,1
audusd,us10y,0.0,,0.0,0.0,0.0,0,,,,0.0,2024-02-02,1
audusd,brent,0.0,,0.010255022979437305,0.007611129008276734,0.7421854659456217,0,,,,0.0,2024-02-02,1
audusd,henry_hub,0.0,,0.0027909870474350385,0.013601078730779002,4.8732145651763625,0,,,,0.0,2024-02-02,1
brlusd,krwusd,0.0,,0.012713345470426895,0.014165238640903507,1.11420229032979,0,,,,0.0,2024-02-02,1
brlusd,eurusd,0.0,,0.022456116227232974,0.009651837916799497,0.42980886895724757,0,,,,0.0,2024-02-02,1
brlusd,sp500,0.0,,0.0022703662997986436,0.0013171277188380784,0.5801388608326741,0,,,,0.0,2024-02-02,1
brlusd,vix,0.0,,0.0012220785833981335,0.0012831304012906576,1.0499573584889788,0,,,,0.0,2024-02-02,1
brlusd,us10y,0.0,,0.01791120573184693,0.025837489963345818,1.4425321416193437,0,,,,0.0,2024-02-02,1
brlusd,henry_hub,0.0,,0.01336836026084117,0.017784323752768668,1.3303294798886303,0,,,,0.0,2024-02-02,1
cnyusd,audusd,0.0,,0.01852280182229634,0.014982616358326208,0.8088741920399577,0,,,,0.0,2024-02-02,1
cnyusd,brlusd,0.0,,0.02148637090040668,0.020264657375487927,0.9431400709509473,0,,,,0.0,2024-02-02,1
cnyusd,krwusd,0.0,,0.018273783176303914,0.007522430645757101,0.4116515213725218,0,,,,0.0,2024-02-02,1
cnyusd,eurusd,0.0,,0.015310595123764915,0.015508166086376809,1.0129041987600618,0,,,,0.0,2024-02-02,1
cnyusd,sp500,0.0,,0.017166742014311336,0.017455009088524764,1.0167921830463293,0,,,,0.0,2024-02-02,1
cnyusd,vix,0.0,,0.001496605285557234,0.0017112591474366973,1.1434271707783932,0,,,,0.0,2024-02-02,1
cnyusd,brent,0.0,,0.0,0.0,0.0,0,,,,0.0,2024-02-02,1
cnyusd,henry_hub,0.0,,0.01951272733202209,0.008404519629246252,0.4307198827840791,0,,,,0.0,2024-02-02,1
krwusd,audusd,0.0,,0.028599402084840953,0.03217271428733771,1.1249435981876972,0,,,,0.0,2024-02-02,1
krwusd,brlusd,0.0,,3.686136620148388e-05,0.0,0.0,0,,,,0.0,2024-02-02,1
krwusd,cnyusd,0.0,,0.03667836271052891,0.03739613224429632,1.0195692904678475,0,,,,0.0,2024-02-02,1
krwusd,eurusd,0.0,,0.01042932870310448,0.02812110947049381,2.69634894737981,0,,,,0.0,2024-02-02,1
krwusd,sp500,0.0,,0.030252166822628362,0.03873159938894638,1.2802917429364258,0,,,,0.0,2024-02-02,1
krwusd,us10y,0.0,,0.02470468863169433,0.030909320767150333,1.2511520071334115,0,,,,0.0,2024-02-02,1
krwusd,wti,0.0,,0.002427640192873892,0.0,0.0,0,,,,0.0,2024-02-02,1
krwusd,brent,0.0,,0.003020304980599129,0.0014015094619188575,0.46402911988074935,0,,,,0.0,2024-02-02,1
krwusd,henry_hub,0.0,,0.004715774927175227,0.010852574456841029,2.3013342715534932,0,,,,0.0,2024-02-02,1
eurusd,brlusd,0.0,,0.020890080590558524,0.022754906042786086,1.089268466157588,0,,,,0.0,2024-02-02,1
eurusd,cnyusd,0.0,,0.013100608571695729,0.005800426417616431,0.4427600737685143,0,,,,0.0,2024-02-02,1
eurusd,vix,0.0,,0.041676382350702174,0.037780273316046345,0.9065151816232393,0,,,,0.0,2024-02-02,1
eurusd,us10y,0.0,,0.024528287018632907,0.02128020952260619,0.8675782987389492,0,,,,0.0,2024-02-02,1
eurusd,brent,0.0,,0.041169508619329546,0.031115767063184266,0.7557964160051953,0,,,,0.0,2024-02-02,1
eurusd,henry_hub,0.0,,0.033340363486286696,0.022668624137617298,0.6799153268662228,0,,,,0.0,2024-02-02,1
sp500,us2y,0.0,,0.012959650735601905,0.0037067830552839874,0.28602491925966456,0,,,,0.0,2024-02-02,1
sp500,us10y,0.0,,0.0032999384147563565,0.0004191590915005454,0.1270202769925005,0,,,,0.0,2024-02-02,1
sp500,brent,0.0,,0.01554260573582977,0.02103953057283088,1.3536681641694908,0,,,,0.0,2024-02-02,1
sp500,henry_hub,0.0,,0.0025263922541700363,0.0,0.0,0,,,,0.0,2024-02-02,1
vix,cnyusd,0.0,,0.0,0.0,0.0,0,,,,0.0,2024-02-02,1
vix,krwusd,0.0,,0.0,0.0,0.0,0,,,,0.0,2024-02-02,1
vix,eurusd,0.0,,0.004397394989580286,0.00802996558367745,1.8260733008302894,0,,,,0.0,2024-02-02,1
vix,sp500,0.0,,0.026100091276171494,0.023905123464614767,0.9159019105208778,0,,,,0.0,2024-02-02,1
vix,us2y,0.0,,0.01008520589981816,0.009211963258399687,0.9134135038894725,0,,,,0.0,2024-02-02,1
vix,us10y,0.0,,0.004813838291137536,0.0,0.0,0,,,,0.0,2024-02-02,1
vix,wti,0.0,,0.0,0.0,0.0,0,,,,0.0,2024-02-02,1
vix,brent,0.0,,0.0,0.0,0.0,0,,,,0.0,2024-02-02,1
vix,henry_hub,0.0,,0.028046452331691826,0.023149810949412958,0.8254095981777424,0,,,,0.0,2024-02-02,1
us2y,audusd,0.0,,0.02920356151647573,0.042257319056495046,1.446991971600957,0,,,,0.0,2024-02-02,1
us2y,brlusd,0.0,,0.0017260501564209168,0.0,0.0,0,,,,0.0,2024-02-02,1
us2y,sp500,0.0,,0.03809745853055178,0.03211178946664795,0.8428853447244075,0,,,,0.0,2024-02-02,1
us2y,vix,0.0,,0.0077147660952849514,0.006872581163856738,0.8908346771598256,0,,,,0.0,2024-02-02,1
us2y,brent,0.0,,0.009395380983379685,0.007990494954025932,0.8504705629458795,0,,,,0.0,2024-02-02,1
us2y,henry_hub,0.0,,0.003076862614252966,0.015304546127968556,4.9740752339975245,0,,,,0.0,2024-02-02,1
us10y,audusd,0.0,,0.02312205556473351,0.013660714861202666,0.5908088414958409,0,,,,0.0,2024-02-02,1
us10y,brlusd,0.0,,0.004531186129694664,0.004587442417930523,1.0124153558528945,0,,,,0.0,2024-02-02,1
us10y,vix,0.0,,0.03174504504569092,0.03384579786499511,1.0661757706212278,0,,,,0.0,2024-02-02,1
us10y,wti,0.0,,0.0102012282783909,0.0,0.0,0,,,,0.0,2024-02-02,1
us10y,brent,0.0,,0.006718607853722898,0.006364094092144746,0.9472340447163158,0,,,,0.0,2024-02-02,1
us10y,henry_hub,0.0,,0.0,0.0,0.0,0,,,,0.0,2024-02-02,1
wti,audusd,0.0,,0.025848654952333246,0.028962654981202898,1.1204704861669625,0,,,,0.0,2024-02-02,1
wti,brlusd,0.0,,0.016979119602417336,0.01724106917499816,1.0154277476520943,0,,,,0.0,2024-02-02,1
wti,cnyusd,0.0,,0.011418861011220326,0.011739201420295041,1.0280536218769933,0,,,,0.0,2024-02-02,1
wti,krwusd,0.0,,0.0,0.0,0.0,0,,,,0.0,2024-02-02,1
wti,eurusd,0.0,,8.939765834805676e-05,0.0,0.0,0,,,,0.0,2024-02-02,1
wti,vix,0.0,,0.03732570071765164,0.035956822146418474,0.9633261119037528,0,,,,0.0,2024-02-02,1
wti,us2y,0.0,,0.0030007929585825766,0.002829883490497305,0.9430452315623933,0,,,,0.0,2024-02-02,1
wti,us10y,0.0,,0.017365251006547833,0.018686815245086214,1.0761039525452334,0,,,,0.0,2024-02-02,1
wti,henry_hub,0.0,,0.00015327195392211167,0.0007623862300703855,4.9740752339975245,0,,,,0.0,2024-02-02,1
brent,audusd,0.0,,0.014472986830755024,0.010117571929279224,0.6990659252020761,0,,,,0.0,2024-02-02,1
brent,cnyusd,0.0,,0.01355911924296086,0.0132033306484641,0.9737601987178138,0,,,,0.0,2024-02-02,1
brent,krwusd,0.0,,0.014898183884307055,0.01598001373041275,1.0726148807469906,0,,,,0.0,2024-02-02,1
brent,eurusd,0.0,,0.006891361424573606,0.012476979276092159,1.81052458395246,0,,,,0.0,2024-02-02,1
brent,sp500,0.0,,0.03382354926303034,0.028015683017988364,0.8282892726639406,0,,,,0.0,2024-02-02,1
brent,us2y,0.0,,0.0,0.0,0.0,0,,,,0.0,2024-02-02,1
brent,henry_hub,0.0,,0.0007404924523951356,0.0,0.0,0,,,,0.0,2024-02-02,1
henry_hub,audusd,0.0,,0.012723857216704574,0.0010757175512502582,0.084543352925872,0,,,,0.0,2024-02-02,1
henry_hub,eurusd,0.0,,0.0,0.0,0.0,0,,,,0.0,2024-02-02,1
henry_hub,sp500,0.0,,0.0016033386667567728,0.0,0.0,0,,,,0.0,2024-02-02,1
henry_hub,vix,0.0,,0.02853380087207429,0.02738289121770811,0.9596650421888743,0,,,,0.0,2024-02-02,1
henry_hub,us2y,0.0,,0.020851105324829436,0.020924439657742672,1.0035170477425919,0,,,,0.0,2024-02-02,1
henry_hub,us10y,0.0,,0.00014785893849546936,0.0,0.0,0,,,,0.0,2024-02-02,1
henry_hub,wti,0.0,,0.009866473603209181,0.0,0.0,0,,,,0.0,2024-02-02,1
henry_hub,brent,0.0,,0.017464008249907688,0.005921809056569048,0.33908647842057393,0,,,,0.0,2024-02-02,1
pw_bab_el_mandeb_strait_capacity_z,audusd,0.0,,0.021916825158969384,0.01258433973086736,0.5741862536927372,0,,,,0.0,2024-02-02,1
pw_bab_el_mandeb_strait_capacity_z,brlusd,0.0,,0.005806026340106161,0.0,0.0,0,,,,0.0,2024-02-02,1
pw_bab_el_mandeb_strait_capacity_z,krwusd,0.0,,0.00021295699364612777,0.0,0.0,0,,,,0.0,2024-02-02,1
pw_bab_el_mandeb_strait_capacity_z,eurusd,0.0,,0.018345340551606068,0.00831120570363566,0.4530417781155905,0,,,,0.0,2024-02-02,1
pw_bab_el_mandeb_strait_capacity_z,sp500,0.0,,0.010433215162324741,0.002813655735916453,0.2696825180100581,0,,,,0.0,2024-02-02,1
pw_bab_el_mandeb_strait_capacity_z,vix,0.0,,0.0006260218820086581,0.0,0.0,0,,,,0.0,2024-02-02,1
pw_bab_el_mandeb_strait_capacity_z,us2y,0.0,,0.001406101737664135,0.006994055829796058,4.9740752339975245,0,,,,0.0,2024-02-02,1
pw_bab_el_mandeb_strait_capacity_z,us10y,0.0,,0.0,0.0,0.0,0,,,,0.0,2024-02-02,1
pw_bab_el_mandeb_strait_capacity_z,wti,0.0,,0.0,0.0,0.0,0,,,,0.0,2024-02-02,1
pw_bab_el_mandeb_strait_capacity_z,brent,0.0,,0.0,0.0,0.0,0,,,,0.0,2024-02-02,1
pw_bab_el_mandeb_strait_capacity_z,henry_hub,0.0,,0.04031278938030474,0.04668883889276564,1.1581644339296449,0,,,,0.0,2024-02-02,1
pw_bab_el_mandeb_strait_n_total_z,audusd,0.0,,0.010724108295890693,0.0,0.0,0,,,,0.0,2024-02-02,1
pw_bab_el_mandeb_strait_n_total_z,brlusd,0.0,,0.03362826642235461,0.021893581176523635,0.6510469764201028,0,,,,0.0,2024-02-02,1
pw_bab_el_mandeb_strait_n_total_z,krwusd,0.0,,0.0005388521787860126,0.0,0.0,0,,,,0.0,2024-02-02,1
pw_bab_el_mandeb_strait_n_total_z,eurusd,0.0,,0.0027498306635632694,0.0,0.0,0,,,,0.0,2024-02-02,1
pw_bab_el_mandeb_strait_n_total_z,sp500,0.0,,0.00867762079122374,0.005836308381957406,0.6725701113673987,0,,,,0.0,2024-02-02,1
pw_bab_el_mandeb_strait_n_total_z,vix,0.0,,0.0,0.0,0.0,0,,,,0.0,2024-02-02,1
pw_bab_el_mandeb_strait_n_total_z,us2y,0.0,,0.0,0.0,0.0,0,,,,0.0,2024-02-02,1
pw_bab_el_mandeb_strait_n_total_z,us10y,0.0,,0.017673767108329155,0.0,0.0,0,,,,0.0,2024-02-02,1
pw_bab_el_mandeb_strait_n_total_z,wti,0.0,,0.0,0.0,0.0,0,,,,0.0,2024-02-02,1
pw_bab_el_mandeb_strait_n_total_z,brent,0.0,,0.011505996467545299,0.0,0.0,0,,,,0.0,2024-02-02,1
pw_cape_of_good_hope_capacity_z,audusd,0.0,,0.0007078770772326565,0.0,0.0,0,,,,0.0,2024-02-02,1
pw_cape_of_good_hope_capacity_z,brlusd,0.0,,0.002753124769584944,0.0,0.0,0,,,,0.0,2024-02-02,1
pw_cape_of_good_hope_capacity_z,cnyusd,0.0,,0.016055222789329648,0.011931288219702752,0.7431406201122494,0,,,,0.0,2024-02-02,1
pw_cape_of_good_hope_capacity_z,krwusd,0.0,,0.0001054614903443701,0.0,0.0,0,,,,0.0,2024-02-02,1
pw_cape_of_good_hope_capacity_z,eurusd,0.0,,0.009427365870308043,0.002226040544480594,0.23612540078577193,0,,,,0.0,2024-02-02,1
pw_cape_of_good_hope_capacity_z,sp500,0.0,,0.020000002172373688,0.023024364171531527,1.1512180835327828,0,,,,0.0,2024-02-02,1
pw_cape_of_good_hope_capacity_z,vix,0.0,,0.02486740405642765,0.024282914130395773,0.9764957401783642,0,,,,0.0,2024-02-02,1
pw_cape_of_good_hope_capacity_z,us2y,0.0,,0.0,0.0,0.0,0,,,,0.0,2024-02-02,1
pw_cape_of_good_hope_capacity_z,us10y,0.0,,0.011612809961078718,0.004367932058910754,0.3761305036033686,0,,,,0.0,2024-02-02,1
pw_cape_of_good_hope_capacity_z,wti,0.0,,0.015925598848675938,0.01937842961315099,1.2168101053708333,0,,,,0.0,2024-02-02,1
pw_cape_of_good_hope_n_total_z,audusd,0.0,,0.003221048106485345,0.0,0.0,0,,,,0.0,2024-02-02,1
pw_cape_of_good_hope_n_total_z,cnyusd,0.0,,0.0006384501994466304,0.0,0.0,0,,,,0.0,2024-02-02,1
pw_cape_of_good_hope_n_total_z,krwusd,0.0,,1.9434233873659504e-05,0.0,0.0,0,,,,0.0,2024-02-02,1
pw_cape_of_good_hope_n_total_z,eurusd,0.0,,0.021600494051853887,0.0135464323966351,0.6271353036701706,0,,,,0.0,2024-02-02,1
pw_cape_of_good_hope_n_total_z,sp500,0.0,,5.538312500906673e-05,0.0,0.0,0,,,,0.0,2024-02-02,1
pw_cape_of_good_hope_n_total_z,vix,0.0,,0.0,0.0,0.0,0,,,,0.0,2024-02-02,1
pw_cape_of_good_hope_n_total_z,us2y,0.0,,0.0010851291026367925,0.0,0.0,0,,,,0.0,2024-02-02,1
pw_cape_of_good_hope_n_total_z,us10y,0.0,,0.0266936913688753,0.03583472313262149,1.3424416517531397,0,,,,0.0,2024-02-02,1
pw_cape_of_good_hope_n_total_z,wti,0.0,,0.004729867471645272,0.0,0.0,0,,,,0.0,2024-02-02,1
pw_cape_of_good_hope_n_total_z,brent,0.0,,0.0,0.0,0.0,0,,,,0.0,2024-02-02,1
pw_malacca_strait_capacity_z,audusd,0.0,,0.0,0.0,0.0,0,,,,0.0,2024-02-02,1
pw_malacca_strait_capacity_z,brlusd,0.0,,0.0,0.0,0.0,0,,,,0.0,2024-02-02,1
pw_malacca_strait_capacity_z,cnyusd,0.0,,0.0025713286857865893,0.0023230414131507975,0.9034400876059768,0,,,,0.0,2024-02-02,1
pw_malacca_strait_capacity_z,krwusd,0.0,,0.0021307606114386785,0.0033882152031033744,1.590143531335352,0,,,,0.0,2024-02-02,1
pw_malacca_strait_capacity_z,eurusd,0.0,,0.0012280881019727174,0.0,0.0,0,,,,0.0,2024-02-02,1
pw_malacca_strait_capacity_z,sp500,0.0,,0.0,0.0,0.0,0,,,,0.0,2024-02-02,1
pw_malacca_strait_capacity_z,vix,0.0,,0.0,0.0,0.0,0,,,,0.0,2024-02-02,1
pw_malacca_strait_capacity_z,us2y,0.0,,0.04186842189304043,0.03621776121726274,0.8650376484164316,0,,,,0.0,2024-02-02,1
pw_malacca_strait_capacity_z,us10y,0.0,,0.0,0.0,0.0,0,,,,0.0,2024-02-02,1
pw_malacca_strait_capacity_z,wti,0.0,,0.0,0.0,0.0,0,,,,0.0,2024-02-02,1
pw_malacca_strait_capacity_z,brent,0.0,,0.0,0.0,0.0,0,,,,0.0,2024-02-02,1
pw_malacca_strait_capacity_z,henry_hub,0.0,,0.0,0.0,0.0,0,,,,0.0,2024-02-02,1
pw_malacca_strait_n_total_z,audusd,0.0,,0.0055460682325167605,0.007960265745473408,1.43529892019758,0,,,,0.0,2024-02-02,1
pw_malacca_strait_n_total_z,brlusd,0.0,,0.0005234790005869646,0.0005198726208577827,0.9931107461328188,0,,,,0.0,2024-02-02,1
pw_malacca_strait_n_total_z,cnyusd,0.0,,0.030443589587185623,0.025635411369255838,0.842062704065829,0,,,,0.0,2024-02-02,1
pw_malacca_strait_n_total_z,krwusd,0.0,,0.0,0.0,0.0,0,,,,0.0,2024-02-02,1
pw_malacca_strait_n_total_z,eurusd,0.0,,0.024318808350462875,0.028667211104170132,1.178808216712004,0,,,,0.0,2024-02-02,1
pw_malacca_strait_n_total_z,sp500,0.0,,0.006207959579286458,0.004989864684692505,0.8037849829663419,0,,,,0.0,2024-02-02,1
pw_malacca_strait_n_total_z,vix,0.0,,0.0,0.0,0.0,0,,,,0.0,2024-02-02,1
pw_malacca_strait_n_total_z,us2y,0.0,,0.0,0.0,0.0,0,,,,0.0,2024-02-02,1
pw_malacca_strait_n_total_z,us10y,0.0,,0.0040231593975583405,0.0,0.0,0,,,,0.0,2024-02-02,1
pw_malacca_strait_n_total_z,wti,0.0,,0.0,0.0,0.0,0,,,,0.0,2024-02-02,1
pw_malacca_strait_n_total_z,brent,0.0,,0.012216982236949392,0.014139611900691587,1.1573735335332926,0,,,,0.0,2024-02-02,1
pw_malacca_strait_n_total_z,henry_hub,0.0,,0.011398463522100825,0.01824325173183489,1.6005009531734253,0,,,,0.0,2024-02-02,1
pw_panama_canal_capacity_z,audusd,0.0,,0.0001773762009363607,0.0,0.0,0,,,,0.0,2024-02-02,1
pw_panama_canal_capacity_z,brlusd,0.0,,0.0,0.0,0.0,0,,,,0.0,2024-02-02,1
pw_panama_canal_capacity_z,cnyusd,0.0,,0.00875207189791855,0.0016796567927972943,0.19191533300780542,0,,,,0.0,2024-02-02,1
pw_panama_canal_capacity_z,krwusd,0.0,,0.024437708483019092,0.006870468633377361,0.2811420980060962,0,,,,0.0,2024-02-02,1
pw_panama_canal_capacity_z,eurusd,0.0,,0.0,0.0,0.0,0,,,,0.0,2024-02-02,1
pw_panama_canal_capacity_z,sp500,0.0,,0.021319248412314168,0.015908156879883638,0.746187509626041,0,,,,0.0,2024-02-02,1
pw_panama_canal_capacity_z,vix,0.0,,0.030079233384786644,0.02684401255721903,0.8924433749297642,0,,,,0.0,2024-02-02,1
pw_panama_canal_capacity_z,us2y,0.0,,0.0,0.0,0.0,0,,,,0.0,2024-02-02,1
pw_panama_canal_capacity_z,us10y,0.0,,0.0,0.0,0.0,0,,,,0.0,2024-02-02,1
pw_panama_canal_capacity_z,wti,0.0,,0.0,0.0,0.0,0,,,,0.0,2024-02-02,1
pw_panama_canal_capacity_z,brent,0.0,,0.0,0.0,0.0,0,,,,0.0,2024-02-02,1
pw_panama_canal_capacity_z,henry_hub,0.0,,0.034697075948243485,0.0,0.0,0,,,,0.0,2024-02-02,1
pw_panama_canal_n_total_z,audusd,0.0,,0.01068875349489811,0.0049294787977654415,0.46118369182321867,0,,,,0.0,2024-02-02,1
pw_panama_canal_n_total_z,brlusd,0.0,,0.0,0.0,0.0,0,,,,0.0,2024-02-02,1
pw_panama_canal_n_total_z,cnyusd,0.0,,0.00023572602071759695,0.0,0.0,0,,,,0.0,2024-02-02,1
pw_panama_canal_n_total_z,krwusd,0.0,,0.0,0.0,0.0,0,,,,0.0,2024-02-02,1
pw_panama_canal_n_total_z,eurusd,0.0,,0.00036479083169777877,0.0,0.0,0,,,,0.0,2024-02-02,1
pw_panama_canal_n_total_z,sp500,0.0,,0.006711080486890455,0.0,0.0,0,,,,0.0,2024-02-02,1
pw_panama_canal_n_total_z,vix,0.0,,0.0,0.0,0.0,0,,,,0.0,2024-02-02,1
pw_panama_canal_n_total_z,us2y,0.0,,0.007592044550833721,0.0027670432147781305,0.3644661456147893,0,,,,0.0,2024-02-02,1
pw_panama_canal_n_total_z,us10y,0.0,,0.008067095039890003,0.0,0.0,0,,,,0.0,2024-02-02,1
pw_panama_canal_n_total_z,wti,0.0,,0.0,0.0,0.0,0,,,,0.0,2024-02-02,1
pw_panama_canal_n_total_z,brent,0.0,,0.00016678546937524396,0.0008296034726100536,4.9740752339975245,0,,,,0.0,2024-02-02,1
pw_strait_of_hormuz_capacity_z,audusd,0.0,,0.017940846646249276,0.013706872967059731,0.7640036859645806,0,,,,0.0,2024-02-02,1
pw_strait_of_hormuz_capacity_z,brlusd,0.0,,0.0,0.0,0.0,0,,,,0.0,2024-02-02,1
pw_strait_of_hormuz_capacity_z,cnyusd,0.0,,0.0,0.0,0.0,0,,,,0.0,2024-02-02,1
pw_strait_of_hormuz_capacity_z,krwusd,0.0,,0.0,0.0,0.0,0,,,,0.0,2024-02-02,1
pw_strait_of_hormuz_capacity_z,eurusd,0.0,,0.0,0.0,0.0,0,,,,0.0,2024-02-02,1
pw_strait_of_hormuz_capacity_z,sp500,0.0,,0.0,0.0,0.0,0,,,,0.0,2024-02-02,1
pw_strait_of_hormuz_capacity_z,vix,0.0,,0.013913887456644264,0.012815052049709596,0.9210259957644013,0,,,,0.0,2024-02-02,1
pw_strait_of_hormuz_capacity_z,us2y,0.0,,0.0,0.0,0.0,0,,,,0.0,2024-02-02,1
pw_strait_of_hormuz_capacity_z,us10y,0.0,,0.006960666194924819,0.004087411023450591,0.5872154918778918,0,,,,0.0,2024-02-02,1
pw_strait_of_hormuz_capacity_z,wti,0.0,,0.018016291443844836,0.01936753095512115,1.0750009798347238,0,,,,0.0,2024-02-02,1
pw_strait_of_hormuz_capacity_z,henry_hub,0.0,,0.0,0.0,0.0,0,,,,0.0,2024-02-02,1
pw_strait_of_hormuz_n_total_z,audusd,0.0,,0.002060794536247345,0.0,0.0,0,,,,0.0,2024-02-02,1
pw_strait_of_hormuz_n_total_z,brlusd,0.0,,0.02555716512041667,0.020352344340401472,0.7963459266514165,0,,,,0.0,2024-02-02,1
pw_strait_of_hormuz_n_total_z,cnyusd,0.0,,0.0,0.0,0.0,0,,,,0.0,2024-02-02,1
pw_strait_of_hormuz_n_total_z,krwusd,0.0,,0.004727650557084784,0.0,0.0,0,,,,0.0,2024-02-02,1
pw_strait_of_hormuz_n_total_z,eurusd,0.0,,0.0,0.0,0.0,0,,,,0.0,2024-02-02,1
pw_strait_of_hormuz_n_total_z,sp500,0.0,,0.0,0.0,0.0,0,,,,0.0,2024-02-02,1
pw_strait_of_hormuz_n_total_z,vix,0.0,,0.0,0.0,0.0,0,,,,0.0,2024-02-02,1
pw_strait_of_hormuz_n_total_z,us2y,0.0,,0.0,0.0,0.0,0,,,,0.0,2024-02-02,1
pw_strait_of_hormuz_n_total_z,us10y,0.0,,0.0058447646658183,0.013475719125262475,2.3056050834812862,0,,,,0.0,2024-02-02,1
pw_strait_of_hormuz_n_total_z,wti,0.0,,0.0,0.0,0.0,0,,,,0.0,2024-02-02,1
pw_strait_of_hormuz_n_total_z,brent,0.0,,0.0,0.0,0.0,0,,,,0.0,2024-02-02,1
pw_strait_of_hormuz_n_total_z,henry_hub,0.0,,0.0,0.0,0.0,0,,,,0.0,2024-02-02,1
pw_suez_canal_capacity_z,audusd,0.0,,0.0,0.0,0.0,0,,,,0.0,2024-02-02,1
pw_suez_canal_capacity_z,cnyusd,0.0,,0.0,0.0,0.0,0,,,,0.0,2024-02-02,1
pw_suez_canal_capacity_z,krwusd,0.0,,0.0,0.0,0.0,0,,,,0.0,2024-02-02,1
pw_suez_canal_capacity_z,eurusd,0.0,,0.00465268828537746,0.00019542388815236596,0.04200235996177675,0,,,,0.0,2024-02-02,1
pw_suez_canal_capacity_z,sp500,0.0,,0.0,0.0,0.0,0,,,,0.0,2024-02-02,1
pw_suez_canal_capacity_z,vix,0.0,,0.0,0.0,0.0,0,,,,0.0,2024-02-02,1
pw_suez_canal_capacity_z,us2y,0.0,,0.0,0.0,0.0,0,,,,0.0,2024-02-02,1
pw_suez_canal_capacity_z,us10y,0.0,,0.011986448283589992,0.011745404895360577,0.979890340947834,0,,,,0.0,2024-02-02,1
pw_suez_canal_capacity_z,wti,0.0,,0.0003748872241865827,0.0,0.0,0,,,,0.0,2024-02-02,1
pw_suez_canal_capacity_z,brent,0.0,,0.0,0.0,0.0,0,,,,0.0,2024-02-02,1
pw_suez_canal_capacity_z,henry_hub,0.0,,0.0,0.0,0.0,0,,,,0.0,2024-02-02,1
pw_suez_canal_n_total_z,audusd,0.0,,0.0004789980977658049,0.0,0.0,0,,,,0.0,2024-02-02,1
pw_suez_canal_n_total_z,brlusd,0.0,,0.0,0.0,0.0,0,,,,0.0,2024-02-02,1
pw_suez_canal_n_total_z,cnyusd,0.0,,0.0,0.0,0.0,0,,,,0.0,2024-02-02,1
pw_suez_canal_n_total_z,krwusd,0.0,,0.0,0.0,0.0,0,,,,0.0,2024-02-02,1
pw_suez_canal_n_total_z,eurusd,0.0,,0.0,0.0,0.0,0,,,,0.0,2024-02-02,1
pw_suez_canal_n_total_z,sp500,0.0,,0.0,0.0,0.0,0,,,,0.0,2024-02-02,1
pw_suez_canal_n_total_z,vix,0.0,,0.004057794942596737,0.0035481002280574317,0.8743912095732634,0,,,,0.0,2024-02-02,1
pw_suez_canal_n_total_z,us2y,0.0,,0.0,0.0,0.0,0,,,,0.0,2024-02-02,1
pw_suez_canal_n_total_z,us10y,0.0,,0.0,0.0,0.0,0,,,,0.0,2024-02-02,1
pw_suez_canal_n_total_z,wti,0.0,,0.00419139061836111,0.005080928116259287,1.2122296819583944,0,,,,0.0,2024-02-02,1
pw_suez_canal_n_total_z,brent,0.0,,0.0031100451762299365,0.0,0.0,0,,,,0.0,2024-02-02,1
brlusd,us2y,1.0,1.0,0.05708163105555477,0.0628210729941116,1.1005479667000215,140,6.37829297273281e-05,0.484580398393229,2.41467339390269,0.8358788025977893,2024-03-05,1
eurusd,krwusd,1.0,1.0,0.21018819034727318,0.2130274321266483,1.0135080937453438,140,2.783340739626292e-06,0.5957309251414995,2.3707894300746597,0.8291451172104586,2024-03-05,1
sp500,krwusd,1.0,1.0,0.21639716502334502,0.21497492465817386,0.9934276386429659,140,1.7447923817101541e-06,0.5472243973176273,2.349102801153137,0.8202988058179307,2024-03-05,1
pw_cape_of_good_hope_capacity_z,henry_hub,1.0,1.0,0.08331131513129547,0.09075673427980104,1.0893686426240166,140,0.000253025467406477,0.5625606994736883,2.2489449551168867,0.8091189804742861,2024-03-05,1
us2y,krwusd,1.0,1.0,0.1627212025860177,0.16987631498818712,1.043971604735327,140,2.068100898859368e-06,0.6113687619794416,2.1902514430899656,0.7987413301864307,2024-03-05,1
brent,vix,1.0,1.0,0.09480073068212708,0.09820430061610752,1.0359023597127415,140,0.011165197244396853,0.6371358441479009,1.8819095300705182,0.7356606101853631,2024-03-05,1
wti,sp500,1.0,1.0,0.07242239168115147,0.07473401375819967,1.0319186100236153,140,8.232800546765749e-07,0.5315019501147447,1.470665710630484,0.6263170993621094,2024-03-05,1
us10y,krwusd,0.7343923938471556,1.0,0.0554051844564654,0.05800786125719514,1.0469753295880604,80,6.491637507311179e-07,0.5064834029433171,1.592523211337959,0.48612488375151613,2024-03-05,1
brlusd,audusd,1.0,0.650931202346716,0.0651189500677971,0.06786119675496519,1.0421113467633165,140,4.493540893991076e-07,0.5505500252315307,1.865410566363085,0.47638575544780465,2024-03-05,1
us2y,eurusd,1.0,0.9214994441046529,0.08955106367198179,0.1072975111533025,1.1981712640100455,140,3.0214283185481033e-07,0.568405089515062,1.039630626313705,0.4400689318809416,2024-03-05,1
wti,brent,1.0,1.0,0.4147938252082696,0.40098202145918954,0.9667020025137909,140,1.3073884767659934e-05,0.4829522012304343,0.5343738065480064,0.2523143536749391,2024-03-05,1
eurusd,wti,1.0,1.0,0.09871607800222322,0.09466609463655608,0.9589734170195059,140,0.02059884706079177,0.4947658462074858,0.44932403738259313,0.2118919003631673,2024-03-05,1
pw_suez_canal_n_total_z,henry_hub,0.8147255856986243,1.0,0.07443870558154855,0.046878129972030544,0.629754770798304,140,0.00011369156606820153,0.5622340909004843,0.755314185076768,0.18505214172105028,2024-03-05,1
sp500,cnyusd,1.0,1.0,0.11015340217080563,0.10531203481520768,0.9560488622213333,140,1.37894073189224e-08,0.3887613069113767,0.2645209045959384,0.1257152698764971,2024-03-05,1
us10y,sp500,0.5627568811987045,1.0,0.05096404588141694,0.05022673412116338,0.9855327074704953,80,5.261575153079662e-07,0.5187114064758689,0.4195661158346987,0.11467161930855829,2024-03-05,1
vix,brlusd,1.0,1.0,0.12744402682599526,0.13635213965101262,1.0698982372644266,140,1.0445430940831205e-07,0.5063790524284256,0.20869107400794507,0.10396847467356964,2024-03-05,1
audusd,wti,1.0,1.0,0.07523204761673001,0.0746163602403925,0.991816155536878,140,0.005883650451678738,0.526719104574552,0.17822666326416917,0.08815082473178704,2024-03-05,1
henry_hub,cnyusd,0.650931202346716,1.0,0.06025673284586967,0.043265012034748106,0.7180112493887681,120,2.590990545905017e-08,0.5025037734680989,0.30037447673629997,0.06967084892791778,2024-03-05,1
us10y,cnyusd,0.5050069961799134,1.0,0.050413570888838015,0.03877470629158953,0.7691323111605762,100,3.637829599062986e-08,0.4779682352700415,0.32998822660226396,0.06351127078651787,2024-03-05,1
sp500,brlusd,1.0,1.0,0.06613799714421742,0.06453483982068589,0.9757604192332018,140,4.398396436818593e-08,0.5144649194223362,0.11559577081758232,0.05633417296719138,2024-03-05,1
audusd,us2y,0.19037541663983154,1.0,0.04503929312380659,0.0417582426633028,0.9271513775430567,40,5.5893682214857484e-05,0.552466845489316,0.625492297965215,0.05346979752107954,2024-03-05,1
pw_suez_canal_capacity_z,brlusd,0.4265064402845663,1.0,0.04665310008774787,0.036136628635048386,0.7745815083473662,80,8.179476256627008e-08,0.5582242768890885,0.13058864720331062,0.021540291481228026,2024-03-05,1
audusd,eurusd,0.9214994441046529,0.6755484629809207,0.06303809714170341,0.06575982920109984,1.0431759869476744,120,1.0934906327463505e-08,0.4919693006398818,0.06500647202027893,0.02022671189412337,2024-03-05,1
brent,us10y,0.12752452928258454,1.0,0.04584351277811856,0.046428623942834216,1.0127632271014566,20,9.526109637754121e-06,0.3975981573018204,0.23458885524139242,0.01488969516150782,2024-03-05,1
sp500,wti,1.0,1.0,0.05507910762422993,0.052767689535843015,0.9580345763014851,140,0.00030670150373044905,0.5917935112118909,0.01889786641317667,0.009052135324074262,2024-03-05,1
brent,wti,1.0,1.0,0.1174481238240853,0.11035254713989776,0.939585440336064,140,2.6812606255843033e-05,0.4552071490133051,0.0010047873837517299,0.0004720417584888904,2024-03-05,1
brlusd,wti,1.0,1.0,0.07065337525681423,0.06324731691433182,0.8951775719763915,140,-0.022109978050823636,0.46961217161987706,-1.2866292360058755,0.0,2024-03-05,1
brlusd,brent,1.0,1.0,0.057103284795057115,0.053537803872891046,0.9375608437419576,140,-2.8774778586441304e-06,0.48768493497386584,-0.8387984079784282,0.0,2024-03-05,1
cnyusd,us2y,1.0,1.0,0.12256812991294916,0.10462970325912628,0.8536452610759161,140,-3.764760733584624e-05,0.5215931757985397,-0.85821121507735,0.0,2024-03-05,1
cnyusd,us10y,1.0,1.0,0.0927778674329583,0.08114479172495884,0.8746136764093487,140,-3.918092896335236e-07,0.5066317761930559,-0.01543214013634513,0.0,2024-03-05,1
krwusd,us2y,1.0,1.0,0.0710586116762241,0.05642807048984673,0.7941060085293971,140,-1.246835377984154e-05,0.538716667720426,-0.14895515158440498,0.0,2024-03-05,1
eurusd,sp500,1.0,1.0,0.08633441096385647,0.0782769804419226,0.9066718538763522,140,-1.5796108311710567e-06,0.4141325808229403,-1.1343742777161956,0.0,2024-03-05,1
sp500,audusd,1.0,1.0,0.21103552850806281,0.19048337870441392,0.9026128446288433,140,-3.513162799715225e-07,0.4427562271323138,-0.37545509307180486,0.0,2024-03-05,1
sp500,eurusd,1.0,1.0,0.1737622234334434,0.16345103732399066,0.9406592186396471,140,-3.5796855887121916e-07,0.44929560923967293,-0.8192962414168838,0.0,2024-03-05,1
sp500,vix,1.0,1.0,0.05656744169490489,0.05355452916334432,0.9467376914831921,140,-0.001336950213913158,0.46241893978357734,-0.1878814335744059,0.0,2024-03-05,1
vix,audusd,1.0,1.0,0.06413880198638251,0.06771167960256068,1.0557053999377277,140,-2.850970784103655e-08,0.49252161881723727,-0.1430085250438933,0.0,2024-03-05,1
us2y,cnyusd,1.0,1.0,0.09591071872605844,0.09884972249142132,1.030643121065095,140,-3.749098831128938e-08,0.43117993310710406,-0.4599413632192813,0.0,2024-03-05,1
us2y,wti,1.0,1.0,0.06966799032579127,0.06650617504103885,0.9546159538983874,140,-0.0057323524965305905,0.45328011081796615,-0.17753836603061318,0.0,2024-03-05,1
us10y,eurusd,1.0,0.7343923938471556,0.07911829098179915,0.07063229043608799,0.8927428734821466,140,-8.663422675624168e-08,0.4769427312962764,-0.30872486556760315,0.0,2024-03-05,1
us10y,us2y,1.0,1.0,0.07523202412795764,0.06434397864928842,0.8552737932432818,140,-4.1756767026553354e-05,0.540658673677893,-0.5613258212605012,0.0,2024-03-05,1
brent,brlusd,1.0,1.0,0.06715290035183498,0.06674872140701461,0.9939812138760538,140,-1.7358623012139702e-08,0.5439466635081354,-0.04426264878270312,0.0,2024-03-05,1
pw_cape_of_good_hope_capacity_z,brent,1.0,1.0,0.07659789696547087,0.0678868832544599,0.8862760721102075,140,-8.09816786377054e-06,0.4500629796489743,-0.8007616722925246,0.0,2024-03-05,1
pw_cape_of_good_hope_n_total_z,henry_hub,1.0,0.7343923938471556,0.11378898369146265,0.06610402176688586,0.5809351628108926,140,-0.000516770262403788,0.4721143326149398,-1.7243578133852737,0.0,2024-03-05,1
pw_panama_canal_n_total_z,henry_hub,1.0,1.0,0.3908818240519169,0.30513813544576796,0.7806403794442985,140,-0.00042510928017586906,0.4627990419141,-1.7021415545135772,0.0,2024-03-05,1
eurusd,us2y,0.8540757938331974,1.0,0.07407216722608378,0.06221162544602471,0.8398785640514849,120,-2.328693965883536e-05,0.38961831767087524,-0.5960174688349176,0.0,2024-03-05,1
henry_hub,brlusd,0.650931202346716,0.5799114645855681,0.04350602777260844,0.013815052586575893,0.317543413955937,120,-2.306199469798467e-06,0.5154017189945581,-1.4854727841034772,0.0,2024-03-05,1
henry_hub,krwusd,0.3490687976532841,1.0,0.04310264703265652,0.05841053204236589,1.3551495340439632,20,-4.129722454353427e-07,0.20334402369104174,-2.917638836029327,0.0,2024-03-05,1
pw_bab_el_mandeb_strait_n_total_z,henry_hub,0.3490687976532841,1.0,0.03235524307030746,0.06907663500075904,2.1349440908435318,20,-0.0010022952565249955,0.5097530299979433,-1.9578700756305631,0.0,2024-03-05,1
pw_strait_of_hormuz_capacity_z,brent,0.3311986204681782,1.0,0.04882366091281636,0.0519042289751864,1.0630958024198751,20,-9.718087109894033e-06,0.2992602313863727,-0.7430847581318799,0.0,2024-03-05,1
audusd,sp500,0.26560760615284434,1.0,0.04578336170604461,0.04322302221346026,0.944077075226079,60,-1.6194545141643414e-06,0.4527991300545023,-1.2702065892735914,0.0,2024-03-05,1
us2y,us10y,0.26560760615284434,1.0,0.03812994079172343,0.03534164204010919,0.9268737717993134,60,-1.646551722952266e-05,0.4995511033149797,-0.3615080398696997,0.0,2024-03-05,1
pw_cape_of_good_hope_n_total_z,brlusd,0.2060250851779316,1.0,0.04666590520600268,0.03960834741753414,0.848764151101033,40,-1.71712192105884e-06,0.33295839484824813,-1.3696789788072141,0.0,2024-03-05,1
krwusd,vix,0.19037541663983154,1.0,0.04897915941781031,0.04739664362278634,0.9676900172678644,40,-0.050968838983727706,0.29938421909353247,-2.0392539999192287,0.0,2024-03-05,1
cnyusd,wti,0.12752452928258454,1.0,0.03751779469962603,0.031051248105794436,0.8276405464232669,20,-0.026350855717256125,0.4432619032366698,-1.253648312962163,0.0,2024-03-05,1
audusd,vix,0.07850055589534709,1.0,0.04317035419361423,0.04115353375110616,0.9532822817838636,20,-0.11408765609220191,0.35232384763291386,-1.8520756717413664,0.0,2024-03-05,1
brlusd,cnyusd,0.07850055589534709,1.0,0.03783292106397492,0.03359955492865217,0.888103640526086,20,-2.7076723537118398e-09,0.5031297473171651,-0.02698347389077928,0.0,2024-03-05,1
eurusd,audusd,0.07850055589534709,1.0,0.033614863686904625,0.026584978398854132,0.790869736866161,20,-1.071238815296082e-06,0.2454049888638268,-1.377443725487633,0.0,2024-03-05,1
pw_bab_el_mandeb_strait_capacity_z,cnyusd,0.07850055589534709,1.0,0.04372161701424914,0.02833039811288355,0.6479723314819418,20,-8.052518251198797e-07,0.29832181352035564,-2.255604270227381,0.0,2024-03-05,1
pw_bab_el_mandeb_strait_n_total_z,cnyusd,0.07850055589534709,1.0,0.03393715677674646,0.017743456288557086,0.522832728895981,20,-6.296462030138998e-07,0.25071531608863584,-2.720653290233656,0.0,2024-03-05,1
audusd,brlusd,0.0,,0.00238229947027833,0.0027627095817769932,1.1596819023992053,0,,,,0.0,2024-03-05,1
audusd,cnyusd,0.0,,0.000266418613486027,0.0,0.0,0,,,,0.0,2024-03-05,1
audusd,krwusd,0.0,,0.007743819310416111,0.011308028111385555,1.4602649749556105,0,,,,0.0,2024-03-05,1
audusd,us10y,0.0,,0.0,0.0,0.0,0,,,,0.0,2024-03-05,1
audusd,brent,0.0,,0.009991008244700159,0.008830030026510262,0.8837976919090472,0,,,,0.0,2024-03-05,1
audusd,henry_hub,0.0,,0.0046014883280817214,0.012562985450310246,2.7302004383324237,0,,,,0.0,2024-03-05,1
brlusd,krwusd,0.0,,0.013302106787700189,0.01589112541102674,1.194632223650504,0,,,,0.0,2024-03-05,1
brlusd,eurusd,0.0,,0.020840338610802266,0.01373511919953539,0.6590641090839092,0,,,,0.0,2024-03-05,1
brlusd,sp500,0.0,,0.001957263245685541,0.0005804240846593486,0.2965488091286629,0,,,,0.0,2024-03-05,1
brlusd,vix,0.0,,0.0013745349275284808,0.0020449463533771814,1.4877369155356073,0,,,,0.0,2024-03-05,1
brlusd,us10y,0.0,,0.01970882992387822,0.02761370134523041,1.4010827356004045,0,,,,0.0,2024-03-05,1
brlusd,henry_hub,0.0,,0.01359830184798961,0.01460944682973138,1.0743581803849471,0,,,,0.0,2024-03-05,1
cnyusd,audusd,0.0,,0.017795291988557137,0.014596140731597642,0.820224851662078,0,,,,0.0,2024-03-05,1
cnyusd,brlusd,0.0,,0.021631839761124927,0.02227152443208439,1.0295714408956123,0,,,,0.0,2024-03-05,1
cnyusd,krwusd,0.0,,0.01603193583758079,0.006173637847675684,0.385083742239283,0,,,,0.0,2024-03-05,1
cnyusd,eurusd,0.0,,0.014879177435099667,0.012982061579119705,0.872498606575878,0,,,,0.0,2024-03-05,1
cnyusd,sp500,0.0,,0.016909245630513714,0.015776931204391498,0.9330357810830491,0,,,,0.0,2024-03-05,1
cnyusd,vix,0.0,,0.0013643747620940346,0.0007829043465376282,0.573819135540173,0,,,,0.0,2024-03-05,1
cnyusd,brent,0.0,,0.0,0.0,0.0,0,,,,0.0,2024-03-05,1
cnyusd,henry_hub,0.0,,0.01746634231213248,0.008467570192510822,0.4847935555819878,0,,,,0.0,2024-03-05,1
krwusd,audusd,0.0,,0.028688791872693582,0.02908187446609065,1.0137016084588493,0,,,,0.0,2024-03-05,1
krwusd,brlusd,0.0,,3.0031898168155428e-05,0.0,0.0,0,,,,0.0,2024-03-05,1
krwusd,cnyusd,0.0,,0.03677947059532883,0.037224082340415084,1.012088584688403,0,,,,0.0,2024-03-05,1
krwusd,eurusd,0.0,,0.012500836790686198,0.02161008507139671,1.7286910815040313,0,,,,0.0,2024-03-05,1
krwusd,sp500,0.0,,0.03256068868249148,0.04271218116712372,1.3117714303779728,0,,,,0.0,2024-03-05,1
krwusd,us10y,0.0,,0.02430562583460233,0.022550787357215784,0.9278011399777126,0,,,,0.0,2024-03-05,1
krwusd,wti,0.0,,0.0019778605780047032,0.0,0.0,0,,,,0.0,2024-03-05,1
krwusd,brent,0.0,,0.0024607197443070974,0.0,0.0,0,,,,0.0,2024-03-05,1
krwusd,henry_hub,0.0,,0.005593739674001237,0.009454501265275393,1.6901932904061172,0,,,,0.0,2024-03-05,1
eurusd,brlusd,0.0,,0.021111267321685175,0.022083913705404388,1.0460723825291212,0,,,,0.0,2024-03-05,1
eurusd,cnyusd,0.0,,0.011636601406258709,0.00519877727481951,0.44676079323498735,0,,,,0.0,2024-03-05,1
eurusd,vix,0.0,,0.04104159711439917,0.038250192940272126,0.9319859759271478,0,,,,0.0,2024-03-05,1
eurusd,us10y,0.0,,0.024804111334051762,0.026017020994443425,1.0488995410501383,0,,,,0.0,2024-03-05,1
eurusd,brent,0.0,,0.039102490522562504,0.030012986524461504,0.7675466734566109,0,,,,0.0,2024-03-05,1
eurusd,henry_hub,0.0,,0.031021331375538676,0.020823621120685275,0.6712678082251935,0,,,,0.0,2024-03-05,1
sp500,us2y,0.0,,0.013240488103512537,0.014475442157583195,1.093271036869331,0,,,,0.0,2024-03-05,1
sp500,us10y,0.0,,0.0026885442577317623,0.0,0.0,0,,,,0.0,2024-03-05,1
sp500,brent,0.0,,0.016556860525236458,0.021016943858722742,1.2693797732177603,0,,,,0.0,2024-03-05,1
sp500,henry_hub,0.0,,0.0020583164089831504,0.0,0.0,0,,,,0.0,2024-03-05,1
vix,cnyusd,0.0,,0.0,0.0,0.0,0,,,,0.0,2024-03-05,1
vix,krwusd,0.0,,0.0,0.0,0.0,0,,,,0.0,2024-03-05,1
vix,eurusd,0.0,,0.004057669211842807,0.0025637593037328805,0.6318305337089168,0,,,,0.0,2024-03-05,1
vix,sp500,0.0,,0.024938396572080256,0.01982996105623961,0.7951578201479165,0,,,,0.0,2024-03-05,1
vix,us2y,0.0,,0.008216675283620573,0.0,0.0,0,,,,0.0,2024-03-05,1
vix,us10y,0.0,,0.003921957221205493,0.0,0.0,0,,,,0.0,2024-03-05,1
vix,wti,0.0,,0.0,0.0,0.0,0,,,,0.0,2024-03-05,1
vix,brent,0.0,,0.0,0.0,0.0,0,,,,0.0,2024-03-05,1
vix,henry_hub,0.0,,0.027097760030308986,0.022925981137867646,0.8460470943806726,0,,,,0.0,2024-03-05,1
us2y,audusd,0.0,,0.03051747355148461,0.03629526945663206,1.1893274649816603,0,,,,0.0,2024-03-05,1
us2y,brlusd,0.0,,0.0014062572246352338,0.0,0.0,0,,,,0.0,2024-03-05,1
us2y,sp500,0.0,,0.036854759852850034,0.031390117517559504,0.8517249235347293,0,,,,0.0,2024-03-05,1
us2y,vix,0.0,,0.006909274360117273,0.003367205541902604,0.48734575679021835,0,,,,0.0,2024-03-05,1
us2y,brent,0.0,,0.009121994561880148,0.007919805294580933,0.8682098241624658,0,,,,0.0,2024-03-05,1
us2y,henry_hub,0.0,,0.005274864304395233,0.01494035546851669,2.8323677361838056,0,,,,0.0,2024-03-05,1
us10y,audusd,0.0,,0.022623164299239298,0.020429340181579256,0.9030275301614722,0,,,,0.0,2024-03-05,1
us10y,brlusd,0.0,,0.005572803790803805,0.010153212598037989,1.8219217792653561,0,,,,0.0,2024-03-05,1
us10y,vix,0.0,,0.031906875614760626,0.0326185092510963,1.0223034572525322,0,,,,0.0,2024-03-05,1
us10y,wti,0.0,,0.008311201683957395,0.0,0.0,0,,,,0.0,2024-03-05,1
us10y,brent,0.0,,0.006603126685369666,0.006095309872786442,0.923094491930864,0,,,,0.0,2024-03-05,1
us10y,henry_hub,0.0,,0.0,0.0,0.0,0,,,,0.0,2024-03-05,1
wti,audusd,0.0,,0.026900838260779887,0.03152770843855889,1.1719972490420403,0,,,,0.0,2024-03-05,1
wti,brlusd,0.0,,0.01710713455821534,0.017670067439336537,1.0329063221666692,0,,,,0.0,2024-03-05,1
wti,cnyusd,0.0,,0.011619110421195728,0.012499687042869072,1.075786922557082,0,,,,0.0,2024-03-05,1
wti,krwusd,0.0,,0.0,0.0,0.0,0,,,,0.0,2024-03-05,1
wti,eurusd,0.0,,7.283455955770605e-05,0.0,0.0,0,,,,0.0,2024-03-05,1
wti,vix,0.0,,0.0369886161309839,0.035506320594719906,0.9599256287119557,0,,,,0.0,2024-03-05,1
wti,us2y,0.0,,0.0024448228007414976,0.0,0.0,0,,,,0.0,2024-03-05,1
wti,us10y,0.0,,0.01679289353675427,0.01427600918137849,0.8501220561026529,0,,,,0.0,2024-03-05,1
wti,henry_hub,0.0,,0.0007859830748740963,0.0035682665355419372,4.539877065563434,0,,,,0.0,2024-03-05,1
brent,audusd,0.0,,0.013913180933980869,0.011451490857417071,0.8230677737718851,0,,,,0.0,2024-03-05,1
brent,cnyusd,0.0,,0.01348720740190816,0.013170982320095071,0.9765537021571753,0,,,,0.0,2024-03-05,1
brent,krwusd,0.0,,0.015408513920261553,0.017652638879503378,1.1456418815503613,0,,,,0.0,2024-03-05,1
brent,eurusd,0.0,,0.008361065770210164,0.014823942678053488,1.77297285842076,0,,,,0.0,2024-03-05,1
brent,sp500,0.0,,0.03293282125940858,0.029015934531225755,0.8810643431569408,0,,,,0.0,2024-03-05,1
brent,us2y,0.0,,0.0,0.0,0.0,0,,,,0.0,2024-03-05,1
brent,henry_hub,0.0,,0.0006032981469830376,0.0,0.0,0,,,,0.0,2024-03-05,1
henry_hub,audusd,0.0,,0.010982276898819282,0.003323852772203351,0.3026560705786523,0,,,,0.0,2024-03-05,1
henry_hub,eurusd,0.0,,0.0,0.0,0.0,0,,,,0.0,2024-03-05,1
henry_hub,sp500,0.0,,0.001306281034346663,0.0,0.0,0,,,,0.0,2024-03-05,1
henry_hub,vix,0.0,,0.027687154572750092,0.023964112701601894,0.8655317988215212,0,,,,0.0,2024-03-05,1
henry_hub,us2y,0.0,,0.019439967253654628,0.013234629642011268,0.6807948526519877,0,,,,0.0,2024-03-05,1
henry_hub,us10y,0.0,,0.00012046446026649815,0.0,0.0,0,,,,0.0,2024-03-05,1
henry_hub,wti,0.0,,0.008038468485154616,0.0,0.0,0,,,,0.0,2024-03-05,1
henry_hub,brent,0.0,,0.015275711984749736,0.00565289944997177,0.3700580015920209,0,,,,0.0,2024-03-05,1
pw_bab_el_mandeb_strait_capacity_z,audusd,0.0,,0.017856198214295675,0.0,0.0,0,,,,0.0,2024-03-05,1
pw_bab_el_mandeb_strait_capacity_z,brlusd,0.0,,0.004730318210524631,0.0,0.0,0,,,,0.0,2024-03-05,1
pw_bab_el_mandeb_strait_capacity_z,krwusd,0.0,,0.0001735015113769597,0.0,0.0,0,,,,0.0,2024-03-05,1
pw_bab_el_mandeb_strait_capacity_z,eurusd,0.0,,0.014946418325747977,0.0,0.0,0,,,,0.0,2024-03-05,1
pw_bab_el_mandeb_strait_capacity_z,sp500,0.0,,0.008500207333844793,0.0,0.0,0,,,,0.0,2024-03-05,1
pw_bab_el_mandeb_strait_capacity_z,vix,0.0,,0.000510036044479659,0.0,0.0,0,,,,0.0,2024-03-05,1
pw_bab_el_mandeb_strait_capacity_z,us2y,0.0,,0.0011455870617702658,0.0,0.0,0,,,,0.0,2024-03-05,1
pw_bab_el_mandeb_strait_capacity_z,us10y,0.0,,0.0,0.0,0.0,0,,,,0.0,2024-03-05,1
pw_bab_el_mandeb_strait_capacity_z,wti,0.0,,0.0,0.0,0.0,0,,,,0.0,2024-03-05,1
pw_bab_el_mandeb_strait_capacity_z,brent,0.0,,0.0,0.0,0.0,0,,,,0.0,2024-03-05,1
pw_bab_el_mandeb_strait_capacity_z,henry_hub,0.0,,0.039921277355766095,0.0381996426405623,0.9568742578084083,0,,,,0.0,2024-03-05,1
pw_bab_el_mandeb_strait_n_total_z,audusd,0.0,,0.00873720541246502,0.0,0.0,0,,,,0.0,2024-03-05,1
pw_bab_el_mandeb_strait_n_total_z,brlusd,0.0,,0.028918290305363976,0.008206644474441359,0.28378733278430124,0,,,,0.0,2024-03-05,1
pw_bab_el_mandeb_strait_n_total_z,krwusd,0.0,,0.0004390166569664139,0.0,0.0,0,,,,0.0,2024-03-05,1
pw_bab_el_mandeb_strait_n_total_z,eurusd,0.0,,0.0022403573979436213,0.0,0.0,0,,,,0.0,2024-03-05,1
pw_bab_el_mandeb_strait_n_total_z,sp500,0.0,,0.008878734753905831,0.009763113159074124,1.0996063549234025,0,,,,0.0,2024-03-05,1
pw_bab_el_mandeb_strait_n_total_z,vix,0.0,,0.0,0.0,0.0,0,,,,0.0,2024-03-05,1
pw_bab_el_mandeb_strait_n_total_z,us2y,0.0,,0.0,0.0,0.0,0,,,,0.0,2024-03-05,1
pw_bab_el_mandeb_strait_n_total_z,us10y,0.0,,0.016843585971657436,0.013192947995759678,0.783262425112998,0,,,,0.0,2024-03-05,1
pw_bab_el_mandeb_strait_n_total_z,wti,0.0,,0.0,0.0,0.0,0,,,,0.0,2024-03-05,1
pw_bab_el_mandeb_strait_n_total_z,brent,0.0,,0.009374229711067147,0.0,0.0,0,,,,0.0,2024-03-05,1
pw_cape_of_good_hope_capacity_z,audusd,0.0,,0.0005767255663510064,0.0,0.0,0,,,,0.0,2024-03-05,1
pw_cape_of_good_hope_capacity_z,brlusd,0.0,,0.0022430411904014835,0.0,0.0,0,,,,0.0,2024-03-05,1
pw_cape_of_good_hope_capacity_z,cnyusd,0.0,,0.015580946269615963,0.013495363018610288,0.8661452767427404,0,,,,0.0,2024-03-05,1
pw_cape_of_good_hope_capacity_z,krwusd,0.0,,8.592217448946673e-05,0.0,0.0,0,,,,0.0,2024-03-05,1
pw_cape_of_good_hope_capacity_z,eurusd,0.0,,0.007680716180281941,0.0,0.0,0,,,,0.0,2024-03-05,1
pw_cape_of_good_hope_capacity_z,sp500,0.0,,0.020863805809054354,0.02466229534403402,1.182061200614282,0,,,,0.0,2024-03-05,1
pw_cape_of_good_hope_capacity_z,vix,0.0,,0.02416364697631642,0.021068946062295417,0.8719274074375354,0,,,,0.0,2024-03-05,1
pw_cape_of_good_hope_capacity_z,us2y,0.0,,0.0,0.0,0.0,0,,,,0.0,2024-03-05,1
pw_cape_of_good_hope_capacity_z,us10y,0.0,,0.010745840618089135,0.006933430208301135,0.6452198999331579,0,,,,0.0,2024-03-05,1
pw_cape_of_good_hope_capacity_z,wti,0.0,,0.017041195903765176,0.021946921648674435,1.2878744996896234,0,,,,0.0,2024-03-05,1
pw_cape_of_good_hope_n_total_z,audusd,0.0,,0.0026242703051197174,0.0,0.0,0,,,,0.0,2024-03-05,1
pw_cape_of_good_hope_n_total_z,cnyusd,0.0,,0.0005201617126835594,0.0,0.0,0,,,,0.0,2024-03-05,1
pw_cape_of_good_hope_n_total_z,krwusd,0.0,,1.5833567575321285e-05,0.0,0.0,0,,,,0.0,2024-03-05,1
pw_cape_of_good_hope_n_total_z,eurusd,0.0,,0.019008215979297645,0.007608934114497784,0.4002971200866445,0,,,,0.0,2024-03-05,1
pw_cape_of_good_hope_n_total_z,sp500,0.0,,4.5122048960832024e-05,0.0,0.0,0,,,,0.0,2024-03-05,1
pw_cape_of_good_hope_n_total_z,vix,0.0,,0.0,0.0,0.0,0,,,,0.0,2024-03-05,1
pw_cape_of_good_hope_n_total_z,us2y,0.0,,0.0008840824437043834,0.0,0.0,0,,,,0.0,2024-03-05,1
pw_cape_of_good_hope_n_total_z,us10y,0.0,,0.02658466574285286,0.026105236527803218,0.9819659491043805,0,,,,0.0,2024-03-05,1
pw_cape_of_good_hope_n_total_z,wti,0.0,,0.003853544046113065,0.0,0.0,0,,,,0.0,2024-03-05,1
pw_cape_of_good_hope_n_total_z,brent,0.0,,0.0,0.0,0.0,0,,,,0.0,2024-03-05,1
pw_malacca_strait_capacity_z,audusd,0.0,,0.0,0.0,0.0,0,,,,0.0,2024-03-05,1
pw_malacca_strait_capacity_z,brlusd,0.0,,0.0,0.0,0.0,0,,,,0.0,2024-03-05,1
pw_malacca_strait_capacity_z,cnyusd,0.0,,0.002403619751705682,0.0016661365969960439,0.6931781101456261,0,,,,0.0,2024-03-05,1
pw_malacca_strait_capacity_z,krwusd,0.0,,0.0022871893088672584,0.002975068758456358,1.3007531763646514,0,,,,0.0,2024-03-05,1
pw_malacca_strait_capacity_z,eurusd,0.0,,0.001000554798169234,0.0,0.0,0,,,,0.0,2024-03-05,1
pw_malacca_strait_capacity_z,sp500,0.0,,0.0,0.0,0.0,0,,,,0.0,2024-03-05,1
pw_malacca_strait_capacity_z,vix,0.0,,0.0,0.0,0.0,0,,,,0.0,2024-03-05,1
pw_malacca_strait_capacity_z,us2y,0.0,,0.04016550690109934,0.032677109652964734,0.8135614902963009,0,,,,0.0,2024-03-05,1
pw_malacca_strait_capacity_z,us10y,0.0,,0.0,0.0,0.0,0,,,,0.0,2024-03-05,1
pw_malacca_strait_capacity_z,wti,0.0,,0.0,0.0,0.0,0,,,,0.0,2024-03-05,1
pw_malacca_strait_capacity_z,brent,0.0,,0.0,0.0,0.0,0,,,,0.0,2024-03-05,1
pw_malacca_strait_capacity_z,henry_hub,0.0,,0.0,0.0,0.0,0,,,,0.0,2024-03-05,1
pw_malacca_strait_n_total_z,audusd,0.0,,0.005969739881145347,0.007832793305841908,1.3120828481289069,0,,,,0.0,2024-03-05,1
pw_malacca_strait_n_total_z,brlusd,0.0,,0.0004264917353541453,0.0,0.0,0,,,,0.0,2024-03-05,1
pw_malacca_strait_n_total_z,cnyusd,0.0,,0.029703837308091008,0.026450851130102745,0.8904859953194605,0,,,,0.0,2024-03-05,1
pw_malacca_strait_n_total_z,krwusd,0.0,,0.0,0.0,0.0,0,,,,0.0,2024-03-05,1
pw_malacca_strait_n_total_z,eurusd,0.0,,0.025164571105162868,0.028883727677770754,1.1477933622260246,0,,,,0.0,2024-03-05,1
pw_malacca_strait_n_total_z,sp500,0.0,,0.005977025535666288,0.0049615163264986155,0.8300978968371651,0,,,,0.0,2024-03-05,1
pw_malacca_strait_n_total_z,vix,0.0,,0.0,0.0,0.0,0,,,,0.0,2024-03-05,1
pw_malacca_strait_n_total_z,us2y,0.0,,0.0011462660996565165,0.006186855880661151,5.397399332070511,0,,,,0.0,2024-03-05,1
pw_malacca_strait_n_total_z,us10y,0.0,,0.0032777708965346436,0.0,0.0,0,,,,0.0,2024-03-05,1
pw_malacca_strait_n_total_z,wti,0.0,,0.0,0.0,0.0,0,,,,0.0,2024-03-05,1
pw_malacca_strait_n_total_z,brent,0.0,,0.012983164597885944,0.016352374400112547,1.2595060531524966,0,,,,0.0,2024-03-05,1
pw_malacca_strait_n_total_z,henry_hub,0.0,,0.012074982917086089,0.015049908852727044,1.2463710264493573,0,,,,0.0,2024-03-05,1
pw_panama_canal_capacity_z,audusd,0.0,,0.00014451292919687335,0.0,0.0,0,,,,0.0,2024-03-05,1
pw_panama_canal_capacity_z,brlusd,0.0,,0.0,0.0,0.0,0,,,,0.0,2024-03-05,1
pw_panama_canal_capacity_z,cnyusd,0.0,,0.007320923876665364,0.001027594523912565,0.1403640498418388,0,,,,0.0,2024-03-05,1
pw_panama_canal_capacity_z,krwusd,0.0,,0.021169209447429883,0.006796313971456783,0.32104713160565906,0,,,,0.0,2024-03-05,1
pw_panama_canal_capacity_z,eurusd,0.0,,0.0,0.0,0.0,0,,,,0.0,2024-03-05,1
pw_panama_canal_capacity_z,sp500,0.0,,0.020074402913290188,0.014600320147351156,0.727310307081914,0,,,,0.0,2024-03-05,1
pw_panama_canal_capacity_z,vix,0.0,,0.02956811423026665,0.02732051920157197,0.9239858514076631,0,,,,0.0,2024-03-05,1
pw_panama_canal_capacity_z,us2y,0.0,,0.0,0.0,0.0,0,,,,0.0,2024-03-05,1
pw_panama_canal_capacity_z,us10y,0.0,,0.0,0.0,0.0,0,,,,0.0,2024-03-05,1
pw_panama_canal_capacity_z,wti,0.0,,0.0,0.0,0.0,0,,,,0.0,2024-03-05,1
pw_panama_canal_capacity_z,brent,0.0,,8.83562343252745e-06,4.768938801315021e-05,5.39739933207051,0,,,,0.0,2024-03-05,1
pw_panama_canal_capacity_z,henry_hub,0.0,,0.028268595523962325,0.0,0.0,0,,,,0.0,2024-03-05,1
pw_panama_canal_n_total_z,audusd,0.0,,0.009171609698299119,0.002500122580479805,0.2725936517930385,0,,,,0.0,2024-03-05,1
pw_panama_canal_n_total_z,brlusd,0.0,,0.0,0.0,0.0,0,,,,0.0,2024-03-05,1
pw_panama_canal_n_total_z,cnyusd,0.0,,0.00019205202029355022,0.0,0.0,0,,,,0.0,2024-03-05,1
pw_panama_canal_n_total_z,krwusd,0.0,,0.0,0.0,0.0,0,,,,0.0,2024-03-05,1
pw_panama_canal_n_total_z,eurusd,0.0,,0.0002972044240124611,0.0,0.0,0,,,,0.0,2024-03-05,1
pw_panama_canal_n_total_z,sp500,0.0,,0.005467688980352435,0.0,0.0,0,,,,0.0,2024-03-05,1
pw_panama_canal_n_total_z,vix,0.0,,0.0,0.0,0.0,0,,,,0.0,2024-03-05,1
pw_panama_canal_n_total_z,us2y,0.0,,0.006185432943328051,0.0,0.0,0,,,,0.0,2024-03-05,1
pw_panama_canal_n_total_z,us10y,0.0,,0.006572468731260849,0.0,0.0,0,,,,0.0,2024-03-05,1
pw_panama_canal_n_total_z,wti,0.0,,0.0,0.0,0.0,0,,,,0.0,2024-03-05,1
pw_panama_canal_n_total_z,brent,0.0,,0.0005719860288972172,0.0023538146986937392,4.115161174883709,0,,,,0.0,2024-03-05,1
pw_strait_of_hormuz_capacity_z,audusd,0.0,,0.01709260458503649,0.013362545511625284,0.7817735117632898,0,,,,0.0,2024-03-05,1
pw_strait_of_hormuz_capacity_z,brlusd,0.0,,0.0,0.0,0.0,0,,,,0.0,2024-03-05,1
pw_strait_of_hormuz_capacity_z,cnyusd,0.0,,0.0,0.0,0.0,0,,,,0.0,2024-03-05,1
pw_strait_of_hormuz_capacity_z,krwusd,0.0,,0.0,0.0,0.0,0,,,,0.0,2024-03-05,1
pw_strait_of_hormuz_capacity_z,eurusd,0.0,,0.0,0.0,0.0,0,,,,0.0,2024-03-05,1
pw_strait_of_hormuz_capacity_z,sp500,0.0,,0.0,0.0,0.0,0,,,,0.0,2024-03-05,1
pw_strait_of_hormuz_capacity_z,vix,0.0,,0.013923740157542188,0.013967066417889808,1.003111682626751,0,,,,0.0,2024-03-05,1
pw_strait_of_hormuz_capacity_z,us2y,0.0,,0.0,0.0,0.0,0,,,,0.0,2024-03-05,1
pw_strait_of_hormuz_capacity_z,us10y,0.0,,0.006668465330718919,0.005383541445629471,0.8073134040046179,0,,,,0.0,2024-03-05,1
pw_strait_of_hormuz_capacity_z,wti,0.0,,0.01761516204565407,0.01585123589797615,0.899863189273748,0,,,,0.0,2024-03-05,1
pw_strait_of_hormuz_capacity_z,henry_hub,0.0,,0.0,0.0,0.0,0,,,,0.0,2024-03-05,1
pw_strait_of_hormuz_n_total_z,audusd,0.0,,0.0016789820355486431,0.0,0.0,0,,,,0.0,2024-03-05,1
pw_strait_of_hormuz_n_total_z,brlusd,0.0,,0.024432504771974166,0.019486924106926904,0.7975819216570789,0,,,,0.0,2024-03-05,1
pw_strait_of_hormuz_n_total_z,cnyusd,0.0,,0.0,0.0,0.0,0,,,,0.0,2024-03-05,1
pw_strait_of_hormuz_n_total_z,krwusd,0.0,,0.003851737869099328,0.0,0.0,0,,,,0.0,2024-03-05,1
pw_strait_of_hormuz_n_total_z,eurusd,0.0,,0.0,0.0,0.0,0,,,,0.0,2024-03-05,1
pw_strait_of_hormuz_n_total_z,sp500,0.0,,0.0,0.0,0.0,0,,,,0.0,2024-03-05,1
pw_strait_of_hormuz_n_total_z,vix,0.0,,0.0,0.0,0.0,0,,,,0.0,2024-03-05,1
pw_strait_of_hormuz_n_total_z,us2y,0.0,,0.0,0.0,0.0,0,,,,0.0,2024-03-05,1
pw_strait_of_hormuz_n_total_z,us10y,0.0,,0.007222668527318783,0.013281862047538387,1.838913415076645,0,,,,0.0,2024-03-05,1
pw_strait_of_hormuz_n_total_z,wti,0.0,,0.0,0.0,0.0,0,,,,0.0,2024-03-05,1
pw_strait_of_hormuz_n_total_z,brent,0.0,,0.0,0.0,0.0,0,,,,0.0,2024-03-05,1
pw_strait_of_hormuz_n_total_z,henry_hub,0.0,,0.0,0.0,0.0,0,,,,0.0,2024-03-05,1
pw_suez_canal_capacity_z,audusd,0.0,,0.0,0.0,0.0,0,,,,0.0,2024-03-05,1
pw_suez_canal_capacity_z,cnyusd,0.0,,0.0,0.0,0.0,0,,,,0.0,2024-03-05,1
pw_suez_canal_capacity_z,krwusd,0.0,,0.0,0.0,0.0,0,,,,0.0,2024-03-05,1
pw_suez_canal_capacity_z,eurusd,0.0,,0.003790664188377279,0.0,0.0,0,,,,0.0,2024-03-05,1
pw_suez_canal_capacity_z,sp500,0.0,,0.0,0.0,0.0,0,,,,0.0,2024-03-05,1
pw_suez_canal_capacity_z,vix,0.0,,0.0,0.0,0.0,0,,,,0.0,2024-03-05,1
pw_suez_canal_capacity_z,us2y,0.0,,0.0,0.0,0.0,0,,,,0.0,2024-03-05,1
pw_suez_canal_capacity_z,us10y,0.0,,0.009765666098294126,0.0,0.0,0,,,,0.0,2024-03-05,1
pw_suez_canal_capacity_z,wti,0.0,,0.0003054302132963451,0.0,0.0,0,,,,0.0,2024-03-05,1
pw_suez_canal_capacity_z,brent,0.0,,0.0,0.0,0.0,0,,,,0.0,2024-03-05,1
pw_suez_canal_capacity_z,henry_hub,0.0,,0.0,0.0,0.0,0,,,,0.0,2024-03-05,1
pw_suez_canal_n_total_z,audusd,0.0,,0.00039025200575077226,0.0,0.0,0,,,,0.0,2024-03-05,1
pw_suez_canal_n_total_z,brlusd,0.0,,0.0,0.0,0.0,0,,,,0.0,2024-03-05,1
pw_suez_canal_n_total_z,cnyusd,0.0,,0.0,0.0,0.0,0,,,,0.0,2024-03-05,1
pw_suez_canal_n_total_z,krwusd,0.0,,0.0,0.0,0.0,0,,,,0.0,2024-03-05,1
pw_suez_canal_n_total_z,eurusd,0.0,,0.0,0.0,0.0,0,,,,0.0,2024-03-05,1
pw_suez_canal_n_total_z,sp500,0.0,,0.0,0.0,0.0,0,,,,0.0,2024-03-05,1
pw_suez_canal_n_total_z,vix,0.0,,0.0033059893612520422,0.0,0.0,0,,,,0.0,2024-03-05,1
pw_suez_canal_n_total_z,us2y,0.0,,0.0,0.0,0.0,0,,,,0.0,2024-03-05,1
pw_suez_canal_n_total_z,us10y,0.0,,0.0,0.0,0.0,0,,,,0.0,2024-03-05,1
pw_suez_canal_n_total_z,wti,0.0,,0.0034148331764359743,0.0,0.0,0,,,,0.0,2024-03-05,1
pw_suez_canal_n_total_z,brent,0.0,,0.0030869452316805994,0.00298536555094848,0.967093785892399,0,,,,0.0,2024-03-05,1
us2y,krwusd,1.0,1.0,0.16444289881524676,0.17268991837244235,1.050151265981155,160,2.0583058614929315e-06,0.6188370408456828,2.507718694934964,0.84936232159472,2024-04-05,1
eurusd,krwusd,1.0,1.0,0.21030092827313976,0.2108409491337741,1.0025678482024243,160,2.509301160497903e-06,0.5751484170750616,2.4838403896817822,0.8460023562760474,2024-04-05,1
sp500,krwusd,1.0,1.0,0.21600902159733018,0.21414979325553746,0.9913928208736643,160,1.590513558537879e-06,0.5592356402075886,2.4026918258236973,0.8268857329284677,2024-04-05,1
wti,sp500,1.0,1.0,0.07325390589860159,0.07723690469767995,1.0543725109292008,160,9.342024435880742e-07,0.5452597716600311,1.883709482442569,0.7360732490692552,2024-04-05,1
brlusd,us2y,1.0,1.0,0.05767905091904874,0.06054072489756357,1.0496137494101823,160,4.2734191505100265e-05,0.4649153926551743,1.8132099811707771,0.7194987643575156,2024-04-05,1
pw_cape_of_good_hope_capacity_z,henry_hub,1.0,1.0,0.08272177425122183,0.07989784103629552,0.9658622745886691,160,0.00019938255443592275,0.5598571123840859,1.748754324396219,0.6795722296074733,2024-04-05,1
brent,vix,1.0,1.0,0.09511152499016665,0.09660024680598615,1.015652380886264,160,0.007579802064820999,0.6165835922424624,1.470098410603734,0.626144686996066,2024-04-05,1
us10y,krwusd,0.7802654655411715,1.0,0.055390510873797864,0.055320223606404935,0.9987310594128104,100,6.620387886002361e-07,0.5712299403307836,2.0544744624967444,0.6022223704817132,2024-04-05,1
us2y,eurusd,1.0,0.9350572698038729,0.09165564689481324,0.10173671619366857,1.1099885237886615,160,2.5263586745660566e-07,0.5215553422040952,1.007386694584568,0.4348173577996524,2024-04-05,1
brlusd,audusd,1.0,0.5385089184158115,0.06550325035318894,0.06734406984019069,1.0281027197440766,160,3.736023749212563e-07,0.5174378213383046,1.790880189427443,0.38453323183420957,2024-04-05,1
wti,brent,1.0,1.0,0.41273165544814794,0.402853748966588,0.9760670005530968,160,1.697355653260447e-05,0.4865662545079869,0.8052565289284886,0.3730484725391386,2024-04-05,1
eurusd,wti,1.0,1.0,0.0974617094877731,0.09145321536727878,0.9383502079732339,160,0.016154963097821728,0.5052424689677958,0.4117927259803858,0.19051824020247904,2024-04-05,1
vix,brlusd,1.0,1.0,0.12937108148896467,0.13860177922965128,1.0713505493998208,160,1.6119409862373817e-07,0.5373188830052827,0.3764685551686245,0.18604215962903703,2024-04-05,1
pw_strait_of_hormuz_capacity_z,brent,0.4467072614920545,1.0,0.049854268588209336,0.05479093599240488,1.0990219602853242,40,6.984781144925191e-06,0.4725865431469222,0.7895300219148809,0.1677210731517239,2024-04-05,1
pw_suez_canal_n_total_z,henry_hub,0.6740143848974123,1.0,0.06922685306583846,0.04426179308802544,0.6393731785833179,140,0.00011369156606820153,0.5622340909004839,0.7553141850767684,0.1554300095506556,2024-04-05,1
audusd,eurusd,0.9350572698038729,0.7354763463561363,0.06390148958077586,0.0680371868133553,1.0647198877477124,140,5.586334754414994e-08,0.46950210171902984,0.3926370196409461,0.13330254228669527,2024-04-05,1
sp500,vix,1.0,1.0,0.0556607700225303,0.0513177628839387,0.9219736425343443,160,0.0013611911401843954,0.5255097273481772,0.21000021106682823,0.09645312408133447,2024-04-05,1
henry_hub,cnyusd,0.5385089184158115,1.0,0.05711724317188721,0.042078915096707935,0.7367112409483191,120,2.590990545905015e-08,0.5025037734680989,0.30037447673629974,0.059139133983957023,2024-04-05,1
us10y,cnyusd,0.41778727202634464,1.0,0.048480051786548586,0.039218389026253415,0.8089593055495675,100,3.637829599062987e-08,0.4779682352700415,0.32998822660226407,0.05526297127393244,2024-04-05,1
krwusd,us2y,1.0,1.0,0.06940837246954079,0.06150363597740045,0.8861126372670781,160,8.529856152553411e-06,0.5635946047560778,0.12050755536108189,0.05332711444870404,2024-04-05,1
audusd,us2y,0.15749569130820198,1.0,0.044063675074712184,0.039390411002549454,0.8939429345319251,40,5.589368221485749e-05,0.552466845489316,0.625492297965215,0.04265063466166959,2024-04-05,1
sp500,brlusd,1.0,1.0,0.06561709926975753,0.06312196982413198,0.9619744018953374,160,2.0514138807032374e-08,0.5328417149014807,0.06369503141776332,0.030626141242509255,2024-04-05,1
pw_suez_canal_capacity_z,brlusd,0.35284454183021763,1.0,0.044305618564962936,0.03306105306037882,0.7462045250965899,80,8.179476256627027e-08,0.5582242768890886,0.13058864720331087,0.017167226597318008,2024-04-05,1
brent,us10y,0.10549977645544117,1.0,0.04608386678997189,0.047235175715874836,1.0249829062988587,20,9.526109637754126e-06,0.39759815730182035,0.23458885524139256,0.012318096917243556,2024-04-05,1
sp500,cnyusd,1.0,1.0,0.10919470101126155,0.10460246976974572,0.9579445595895516,160,8.523875940176697e-10,0.4128442256924915,0.018955318132975397,0.009078800104516905,2024-04-05,1
audusd,wti,1.0,1.0,0.07462440039789536,0.07171373682523458,0.9609958196361886,160,-0.0019143203853153492,0.4981916935718349,-0.06740131727640615,0.0,2024-04-05,1
brlusd,wti,1.0,1.0,0.06892430251582461,0.06064194906190577,0.8798340621289964,160,-0.020582280766528665,0.4873191478945007,-1.4038778316824085,0.0,2024-04-05,1
brlusd,brent,1.0,1.0,0.0563082726616508,0.05250012085118588,0.9323695856673208,160,-2.682185666214843e-06,0.46645422048228585,-0.9204068731362596,0.0,2024-04-05,1
cnyusd,us2y,1.0,1.0,0.11852931542184507,0.09918317204849655,0.8367817842826839,160,-4.431412620656748e-05,0.47300197993284443,-1.1492939884827444,0.0,2024-04-05,1
cnyusd,us10y,1.0,1.0,0.08988073122761381,0.07600328958621991,0.8456015938916798,160,-1.3405550219523455e-06,0.4613023703710375,-0.06138439340956025,0.0,2024-04-05,1
eurusd,sp500,1.0,1.0,0.08484883894996735,0.07773286736091918,0.9161335419893697,160,-1.1182460282349136e-06,0.45551991753020954,-0.9388071022755933,0.0,2024-04-05,1
sp500,audusd,1.0,1.0,0.2073206797517211,0.18952635005205604,0.91417002046793,160,-2.992322185463375e-07,0.49808358690131305,-0.36141378181070327,0.0,2024-04-05,1
sp500,eurusd,1.0,1.0,0.1713745204543101,0.15993729196336848,0.9332617914225418,160,-3.4132931824434583e-07,0.46123053042594525,-0.9145570585928263,0.0,2024-04-05,1
sp500,wti,1.0,1.0,0.05430425359523508,0.05059266021272922,0.9316518847644831,160,-0.0033251376606603872,0.5730272689969762,-0.23552043802172157,0.0,2024-04-05,1
vix,audusd,1.0,1.0,0.0641719525302654,0.0643307454573176,1.0024744911256565,160,-4.693729249208253e-08,0.4941412817237245,-0.2630243224763952,0.0,2024-04-05,1
us2y,cnyusd,1.0,1.0,0.09677513016444401,0.10091570845973447,1.0427855616236799,160,-1.2290927996475292e-08,0.45653827823462023,-0.17497511803867657,0.0,2024-04-05,1
us2y,wti,1.0,1.0,0.06866867949047067,0.06388192567020111,0.9302920362560075,160,-0.007872618783291836,0.4522191421657626,-0.28351702901406145,0.0,2024-04-05,1
us10y,eurusd,1.0,0.7802654655411715,0.07773234166183757,0.0710935682516626,0.9145944497715518,160,-1.0503122207685218e-07,0.46962504745779393,-0.4423396202523401,0.0,2024-04-05,1
us10y,us2y,1.0,1.0,0.0722065809565791,0.05771454189652161,0.7992975312212585,160,-5.02354522520216e-05,0.5006540349496575,-0.7933230294508017,0.0,2024-04-05,1
brent,brlusd,1.0,1.0,0.06642750081532604,0.06295279716969614,0.947691790252807,160,-6.122336657879128e-08,0.532579960091059,-0.18349421570525878,0.0,2024-04-05,1
brent,wti,1.0,1.0,0.11594290082997637,0.10873279996571729,0.9378133476681572,160,-0.010301958001997626,0.4534986591761951,-0.44376772428654215,0.0,2024-04-05,1
pw_cape_of_good_hope_capacity_z,brent,1.0,1.0,0.07426090478242338,0.06306658379164384,0.8492568731342862,160,-1.0276702970759394e-05,0.4398364807030118,-1.1054037990743821,0.0,2024-04-05,1
pw_cape_of_good_hope_n_total_z,henry_hub,1.0,0.7802654655411715,0.10292825205884994,0.05090475066585888,0.49456538557318297,160,-0.00040617040183103993,0.4571483338183557,-1.6067363256647065,0.0,2024-04-05,1
pw_panama_canal_n_total_z,henry_hub,1.0,1.0,0.3762591127879284,0.3062155222136895,0.8138421417750015,160,-0.0003367022153297191,0.4816241305640835,-1.589747777983098,0.0,2024-04-05,1
eurusd,us2y,0.8792783536105331,1.0,0.07209071620833668,0.062599456938807,0.868342835683576,140,-2.0558821977280077e-05,0.45589976526068465,-0.6175465567618782,0.0,2024-04-05,1
henry_hub,brlusd,0.5385089184158115,0.5799114645855681,0.03808348685460681,0.012109217851023483,0.31796505128990515,120,-2.3061994697984676e-06,0.5154017189945581,-1.4854727841034774,0.0,2024-04-05,1
us10y,sp500,0.46556317830951277,1.0,0.05027980767298779,0.047002269050961526,0.9348140183164009,100,-2.5793227214490443e-07,0.4295902804963709,-0.25031218068426475,0.0,2024-04-05,1
henry_hub,krwusd,0.46149108158418845,1.0,0.04558872316490891,0.057497164465580466,1.261214626643412,40,-2.6869933698048144e-07,0.39377882982987766,-1.6912679524756897,0.0,2024-04-05,1
pw_bab_el_mandeb_strait_n_total_z,henry_hub,0.46149108158418845,1.0,0.03832363322582166,0.06691255007530411,1.745986599992295,40,-0.0003096810706192984,0.5580148954606686,-0.9279459575373304,0.0,2024-04-05,1
audusd,sp500,0.21973453445882837,1.0,0.04582770493209629,0.046040111421852686,1.004634892584543,60,-1.6194545141643408e-06,0.45279913005450234,-1.2702065892735905,0.0,2024-04-05,1
us2y,us10y,0.21973453445882837,1.0,0.03781652282407698,0.036315233534552314,0.9603007051571429,60,-1.6465517229522645e-05,0.4995511033149797,-0.3615080398696993,0.0,2024-04-05,1
pw_cape_of_good_hope_n_total_z,brlusd,0.17044250665156815,1.0,0.04489479222358633,0.03641106370282956,0.811030899118413,40,-1.7171219210588398e-06,0.3329583948482481,-1.3696789788072143,0.0,2024-04-05,1
krwusd,vix,0.15749569130820198,1.0,0.04857980448087073,0.04666687238559753,0.9606228943134908,40,-0.05096883898372771,0.2993842190935325,-2.0392539999192287,0.0,2024-04-05,1
cnyusd,wti,0.10549977645544117,1.0,0.036053851487515595,0.029041483047640457,0.8055029310168619,20,-0.026350855717256125,0.4432619032366698,-1.2536483129621627,0.0,2024-04-05,1
audusd,vix,0.06494273019612697,1.0,0.043347728560540984,0.04419736152607588,1.0196004033832653,20,-0.1140876560922019,0.35232384763291386,-1.8520756717413664,0.0,2024-04-05,1
brlusd,cnyusd,0.06494273019612697,1.0,0.03717363242335439,0.034015603602283694,0.9150465366121536,20,-2.707672353711856e-09,0.5031297473171652,-0.02698347389077944,0.0,2024-04-05,1
eurusd,audusd,0.06494273019612697,1.0,0.031960108874886255,0.024033742385026972,0.7519918808509537,20,-1.071238815296082e-06,0.24540498886382678,-1.3774437254876335,0.0,2024-04-05,1
pw_bab_el_mandeb_strait_capacity_z,cnyusd,0.06494273019612697,1.0,0.040252993939474374,0.023638098786329366,0.5872382765334755,20,-8.052518251198797e-07,0.2983218135203557,-2.255604270227381,0.0,2024-04-05,1
pw_bab_el_mandeb_strait_n_total_z,cnyusd,0.06494273019612697,1.0,0.0307002803699612,0.01519546449257787,0.4949617498427124,20,-6.296462030138997e-07,0.25071531608863584,-2.7206532902336558,0.0,2024-04-05,1
audusd,brlusd,0.0,,0.002699955535187245,0.0042215455435120905,1.563561135913048,0,,,,0.0,2024-04-05,1
audusd,cnyusd,0.0,,0.00022040547277035034,0.0,0.0,0,,,,0.0,2024-04-05,1
audusd,krwusd,0.0,,0.008488115700715008,0.012053336314512475,1.4200249783938672,0,,,,0.0,2024-04-05,1
audusd,us10y,0.0,,0.0,0.0,0.0,0,,,,0.0,2024-04-05,1
audusd,brent,0.0,,0.009619074018853565,0.00783748863667462,0.8147861864159684,0,,,,0.0,2024-04-05,1
audusd,henry_hub,0.0,,0.00630864635114265,0.014486027101816932,2.296217967455595,0,,,,0.0,2024-04-05,1
brlusd,krwusd,0.0,,0.012880768273620176,0.010862533635693743,0.84331411022588,0,,,,0.0,2024-04-05,1
brlusd,eurusd,0.0,,0.01975773227286947,0.01457198841741994,0.737533448483337,0,,,,0.0,2024-04-05,1
brlusd,sp500,0.0,,0.0016483833987201509,0.00016883195665903968,0.10242274751743152,0,,,,0.0,2024-04-05,1
brlusd,vix,0.0,,0.0015876596008277113,0.0026085384986148283,1.6430086759497384,0,,,,0.0,2024-04-05,1
brlusd,us10y,0.0,,0.02075370690988043,0.02575872509609208,1.241162612922362,0,,,,0.0,2024-04-05,1
brlusd,henry_hub,0.0,,0.013594870951691297,0.013578436769870791,0.9987911483765529,0,,,,0.0,2024-04-05,1
cnyusd,audusd,0.0,,0.01750674117829605,0.016124566939270585,0.9210490276317665,0,,,,0.0,2024-04-05,1
cnyusd,brlusd,0.0,,0.021622166449291047,0.021575830753990992,0.9978570280915781,0,,,,0.0,2024-04-05,1
cnyusd,krwusd,0.0,,0.014163570059336552,0.005213995301846342,0.36812719392094956,0,,,,0.0,2024-04-05,1
cnyusd,eurusd,0.0,,0.014271998555418438,0.011363578353040953,0.796214931560984,0,,,,0.0,2024-04-05,1
cnyusd,sp500,0.0,,0.016590434761582628,0.015063313178527084,0.9079516839069343,0,,,,0.0,2024-04-05,1
cnyusd,vix,0.0,,0.0012504156771233836,0.0007045453972692757,0.5634489475452693,0,,,,0.0,2024-04-05,1
cnyusd,brent,0.0,,0.0,0.0,0.0,0,,,,0.0,2024-04-05,1
cnyusd,henry_hub,0.0,,0.016464837973800467,0.0116675771535579,0.7086360140393627,0,,,,0.0,2024-04-05,1
krwusd,audusd,0.0,,0.027859724797839283,0.02388844794628248,0.8574545556219993,0,,,,0.0,2024-04-05,1
krwusd,brlusd,0.0,,2.4845091066771413e-05,0.0,0.0,0,,,,0.0,2024-04-05,1
krwusd,cnyusd,0.0,,0.037039753301656604,0.03828652176931255,1.0336602800105632,0,,,,0.0,2024-04-05,1
krwusd,eurusd,0.0,,0.014407160861412168,0.023538557925962184,1.6338096140098883,0,,,,0.0,2024-04-05,1
krwusd,sp500,0.0,,0.03423701960628508,0.04226673685730526,1.2345331849372227,0,,,,0.0,2024-04-05,1
krwusd,us10y,0.0,,0.023291926277107,0.01843624968686,0.7915296256531813,0,,,,0.0,2024-04-05,1
krwusd,wti,0.0,,0.0016362644113521313,0.0,0.0,0,,,,0.0,2024-04-05,1
krwusd,brent,0.0,,0.0020357290037011123,0.0,0.0,0,,,,0.0,2024-04-05,1
krwusd,henry_hub,0.0,,0.006364754048329038,0.010057955273964095,1.5802582782605161,0,,,,0.0,2024-04-05,1
eurusd,brlusd,0.0,,0.020971301765791553,0.020300859060979882,0.968030467908039,0,,,,0.0,2024-04-05,1
eurusd,cnyusd,0.0,,0.010163056661460286,0.003104696352338642,0.30548844267611724,0,,,,0.0,2024-04-05,1
eurusd,vix,0.0,,0.040632895403475235,0.038675191747146676,0.9518197352935592,0,,,,0.0,2024-04-05,1
eurusd,us10y,0.0,,0.024979298777260493,0.025818456257999365,1.0335941168013405,0,,,,0.0,2024-04-05,1
eurusd,brent,0.0,,0.037532488899894384,0.030012094844800268,0.7996297534343565,0,,,,0.0,2024-04-05,1
eurusd,henry_hub,0.0,,0.029309572307990573,0.021110152301363348,0.7202477088213313,0,,,,0.0,2024-04-05,1
sp500,us2y,0.0,,0.012680276880901483,0.009996834337089687,0.7883766601458453,0,,,,0.0,2024-04-05,1
sp500,us10y,0.0,,0.002224205960821347,0.0,0.0,0,,,,0.0,2024-04-05,1
sp500,brent,0.0,,0.01715485392408779,0.020019275168484018,1.1669743885358408,0,,,,0.0,2024-04-05,1
sp500,henry_hub,0.0,,0.0017028247212040033,0.0,0.0,0,,,,0.0,2024-04-05,1
vix,cnyusd,0.0,,0.0,0.0,0.0,0,,,,0.0,2024-04-05,1
vix,krwusd,0.0,,0.0,0.0,0.0,0,,,,0.0,2024-04-05,1
vix,eurusd,0.0,,0.00360878018172179,0.0014585770578663775,0.40417453666309866,0,,,,0.0,2024-04-05,1
vix,sp500,0.0,,0.023970999804968945,0.019337116125321897,0.8066879263548076,0,,,,0.0,2024-04-05,1
vix,us2y,0.0,,0.007175940836383196,0.0021907656385164584,0.3052931578544959,0,,,,0.0,2024-04-05,1
vix,us10y,0.0,,0.003244596254796676,0.0,0.0,0,,,,0.0,2024-04-05,1
vix,wti,0.0,,0.0,0.0,0.0,0,,,,0.0,2024-04-05,1
vix,brent,0.0,,0.0,0.0,0.0,0,,,,0.0,2024-04-05,1
vix,henry_hub,0.0,,0.025803139047913676,0.019601833393808738,0.7596685565043162,0,,,,0.0,2024-04-05,1
us2y,audusd,0.0,,0.03360418331719344,0.04838969273111894,1.439990142726086,0,,,,0.0,2024-04-05,1
us2y,brlusd,0.0,,0.0011633826344821263,0.0,0.0,0,,,,0.0,2024-04-05,1
us2y,sp500,0.0,,0.036084578816270696,0.03239536932424852,0.8977621573247047,0,,,,0.0,2024-04-05,1
us2y,vix,0.0,,0.00629777514891225,0.0033686603211034935,0.5348968868292047,0,,,,0.0,2024-04-05,1
us2y,brent,0.0,,0.008995107036103114,0.008387308814278656,0.9324301290262612,0,,,,0.0,2024-04-05,1
us2y,henry_hub,0.0,,0.0071515459883468,0.01614095439119202,2.256988127810847,0,,,,0.0,2024-04-05,1
us10y,audusd,0.0,,0.020495469543558333,0.010303694732214383,0.5027303575707932,0,,,,0.0,2024-04-05,1
us10y,brlusd,0.0,,0.006710282576170088,0.01215886847044886,1.811975625829541,0,,,,0.0,2024-04-05,1
us10y,vix,0.0,,0.031627211017731284,0.030287602228445204,0.9576437900725723,0,,,,0.0,2024-04-05,1
us10y,wti,0.0,,0.0068757746032577305,0.0,0.0,0,,,,0.0,2024-04-05,1
us10y,brent,0.0,,0.006815938696271278,0.007835319923990837,1.1495584501482123,0,,,,0.0,2024-04-05,1
us10y,henry_hub,0.0,,0.0,0.0,0.0,0,,,,0.0,2024-04-05,1
wti,audusd,0.0,,0.02708620108131428,0.02797409917865086,1.0327804587535572,0,,,,0.0,2024-04-05,1
wti,brlusd,0.0,,0.017712960690796073,0.02061490116021935,1.1638314745953888,0,,,,0.0,2024-04-05,1
wti,cnyusd,0.0,,0.011907306740836732,0.013287782950310302,1.1159352185611509,0,,,,0.0,2024-04-05,1
wti,krwusd,0.0,,0.0,0.0,0.0,0,,,,0.0,2024-04-05,1
wti,eurusd,0.0,,6.0255307702734486e-05,0.0,0.0,0,,,,0.0,2024-04-05,1
wti,vix,0.0,,0.03695635877224222,0.03680184425110334,0.9958190004028498,0,,,,0.0,2024-04-05,1
wti,us2y,0.0,,0.0022407288769832833,0.0012631077658001634,0.5637039709599756,0,,,,0.0,2024-04-05,1
wti,us10y,0.0,,0.016808996183784643,0.01688612874801265,1.0045887668356075,0,,,,0.0,2024-04-05,1
wti,henry_hub,0.0,,0.0008105751126145728,0.0009283723248950506,1.1453254737867706,0,,,,0.0,2024-04-05,1
brent,audusd,0.0,,0.012933956029137144,0.008243414919713365,0.63734675617753,0,,,,0.0,2024-04-05,1
brent,cnyusd,0.0,,0.013218309189950784,0.011930271976847118,0.9025565831004395,0,,,,0.0,2024-04-05,1
brent,krwusd,0.0,,0.01567849830200044,0.01697173832805017,1.082484942188929,0,,,,0.0,2024-04-05,1
brent,eurusd,0.0,,0.009849608718672024,0.016979811247597214,1.7239071858162627,0,,,,0.0,2024-04-05,1
brent,sp500,0.0,,0.03191972006239911,0.027066909651763473,0.8479682653497902,0,,,,0.0,2024-04-05,1
brent,us2y,0.0,,0.0,0.0,0.0,0,,,,0.0,2024-04-05,1
brent,henry_hub,0.0,,0.0004991025648222836,0.0,0.0,0,,,,0.0,2024-04-05,1
henry_hub,audusd,0.0,,0.009554203835981127,0.0027136553824344952,0.2840273694198223,0,,,,0.0,2024-04-05,1
henry_hub,eurusd,0.0,,0.0,0.0,0.0,0,,,,0.0,2024-04-05,1
henry_hub,sp500,0.0,,0.0010806733252563029,0.0,0.0,0,,,,0.0,2024-04-05,1
henry_hub,vix,0.0,,0.02731016618107666,0.02550437106682561,0.9338782817256419,0,,,,0.0,2024-04-05,1
henry_hub,us2y,0.0,,0.018849080626338995,0.01601870120816536,0.849839921941945,0,,,,0.0,2024-04-05,1
henry_hub,us10y,0.0,,9.965905148160807e-05,0.0,0.0,0,,,,0.0,2024-04-05,1
henry_hub,wti,0.0,,0.0066501451367735895,0.0,0.0,0,,,,0.0,2024-04-05,1
henry_hub,brent,0.0,,0.013577474753352909,0.005442825085009251,0.4008716778254487,0,,,,0.0,2024-04-05,1
pw_bab_el_mandeb_strait_capacity_z,audusd,0.0,,0.015179766765884709,0.002359513039464484,0.1554380298363541,0,,,,0.0,2024-04-05,1
pw_bab_el_mandeb_strait_capacity_z,brlusd,0.0,,0.003913345272324828,0.0,0.0,0,,,,0.0,2024-04-05,1
pw_bab_el_mandeb_strait_capacity_z,krwusd,0.0,,0.00014353607708199692,0.0,0.0,0,,,,0.0,2024-04-05,1
pw_bab_el_mandeb_strait_capacity_z,eurusd,0.0,,0.012365023427624314,0.0,0.0,0,,,,0.0,2024-04-05,1
pw_bab_el_mandeb_strait_capacity_z,sp500,0.0,,0.0070321371001366645,0.0,0.0,0,,,,0.0,2024-04-05,1
pw_bab_el_mandeb_strait_capacity_z,vix,0.0,,0.00042194775373438593,0.0,0.0,0,,,,0.0,2024-04-05,1
pw_bab_el_mandeb_strait_capacity_z,us2y,0.0,,0.0009477327978148743,0.0,0.0,0,,,,0.0,2024-04-05,1
pw_bab_el_mandeb_strait_capacity_z,us10y,0.0,,0.0,0.0,0.0,0,,,,0.0,2024-04-05,1
pw_bab_el_mandeb_strait_capacity_z,wti,0.0,,0.0,0.0,0.0,0,,,,0.0,2024-04-05,1
pw_bab_el_mandeb_strait_capacity_z,brent,0.0,,0.0,0.0,0.0,0,,,,0.0,2024-04-05,1
pw_bab_el_mandeb_strait_capacity_z,henry_hub,0.0,,0.03996496544796736,0.040174233810576165,1.0052362953467646,0,,,,0.0,2024-04-05,1
pw_bab_el_mandeb_strait_n_total_z,audusd,0.0,,0.007228203256628001,0.0,0.0,0,,,,0.0,2024-04-05,1
pw_bab_el_mandeb_strait_n_total_z,brlusd,0.0,,0.024762704118642117,0.0048572179058672905,0.19615054489184924,0,,,,0.0,2024-04-05,1
pw_bab_el_mandeb_strait_n_total_z,krwusd,0.0,,0.0003631941198350846,0.0,0.0,0,,,,0.0,2024-04-05,1
pw_bab_el_mandeb_strait_n_total_z,eurusd,0.0,,0.0018534254232736394,0.0,0.0,0,,,,0.0,2024-04-05,1
pw_bab_el_mandeb_strait_n_total_z,sp500,0.0,,0.008632141447734552,0.007450945959156066,0.8631630985508836,0,,,,0.0,2024-04-05,1
pw_bab_el_mandeb_strait_n_total_z,vix,0.0,,0.0,0.0,0.0,0,,,,0.0,2024-04-05,1
pw_bab_el_mandeb_strait_n_total_z,us2y,0.0,,0.0,0.0,0.0,0,,,,0.0,2024-04-05,1
pw_bab_el_mandeb_strait_n_total_z,us10y,0.0,,0.015624647612334024,0.009785865882030214,0.626309541490414,0,,,,0.0,2024-04-05,1
pw_bab_el_mandeb_strait_n_total_z,wti,0.0,,0.0,0.0,0.0,0,,,,0.0,2024-04-05,1
pw_bab_el_mandeb_strait_n_total_z,brent,0.0,,0.007755207131704343,0.0,0.0,0,,,,0.0,2024-04-05,1
pw_cape_of_good_hope_capacity_z,audusd,0.0,,0.00047711933279394683,0.0,0.0,0,,,,0.0,2024-04-05,1
pw_cape_of_good_hope_capacity_z,brlusd,0.0,,0.0018556456981176253,0.0,0.0,0,,,,0.0,2024-04-05,1
pw_cape_of_good_hope_capacity_z,cnyusd,0.0,,0.015392839785875849,0.014491799391000504,0.9414636670419891,0,,,,0.0,2024-04-05,1
pw_cape_of_good_hope_capacity_z,krwusd,0.0,,7.108256154482497e-05,0.0,0.0,0,,,,0.0,2024-04-05,1
pw_cape_of_good_hope_capacity_z,eurusd,0.0,,0.006354180208278531,0.0,0.0,0,,,,0.0,2024-04-05,1
pw_cape_of_good_hope_capacity_z,sp500,0.0,,0.02120743886898512,0.022853460111081265,1.0776152769914793,0,,,,0.0,2024-04-05,1
pw_cape_of_good_hope_capacity_z,vix,0.0,,0.023064894086261837,0.01780180735878354,0.7718139650763385,0,,,,0.0,2024-04-05,1
pw_cape_of_good_hope_capacity_z,us2y,0.0,,0.0,0.0,0.0,0,,,,0.0,2024-04-05,1
pw_cape_of_good_hope_capacity_z,us10y,0.0,,0.009546008692809733,0.0037987478316082283,0.39794095667119284,0,,,,0.0,2024-04-05,1
pw_cape_of_good_hope_capacity_z,wti,0.0,,0.0179768289150593,0.02245856245870264,1.2493061242791805,0,,,,0.0,2024-04-05,1
pw_cape_of_good_hope_n_total_z,audusd,0.0,,0.002171032758217694,0.0,0.0,0,,,,0.0,2024-04-05,1
pw_cape_of_good_hope_n_total_z,cnyusd,0.0,,0.0004303246184676506,0.0,0.0,0,,,,0.0,2024-04-05,1
pw_cape_of_good_hope_n_total_z,krwusd,0.0,,1.3098953190307062e-05,0.0,0.0,0,,,,0.0,2024-04-05,1
pw_cape_of_good_hope_n_total_z,eurusd,0.0,,0.016644213867267308,0.0053205138322763405,0.31966146762507786,0,,,,0.0,2024-04-05,1
pw_cape_of_good_hope_n_total_z,sp500,0.0,,3.73290229366826e-05,0.0,0.0,0,,,,0.0,2024-04-05,1
pw_cape_of_good_hope_n_total_z,vix,0.0,,0.0,0.0,0.0,0,,,,0.0,2024-04-05,1
pw_cape_of_good_hope_n_total_z,us2y,0.0,,0.0007313926246480185,0.0,0.0,0,,,,0.0,2024-04-05,1
pw_cape_of_good_hope_n_total_z,us10y,0.0,,0.026651139581344456,0.02696955292091918,1.0119474568283604,0,,,,0.0,2024-04-05,1
pw_cape_of_good_hope_n_total_z,wti,0.0,,0.003187998714547266,0.0,0.0,0,,,,0.0,2024-04-05,1
pw_cape_of_good_hope_n_total_z,brent,0.0,,0.0,0.0,0.0,0,,,,0.0,2024-04-05,1
pw_malacca_strait_capacity_z,audusd,0.0,,0.0,0.0,0.0,0,,,,0.0,2024-04-05,1
pw_malacca_strait_capacity_z,brlusd,0.0,,0.0,0.0,0.0,0,,,,0.0,2024-04-05,1
pw_malacca_strait_capacity_z,cnyusd,0.0,,0.002420044553254941,0.002498720255333029,1.0325100221697445,0,,,,0.0,2024-04-05,1
pw_malacca_strait_capacity_z,krwusd,0.0,,0.0034567612540487348,0.009059075147584725,2.6206829114895553,0,,,,0.0,2024-04-05,1
pw_malacca_strait_capacity_z,eurusd,0.0,,0.0008277490466509713,0.0,0.0,0,,,,0.0,2024-04-05,1
pw_malacca_strait_capacity_z,sp500,0.0,,0.0,0.0,0.0,0,,,,0.0,2024-04-05,1
pw_malacca_strait_capacity_z,vix,0.0,,0.0,0.0,0.0,0,,,,0.0,2024-04-05,1
pw_malacca_strait_capacity_z,us2y,0.0,,0.03967520381660542,0.037326625096313404,0.9408048732112863,0,,,,0.0,2024-04-05,1
pw_malacca_strait_capacity_z,us10y,0.0,,0.0,0.0,0.0,0,,,,0.0,2024-04-05,1
pw_malacca_strait_capacity_z,wti,0.0,,0.0,0.0,0.0,0,,,,0.0,2024-04-05,1
pw_malacca_strait_capacity_z,brent,0.0,,0.0,0.0,0.0,0,,,,0.0,2024-04-05,1
pw_malacca_strait_capacity_z,henry_hub,0.0,,0.0,0.0,0.0,0,,,,0.0,2024-04-05,1
pw_malacca_strait_n_total_z,audusd,0.0,,0.006866800766661515,0.011163771708021731,1.6257602466380143,0,,,,0.0,2024-04-05,1
pw_malacca_strait_n_total_z,brlusd,0.0,,0.000352832376587335,0.0,0.0,0,,,,0.0,2024-04-05,1
pw_malacca_strait_n_total_z,cnyusd,0.0,,0.02807920434402753,0.020297123161277304,0.7228525036748243,0,,,,0.0,2024-04-05,1
pw_malacca_strait_n_total_z,krwusd,0.0,,0.0,0.0,0.0,0,,,,0.0,2024-04-05,1
pw_malacca_strait_n_total_z,eurusd,0.0,,0.02552406469462366,0.0272460587448151,1.0674655103250132,0,,,,0.0,2024-04-05,1
pw_malacca_strait_n_total_z,sp500,0.0,,0.005664154381430434,0.004165484358193692,0.7354115155918004,0,,,,0.0,2024-04-05,1
pw_malacca_strait_n_total_z,vix,0.0,,0.0,0.0,0.0,0,,,,0.0,2024-04-05,1
pw_malacca_strait_n_total_z,us2y,0.0,,0.0019816410658123032,0.005983133063365772,3.0192819308138423,0,,,,0.0,2024-04-05,1
pw_malacca_strait_n_total_z,us10y,0.0,,0.0033427576538809425,0.003654047793044236,1.0931237533184273,0,,,,0.0,2024-04-05,1
pw_malacca_strait_n_total_z,wti,0.0,,0.0,0.0,0.0,0,,,,0.0,2024-04-05,1
pw_malacca_strait_n_total_z,brent,0.0,,0.013038139815120732,0.013301474126946116,1.0201972302459885,0,,,,0.0,2024-04-05,1
pw_malacca_strait_n_total_z,henry_hub,0.0,,0.012414850498385586,0.0140428348908987,1.1311320174757493,0,,,,0.0,2024-04-05,1
pw_panama_canal_capacity_z,audusd,0.0,,0.00011955411096956092,0.0,0.0,0,,,,0.0,2024-04-05,1
pw_panama_canal_capacity_z,brlusd,0.0,,0.0,0.0,0.0,0,,,,0.0,2024-04-05,1
pw_panama_canal_capacity_z,cnyusd,0.0,,0.006056527609084653,0.0,0.0,0,,,,0.0,2024-04-05,1
pw_panama_canal_capacity_z,krwusd,0.0,,0.018384220328139505,0.005043969392207502,0.2743640634292787,0,,,,0.0,2024-04-05,1
pw_panama_canal_capacity_z,eurusd,0.0,,0.0,0.0,0.0,0,,,,0.0,2024-04-05,1
pw_panama_canal_capacity_z,sp500,0.0,,0.01891999295556117,0.013390305815179172,0.7077331290043292,0,,,,0.0,2024-04-05,1
pw_panama_canal_capacity_z,vix,0.0,,0.02916677390238273,0.02724433167537511,0.9340879374098151,0,,,,0.0,2024-04-05,1
pw_panama_canal_capacity_z,us2y,0.0,,0.0,0.0,0.0,0,,,,0.0,2024-04-05,1
pw_panama_canal_capacity_z,us10y,0.0,,0.0,0.0,0.0,0,,,,0.0,2024-04-05,1
pw_panama_canal_capacity_z,wti,0.0,,0.0,0.0,0.0,0,,,,0.0,2024-04-05,1
pw_panama_canal_capacity_z,brent,0.0,,0.00016218285019912063,0.0008967244939082617,5.529095664598968,0,,,,0.0,2024-04-05,1
pw_panama_canal_capacity_z,henry_hub,0.0,,0.02338632830299413,0.0,0.0,0,,,,0.0,2024-04-05,1
pw_panama_canal_n_total_z,audusd,0.0,,0.008035374509712432,0.00259274551235224,0.3226664182507442,0,,,,0.0,2024-04-05,1
pw_panama_canal_n_total_z,brlusd,0.0,,0.0,0.0,0.0,0,,,,0.0,2024-04-05,1
pw_panama_canal_n_total_z,cnyusd,0.0,,0.00015888272885828574,0.0,0.0,0,,,,0.0,2024-04-05,1
pw_panama_canal_n_total_z,krwusd,0.0,,0.0,0.0,0.0,0,,,,0.0,2024-04-05,1
pw_panama_canal_n_total_z,eurusd,0.0,,0.00024587426804299376,0.0,0.0,0,,,,0.0,2024-04-05,1
pw_panama_canal_n_total_z,sp500,0.0,,0.004523364786368495,0.0,0.0,0,,,,0.0,2024-04-05,1
pw_panama_canal_n_total_z,vix,0.0,,0.0,0.0,0.0,0,,,,0.0,2024-04-05,1
pw_panama_canal_n_total_z,us2y,0.0,,0.005117147238043939,0.0,0.0,0,,,,0.0,2024-04-05,1
pw_panama_canal_n_total_z,us10y,0.0,,0.005437338101220424,0.0,0.0,0,,,,0.0,2024-04-05,1
pw_panama_canal_n_total_z,wti,0.0,,0.0,0.0,0.0,0,,,,0.0,2024-04-05,1
pw_panama_canal_n_total_z,brent,0.0,,0.0004821333457618217,5.173405551311048e-05,0.10730238007363958,0,,,,0.0,2024-04-05,1
pw_strait_of_hormuz_capacity_z,audusd,0.0,,0.01762850212543496,0.020195480795242478,1.1456152457844846,0,,,,0.0,2024-04-05,1
pw_strait_of_hormuz_capacity_z,brlusd,0.0,,0.0,0.0,0.0,0,,,,0.0,2024-04-05,1
pw_strait_of_hormuz_capacity_z,cnyusd,0.0,,0.0,0.0,0.0,0,,,,0.0,2024-04-05,1
pw_strait_of_hormuz_capacity_z,krwusd,0.0,,0.0,0.0,0.0,0,,,,0.0,2024-04-05,1
pw_strait_of_hormuz_capacity_z,eurusd,0.0,,0.0,0.0,0.0,0,,,,0.0,2024-04-05,1
pw_strait_of_hormuz_capacity_z,sp500,0.0,,0.0,0.0,0.0,0,,,,0.0,2024-04-05,1
pw_strait_of_hormuz_capacity_z,vix,0.0,,0.01340985071144836,0.010948292022858032,0.8164365329966853,0,,,,0.0,2024-04-05,1
pw_strait_of_hormuz_capacity_z,us2y,0.0,,0.0,0.0,0.0,0,,,,0.0,2024-04-05,1
pw_strait_of_hormuz_capacity_z,us10y,0.0,,0.005516755134478919,0.0,0.0,0,,,,0.0,2024-04-05,1
pw_strait_of_hormuz_capacity_z,wti,0.0,,0.017210318117313595,0.015271093451571814,0.8873219743805363,0,,,,0.0,2024-04-05,1
pw_strait_of_hormuz_capacity_z,henry_hub,0.0,,0.0,0.0,0.0,0,,,,0.0,2024-04-05,1
pw_strait_of_hormuz_n_total_z,audusd,0.0,,0.0013890051617487021,0.0,0.0,0,,,,0.0,2024-04-05,1
pw_strait_of_hormuz_n_total_z,brlusd,0.0,,0.02401296563256617,0.022003350098206875,0.9163112309779067,0,,,,0.0,2024-04-05,1
pw_strait_of_hormuz_n_total_z,cnyusd,0.0,,0.0,0.0,0.0,0,,,,0.0,2024-04-05,1
pw_strait_of_hormuz_n_total_z,krwusd,0.0,,0.0031865044822434077,0.0,0.0,0,,,,0.0,2024-04-05,1
pw_strait_of_hormuz_n_total_z,eurusd,0.0,,0.0,0.0,0.0,0,,,,0.0,2024-04-05,1
pw_strait_of_hormuz_n_total_z,sp500,0.0,,0.0,0.0,0.0,0,,,,0.0,2024-04-05,1
pw_strait_of_hormuz_n_total_z,vix,0.0,,0.0,0.0,0.0,0,,,,0.0,2024-04-05,1
pw_strait_of_hormuz_n_total_z,us2y,0.0,,0.0,0.0,0.0,0,,,,0.0,2024-04-05,1
pw_strait_of_hormuz_n_total_z,us10y,0.0,,0.007403364044261659,0.00826890550089405,1.1169119134838805,0,,,,0.0,2024-04-05,1
pw_strait_of_hormuz_n_total_z,wti,0.0,,0.0,0.0,0.0,0,,,,0.0,2024-04-05,1
pw_strait_of_hormuz_n_total_z,brent,0.0,,0.0,0.0,0.0,0,,,,0.0,2024-04-05,1
pw_strait_of_hormuz_n_total_z,henry_hub,0.0,,0.0,0.0,0.0,0,,,,0.0,2024-04-05,1
pw_suez_canal_capacity_z,audusd,0.0,,0.0,0.0,0.0,0,,,,0.0,2024-04-05,1
pw_suez_canal_capacity_z,cnyusd,0.0,,0.0,0.0,0.0,0,,,,0.0,2024-04-05,1
pw_suez_canal_capacity_z,krwusd,0.0,,0.0,0.0,0.0,0,,,,0.0,2024-04-05,1
pw_suez_canal_capacity_z,eurusd,0.0,,0.0031359788327880835,0.0,0.0,0,,,,0.0,2024-04-05,1
pw_suez_canal_capacity_z,sp500,0.0,,0.0,0.0,0.0,0,,,,0.0,2024-04-05,1
pw_suez_canal_capacity_z,vix,0.0,,0.0,0.0,0.0,0,,,,0.0,2024-04-05,1
pw_suez_canal_capacity_z,us2y,0.0,,0.0,0.0,0.0,0,,,,0.0,2024-04-05,1
pw_suez_canal_capacity_z,us10y,0.0,,0.008079038566968549,0.0,0.0,0,,,,0.0,2024-04-05,1
pw_suez_canal_capacity_z,wti,0.0,,0.00025267938181601783,0.0,0.0,0,,,,0.0,2024-04-05,1
pw_suez_canal_capacity_z,brent,0.0,,0.0,0.0,0.0,0,,,,0.0,2024-04-05,1
pw_suez_canal_capacity_z,henry_hub,0.0,,0.0,0.0,0.0,0,,,,0.0,2024-04-05,1
pw_suez_canal_n_total_z,audusd,0.0,,0.0003228516082326494,0.0,0.0,0,,,,0.0,2024-04-05,1
pw_suez_canal_n_total_z,brlusd,0.0,,0.0,0.0,0.0,0,,,,0.0,2024-04-05,1
pw_suez_canal_n_total_z,cnyusd,0.0,,0.0,0.0,0.0,0,,,,0.0,2024-04-05,1
pw_suez_canal_n_total_z,krwusd,0.0,,0.0,0.0,0.0,0,,,,0.0,2024-04-05,1
pw_suez_canal_n_total_z,eurusd,0.0,,0.0,0.0,0.0,0,,,,0.0,2024-04-05,1
pw_suez_canal_n_total_z,sp500,0.0,,0.0,0.0,0.0,0,,,,0.0,2024-04-05,1
pw_suez_canal_n_total_z,vix,0.0,,0.0028295672066234894,0.0005474789032402025,0.19348503260804564,0,,,,0.0,2024-04-05,1
pw_suez_canal_n_total_z,us2y,0.0,,0.0,0.0,0.0,0,,,,0.0,2024-04-05,1
pw_suez_canal_n_total_z,us10y,0.0,,0.0,0.0,0.0,0,,,,0.0,2024-04-05,1
pw_suez_canal_n_total_z,wti,0.0,,0.0028250575694994478,0.0,0.0,0,,,,0.0,2024-04-05,1
pw_suez_canal_n_total_z,brent,0.0,,0.0034279490648546455,0.005061376166291794,1.4765027340061747,0,,,,0.0,2024-04-05,1
eurusd,krwusd,1.0,1.0,0.21078088886667,0.21327583618286364,1.0118366865687325,180,2.4727108715254135e-06,0.5690795674433909,2.7272053342854266,0.8772260192396736,2024-05-03,1
us2y,krwusd,1.0,1.0,0.1658452574019244,0.1731350450206069,1.043955357740594,180,2.1085889412966856e-06,0.6152394465438679,2.7074356714314614,0.8749279654394997,2024-05-03,1
sp500,krwusd,1.0,1.0,0.2158216139510421,0.21484742521462635,0.9954861391378681,180,1.670030543058453e-06,0.5762811598744594,2.634592786736743,0.8622005030468453,2024-05-03,1
brlusd,us2y,1.0,1.0,0.058351418245972765,0.06184654072147977,1.0598978153499847,180,5.2174085097107704e-05,0.4831553072289904,1.962316492128701,0.7535668628496704,2024-05-03,1
brent,vix,1.0,1.0,0.09565882188655084,0.09850379903926106,1.0297408759234385,180,0.008952081879327991,0.6233698017086302,1.81822652789514,0.720706376688416,2024-05-03,1
us10y,krwusd,0.8157166192502439,1.0,0.0556954483712902,0.05728058473713086,1.0284607883084709,120,7.297758616007444e-07,0.5902898618878583,2.52288709501905,0.6945513716597544,2024-05-03,1
vix,brlusd,1.0,1.0,0.13180270888872617,0.144442876304127,1.095902182299396,180,1.0635872496662989e-06,0.5288651761475971,1.6259163781218715,0.6712189105724395,2024-05-03,1
wti,sp500,1.0,1.0,0.07363281121532526,0.07560244958937987,1.0267494659180507,180,6.902285169712589e-07,0.5240374491671064,1.598472073668976,0.6636094560189832,2024-05-03,1
pw_cape_of_good_hope_capacity_z,henry_hub,1.0,1.0,0.08115485492056318,0.0730096421022276,0.89963369626736,180,0.000177055204742663,0.54750629533001,1.6998793134213188,0.621681019638888,2024-05-03,1
wti,brent,1.0,1.0,0.4109114899474624,0.4014498443620169,0.9769740057970752,180,2.3515588567435472e-05,0.5303906492812294,1.2498119127172995,0.5417658908194068,2024-05-03,1
audusd,wti,1.0,1.0,0.07486382523918088,0.076108411509903,1.0166246684128926,180,0.022088197026357736,0.5384321132805792,0.8223079843929644,0.3894520827738428,2024-05-03,1
sp500,brlusd,1.0,1.0,0.0649098793601598,0.06123358501601111,0.9433631000336582,180,2.704317371243519e-07,0.5272505323857087,0.8691993108576692,0.385984679909317,2024-05-03,1
brlusd,audusd,1.0,0.54837211049247,0.06534548133777168,0.06452536113019681,0.9874494733103938,180,2.438526115118245e-07,0.5052630224837505,1.1654861444195779,0.28409600551591335,2024-05-03,1
us2y,wti,1.0,1.0,0.06889715029747757,0.07008479493842139,1.0172379356158552,180,0.013728781570129056,0.4514071833589894,0.48738290458398803,0.2389794360867692,2024-05-03,1
sp500,wti,0.8386637139383528,1.0,0.053458902042279224,0.04906456713912789,0.9177997539179542,180,0.0042797554025565095,0.558126144358659,0.3326197572136905,0.1268456071389275,2024-05-03,1
pw_suez_canal_n_total_z,henry_hub,0.5652714072859382,1.0,0.06438502756574531,0.03921608724070297,0.6090870614392198,140,0.00011369156606820153,0.5622340909004842,0.755314185076768,0.12417886524731864,2024-05-03,1
vix,audusd,1.0,1.0,0.06513531429238678,0.07014309383788957,1.0768827110133115,180,4.093573366688079e-08,0.49477809060700817,0.2309945684303849,0.11498644639902957,2024-05-03,1
henry_hub,cnyusd,0.45162788950752986,1.0,0.05464585187622159,0.041798982438394805,0.7649067770610247,120,2.5909905459050146e-08,0.5025037734680989,0.30037447673629974,0.05149606281284875,2024-05-03,1
us10y,cnyusd,0.350383025193787,1.0,0.046970940712391086,0.039126228719239,0.8329879735390817,100,3.637829599062984e-08,0.4779682352700415,0.32998822660226373,0.04772370369909471,2024-05-03,1
audusd,us2y,0.13208592140182504,1.0,0.04387543483322666,0.042896918072424475,0.9776978447160333,40,5.589368221485749e-05,0.5524668454893161,0.6254922979652149,0.03912084372298506,2024-05-03,1
pw_suez_canal_capacity_z,brlusd,0.2959179138942068,1.0,0.042689113238986345,0.03428614083037,0.8031588906151785,80,8.179476256627011e-08,0.5582242768890886,0.13058864720331065,0.015496427382097788,2024-05-03,1
us2y,eurusd,1.0,0.9455348887004196,0.0917306985814961,0.09212083478598729,1.004253060431504,180,7.511171212092861e-09,0.5186881801211107,0.029501879029299682,0.01394651642504111,2024-05-03,1
audusd,eurusd,0.9455348887004196,0.6099822756186953,0.06439428563412167,0.06695595466966167,1.0397809993590892,160,5.007041460044125e-09,0.4880341940159887,0.039102760632529605,0.01127500817521535,2024-05-03,1
brent,us10y,0.0884788343417863,1.0,0.04617024578829674,0.04661926400552352,1.0097252724034793,20,9.526109637754116e-06,0.39759815730182047,0.23458885524139234,0.010330740909268048,2024-05-03,1
sp500,cnyusd,1.0,1.0,0.10821230222960547,0.1031055638082353,0.9528081528980442,180,2.0665328511841295e-10,0.4098123024540803,0.005287421720773646,0.002518943393212042,2024-05-03,1
brlusd,wti,1.0,1.0,0.06776113384084823,0.061714711274013546,0.9107685744893818,180,-0.010004821889243766,0.5198672754625239,-0.7133439517437369,0.0,2024-05-03,1
brlusd,brent,1.0,1.0,0.056021295356848036,0.05452952026931481,0.9733712853651308,180,-1.991051924494077e-06,0.4833261492969371,-0.7163513863469656,0.0,2024-05-03,1
cnyusd,us2y,1.0,1.0,0.1150291547231123,0.09683450153852982,0.8418257247184073,180,-4.204118898346246e-05,0.5087532201913072,-1.2531973209615737,0.0,2024-05-03,1
cnyusd,us10y,1.0,1.0,0.08771150483993151,0.07643535919981444,0.8714405178580006,180,-3.875434040653958e-06,0.4983952837471962,-0.20402109778709684,0.0,2024-05-03,1
krwusd,us2y,1.0,1.0,0.06646685305906189,0.05117614782693975,0.7699499144553309,180,-1.4534100942436483e-05,0.5392428656232389,-0.23475494507510092,0.0,2024-05-03,1
eurusd,sp500,1.0,1.0,0.08395151869054658,0.0792870383078111,0.9444384037895823,180,-8.188726720507909e-07,0.47364912801376235,-0.7886351311438338,0.0,2024-05-03,1
eurusd,wti,1.0,1.0,0.09633215919167186,0.09046049281374091,0.939047702997624,180,-0.009920382286638817,0.47350319767187327,-0.27964326154506863,0.0,2024-05-03,1
sp500,audusd,1.0,1.0,0.2031390531507704,0.18140198097026475,0.8929941247467943,180,-2.1215596526747174e-07,0.4969762886398492,-0.27787797009282017,0.0,2024-05-03,1
sp500,eurusd,1.0,1.0,0.16912881602480623,0.15745511965289483,0.9309774842259925,180,-2.9256920585635434e-07,0.46830221083535883,-0.8954799689943533,0.0,2024-05-03,1
sp500,vix,1.0,1.0,0.054936169194042025,0.051169524772150574,0.9314359833029647,180,-0.002313624056789377,0.5080344645930757,-0.3390588767813179,0.0,2024-05-03,1
us2y,cnyusd,1.0,1.0,0.0966225264184358,0.09582925648820281,0.9917900104702537,180,-3.3951372385408425e-08,0.4144366153622575,-0.5613121351702746,0.0,2024-05-03,1
us10y,eurusd,1.0,0.8157166192502439,0.07568495198757944,0.06504214205307875,0.8593801058862102,180,-1.3408609890266984e-07,0.46674729551148864,-0.6152372578614587,0.0,2024-05-03,1
us10y,us2y,1.0,1.0,0.06997437990132006,0.0583708772240282,0.8341749838490107,180,-2.8677211193913008e-05,0.521058175566997,-0.5107424685867459,0.0,2024-05-03,1
brent,brlusd,1.0,1.0,0.0655724965396246,0.06112798452811745,0.9322198750077878,180,-8.847069399899402e-08,0.534782174948799,-0.28732321745678263,0.0,2024-05-03,1
brent,wti,1.0,1.0,0.11440468197792537,0.10640866095375143,0.9301075717712602,180,-0.01515692037517403,0.41200908911123574,-0.7294950492675479,0.0,2024-05-03,1
pw_cape_of_good_hope_capacity_z,brent,1.0,1.0,0.07146173363448012,0.056910987933130805,0.7963840931179339,180,-1.5992747480274893e-05,0.41133229993240616,-1.8691135262552214,0.0,2024-05-03,1
pw_panama_canal_n_total_z,henry_hub,1.0,1.0,0.36410474210625177,0.3009234832257582,0.8264750452987611,180,-0.00026528286673330415,0.4946655211531818,-1.4585418407753357,0.0,2024-05-03,1
eurusd,us2y,0.8987551356862571,1.0,0.0701745126692185,0.060213638919065296,0.8580556761810979,160,-1.8066118140775892e-05,0.4775046501183591,-0.5965973538451039,0.0,2024-05-03,1
pw_cape_of_good_hope_n_total_z,henry_hub,0.8386637139383528,0.7802654655411714,0.09356235180647923,0.04487621379145131,0.47963965125921104,180,-0.00031808554076202393,0.4764110147296957,-1.4684265586203267,0.0,2024-05-03,1
us10y,sp500,0.5517872302556467,1.0,0.05063710302025956,0.052494407723563126,1.036678731454295,100,-2.5793227214490427e-07,0.4295902804963708,-0.25031218068426464,0.0,2024-05-03,1
henry_hub,krwusd,0.54837211049247,1.0,0.04658991784167723,0.05179436171782415,1.1117075134975074,60,-3.4555781471671194e-07,0.41911622015697564,-1.6824752469688775,0.0,2024-05-03,1
pw_bab_el_mandeb_strait_n_total_z,henry_hub,0.54837211049247,1.0,0.042398402011617466,0.06358000229978693,1.4995848730894517,60,-0.00019430055448832478,0.5553035969902315,-0.7963838508590287,0.0,2024-05-03,1
henry_hub,brlusd,0.45162788950752986,0.5799114645855682,0.033035754134885346,0.006796459968462298,0.20573043196508478,120,-2.3061994697984676e-06,0.515401718994558,-1.4854727841034774,0.0,2024-05-03,1
pw_strait_of_hormuz_capacity_z,brent,0.3746371709661574,1.0,0.048844054247013054,0.04359272404757028,0.8924878313154379,60,-5.185965165730868e-06,0.4021796722531,-0.694802303607539,0.0,2024-05-03,1
audusd,sp500,0.184283380749756,1.0,0.04505941090006797,0.04106563899650912,0.911366530902586,60,-1.6194545141643412e-06,0.45279913005450234,-1.2702065892735914,0.0,2024-05-03,1
us2y,us10y,0.184283380749756,1.0,0.03697703310302886,0.032613169371851485,0.8819844815829768,60,-1.646551722952266e-05,0.49955110331497976,-0.3615080398696997,0.0,2024-05-03,1
pw_cape_of_good_hope_n_total_z,brlusd,0.14294394564136656,1.0,0.042748503387437665,0.03159159249994474,0.7390104915164922,40,-1.71712192105884e-06,0.33295839484824813,-1.3696789788072137,0.0,2024-05-03,1
krwusd,vix,0.13208592140182504,1.0,0.04798291301968837,0.044880131730536774,0.9353357040270052,40,-0.05096883898372772,0.2993842190935326,-2.039253999919229,0.0,2024-05-03,1
cnyusd,wti,0.0884788343417863,1.0,0.03477677563520957,0.02813823694425001,0.8091100002888593,20,-0.026350855717256125,0.4432619032366698,-1.253648312962163,0.0,2024-05-03,1
audusd,vix,0.05446511129958025,1.0,0.043448932363382126,0.043975013378554396,1.0121080308895147,20,-0.1140876560922019,0.35232384763291386,-1.852075671741366,0.0,2024-05-03,1
brlusd,cnyusd,0.05446511129958025,1.0,0.03637652506912925,0.0322329747840645,0.8860927403815942,20,-2.7076723537118476e-09,0.5031297473171652,-0.026983473890779357,0.0,2024-05-03,1
eurusd,audusd,0.05446511129958025,1.0,0.030788525442447874,0.024698361000073263,0.8021936953830808,20,-1.071238815296082e-06,0.2454049888638269,-1.3774437254876328,0.0,2024-05-03,1
pw_bab_el_mandeb_strait_capacity_z,cnyusd,0.05446511129958025,1.0,0.037317396755853834,0.022057476642771273,0.5910775820478743,20,-8.052518251198799e-07,0.29832181352035564,-2.255604270227381,0.0,2024-05-03,1
pw_bab_el_mandeb_strait_n_total_z,cnyusd,0.05446511129958025,1.0,0.028100920732716913,0.014588841953366804,0.519158859317429,20,-6.296462030138999e-07,0.25071531608863584,-2.7206532902336567,0.0,2024-05-03,1
audusd,brlusd,0.0,,0.0034112845305736402,0.007108938862810105,2.0839477912487907,0,,,,0.0,2024-05-03,1
audusd,cnyusd,0.0,,0.0001848460723659205,0.0,0.0,0,,,,0.0,2024-05-03,1
audusd,krwusd,0.0,,0.00745926815207549,0.002111078186374368,0.28301411657750564,0,,,,0.0,2024-05-03,1
audusd,us10y,0.0,,0.0,0.0,0.0,0,,,,0.0,2024-05-03,1
audusd,brent,0.0,,0.008503813305075573,0.002706427515066775,0.3182604577468111,0,,,,0.0,2024-05-03,1
audusd,henry_hub,0.0,,0.007922307777673299,0.016310496932443765,2.058806270870985,0,,,,0.0,2024-05-03,1
brlusd,krwusd,0.0,,0.011887537321401992,0.00672449074632748,0.565675679034117,0,,,,0.0,2024-05-03,1
brlusd,eurusd,0.0,,0.01862052547734086,0.012709058826313995,0.6825295473954013,0,,,,0.0,2024-05-03,1
brlusd,sp500,0.0,,0.0013824393431649663,0.0,0.0,0,,,,0.0,2024-05-03,1
brlusd,vix,0.0,,0.0015368612189374813,0.0012727993599590214,0.828181064285674,0,,,,0.0,2024-05-03,1
brlusd,us10y,0.0,,0.022189576036801814,0.029653559273983655,1.336373404557288,0,,,,0.0,2024-05-03,1
brlusd,henry_hub,0.0,,0.013431495081340703,0.012582229131684533,0.936770557222927,0,,,,0.0,2024-05-03,1
cnyusd,audusd,0.0,,0.017596585822079208,0.018063619274205786,1.0265411402444087,0,,,,0.0,2024-05-03,1
cnyusd,brlusd,0.0,,0.021194694334677862,0.018972594396728448,0.8951577266054879,0,,,,0.0,2024-05-03,1
cnyusd,krwusd,0.0,,0.013147702340448342,0.007866984562754304,0.5983543252688238,0,,,,0.0,2024-05-03,1
cnyusd,eurusd,0.0,,0.013644378567405455,0.01038186321554102,0.7608894142194108,0,,,,0.0,2024-05-03,1
cnyusd,sp500,0.0,,0.01623746122815856,0.014402622323101221,0.8869996436465443,0,,,,0.0,2024-05-03,1
cnyusd,vix,0.0,,0.001048678255743037,0.0,0.0,0,,,,0.0,2024-05-03,1
cnyusd,brent,0.0,,0.0,0.0,0.0,0,,,,0.0,2024-05-03,1
cnyusd,henry_hub,0.0,,0.01565937521563709,0.01147239158851797,0.7326212847280078,0,,,,0.0,2024-05-03,1
krwusd,audusd,0.0,,0.026767913618357946,0.021092423987009015,0.7879741502357296,0,,,,0.0,2024-05-03,1
krwusd,brlusd,0.0,,2.0836676347195106e-05,0.0,0.0,0,,,,0.0,2024-05-03,1
krwusd,cnyusd,0.0,,0.036642135717278944,0.03457522660351675,0.9435920130390346,0,,,,0.0,2024-05-03,1
krwusd,eurusd,0.0,,0.01573362269642759,0.022628881265392316,1.4382498997214632,0,,,,0.0,2024-05-03,1
krwusd,sp500,0.0,,0.03507582444824364,0.03943612801787984,1.1243107934945356,0,,,,0.0,2024-05-03,1
krwusd,us10y,0.0,,0.021485444891153033,0.012094932531610064,0.5629360989676477,0,,,,0.0,2024-05-03,1
krwusd,wti,0.0,,0.001372275588209731,0.0,0.0,0,,,,0.0,2024-05-03,1
krwusd,brent,0.0,,0.0018153866120331841,0.0006699953733649436,0.3690648421244921,0,,,,0.0,2024-05-03,1
krwusd,henry_hub,0.0,,0.0072055156106382,0.011575990669878033,1.6065457762366482,0,,,,0.0,2024-05-03,1
eurusd,brlusd,0.0,,0.020264286324415758,0.01658905485386227,0.8186350403998525,0,,,,0.0,2024-05-03,1
eurusd,cnyusd,0.0,,0.009050330600816983,0.003266120530067455,0.36088411287126004,0,,,,0.0,2024-05-03,1
eurusd,vix,0.0,,0.03986931275776651,0.0359000317411931,0.9004427028705129,0,,,,0.0,2024-05-03,1
eurusd,us10y,0.0,,0.02574742783823826,0.029740342183728077,1.1550801256955006,0,,,,0.0,2024-05-03,1
eurusd,brent,0.0,,0.03513722610537446,0.022686090405232895,0.6456426109789843,0,,,,0.0,2024-05-03,1
eurusd,henry_hub,0.0,,0.027508497940346058,0.018146092525418208,0.6596540663459406,0,,,,0.0,2024-05-03,1
sp500,us2y,0.0,,0.011426880562371849,0.004911433621111156,0.4298140331740461,0,,,,0.0,2024-05-03,1
sp500,us10y,0.0,,0.0018653608316662532,0.0,0.0,0,,,,0.0,2024-05-03,1
sp500,brent,0.0,,0.01727929142789634,0.017926146649649873,1.0374352863051564,0,,,,0.0,2024-05-03,1
sp500,henry_hub,0.0,,0.0014280973048709893,0.0,0.0,0,,,,0.0,2024-05-03,1
vix,cnyusd,0.0,,0.0,0.0,0.0,0,,,,0.0,2024-05-03,1
vix,krwusd,0.0,,0.0,0.0,0.0,0,,,,0.0,2024-05-03,1
vix,eurusd,0.0,,0.003716200428328121,0.004274595970770543,1.1502598025084556,0,,,,0.0,2024-05-03,1
vix,sp500,0.0,,0.022262304705383706,0.013380108311828101,0.601020805747591,0,,,,0.0,2024-05-03,1
vix,us2y,0.0,,0.006753798384535147,0.004559403279006016,0.6750872648858073,0,,,,0.0,2024-05-03,1
vix,us10y,0.0,,0.00272112514527825,0.0,0.0,0,,,,0.0,2024-05-03,1
vix,wti,0.0,,0.0,0.0,0.0,0,,,,0.0,2024-05-03,1
vix,brent,0.0,,0.0,0.0,0.0,0,,,,0.0,2024-05-03,1
vix,henry_hub,0.0,,0.02508078677044019,0.021325830842136132,0.8502855607093798,0,,,,0.0,2024-05-03,1
us2y,audusd,0.0,,0.03450154568448267,0.03916624495375759,1.1352026170634117,0,,,,0.0,2024-05-03,1
us2y,brlusd,0.0,,0.0009756868009661653,0.0,0.0,0,,,,0.0,2024-05-03,1
us2y,sp500,0.0,,0.034907943850926965,0.028791520360133088,0.8247841947691382,0,,,,0.0,2024-05-03,1
us2y,vix,0.0,,0.00528171549593541,0.0,0.0,0,,,,0.0,2024-05-03,1
us2y,brent,0.0,,0.009069795274166867,0.009458042187809872,1.042806579631277,0,,,,0.0,2024-05-03,1
us2y,henry_hub,0.0,,0.009464290911411249,0.021486479434011586,2.2702682784301347,0,,,,0.0,2024-05-03,1
us10y,audusd,0.0,,0.019242299864738886,0.012728031049649972,0.6614610072143104,0,,,,0.0,2024-05-03,1
us10y,brlusd,0.0,,0.008251552269720784,0.016263432280891645,1.9709542822107053,0,,,,0.0,2024-05-03,1
us10y,vix,0.0,,0.03205989930115312,0.034309114103417165,1.070156639643068,0,,,,0.0,2024-05-03,1
us10y,wti,0.0,,0.005766462664971131,0.0,0.0,0,,,,0.0,2024-05-03,1
us10y,brent,0.0,,0.007983930551971864,0.014055425139229874,1.760464353708397,0,,,,0.0,2024-05-03,1
us10y,henry_hub,0.0,,0.0,0.0,0.0,0,,,,0.0,2024-05-03,1
wti,audusd,0.0,,0.027083968207717846,0.02707236120901438,0.9995714439400294,0,,,,0.0,2024-05-03,1
wti,brlusd,0.0,,0.01829766043602447,0.02133706633684388,1.166108990351325,0,,,,0.0,2024-05-03,1
wti,cnyusd,0.0,,0.01212052300218689,0.013228870950320815,1.0914439045191322,0,,,,0.0,2024-05-03,1
wti,krwusd,0.0,,0.0,0.0,0.0,0,,,,0.0,2024-05-03,1
wti,eurusd,0.0,,5.0533940142473534e-05,0.0,0.0,0,,,,0.0,2024-05-03,1
wti,vix,0.0,,0.03685360746801725,0.036319482179051586,0.9855068383894522,0,,,,0.0,2024-05-03,1
wti,us2y,0.0,,0.0022873755782403726,0.0025298560311763914,1.1060081497952137,0,,,,0.0,2024-05-03,1
wti,us10y,0.0,,0.016521980402197822,0.01503000530335029,0.9096975627298853,0,,,,0.0,2024-05-03,1
wti,henry_hub,0.0,,0.0006797999343713362,0.0,0.0,0,,,,0.0,2024-05-03,1
brent,audusd,0.0,,0.012910707452192423,0.012789855916805079,0.990639433521761,0,,,,0.0,2024-05-03,1
brent,cnyusd,0.0,,0.01300113567609597,0.011872217004762937,0.9131676878498642,0,,,,0.0,2024-05-03,1
brent,krwusd,0.0,,0.015664120355789977,0.015589380431734284,0.9952285910502425,0,,,,0.0,2024-05-03,1
brent,eurusd,0.0,,0.010915440286384253,0.01645588182517561,1.5075783837782903,0,,,,0.0,2024-05-03,1
brent,sp500,0.0,,0.031573947123708146,0.02977653859261592,0.943073049307079,0,,,,0.0,2024-05-03,1
brent,us2y,0.0,,0.0,0.0,0.0,0,,,,0.0,2024-05-03,1
brent,henry_hub,0.0,,0.00041857921065001374,0.0,0.0,0,,,,0.0,2024-05-03,1
henry_hub,audusd,0.0,,0.008177198057163427,0.0010192002578552444,0.12463930196265698,0,,,,0.0,2024-05-03,1
henry_hub,eurusd,0.0,,0.0,0.0,0.0,0,,,,0.0,2024-05-03,1
henry_hub,sp500,0.0,,0.0009063215045135607,0.0,0.0,0,,,,0.0,2024-05-03,1
henry_hub,vix,0.0,,0.02694126957498925,0.02502365881752885,0.9288225541070788,0,,,,0.0,2024-05-03,1
henry_hub,us2y,0.0,,0.017606979904280763,0.011150250112888227,0.6332857862907698,0,,,,0.0,2024-05-03,1
henry_hub,us10y,0.0,,8.358043024313891e-05,0.0,0.0,0,,,,0.0,2024-05-03,1
henry_hub,wti,0.0,,0.005577235418635613,0.0,0.0,0,,,,0.0,2024-05-03,1
henry_hub,brent,0.0,,0.011386935402551169,0.0,0.0,0,,,,0.0,2024-05-03,1
pw_bab_el_mandeb_strait_capacity_z,audusd,0.0,,0.01273071957259485,0.0,0.0,0,,,,0.0,2024-05-03,1
pw_bab_el_mandeb_strait_capacity_z,brlusd,0.0,,0.0032819806800110343,0.0,0.0,0,,,,0.0,2024-05-03,1
pw_bab_el_mandeb_strait_capacity_z,krwusd,0.0,,0.0001203784994897292,0.0,0.0,0,,,,0.0,2024-05-03,1
pw_bab_el_mandeb_strait_capacity_z,eurusd,0.0,,0.010370096470746147,0.0,0.0,0,,,,0.0,2024-05-03,1
pw_bab_el_mandeb_strait_capacity_z,sp500,0.0,,0.005897598217324294,0.0,0.0,0,,,,0.0,2024-05-03,1
pw_bab_el_mandeb_strait_capacity_z,vix,0.0,,0.0003538722702348256,0.0,0.0,0,,,,0.0,2024-05-03,1
pw_bab_el_mandeb_strait_capacity_z,us2y,0.0,,0.0007948291080366083,0.0,0.0,0,,,,0.0,2024-05-03,1
pw_bab_el_mandeb_strait_capacity_z,us10y,0.0,,0.0,0.0,0.0,0,,,,0.0,2024-05-03,1
pw_bab_el_mandeb_strait_capacity_z,wti,0.0,,0.0,0.0,0.0,0,,,,0.0,2024-05-03,1
pw_bab_el_mandeb_strait_capacity_z,brent,0.0,,0.0,0.0,0.0,0,,,,0.0,2024-05-03,1
pw_bab_el_mandeb_strait_capacity_z,henry_hub,0.0,,0.03949103798115793,0.03702745226740277,0.937616587466488,0,,,,0.0,2024-05-03,1
pw_bab_el_mandeb_strait_n_total_z,audusd,0.0,,0.006062031788304937,0.0,0.0,0,,,,0.0,2024-05-03,1
pw_bab_el_mandeb_strait_n_total_z,brlusd,0.0,,0.021248873661318293,0.002983161877405862,0.1403915296854744,0,,,,0.0,2024-05-03,1
pw_bab_el_mandeb_strait_n_total_z,krwusd,0.0,,0.0003045977294214632,0.0,0.0,0,,,,0.0,2024-05-03,1
pw_bab_el_mandeb_strait_n_total_z,eurusd,0.0,,0.0015544006489904341,0.0,0.0,0,,,,0.0,2024-05-03,1
pw_bab_el_mandeb_strait_n_total_z,sp500,0.0,,0.008114710668959507,0.005424984574312208,0.6685370305393545,0,,,,0.0,2024-05-03,1
pw_bab_el_mandeb_strait_n_total_z,vix,0.0,,0.0,0.0,0.0,0,,,,0.0,2024-05-03,1
pw_bab_el_mandeb_strait_n_total_z,us2y,0.0,,0.0,0.0,0.0,0,,,,0.0,2024-05-03,1
pw_bab_el_mandeb_strait_n_total_z,us10y,0.0,,0.015165196143298393,0.012776860048536553,0.8425120208011775,0,,,,0.0,2024-05-03,1
pw_bab_el_mandeb_strait_n_total_z,wti,0.0,,0.0,0.0,0.0,0,,,,0.0,2024-05-03,1
pw_bab_el_mandeb_strait_n_total_z,brent,0.0,,0.006504010815436364,0.0,0.0,0,,,,0.0,2024-05-03,1
pw_cape_of_good_hope_capacity_z,audusd,0.0,,0.0004001426716327604,0.0,0.0,0,,,,0.0,2024-05-03,1
pw_cape_of_good_hope_capacity_z,brlusd,0.0,,0.0015562627129370552,0.0,0.0,0,,,,0.0,2024-05-03,1
pw_cape_of_good_hope_capacity_z,cnyusd,0.0,,0.015135685251708475,0.013798935894539762,0.9116822704133714,0,,,,0.0,2024-05-03,1
pw_cape_of_good_hope_capacity_z,krwusd,0.0,,5.961436506143445e-05,0.0,0.0,0,,,,0.0,2024-05-03,1
pw_cape_of_good_hope_capacity_z,eurusd,0.0,,0.00532902037250845,0.0,0.0,0,,,,0.0,2024-05-03,1
pw_cape_of_good_hope_capacity_z,sp500,0.0,,0.020843905852908,0.018954176289615897,0.9093389896966714,0,,,,0.0,2024-05-03,1
pw_cape_of_good_hope_capacity_z,vix,0.0,,0.021895638739065696,0.015817576227777342,0.7224076180776579,0,,,,0.0,2024-05-03,1
pw_cape_of_good_hope_capacity_z,us2y,0.0,,0.0,0.0,0.0,0,,,,0.0,2024-05-03,1
pw_cape_of_good_hope_capacity_z,us10y,0.0,,0.008155142720404433,0.0009250963961559863,0.11343718042375457,0,,,,0.0,2024-05-03,1
pw_cape_of_good_hope_capacity_z,wti,0.0,,0.01741608033225097,0.01450117817029091,0.8326315619616048,0,,,,0.0,2024-05-03,1
pw_cape_of_good_hope_n_total_z,audusd,0.0,,0.0018207663960886774,0.0,0.0,0,,,,0.0,2024-05-03,1
pw_cape_of_good_hope_n_total_z,cnyusd,0.0,,0.00036089764272318457,0.0,0.0,0,,,,0.0,2024-05-03,1
pw_cape_of_good_hope_n_total_z,krwusd,0.0,,1.0985616731287554e-05,0.0,0.0,0,,,,0.0,2024-05-03,1
pw_cape_of_good_hope_n_total_z,eurusd,0.0,,0.013958898217506637,0.0,0.0,0,,,,0.0,2024-05-03,1
pw_cape_of_good_hope_n_total_z,sp500,0.0,,3.130649701376818e-05,0.0,0.0,0,,,,0.0,2024-05-03,1
pw_cape_of_good_hope_n_total_z,vix,0.0,,0.0,0.0,0.0,0,,,,0.0,2024-05-03,1
pw_cape_of_good_hope_n_total_z,us2y,0.0,,0.0006133924549344268,0.0,0.0,0,,,,0.0,2024-05-03,1
pw_cape_of_good_hope_n_total_z,us10y,0.0,,0.025605320126120025,0.020168906224213513,0.7876842048789378,0,,,,0.0,2024-05-03,1
pw_cape_of_good_hope_n_total_z,wti,0.0,,0.002673658841972905,0.0,0.0,0,,,,0.0,2024-05-03,1
pw_cape_of_good_hope_n_total_z,brent,0.0,,0.0,0.0,0.0,0,,,,0.0,2024-05-03,1
pw_malacca_strait_capacity_z,audusd,0.0,,0.0,0.0,0.0,0,,,,0.0,2024-05-03,1
pw_malacca_strait_capacity_z,brlusd,0.0,,0.0,0.0,0.0,0,,,,0.0,2024-05-03,1
pw_malacca_strait_capacity_z,cnyusd,0.0,,0.0023207954945693153,0.0018048756962768997,0.777697001093085,0,,,,0.0,2024-05-03,1
pw_malacca_strait_capacity_z,krwusd,0.0,,0.004540555089102923,0.010174368690729572,2.240776400917915,0,,,,0.0,2024-05-03,1
pw_malacca_strait_capacity_z,eurusd,0.0,,0.0006942030896732346,0.0,0.0,0,,,,0.0,2024-05-03,1
pw_malacca_strait_capacity_z,sp500,0.0,,0.0,0.0,0.0,0,,,,0.0,2024-05-03,1
pw_malacca_strait_capacity_z,vix,0.0,,0.0,0.0,0.0,0,,,,0.0,2024-05-03,1
pw_malacca_strait_capacity_z,us2y,0.0,,0.039622719994877396,0.03934989682579014,0.9931144765144209,0,,,,0.0,2024-05-03,1
pw_malacca_strait_capacity_z,us10y,0.0,,0.0,0.0,0.0,0,,,,0.0,2024-05-03,1
pw_malacca_strait_capacity_z,wti,0.0,,0.0,0.0,0.0,0,,,,0.0,2024-05-03,1
pw_malacca_strait_capacity_z,brent,0.0,,0.0,0.0,0.0,0,,,,0.0,2024-05-03,1
pw_malacca_strait_capacity_z,henry_hub,0.0,,0.0,0.0,0.0,0,,,,0.0,2024-05-03,1
pw_malacca_strait_n_total_z,audusd,0.0,,0.006703878672823904,0.0058569715595149,0.8736690870104518,0,,,,0.0,2024-05-03,1
pw_malacca_strait_n_total_z,brlusd,0.0,,0.0006152595271259533,0.0019794171762296414,3.2172068679310732,0,,,,0.0,2024-05-03,1
pw_malacca_strait_n_total_z,cnyusd,0.0,,0.026662215510043406,0.019296376447253658,0.7237349214278497,0,,,,0.0,2024-05-03,1
pw_malacca_strait_n_total_z,krwusd,0.0,,0.0,0.0,0.0,0,,,,0.0,2024-05-03,1
pw_malacca_strait_n_total_z,eurusd,0.0,,0.02506379599611007,0.022671211751562118,0.9045402282671275,0,,,,0.0,2024-05-03,1
pw_malacca_strait_n_total_z,sp500,0.0,,0.0047503207498506405,0.0,0.0,0,,,,0.0,2024-05-03,1
pw_malacca_strait_n_total_z,vix,0.0,,0.0,0.0,0.0,0,,,,0.0,2024-05-03,1
pw_malacca_strait_n_total_z,us2y,0.0,,0.0016619304559469018,0.0,0.0,0,,,,0.0,2024-05-03,1
pw_malacca_strait_n_total_z,us10y,0.0,,0.0028034495487996463,0.0,0.0,0,,,,0.0,2024-05-03,1
pw_malacca_strait_n_total_z,wti,0.0,,0.0,0.0,0.0,0,,,,0.0,2024-05-03,1
pw_malacca_strait_n_total_z,brent,0.0,,0.0116427089610289,0.004388933315110971,0.3769683953967968,0,,,,0.0,2024-05-03,1
pw_malacca_strait_n_total_z,henry_hub,0.0,,0.01419992635027519,0.023479167741981506,1.6534710929346819,0,,,,0.0,2024-05-03,1
pw_panama_canal_capacity_z,audusd,0.0,,0.00010026569472232993,0.0,0.0,0,,,,0.0,2024-05-03,1
pw_panama_canal_capacity_z,brlusd,0.0,,0.0,0.0,0.0,0,,,,0.0,2024-05-03,1
pw_panama_canal_capacity_z,cnyusd,0.0,,0.005079389938205107,0.0,0.0,0,,,,0.0,2024-05-03,1
pw_panama_canal_capacity_z,krwusd,0.0,,0.01598921328208879,0.0035394070222501328,0.22136217459898402,0,,,,0.0,2024-05-03,1
pw_panama_canal_capacity_z,eurusd,0.0,,0.0,0.0,0.0,0,,,,0.0,2024-05-03,1
pw_panama_canal_capacity_z,sp500,0.0,,0.018188712750523913,0.014387347368580005,0.7910041554845924,0,,,,0.0,2024-05-03,1
pw_panama_canal_capacity_z,vix,0.0,,0.02897927934409188,0.028004638818777225,0.9663676755469988,0,,,,0.0,2024-05-03,1
pw_panama_canal_capacity_z,us2y,0.0,,0.0,0.0,0.0,0,,,,0.0,2024-05-03,1
pw_panama_canal_capacity_z,us10y,0.0,,0.0,0.0,0.0,0,,,,0.0,2024-05-03,1
pw_panama_canal_capacity_z,wti,0.0,,0.0,0.0,0.0,0,,,,0.0,2024-05-03,1
pw_panama_canal_capacity_z,brent,0.0,,0.0003322760736290482,0.0012164603942163069,3.6609930439179283,0,,,,0.0,2024-05-03,1
pw_panama_canal_capacity_z,henry_hub,0.0,,0.01961326494997067,0.0,0.0,0,,,,0.0,2024-05-03,1
pw_panama_canal_n_total_z,audusd,0.0,,0.007062803650487401,0.002007153066376322,0.28418644573784935,0,,,,0.0,2024-05-03,1
pw_panama_canal_n_total_z,brlusd,0.0,,0.0,0.0,0.0,0,,,,0.0,2024-05-03,1
pw_panama_canal_n_total_z,cnyusd,0.0,,0.00013324917946495022,0.0,0.0,0,,,,0.0,2024-05-03,1
pw_panama_canal_n_total_z,krwusd,0.0,,0.0,0.0,0.0,0,,,,0.0,2024-05-03,1
pw_panama_canal_n_total_z,eurusd,0.0,,0.00020620582679881124,0.0,0.0,0,,,,0.0,2024-05-03,1
pw_panama_canal_n_total_z,sp500,0.0,,0.0037935819112337654,0.0,0.0,0,,,,0.0,2024-05-03,1
pw_panama_canal_n_total_z,vix,0.0,,0.0,0.0,0.0,0,,,,0.0,2024-05-03,1
pw_panama_canal_n_total_z,us2y,0.0,,0.004291565707427314,0.0,0.0,0,,,,0.0,2024-05-03,1
pw_panama_canal_n_total_z,us10y,0.0,,0.004560098165908032,0.0,0.0,0,,,,0.0,2024-05-03,1
pw_panama_canal_n_total_z,wti,0.0,,0.0,0.0,0.0,0,,,,0.0,2024-05-03,1
pw_panama_canal_n_total_z,brent,0.0,,0.0004043477423701334,0.0,0.0,0,,,,0.0,2024-05-03,1
pw_strait_of_hormuz_capacity_z,audusd,0.0,,0.01686132486892484,0.012873358225463323,0.7634843836731195,0,,,,0.0,2024-05-03,1
pw_strait_of_hormuz_capacity_z,brlusd,0.0,,0.0,0.0,0.0,0,,,,0.0,2024-05-03,1
pw_strait_of_hormuz_capacity_z,cnyusd,0.0,,0.0,0.0,0.0,0,,,,0.0,2024-05-03,1
pw_strait_of_hormuz_capacity_z,krwusd,0.0,,0.0,0.0,0.0,0,,,,0.0,2024-05-03,1
pw_strait_of_hormuz_capacity_z,eurusd,0.0,,0.0,0.0,0.0,0,,,,0.0,2024-05-03,1
pw_strait_of_hormuz_capacity_z,sp500,0.0,,0.0,0.0,0.0,0,,,,0.0,2024-05-03,1
pw_strait_of_hormuz_capacity_z,vix,0.0,,0.012744840134891671,0.009287959766824866,0.7287623593957158,0,,,,0.0,2024-05-03,1
pw_strait_of_hormuz_capacity_z,us2y,0.0,,0.0,0.0,0.0,0,,,,0.0,2024-05-03,1
pw_strait_of_hormuz_capacity_z,us10y,0.0,,0.004626702349970567,0.0,0.0,0,,,,0.0,2024-05-03,1
pw_strait_of_hormuz_capacity_z,wti,0.0,,0.015788854596218267,0.008399755064237114,0.5320053467494099,0,,,,0.0,2024-05-03,1
pw_strait_of_hormuz_capacity_z,henry_hub,0.0,,0.0,0.0,0.0,0,,,,0.0,2024-05-03,1
pw_strait_of_hormuz_n_total_z,audusd,0.0,,0.001164908227631709,0.0,0.0,0,,,,0.0,2024-05-03,1
pw_strait_of_hormuz_n_total_z,brlusd,0.0,,0.022611146888756487,0.01532416549944523,0.677726148737075,0,,,,0.0,2024-05-03,1
pw_strait_of_hormuz_n_total_z,cnyusd,0.0,,0.0,0.0,0.0,0,,,,0.0,2024-05-03,1
pw_strait_of_hormuz_n_total_z,krwusd,0.0,,0.0026724056835594648,0.0,0.0,0,,,,0.0,2024-05-03,1
pw_strait_of_hormuz_n_total_z,eurusd,0.0,,0.0,0.0,0.0,0,,,,0.0,2024-05-03,1
pw_strait_of_hormuz_n_total_z,sp500,0.0,,0.0,0.0,0.0,0,,,,0.0,2024-05-03,1
pw_strait_of_hormuz_n_total_z,vix,0.0,,0.0,0.0,0.0,0,,,,0.0,2024-05-03,1
pw_strait_of_hormuz_n_total_z,us2y,0.0,,0.0,0.0,0.0,0,,,,0.0,2024-05-03,1
pw_strait_of_hormuz_n_total_z,us10y,0.0,,0.009489380489877419,0.02033298140770267,2.1427090450627855,0,,,,0.0,2024-05-03,1
pw_strait_of_hormuz_n_total_z,wti,0.0,,0.0,0.0,0.0,0,,,,0.0,2024-05-03,1
pw_strait_of_hormuz_n_total_z,brent,0.0,,0.0,0.0,0.0,0,,,,0.0,2024-05-03,1
pw_strait_of_hormuz_n_total_z,henry_hub,0.0,,0.0,0.0,0.0,0,,,,0.0,2024-05-03,1
pw_suez_canal_capacity_z,audusd,0.0,,0.0,0.0,0.0,0,,,,0.0,2024-05-03,1
pw_suez_canal_capacity_z,cnyusd,0.0,,0.0,0.0,0.0,0,,,,0.0,2024-05-03,1
pw_suez_canal_capacity_z,krwusd,0.0,,0.0,0.0,0.0,0,,,,0.0,2024-05-03,1
pw_suez_canal_capacity_z,eurusd,0.0,,0.0026300316547381145,0.0,0.0,0,,,,0.0,2024-05-03,1
pw_suez_canal_capacity_z,sp500,0.0,,0.0,0.0,0.0,0,,,,0.0,2024-05-03,1
pw_suez_canal_capacity_z,vix,0.0,,0.0,0.0,0.0,0,,,,0.0,2024-05-03,1
pw_suez_canal_capacity_z,us2y,0.0,,0.0,0.0,0.0,0,,,,0.0,2024-05-03,1
pw_suez_canal_capacity_z,us10y,0.0,,0.00677559648962503,0.0,0.0,0,,,,0.0,2024-05-03,1
pw_suez_canal_capacity_z,wti,0.0,,0.00021191302878946857,0.0,0.0,0,,,,0.0,2024-05-03,1
pw_suez_canal_capacity_z,brent,0.0,,0.0,0.0,0.0,0,,,,0.0,2024-05-03,1
pw_suez_canal_capacity_z,henry_hub,0.0,,0.0,0.0,0.0,0,,,,0.0,2024-05-03,1
pw_suez_canal_n_total_z,audusd,0.0,,0.0002707639288113638,0.0,0.0,0,,,,0.0,2024-05-03,1
pw_suez_canal_n_total_z,brlusd,0.0,,0.0,0.0,0.0,0,,,,0.0,2024-05-03,1
pw_suez_canal_n_total_z,cnyusd,0.0,,0.0,0.0,0.0,0,,,,0.0,2024-05-03,1
pw_suez_canal_n_total_z,krwusd,0.0,,0.0,0.0,0.0,0,,,,0.0,2024-05-03,1
pw_suez_canal_n_total_z,eurusd,0.0,,0.0,0.0,0.0,0,,,,0.0,2024-05-03,1
pw_suez_canal_n_total_z,sp500,0.0,,0.0,0.0,0.0,0,,,,0.0,2024-05-03,1
pw_suez_canal_n_total_z,vix,0.0,,0.0023730553423450262,0.0,0.0,0,,,,0.0,2024-05-03,1
pw_suez_canal_n_total_z,us2y,0.0,,0.0,0.0,0.0,0,,,,0.0,2024-05-03,1
pw_suez_canal_n_total_z,us10y,0.0,,0.0,0.0,0.0,0,,,,0.0,2024-05-03,1
pw_suez_canal_n_total_z,wti,0.0,,0.002369273273326063,0.0,0.0,0,,,,0.0,2024-05-03,1
pw_suez_canal_n_total_z,brent,0.0,,0.00452782737245922,0.010245251820815614,2.2627302187210074,0,,,,0.0,2024-05-03,1
sp500,krwusd,1.0,1.0,0.21605772671594056,0.21734161190876877,1.0059423248237551,200,1.9222139629279174e-06,0.5896740022769821,3.1478276948404003,0.9176460830923567,2024-06-06,1
us2y,krwusd,1.0,1.0,0.1669715982149215,0.1730961814940474,1.0366803896267585,200,1.8727821206086514e-06,0.6015613169089978,2.6600051038161823,0.8692499568480913,2024-06-06,1
eurusd,krwusd,1.0,1.0,0.2101820839203361,0.20692602614505584,0.9845083952230943,200,1.9046380066104373e-06,0.5436779598892192,2.3138419891193007,0.8073302722465558,2024-06-06,1
brlusd,us2y,1.0,1.0,0.05904844893339105,0.06283861834209808,1.0641874507657685,200,5.02652186105008e-05,0.4952570805566813,2.133724892511588,0.7882762131565659,2024-06-06,1
wti,brent,1.0,1.0,0.4088884524764313,0.3978879974408429,0.9730966845139202,200,3.5750523642323264e-05,0.5845798736482568,2.0899118025353225,0.7588573554151946,2024-06-06,1
wti,sp500,1.0,1.0,0.07411395263025447,0.0767302039733353,1.0353003887963308,200,6.168348197773596e-07,0.5204965502292745,1.6147194855721498,0.6681311885851797,2024-06-06,1
brent,vix,1.0,1.0,0.09583441147979384,0.09678919627881294,1.0099628597314485,200,0.007364503694042125,0.6189429467137845,1.5993029281199154,0.663841874350476,2024-06-06,1
us10y,krwusd,0.8443427488660563,1.0,0.055446819144035445,0.05409487451912685,0.9756172735284125,140,6.045095621365886e-07,0.5804040515778713,2.2010089016530197,0.6595645720297051,2024-06-06,1
vix,brlusd,1.0,1.0,0.13306820423102006,0.1399494532488915,1.0517121956942086,200,6.958806738713728e-07,0.5028283820919979,1.1741780890431088,0.5277987889345588,2024-06-06,1
sp500,brlusd,1.0,1.0,0.06459609797550918,0.062889882414858,0.9735863989602271,200,2.882895575483477e-07,0.522715990029796,1.0365151938440431,0.4637718746698295,2024-06-06,1
pw_cape_of_good_hope_capacity_z,henry_hub,1.0,1.0,0.07774457435339317,0.059200855527081035,0.7614789330246967,200,0.00010373391293434867,0.5301676025382484,1.1192685914252514,0.38660745738613356,2024-06-06,1
audusd,wti,1.0,1.0,0.0745650710771434,0.07294056744176915,0.9782136111196947,200,0.016493913929347622,0.5484681802878707,0.6918828428200984,0.3255214024190877,2024-06-06,1
brlusd,audusd,1.0,0.6185268821846289,0.06511011280472001,0.06383027444200917,0.9803434780316022,200,1.8919649489532676e-07,0.5051739630152904,1.0028776558243544,0.2808991118375905,2024-06-06,1
sp500,wti,0.7083877439534163,1.0,0.052819602914611144,0.049343354249469354,0.9341863915417626,180,0.004279755402556512,0.5581261443586591,0.3326197572136907,0.10905465718063655,2024-06-06,1
pw_suez_canal_n_total_z,henry_hub,0.47746352950962745,1.0,0.05970608264906246,0.0342638830323986,0.5738759187031781,140,0.00011369156606820161,0.5622340909004843,0.7553141850767685,0.09882560906020903,2024-06-06,1
vix,audusd,1.0,1.0,0.06573097990669267,0.0689699672711127,1.0492764198710847,200,3.1984170020915035e-08,0.5056012953996988,0.1935960364688883,0.0964968192192686,2024-06-06,1
us2y,wti,1.0,1.0,0.0683660043682178,0.06547784881211724,0.9577545070420524,200,0.0027360657985472728,0.4427526582337185,0.10799487908107602,0.0516660861733059,2024-06-06,1
audusd,eurusd,0.9539953658701902,0.6734882437868049,0.06480433930938703,0.06703404443424336,1.0344067256701952,180,1.6352984611781635e-08,0.48879934187622065,0.1476429827052665,0.04734468030451388,2024-06-06,1
henry_hub,cnyusd,0.38147311781537097,1.0,0.05255991500463057,0.041217438608818956,0.7841991107707778,120,2.590990545905014e-08,0.502503773468099,0.30037447673629963,0.044593858172911054,2024-06-06,1
us10y,cnyusd,0.2959553830831945,1.0,0.045676460602577275,0.03863760420650043,0.8458975081865322,100,3.637829599062985e-08,0.47796823527004156,0.32998822660226385,0.04093514572379077,2024-06-06,1
audusd,us2y,0.11156801744820091,1.0,0.043637393444995495,0.0423430211828192,0.9703380023417797,40,5.589368221485748e-05,0.552466845489316,0.6254922979652148,0.03279516203508072,2024-06-06,1
us10y,sp500,0.6214115055970416,1.0,0.051246076035554776,0.05455742363468123,1.064616607851673,120,7.126042547873818e-08,0.5162611195171868,0.08507826340235992,0.0264183724332056,2024-06-06,1
us2y,eurusd,1.0,0.9539953658701902,0.09241585952372959,0.09614148608532715,1.040313714342947,200,1.0397235622209992e-08,0.5236068488071883,0.04701119475428616,0.022420101988479484,2024-06-06,1
pw_suez_canal_capacity_z,brlusd,0.24995074895338468,1.0,0.04144715534003565,0.03469389336682191,0.8370633179090468,80,8.179476256627019e-08,0.5582242768890885,0.1305886472033108,0.013641797876399566,2024-06-06,1
brent,us10y,0.07473474863085972,1.0,0.04617262917643258,0.04618558907183542,1.0002806835052283,20,9.526109637754111e-06,0.3975981573018203,0.2345888552413923,0.008725988885005686,2024-06-06,1
brlusd,wti,1.0,1.0,0.06734707502968888,0.06509559160465571,0.966568950113414,200,-0.0029998308872808774,0.5547583119327376,-0.24128013426794595,0.0,2024-06-06,1
brlusd,brent,1.0,1.0,0.05568233161559626,0.05383918464094603,0.9668988901654761,200,-1.6931452440810839e-06,0.46433427617805084,-0.6773528284543748,0.0,2024-06-06,1
cnyusd,us2y,1.0,1.0,0.11203602697626454,0.09576061553853701,0.8547305551885059,200,-3.474200676827498e-05,0.49894237460716545,-1.18024472799638,0.0,2024-06-06,1
cnyusd,us10y,1.0,1.0,0.08534103046722194,0.07245135485646055,0.8489627376164376,200,-3.957746033437668e-06,0.47985810230360754,-0.23658201472897805,0.0,2024-06-06,1
eurusd,sp500,1.0,1.0,0.08327047595156965,0.07956724250448417,0.9555276536519464,200,-4.2527495541456e-07,0.47917963242474426,-0.467341573530672,0.0,2024-06-06,1
eurusd,wti,1.0,1.0,0.09526082960278912,0.08943537498835065,0.9388473243543125,200,-0.004589214140925882,0.48001086627596984,-0.14557868087181675,0.0,2024-06-06,1
sp500,audusd,1.0,1.0,0.19962303457106698,0.18050435543428975,0.9042260870452259,200,-9.0573594898926e-08,0.4765506733664221,-0.13254095064895885,0.0,2024-06-06,1
sp500,cnyusd,1.0,1.0,0.1068975480071421,0.09974844923158324,0.9331219573429205,200,-1.1337284285470995e-08,0.37889508965189445,-0.33204810234568355,0.0,2024-06-06,1
sp500,eurusd,1.0,1.0,0.1671568965076332,0.1564344001163997,0.9358537002345945,200,-2.4878336323178353e-07,0.4527624996317682,-0.8565013195955532,0.0,2024-06-06,1
sp500,vix,1.0,1.0,0.05459568243035714,0.05274425387910076,0.9660883705663341,200,-0.0026442009255631255,0.4745402101086886,-0.4241558170393838,0.0,2024-06-06,1
us2y,cnyusd,1.0,1.0,0.09702719700663937,0.09922763109325552,1.022678528850685,200,-1.7266979014699405e-08,0.4219757310777358,-0.32609205958621496,0.0,2024-06-06,1
us10y,eurusd,1.0,0.8443427488660563,0.07342577557633434,0.06114129301719669,0.8326952291247295,200,-7.712278864367525e-08,0.46168281053290516,-0.40288946797614833,0.0,2024-06-06,1
us10y,us2y,1.0,1.0,0.06752182135822596,0.05418580541102553,0.8024932432369029,200,-3.8695322925287396e-05,0.49610336763216534,-0.7784584754139131,0.0,2024-06-06,1
brent,brlusd,1.0,1.0,0.06455125933421454,0.05899818672945584,0.9139742173579041,200,-5.816764018613376e-08,0.5272695642410008,-0.2131047535862537,0.0,2024-06-06,1
brent,wti,1.0,1.0,0.1128341242238067,0.10429406987366584,0.9243131950649819,200,-0.009801971612177093,0.4598142410066273,-0.5303758835784805,0.0,2024-06-06,1
pw_cape_of_good_hope_capacity_z,brent,1.0,1.0,0.06897546501440503,0.055456147377846224,0.8039981661053623,200,-1.608087191288516e-05,0.3581922285079822,-2.1558613970989717,0.0,2024-06-06,1
pw_panama_canal_n_total_z,henry_hub,1.0,1.0,0.35277671550085504,0.29117951371936623,0.8253932329574639,200,-0.00024747942867242665,0.4967587690224702,-1.5234540280202487,0.0,2024-06-06,1
eurusd,us2y,0.9144822652678235,1.0,0.06873347048192198,0.06089766911257733,0.8859972977589485,180,-1.4750546291537857e-05,0.4940289914488525,-0.5612289180367637,0.0,2024-06-06,1
krwusd,us2y,0.8446624459604167,1.0,0.06387905553452172,0.04980766500540713,0.779718243931924,200,-8.480960205791355e-06,0.5325201950507705,-0.15635574678328315,0.0,2024-06-06,1
pw_cape_of_good_hope_n_total_z,henry_hub,0.7083877439534163,0.7802654655411715,0.08493289871359284,0.038009442233257675,0.44752319547495395,180,-0.000318085540762024,0.47641101472969577,-1.4684265586203271,0.0,2024-06-06,1
pw_bab_el_mandeb_strait_n_total_z,henry_hub,0.6185268821846289,1.0,0.04520557529570698,0.06046984198919165,1.3376633654949694,80,-9.484547471419634e-05,0.598085699216224,-0.4872440636241607,0.0,2024-06-06,1
henry_hub,krwusd,0.46318932814504565,1.0,0.04640094711208562,0.04537340113546293,0.9778550645929583,80,-3.485224479608194e-07,0.4453614746350449,-1.7778506265303202,0.0,2024-06-06,1
henry_hub,brlusd,0.38147311781537097,0.5799114645855681,0.02840567559994293,0.0032291914941308623,0.11368120722104388,120,-2.3061994697984676e-06,0.515401718994558,-1.4854727841034774,0.0,2024-06-06,1
pw_strait_of_hormuz_capacity_z,brent,0.3164419491759653,1.0,0.04723954539698205,0.03851487879455204,0.8153101066254672,60,-5.185965165730867e-06,0.40217967225309986,-0.694802303607539,0.0,2024-06-06,1
audusd,sp500,0.15565725113394366,1.0,0.04456839665676965,0.04189846088811397,0.9400935198719981,60,-1.6194545141643408e-06,0.4527991300545023,-1.270206589273591,0.0,2024-06-06,1
us2y,us10y,0.15565725113394366,1.0,0.03635953223631389,0.03300181364928609,0.9076523161737955,60,-1.6465517229522652e-05,0.4995511033149796,-0.36150803986969954,0.0,2024-06-06,1
pw_cape_of_good_hope_n_total_z,brlusd,0.1207393827606695,1.0,0.040839396151718485,0.03045844740243932,0.7458104250436538,40,-1.7171219210588396e-06,0.3329583948482481,-1.369678978807214,0.0,2024-06-06,1
krwusd,vix,0.11156801744820091,1.0,0.04735641749246115,0.04394978959952967,0.9280640708627549,40,-0.05096883898372772,0.2993842190935326,-2.039253999919229,0.0,2024-06-06,1
cnyusd,wti,0.07473474863085972,1.0,0.0336215617860626,0.027339978678482705,0.8131680155862406,20,-0.026350855717256125,0.44326190323666975,-1.2536483129621632,0.0,2024-06-06,1
audusd,vix,0.04600463412980979,1.0,0.04315405673009965,0.04155064295676937,0.9628444254184819,20,-0.11408765609220188,0.3523238476329138,-1.8520756717413662,0.0,2024-06-06,1
brlusd,cnyusd,0.04600463412980979,1.0,0.03539834896039723,0.030079425087222972,0.8497409051725849,20,-2.7076723537118534e-09,0.5031297473171651,-0.026983473890779423,0.0,2024-06-06,1
eurusd,audusd,0.04600463412980979,1.0,0.0307141475026957,0.030309710514454233,0.9868322248499336,20,-1.0712388152960817e-06,0.2454049888638267,-1.3774437254876333,0.0,2024-06-06,1
pw_bab_el_mandeb_strait_capacity_z,cnyusd,0.04600463412980979,1.0,0.034361546235277006,0.018288833194053337,0.5322470958910822,20,-8.052518251198797e-07,0.29832181352035564,-2.2556042702273817,0.0,2024-06-06,1
pw_bab_el_mandeb_strait_n_total_z,cnyusd,0.04600463412980979,1.0,0.02578486730084746,0.013191110634385649,0.5115834214105923,20,-6.296462030138996e-07,0.2507153160886358,-2.720653290233656,0.0,2024-06-06,1
audusd,brlusd,0.0,,0.003667698362961026,0.005061972504726018,1.3801496207663486,0,,,,0.0,2024-06-06,1
audusd,cnyusd,0.0,,0.00015613253561077463,0.0,0.0,0,,,,0.0,2024-06-06,1
audusd,krwusd,0.0,,0.006760779389649345,0.0029626815620217017,0.43821597944129403,0,,,,0.0,2024-06-06,1
audusd,us10y,0.0,,0.0,0.0,0.0,0,,,,0.0,2024-06-06,1
audusd,brent,0.0,,0.00729589924081579,0.0007277537956540266,0.0997483341851433,0,,,,0.0,2024-06-06,1
audusd,henry_hub,0.0,,0.008841024957131006,0.013836635353757053,1.5650487834667497,0,,,,0.0,2024-06-06,1
brlusd,krwusd,0.0,,0.011225645306714735,0.007626545710071517,0.6793859508022778,0,,,,0.0,2024-06-06,1
brlusd,eurusd,0.0,,0.01728403135817713,0.010016719865575098,0.5795360849560225,0,,,,0.0,2024-06-06,1
brlusd,sp500,0.0,,0.0011676945969896326,0.0,0.0,0,,,,0.0,2024-06-06,1
brlusd,vix,0.0,,0.001372051992122527,0.00047588644156357164,0.346842863314085,0,,,,0.0,2024-06-06,1
brlusd,us10y,0.0,,0.02361863332012972,0.03138926565573165,1.3290043174927977,0,,,,0.0,2024-06-06,1
brlusd,henry_hub,0.0,,0.012810795959287411,0.009435686560401054,0.7365417879097893,0,,,,0.0,2024-06-06,1
cnyusd,audusd,0.0,,0.018073663055002954,0.020667815029165707,1.1435321642473948,0,,,,0.0,2024-06-06,1
cnyusd,brlusd,0.0,,0.02083703972043784,0.018892259379709495,0.9066671481736044,0,,,,0.0,2024-06-06,1
cnyusd,krwusd,0.0,,0.011990669567492085,0.005699195891959918,0.47530255586485454,0,,,,0.0,2024-06-06,1
cnyusd,eurusd,0.0,,0.012973879720567235,0.009327979670926361,0.7189815129963707,0,,,,0.0,2024-06-06,1
cnyusd,sp500,0.0,,0.01584182876063306,0.013690540298627967,0.8642020126267844,0,,,,0.0,2024-06-06,1
cnyusd,vix,0.0,,0.0008857791405214172,0.0,0.0,0,,,,0.0,2024-06-06,1
cnyusd,brent,0.0,,0.0,0.0,0.0,0,,,,0.0,2024-06-06,1
cnyusd,henry_hub,0.0,,0.014761255527958527,0.009877645915008964,0.669160282219912,0,,,,0.0,2024-06-06,1
krwusd,audusd,0.0,,0.025445325389201277,0.018253628471189675,0.7173666750960992,0,,,,0.0,2024-06-06,1
krwusd,brlusd,0.0,,1.759995800910738e-05,0.0,0.0,0,,,,0.0,2024-06-06,1
krwusd,cnyusd,0.0,,0.03539489375279439,0.028612899180139085,0.8083905938516943,0,,,,0.0,2024-06-06,1
krwusd,eurusd,0.0,,0.016705442243961328,0.02198980172243501,1.3163256261823222,0,,,,0.0,2024-06-06,1
krwusd,sp500,0.0,,0.03537413957430556,0.03699625591059238,1.0458559941190786,0,,,,0.0,2024-06-06,1
krwusd,us10y,0.0,,0.019110918433888673,0.00619920923522608,0.32438049781182965,0,,,,0.0,2024-06-06,1
krwusd,wti,0.0,,0.001159109654869001,0.0,0.0,0,,,,0.0,2024-06-06,1
krwusd,brent,0.0,,0.0019044255825253124,0.0023885832935609435,1.2542276870664733,0,,,,0.0,2024-06-06,1
krwusd,henry_hub,0.0,,0.006772839274249034,0.004420121318418885,0.6526245699089004,0,,,,0.0,2024-06-06,1
eurusd,brlusd,0.0,,0.01969207973103729,0.016580652982071124,0.8419960313251144,0,,,,0.0,2024-06-06,1
eurusd,cnyusd,0.0,,0.00817390524167323,0.0034082605646142687,0.41696844578498987,0,,,,0.0,2024-06-06,1
eurusd,vix,0.0,,0.03930935539439661,0.03626453497668208,0.9225420924061105,0,,,,0.0,2024-06-06,1
eurusd,us10y,0.0,,0.02653750650869766,0.03083363300829046,1.161888853354958,0,,,,0.0,2024-06-06,1
eurusd,brent,0.0,,0.033354397815438856,0.02366010261802186,0.7093548127878427,0,,,,0.0,2024-06-06,1
eurusd,henry_hub,0.0,,0.025613828331938697,0.01531138552846553,0.5977780958800788,0,,,,0.0,2024-06-06,1
sp500,us2y,0.0,,0.010218045278946064,0.0036448906186023577,0.35671114377546664,0,,,,0.0,2024-06-06,1
sp500,us10y,0.0,,0.0015756002426739744,0.0,0.0,0,,,,0.0,2024-06-06,1
sp500,brent,0.0,,0.01751905817589318,0.01882281224280334,1.0744191870259425,0,,,,0.0,2024-06-06,1
sp500,henry_hub,0.0,,0.001206260162601809,0.0,0.0,0,,,,0.0,2024-06-06,1
vix,cnyusd,0.0,,0.0,0.0,0.0,0,,,,0.0,2024-06-06,1
vix,krwusd,0.0,,0.0,0.0,0.0,0,,,,0.0,2024-06-06,1
vix,eurusd,0.0,,0.003942450188082351,0.005172704370038031,1.3120531961759772,0,,,,0.0,2024-06-06,1
vix,sp500,0.0,,0.02083381597403589,0.013066275192882079,0.6271666798423248,0,,,,0.0,2024-06-06,1
vix,us2y,0.0,,0.0064159581274950426,0.004578920203087688,0.7136767591211538,0,,,,0.0,2024-06-06,1
vix,us10y,0.0,,0.002298432220975121,0.0,0.0,0,,,,0.0,2024-06-06,1
vix,wti,0.0,,0.0,0.0,0.0,0,,,,0.0,2024-06-06,1
vix,brent,0.0,,0.0,0.0,0.0,0,,,,0.0,2024-06-06,1
vix,henry_hub,0.0,,0.02531670598322329,0.026599538718362455,1.0506713920835224,0,,,,0.0,2024-06-06,1
us2y,audusd,0.0,,0.03554533798656279,0.04122105603427316,1.159675455888363,0,,,,0.0,2024-06-06,1
us2y,brlusd,0.0,,0.0008241259997953755,0.0,0.0,0,,,,0.0,2024-06-06,1
us2y,sp500,0.0,,0.03442926739255883,0.03182641948080486,0.9244001366024849,0,,,,0.0,2024-06-06,1
us2y,vix,0.0,,0.00459609598411673,0.0008679759076065618,0.18885069211046254,0,,,,0.0,2024-06-06,1
us2y,brent,0.0,,0.009606065434398415,0.012522084474593534,1.3035601891439474,0,,,,0.0,2024-06-06,1
us2y,henry_hub,0.0,,0.011496534123999425,0.022547046238370474,1.9612037850000994,0,,,,0.0,2024-06-06,1
us10y,audusd,0.0,,0.01756884534158154,0.00846928020761906,0.4820624260135162,0,,,,0.0,2024-06-06,1
us10y,brlusd,0.0,,0.008922171450856727,0.012568725829470885,1.408707050598541,0,,,,0.0,2024-06-06,1
us10y,vix,0.0,,0.03240314746291579,0.03426959137390972,1.0576006979917616,0,,,,0.0,2024-06-06,1
us10y,wti,0.0,,0.00487071445913394,0.0,0.0,0,,,,0.0,2024-06-06,1
us10y,brent,0.0,,0.007775791835009406,0.006644018138329629,0.8544490746801984,0,,,,0.0,2024-06-06,1
us10y,henry_hub,0.0,,0.0,0.0,0.0,0,,,,0.0,2024-06-06,1
wti,audusd,0.0,,0.026992579977797197,0.026495647949389568,0.9815900507170348,0,,,,0.0,2024-06-06,1
wti,brlusd,0.0,,0.019046976041384212,0.02312144957054887,1.21391708165705,0,,,,0.0,2024-06-06,1
wti,cnyusd,0.0,,0.012268920130774807,0.013075843365671568,1.065769703143858,0,,,,0.0,2024-06-06,1
wti,krwusd,0.0,,0.0,0.0,0.0,0,,,,0.0,2024-06-06,1
wti,eurusd,0.0,,4.2684121484758986e-05,0.0,0.0,0,,,,0.0,2024-06-06,1
wti,vix,0.0,,0.03679977847280948,0.03650707828812517,0.992046142753262,0,,,,0.0,2024-06-06,1
wti,us2y,0.0,,0.002432887028089347,0.003224119115555857,1.3252235218204518,0,,,,0.0,2024-06-06,1
wti,us10y,0.0,,0.017134669870595295,0.02046622603027911,1.1944336357131151,0,,,,0.0,2024-06-06,1
wti,henry_hub,0.0,,0.0005742014753298236,0.0,0.0,0,,,,0.0,2024-06-06,1
brent,audusd,0.0,,0.012603467291533105,0.010932820246751908,0.8674454413109381,0,,,,0.0,2024-06-06,1
brent,cnyusd,0.0,,0.012614521639524626,0.010512271737419396,0.8333468392873238,0,,,,0.0,2024-06-06,1
brent,krwusd,0.0,,0.016087864165414054,0.018392010673388907,1.1432226480957208,0,,,,0.0,2024-06-06,1
brent,eurusd,0.0,,0.01168198065474594,0.01585011544012303,1.3568003499204337,0,,,,0.0,2024-06-06,1
brent,sp500,0.0,,0.03121829717234509,0.029284417373082388,0.9380530017833311,0,,,,0.0,2024-06-06,1
brent,us2y,0.0,,0.0,0.0,0.0,0,,,,0.0,2024-06-06,1
brent,henry_hub,0.0,,0.0003535581398958212,0.0,0.0,0,,,,0.0,2024-06-06,1
henry_hub,audusd,0.0,,0.006906972112066428,0.0,0.0,0,,,,0.0,2024-06-06,1
henry_hub,eurusd,0.0,,0.0,0.0,0.0,0,,,,0.0,2024-06-06,1
henry_hub,sp500,0.0,,0.0007655357388289491,0.0,0.0,0,,,,0.0,2024-06-06,1
henry_hub,vix,0.0,,0.026515749253080347,0.024201942793775265,0.9127384092668517,0,,,,0.0,2024-06-06,1
henry_hub,us2y,0.0,,0.017203400801727046,0.01500890177018785,0.8724380686800665,0,,,,0.0,2024-06-06,1
henry_hub,us10y,0.0,,7.05972506435937e-05,0.0,0.0,0,,,,0.0,2024-06-06,1
henry_hub,wti,0.0,,0.004710881310401826,0.0,0.0,0,,,,0.0,2024-06-06,1
henry_hub,brent,0.0,,0.009618116709112133,0.0,0.0,0,,,,0.0,2024-06-06,1
pw_bab_el_mandeb_strait_capacity_z,audusd,0.0,,0.010753160733024118,0.0,0.0,0,,,,0.0,2024-06-06,1
pw_bab_el_mandeb_strait_capacity_z,brlusd,0.0,,0.002772165828772952,0.0,0.0,0,,,,0.0,2024-06-06,1
pw_bab_el_mandeb_strait_capacity_z,krwusd,0.0,,0.00010167919782003946,0.0,0.0,0,,,,0.0,2024-06-06,1
pw_bab_el_mandeb_strait_capacity_z,eurusd,0.0,,0.008759231049825927,0.0,0.0,0,,,,0.0,2024-06-06,1
pw_bab_el_mandeb_strait_capacity_z,sp500,0.0,,0.004981479735536932,0.0,0.0,0,,,,0.0,2024-06-06,1
pw_bab_el_mandeb_strait_capacity_z,vix,0.0,,0.00029890261733411333,0.0,0.0,0,,,,0.0,2024-06-06,1
pw_bab_el_mandeb_strait_capacity_z,us2y,0.0,,0.000671362298514738,0.0,0.0,0,,,,0.0,2024-06-06,1
pw_bab_el_mandeb_strait_capacity_z,us10y,0.0,,0.0,0.0,0.0,0,,,,0.0,2024-06-06,1
pw_bab_el_mandeb_strait_capacity_z,wti,0.0,,0.0,0.0,0.0,0,,,,0.0,2024-06-06,1
pw_bab_el_mandeb_strait_capacity_z,brent,0.0,,0.0,0.0,0.0,0,,,,0.0,2024-06-06,1
pw_bab_el_mandeb_strait_capacity_z,henry_hub,0.0,,0.03889879454882064,0.035678415618207775,0.9172113437455993,0,,,,0.0,2024-06-06,1
pw_bab_el_mandeb_strait_n_total_z,audusd,0.0,,0.005120370597799446,0.0,0.0,0,,,,0.0,2024-06-06,1
pw_bab_el_mandeb_strait_n_total_z,brlusd,0.0,,0.01794812560067299,0.0,0.0,0,,,,0.0,2024-06-06,1
pw_bab_el_mandeb_strait_n_total_z,krwusd,0.0,,0.0002572822631671223,0.0,0.0,0,,,,0.0,2024-06-06,1
pw_bab_el_mandeb_strait_n_total_z,eurusd,0.0,,0.0013129438541787193,0.0,0.0,0,,,,0.0,2024-06-06,1
pw_bab_el_mandeb_strait_n_total_z,sp500,0.0,,0.00787877088042793,0.006595826262736301,0.8371643702853881,0,,,,0.0,2024-06-06,1
pw_bab_el_mandeb_strait_n_total_z,vix,0.0,,0.0,0.0,0.0,0,,,,0.0,2024-06-06,1
pw_bab_el_mandeb_strait_n_total_z,us2y,0.0,,0.0,0.0,0.0,0,,,,0.0,2024-06-06,1
pw_bab_el_mandeb_strait_n_total_z,us10y,0.0,,0.01365052401237907,0.005414352953548213,0.3966406673207688,0,,,,0.0,2024-06-06,1
pw_bab_el_mandeb_strait_n_total_z,wti,0.0,,0.0,0.0,0.0,0,,,,0.0,2024-06-06,1
pw_bab_el_mandeb_strait_n_total_z,brent,0.0,,0.0054936936839194836,0.0,0.0,0,,,,0.0,2024-06-06,1
pw_cape_of_good_hope_capacity_z,audusd,0.0,,0.00033798548775446324,0.0,0.0,0,,,,0.0,2024-06-06,1
pw_cape_of_good_hope_capacity_z,brlusd,0.0,,0.0013145166696664067,0.0,0.0,0,,,,0.0,2024-06-06,1
pw_cape_of_good_hope_capacity_z,cnyusd,0.0,,0.01480668812174853,0.013017735526067045,0.8791794234489335,0,,,,0.0,2024-06-06,1
pw_cape_of_good_hope_capacity_z,krwusd,0.0,,5.035401540716844e-05,0.0,0.0,0,,,,0.0,2024-06-06,1
pw_cape_of_good_hope_capacity_z,eurusd,0.0,,0.004501223382415878,0.0,0.0,0,,,,0.0,2024-06-06,1
pw_cape_of_good_hope_capacity_z,sp500,0.0,,0.020583739711043405,0.019169062036336105,0.9312720771557216,0,,,,0.0,2024-06-06,1
pw_cape_of_good_hope_capacity_z,vix,0.0,,0.020885054037753575,0.015389905418103247,0.7368860712681501,0,,,,0.0,2024-06-06,1
pw_cape_of_good_hope_capacity_z,us2y,0.0,,0.0,0.0,0.0,0,,,,0.0,2024-06-06,1
pw_cape_of_good_hope_capacity_z,us10y,0.0,,0.006888342797373096,0.0,0.0,0,,,,0.0,2024-06-06,1
pw_cape_of_good_hope_capacity_z,wti,0.0,,0.016558604364586598,0.011895998772025882,0.7184179602399045,0,,,,0.0,2024-06-06,1
pw_cape_of_good_hope_n_total_z,audusd,0.0,,0.0015379329976427949,0.0,0.0,0,,,,0.0,2024-06-06,1
pw_cape_of_good_hope_n_total_z,cnyusd,0.0,,0.00030483668564391367,0.0,0.0,0,,,,0.0,2024-06-06,1
pw_cape_of_good_hope_n_total_z,krwusd,0.0,,9.279137898633026e-06,0.0,0.0,0,,,,0.0,2024-06-06,1
pw_cape_of_good_hope_n_total_z,eurusd,0.0,,0.011951564995978077,0.0010365032825571056,0.0867253186428646,0,,,,0.0,2024-06-06,1
pw_cape_of_good_hope_n_total_z,sp500,0.0,,2.6443422342101918e-05,0.0,0.0,0,,,,0.0,2024-06-06,1
pw_cape_of_good_hope_n_total_z,vix,0.0,,0.0,0.0,0.0,0,,,,0.0,2024-06-06,1
pw_cape_of_good_hope_n_total_z,us2y,0.0,,0.0005181095713185777,0.0,0.0,0,,,,0.0,2024-06-06,1
pw_cape_of_good_hope_n_total_z,us10y,0.0,,0.025249947102208244,0.02331757312180431,0.9234701770826705,0,,,,0.0,2024-06-06,1
pw_cape_of_good_hope_n_total_z,wti,0.0,,0.002258339217124529,0.0,0.0,0,,,,0.0,2024-06-06,1
pw_cape_of_good_hope_n_total_z,brent,0.0,,0.00045930945306056425,0.0029568474661544014,6.437593318517034,0,,,,0.0,2024-06-06,1
pw_malacca_strait_capacity_z,audusd,0.0,,0.0,0.0,0.0,0,,,,0.0,2024-06-06,1
pw_malacca_strait_capacity_z,brlusd,0.0,,0.0,0.0,0.0,0,,,,0.0,2024-06-06,1
pw_malacca_strait_capacity_z,cnyusd,0.0,,0.001960288799016833,0.0,0.0,0,,,,0.0,2024-06-06,1
pw_malacca_strait_capacity_z,krwusd,0.0,,0.005252607919570637,0.00912446163295302,1.7371297787059803,0,,,,0.0,2024-06-06,1
pw_malacca_strait_capacity_z,eurusd,0.0,,0.0005863672797166727,0.0,0.0,0,,,,0.0,2024-06-06,1
pw_malacca_strait_capacity_z,sp500,0.0,,0.0,0.0,0.0,0,,,,0.0,2024-06-06,1
pw_malacca_strait_capacity_z,vix,0.0,,0.0,0.0,0.0,0,,,,0.0,2024-06-06,1
pw_malacca_strait_capacity_z,us2y,0.0,,0.04043203481233351,0.04483275965630973,1.1088425270803786,0,,,,0.0,2024-06-06,1
pw_malacca_strait_capacity_z,us10y,0.0,,0.0,0.0,0.0,0,,,,0.0,2024-06-06,1
pw_malacca_strait_capacity_z,wti,0.0,,0.0,0.0,0.0,0,,,,0.0,2024-06-06,1
pw_malacca_strait_capacity_z,brent,0.0,,0.0,0.0,0.0,0,,,,0.0,2024-06-06,1
pw_malacca_strait_capacity_z,henry_hub,0.0,,0.0,0.0,0.0,0,,,,0.0,2024-06-06,1
pw_malacca_strait_n_total_z,audusd,0.0,,0.007289456758517288,0.010473592244753622,1.4368138246400688,0,,,,0.0,2024-06-06,1
pw_malacca_strait_n_total_z,brlusd,0.0,,0.0009820429353102381,0.0029764619449960113,3.03088779316529,0,,,,0.0,2024-06-06,1
pw_malacca_strait_n_total_z,cnyusd,0.0,,0.025720173622199142,0.020597732947094,0.800839576343919,0,,,,0.0,2024-06-06,1
pw_malacca_strait_n_total_z,krwusd,0.0,,0.0,0.0,0.0,0,,,,0.0,2024-06-06,1
pw_malacca_strait_n_total_z,eurusd,0.0,,0.02512916364068105,0.025484606308047403,1.0141446278295922,0,,,,0.0,2024-06-06,1
pw_malacca_strait_n_total_z,sp500,0.0,,0.0040835381449458325,0.00045784550761206313,0.11211980673640466,0,,,,0.0,2024-06-06,1
pw_malacca_strait_n_total_z,vix,0.0,,0.0,0.0,0.0,0,,,,0.0,2024-06-06,1
pw_malacca_strait_n_total_z,us2y,0.0,,0.0014037702439362208,0.0,0.0,0,,,,0.0,2024-06-06,1
pw_malacca_strait_n_total_z,us10y,0.0,,0.002367968553015736,0.0,0.0,0,,,,0.0,2024-06-06,1
pw_malacca_strait_n_total_z,wti,0.0,,0.0,0.0,0.0,0,,,,0.0,2024-06-06,1
pw_malacca_strait_n_total_z,brent,0.0,,0.01010549802866617,0.0017467701336992352,0.1728534436149697,0,,,,0.0,2024-06-06,1
pw_malacca_strait_n_total_z,henry_hub,0.0,,0.01784569075290692,0.037669874909544446,2.1108667314213276,0,,,,0.0,2024-06-06,1
pw_panama_canal_capacity_z,audusd,0.0,,8.469066695008365e-05,0.0,0.0,0,,,,0.0,2024-06-06,1
pw_panama_canal_capacity_z,brlusd,0.0,,0.0,0.0,0.0,0,,,,0.0,2024-06-06,1
pw_panama_canal_capacity_z,cnyusd,0.0,,0.004290369929191056,0.0,0.0,0,,,,0.0,2024-06-06,1
pw_panama_canal_capacity_z,krwusd,0.0,,0.013604552554622874,0.0006377373160242175,0.046876757869373085,0,,,,0.0,2024-06-06,1
pw_panama_canal_capacity_z,eurusd,0.0,,0.0,0.0,0.0,0,,,,0.0,2024-06-06,1
pw_panama_canal_capacity_z,sp500,0.0,,0.0175616280639925,0.014151796562364956,0.8058362533813767,0,,,,0.0,2024-06-06,1
pw_panama_canal_capacity_z,vix,0.0,,0.028581851956290677,0.026420803447787182,0.92439088580375,0,,,,0.0,2024-06-06,1
pw_panama_canal_capacity_z,us2y,0.0,,0.0,0.0,0.0,0,,,,0.0,2024-06-06,1
pw_panama_canal_capacity_z,us10y,0.0,,0.0,0.0,0.0,0,,,,0.0,2024-06-06,1
pw_panama_canal_capacity_z,wti,0.0,,0.0,0.0,0.0,0,,,,0.0,2024-06-06,1
pw_panama_canal_capacity_z,brent,0.0,,0.0002806611210856354,0.0,0.0,0,,,,0.0,2024-06-06,1
pw_panama_canal_capacity_z,henry_hub,0.0,,0.01671837308213106,0.0009771284037370866,0.05844638105255956,0,,,,0.0,2024-06-06,1
pw_panama_canal_n_total_z,audusd,0.0,,0.006220071098208776,0.0016376342026417153,0.2632822321136028,0,,,,0.0,2024-06-06,1
pw_panama_canal_n_total_z,brlusd,0.0,,0.0,0.0,0.0,0,,,,0.0,2024-06-06,1
pw_panama_canal_n_total_z,cnyusd,0.0,,0.00011255057784908339,0.0,0.0,0,,,,0.0,2024-06-06,1
pw_panama_canal_n_total_z,krwusd,0.0,,0.0,0.0,0.0,0,,,,0.0,2024-06-06,1
pw_panama_canal_n_total_z,eurusd,0.0,,0.0001741743180351739,0.0,0.0,0,,,,0.0,2024-06-06,1
pw_panama_canal_n_total_z,sp500,0.0,,0.0032042961760939052,0.0,0.0,0,,,,0.0,2024-06-06,1
pw_panama_canal_n_total_z,vix,0.0,,0.0,0.0,0.0,0,,,,0.0,2024-06-06,1
pw_panama_canal_n_total_z,us2y,0.0,,0.0036249243874354013,0.0,0.0,0,,,,0.0,2024-06-06,1
pw_panama_canal_n_total_z,us10y,0.0,,0.0038517436706354893,0.0,0.0,0,,,,0.0,2024-06-06,1
pw_panama_canal_n_total_z,wti,0.0,,0.0,0.0,0.0,0,,,,0.0,2024-06-06,1
pw_panama_canal_n_total_z,brent,0.0,,0.0003415373530889293,0.0,0.0,0,,,,0.0,2024-06-06,1
pw_strait_of_hormuz_capacity_z,audusd,0.0,,0.016981934672144074,0.017637761732276623,1.038619101580241,0,,,,0.0,2024-06-06,1
pw_strait_of_hormuz_capacity_z,brlusd,0.0,,0.0,0.0,0.0,0,,,,0.0,2024-06-06,1
pw_strait_of_hormuz_capacity_z,cnyusd,0.0,,0.0,0.0,0.0,0,,,,0.0,2024-06-06,1
pw_strait_of_hormuz_capacity_z,krwusd,0.0,,0.0,0.0,0.0,0,,,,0.0,2024-06-06,1
pw_strait_of_hormuz_capacity_z,eurusd,0.0,,0.0,0.0,0.0,0,,,,0.0,2024-06-06,1
pw_strait_of_hormuz_capacity_z,sp500,0.0,,0.0,0.0,0.0,0,,,,0.0,2024-06-06,1
pw_strait_of_hormuz_capacity_z,vix,0.0,,0.01258280020305161,0.011701692952345152,0.9299752649261036,0,,,,0.0,2024-06-06,1
pw_strait_of_hormuz_capacity_z,us2y,0.0,,0.0,0.0,0.0,0,,,,0.0,2024-06-06,1
pw_strait_of_hormuz_capacity_z,us10y,0.0,,0.003908001723656947,0.0,0.0,0,,,,0.0,2024-06-06,1
pw_strait_of_hormuz_capacity_z,wti,0.0,,0.014807372911597104,0.009470474661054204,0.6395783180172998,0,,,,0.0,2024-06-06,1
pw_strait_of_hormuz_capacity_z,henry_hub,0.0,,4.559992928596534e-06,2.935538000961797e-05,6.437593318517034,0,,,,0.0,2024-06-06,1
pw_strait_of_hormuz_n_total_z,audusd,0.0,,0.0009839542328708131,0.0,0.0,0,,,,0.0,2024-06-06,1
pw_strait_of_hormuz_n_total_z,brlusd,0.0,,0.021471399005126075,0.015273913528303382,0.7113608910465914,0,,,,0.0,2024-06-06,1
pw_strait_of_hormuz_n_total_z,cnyusd,0.0,,0.0,0.0,0.0,0,,,,0.0,2024-06-06,1
pw_strait_of_hormuz_n_total_z,krwusd,0.0,,0.0022572807212738566,0.0,0.0,0,,,,0.0,2024-06-06,1
pw_strait_of_hormuz_n_total_z,eurusd,0.0,,0.0,0.0,0.0,0,,,,0.0,2024-06-06,1
pw_strait_of_hormuz_n_total_z,sp500,0.0,,0.0,0.0,0.0,0,,,,0.0,2024-06-06,1
pw_strait_of_hormuz_n_total_z,vix,0.0,,0.0,0.0,0.0,0,,,,0.0,2024-06-06,1
pw_strait_of_hormuz_n_total_z,us2y,0.0,,0.0,0.0,0.0,0,,,,0.0,2024-06-06,1
pw_strait_of_hormuz_n_total_z,us10y,0.0,,0.010265394960463328,0.014485046060793792,1.4110558937656317,0,,,,0.0,2024-06-06,1
pw_strait_of_hormuz_n_total_z,wti,0.0,,0.0,0.0,0.0,0,,,,0.0,2024-06-06,1
pw_strait_of_hormuz_n_total_z,brent,0.0,,0.0,0.0,0.0,0,,,,0.0,2024-06-06,1
pw_strait_of_hormuz_n_total_z,henry_hub,0.0,,0.0,0.0,0.0,0,,,,0.0,2024-06-06,1
pw_suez_canal_capacity_z,audusd,0.0,,0.0,0.0,0.0,0,,,,0.0,2024-06-06,1
pw_suez_canal_capacity_z,cnyusd,0.0,,0.0,0.0,0.0,0,,,,0.0,2024-06-06,1
pw_suez_canal_capacity_z,krwusd,0.0,,0.0,0.0,0.0,0,,,,0.0,2024-06-06,1
pw_suez_canal_capacity_z,eurusd,0.0,,0.0022214889704444186,0.0,0.0,0,,,,0.0,2024-06-06,1
pw_suez_canal_capacity_z,sp500,0.0,,0.0,0.0,0.0,0,,,,0.0,2024-06-06,1
pw_suez_canal_capacity_z,vix,0.0,,0.0,0.0,0.0,0,,,,0.0,2024-06-06,1
pw_suez_canal_capacity_z,us2y,0.0,,0.0,0.0,0.0,0,,,,0.0,2024-06-06,1
pw_suez_canal_capacity_z,us10y,0.0,,0.005723091903767492,0.0,0.0,0,,,,0.0,2024-06-06,1
pw_suez_canal_capacity_z,wti,0.0,,0.00017899497722819276,0.0,0.0,0,,,,0.0,2024-06-06,1
pw_suez_canal_capacity_z,brent,0.0,,0.0,0.0,0.0,0,,,,0.0,2024-06-06,1
pw_suez_canal_capacity_z,henry_hub,0.0,,0.0,0.0,0.0,0,,,,0.0,2024-06-06,1
pw_suez_canal_n_total_z,audusd,0.0,,0.00022870412238765872,0.0,0.0,0,,,,0.0,2024-06-06,1
pw_suez_canal_n_total_z,brlusd,0.0,,0.0,0.0,0.0,0,,,,0.0,2024-06-06,1
pw_suez_canal_n_total_z,cnyusd,0.0,,0.0,0.0,0.0,0,,,,0.0,2024-06-06,1
pw_suez_canal_n_total_z,krwusd,0.0,,0.0,0.0,0.0,0,,,,0.0,2024-06-06,1
pw_suez_canal_n_total_z,eurusd,0.0,,0.0,0.0,0.0,0,,,,0.0,2024-06-06,1
pw_suez_canal_n_total_z,sp500,0.0,,0.0,0.0,0.0,0,,,,0.0,2024-06-06,1
pw_suez_canal_n_total_z,vix,0.0,,0.0020044307298645843,0.0,0.0,0,,,,0.0,2024-06-06,1
pw_suez_canal_n_total_z,us2y,0.0,,0.0,0.0,0.0,0,,,,0.0,2024-06-06,1
pw_suez_canal_n_total_z,us10y,0.0,,0.0,0.0,0.0,0,,,,0.0,2024-06-06,1
pw_suez_canal_n_total_z,wti,0.0,,0.0024551745427671473,0.0029222707115321165,1.1902496790466557,0,,,,0.0,2024-06-06,1
pw_suez_canal_n_total_z,brent,0.0,,0.006224224993736706,0.015448545364743355,2.4820030413889067,0,,,,0.0,2024-06-06,1
sp500,krwusd,1.0,1.0,0.21633677884738953,0.21791274781028735,1.0072847944362229,220,1.5709468425595173e-06,0.5711747077064486,2.886847777683223,0.8943848657231095,2024-07-10,1
us2y,krwusd,1.0,1.0,0.16797588504032218,0.1736476742449427,1.0337654967750818,220,1.5089104877638934e-06,0.5917237375098251,2.402083077812753,0.8339720214848354,2024-07-10,1
brlusd,us2y,1.0,1.0,0.05977218595399979,0.0638595479671728,1.0683823411832154,220,5.096730469320326e-05,0.5327080146050868,2.314675071858667,0.8201703027282625,2024-07-10,1
wti,brent,1.0,1.0,0.4073499284056928,0.3986609921429052,0.9786696015958691,220,3.5722972113727014e-05,0.6061599014722462,2.3388012017217332,0.806501969699225,2024-07-10,1
eurusd,krwusd,1.0,1.0,0.2098576688088396,0.20802550883156667,0.9912695114375741,220,1.563899658657821e-06,0.5149076324670292,2.1236345671724077,0.7794931067280659,2024-07-10,1
us10y,krwusd,0.8677583789291261,1.0,0.0550773754355438,0.05299091289860691,0.9621176114432206,160,4.6393575876195736e-07,0.552765574296915,1.9222708601662097,0.6218085326268884,2024-07-10,1
vix,brlusd,1.0,1.0,0.1333581855885884,0.1349958782196168,1.012280405764373,220,6.428792938808356e-07,0.4915100620839874,1.2115418663084567,0.5411433016363711,2024-07-10,1
brent,vix,1.0,1.0,0.09583336667022897,0.09582746602565116,0.9999384280779979,220,0.004117882401424267,0.6076924439572341,0.9592610667018358,0.44592021010062277,2024-07-10,1
brlusd,audusd,1.0,0.6759121523259101,0.0654551582655378,0.06740382977080099,1.0297710914907248,220,3.0774911240443705e-07,0.5329009111999559,1.5051802838407802,0.43034762548761635,2024-07-10,1
wti,sp500,1.0,1.0,0.07416051166630025,0.07442345750143708,1.0035456313505495,220,3.145169193206565e-07,0.49682323140140705,0.9087367749426803,0.42548319659268774,2024-07-10,1
eurusd,wti,1.0,1.0,0.09453103414468104,0.09040945662699627,0.9563997415771773,220,0.022290536397007867,0.5322609140242601,0.7537722356395107,0.3443040873027889,2024-07-10,1
pw_cape_of_good_hope_capacity_z,henry_hub,1.0,1.0,0.07482407288926293,0.0583303100942331,0.7795660920591687,220,7.60808108470204e-05,0.5258179378673912,0.9270722980175953,0.3375224022549357,2024-07-10,1
sp500,brlusd,1.0,1.0,0.06444236725643981,0.06357416087278198,0.9865273977257396,220,1.6771641068527077e-07,0.5169856748240679,0.6605121868606028,0.3144564657868613,2024-07-10,1
us10y,eurusd,1.0,0.8677583789291261,0.07286633427077562,0.06970684529090088,0.9566399351429716,220,1.0097608122935281e-07,0.48818223325411736,0.5220051266687861,0.2118771827298838,2024-07-10,1
audusd,eurusd,0.9609158754264301,0.7246034298409176,0.06502351697180372,0.06626134013959548,1.0190365459365802,200,4.562065041410928e-08,0.4814971931859889,0.42389515064530475,0.14540469442265613,2024-07-10,1
sp500,wti,0.7522551812857654,1.0,0.052508397448096364,0.05075083998467625,0.9665280688644625,180,0.004279755402556511,0.558126144358659,0.3326197572136906,0.11981723690852508,2024-07-10,1
pw_suez_canal_n_total_z,henry_hub,0.40563835404135096,1.0,0.05568541155231999,0.03297835382233791,0.5922260948247217,140,0.0001136915660682016,0.5622340909004842,0.7553141850767683,0.08664387072745246,2024-07-10,1
us2y,wti,1.0,1.0,0.06766529384028384,0.06370797576403196,0.9415162803313516,220,0.003923329779076156,0.4518080163850187,0.17256047039291236,0.08103326774560426,2024-07-10,1
sp500,audusd,1.0,1.0,0.1970051184755987,0.18222023046021002,0.9249517569401632,220,5.771047023952252e-08,0.5023366436332912,0.09344974182530053,0.0431868273278388,2024-07-10,1
vix,audusd,1.0,1.0,0.06564829777062539,0.06518134387369037,0.9928870372455574,220,1.2676052275164343e-08,0.5357285480730364,0.08573304969791537,0.042535566458621665,2024-07-10,1
henry_hub,cnyusd,0.3240878476740898,1.0,0.05087306717308783,0.04134646075069994,0.8127377224971503,120,2.5909905459050103e-08,0.5025037734680989,0.30037447673629925,0.039264306218980055,2024-07-10,1
us10y,cnyusd,0.2514346060878013,1.0,0.044498188091827706,0.037843800980950075,0.8504571220485326,100,3.6378295990629835e-08,0.4779682352700415,0.3299882266022636,0.034964701526334484,2024-07-10,1
audusd,us2y,0.09478476190176195,1.0,0.042943683617657276,0.03902590255121114,0.9087693291211923,40,5.589368221485746e-05,0.552466845489316,0.6254922979652148,0.026093912965792058,2024-07-10,1
pw_suez_canal_capacity_z,brlusd,0.21235048151423153,1.0,0.04072779112703475,0.036665124890363755,0.9002483040634572,80,8.179476256627028e-08,0.5582242768890887,0.1305886472033109,0.012464487304204448,2024-07-10,1
brent,us10y,0.06349234768873542,1.0,0.0465144225872803,0.04844472788336254,1.0414990703681248,20,9.526109637754123e-06,0.3975981573018205,0.23458885524139247,0.007413332223158756,2024-07-10,1
us2y,eurusd,1.0,0.9609158754264301,0.0920415425602294,0.08992755793054988,0.9770322772644082,220,9.281799769509159e-10,0.489054274567263,0.0045578763701815015,0.0021395678988573243,2024-07-10,1
audusd,wti,1.0,1.0,0.0736345120124515,0.06837910616235925,0.9286284962518178,220,-0.0013008913789083814,0.53034662433201,-0.058396001249025706,0.0,2024-07-10,1
brlusd,wti,1.0,1.0,0.06597268388616631,0.058210701299520926,0.8823455083313204,220,-0.010556796724216262,0.4950797773538735,-0.8610482391643012,0.0,2024-07-10,1
brlusd,brent,1.0,1.0,0.05522807170323401,0.05266260295280989,0.9535477399209306,220,-1.5848170784924692e-06,0.4816070842891611,-0.6909363197027482,0.0,2024-07-10,1
cnyusd,us2y,1.0,1.0,0.10902315520988934,0.09200772383388271,0.8439282797929593,220,-2.973102708456237e-05,0.46969088395640896,-1.14730143361518,0.0,2024-07-10,1
cnyusd,us10y,1.0,1.0,0.08324174843385593,0.07138588726635658,0.8575731361899488,220,-4.524300115990292e-06,0.464629228894387,-0.30486040353238497,0.0,2024-07-10,1
eurusd,sp500,1.0,1.0,0.08211528621116822,0.07559126086981903,0.9205504158559229,220,-4.586858736454288e-07,0.4744203276487261,-0.5706860164239563,0.0,2024-07-10,1
sp500,cnyusd,1.0,1.0,0.10552386995333168,0.09776591459718363,0.9264815121016786,220,-1.4659198644408433e-08,0.353136944991808,-0.49031526607489817,0.0,2024-07-10,1
sp500,eurusd,1.0,1.0,0.1651036959892345,0.15350808381884798,0.9297677008324357,220,-2.230208011105422e-07,0.4420138425953291,-0.8443995306890464,0.0,2024-07-10,1
sp500,vix,1.0,1.0,0.054626828536843156,0.05480272863437036,1.0032200312966835,220,-5.5239959570704793e-05,0.49852966916565294,-0.009959791392151685,0.0,2024-07-10,1
us2y,cnyusd,1.0,1.0,0.0971119783856543,0.09759078792301715,1.0049304889605006,220,-2.4965676968731543e-08,0.42836070214943434,-0.5371026751118568,0.0,2024-07-10,1
us10y,us2y,1.0,1.0,0.06612899708318262,0.05826291192969829,0.8810493807491182,220,-1.0703153227961707e-05,0.5163413925101741,-0.23559064369835236,0.0,2024-07-10,1
brent,brlusd,1.0,1.0,0.0630546050994896,0.054602132044119386,0.8659499485876785,220,-1.022931609080118e-07,0.5311421886503067,-0.4036219920561691,0.0,2024-07-10,1
brent,wti,1.0,1.0,0.11164051965578373,0.10489954353992398,0.9396189113357417,220,-0.007446823998331771,0.46866187274747584,-0.4523892231225137,0.0,2024-07-10,1
pw_cape_of_good_hope_capacity_z,brent,1.0,1.0,0.06685024468487874,0.054847894940184744,0.8204591501306968,220,-1.2806795925290086e-05,0.4119529556181375,-1.9525772990507708,0.0,2024-07-10,1
pw_panama_canal_n_total_z,henry_hub,1.0,1.0,0.34223127069617576,0.2826750378667364,0.825976648164592,220,-0.00017819105583642336,0.4872716794837707,-1.2371766807547242,0.0,2024-07-10,1
eurusd,us2y,0.9273467584137115,1.0,0.06775561322491763,0.062233087096264725,0.9184934521908813,200,-7.789241915952663e-06,0.5056657485362461,-0.3145617441815451,0.0,2024-07-10,1
krwusd,us2y,0.717599278528804,1.0,0.0603720838316258,0.04056618402062425,0.6719361242153071,200,-8.480960205791375e-06,0.5325201950507705,-0.1563557467832835,0.0,2024-07-10,1
pw_bab_el_mandeb_strait_n_total_z,henry_hub,0.6759121523259101,1.0,0.047456652130082794,0.0601697864310233,1.2678894049688272,100,-4.537867401995353e-05,0.5965827637889178,-0.29705779595360415,0.0,2024-07-10,1
pw_cape_of_good_hope_n_total_z,henry_hub,0.6018244760504492,0.7802654655411716,0.07810937057593761,0.039572956227241295,0.5066351954375132,180,-0.00031808554076202404,0.4764110147296958,-1.4684265586203273,0.0,2024-07-10,1
us10y,sp500,0.5279321345687389,1.0,0.05103837482089453,0.04986536579866965,0.9770171165061341,140,-3.988722606922511e-07,0.480441543115343,-0.5440302538262143,0.0,2024-07-10,1
henry_hub,krwusd,0.3935114308547141,1.0,0.04666582815784989,0.04816176479455231,1.0320563610623672,80,-3.485224479608194e-07,0.44536147463504494,-1.77785062653032,0.0,2024-07-10,1
henry_hub,brlusd,0.3240878476740898,0.5799114645855681,0.024368602559361144,0.0015689135554742737,0.06438258212191077,120,-2.306199469798468e-06,0.5154017189945581,-1.4854727841034774,0.0,2024-07-10,1
pw_strait_of_hormuz_capacity_z,brent,0.2688393635953867,1.0,0.04644276377969773,0.04194287663485711,0.9031089715895045,60,-5.1859651657308655e-06,0.40217967225309986,-0.6948023036075389,0.0,2024-07-10,1
audusd,sp500,0.13224162107087378,1.0,0.04400746480460517,0.040839557844992345,0.9280143272583764,60,-1.6194545141643406e-06,0.45279913005450223,-1.270206589273591,0.0,2024-07-10,1
us2y,us10y,0.13224162107087378,1.0,0.03445553926484869,0.023702588506064017,0.6879180826011694,60,-1.646551722952266e-05,0.49955110331497954,-0.3615080398696998,0.0,2024-07-10,1
pw_cape_of_good_hope_n_total_z,brlusd,0.10257647226230521,1.0,0.03886087468585296,0.02768701836574354,0.7124651359384562,40,-1.7171219210588409e-06,0.33295839484824813,-1.3696789788072143,0.0,2024-07-10,1
krwusd,vix,0.09478476190176195,1.0,0.046564607487075166,0.04209279791328432,0.9039654833334078,40,-0.050968838983727706,0.2993842190935325,-2.0392539999192283,0.0,2024-07-10,1
cnyusd,wti,0.06349234768873542,1.0,0.0326544484073916,0.027192599180601462,0.8327379731346555,20,-0.026350855717256132,0.44326190323667,-1.2536483129621632,0.0,2024-07-10,1
audusd,vix,0.0390841245735698,1.0,0.042471323408477625,0.03861553302542091,0.9092142633283928,20,-0.11408765609220187,0.3523238476329138,-1.8520756717413662,0.0,2024-07-10,1
brlusd,cnyusd,0.0390841245735698,1.0,0.034610994804001476,0.030164349989481642,0.8715250792500843,20,-2.707672353711861e-09,0.5031297473171651,-0.026983473890779503,0.0,2024-07-10,1
eurusd,audusd,0.0390841245735698,1.0,0.030990556595220233,0.032551598786940875,1.0503715442129686,20,-1.071238815296082e-06,0.24540498886382672,-1.3774437254876337,0.0,2024-07-10,1
pw_bab_el_mandeb_strait_capacity_z,cnyusd,0.0390841245735698,1.0,0.03170459402714933,0.016699246480905337,0.5267137773978564,20,-8.052518251198798e-07,0.2983218135203557,-2.2556042702273813,0.0,2024-07-10,1
pw_bab_el_mandeb_strait_n_total_z,cnyusd,0.0390841245735698,1.0,0.02375513982017134,0.012292093485149078,0.5174498478308859,20,-6.296462030138997e-07,0.25071531608863584,-2.720653290233656,0.0,2024-07-10,1
audusd,brlusd,0.0,,0.00408480487035721,0.00644044683039466,1.576684085237945,0,,,,0.0,2024-07-10,1
audusd,cnyusd,0.0,,0.00013264540816866762,0.0,0.0,0,,,,0.0,2024-07-10,1
audusd,krwusd,0.0,,0.005910124873681457,0.0011059862765197934,0.18713416385580817,0,,,,0.0,2024-07-10,1
audusd,us10y,0.0,,0.0,0.0,0.0,0,,,,0.0,2024-07-10,1
audusd,brent,0.0,,0.006198371972694061,0.0,0.0,0,,,,0.0,2024-07-10,1
audusd,henry_hub,0.0,,0.009253519102882798,0.011583112386067365,1.2517521450254332,0,,,,0.0,2024-07-10,1
brlusd,krwusd,0.0,,0.01040832981415501,0.005792475986121502,0.5565231011649835,0,,,,0.0,2024-07-10,1
brlusd,eurusd,0.0,,0.016976997212797183,0.015242997615101481,0.8978618199696339,0,,,,0.0,2024-07-10,1
brlusd,sp500,0.0,,0.0009920374752650136,0.0,0.0,0,,,,0.0,2024-07-10,1
brlusd,vix,0.0,,0.0013435777009378883,0.0011827668914504486,0.8803114926846544,0,,,,0.0,2024-07-10,1
brlusd,us10y,0.0,,0.02532195096152203,0.034941571936470274,1.3798925678975422,0,,,,0.0,2024-07-10,1
brlusd,henry_hub,0.0,,0.012298259401756795,0.009403668692757185,0.7646341149231151,0,,,,0.0,2024-07-10,1
cnyusd,audusd,0.0,,0.018039704002112633,0.017847917567489643,0.9893686484766863,0,,,,0.0,2024-07-10,1
cnyusd,brlusd,0.0,,0.020162218329715178,0.016351111201608884,0.8109777869784563,0,,,,0.0,2024-07-10,1
cnyusd,krwusd,0.0,,0.010901203231889969,0.004748356012570673,0.4355809089660866,0,,,,0.0,2024-07-10,1
cnyusd,eurusd,0.0,,0.012619273748814133,0.010616608502577547,0.8413010696099067,0,,,,0.0,2024-07-10,1
cnyusd,sp500,0.0,,0.015589073120637502,0.014161615671156568,0.9084321794865916,0,,,,0.0,2024-07-10,1
cnyusd,vix,0.0,,0.0008856427619853814,0.0008848725534265658,0.999130339464313,0,,,,0.0,2024-07-10,1
cnyusd,brent,0.0,,0.0,0.0,0.0,0,,,,0.0,2024-07-10,1
cnyusd,henry_hub,0.0,,0.014077344650000342,0.010214903924485303,0.725627181720315,0,,,,0.0,2024-07-10,1
krwusd,audusd,0.0,,0.025237920381355566,0.024066584210521866,0.9535882452621167,0,,,,0.0,2024-07-10,1
krwusd,brlusd,0.0,,1.4952383913685405e-05,0.0,0.0,0,,,,0.0,2024-07-10,1
krwusd,cnyusd,0.0,,0.03420275077437821,0.027470029101316948,0.8031526260132023,0,,,,0.0,2024-07-10,1
krwusd,eurusd,0.0,,0.017080720899698993,0.019200136762282063,1.1240823426030233,0,,,,0.0,2024-07-10,1
krwusd,sp500,0.0,,0.035017676239255245,0.03300452138702988,0.9425103242582216,0,,,,0.0,2024-07-10,1
krwusd,us10y,0.0,,0.016479876831239658,0.0016208614768776443,0.09835398003734468,0,,,,0.0,2024-07-10,1
krwusd,wti,0.0,,0.000984743972041993,0.0,0.0,0,,,,0.0,2024-07-10,1
krwusd,brent,0.0,,0.0019176580616654746,0.0019923895332324714,1.0389701756850713,0,,,,0.0,2024-07-10,1
krwusd,henry_hub,0.0,,0.005973596290966024,0.0014598083871520937,0.24437680687591626,0,,,,0.0,2024-07-10,1
eurusd,brlusd,0.0,,0.01837294185568807,0.010923006467133395,0.5945159219970942,0,,,,0.0,2024-07-10,1
eurusd,cnyusd,0.0,,0.00735760903830805,0.002747511726544369,0.3734245340081545,0,,,,0.0,2024-07-10,1
eurusd,vix,0.0,,0.03887831973912924,0.03644401181581589,0.9373864935612604,0,,,,0.0,2024-07-10,1
eurusd,us10y,0.0,,0.027423487605152497,0.03242713585710037,1.1824584941197545,0,,,,0.0,2024-07-10,1
eurusd,brent,0.0,,0.03211425494197037,0.02511045006867694,0.7819097816234838,0,,,,0.0,2024-07-10,1
eurusd,henry_hub,0.0,,0.024158171825279493,0.015937236678777545,0.6597037554845342,0,,,,0.0,2024-07-10,1
sp500,us2y,0.0,,0.008842464833670571,0.001073765571397705,0.12143283480291514,0,,,,0.0,2024-07-10,1
sp500,us10y,0.0,,0.0016573848092500502,0.002119269611558081,1.2786828983409284,0,,,,0.0,2024-07-10,1
sp500,brent,0.0,,0.01775547956460712,0.019090688039251923,1.075199797886977,0,,,,0.0,2024-07-10,1
sp500,henry_hub,0.0,,0.0010248015956443514,0.0,0.0,0,,,,0.0,2024-07-10,1
vix,cnyusd,0.0,,0.0,0.0,0.0,0,,,,0.0,2024-07-10,1
vix,krwusd,0.0,,0.0,0.0,0.0,0,,,,0.0,2024-07-10,1
vix,eurusd,0.0,,0.003990925084035376,0.004264690889388619,1.0685970795213293,0,,,,0.0,2024-07-10,1
vix,sp500,0.0,,0.019521105003211817,0.012107466065813272,0.6202244219177769,0,,,,0.0,2024-07-10,1
vix,us2y,0.0,,0.006322742314891923,0.005796298647355644,0.9167380795677298,0,,,,0.0,2024-07-10,1
vix,us10y,0.0,,0.0019526774410382596,0.0,0.0,0,,,,0.0,2024-07-10,1
vix,wti,0.0,,0.0,0.0,0.0,0,,,,0.0,2024-07-10,1
vix,brent,0.0,,0.0,0.0,0.0,0,,,,0.0,2024-07-10,1
vix,henry_hub,0.0,,0.02547684354401214,0.02638123307254555,1.0354984920706933,0,,,,0.0,2024-07-10,1
us2y,audusd,0.0,,0.03570759498467568,0.03662395420297334,1.0256628658046258,0,,,,0.0,2024-07-10,1
us2y,brlusd,0.0,,0.0007001521444433971,0.0,0.0,0,,,,0.0,2024-07-10,1
us2y,sp500,0.0,,0.03396790637954623,0.031362333602074334,0.9232931006003703,0,,,,0.0,2024-07-10,1
us2y,vix,0.0,,0.003981018192173831,0.000507317759081203,0.1274341725135857,0,,,,0.0,2024-07-10,1
us2y,brent,0.0,,0.009869107817824244,0.01135466046368021,1.1505255260432925,0,,,,0.0,2024-07-10,1
us2y,henry_hub,0.0,,0.012801836716327267,0.02017363625076257,1.5758392094654217,0,,,,0.0,2024-07-10,1
us10y,audusd,0.0,,0.017391673827335575,0.016391083700639818,0.9424672900015485,0,,,,0.0,2024-07-10,1
us10y,brlusd,0.0,,0.009213247691387576,0.01085712376046349,1.178425255039283,0,,,,0.0,2024-07-10,1
us10y,vix,0.0,,0.03226390172002025,0.03147750038389877,0.975625969142055,0,,,,0.0,2024-07-10,1
us10y,wti,0.0,,0.0042270044702974845,0.0005916014427486941,0.13995760991164954,0,,,,0.0,2024-07-10,1
us10y,brent,0.0,,0.007974958426141295,0.009099767487588685,1.141042623841192,0,,,,0.0,2024-07-10,1
us10y,henry_hub,0.0,,0.0,0.0,0.0,0,,,,0.0,2024-07-10,1
wti,audusd,0.0,,0.02697234429834077,0.026858061699598822,0.9957629712316486,0,,,,0.0,2024-07-10,1
wti,brlusd,0.0,,0.019893941826842045,0.024677248026966803,1.2404403431838154,0,,,,0.0,2024-07-10,1
wti,cnyusd,0.0,,0.012383656548366973,0.013031639533124797,1.0523256585990568,0,,,,0.0,2024-07-10,1
wti,krwusd,0.0,,0.0,0.0,0.0,0,,,,0.0,2024-07-10,1
wti,eurusd,0.0,,3.626311898745678e-05,0.0,0.0,0,,,,0.0,2024-07-10,1
wti,vix,0.0,,0.036614505504287236,0.03556816177439391,0.9714226994060917,0,,,,0.0,2024-07-10,1
wti,us2y,0.0,,0.0022851140734692714,0.001450554635318092,0.6347843427859392,0,,,,0.0,2024-07-10,1
wti,us10y,0.0,,0.017083381576510827,0.01679372688289717,0.9830446511824144,0,,,,0.0,2024-07-10,1
wti,henry_hub,0.0,,0.0004878239424487991,0.0,0.0,0,,,,0.0,2024-07-10,1
brent,audusd,0.0,,0.012399237701445603,0.011245834953321099,0.9069779307489176,0,,,,0.0,2024-07-10,1
brent,cnyusd,0.0,,0.01230130683059427,0.010532401447105122,0.8562018322240571,0,,,,0.0,2024-07-10,1
brent,krwusd,0.0,,0.01666660769197311,0.019935107490197626,1.1961106818275127,0,,,,0.0,2024-07-10,1
brent,eurusd,0.0,,0.012031753023658857,0.014007120115906982,1.164179491414412,0,,,,0.0,2024-07-10,1
brent,sp500,0.0,,0.030853765163795767,0.028795041840402807,0.9332748106280171,0,,,,0.0,2024-07-10,1
brent,us2y,0.0,,0.0,0.0,0.0,0,,,,0.0,2024-07-10,1
brent,henry_hub,0.0,,0.00030037213956960623,0.0,0.0,0,,,,0.0,2024-07-10,1
henry_hub,audusd,0.0,,0.005867951426207613,0.0,0.0,0,,,,0.0,2024-07-10,1
henry_hub,eurusd,0.0,,0.0,0.0,0.0,0,,,,0.0,2024-07-10,1
henry_hub,sp500,0.0,,0.0006503756577540714,0.0,0.0,0,,,,0.0,2024-07-10,1
henry_hub,vix,0.0,,0.025650180143149473,0.020761810198039195,0.8094216135002139,0,,,,0.0,2024-07-10,1
henry_hub,us2y,0.0,,0.018136621954878838,0.023407062159905,1.290596574055423,0,,,,0.0,2024-07-10,1
henry_hub,us10y,0.0,,5.997725644160351e-05,0.0,0.0,0,,,,0.0,2024-07-10,1
henry_hub,wti,0.0,,0.004002220112598209,0.0,0.0,0,,,,0.0,2024-07-10,1
henry_hub,brent,0.0,,0.008171256629524816,0.0,0.0,0,,,,0.0,2024-07-10,1
pw_bab_el_mandeb_strait_capacity_z,audusd,0.0,,0.009135783495056933,1.517739413553805e-06,0.00016613128084471388,0,,,,0.0,2024-07-10,1
pw_bab_el_mandeb_strait_capacity_z,brlusd,0.0,,0.0023551469681213914,0.0,0.0,0,,,,0.0,2024-07-10,1
pw_bab_el_mandeb_strait_capacity_z,krwusd,0.0,,8.638352438420968e-05,0.0,0.0,0,,,,0.0,2024-07-10,1
pw_bab_el_mandeb_strait_capacity_z,eurusd,0.0,,0.007441573745681534,0.0,0.0,0,,,,0.0,2024-07-10,1
pw_bab_el_mandeb_strait_capacity_z,sp500,0.0,,0.004232112225804674,0.0,0.0,0,,,,0.0,2024-07-10,1
pw_bab_el_mandeb_strait_capacity_z,vix,0.0,,0.0002539384858118608,0.0,0.0,0,,,,0.0,2024-07-10,1
pw_bab_el_mandeb_strait_capacity_z,us2y,0.0,,0.0005703687944807631,0.0,0.0,0,,,,0.0,2024-07-10,1
pw_bab_el_mandeb_strait_capacity_z,us10y,0.0,,0.0,0.0,0.0,0,,,,0.0,2024-07-10,1
pw_bab_el_mandeb_strait_capacity_z,wti,0.0,,0.0,0.0,0.0,0,,,,0.0,2024-07-10,1
pw_bab_el_mandeb_strait_capacity_z,brent,0.0,,0.0,0.0,0.0,0,,,,0.0,2024-07-10,1
pw_bab_el_mandeb_strait_capacity_z,henry_hub,0.0,,0.03837236165386444,0.03539929028117323,0.9225205005751373,0,,,,0.0,2024-07-10,1
pw_bab_el_mandeb_strait_n_total_z,audusd,0.0,,0.004350109637706298,0.0,0.0,0,,,,0.0,2024-07-10,1
pw_bab_el_mandeb_strait_n_total_z,brlusd,0.0,,0.015248176408911716,0.0,0.0,0,,,,0.0,2024-07-10,1
pw_bab_el_mandeb_strait_n_total_z,krwusd,0.0,,0.00021857911087435386,0.0,0.0,0,,,,0.0,2024-07-10,1
pw_bab_el_mandeb_strait_n_total_z,eurusd,0.0,,0.0011154367842602401,0.0,0.0,0,,,,0.0,2024-07-10,1
pw_bab_el_mandeb_strait_n_total_z,sp500,0.0,,0.00787861726103745,0.007877749683390802,0.9998898819909761,0,,,,0.0,2024-07-10,1
pw_bab_el_mandeb_strait_n_total_z,vix,0.0,,0.0,0.0,0.0,0,,,,0.0,2024-07-10,1
pw_bab_el_mandeb_strait_n_total_z,us2y,0.0,,0.0,0.0,0.0,0,,,,0.0,2024-07-10,1
pw_bab_el_mandeb_strait_n_total_z,us10y,0.0,,0.012134887716857584,0.0035752119731873124,0.2946225837937246,0,,,,0.0,2024-07-10,1
pw_bab_el_mandeb_strait_n_total_z,wti,0.0,,0.0,0.0,0.0,0,,,,0.0,2024-07-10,1
pw_bab_el_mandeb_strait_n_total_z,brent,0.0,,0.004667273468700673,0.0,0.0,0,,,,0.0,2024-07-10,1
pw_cape_of_good_hope_capacity_z,audusd,0.0,,0.00028714209247225695,0.0,0.0,0,,,,0.0,2024-07-10,1
pw_cape_of_good_hope_capacity_z,brlusd,0.0,,0.00111677300000491,0.0,0.0,0,,,,0.0,2024-07-10,1
pw_cape_of_good_hope_capacity_z,cnyusd,0.0,,0.01437793792557852,0.01195653731311328,0.8315891593774696,0,,,,0.0,2024-07-10,1
pw_cape_of_good_hope_capacity_z,krwusd,0.0,,4.27792253580381e-05,0.0,0.0,0,,,,0.0,2024-07-10,1
pw_cape_of_good_hope_capacity_z,eurusd,0.0,,0.003824101174577362,0.0,0.0,0,,,,0.0,2024-07-10,1
pw_cape_of_good_hope_capacity_z,sp500,0.0,,0.020312818946284138,0.018782772519302406,0.9246758201789799,0,,,,0.0,2024-07-10,1
pw_cape_of_good_hope_capacity_z,vix,0.0,,0.02004786836703595,0.015319796137725578,0.7641608502834852,0,,,,0.0,2024-07-10,1
pw_cape_of_good_hope_capacity_z,us2y,0.0,,0.0,0.0,0.0,0,,,,0.0,2024-07-10,1
pw_cape_of_good_hope_capacity_z,us10y,0.0,,0.005943180761791121,0.0006053034796787938,0.10184840474149924,0,,,,0.0,2024-07-10,1
pw_cape_of_good_hope_capacity_z,wti,0.0,,0.015857581455499443,0.011898499182000656,0.7503350504861654,0,,,,0.0,2024-07-10,1
pw_cape_of_good_hope_n_total_z,audusd,0.0,,0.0013065806522027255,0.0,0.0,0,,,,0.0,2024-07-10,1
pw_cape_of_good_hope_n_total_z,cnyusd,0.0,,0.0002589798880409033,0.0,0.0,0,,,,0.0,2024-07-10,1
pw_cape_of_good_hope_n_total_z,krwusd,0.0,,7.88327064056591e-06,0.0,0.0,0,,,,0.0,2024-07-10,1
pw_cape_of_good_hope_n_total_z,eurusd,0.0,,0.010448270601723653,0.001958296720709114,0.18742783330918453,0,,,,0.0,2024-07-10,1
pw_cape_of_good_hope_n_total_z,sp500,0.0,,2.2465519670344208e-05,0.0,0.0,0,,,,0.0,2024-07-10,1
pw_cape_of_good_hope_n_total_z,vix,0.0,,0.0,0.0,0.0,0,,,,0.0,2024-07-10,1
pw_cape_of_good_hope_n_total_z,us2y,0.0,,0.0004401699831159566,0.0,0.0,0,,,,0.0,2024-07-10,1
pw_cape_of_good_hope_n_total_z,us10y,0.0,,0.02476397719449681,0.022019423739632542,0.889171540043488,0,,,,0.0,2024-07-10,1
pw_cape_of_good_hope_n_total_z,wti,0.0,,0.0019186156560319142,0.0,0.0,0,,,,0.0,2024-07-10,1
pw_cape_of_good_hope_n_total_z,brent,0.0,,0.0008398478038073784,0.0029889682095727023,3.558940317546191,0,,,,0.0,2024-07-10,1
pw_malacca_strait_capacity_z,audusd,0.0,,0.0,0.0,0.0,0,,,,0.0,2024-07-10,1
pw_malacca_strait_capacity_z,brlusd,0.0,,8.125679282844333e-06,5.401609511923423e-05,6.64757901942769,0,,,,0.0,2024-07-10,1
pw_malacca_strait_capacity_z,cnyusd,0.0,,0.0016654011725158395,0.0,0.0,0,,,,0.0,2024-07-10,1
pw_malacca_strait_capacity_z,krwusd,0.0,,0.006246541886161498,0.011859862502576583,1.8986285081751806,0,,,,0.0,2024-07-10,1
pw_malacca_strait_capacity_z,eurusd,0.0,,0.0004981596363019797,0.0,0.0,0,,,,0.0,2024-07-10,1
pw_malacca_strait_capacity_z,sp500,0.0,,0.0,0.0,0.0,0,,,,0.0,2024-07-10,1
pw_malacca_strait_capacity_z,vix,0.0,,0.0,0.0,0.0,0,,,,0.0,2024-07-10,1
pw_malacca_strait_capacity_z,us2y,0.0,,0.04149546915927746,0.04750129866561686,1.1447345849564068,0,,,,0.0,2024-07-10,1
pw_malacca_strait_capacity_z,us10y,0.0,,0.0,0.0,0.0,0,,,,0.0,2024-07-10,1
pw_malacca_strait_capacity_z,wti,0.0,,0.0,0.0,0.0,0,,,,0.0,2024-07-10,1
pw_malacca_strait_capacity_z,brent,0.0,,0.0,0.0,0.0,0,,,,0.0,2024-07-10,1
pw_malacca_strait_capacity_z,henry_hub,0.0,,0.0,0.0,0.0,0,,,,0.0,2024-07-10,1
pw_malacca_strait_n_total_z,audusd,0.0,,0.0075400436108948405,0.00895525266092674,1.1876924223603986,0,,,,0.0,2024-07-10,1
pw_malacca_strait_n_total_z,brlusd,0.0,,0.0018464195931024018,0.006728055070532455,3.643838646246059,0,,,,0.0,2024-07-10,1
pw_malacca_strait_n_total_z,cnyusd,0.0,,0.02459934967075878,0.01826940783813216,0.7426784887670824,0,,,,0.0,2024-07-10,1
pw_malacca_strait_n_total_z,krwusd,0.0,,0.0,0.0,0.0,0,,,,0.0,2024-07-10,1
pw_malacca_strait_n_total_z,eurusd,0.0,,0.024569146949861013,0.021406408436256425,0.8712719444407703,0,,,,0.0,2024-07-10,1
pw_malacca_strait_n_total_z,sp500,0.0,,0.003884736599439596,0.002761989162008775,0.7109849255692687,0,,,,0.0,2024-07-10,1
pw_malacca_strait_n_total_z,vix,0.0,,0.0,0.0,0.0,0,,,,0.0,2024-07-10,1
pw_malacca_strait_n_total_z,us2y,0.0,,0.0011926000961525428,0.0,0.0,0,,,,0.0,2024-07-10,1
pw_malacca_strait_n_total_z,us10y,0.0,,0.002176753789951141,0.001096853305862697,0.5038940604703469,0,,,,0.0,2024-07-10,1
pw_malacca_strait_n_total_z,wti,0.0,,0.0,0.0,0.0,0,,,,0.0,2024-07-10,1
pw_malacca_strait_n_total_z,brent,0.0,,0.009285784081086556,0.004656384788803694,0.5014530542755025,0,,,,0.0,2024-07-10,1
pw_malacca_strait_n_total_z,henry_hub,0.0,,0.02173804222400903,0.043720404728443796,2.011239295512817,0,,,,0.0,2024-07-10,1
pw_panama_canal_capacity_z,audusd,0.0,,7.195059019393328e-05,0.0,0.0,0,,,,0.0,2024-07-10,1
pw_panama_canal_capacity_z,brlusd,0.0,,0.0,0.0,0.0,0,,,,0.0,2024-07-10,1
pw_panama_canal_capacity_z,cnyusd,0.0,,0.003644966555022452,0.0,0.0,0,,,,0.0,2024-07-10,1
pw_panama_canal_capacity_z,krwusd,0.0,,0.011699810492363039,0.0009426291841229467,0.08056790191073955,0,,,,0.0,2024-07-10,1
pw_panama_canal_capacity_z,eurusd,0.0,,0.0,0.0,0.0,0,,,,0.0,2024-07-10,1
pw_panama_canal_capacity_z,sp500,0.0,,0.017322936742496638,0.015974908643097127,0.9221824729006527,0,,,,0.0,2024-07-10,1
pw_panama_canal_capacity_z,vix,0.0,,0.028269028288698875,0.026502331906827006,0.9375041701529535,0,,,,0.0,2024-07-10,1
pw_panama_canal_capacity_z,us2y,0.0,,0.0,0.0,0.0,0,,,,0.0,2024-07-10,1
pw_panama_canal_capacity_z,us10y,0.0,,0.0,0.0,0.0,0,,,,0.0,2024-07-10,1
pw_panama_canal_capacity_z,wti,0.0,,0.0,0.0,0.0,0,,,,0.0,2024-07-10,1
pw_panama_canal_capacity_z,brent,0.0,,0.0002384410707085888,0.0,0.0,0,,,,0.0,2024-07-10,1
pw_panama_canal_capacity_z,henry_hub,0.0,,0.014203416428998956,0.0,0.0,0,,,,0.0,2024-07-10,1
pw_panama_canal_n_total_z,audusd,0.0,,0.005284381416291423,0.0,0.0,0,,,,0.0,2024-07-10,1
pw_panama_canal_n_total_z,brlusd,0.0,,0.0,0.0,0.0,0,,,,0.0,2024-07-10,1
pw_panama_canal_n_total_z,cnyusd,0.0,,9.56195150486034e-05,0.0,0.0,0,,,,0.0,2024-07-10,1
pw_panama_canal_n_total_z,krwusd,0.0,,0.0,0.0,0.0,0,,,,0.0,2024-07-10,1
pw_panama_canal_n_total_z,eurusd,0.0,,0.00014797315253926245,0.0,0.0,0,,,,0.0,2024-07-10,1
pw_panama_canal_n_total_z,sp500,0.0,,0.0027222716425412716,0.0,0.0,0,,,,0.0,2024-07-10,1
pw_panama_canal_n_total_z,vix,0.0,,0.0,0.0,0.0,0,,,,0.0,2024-07-10,1
pw_panama_canal_n_total_z,us2y,0.0,,0.003079624455408797,0.0,0.0,0,,,,0.0,2024-07-10,1
pw_panama_canal_n_total_z,us10y,0.0,,0.003272323153876126,0.0,0.0,0,,,,0.0,2024-07-10,1
pw_panama_canal_n_total_z,wti,0.0,,0.0,0.0,0.0,0,,,,0.0,2024-07-10,1
pw_panama_canal_n_total_z,brent,0.0,,0.0002901596481995584,0.0,0.0,0,,,,0.0,2024-07-10,1
pw_strait_of_hormuz_capacity_z,audusd,0.0,,0.016577087432205904,0.014290680653857886,0.862074276455465,0,,,,0.0,2024-07-10,1
pw_strait_of_hormuz_capacity_z,brlusd,0.0,,0.0,0.0,0.0,0,,,,0.0,2024-07-10,1
pw_strait_of_hormuz_capacity_z,cnyusd,0.0,,0.0,0.0,0.0,0,,,,0.0,2024-07-10,1
pw_strait_of_hormuz_capacity_z,krwusd,0.0,,0.0,0.0,0.0,0,,,,0.0,2024-07-10,1
pw_strait_of_hormuz_capacity_z,eurusd,0.0,,0.0,0.0,0.0,0,,,,0.0,2024-07-10,1
pw_strait_of_hormuz_capacity_z,sp500,0.0,,0.0,0.0,0.0,0,,,,0.0,2024-07-10,1
pw_strait_of_hormuz_capacity_z,vix,0.0,,0.012275640559953355,0.010540932203976736,0.858686937964302,0,,,,0.0,2024-07-10,1
pw_strait_of_hormuz_capacity_z,us2y,0.0,,0.0,0.0,0.0,0,,,,0.0,2024-07-10,1
pw_strait_of_hormuz_capacity_z,us10y,0.0,,0.0033201182683064018,0.0,0.0,0,,,,0.0,2024-07-10,1
pw_strait_of_hormuz_capacity_z,wti,0.0,,0.014172739301447948,0.010588595839745937,0.74711004094065,0,,,,0.0,2024-07-10,1
pw_strait_of_hormuz_capacity_z,henry_hub,0.0,,0.0005248678635466208,0.0034633476772920717,6.59851348849908,0,,,,0.0,2024-07-10,1
pw_strait_of_hormuz_n_total_z,audusd,0.0,,0.0008359373037007821,0.0,0.0,0,,,,0.0,2024-07-10,1
pw_strait_of_hormuz_n_total_z,brlusd,0.0,,0.019858068808664794,0.01074665903972091,0.5411734214070077,0,,,,0.0,2024-07-10,1
pw_strait_of_hormuz_n_total_z,cnyusd,0.0,,0.0,0.0,0.0,0,,,,0.0,2024-07-10,1
pw_strait_of_hormuz_n_total_z,krwusd,0.0,,0.001917716390458547,0.0,0.0,0,,,,0.0,2024-07-10,1
pw_strait_of_hormuz_n_total_z,eurusd,0.0,,0.0,0.0,0.0,0,,,,0.0,2024-07-10,1
pw_strait_of_hormuz_n_total_z,sp500,0.0,,0.0,0.0,0.0,0,,,,0.0,2024-07-10,1
pw_strait_of_hormuz_n_total_z,vix,0.0,,0.0,0.0,0.0,0,,,,0.0,2024-07-10,1
pw_strait_of_hormuz_n_total_z,us2y,0.0,,0.0,0.0,0.0,0,,,,0.0,2024-07-10,1
pw_strait_of_hormuz_n_total_z,us10y,0.0,,0.011612753236539954,0.01922206556816258,1.655254802769738,0,,,,0.0,2024-07-10,1
pw_strait_of_hormuz_n_total_z,wti,0.0,,0.0,0.0,0.0,0,,,,0.0,2024-07-10,1
pw_strait_of_hormuz_n_total_z,brent,0.0,,0.0,0.0,0.0,0,,,,0.0,2024-07-10,1
pw_strait_of_hormuz_n_total_z,henry_hub,0.0,,0.0,0.0,0.0,0,,,,0.0,2024-07-10,1
pw_suez_canal_capacity_z,audusd,0.0,,0.0,0.0,0.0,0,,,,0.0,2024-07-10,1
pw_suez_canal_capacity_z,cnyusd,0.0,,0.0,0.0,0.0,0,,,,0.0,2024-07-10,1
pw_suez_canal_capacity_z,krwusd,0.0,,0.0,0.0,0.0,0,,,,0.0,2024-07-10,1
pw_suez_canal_capacity_z,eurusd,0.0,,0.001887308817947988,0.0,0.0,0,,,,0.0,2024-07-10,1
pw_suez_canal_capacity_z,sp500,0.0,,0.0,0.0,0.0,0,,,,0.0,2024-07-10,1
pw_suez_canal_capacity_z,vix,0.0,,0.0,0.0,0.0,0,,,,0.0,2024-07-10,1
pw_suez_canal_capacity_z,us2y,0.0,,0.0,0.0,0.0,0,,,,0.0,2024-07-10,1
pw_suez_canal_capacity_z,us10y,0.0,,0.00486216315255722,0.0,0.0,0,,,,0.0,2024-07-10,1
pw_suez_canal_capacity_z,wti,0.0,,0.00015206863657017634,0.0,0.0,0,,,,0.0,2024-07-10,1
pw_suez_canal_capacity_z,brent,0.0,,0.0,0.0,0.0,0,,,,0.0,2024-07-10,1
pw_suez_canal_capacity_z,henry_hub,0.0,,0.0,0.0,0.0,0,,,,0.0,2024-07-10,1
pw_suez_canal_n_total_z,audusd,0.0,,0.0001942999999666591,0.0,0.0,0,,,,0.0,2024-07-10,1
pw_suez_canal_n_total_z,brlusd,0.0,,0.0,0.0,0.0,0,,,,0.0,2024-07-10,1
pw_suez_canal_n_total_z,cnyusd,0.0,,0.0,0.0,0.0,0,,,,0.0,2024-07-10,1
pw_suez_canal_n_total_z,krwusd,0.0,,0.0,0.0,0.0,0,,,,0.0,2024-07-10,1
pw_suez_canal_n_total_z,eurusd,0.0,,0.0,0.0,0.0,0,,,,0.0,2024-07-10,1
pw_suez_canal_n_total_z,sp500,0.0,,0.0,0.0,0.0,0,,,,0.0,2024-07-10,1
pw_suez_canal_n_total_z,vix,0.0,,0.001702902801575715,0.0,0.0,0,,,,0.0,2024-07-10,1
pw_suez_canal_n_total_z,us2y,0.0,,0.0,0.0,0.0,0,,,,0.0,2024-07-10,1
pw_suez_canal_n_total_z,us10y,0.0,,0.0,0.0,0.0,0,,,,0.0,2024-07-10,1
pw_suez_canal_n_total_z,wti,0.0,,0.0023400083777253763,0.0016895983602875256,0.7220479962255149,0,,,,0.0,2024-07-10,1
pw_suez_canal_n_total_z,brent,0.0,,0.007513810586921715,0.014796847126749583,1.969286682912193,0,,,,0.0,2024-07-10,1
sp500,krwusd,1.0,1.0,0.21724133696298586,0.2226398368259227,1.024850242308427,240,2.012665023616891e-06,0.5565049919832905,2.927086941970295,0.8983386254470032,2024-08-07,1
wti,brent,1.0,1.0,0.40497174357609333,0.39077848141275723,0.9649524630088933,240,3.795172322333258e-05,0.6142254594034601,2.616288703740643,0.833530886009147,2024-08-07,1
brlusd,us2y,1.0,1.0,0.060009112363123486,0.0614231145871124,1.0235631251372723,240,3.5995077630619384e-05,0.5076411076768818,1.7038899661909213,0.6920842085044796,2024-08-07,1
us2y,cnyusd,1.0,1.0,0.09968661141296636,0.11505229749262155,1.1541399177067078,240,1.2355754958520242e-07,0.4791378022836746,1.6421664025972913,0.6756590093336728,2024-08-07,1
us2y,krwusd,1.0,1.0,0.1689425039031165,0.17471138896238933,1.0341470318362342,240,1.1003140148922466e-06,0.6026432649186954,1.6085620787128423,0.66642330849033,2024-08-07,1
sp500,vix,1.0,1.0,0.0550794368436417,0.05778065176846204,1.0490421667252787,240,0.04296808009239717,0.5167143676918712,1.551648467039581,0.650303388360759,2024-08-07,1
pw_cape_of_good_hope_capacity_z,henry_hub,1.0,1.0,0.0726582087251813,0.059732099068614965,0.8220970502389152,240,7.897467171582948e-05,0.567266443439461,1.0838544124045884,0.40648210788856604,2024-08-07,1
brlusd,audusd,1.0,0.7224223214816051,0.06554393503031411,0.06607376428529903,1.0080835740902627,240,2.3801340903356162e-07,0.5378416400925863,1.2501864298311578,0.40070184437852385,2024-08-07,1
us10y,krwusd,0.8867365054141859,1.0,0.054849552253175504,0.053489879062936806,0.9752108607201988,180,2.584479776648873e-07,0.5100356210101903,0.9936041563058647,0.3974400860224779,2024-08-07,1
us2y,eurusd,1.0,0.9665248769927185,0.09191518896546451,0.09116109715836133,0.9917957867944273,240,1.2526204833465357e-07,0.5100520054751603,0.6364984253749493,0.29517353417879333,2024-08-07,1
eurusd,wti,1.0,1.0,0.09384572119992156,0.08975570003426761,0.9564176063292125,240,0.014937346461689196,0.5440596694101592,0.5470640261904604,0.255275806527129,2024-08-07,1
eurusd,krwusd,1.0,1.0,0.20765102981354572,0.1944815715905188,0.9365788927950318,240,3.756958153865037e-07,0.4553797309522044,0.4966594543370206,0.22791454425464255,2024-08-07,1
us10y,eurusd,1.0,0.8867365054141859,0.07170849414523298,0.06479838007818453,0.9036360455003668,240,8.85900325911817e-08,0.49015184162457887,0.5140248136452332,0.2015229122472039,2024-08-07,1
brent,brlusd,1.0,1.0,0.06260138045663573,0.05989648717212484,0.9567917949287943,240,9.539704164698137e-08,0.5825630899987044,0.41131096166062087,0.1940415498528017,2024-08-07,1
wti,sp500,1.0,1.0,0.07412474862854695,0.07391131098304864,0.997120561628237,240,1.7438058480160387e-07,0.4878389797260012,0.3935143735902563,0.19369750166645944,2024-08-07,1
sp500,brlusd,1.0,1.0,0.0676722512489278,0.08694854537542988,1.2848478330593074,240,7.996529859729296e-08,0.512695847321223,0.3079220236285926,0.15275593961163506,2024-08-07,1
sp500,wti,0.7878092864721885,1.0,0.052476738235634465,0.052287792659679325,0.9963994413085142,200,0.004373792917526542,0.5664135623288569,0.32745740009612706,0.12738630892715133,2024-08-07,1
brent,wti,1.0,1.0,0.11021572106618349,0.10171237024985803,0.9228481133719637,240,0.004083868228623356,0.49312083637880333,0.2698040469516771,0.12374433095988577,2024-08-07,1
pw_suez_canal_n_total_z,henry_hub,0.3474247906575325,1.0,0.0523664566508899,0.032558577785469674,0.6217449082439757,140,0.00011369156606820153,0.562234090900484,0.7553141850767681,0.07790840912938524,2024-08-07,1
henry_hub,cnyusd,0.2775776785183949,1.0,0.049978074345666694,0.044636661148597,0.8931248699154248,120,2.590990545905012e-08,0.5025037734680989,0.3003744767362994,0.03695570452018154,2024-08-07,1
us10y,cnyusd,0.21535097584783258,1.0,0.042800321288701565,0.03266727008289886,0.7632482443892862,100,3.6378295990629895e-08,0.4779682352700415,0.3299882266022641,0.026876023337362727,2024-08-07,1
audusd,wti,1.0,1.0,0.0726616587503926,0.06685556612756476,0.9200941359903035,240,0.0010276214987421247,0.4962556013989885,0.04931036145234001,0.022680491737319532,2024-08-07,1
audusd,us2y,0.08118210650733179,1.0,0.041740242391584595,0.03455797606508846,0.8279294533290928,40,5.589368221485751e-05,0.5524668454893161,0.6254922979652152,0.0203610735977012,2024-08-07,1
pw_suez_canal_capacity_z,brlusd,0.18187585284055113,1.0,0.04064224159426491,0.04013167280606949,0.9874374845439758,80,8.179476256627028e-08,0.5582242768890885,0.1305886472033109,0.011709639100547004,2024-08-07,1
us10y,us2y,1.0,1.0,0.06524721505059283,0.05998464529415639,0.9193441474497289,240,1.0573006655589685e-06,0.5221261986889294,0.02185781785462524,0.01004702845431062,2024-08-07,1
brent,us10y,0.054380497761968245,1.0,0.04571901723807902,0.04097195279345603,0.8961687120284554,20,9.526109637754138e-06,0.39759815730182035,0.23458885524139297,0.005690167268715525,2024-08-07,1
brlusd,wti,1.0,1.0,0.06431515689309995,0.05442285800085654,0.8461902392823875,240,-0.006051363765260149,0.524129766366269,-0.5103644735683689,0.0,2024-08-07,1
cnyusd,us2y,1.0,1.0,0.1057872531664408,0.08647504266626921,0.8174429345491497,240,-5.887353674382807e-05,0.4463401875319926,-1.2831701883501923,0.0,2024-08-07,1
cnyusd,us10y,1.0,1.0,0.08163914145616301,0.07207461110676283,0.8828438151259105,240,-8.30495377752654e-06,0.47256764670286244,-0.38591241056730347,0.0,2024-08-07,1
eurusd,sp500,1.0,1.0,0.08164233713170445,0.07881972629372827,0.9654271186109876,240,-2.6326592970608037e-07,0.5000246470370604,-0.3382023868441217,0.0,2024-08-07,1
sp500,audusd,1.0,1.0,0.1969181674424747,0.19639923434983125,0.997364727189049,240,-5.001044123566462e-07,0.4727841326346573,-0.584439266087896,0.0,2024-08-07,1
sp500,cnyusd,1.0,1.0,0.10231368322311057,0.08315494447067966,0.8127450977338743,240,-8.921804872322819e-08,0.3427088227794476,-1.6148224209902549,0.0,2024-08-07,1
sp500,eurusd,1.0,1.0,0.1624388116087726,0.14653449577254488,0.9020904199020328,240,-5.63034003752924e-07,0.44153475055082814,-1.9342585883493895,0.0,2024-08-07,1
vix,brlusd,1.0,1.0,0.12490624166793825,0.07446413373648458,0.5961602298021791,240,-3.886531456432641e-06,0.5208185155900534,-1.1080789813325933,0.0,2024-08-07,1
us2y,wti,1.0,1.0,0.06591774107087499,0.055488158688642326,0.8417788259609998,240,-0.009981059761811534,0.4525407840512907,-0.46413455018323935,0.0,2024-08-07,1
brent,vix,1.0,1.0,0.09164360888478777,0.0666386849993468,0.7271503797184965,240,-0.012697984210039216,0.5485714842537311,-1.465871051684728,0.0,2024-08-07,1
pw_cape_of_good_hope_capacity_z,brent,1.0,1.0,0.06537178443737492,0.05654817509056628,0.8650241931936017,240,-1.0156618746399881e-05,0.41009119503963315,-1.7383321113362036,0.0,2024-08-07,1
pw_panama_canal_n_total_z,henry_hub,1.0,1.0,0.332471822081321,0.2742263858830045,0.8248109092864119,240,-0.0001304415102135401,0.500900923463196,-1.011589278897163,0.0,2024-08-07,1
audusd,eurusd,0.9665248769927185,0.765494705856968,0.06428867541686277,0.059903062192869894,0.9317824920865839,220,-9.697159088867939e-09,0.4551149178488811,-0.09972334663521189,0.0,2024-08-07,1
eurusd,us2y,0.9377732973294376,1.0,0.06543326311928521,0.051573228577796865,0.7881805998850856,220,-2.04356779286828e-05,0.512354399070234,-0.7470896171809189,0.0,2024-08-07,1
brlusd,brent,0.8564890060226305,1.0,0.05405690619350734,0.047067264804277156,0.870698456840845,240,-3.1679769415354676e-06,0.43887301972187354,-1.4905855150022056,0.0,2024-08-07,1
vix,audusd,0.8564890060226305,1.0,0.06128990627282412,0.03527855830321882,0.5756014399203168,240,-8.076285656512389e-07,0.5008374415202018,-1.1648399175729947,0.0,2024-08-07,1
pw_bab_el_mandeb_strait_n_total_z,henry_hub,0.7224223214816051,1.0,0.04879871922212216,0.05680831958666111,1.1641354628198504,120,-6.006957199703518e-05,0.5239988217760377,-0.48629885403164363,0.0,2024-08-07,1
krwusd,us2y,0.6146158927896921,1.0,0.057726782039660564,0.04193933719214264,0.7265143787735937,200,-8.48096020579136e-06,0.5325201950507704,-0.1563557467832832,0.0,2024-08-07,1
pw_cape_of_good_hope_n_total_z,henry_hub,0.5154560472925396,0.7802654655411715,0.07363959839562494,0.046963518565341755,0.6377481625175722,180,-0.000318085540762024,0.4764110147296957,-1.468426558620327,0.0,2024-08-07,1
henry_hub,krwusd,0.4805492082486667,1.0,0.04763441179120893,0.05341502281196656,1.12135367696142,80,-3.485224479608195e-07,0.44536147463504494,-1.7778506265303207,0.0,2024-08-07,1
us10y,sp500,0.4521680691841847,1.0,0.0503050941397741,0.0459287963781721,0.9130048788012933,140,-3.9887226069225093e-07,0.4804415431153429,-0.5440302538262143,0.0,2024-08-07,1
henry_hub,brlusd,0.2775776785183949,0.5799114645855681,0.020871440184227746,0.0,0.0,120,-2.3061994697984676e-06,0.515401718994558,-1.4854727841034772,0.0,2024-08-07,1
pw_strait_of_hormuz_capacity_z,brent,0.2302579593055693,1.0,0.04549577229815665,0.03984402555556973,0.8757742432516985,60,-5.185965165730866e-06,0.4021796722530998,-0.694802303607539,0.0,2024-08-07,1
pw_malacca_strait_capacity_z,us2y,0.14351099397736952,1.0,0.042933993650244605,0.051519262118261425,1.199964357798984,0,,,,0.0,2024-08-07,1
audusd,sp500,0.11326349458581403,1.0,0.042185704921207205,0.03131324652272752,0.7422715012398907,60,-1.6194545141643416e-06,0.45279913005450234,-1.270206589273591,0.0,2024-08-07,1
us2y,us10y,0.11326349458581403,1.0,0.032555430879440475,0.021215380216770118,0.6516694647764018,60,-1.6465517229522652e-05,0.49955110331497965,-0.3615080398696994,0.0,2024-08-07,1
pw_cape_of_good_hope_n_total_z,brlusd,0.08785562076924973,1.0,0.03755963709112558,0.02979371154619431,0.7932374712223679,40,-1.7171219210588398e-06,0.33295839484824813,-1.369678978807214,0.0,2024-08-07,1
krwusd,vix,0.08118210650733179,1.0,0.04453164920503272,0.03239873610886551,0.7275440431073006,40,-0.05096883898372772,0.2993842190935326,-2.039253999919229,0.0,2024-08-07,1
cnyusd,wti,0.054380497761968245,1.0,0.03164589061446005,0.025626709521473237,0.8097958067820519,20,-0.026350855717256122,0.44326190323666975,-1.2536483129621632,0.0,2024-08-07,1
audusd,vix,0.03347512300728147,1.0,0.041046728436635864,0.03254459283293433,0.7928669122357378,20,-0.11408765609220191,0.3523238476329138,-1.8520756717413664,0.0,2024-08-07,1
brlusd,cnyusd,0.03347512300728147,1.0,0.03429086901981274,0.03238032400090458,0.9442841469603969,20,-2.707672353711865e-09,0.5031297473171651,-0.02698347389077954,0.0,2024-08-07,1
eurusd,audusd,0.03347512300728147,1.0,0.03126304150905818,0.03288926070342893,1.0520173059265383,20,-1.071238815296082e-06,0.24540498886382675,-1.3774437254876337,0.0,2024-08-07,1
pw_bab_el_mandeb_strait_capacity_z,cnyusd,0.03347512300728147,1.0,0.029568981929314165,0.016823419849149215,0.5689549910567187,20,-8.052518251198796e-07,0.2983218135203557,-2.255604270227381,0.0,2024-08-07,1
pw_bab_el_mandeb_strait_n_total_z,cnyusd,0.03347512300728147,1.0,0.022533003291536832,0.015239161393966348,0.6763040504099168,20,-6.296462030138997e-07,0.2507153160886358,-2.7206532902336567,0.0,2024-08-07,1
audusd,brlusd,0.0,,0.0039922864156020435,0.003440126353464243,0.8616932743152063,0,,,,0.0,2024-08-07,1
audusd,cnyusd,0.0,,0.00029472567718313175,0.001262038108493932,4.282077220267944,0,,,,0.0,2024-08-07,1
audusd,krwusd,0.0,,0.005817017866912234,0.00526134526322245,0.9044746610027615,0,,,,0.0,2024-08-07,1
audusd,us10y,0.0,,0.0,0.0,0.0,0,,,,0.0,2024-08-07,1
audusd,brent,0.0,,0.005308837449851267,0.0,0.0,0,,,,0.0,2024-08-07,1
audusd,henry_hub,0.0,,0.009221248493447347,0.00902865403477142,0.9791140582739111,0,,,,0.0,2024-08-07,1
brlusd,krwusd,0.0,,0.010619032519607058,0.011876528867150727,1.1184191069404694,0,,,,0.0,2024-08-07,1
brlusd,eurusd,0.0,,0.017550919284094017,0.020976147768379964,1.1951594915823098,0,,,,0.0,2024-08-07,1
brlusd,sp500,0.0,,0.0008496691911269314,0.0,0.0,0,,,,0.0,2024-08-07,1
brlusd,vix,0.0,,0.0014390242622957371,0.002008659578726988,1.3958483059364735,0,,,,0.0,2024-08-07,1
brlusd,us10y,0.0,,0.026489572681936847,0.03345806435642291,1.2630654619520478,0,,,,0.0,2024-08-07,1
brlusd,henry_hub,0.0,,0.011908305822063451,0.009581021029379315,0.8045662559008022,0,,,,0.0,2024-08-07,1
cnyusd,audusd,0.0,,0.016959332061559612,0.010511556432293786,0.6198095770599071,0,,,,0.0,2024-08-07,1
cnyusd,brlusd,0.0,,0.02043065998464408,0.022032748576138173,1.0784159000589428,0,,,,0.0,2024-08-07,1
cnyusd,krwusd,0.0,,0.009807883911724092,0.0032828369321047236,0.334714089364425,0,,,,0.0,2024-08-07,1
cnyusd,eurusd,0.0,,0.012252252578029123,0.01006183086159613,0.8212229381917182,0,,,,0.0,2024-08-07,1
cnyusd,sp500,0.0,,0.014572057145033613,0.008502396710576104,0.5834726439755868,0,,,,0.0,2024-08-07,1
cnyusd,vix,0.0,,0.00430604521525381,0.02471937395199997,5.74062108415249,0,,,,0.0,2024-08-07,1
cnyusd,brent,0.0,,0.0,0.0,0.0,0,,,,0.0,2024-08-07,1
cnyusd,henry_hub,0.0,,0.013304244637558764,0.008690300835339768,0.6531976126481073,0,,,,0.0,2024-08-07,1
krwusd,audusd,0.0,,0.024529196719683764,0.020299457884304272,0.8275630921095233,0,,,,0.0,2024-08-07,1
krwusd,brlusd,0.0,,1.2806552435901179e-05,0.0,0.0,0,,,,0.0,2024-08-07,1
krwusd,cnyusd,0.0,,0.032811980260872675,0.024511712652763275,0.7470354564973567,0,,,,0.0,2024-08-07,1
krwusd,eurusd,0.0,,0.01720460483821122,0.01794395747188639,1.0429741130719303,0,,,,0.0,2024-08-07,1
krwusd,sp500,0.0,,0.03478450376206001,0.033392905406492375,0.9599937269455754,0,,,,0.0,2024-08-07,1
krwusd,us10y,0.0,,0.01411483332656383,0.0,0.0,0,,,,0.0,2024-08-07,1
krwusd,wti,0.0,,0.0008434223858010238,0.0,0.0,0,,,,0.0,2024-08-07,1
krwusd,brent,0.0,,0.0016424530471271471,0.0,0.0,0,,,,0.0,2024-08-07,1
krwusd,henry_hub,0.0,,0.00543312336023361,0.00220752293481854,0.40630826661804753,0,,,,0.0,2024-08-07,1
eurusd,brlusd,0.0,,0.01704388785810322,0.009111951037141915,0.5346169320639947,0,,,,0.0,2024-08-07,1
eurusd,cnyusd,0.0,,0.0063017112519235825,0.0,0.0,0,,,,0.0,2024-08-07,1
eurusd,vix,0.0,,0.03786902513980765,0.03184544670725035,0.8409365329495805,0,,,,0.0,2024-08-07,1
eurusd,us10y,0.0,,0.02734295209748691,0.026862307548952198,0.9824216292805161,0,,,,0.0,2024-08-07,1
eurusd,brent,0.0,,0.031022420371161742,0.024506234534970743,0.7899523712776323,0,,,,0.0,2024-08-07,1
eurusd,henry_hub,0.0,,0.022967424201636596,0.015860914656043626,0.690583084842114,0,,,,0.0,2024-08-07,1
sp500,us2y,0.0,,0.0077226145204746495,0.0010392277285571384,0.13456941632938907,0,,,,0.0,2024-08-07,1
sp500,us10y,0.0,,0.0024393111367515953,0.007105931334019076,2.913089366484822,0,,,,0.0,2024-08-07,1
sp500,brent,0.0,,0.01853620337392765,0.02319564681370056,1.2513698919772704,0,,,,0.0,2024-08-07,1
sp500,henry_hub,0.0,,0.0008777313000238364,0.0,0.0,0,,,,0.0,2024-08-07,1
vix,cnyusd,0.0,,0.0,0.0,0.0,0,,,,0.0,2024-08-07,1
vix,krwusd,0.0,,0.0,0.0,0.0,0,,,,0.0,2024-08-07,1
vix,eurusd,0.0,,0.003865072823294435,0.0031139730314226947,0.8056699508105173,0,,,,0.0,2024-08-07,1
vix,sp500,0.0,,0.017473807050543917,0.0052553132619132985,0.30075376514757346,0,,,,0.0,2024-08-07,1
vix,us2y,0.0,,0.005415359280619008,0.0,0.0,0,,,,0.0,2024-08-07,1
vix,us10y,0.0,,0.0016724467605576721,0.0,0.0,0,,,,0.0,2024-08-07,1
vix,wti,0.0,,0.0,0.0,0.0,0,,,,0.0,2024-08-07,1
vix,brent,0.0,,0.0,0.0,0.0,0,,,,0.0,2024-08-07,1
vix,henry_hub,0.0,,0.025214159481119047,0.02364643281649316,0.9378235603768653,0,,,,0.0,2024-08-07,1
us2y,audusd,0.0,,0.03444762355262493,0.0269279788930372,0.7817078833290163,0,,,,0.0,2024-08-07,1
us2y,brlusd,0.0,,0.0005996726142589383,0.0,0.0,0,,,,0.0,2024-08-07,1
us2y,sp500,0.0,,0.030128024588643398,0.0072111981686871695,0.23935184158756273,0,,,,0.0,2024-08-07,1
us2y,vix,0.0,,0.003409698314372974,0.0,0.0,0,,,,0.0,2024-08-07,1
us2y,brent,0.0,,0.010561100522431147,0.014690987211371097,1.3910470012257072,0,,,,0.0,2024-08-07,1
us2y,henry_hub,0.0,,0.013057560838114117,0.01458374982764734,1.1168816296132722,0,,,,0.0,2024-08-07,1
us10y,audusd,0.0,,0.017017037972666176,0.014781171006008356,0.8686100971127168,0,,,,0.0,2024-08-07,1
us10y,brlusd,0.0,,0.010872353956742187,0.020774078115405388,1.9107249633390497,0,,,,0.0,2024-08-07,1
us10y,vix,0.0,,0.03166506489490941,0.028091142487335477,0.8871335833532907,0,,,,0.0,2024-08-07,1
us10y,wti,0.0,,0.003725385338741304,0.0007316685545328502,0.1964007714649081,0,,,,0.0,2024-08-07,1
us10y,brent,0.0,,0.008036113889010798,0.008401096251367065,1.0454177687620096,0,,,,0.0,2024-08-07,1
us10y,henry_hub,0.0,,0.0,0.0,0.0,0,,,,0.0,2024-08-07,1
wti,audusd,0.0,,0.02771769543710897,0.0321660309847122,1.1604872078090487,0,,,,0.0,2024-08-07,1
wti,brlusd,0.0,,0.020141400693548535,0.021618261754174663,1.0733246452467022,0,,,,0.0,2024-08-07,1
wti,cnyusd,0.0,,0.012549877498318731,0.013541901957620913,1.0790465452300295,0,,,,0.0,2024-08-07,1
wti,krwusd,0.0,,0.0,0.0,0.0,0,,,,0.0,2024-08-07,1
wti,eurusd,0.0,,3.1058962736847233e-05,0.0,0.0,0,,,,0.0,2024-08-07,1
wti,vix,0.0,,0.03712875091904798,0.04019782271580233,1.082660249019577,0,,,,0.0,2024-08-07,1
wti,us2y,0.0,,0.0019571750814340204,0.0,0.0,0,,,,0.0,2024-08-07,1
wti,us10y,0.0,,0.0169705981494565,0.016297494558878477,0.9603370732928717,0,,,,0.0,2024-08-07,1
wti,henry_hub,0.0,,0.0004178158435820128,0.0,0.0,0,,,,0.0,2024-08-07,1
brent,audusd,0.0,,0.012462301507351226,0.012838673065648913,1.0302008066548283,0,,,,0.0,2024-08-07,1
brent,cnyusd,0.0,,0.011895963812778602,0.009476833202604597,0.7966427396512938,0,,,,0.0,2024-08-07,1
brent,krwusd,0.0,,0.017202303888014674,0.02039939624840968,1.185852568423844,0,,,,0.0,2024-08-07,1
brent,eurusd,0.0,,0.012462816890138425,0.015035452284131836,1.206424873018,0,,,,0.0,2024-08-07,1
brent,sp500,0.0,,0.03024645474726744,0.026621961037178864,0.8801679819875079,0,,,,0.0,2024-08-07,1
brent,us2y,0.0,,0.0,0.0,0.0,0,,,,0.0,2024-08-07,1
brent,henry_hub,0.0,,0.00025726543525686284,0.0,0.0,0,,,,0.0,2024-08-07,1
henry_hub,audusd,0.0,,0.005025835884421635,0.0,0.0,0,,,,0.0,2024-08-07,1
henry_hub,eurusd,0.0,,0.0,0.0,0.0,0,,,,0.0,2024-08-07,1
henry_hub,sp500,0.0,,0.000557039600651099,0.0,0.0,0,,,,0.0,2024-08-07,1
henry_hub,vix,0.0,,0.02391620413882454,0.013567649346948818,0.5672994455221128,0,,,,0.0,2024-08-07,1
henry_hub,us2y,0.0,,0.019102478306131876,0.024866812614734102,1.3017584533391084,0,,,,0.0,2024-08-07,1
henry_hub,us10y,0.0,,5.136986075363342e-05,0.0,0.0,0,,,,0.0,2024-08-07,1
henry_hub,wti,0.0,,0.00342785752612302,0.0,0.0,0,,,,0.0,2024-08-07,1
henry_hub,brent,0.0,,0.006998591468577538,0.0,0.0,0,,,,0.0,2024-08-07,1
pw_bab_el_mandeb_strait_capacity_z,audusd,0.0,,0.007824698124919266,0.0,0.0,0,,,,0.0,2024-08-07,1
pw_bab_el_mandeb_strait_capacity_z,brlusd,0.0,,0.0020171574857635027,0.0,0.0,0,,,,0.0,2024-08-07,1
pw_bab_el_mandeb_strait_capacity_z,krwusd,0.0,,7.398653893656343e-05,0.0,0.0,0,,,,0.0,2024-08-07,1
pw_bab_el_mandeb_strait_capacity_z,eurusd,0.0,,0.00637362610068288,0.0,0.0,0,,,,0.0,2024-08-07,1
pw_bab_el_mandeb_strait_capacity_z,sp500,0.0,,0.0036247575936556677,0.0,0.0,0,,,,0.0,2024-08-07,1
pw_bab_el_mandeb_strait_capacity_z,vix,0.0,,0.00021749552130389253,0.0,0.0,0,,,,0.0,2024-08-07,1
pw_bab_el_mandeb_strait_capacity_z,us2y,0.0,,0.0004885146018511546,0.0,0.0,0,,,,0.0,2024-08-07,1
pw_bab_el_mandeb_strait_capacity_z,us10y,0.0,,0.0,0.0,0.0,0,,,,0.0,2024-08-07,1
pw_bab_el_mandeb_strait_capacity_z,wti,0.0,,0.0,0.0,0.0,0,,,,0.0,2024-08-07,1
pw_bab_el_mandeb_strait_capacity_z,brent,0.0,,0.0,0.0,0.0,0,,,,0.0,2024-08-07,1
pw_bab_el_mandeb_strait_capacity_z,henry_hub,0.0,,0.037786767536163654,0.03429187902691583,0.9075102545910269,0,,,,0.0,2024-08-07,1
pw_bab_el_mandeb_strait_n_total_z,audusd,0.0,,0.003725821079688532,0.0,0.0,0,,,,0.0,2024-08-07,1
pw_bab_el_mandeb_strait_n_total_z,brlusd,0.0,,0.013059895456126515,0.0,0.0,0,,,,0.0,2024-08-07,1
pw_bab_el_mandeb_strait_n_total_z,krwusd,0.0,,0.0001872106054100857,0.0,0.0,0,,,,0.0,2024-08-07,1
pw_bab_el_mandeb_strait_n_total_z,eurusd,0.0,,0.0009553593426321325,0.0,0.0,0,,,,0.0,2024-08-07,1
pw_bab_el_mandeb_strait_n_total_z,sp500,0.0,,0.006747949066738705,0.0,0.0,0,,,,0.0,2024-08-07,1
pw_bab_el_mandeb_strait_n_total_z,vix,0.0,,0.0,0.0,0.0,0,,,,0.0,2024-08-07,1
pw_bab_el_mandeb_strait_n_total_z,us2y,0.0,,0.0,0.0,0.0,0,,,,0.0,2024-08-07,1
pw_bab_el_mandeb_strait_n_total_z,us10y,0.0,,0.010393397918807577,0.0,0.0,0,,,,0.0,2024-08-07,1
pw_bab_el_mandeb_strait_n_total_z,wti,0.0,,0.0,0.0,0.0,0,,,,0.0,2024-08-07,1
pw_bab_el_mandeb_strait_n_total_z,brent,0.0,,0.003997468414043234,0.0,0.0,0,,,,0.0,2024-08-07,1
pw_cape_of_good_hope_capacity_z,audusd,0.0,,0.00024593404536882166,0.0,0.0,0,,,,0.0,2024-08-07,1
pw_cape_of_good_hope_capacity_z,brlusd,0.0,,0.0009565037967271164,0.0,0.0,0,,,,0.0,2024-08-07,1
pw_cape_of_good_hope_capacity_z,cnyusd,0.0,,0.014005464767582933,0.011782505006659947,0.8412791151302418,0,,,,0.0,2024-08-07,1
pw_cape_of_good_hope_capacity_z,krwusd,0.0,,3.663993620532416e-05,0.0,0.0,0,,,,0.0,2024-08-07,1
pw_cape_of_good_hope_capacity_z,eurusd,0.0,,0.003275300613943738,0.0,0.0,0,,,,0.0,2024-08-07,1
pw_cape_of_good_hope_capacity_z,sp500,0.0,,0.020397465308071218,0.020902643874961227,1.02476673249642,0,,,,0.0,2024-08-07,1
pw_cape_of_good_hope_capacity_z,vix,0.0,,0.019640175361281945,0.01720701977101621,0.8761133469784397,0,,,,0.0,2024-08-07,1
pw_cape_of_good_hope_capacity_z,us2y,0.0,,0.0,0.0,0.0,0,,,,0.0,2024-08-07,1
pw_cape_of_good_hope_capacity_z,us10y,0.0,,0.005289719979200558,0.001389795934050284,0.26273525621678095,0,,,,0.0,2024-08-07,1
pw_cape_of_good_hope_capacity_z,wti,0.0,,0.015533677810333758,0.013600586111876062,0.8755547963553287,0,,,,0.0,2024-08-07,1
pw_cape_of_good_hope_n_total_z,audusd,0.0,,0.0011190719640935126,0.0,0.0,0,,,,0.0,2024-08-07,1
pw_cape_of_good_hope_n_total_z,cnyusd,0.0,,0.00022181342688800543,0.0,0.0,0,,,,0.0,2024-08-07,1
pw_cape_of_good_hope_n_total_z,krwusd,0.0,,6.75193463514568e-06,0.0,0.0,0,,,,0.0,2024-08-07,1
pw_cape_of_good_hope_n_total_z,eurusd,0.0,,0.00931982226557728,0.0025851215504090292,0.27737884658564393,0,,,,0.0,2024-08-07,1
pw_cape_of_good_hope_n_total_z,sp500,0.0,,1.9241470612234957e-05,0.0,0.0,0,,,,0.0,2024-08-07,1
pw_cape_of_good_hope_n_total_z,vix,0.0,,0.0,0.0,0.0,0,,,,0.0,2024-08-07,1
pw_cape_of_good_hope_n_total_z,us2y,0.0,,0.00037700075131998366,0.0,0.0,0,,,,0.0,2024-08-07,1
pw_cape_of_good_hope_n_total_z,us10y,0.0,,0.024436642341132426,0.02248307282409016,0.9200557306617381,0,,,,0.0,2024-08-07,1
pw_cape_of_good_hope_n_total_z,wti,0.0,,0.0016432732161742309,0.0,0.0,0,,,,0.0,2024-08-07,1
pw_cape_of_good_hope_n_total_z,brent,0.0,,0.0011294539599644741,0.0028578545650368636,2.5302975299026396,0,,,,0.0,2024-08-07,1
pw_malacca_strait_capacity_z,audusd,0.0,,0.0,0.0,0.0,0,,,,0.0,2024-08-07,1
pw_malacca_strait_capacity_z,brlusd,0.0,,6.959554972222023e-06,0.0,0.0,0,,,,0.0,2024-08-07,1
pw_malacca_strait_capacity_z,cnyusd,0.0,,0.001426397794877015,0.0,0.0,0,,,,0.0,2024-08-07,1
pw_malacca_strait_capacity_z,krwusd,0.0,,0.006752374387086476,0.009771237011642573,1.4470816414340852,0,,,,0.0,2024-08-07,1
pw_malacca_strait_capacity_z,eurusd,0.0,,0.00042666825173687776,0.0,0.0,0,,,,0.0,2024-08-07,1
pw_malacca_strait_capacity_z,sp500,0.0,,0.0,0.0,0.0,0,,,,0.0,2024-08-07,1
pw_malacca_strait_capacity_z,vix,0.0,,0.0,0.0,0.0,0,,,,0.0,2024-08-07,1
pw_malacca_strait_capacity_z,us10y,0.0,,0.0,0.0,0.0,0,,,,0.0,2024-08-07,1
pw_malacca_strait_capacity_z,wti,0.0,,0.0,0.0,0.0,0,,,,0.0,2024-08-07,1
pw_malacca_strait_capacity_z,brent,0.0,,0.0,0.0,0.0,0,,,,0.0,2024-08-07,1
pw_malacca_strait_capacity_z,henry_hub,0.0,,0.0,0.0,0.0,0,,,,0.0,2024-08-07,1
pw_malacca_strait_n_total_z,audusd,0.0,,0.007204671578956178,0.005203135318060154,0.7221891048105195,0,,,,0.0,2024-08-07,1
pw_malacca_strait_n_total_z,brlusd,0.0,,0.0027627188992499045,0.008231291446836446,2.979416924780619,0,,,,0.0,2024-08-07,1
pw_malacca_strait_n_total_z,cnyusd,0.0,,0.02407655033218251,0.020956427800545054,0.8704082400265263,0,,,,0.0,2024-08-07,1
pw_malacca_strait_n_total_z,krwusd,0.0,,0.0,0.0,0.0,0,,,,0.0,2024-08-07,1
pw_malacca_strait_n_total_z,eurusd,0.0,,0.024262387070707873,0.02243161120677005,0.9245426322396723,0,,,,0.0,2024-08-07,1
pw_malacca_strait_n_total_z,sp500,0.0,,0.003569957453778947,0.0016913217471232196,0.4737652392279594,0,,,,0.0,2024-08-07,1
pw_malacca_strait_n_total_z,vix,0.0,,0.0,0.0,0.0,0,,,,0.0,2024-08-07,1
pw_malacca_strait_n_total_z,us2y,0.0,,0.001021448870936185,0.0,0.0,0,,,,0.0,2024-08-07,1
pw_malacca_strait_n_total_z,us10y,0.0,,0.0025998039588915503,0.005124612746367546,1.9711535282654429,0,,,,0.0,2024-08-07,1
pw_malacca_strait_n_total_z,wti,0.0,,0.0,0.0,0.0,0,,,,0.0,2024-08-07,1
pw_malacca_strait_n_total_z,brent,0.0,,0.00833807035295188,0.00268201316522124,0.3216587353777534,0,,,,0.0,2024-08-07,1
pw_malacca_strait_n_total_z,henry_hub,0.0,,0.025147235567531095,0.04549366713494561,1.8090921768627664,0,,,,0.0,2024-08-07,1
pw_panama_canal_capacity_z,audusd,0.0,,6.162488947794353e-05,0.0,0.0,0,,,,0.0,2024-08-07,1
pw_panama_canal_capacity_z,brlusd,0.0,,0.0,0.0,0.0,0,,,,0.0,2024-08-07,1
pw_panama_canal_capacity_z,cnyusd,0.0,,0.0034179134436431906,0.0020628361196701264,0.6035366763036946,0,,,,0.0,2024-08-07,1
pw_panama_canal_capacity_z,krwusd,0.0,,0.010020759059257159,0.0,0.0,0,,,,0.0,2024-08-07,1
pw_panama_canal_capacity_z,eurusd,0.0,,0.0,0.0,0.0,0,,,,0.0,2024-08-07,1
pw_panama_canal_capacity_z,sp500,0.0,,0.015267420968856115,0.0029998823431615007,0.1964891352168081,0,,,,0.0,2024-08-07,1
pw_panama_canal_capacity_z,vix,0.0,,0.024990137428766334,0.005421365060545108,0.21694018594329675,0,,,,0.0,2024-08-07,1
pw_panama_canal_capacity_z,us2y,0.0,,0.0,0.0,0.0,0,,,,0.0,2024-08-07,1
pw_panama_canal_capacity_z,us10y,0.0,,0.0,0.0,0.0,0,,,,0.0,2024-08-07,1
pw_panama_canal_capacity_z,wti,0.0,,0.0,0.0,0.0,0,,,,0.0,2024-08-07,1
pw_panama_canal_capacity_z,brent,0.0,,0.00020422215564617097,0.0,0.0,0,,,,0.0,2024-08-07,1
pw_panama_canal_capacity_z,henry_hub,0.0,,0.012165070019398816,0.0,0.0,0,,,,0.0,2024-08-07,1
pw_panama_canal_n_total_z,audusd,0.0,,0.004723874802106607,0.0013787112048984107,0.2918602339510725,0,,,,0.0,2024-08-07,1
pw_panama_canal_n_total_z,brlusd,0.0,,0.0,0.0,0.0,0,,,,0.0,2024-08-07,1
pw_panama_canal_n_total_z,cnyusd,0.0,,8.18970634003443e-05,0.0,0.0,0,,,,0.0,2024-08-07,1
pw_panama_canal_n_total_z,krwusd,0.0,,0.0,0.0,0.0,0,,,,0.0,2024-08-07,1
pw_panama_canal_n_total_z,eurusd,0.0,,0.00012673737833638796,0.0,0.0,0,,,,0.0,2024-08-07,1
pw_panama_canal_n_total_z,sp500,0.0,,0.0023315957332437675,0.0,0.0,0,,,,0.0,2024-08-07,1
pw_panama_canal_n_total_z,vix,0.0,,0.0,0.0,0.0,0,,,,0.0,2024-08-07,1
pw_panama_canal_n_total_z,us2y,0.0,,0.0026376644887360656,0.0,0.0,0,,,,0.0,2024-08-07,1
pw_panama_canal_n_total_z,us10y,0.0,,0.0028027088054482026,0.0,0.0,0,,,,0.0,2024-08-07,1
pw_panama_canal_n_total_z,wti,0.0,,0.0,0.0,0.0,0,,,,0.0,2024-08-07,1
pw_panama_canal_n_total_z,brent,0.0,,0.000248518548674316,0.0,0.0,0,,,,0.0,2024-08-07,1
pw_strait_of_hormuz_capacity_z,audusd,0.0,,0.016102493956506137,0.0132700691854045,0.8241002431826897,0,,,,0.0,2024-08-07,1
pw_strait_of_hormuz_capacity_z,brlusd,0.0,,0.0,0.0,0.0,0,,,,0.0,2024-08-07,1
pw_strait_of_hormuz_capacity_z,cnyusd,0.0,,0.0,0.0,0.0,0,,,,0.0,2024-08-07,1
pw_strait_of_hormuz_capacity_z,krwusd,0.0,,0.0,0.0,0.0,0,,,,0.0,2024-08-07,1
pw_strait_of_hormuz_capacity_z,eurusd,0.0,,0.0,0.0,0.0,0,,,,0.0,2024-08-07,1
pw_strait_of_hormuz_capacity_z,sp500,0.0,,0.0,0.0,0.0,0,,,,0.0,2024-08-07,1
pw_strait_of_hormuz_capacity_z,vix,0.0,,0.011423074822609073,0.006334871050136407,0.5545679380124641,0,,,,0.0,2024-08-07,1
pw_strait_of_hormuz_capacity_z,us2y,0.0,,0.0,0.0,0.0,0,,,,0.0,2024-08-07,1
pw_strait_of_hormuz_capacity_z,us10y,0.0,,0.0028436447954993268,0.0,0.0,0,,,,0.0,2024-08-07,1
pw_strait_of_hormuz_capacity_z,wti,0.0,,0.013596566487313983,0.010157905328346073,0.7470934178730867,0,,,,0.0,2024-08-07,1
pw_strait_of_hormuz_capacity_z,henry_hub,0.0,,0.000860555104188789,0.002863972564438758,3.3280524983214304,0,,,,0.0,2024-08-07,1
pw_strait_of_hormuz_n_total_z,audusd,0.0,,0.0007159711103439206,0.0,0.0,0,,,,0.0,2024-08-07,1
pw_strait_of_hormuz_n_total_z,brlusd,0.0,,0.018476190312989613,0.010228991221110147,0.5536309730431114,0,,,,0.0,2024-08-07,1
pw_strait_of_hormuz_n_total_z,cnyusd,0.0,,0.0,0.0,0.0,0,,,,0.0,2024-08-07,1
pw_strait_of_hormuz_n_total_z,krwusd,0.0,,0.0016425030050971478,0.0,0.0,0,,,,0.0,2024-08-07,1
pw_strait_of_hormuz_n_total_z,eurusd,0.0,,0.0,0.0,0.0,0,,,,0.0,2024-08-07,1
pw_strait_of_hormuz_n_total_z,sp500,0.0,,0.0,0.0,0.0,0,,,,0.0,2024-08-07,1
pw_strait_of_hormuz_n_total_z,vix,0.0,,0.0,0.0,0.0,0,,,,0.0,2024-08-07,1
pw_strait_of_hormuz_n_total_z,us2y,0.0,,0.0,0.0,0.0,0,,,,0.0,2024-08-07,1
pw_strait_of_hormuz_n_total_z,us10y,0.0,,0.012047891829011361,0.0146448456248069,1.2155525491640011,0,,,,0.0,2024-08-07,1
pw_strait_of_hormuz_n_total_z,wti,0.0,,0.0,0.0,0.0,0,,,,0.0,2024-08-07,1
pw_strait_of_hormuz_n_total_z,brent,0.0,,0.0,0.0,0.0,0,,,,0.0,2024-08-07,1
pw_strait_of_hormuz_n_total_z,henry_hub,0.0,,0.0,0.0,0.0,0,,,,0.0,2024-08-07,1
pw_suez_canal_capacity_z,audusd,0.0,,0.0,0.0,0.0,0,,,,0.0,2024-08-07,1
pw_suez_canal_capacity_z,cnyusd,0.0,,0.0,0.0,0.0,0,,,,0.0,2024-08-07,1
pw_suez_canal_capacity_z,krwusd,0.0,,0.0,0.0,0.0,0,,,,0.0,2024-08-07,1
pw_suez_canal_capacity_z,eurusd,0.0,,0.0016164592535420175,0.0,0.0,0,,,,0.0,2024-08-07,1
pw_suez_canal_capacity_z,sp500,0.0,,0.0,0.0,0.0,0,,,,0.0,2024-08-07,1
pw_suez_canal_capacity_z,vix,0.0,,0.0,0.0,0.0,0,,,,0.0,2024-08-07,1
pw_suez_canal_capacity_z,us2y,0.0,,0.0,0.0,0.0,0,,,,0.0,2024-08-07,1
pw_suez_canal_capacity_z,us10y,0.0,,0.004164389285653592,0.0,0.0,0,,,,0.0,2024-08-07,1
pw_suez_canal_capacity_z,wti,0.0,,0.00013024511538320695,0.0,0.0,0,,,,0.0,2024-08-07,1
pw_suez_canal_capacity_z,brent,0.0,,0.0,0.0,0.0,0,,,,0.0,2024-08-07,1
pw_suez_canal_capacity_z,henry_hub,0.0,,0.0,0.0,0.0,0,,,,0.0,2024-08-07,1
pw_suez_canal_n_total_z,audusd,0.0,,0.00016641581384164105,0.0,0.0,0,,,,0.0,2024-08-07,1
pw_suez_canal_n_total_z,brlusd,0.0,,0.0,0.0,0.0,0,,,,0.0,2024-08-07,1
pw_suez_canal_n_total_z,cnyusd,0.0,,0.0,0.0,0.0,0,,,,0.0,2024-08-07,1
pw_suez_canal_n_total_z,krwusd,0.0,,0.0,0.0,0.0,0,,,,0.0,2024-08-07,1
pw_suez_canal_n_total_z,eurusd,0.0,,0.0,0.0,0.0,0,,,,0.0,2024-08-07,1
pw_suez_canal_n_total_z,sp500,0.0,,0.0,0.0,0.0,0,,,,0.0,2024-08-07,1
pw_suez_canal_n_total_z,vix,0.0,,0.0027937784717616118,0.009304241486177945,3.3303433254359542,0,,,,0.0,2024-08-07,1
pw_suez_canal_n_total_z,us2y,0.0,,0.0,0.0,0.0,0,,,,0.0,2024-08-07,1
pw_suez_canal_n_total_z,us10y,0.0,,0.0,0.0,0.0,0,,,,0.0,2024-08-07,1
pw_suez_canal_n_total_z,wti,0.0,,0.002686913912906908,0.004757283358318405,1.770538064307246,0,,,,0.0,2024-08-07,1
pw_suez_canal_n_total_z,brent,0.0,,0.009038686731691697,0.01813931113226978,2.0068525075295747,0,,,,0.0,2024-08-07,1
sp500,krwusd,1.0,1.0,0.2183926236159646,0.22543042612958783,1.0322254588872881,260,2.25470270893203e-06,0.5741511206380961,2.961847033247652,0.9016408697432922,2024-09-10,1
wti,brent,1.0,1.0,0.40251667133136876,0.38750884198639685,0.9627150117898674,260,4.0189378444783375e-05,0.6123869808404563,2.7470320320678447,0.8466992098598486,2024-09-10,1
us2y,cnyusd,1.0,1.0,0.10286961739275002,0.12232729756948005,1.1891489505831616,260,1.253059682453083e-07,0.490572524819579,1.6785915676642877,0.6854358827492476,2024-09-10,1
sp500,vix,1.0,1.0,0.05582671160466211,0.060394793913155206,1.0818261039776451,260,0.04716370315243839,0.5418972910994365,1.5884126101654747,0.6607853024314775,2024-09-10,1
brlusd,wti,1.0,1.0,0.06493634362890734,0.06873365124068516,1.0584773856914143,260,0.017381919775480942,0.5546325709552642,1.320542628886206,0.5785439433237399,2024-09-10,1
brlusd,us2y,1.0,1.0,0.059999561970021174,0.05994118052313515,0.9990269687816189,260,3.072822739053481e-05,0.514002075514375,1.19077278729592,0.5332391325810478,2024-09-10,1
pw_cape_of_good_hope_capacity_z,henry_hub,1.0,1.0,0.0709433386844671,0.06046035718559454,0.8522344494456702,260,7.078199819378655e-05,0.5557002218861316,1.092028259104129,0.4240095868450773,2024-09-10,1
eurusd,sp500,1.0,1.0,0.08145841222195381,0.08033408129289131,0.9861974853376839,260,5.805107574651538e-07,0.4982547568003273,0.6851302696359741,0.3252139204328858,2024-09-10,1
wti,sp500,1.0,1.0,0.07414474136025989,0.07426695670701072,1.0016483346560885,260,2.917531098037984e-07,0.48933744426036335,0.6276668213404821,0.30392046592718286,2024-09-10,1
us2y,krwusd,1.0,1.0,0.16841932118578648,0.16522111104968976,0.9810104320954439,260,4.3429584093296064e-07,0.5472719714449987,0.636385295539857,0.3020254382829596,2024-09-10,1
eurusd,wti,1.0,1.0,0.0924724696044127,0.08407779786414417,0.9092197734506277,260,0.01825667173179839,0.5640940850710409,0.6850478780228354,0.2997959423963541,2024-09-10,1
brlusd,audusd,1.0,0.7614463777522816,0.06553950052598592,0.06551239245031527,0.9995863856841585,260,1.535229522901216e-07,0.520916030004113,0.8157154642605066,0.294293136776454,2024-09-10,1
us2y,eurusd,1.0,0.9712310734378962,0.09160862258994108,0.08973458574371454,0.9795430081443849,260,9.889190015383683e-08,0.5085198963872335,0.5339462996401699,0.24812117593588082,2024-09-10,1
audusd,eurusd,0.9712310734378962,0.799439873114494,0.06389182751382537,0.06146590069334475,0.9620307179356282,240,4.7627988683935705e-08,0.48255899819487214,0.5396470642396862,0.1967945332091316,2024-09-10,1
us10y,eurusd,1.0,0.9026599795556318,0.07057805854427206,0.06366771827988384,0.9020893970885652,260,6.548157528663307e-08,0.4921788778686362,0.4192828967415882,0.1682492047826672,2024-09-10,1
pw_malacca_strait_capacity_z,us2y,0.26392296422168415,1.0,0.044456323746137755,0.0537623107023146,1.2093287562263924,20,4.378106627995812e-05,0.5563822904133773,0.8568172835129837,0.10662237821331824,2024-09-10,1
pw_suez_canal_n_total_z,henry_hub,0.2985810772407526,1.0,0.049467376342537436,0.03174533063955943,0.6417427603141616,140,0.00011369156606820154,0.5622340909004842,0.7553141850767682,0.06910899111496181,2024-09-10,1
henry_hub,cnyusd,0.23855362224771837,1.0,0.04941884214823389,0.04600026194094288,0.9308243564866042,120,2.5909905459050152e-08,0.502503773468099,0.3003744767362997,0.03310080211999402,2024-09-10,1
us10y,cnyusd,0.18507523954119726,1.0,0.04146438349607912,0.03329781061812903,0.8030460798067256,100,3.637829599062986e-08,0.47796823527004156,0.32998822660226385,0.024301950837554667,2024-09-10,1
audusd,us2y,0.06976888657760238,1.0,0.040854972641129285,0.035443328495973245,0.8675401353785742,40,5.5893682214857484e-05,0.5524668454893161,0.6254922979652148,0.018335737925923166,2024-09-10,1
pw_suez_canal_capacity_z,brlusd,0.1563063129790936,1.0,0.04047242239662778,0.03943431952893645,0.9743503648603493,80,8.179476256627016e-08,0.5582242768890886,0.13058864720331073,0.009930029268598341,2024-09-10,1
brent,us10y,0.046735259081330555,1.0,0.045231093117534586,0.04224841839170467,0.9340569833658601,20,9.526109637754118e-06,0.3975981573018204,0.23458885524139234,0.005096946835827193,2024-09-10,1
audusd,wti,1.0,1.0,0.07068331398706665,0.05858971443727199,0.8289044631947011,260,-0.014146744512305505,0.4418062239868052,-0.7304571505978017,0.0,2024-09-10,1
cnyusd,us2y,1.0,1.0,0.1026078244497255,0.0831720120423725,0.8105815759023727,260,-4.985087461326737e-05,0.44765721167835615,-1.1424570148853412,0.0,2024-09-10,1
cnyusd,us10y,1.0,1.0,0.07939504132881345,0.06567688219249455,0.8272164242662796,260,-1.4009588011441585e-05,0.4884422054785315,-0.6983425510095461,0.0,2024-09-10,1
eurusd,krwusd,1.0,1.0,0.20424020933021012,0.18338990162532354,0.8979128166130287,260,-3.0827876572481967e-07,0.4357358496738179,-0.4334114990745487,0.0,2024-09-10,1
sp500,audusd,1.0,1.0,0.1968013890939313,0.19608752434722462,0.9963726640853843,260,-5.635189270389753e-07,0.46868413851418833,-0.714060324402669,0.0,2024-09-10,1
sp500,brlusd,1.0,1.0,0.06788752099725562,0.06920346257615671,1.0193841454153894,260,-1.4810035466719222e-08,0.49222818179080935,-0.04903106255154264,0.0,2024-09-10,1
sp500,cnyusd,1.0,1.0,0.10030674996484257,0.08803838926321557,0.8776915740373699,260,-5.045733780584133e-08,0.37187805950386094,-0.9527845960243041,0.0,2024-09-10,1
sp500,eurusd,1.0,1.0,0.16067415047466957,0.1498867965753168,0.9328619204303595,260,-2.93862654642816e-07,0.4706993238184371,-1.0440078164219295,0.0,2024-09-10,1
vix,brlusd,1.0,1.0,0.11928123270554004,0.08489561543785794,0.7117265097975043,260,-2.739312822540066e-06,0.5354653841686445,-0.8770509609022838,0.0,2024-09-10,1
us2y,wti,1.0,1.0,0.06408933604034873,0.052912316410645574,0.8256025054984741,260,-0.00909009216293954,0.45109182759581434,-0.4453382345940782,0.0,2024-09-10,1
us10y,us2y,1.0,1.0,0.06349839854373059,0.05280790267459478,0.831641488379059,260,-1.0319606910832131e-05,0.5014106699086804,-0.23150019574596375,0.0,2024-09-10,1
brent,brlusd,1.0,1.0,0.06170903803912586,0.056254158758874774,0.9116032358697199,260,-2.429503809817887e-08,0.5611081847479253,-0.10348451646233645,0.0,2024-09-10,1
brent,vix,1.0,1.0,0.08764005845738555,0.06316639919234764,0.7207480266921765,260,-0.00860074759691377,0.5201438108136838,-0.926604686020697,0.0,2024-09-10,1
brent,wti,1.0,1.0,0.10787173997255609,0.09354300959951312,0.8671688212622845,260,-0.013268547821317903,0.47602421658950483,-0.8793900840934569,0.0,2024-09-10,1
pw_cape_of_good_hope_capacity_z,brent,1.0,1.0,0.0638585296389695,0.054608019875467206,0.8551405769002048,260,-9.166172080361484e-06,0.3984127972053576,-1.7590867308832696,0.0,2024-09-10,1
pw_panama_canal_n_total_z,henry_hub,1.0,1.0,0.3244734087476275,0.2755791969375446,0.8493121146697346,260,-7.254590421394317e-05,0.528761507688756,-0.6202035954168224,0.0,2024-09-10,1
us10y,krwusd,0.9026599795556318,1.0,0.055640672860022576,0.06047678433672708,1.0869168402918294,200,-8.612747486931262e-09,0.4670984272246132,-0.03476139116628805,0.0,2024-09-10,1
eurusd,us2y,0.8059337412114675,1.0,0.062392631428175443,0.043805283695682345,0.702090658671925,240,-1.8797093511585322e-05,0.4731839691368939,-0.7293238725407803,0.0,2024-09-10,1
pw_bab_el_mandeb_strait_n_total_z,henry_hub,0.7614463777522816,1.0,0.049890648133303975,0.05656559743105712,1.133791593164278,140,-3.793075265842761e-05,0.5281355473629065,-0.3695771632660275,0.0,2024-09-10,1
brlusd,brent,0.7360770357783158,1.0,0.052906379581055527,0.04587322318672616,0.8670641149513136,240,-3.1679769415354676e-06,0.4388730197218736,-1.4905855150022052,0.0,2024-09-10,1
vix,audusd,0.7360770357783158,1.0,0.05774627273865111,0.03608408033015289,0.6248728899519235,240,-8.07628565651239e-07,0.5008374415202019,-1.1648399175729947,0.0,2024-09-10,1
sp500,wti,0.6770528521293787,1.0,0.05202921128981554,0.04929348404408623,0.9474193981052177,220,-0.002128120467569723,0.5282187920993541,-0.14121953370531015,0.0,2024-09-10,1
henry_hub,krwusd,0.5535776917901059,1.0,0.049008450718639913,0.0574079354101975,1.171388496644782,100,-1.0119227856039712e-07,0.4293545119017318,-0.5679172578718292,0.0,2024-09-10,1
krwusd,us2y,0.5282083498161401,1.0,0.05560126880159843,0.04260803000145335,0.7663139874287986,200,-8.480960205791367e-06,0.5325201950507704,-0.15635574678328337,0.0,2024-09-10,1
pw_cape_of_good_hope_n_total_z,henry_hub,0.44298917639005264,0.7802654655411715,0.06965325625360544,0.04528479104584973,0.6501460733001362,180,-0.0003180855407620241,0.4764110147296958,-1.4684265586203271,0.0,2024-09-10,1
us10y,sp500,0.38859872070547624,1.0,0.04986158622780515,0.04715042729133103,0.945626299891714,140,-3.988722606922509e-07,0.48044154311534293,-0.5440302538262141,0.0,2024-09-10,1
henry_hub,brlusd,0.23855362224771837,0.5799114645855682,0.01793716873795443,0.0,0.0,120,-2.3061994697984676e-06,0.5154017189945581,-1.485472784103477,0.0,2024-09-10,1
pw_strait_of_hormuz_capacity_z,brent,0.19788648185582117,1.0,0.04518743713638853,0.04330258771950734,0.9582881983062642,60,-5.185965165730867e-06,0.40217967225309986,-0.6948023036075387,0.0,2024-09-10,1
audusd,sp500,0.09734002044436804,1.0,0.04071722708819312,0.03174043841645211,0.7795333986693797,60,-1.619454514164341e-06,0.45279913005450234,-1.2702065892735912,0.0,2024-09-10,1
us2y,us10y,0.09734002044436804,1.0,0.03019361317408064,0.015755847791763172,0.5218271725521276,60,-1.6465517229522642e-05,0.4995511033149797,-0.36150803986969937,0.0,2024-09-10,1
pw_cape_of_good_hope_n_total_z,brlusd,0.07550418564343425,1.0,0.03652278374844936,0.030184510788830683,0.82645701370209,40,-1.71712192105884e-06,0.33295839484824813,-1.3696789788072141,0.0,2024-09-10,1
krwusd,vix,0.06976888657760238,1.0,0.04233097547714477,0.028878281438069597,0.6822021253363624,40,-0.05096883898372772,0.2993842190935326,-2.039253999919229,0.0,2024-09-10,1
cnyusd,wti,0.046735259081330555,1.0,0.03000303823169053,0.019960299875389755,0.6652759537634694,20,-0.026350855717256132,0.4432619032366699,-1.2536483129621632,0.0,2024-09-10,1
audusd,vix,0.028768926562103697,1.0,0.039980671780361146,0.03346387928929664,0.83700142591737,20,-0.11408765609220188,0.35232384763291386,-1.852075671741366,0.0,2024-09-10,1
brlusd,cnyusd,0.028768926562103697,1.0,0.03298556016056499,0.025006221611907492,0.7580960120181017,20,-2.7076723537118604e-09,0.5031297473171651,-0.02698347389077949,0.0,2024-09-10,1
eurusd,audusd,0.028768926562103697,1.0,0.03219343113925985,0.037880892607818094,1.1766652782039873,20,-1.071238815296082e-06,0.24540498886382678,-1.3774437254876333,0.0,2024-09-10,1
pw_bab_el_mandeb_strait_capacity_z,cnyusd,0.028768926562103697,1.0,0.0277467973082991,0.01660780297280091,0.5985484662705016,20,-8.052518251198799e-07,0.2983218135203557,-2.255604270227381,0.0,2024-09-10,1
pw_bab_el_mandeb_strait_n_total_z,cnyusd,0.028768926562103697,1.0,0.021687918646364785,0.016521925603165857,0.7618031897189533,20,-6.296462030138998e-07,0.25071531608863584,-2.720653290233656,0.0,2024-09-10,1
audusd,brlusd,0.0,,0.004144462438126207,0.0050747127724480095,1.2244562107172545,0,,,,0.0,2024-09-10,1
audusd,cnyusd,0.0,,0.00025329082020112277,0.0,0.0,0,,,,0.0,2024-09-10,1
audusd,krwusd,0.0,,0.007061388635938178,0.014668213316369375,2.077242037312191,0,,,,0.0,2024-09-10,1
audusd,us10y,0.0,,0.0,0.0,0.0,0,,,,0.0,2024-09-10,1
audusd,brent,0.0,,0.004562479268312037,0.0,0.0,0,,,,0.0,2024-09-10,1
audusd,henry_hub,0.0,,0.009336934610902382,0.010044122561105576,1.075740912802092,0,,,,0.0,2024-09-10,1
brlusd,krwusd,0.0,,0.010712323195188837,0.011282608058136134,1.0532363384259567,0,,,,0.0,2024-09-10,1
brlusd,eurusd,0.0,,0.01803229711649563,0.020974954455667435,1.1631881573468483,0,,,,0.0,2024-09-10,1
brlusd,sp500,0.0,,0.0007302160041740756,0.0,0.0,0,,,,0.0,2024-09-10,1
brlusd,vix,0.0,,0.0012367148976290964,0.0,0.0,0,,,,0.0,2024-09-10,1
brlusd,us10y,0.0,,0.026960119600691765,0.02983656768512212,1.1066927048927686,0,,,,0.0,2024-09-10,1
brlusd,henry_hub,0.0,,0.011446761130789341,0.008625343562893456,0.7535182628816396,0,,,,0.0,2024-09-10,1
cnyusd,audusd,0.0,,0.016443612269058872,0.01329102290949662,0.808278782789453,0,,,,0.0,2024-09-10,1
cnyusd,brlusd,0.0,,0.02030540577422729,0.01953972817809395,0.9622919332592123,0,,,,0.0,2024-09-10,1
cnyusd,krwusd,0.0,,0.009162280854380306,0.0052157165404268955,0.5692596225025524,0,,,,0.0,2024-09-10,1
cnyusd,eurusd,0.0,,0.012164158498555263,0.011625640369857845,0.9557291095178202,0,,,,0.0,2024-09-10,1
cnyusd,sp500,0.0,,0.013234362134923133,0.00505704740599935,0.382114933416753,0,,,,0.0,2024-09-10,1
cnyusd,vix,0.0,,0.006835895444241125,0.022300841775887086,3.262314638629289,0,,,,0.0,2024-09-10,1
cnyusd,brent,0.0,,0.0,0.0,0.0,0,,,,0.0,2024-09-10,1
cnyusd,henry_hub,0.0,,0.012482706250550228,0.007460651221798688,0.5976789865955412,0,,,,0.0,2024-09-10,1
krwusd,audusd,0.0,,0.023727763907292688,0.018828614032713173,0.7935266932981506,0,,,,0.0,2024-09-10,1
krwusd,brlusd,0.0,,1.1006106429004925e-05,0.0,0.0,0,,,,0.0,2024-09-10,1
krwusd,cnyusd,0.0,,0.032111507893585564,0.027829528097796513,0.8666527959391033,0,,,,0.0,2024-09-10,1
krwusd,eurusd,0.0,,0.017236223424553318,0.017429507491436135,1.0112138292781399,0,,,,0.0,2024-09-10,1
krwusd,sp500,0.0,,0.03390040014614229,0.028495884568453436,0.8405766435089156,0,,,,0.0,2024-09-10,1
krwusd,us10y,0.0,,0.01213045888793063,0.0,0.0,0,,,,0.0,2024-09-10,1
krwusd,wti,0.0,,0.000724847423941235,0.0,0.0,0,,,,0.0,2024-09-10,1
krwusd,brent,0.0,,0.0014115440616671135,0.0,0.0,0,,,,0.0,2024-09-10,1
krwusd,henry_hub,0.0,,0.005338215270402321,0.004758043172124602,0.8913172157941106,0,,,,0.0,2024-09-10,1
eurusd,brlusd,0.0,,0.015959477996277806,0.009330492563669565,0.5846364502551835,0,,,,0.0,2024-09-10,1
eurusd,cnyusd,0.0,,0.005415767051333534,0.0,0.0,0,,,,0.0,2024-09-10,1
eurusd,vix,0.0,,0.03783042691522372,0.037594476397344076,0.993762943294074,0,,,,0.0,2024-09-10,1
eurusd,us10y,0.0,,0.027153314514660798,0.025994062078581657,0.9573071480664642,0,,,,0.0,2024-09-10,1
eurusd,brent,0.0,,0.0302377519117016,0.025441082340260657,0.8413681815550349,0,,,,0.0,2024-09-10,1
eurusd,henry_hub,0.0,,0.021854257591467325,0.015049482475851455,0.6886293168671768,0,,,,0.0,2024-09-10,1
sp500,us2y,0.0,,0.0066369085472410185,0.0,0.0,0,,,,0.0,2024-09-10,1
sp500,us10y,0.0,,0.0033665666470265514,0.009034869275307195,2.6837042668640025,0,,,,0.0,2024-09-10,1
sp500,brent,0.0,,0.019455543825231954,0.025075461785997323,1.2888594639784305,0,,,,0.0,2024-09-10,1
sp500,henry_hub,0.0,,0.0007543329207827825,0.0,0.0,0,,,,0.0,2024-09-10,1
vix,cnyusd,0.0,,0.0,0.0,0.0,0,,,,0.0,2024-09-10,1
vix,krwusd,0.0,,0.0,0.0,0.0,0,,,,0.0,2024-09-10,1
vix,eurusd,0.0,,0.00372356178052292,0.002858506348892581,0.7676806556144062,0,,,,0.0,2024-09-10,1
vix,sp500,0.0,,0.016310234857852966,0.009197330976517544,0.5638993586955777,0,,,,0.0,2024-09-10,1
vix,us2y,0.0,,0.004654025421135773,0.0,0.0,0,,,,0.0,2024-09-10,1
vix,us10y,0.0,,0.0014373210226306288,0.0,0.0,0,,,,0.0,2024-09-10,1
vix,wti,0.0,,0.00012789066460566504,0.0009096848758925739,7.112988885447378,0,,,,0.0,2024-09-10,1
vix,brent,0.0,,0.0,0.0,0.0,0,,,,0.0,2024-09-10,1
vix,henry_hub,0.0,,0.025943770536952425,0.03040387481196141,1.1719142662265045,0,,,,0.0,2024-09-10,1
us2y,audusd,0.0,,0.03357158763622913,0.028216389816048917,0.8404842249878854,0,,,,0.0,2024-09-10,1
us2y,brlusd,0.0,,0.0005153659150757268,0.0,0.0,0,,,,0.0,2024-09-10,1
us2y,sp500,0.0,,0.026837820804722773,0.006724841642759098,0.2505733118828969,0,,,,0.0,2024-09-10,1
us2y,vix,0.0,,0.002930336070274863,0.0,0.0,0,,,,0.0,2024-09-10,1
us2y,brent,0.0,,0.011025580236567835,0.013864939566601179,1.2575247079166159,0,,,,0.0,2024-09-10,1
us2y,henry_hub,0.0,,0.0131509727703181,0.013721998873649206,1.043420826223587,0,,,,0.0,2024-09-10,1
us10y,audusd,0.0,,0.01645611385046701,0.013027190925884185,0.7916322799088124,0,,,,0.0,2024-09-10,1
us10y,brlusd,0.0,,0.011334982732189946,0.014163027294590236,1.2494970331422732,0,,,,0.0,2024-09-10,1
us10y,vix,0.0,,0.031394287576062205,0.029739028835517982,0.9472751615549849,0,,,,0.0,2024-09-10,1
us10y,wti,0.0,,0.0036003696661625613,0.0028361502491819784,0.7877386246854138,0,,,,0.0,2024-09-10,1
us10y,brent,0.0,,0.008366254192800944,0.01038439820050832,1.2412243234784766,0,,,,0.0,2024-09-10,1
us10y,henry_hub,0.0,,0.0,0.0,0.0,0,,,,0.0,2024-09-10,1
wti,audusd,0.0,,0.027643798578301407,0.02719206790174132,0.9836588783093411,0,,,,0.0,2024-09-10,1
wti,brlusd,0.0,,0.020975699836358996,0.026075761223497633,1.243141417303191,0,,,,0.0,2024-09-10,1
wti,cnyusd,0.0,,0.012635668480401326,0.013160107800343837,1.0415046754950834,0,,,,0.0,2024-09-10,1
wti,krwusd,0.0,,0.0,0.0,0.0,0,,,,0.0,2024-09-10,1
wti,eurusd,0.0,,0.00012823390054930657,0.0007222632153409108,5.632389034779434,0,,,,0.0,2024-09-10,1
wti,vix,0.0,,0.03770389209990786,0.04121972374606743,1.0932485069934772,0,,,,0.0,2024-09-10,1
wti,us2y,0.0,,0.0016820199936145737,0.0,0.0,0,,,,0.0,2024-09-10,1
wti,us10y,0.0,,0.016743202839270475,0.015353137835500448,0.9169773539080773,0,,,,0.0,2024-09-10,1
wti,henry_hub,0.0,,0.00035907600153940386,0.0,0.0,0,,,,0.0,2024-09-10,1
brent,audusd,0.0,,0.012721433775058778,0.014305506447415814,1.124519979458818,0,,,,0.0,2024-09-10,1
brent,cnyusd,0.0,,0.012015969101067142,0.01274956009456989,1.0610513382093831,0,,,,0.0,2024-09-10,1
brent,krwusd,0.0,,0.01669885196514257,0.013621255956268286,0.8157001442195844,0,,,,0.0,2024-09-10,1
brent,eurusd,0.0,,0.012455345317452094,0.012409671676663745,0.9963330088709502,0,,,,0.0,2024-09-10,1
brent,sp500,0.0,,0.028851674157027236,0.02032539591125113,0.7044789082473604,0,,,,0.0,2024-09-10,1
brent,us2y,0.0,,0.0,0.0,0.0,0,,,,0.0,2024-09-10,1
brent,henry_hub,0.0,,0.0002210970341247863,0.0,0.0,0,,,,0.0,2024-09-10,1
henry_hub,audusd,0.0,,0.004357335796696682,0.00027080219051344367,0.06214857039908197,0,,,,0.0,2024-09-10,1
henry_hub,eurusd,0.0,,0.0,0.0,0.0,0,,,,0.0,2024-09-10,1
henry_hub,sp500,0.0,,0.0004787265863019893,0.0,0.0,0,,,,0.0,2024-09-10,1
henry_hub,vix,0.0,,0.022212837018138084,0.011800172741545309,0.5312321308579258,0,,,,0.0,2024-09-10,1
henry_hub,us2y,0.0,,0.01951026104391671,0.02200303238767271,1.1277671958435043,0,,,,0.0,2024-09-10,1
henry_hub,us10y,0.0,,4.4147881135651425e-05,0.0,0.0,0,,,,0.0,2024-09-10,1
henry_hub,wti,0.0,,0.0029459423170136467,0.0,0.0,0,,,,0.0,2024-09-10,1
henry_hub,brent,0.0,,0.006014674358444538,0.0,0.0,0,,,,0.0,2024-09-10,1
pw_bab_el_mandeb_strait_capacity_z,audusd,0.0,,0.006724640434553969,0.0,0.0,0,,,,0.0,2024-09-10,1
pw_bab_el_mandeb_strait_capacity_z,brlusd,0.0,,0.0017335695991170814,0.0,0.0,0,,,,0.0,2024-09-10,1
pw_bab_el_mandeb_strait_capacity_z,krwusd,0.0,,6.358492856881294e-05,0.0,0.0,0,,,,0.0,2024-09-10,1
pw_bab_el_mandeb_strait_capacity_z,eurusd,0.0,,0.005477571544247001,0.0,0.0,0,,,,0.0,2024-09-10,1
pw_bab_el_mandeb_strait_capacity_z,sp500,0.0,,0.0031151606222514744,0.0,0.0,0,,,,0.0,2024-09-10,1
pw_bab_el_mandeb_strait_capacity_z,vix,0.0,,0.00018691828790642844,0.0,0.0,0,,,,0.0,2024-09-10,1
pw_bab_el_mandeb_strait_capacity_z,us2y,0.0,,0.0004198353715418515,0.0,0.0,0,,,,0.0,2024-09-10,1
pw_bab_el_mandeb_strait_capacity_z,us10y,0.0,,0.0,0.0,0.0,0,,,,0.0,2024-09-10,1
pw_bab_el_mandeb_strait_capacity_z,wti,0.0,,0.0,0.0,0.0,0,,,,0.0,2024-09-10,1
pw_bab_el_mandeb_strait_capacity_z,brent,0.0,,0.0,0.0,0.0,0,,,,0.0,2024-09-10,1
pw_bab_el_mandeb_strait_capacity_z,henry_hub,0.0,,0.03728348658663871,0.03420693573593527,0.917482211768092,0,,,,0.0,2024-09-10,1
pw_bab_el_mandeb_strait_n_total_z,audusd,0.0,,0.0032020158074335344,0.0,0.0,0,,,,0.0,2024-09-10,1
pw_bab_el_mandeb_strait_n_total_z,brlusd,0.0,,0.011223832492096578,0.0,0.0,0,,,,0.0,2024-09-10,1
pw_bab_el_mandeb_strait_n_total_z,krwusd,0.0,,0.00016089106401545426,0.0,0.0,0,,,,0.0,2024-09-10,1
pw_bab_el_mandeb_strait_n_total_z,eurusd,0.0,,0.0008210474017563746,0.0,0.0,0,,,,0.0,2024-09-10,1
pw_bab_el_mandeb_strait_n_total_z,sp500,0.0,,0.005998008191159083,0.00141362795399818,0.23568289821308228,0,,,,0.0,2024-09-10,1
pw_bab_el_mandeb_strait_n_total_z,vix,0.0,,0.0,0.0,0.0,0,,,,0.0,2024-09-10,1
pw_bab_el_mandeb_strait_n_total_z,us2y,0.0,,0.0,0.0,0.0,0,,,,0.0,2024-09-10,1
pw_bab_el_mandeb_strait_n_total_z,us10y,0.0,,0.008932212180127224,0.0,0.0,0,,,,0.0,2024-09-10,1
pw_bab_el_mandeb_strait_n_total_z,wti,0.0,,0.0,0.0,0.0,0,,,,0.0,2024-09-10,1
pw_bab_el_mandeb_strait_n_total_z,brent,0.0,,0.0034354728200079693,0.0,0.0,0,,,,0.0,2024-09-10,1
pw_cape_of_good_hope_capacity_z,audusd,0.0,,0.000211358700274162,0.0,0.0,0,,,,0.0,2024-09-10,1
pw_cape_of_good_hope_capacity_z,brlusd,0.0,,0.0008220309594808712,0.0,0.0,0,,,,0.0,2024-09-10,1
pw_cape_of_good_hope_capacity_z,cnyusd,0.0,,0.013609181692345897,0.011186707657931007,0.8219970833531202,0,,,,0.0,2024-09-10,1
pw_cape_of_good_hope_capacity_z,krwusd,0.0,,3.1488805394437246e-05,0.0,0.0,0,,,,0.0,2024-09-10,1
pw_cape_of_good_hope_capacity_z,eurusd,0.0,,0.0028148330570992803,0.0,0.0,0,,,,0.0,2024-09-10,1
pw_cape_of_good_hope_capacity_z,sp500,0.0,,0.020101729944297757,0.01829390295251687,0.9100660989481798,0,,,,0.0,2024-09-10,1
pw_cape_of_good_hope_capacity_z,vix,0.0,,0.019248677791546535,0.01685545749907435,0.875668328059228,0,,,,0.0,2024-09-10,1
pw_cape_of_good_hope_capacity_z,us2y,0.0,,0.0,0.0,0.0,0,,,,0.0,2024-09-10,1
pw_cape_of_good_hope_capacity_z,us10y,0.0,,0.004639526554289598,0.0006649013744179231,0.14331233298000434,0,,,,0.0,2024-09-10,1
pw_cape_of_good_hope_capacity_z,wti,0.0,,0.014772579221523974,0.010119992007400092,0.6850524783549673,0,,,,0.0,2024-09-10,1
pw_cape_of_good_hope_n_total_z,audusd,0.0,,0.0009617440134786807,0.0,0.0,0,,,,0.0,2024-09-10,1
pw_cape_of_good_hope_n_total_z,cnyusd,0.0,,0.00019062914831534825,0.0,0.0,0,,,,0.0,2024-09-10,1
pw_cape_of_good_hope_n_total_z,krwusd,0.0,,5.80269448534598e-06,0.0,0.0,0,,,,0.0,2024-09-10,1
pw_cape_of_good_hope_n_total_z,eurusd,0.0,,0.008270454490776269,0.0018556809466710258,0.22437472435651487,0,,,,0.0,2024-09-10,1
pw_cape_of_good_hope_n_total_z,sp500,0.0,,1.653635312616641e-05,0.0,0.0,0,,,,0.0,2024-09-10,1
pw_cape_of_good_hope_n_total_z,vix,0.0,,0.0,0.0,0.0,0,,,,0.0,2024-09-10,1
pw_cape_of_good_hope_n_total_z,us2y,0.0,,0.0003239990164105846,0.0,0.0,0,,,,0.0,2024-09-10,1
pw_cape_of_good_hope_n_total_z,us10y,0.0,,0.024083729179033113,0.02192637494159192,0.9104227496745252,0,,,,0.0,2024-09-10,1
pw_cape_of_good_hope_n_total_z,wti,0.0,,0.0014122489248898401,0.0,0.0,0,,,,0.0,2024-09-10,1
pw_cape_of_good_hope_n_total_z,brent,0.0,,0.0010148131988218503,0.00031401550013776335,0.3094318249923438,0,,,,0.0,2024-09-10,1
pw_malacca_strait_capacity_z,audusd,0.0,,0.0,0.0,0.0,0,,,,0.0,2024-09-10,1
pw_malacca_strait_capacity_z,brlusd,0.0,,0.000772419780990584,0.005451669634892869,7.0579104381576245,0,,,,0.0,2024-09-10,1
pw_malacca_strait_capacity_z,cnyusd,0.0,,0.0012258635584471908,0.0,0.0,0,,,,0.0,2024-09-10,1
pw_malacca_strait_capacity_z,krwusd,0.0,,0.006530749024831203,0.005175955648631472,0.7925516091571521,0,,,,0.0,2024-09-10,1
pw_malacca_strait_capacity_z,eurusd,0.0,,0.00036668386843356516,0.0,0.0,0,,,,0.0,2024-09-10,1
pw_malacca_strait_capacity_z,sp500,0.0,,0.0,0.0,0.0,0,,,,0.0,2024-09-10,1
pw_malacca_strait_capacity_z,vix,0.0,,0.0,0.0,0.0,0,,,,0.0,2024-09-10,1
pw_malacca_strait_capacity_z,us10y,0.0,,0.0,0.0,0.0,0,,,,0.0,2024-09-10,1
pw_malacca_strait_capacity_z,wti,0.0,,0.0,0.0,0.0,0,,,,0.0,2024-09-10,1
pw_malacca_strait_capacity_z,brent,0.0,,0.0,0.0,0.0,0,,,,0.0,2024-09-10,1
pw_malacca_strait_capacity_z,henry_hub,0.0,,0.0,0.0,0.0,0,,,,0.0,2024-09-10,1
pw_malacca_strait_n_total_z,audusd,0.0,,0.007301644085819838,0.007894435942471372,1.081186079420492,0,,,,0.0,2024-09-10,1
pw_malacca_strait_n_total_z,brlusd,0.0,,0.002374314116992728,0.0,0.0,0,,,,0.0,2024-09-10,1
pw_malacca_strait_n_total_z,cnyusd,0.0,,0.02330870028618339,0.01861484148930049,0.7986220278586162,0,,,,0.0,2024-09-10,1
pw_malacca_strait_n_total_z,krwusd,0.0,,0.0,0.0,0.0,0,,,,0.0,2024-09-10,1
pw_malacca_strait_n_total_z,eurusd,0.0,,0.024354376369274816,0.024916705928994618,1.0230894665990804,0,,,,0.0,2024-09-10,1
pw_malacca_strait_n_total_z,sp500,0.0,,0.00431260560164643,0.008852405475358432,2.0526814397260984,0,,,,0.0,2024-09-10,1
pw_malacca_strait_n_total_z,vix,0.0,,0.0,0.0,0.0,0,,,,0.0,2024-09-10,1
pw_malacca_strait_n_total_z,us2y,0.0,,0.0008778455436448983,0.0,0.0,0,,,,0.0,2024-09-10,1
pw_malacca_strait_n_total_z,us10y,0.0,,0.003546790329995266,0.009335707491222426,2.63215657612185,0,,,,0.0,2024-09-10,1
pw_malacca_strait_n_total_z,wti,0.0,,0.0,0.0,0.0,0,,,,0.0,2024-09-10,1
pw_malacca_strait_n_total_z,brent,0.0,,0.007665567138612135,0.003554562463925626,0.46370508530555854,0,,,,0.0,2024-09-10,1
pw_malacca_strait_n_total_z,henry_hub,0.0,,0.028001379850935797,0.045448732132851916,1.62308901828397,0,,,,0.0,2024-09-10,1
pw_panama_canal_capacity_z,audusd,0.0,,5.296117715245077e-05,0.0,0.0,0,,,,0.0,2024-09-10,1
pw_panama_canal_capacity_z,brlusd,0.0,,0.0,0.0,0.0,0,,,,0.0,2024-09-10,1
pw_panama_canal_capacity_z,cnyusd,0.0,,0.003548894870750466,0.004349582878857272,1.2256161529906038,0,,,,0.0,2024-09-10,1
pw_panama_canal_capacity_z,krwusd,0.0,,0.00861196182638662,0.0,0.0,0,,,,0.0,2024-09-10,1
pw_panama_canal_capacity_z,eurusd,0.0,,0.0,0.0,0.0,0,,,,0.0,2024-09-10,1
pw_panama_canal_capacity_z,sp500,0.0,,0.014135204435305589,0.007213977349791453,0.510355360108769,0,,,,0.0,2024-09-10,1
pw_panama_canal_capacity_z,vix,0.0,,0.023555296547993418,0.01478413019144307,0.6276350697313752,0,,,,0.0,2024-09-10,1
pw_panama_canal_capacity_z,us2y,0.0,,0.0,0.0,0.0,0,,,,0.0,2024-09-10,1
pw_panama_canal_capacity_z,us10y,0.0,,0.0,0.0,0.0,0,,,,0.0,2024-09-10,1
pw_panama_canal_capacity_z,wti,0.0,,0.0,0.0,0.0,0,,,,0.0,2024-09-10,1
pw_panama_canal_capacity_z,brent,0.0,,0.00017551099653498583,0.0,0.0,0,,,,0.0,2024-09-10,1
pw_panama_canal_capacity_z,henry_hub,0.0,,0.010454808662982583,0.0,0.0,0,,,,0.0,2024-09-10,1
pw_panama_canal_n_total_z,audusd,0.0,,0.004059755276801108,0.0,0.0,0,,,,0.0,2024-09-10,1
pw_panama_canal_n_total_z,brlusd,0.0,,0.0,0.0,0.0,0,,,,0.0,2024-09-10,1
pw_panama_canal_n_total_z,cnyusd,0.0,,7.038332919953607e-05,0.0,0.0,0,,,,0.0,2024-09-10,1
pw_panama_canal_n_total_z,krwusd,0.0,,0.0,0.0,0.0,0,,,,0.0,2024-09-10,1
pw_panama_canal_n_total_z,eurusd,0.0,,0.00010891963949587285,0.0,0.0,0,,,,0.0,2024-09-10,1
pw_panama_canal_n_total_z,sp500,0.0,,0.002003801641225146,0.0,0.0,0,,,,0.0,2024-09-10,1
pw_panama_canal_n_total_z,vix,0.0,,0.0,0.0,0.0,0,,,,0.0,2024-09-10,1
pw_panama_canal_n_total_z,us2y,0.0,,0.0022668408404477175,0.0,0.0,0,,,,0.0,2024-09-10,1
pw_panama_canal_n_total_z,us10y,0.0,,0.0024086819272138888,0.0,0.0,0,,,,0.0,2024-09-10,1
pw_panama_canal_n_total_z,wti,0.0,,0.0,0.0,0.0,0,,,,0.0,2024-09-10,1
pw_panama_canal_n_total_z,brent,0.0,,0.00021357985374920993,0.0,0.0,0,,,,0.0,2024-09-10,1
pw_strait_of_hormuz_capacity_z,audusd,0.0,,0.015714303336573383,0.013341298391489535,0.8489907637482771,0,,,,0.0,2024-09-10,1
pw_strait_of_hormuz_capacity_z,brlusd,0.0,,0.0,0.0,0.0,0,,,,0.0,2024-09-10,1
pw_strait_of_hormuz_capacity_z,cnyusd,0.0,,0.0,0.0,0.0,0,,,,0.0,2024-09-10,1
pw_strait_of_hormuz_capacity_z,krwusd,0.0,,0.0,0.0,0.0,0,,,,0.0,2024-09-10,1
pw_strait_of_hormuz_capacity_z,eurusd,0.0,,0.0,0.0,0.0,0,,,,0.0,2024-09-10,1
pw_strait_of_hormuz_capacity_z,sp500,0.0,,0.0,0.0,0.0,0,,,,0.0,2024-09-10,1
pw_strait_of_hormuz_capacity_z,vix,0.0,,0.01130434486001695,0.010578549918321734,0.9357950460037427,0,,,,0.0,2024-09-10,1
pw_strait_of_hormuz_capacity_z,us2y,0.0,,0.0,0.0,0.0,0,,,,0.0,2024-09-10,1
pw_strait_of_hormuz_capacity_z,us10y,0.0,,0.002443862813368411,0.0,0.0,0,,,,0.0,2024-09-10,1
pw_strait_of_hormuz_capacity_z,wti,0.0,,0.012989992044146668,0.009282009214868426,0.7145508005950573,0,,,,0.0,2024-09-10,1
pw_strait_of_hormuz_capacity_z,henry_hub,0.0,,0.0012669530670516864,0.0037512592971010346,2.9608510328094093,0,,,,0.0,2024-09-10,1
pw_strait_of_hormuz_n_total_z,audusd,0.0,,0.0006153142526045894,0.0,0.0,0,,,,0.0,2024-09-10,1
pw_strait_of_hormuz_n_total_z,brlusd,0.0,,0.017683527025550164,0.012837985159530649,0.7259855537292758,0,,,,0.0,2024-09-10,1
pw_strait_of_hormuz_n_total_z,cnyusd,0.0,,0.0,0.0,0.0,0,,,,0.0,2024-09-10,1
pw_strait_of_hormuz_n_total_z,krwusd,0.0,,0.0014115869961522185,0.0,0.0,0,,,,0.0,2024-09-10,1
pw_strait_of_hormuz_n_total_z,eurusd,0.0,,0.0,0.0,0.0,0,,,,0.0,2024-09-10,1
pw_strait_of_hormuz_n_total_z,sp500,0.0,,0.0,0.0,0.0,0,,,,0.0,2024-09-10,1
pw_strait_of_hormuz_n_total_z,vix,0.0,,0.0,0.0,0.0,0,,,,0.0,2024-09-10,1
pw_strait_of_hormuz_n_total_z,us2y,0.0,,0.0,0.0,0.0,0,,,,0.0,2024-09-10,1
pw_strait_of_hormuz_n_total_z,us10y,0.0,,0.012474774032655806,0.01508430019892959,1.2091842432931212,0,,,,0.0,2024-09-10,1
pw_strait_of_hormuz_n_total_z,wti,0.0,,0.0,0.0,0.0,0,,,,0.0,2024-09-10,1
pw_strait_of_hormuz_n_total_z,brent,0.0,,0.0,0.0,0.0,0,,,,0.0,2024-09-10,1
pw_strait_of_hormuz_n_total_z,henry_hub,0.0,,0.0,0.0,0.0,0,,,,0.0,2024-09-10,1
pw_suez_canal_capacity_z,audusd,0.0,,0.0,0.0,0.0,0,,,,0.0,2024-09-10,1
pw_suez_canal_capacity_z,cnyusd,0.0,,0.0,0.0,0.0,0,,,,0.0,2024-09-10,1
pw_suez_canal_capacity_z,krwusd,0.0,,0.0,0.0,0.0,0,,,,0.0,2024-09-10,1
pw_suez_canal_capacity_z,eurusd,0.0,,0.0013892046803134321,0.0,0.0,0,,,,0.0,2024-09-10,1
pw_suez_canal_capacity_z,sp500,0.0,,0.0,0.0,0.0,0,,,,0.0,2024-09-10,1
pw_suez_canal_capacity_z,vix,0.0,,0.0,0.0,0.0,0,,,,0.0,2024-09-10,1
pw_suez_canal_capacity_z,us2y,0.0,,0.0,0.0,0.0,0,,,,0.0,2024-09-10,1
pw_suez_canal_capacity_z,us10y,0.0,,0.0035789266408048693,0.0,0.0,0,,,,0.0,2024-09-10,1
pw_suez_canal_capacity_z,wti,0.0,,0.00011193423124142538,0.0,0.0,0,,,,0.0,2024-09-10,1
pw_suez_canal_capacity_z,brent,0.0,,0.0,0.0,0.0,0,,,,0.0,2024-09-10,1
pw_suez_canal_capacity_z,henry_hub,0.0,,0.0,0.0,0.0,0,,,,0.0,2024-09-10,1
pw_suez_canal_n_total_z,audusd,0.0,,0.00014301976802718534,0.0,0.0,0,,,,0.0,2024-09-10,1
pw_suez_canal_n_total_z,brlusd,0.0,,0.0,0.0,0.0,0,,,,0.0,2024-09-10,1
pw_suez_canal_n_total_z,cnyusd,0.0,,0.0,0.0,0.0,0,,,,0.0,2024-09-10,1
pw_suez_canal_n_total_z,krwusd,0.0,,0.0,0.0,0.0,0,,,,0.0,2024-09-10,1
pw_suez_canal_n_total_z,eurusd,0.0,,0.0,0.0,0.0,0,,,,0.0,2024-09-10,1
pw_suez_canal_n_total_z,sp500,0.0,,0.0,0.0,0.0,0,,,,0.0,2024-09-10,1
pw_suez_canal_n_total_z,vix,0.0,,0.0031641379243629465,0.005428141141735281,1.7155197628839642,0,,,,0.0,2024-09-10,1
pw_suez_canal_n_total_z,us2y,0.0,,0.0,0.0,0.0,0,,,,0.0,2024-09-10,1
pw_suez_canal_n_total_z,us10y,0.0,,0.0,0.0,0.0,0,,,,0.0,2024-09-10,1
pw_suez_canal_n_total_z,wti,0.0,,0.0027806556156730684,0.00335369760278552,1.2060816103520768,0,,,,0.0,2024-09-10,1
pw_suez_canal_n_total_z,brent,0.0,,0.010396019162976102,0.018693377229274933,1.798128392822577,0,,,,0.0,2024-09-10,1
wti,brent,1.0,1.0,0.4003342969910499,0.3863977722996452,0.9651877823205434,280,4.8039313096793255e-05,0.6106540624765499,3.3107431548778936,0.8972299353172307,2024-10-08,1
sp500,krwusd,1.0,1.0,0.21913237451498177,0.2238563838103511,1.0215577880987474,280,1.902203194016692e-06,0.5705973993708343,2.682547285333136,0.8719778208165687,2024-10-08,1
brlusd,us2y,1.0,1.0,0.06036409048242142,0.06269194987846109,1.0385636456614478,280,4.661287459625973e-05,0.5209276730241045,1.8179869443754177,0.7206488019162883,2024-10-08,1
sp500,vix,1.0,1.0,0.05684335925250177,0.06333561623372455,1.1142131124303152,280,0.046233064306920216,0.5612719881263216,1.731216476387017,0.6991359095757886,2024-10-08,1
brlusd,wti,1.0,1.0,0.0661824499405374,0.07414001755820422,1.1202368244877066,280,0.020085533829984886,0.5531733758729988,1.4429220298315648,0.6178134734060936,2024-10-08,1
eurusd,sp500,1.0,1.0,0.08135806333867392,0.08071724078878048,0.9921234291526109,280,8.175050283041795e-07,0.508216761655454,1.0353173693600357,0.47214256981154296,2024-10-08,1
eurusd,wti,1.0,1.0,0.09131998033917664,0.08396024612456199,0.9194071857300072,280,0.027022517413972325,0.5804323836713986,1.0489579068055133,0.4423722865297107,2024-10-08,1
pw_cape_of_good_hope_capacity_z,henry_hub,1.0,1.0,0.06937323354700425,0.05934662692315806,0.8554686568407885,280,6.408753676135034e-05,0.5364363212889286,1.085370666467084,0.4234723595650108,2024-10-08,1
us2y,cnyusd,1.0,1.0,0.10485587510258441,0.11754000958180337,1.1209673226875423,280,6.090194519364069e-08,0.4194036311960646,0.8930641978438323,0.4190442208982365,2024-10-08,1
wti,sp500,1.0,1.0,0.0739546114281837,0.07274045194875749,0.9835823695645367,280,2.5204544959307584e-07,0.48088890269387136,0.5866612861484893,0.2805151808393124,2024-10-08,1
us2y,eurusd,1.0,0.9751261637293662,0.09164589544866393,0.0918839179117738,1.002597197200645,280,1.0470133271654608e-07,0.489126262456174,0.5877093078989605,0.27857283744095324,2024-10-08,1
us2y,krwusd,1.0,1.0,0.1670105063089193,0.15801389057973636,0.946131438506378,280,2.3143835364293e-07,0.5380652485048902,0.3490163392422864,0.16345181940766387,2024-10-08,1
us10y,eurusd,1.0,0.9158390659489277,0.06925219853705641,0.06078532812599419,0.8777386048396477,280,5.1900722132775776e-08,0.4760326029263082,0.36567075555318934,0.1453592531817907,2024-10-08,1
pw_suez_canal_n_total_z,henry_hub,0.25815550721934355,1.0,0.04669254171509305,0.02897259762232369,0.620497333366594,140,0.00011369156606820156,0.5622340909004842,0.7553141850767683,0.057774022752711686,2024-10-08,1
audusd,eurusd,0.9751261637293662,0.8272868246079019,0.0634173847187447,0.06038761864876095,0.9522249918784775,260,1.1407438560804422e-08,0.4407738476395963,0.1385663313813921,0.05313615184306343,2024-10-08,1
henry_hub,cnyusd,0.20625530565928968,1.0,0.04884607414116945,0.04518840857691325,0.925118535551389,120,2.590990545905013e-08,0.5025037734680992,0.30037447673629947,0.028443777677039612,2024-10-08,1
us10y,cnyusd,0.16001748261821247,1.0,0.03988336510894699,0.029787067062016497,0.7468544086149441,100,3.6378295990629875e-08,0.47796823527004145,0.32998822660226396,0.019541402684611596,2024-10-08,1
pw_suez_canal_capacity_z,brlusd,0.13514364634757875,1.0,0.04016213408662379,0.03818064969417391,0.9506628709476417,80,8.179476256627006e-08,0.5582242768890886,0.1305886472033105,0.008376855473467183,2024-10-08,1
audusd,us2y,0.06032271860298414,1.0,0.03739610312947973,0.015307949203325386,0.4093461062058622,40,5.5893682214857484e-05,0.5524668454893161,0.6254922979652147,0.007480292742275219,2024-10-08,1
brent,us10y,0.04040766623478979,1.0,0.0443969973248626,0.039070506633136555,0.8800258798415815,20,9.52610963775411e-06,0.3975981573018203,0.23458885524139225,0.004151942111224815,2024-10-08,1
audusd,wti,1.0,1.0,0.06875640953361971,0.056451301744679175,0.821033298969404,280,-0.012550609944808925,0.45061638606983595,-0.7004410887625047,0.0,2024-10-08,1
brlusd,audusd,1.0,0.7937446943407102,0.06482529846746793,0.06026444268791632,0.9296438907745186,280,-3.4437818827792013e-08,0.5007940514986681,-0.16809114466996622,0.0,2024-10-08,1
cnyusd,us2y,1.0,1.0,0.09856910753984935,0.07277807943975688,0.7383457277457268,280,-4.648839547955065e-05,0.49335928410808105,-1.1548818275408343,0.0,2024-10-08,1
cnyusd,us10y,1.0,1.0,0.07698525450746263,0.06159648599221708,0.80010758406009,280,-1.572765660522525e-05,0.492258567218921,-0.848488637997194,0.0,2024-10-08,1
eurusd,krwusd,1.0,1.0,0.20151265398999482,0.18409463287243955,0.9135636359669002,280,-1.32592305574149e-07,0.4471258367060971,-0.20049428887115534,0.0,2024-10-08,1
sp500,audusd,1.0,1.0,0.1963797124249589,0.19368690798698843,0.9862877666704015,280,-6.508472626912897e-07,0.455940586164073,-0.9005548523111218,0.0,2024-10-08,1
sp500,brlusd,1.0,1.0,0.06905803731883868,0.07653289134184352,1.108240174688048,280,-2.4074821299852212e-08,0.4933358985323971,-0.07453826063106149,0.0,2024-10-08,1
sp500,cnyusd,1.0,1.0,0.09922397975356173,0.09230946765275114,0.9303141023169614,280,-2.8125902514784514e-08,0.39519873332710503,-0.5830447186083182,0.0,2024-10-08,1
sp500,eurusd,1.0,1.0,0.1593295492213088,0.15074299822437093,0.9461082326605271,280,-1.7221779015017878e-07,0.4948955026611009,-0.6725011881302964,0.0,2024-10-08,1
vix,brlusd,1.0,1.0,0.11416645802705512,0.08150378312259127,0.7139030546369104,280,-2.491356325364832e-06,0.5193364607271528,-0.8933846876501221,0.0,2024-10-08,1
brent,brlusd,1.0,1.0,0.060181008522177615,0.05042309453889945,0.8378572539261746,280,-1.1011830428071114e-07,0.5320193566471714,-0.46515367038018246,0.0,2024-10-08,1
brent,vix,1.0,1.0,0.08408054256624209,0.06134966629543613,0.7296535491205037,280,-0.008233551504480352,0.5058249844637014,-0.9433029582304199,0.0,2024-10-08,1
brent,wti,1.0,1.0,0.10541106117694378,0.08969729926217655,0.850928719061181,280,-0.015246791059078377,0.4350625841070333,-0.9488232705723101,0.0,2024-10-08,1
pw_panama_canal_n_total_z,henry_hub,1.0,1.0,0.31758712546143353,0.27361169224770243,0.8615326954773823,280,-8.588118231679216e-05,0.5326482639406592,-0.8173078230639383,0.0,2024-10-08,1
us10y,krwusd,0.9158390659489277,1.0,0.056385552457201456,0.061142313342087376,1.0843613421806315,220,-3.286833503482388e-08,0.4647565923873146,-0.13807964813912213,0.0,2024-10-08,1
us2y,wti,0.8646077293477876,1.0,0.061780386452668916,0.047035559066544136,0.7613348146110892,280,-0.014120907735312303,0.4591868888635627,-0.6878765053746134,0.0,2024-10-08,1
us10y,us2y,0.8646077293477876,1.0,0.06150459150547596,0.04877224742262114,0.7929854703331991,280,-1.810325809435364e-05,0.5089496683753805,-0.4390335674873201,0.0,2024-10-08,1
pw_cape_of_good_hope_capacity_z,brent,0.8646077293477876,1.0,0.061651800453082294,0.04755974703301328,0.7714251114078456,280,-1.1065877589067675e-05,0.3804596914312197,-2.201709290124808,0.0,2024-10-08,1
pw_bab_el_mandeb_strait_n_total_z,henry_hub,0.7937446943407102,1.0,0.0508960017983107,0.05731613601502513,1.1261422113696862,160,-1.580817288976636e-05,0.554095458562262,-0.18231037301545203,0.0,2024-10-08,1
sp500,wti,0.7207773997802378,1.0,0.051866258668451626,0.05082565202768828,0.9799367321361024,220,-0.002128120467569723,0.5282187920993542,-0.14121953370531012,0.0,2024-10-08,1
eurusd,us2y,0.6968165419936144,1.0,0.05933886854310788,0.03983770365898334,0.6713593406325647,240,-1.8797093511585326e-05,0.4731839691368939,-0.7293238725407807,0.0,2024-10-08,1
brlusd,brent,0.63641789452934,1.0,0.05195346579857754,0.04586820983999424,0.882871029582979,240,-3.1679769415354685e-06,0.43887301972187354,-1.4905855150022056,0.0,2024-10-08,1
vix,audusd,0.63641789452934,1.0,0.05494705742015654,0.03707141955087182,0.674675247254873,240,-8.076285656512392e-07,0.5008374415202018,-1.164839917572995,0.0,2024-10-08,1
henry_hub,krwusd,0.614019821768445,1.0,0.05034378712271353,0.05887117329239569,1.16938308889827,120,-1.7341863838535728e-08,0.44027005082322507,-0.11467040344742238,0.0,2024-10-08,1
us10y,sp500,0.4713777281888293,1.0,0.04997144875066922,0.05067302488922092,1.0140395396990027,140,-3.988722606922508e-07,0.4804415431153431,-0.544030253826214,0.0,2024-10-08,1
krwusd,us2y,0.45669302195707473,1.0,0.05266912967521381,0.03394464754648618,0.6444884841615408,200,-8.480960205791357e-06,0.5325201950507705,-0.1563557467832832,0.0,2024-10-08,1
pw_cape_of_good_hope_n_total_z,henry_hub,0.38301186592425,0.7802654655411715,0.06601062518467676,0.04274897987666487,0.6476075594961691,180,-0.000318085540762024,0.4764110147296957,-1.468426558620327,0.0,2024-10-08,1
pw_malacca_strait_capacity_z,us2y,0.3635821054706601,1.0,0.04523887993752563,0.05023624151853458,1.1104660767001802,40,-9.836280185988216e-06,0.43932181955585314,-0.22601844203711352,0.0,2024-10-08,1
henry_hub,brlusd,0.20625530565928968,0.5799114645855682,0.0155086147334509,0.0,0.0,120,-2.306199469798467e-06,0.5154017189945581,-1.4854727841034772,0.0,2024-10-08,1
pw_strait_of_hormuz_capacity_z,brent,0.17109418174598368,1.0,0.0453303461946264,0.04624295572359777,1.0201324191316137,60,-5.185965165730868e-06,0.4021796722530999,-0.694802303607539,0.0,2024-10-08,1
pw_malacca_strait_n_total_z,henry_hub,0.13539227065221235,1.0,0.03138731144394381,0.053009687760222544,1.6888890867539015,0,,,,0.0,2024-10-08,1
audusd,sp500,0.08416093405107228,1.0,0.03964842592422794,0.032823119405261565,0.8278542877840798,60,-1.619454514164341e-06,0.45279913005450234,-1.270206589273591,0.0,2024-10-08,1
us2y,us10y,0.08416093405107228,1.0,0.02843826627541826,0.017228715767408063,0.6058286254355942,60,-1.6465517229522652e-05,0.4995511033149797,-0.3615080398696995,0.0,2024-10-08,1
pw_cape_of_good_hope_n_total_z,brlusd,0.06528150250542351,1.0,0.03538209268433375,0.02809770114498418,0.7941220830452771,40,-1.71712192105884e-06,0.3329583948482481,-1.3696789788072141,0.0,2024-10-08,1
krwusd,vix,0.06032271860298414,1.0,0.039910060619256935,0.024450229063588166,0.6126332229069762,40,-0.05096883898372772,0.29938421909353263,-2.0392539999192283,0.0,2024-10-08,1
cnyusd,wti,0.04040766623478979,1.0,0.028811038258496558,0.0211989907963985,0.735794059422582,20,-0.02635085571725612,0.4432619032366698,-1.253648312962163,0.0,2024-10-08,1
audusd,vix,0.024873836270633727,1.0,0.038951315623341684,0.03237790278874267,0.8312402872815963,20,-0.11408765609220187,0.35232384763291374,-1.8520756717413667,0.0,2024-10-08,1
brlusd,cnyusd,0.024873836270633727,1.0,0.03200078730726078,0.02571208104273682,0.8034827642163325,20,-2.7076723537118704e-09,0.503129747317165,-0.026983473890779597,0.0,2024-10-08,1
eurusd,audusd,0.024873836270633727,1.0,0.03305096167183112,0.038527105347103324,1.1656878770925279,20,-1.0712388152960817e-06,0.24540498886382672,-1.3774437254876335,0.0,2024-10-08,1
pw_bab_el_mandeb_strait_capacity_z,cnyusd,0.024873836270633727,1.0,0.026583990530417153,0.019158369237180485,0.7206731891985765,20,-8.052518251198795e-07,0.29832181352035564,-2.255604270227381,0.0,2024-10-08,1
pw_bab_el_mandeb_strait_n_total_z,cnyusd,0.024873836270633727,1.0,0.021344155738824828,0.019148904374102552,0.8971497682276965,20,-6.296462030138998e-07,0.2507153160886358,-2.720653290233657,0.0,2024-10-08,1
audusd,brlusd,0.0,,0.004313103362089734,0.005390035196091994,1.2496883899115456,0,,,,0.0,2024-10-08,1
audusd,cnyusd,0.0,,0.00021899720091873149,0.0,0.0,0,,,,0.0,2024-10-08,1
audusd,krwusd,0.0,,0.007515305572416351,0.010413994617738785,1.3857047484484966,0,,,,0.0,2024-10-08,1
audusd,us10y,0.0,,0.0,0.0,0.0,0,,,,0.0,2024-10-08,1
audusd,brent,0.0,,0.003944754840371625,0.0,0.0,0,,,,0.0,2024-10-08,1
audusd,henry_hub,0.0,,0.008986456512858574,0.006748322304191795,0.7509436332925811,0,,,,0.0,2024-10-08,1
brlusd,krwusd,0.0,,0.010416096897106318,0.008524411753453375,0.8183882924343312,0,,,,0.0,2024-10-08,1
brlusd,eurusd,0.0,,0.017952859490950632,0.017445575103766785,0.9717435326979776,0,,,,0.0,2024-10-08,1
brlusd,sp500,0.0,,0.0006313504013023621,0.0,0.0,0,,,,0.0,2024-10-08,1
brlusd,vix,0.0,,0.0010692732594896745,0.0,0.0,0,,,,0.0,2024-10-08,1
brlusd,us10y,0.0,,0.027465571966944585,0.030693363483950027,1.117521365325658,0,,,,0.0,2024-10-08,1
brlusd,henry_hub,0.0,,0.01114964314616605,0.009252263740413868,0.829825997040576,0,,,,0.0,2024-10-08,1
cnyusd,audusd,0.0,,0.016023425030634305,0.013340132015714712,0.8325393597317956,0,,,,0.0,2024-10-08,1
cnyusd,brlusd,0.0,,0.02024836270995372,0.01988408878176695,0.9820097094562763,0,,,,0.0,2024-10-08,1
cnyusd,krwusd,0.0,,0.008238442882221851,0.00233886347827649,0.2838963031865695,0,,,,0.0,2024-10-08,1
cnyusd,eurusd,0.0,,0.0115767806184002,0.007825817193504806,0.6759925277556361,0,,,,0.0,2024-10-08,1
cnyusd,sp500,0.0,,0.011636783999100637,0.0014347362912421517,0.12329319607144354,0,,,,0.0,2024-10-08,1
cnyusd,vix,0.0,,0.008525999177129125,0.019318910351565043,2.2658822678974393,0,,,,0.0,2024-10-08,1
cnyusd,brent,0.0,,0.0,0.0,0.0,0,,,,0.0,2024-10-08,1
cnyusd,henry_hub,0.0,,0.011415447109538287,0.004599987865883698,0.40296169057102754,0,,,,0.0,2024-10-08,1
krwusd,audusd,0.0,,0.02261491734720378,0.015508339306995389,0.6857570633090514,0,,,,0.0,2024-10-08,1
krwusd,brlusd,0.0,,9.515964688542036e-06,0.0,0.0,0,,,,0.0,2024-10-08,1
krwusd,cnyusd,0.0,,0.031714425097607114,0.02917867580453333,0.920044292612288,0,,,,0.0,2024-10-08,1
krwusd,eurusd,0.0,,0.01787724921805805,0.021970805320674695,1.2289813188083596,0,,,,0.0,2024-10-08,1
krwusd,sp500,0.0,,0.03261709327169078,0.0244219648686368,0.7487474332923852,0,,,,0.0,2024-10-08,1
krwusd,us10y,0.0,,0.01048808851504039,0.0,0.0,0,,,,0.0,2024-10-08,1
krwusd,wti,0.0,,0.0006267086853374245,0.0,0.0,0,,,,0.0,2024-10-08,1
krwusd,brent,0.0,,0.0012204319060323567,0.0,0.0,0,,,,0.0,2024-10-08,1
krwusd,henry_hub,0.0,,0.005324519711902992,0.005237060614871738,0.9835742749086384,0,,,,0.0,2024-10-08,1
eurusd,brlusd,0.0,,0.015001037363143028,0.008880487234709404,0.591991541633542,0,,,,0.0,2024-10-08,1
eurusd,cnyusd,0.0,,0.004682514052930049,0.0,0.0,0,,,,0.0,2024-10-08,1
eurusd,vix,0.0,,0.03829819000942437,0.041285299870284856,1.077996110524425,0,,,,0.0,2024-10-08,1
eurusd,us10y,0.0,,0.02752790490642048,0.029920018920718883,1.0868977868977046,0,,,,0.0,2024-10-08,1
eurusd,brent,0.0,,0.029812376032157993,0.027095948635233277,0.908882559578795,0,,,,0.0,2024-10-08,1
eurusd,henry_hub,0.0,,0.02132224022938985,0.017924806083529372,0.8406624205847953,0,,,,0.0,2024-10-08,1
sp500,us2y,0.0,,0.005738322428918981,0.0,0.0,0,,,,0.0,2024-10-08,1
sp500,us10y,0.0,,0.004364677542341979,0.010738559822909655,2.460332915486721,0,,,,0.0,2024-10-08,1
sp500,brent,0.0,,0.020391635424546938,0.02636946582983117,1.2931511024411642,0,,,,0.0,2024-10-08,1
sp500,henry_hub,0.0,,0.0006522020738102862,0.0,0.0,0,,,,0.0,2024-10-08,1
vix,cnyusd,0.0,,0.0,0.0,0.0,0,,,,0.0,2024-10-08,1
vix,krwusd,0.0,,0.0,0.0,0.0,0,,,,0.0,2024-10-08,1
vix,eurusd,0.0,,0.003743507362156401,0.0038708787694278213,1.0340246178113697,0,,,,0.0,2024-10-08,1
vix,sp500,0.0,,0.01490978978018638,0.005966623136738103,0.40018157363071266,0,,,,0.0,2024-10-08,1
vix,us2y,0.0,,0.004023906351695083,0.0,0.0,0,,,,0.0,2024-10-08,1
vix,us10y,0.0,,0.0012427188657205084,0.0,0.0,0,,,,0.0,2024-10-08,1
vix,wti,0.0,,0.00011057525712948351,0.0,0.0,0,,,,0.0,2024-10-08,1
vix,brent,0.0,,0.0,0.0,0.0,0,,,,0.0,2024-10-08,1
vix,henry_hub,0.0,,0.026586413274111258,0.030690295091589784,1.1543601152651424,0,,,,0.0,2024-10-08,1
us2y,audusd,0.0,,0.032812386456261326,0.02796416871703545,0.8522442814182835,0,,,,0.0,2024-10-08,1
us2y,brlusd,0.0,,0.0007855457504346217,0.002510899589615515,3.1963760076689365,0,,,,0.0,2024-10-08,1
us2y,sp500,0.0,,0.024617350888642617,0.010437549907546025,0.42399159660844987,0,,,,0.0,2024-10-08,1
us2y,vix,0.0,,0.002533591215946269,0.0,0.0,0,,,,0.0,2024-10-08,1
us2y,brent,0.0,,0.010495893235503817,0.007113340649238307,0.6777260867304218,0,,,,0.0,2024-10-08,1
us2y,henry_hub,0.0,,0.013303286310766568,0.014275952355302848,1.0731147193118054,0,,,,0.0,2024-10-08,1
us10y,audusd,0.0,,0.01641305407266409,0.016138076656796417,0.9832464199136681,0,,,,0.0,2024-10-08,1
us10y,brlusd,0.0,,0.011879390357226724,0.015355948053284371,1.2926545547804744,0,,,,0.0,2024-10-08,1
us10y,vix,0.0,,0.030862043812275614,0.027463163877326224,0.8898686050857896,0,,,,0.0,2024-10-08,1
us10y,wti,0.0,,0.003642543772828712,0.003911865340642279,1.073937771131963,0,,,,0.0,2024-10-08,1
us10y,brent,0.0,,0.009419099615095365,0.016142513629345205,1.713806445307646,0,,,,0.0,2024-10-08,1
us10y,henry_hub,0.0,,0.0,0.0,0.0,0,,,,0.0,2024-10-08,1
wti,audusd,0.0,,0.026880366602077186,0.022005131226416334,0.8186321099026932,0,,,,0.0,2024-10-08,1
wti,brlusd,0.0,,0.022111052752891384,0.02936135517002876,1.3279039898355487,0,,,,0.0,2024-10-08,1
wti,cnyusd,0.0,,0.012754637530696934,0.013514367461683711,1.059564995803159,0,,,,0.0,2024-10-08,1
wti,krwusd,0.0,,0.0,0.0,0.0,0,,,,0.0,2024-10-08,1
wti,eurusd,0.0,,0.00011087202157934598,0.0,0.0,0,,,,0.0,2024-10-08,1
wti,vix,0.0,,0.03788664736353594,0.039053712608476815,1.0308041309050777,0,,,,0.0,2024-10-08,1
wti,us2y,0.0,,0.0018907609576879949,0.0032237694824729336,1.705011661767614,0,,,,0.0,2024-10-08,1
wti,us10y,0.0,,0.017202694818341333,0.02013698578461434,1.1705715876064078,0,,,,0.0,2024-10-08,1
wti,henry_hub,0.0,,0.00031045988635426664,0.0,0.0,0,,,,0.0,2024-10-08,1
brent,audusd,0.0,,0.012546663950610177,0.01143059328906427,0.9110464211092838,0,,,,0.0,2024-10-08,1
brent,cnyusd,0.0,,0.011768022343244412,0.010184647736647153,0.8654510876667212,0,,,,0.0,2024-10-08,1
brent,krwusd,0.0,,0.01613320244177583,0.012520995130022743,0.7761010360596776,0,,,,0.0,2024-10-08,1
brent,eurusd,0.0,,0.012438946202796466,0.012334222342140207,0.9915809700477106,0,,,,0.0,2024-10-08,1
brent,sp500,0.0,,0.027697240091053135,0.020325086483942535,0.7338307505413877,0,,,,0.0,2024-10-08,1
brent,us2y,0.0,,0.0,0.0,0.0,0,,,,0.0,2024-10-08,1
brent,henry_hub,0.0,,0.00019116220464016181,0.0,0.0,0,,,,0.0,2024-10-08,1
henry_hub,audusd,0.0,,0.003992885051835058,0.0016655222750976224,0.4171225200515548,0,,,,0.0,2024-10-08,1
henry_hub,eurusd,0.0,,0.0,0.0,0.0,0,,,,0.0,2024-10-08,1
henry_hub,sp500,0.0,,0.00041391070676098066,0.0,0.0,0,,,,0.0,2024-10-08,1
henry_hub,vix,0.0,,0.02058218721011563,0.010168945589422978,0.4940653529973333,0,,,,0.0,2024-10-08,1
henry_hub,us2y,0.0,,0.01984912960884627,0.022013125965947806,1.1090222291730665,0,,,,0.0,2024-10-08,1
henry_hub,us10y,0.0,,3.81705992642116e-05,0.0,0.0,0,,,,0.0,2024-10-08,1
henry_hub,wti,0.0,,0.0025470844975027302,0.0,0.0,0,,,,0.0,2024-10-08,1
henry_hub,brent,0.0,,0.005200333939821093,0.0,0.0,0,,,,0.0,2024-10-08,1
pw_bab_el_mandeb_strait_capacity_z,audusd,0.0,,0.005814176096800028,0.0,0.0,0,,,,0.0,2024-10-08,1
pw_bab_el_mandeb_strait_capacity_z,brlusd,0.0,,0.0014988576747589745,0.0,0.0,0,,,,0.0,2024-10-08,1
pw_bab_el_mandeb_strait_capacity_z,krwusd,0.0,,5.497602071062262e-05,0.0,0.0,0,,,,0.0,2024-10-08,1
pw_bab_el_mandeb_strait_capacity_z,eurusd,0.0,,0.004735950695211454,0.0,0.0,0,,,,0.0,2024-10-08,1
pw_bab_el_mandeb_strait_capacity_z,sp500,0.0,,0.0026933919521584895,0.0,0.0,0,,,,0.0,2024-10-08,1
pw_bab_el_mandeb_strait_capacity_z,vix,0.0,,0.00016161099648035309,0.0,0.0,0,,,,0.0,2024-10-08,1
pw_bab_el_mandeb_strait_capacity_z,us2y,0.0,,0.00036299290728868496,0.0,0.0,0,,,,0.0,2024-10-08,1
pw_bab_el_mandeb_strait_capacity_z,us10y,0.0,,0.0,0.0,0.0,0,,,,0.0,2024-10-08,1
pw_bab_el_mandeb_strait_capacity_z,wti,0.0,,0.0,0.0,0.0,0,,,,0.0,2024-10-08,1
pw_bab_el_mandeb_strait_capacity_z,brent,0.0,,0.0,0.0,0.0,0,,,,0.0,2024-10-08,1
pw_bab_el_mandeb_strait_capacity_z,henry_hub,0.0,,0.03697281488063521,0.03498888214203543,0.9463407710501675,0,,,,0.0,2024-10-08,1
pw_bab_el_mandeb_strait_n_total_z,audusd,0.0,,0.0027684876166008316,0.0,0.0,0,,,,0.0,2024-10-08,1
pw_bab_el_mandeb_strait_n_total_z,brlusd,0.0,,0.009704212325571546,0.0,0.0,0,,,,0.0,2024-10-08,1
pw_bab_el_mandeb_strait_n_total_z,krwusd,0.0,,0.0001391076575307514,0.0,0.0,0,,,,0.0,2024-10-08,1
pw_bab_el_mandeb_strait_n_total_z,eurusd,0.0,,0.0007098839297194797,0.0,0.0,0,,,,0.0,2024-10-08,1
pw_bab_el_mandeb_strait_n_total_z,sp500,0.0,,0.005770079639941711,0.00431454021976461,0.7477436168988814,0,,,,0.0,2024-10-08,1
pw_bab_el_mandeb_strait_n_total_z,vix,0.0,,0.0,0.0,0.0,0,,,,0.0,2024-10-08,1
pw_bab_el_mandeb_strait_n_total_z,us2y,0.0,,0.0,0.0,0.0,0,,,,0.0,2024-10-08,1
pw_bab_el_mandeb_strait_n_total_z,us10y,0.0,,0.0078033529485974995,0.0005945188532350876,0.07618761539447484,0,,,,0.0,2024-10-08,1
pw_bab_el_mandeb_strait_n_total_z,wti,0.0,,0.0,0.0,0.0,0,,,,0.0,2024-10-08,1
pw_bab_el_mandeb_strait_n_total_z,brent,0.0,,0.002970336354143131,0.0,0.0,0,,,,0.0,2024-10-08,1
pw_cape_of_good_hope_capacity_z,audusd,0.0,,0.0001827423659219428,0.0,0.0,0,,,,0.0,2024-10-08,1
pw_cape_of_good_hope_capacity_z,brlusd,0.0,,0.0007107343213303394,0.0,0.0,0,,,,0.0,2024-10-08,1
pw_cape_of_good_hope_capacity_z,cnyusd,0.0,,0.013911476074289122,0.015841911673806497,1.1387656916641047,0,,,,0.0,2024-10-08,1
pw_cape_of_good_hope_capacity_z,krwusd,0.0,,2.7225464531958758e-05,0.0,0.0,0,,,,0.0,2024-10-08,1
pw_cape_of_good_hope_capacity_z,eurusd,0.0,,0.0024337264179917,0.0,0.0,0,,,,0.0,2024-10-08,1
pw_cape_of_good_hope_capacity_z,sp500,0.0,,0.01930010844676806,0.014180996850243545,0.7347625475450763,0,,,,0.0,2024-10-08,1
pw_cape_of_good_hope_capacity_z,vix,0.0,,0.01851205697713134,0.013808036233008957,0.7458942164053707,0,,,,0.0,2024-10-08,1
pw_cape_of_good_hope_capacity_z,us2y,0.0,,0.0,0.0,0.0,0,,,,0.0,2024-10-08,1
pw_cape_of_good_hope_capacity_z,us10y,0.0,,0.004011370519353095,0.0,0.0,0,,,,0.0,2024-10-08,1
pw_cape_of_good_hope_capacity_z,wti,0.0,,0.013106967422680357,0.002470460416513729,0.18848451642893635,0,,,,0.0,2024-10-08,1
pw_cape_of_good_hope_n_total_z,audusd,0.0,,0.0008315313077076301,0.0,0.0,0,,,,0.0,2024-10-08,1
pw_cape_of_good_hope_n_total_z,cnyusd,0.0,,0.00016481943507243584,0.0,0.0,0,,,,0.0,2024-10-08,1
pw_cape_of_good_hope_n_total_z,krwusd,0.0,,5.017054503073917e-06,0.0,0.0,0,,,,0.0,2024-10-08,1
pw_cape_of_good_hope_n_total_z,eurusd,0.0,,0.007451827103663866,0.002224116814563981,0.2984659713146648,0,,,,0.0,2024-10-08,1
pw_cape_of_good_hope_n_total_z,sp500,0.0,,1.4297458728107929e-05,0.0,0.0,0,,,,0.0,2024-10-08,1
pw_cape_of_good_hope_n_total_z,vix,0.0,,0.0,0.0,0.0,0,,,,0.0,2024-10-08,1
pw_cape_of_good_hope_n_total_z,us2y,0.0,,0.00028013205388967223,0.0,0.0,0,,,,0.0,2024-10-08,1
pw_cape_of_good_hope_n_total_z,us10y,0.0,,0.024145675573270773,0.024541261901833717,1.0163833199598216,0,,,,0.0,2024-10-08,1
pw_cape_of_good_hope_n_total_z,wti,0.0,,0.0012210413362228588,0.0,0.0,0,,,,0.0,2024-10-08,1
pw_cape_of_good_hope_n_total_z,brent,0.0,,0.0008774153355455248,0.0,0.0,0,,,,0.0,2024-10-08,1
pw_malacca_strait_capacity_z,audusd,0.0,,0.0,0.0,0.0,0,,,,0.0,2024-10-08,1
pw_malacca_strait_capacity_z,brlusd,0.0,,0.0007073572593216204,0.00029187150924993066,0.41262248376420896,0,,,,0.0,2024-10-08,1
pw_malacca_strait_capacity_z,cnyusd,0.0,,0.0010598911077592246,0.0,0.0,0,,,,0.0,2024-10-08,1
pw_malacca_strait_capacity_z,krwusd,0.0,,0.006191388808108817,0.004024252789206984,0.6499757831290534,0,,,,0.0,2024-10-08,1
pw_malacca_strait_capacity_z,eurusd,0.0,,0.00031703770687480765,0.0,0.0,0,,,,0.0,2024-10-08,1
pw_malacca_strait_capacity_z,sp500,0.0,,0.0,0.0,0.0,0,,,,0.0,2024-10-08,1
pw_malacca_strait_capacity_z,vix,0.0,,0.0,0.0,0.0,0,,,,0.0,2024-10-08,1
pw_malacca_strait_capacity_z,us10y,0.0,,0.0,0.0,0.0,0,,,,0.0,2024-10-08,1
pw_malacca_strait_capacity_z,wti,0.0,,0.0,0.0,0.0,0,,,,0.0,2024-10-08,1
pw_malacca_strait_capacity_z,brent,0.0,,0.0,0.0,0.0,0,,,,0.0,2024-10-08,1
pw_malacca_strait_capacity_z,henry_hub,0.0,,0.0,0.0,0.0,0,,,,0.0,2024-10-08,1
pw_malacca_strait_n_total_z,audusd,0.0,,0.007341597620000826,0.007596738731832663,1.0347528051846306,0,,,,0.0,2024-10-08,1
pw_malacca_strait_n_total_z,brlusd,0.0,,0.00205285033745148,0.0,0.0,0,,,,0.0,2024-10-08,1
pw_malacca_strait_n_total_z,cnyusd,0.0,,0.022849783513034346,0.01991916578071757,0.8717441795172788,0,,,,0.0,2024-10-08,1
pw_malacca_strait_n_total_z,krwusd,0.0,,0.0,0.0,0.0,0,,,,0.0,2024-10-08,1
pw_malacca_strait_n_total_z,eurusd,0.0,,0.02414592198551751,0.022814743547156294,0.9448694301605197,0,,,,0.0,2024-10-08,1
pw_malacca_strait_n_total_z,sp500,0.0,,0.004994191441851172,0.009346761812495127,1.8715265366420573,0,,,,0.0,2024-10-08,1
pw_malacca_strait_n_total_z,vix,0.0,,0.0,0.0,0.0,0,,,,0.0,2024-10-08,1
pw_malacca_strait_n_total_z,us2y,0.0,,0.0007589920422088896,0.0,0.0,0,,,,0.0,2024-10-08,1
pw_malacca_strait_n_total_z,us10y,0.0,,0.0040484611427990345,0.007252103863678666,1.791323569099317,0,,,,0.0,2024-10-08,1
pw_malacca_strait_n_total_z,wti,0.0,,0.0,0.0,0.0,0,,,,0.0,2024-10-08,1
pw_malacca_strait_n_total_z,brent,0.0,,0.007575172008637643,0.006997913589860497,0.9237959985438056,0,,,,0.0,2024-10-08,1
pw_panama_canal_capacity_z,audusd,0.0,,4.579064312136638e-05,0.0,0.0,0,,,,0.0,2024-10-08,1
pw_panama_canal_capacity_z,brlusd,0.0,,0.0,0.0,0.0,0,,,,0.0,2024-10-08,1
pw_panama_canal_capacity_z,cnyusd,0.0,,0.004425216801309631,0.010021361329417142,2.2646034712810788,0,,,,0.0,2024-10-08,1
pw_panama_canal_capacity_z,krwusd,0.0,,0.0074459687599419625,0.0,0.0,0,,,,0.0,2024-10-08,1
pw_panama_canal_capacity_z,eurusd,0.0,,0.0,0.0,0.0,0,,,,0.0,2024-10-08,1
pw_panama_canal_capacity_z,sp500,0.0,,0.013660237388239335,0.010627123473384811,0.7779603802884233,0,,,,0.0,2024-10-08,1
pw_panama_canal_capacity_z,vix,0.0,,0.022155602847031858,0.013217234454648275,0.5965639728200383,0,,,,0.0,2024-10-08,1
pw_panama_canal_capacity_z,us2y,0.0,,0.0,0.0,0.0,0,,,,0.0,2024-10-08,1
pw_panama_canal_capacity_z,us10y,0.0,,0.0,0.0,0.0,0,,,,0.0,2024-10-08,1
pw_panama_canal_capacity_z,wti,0.0,,0.0,0.0,0.0,0,,,,0.0,2024-10-08,1
pw_panama_canal_capacity_z,brent,0.0,,0.00015174816418968152,0.0,0.0,0,,,,0.0,2024-10-08,1
pw_panama_canal_capacity_z,henry_hub,0.0,,0.009039308378866951,0.0,0.0,0,,,,0.0,2024-10-08,1
pw_panama_canal_n_total_z,audusd,0.0,,0.0035100957915827056,0.0,0.0,0,,,,0.0,2024-10-08,1
pw_panama_canal_n_total_z,brlusd,0.0,,0.0,0.0,0.0,0,,,,0.0,2024-10-08,1
pw_panama_canal_n_total_z,cnyusd,0.0,,6.085397044314871e-05,0.0,0.0,0,,,,0.0,2024-10-08,1
pw_panama_canal_n_total_z,krwusd,0.0,,0.0,0.0,0.0,0,,,,0.0,2024-10-08,1
pw_panama_canal_n_total_z,eurusd,0.0,,9.417276218590625e-05,0.0,0.0,0,,,,0.0,2024-10-08,1
pw_panama_canal_n_total_z,sp500,0.0,,0.001732502387083044,0.0,0.0,0,,,,0.0,2024-10-08,1
pw_panama_canal_n_total_z,vix,0.0,,0.0,0.0,0.0,0,,,,0.0,2024-10-08,1
pw_panama_canal_n_total_z,us2y,0.0,,0.0019599281118523318,0.0,0.0,0,,,,0.0,2024-10-08,1
pw_panama_canal_n_total_z,us10y,0.0,,0.002082565011809454,0.0,0.0,0,,,,0.0,2024-10-08,1
pw_panama_canal_n_total_z,wti,0.0,,0.0,0.0,0.0,0,,,,0.0,2024-10-08,1
pw_panama_canal_n_total_z,brent,0.0,,0.00018466279238453693,0.0,0.0,0,,,,0.0,2024-10-08,1
pw_strait_of_hormuz_capacity_z,audusd,0.0,,0.015176272066084448,0.011740433425853024,0.7736045699978094,0,,,,0.0,2024-10-08,1
pw_strait_of_hormuz_capacity_z,brlusd,0.0,,0.0,0.0,0.0,0,,,,0.0,2024-10-08,1
pw_strait_of_hormuz_capacity_z,cnyusd,0.0,,0.0,0.0,0.0,0,,,,0.0,2024-10-08,1
pw_strait_of_hormuz_capacity_z,krwusd,0.0,,0.0,0.0,0.0,0,,,,0.0,2024-10-08,1
pw_strait_of_hormuz_capacity_z,eurusd,0.0,,0.0,0.0,0.0,0,,,,0.0,2024-10-08,1
pw_strait_of_hormuz_capacity_z,sp500,0.0,,0.0,0.0,0.0,0,,,,0.0,2024-10-08,1
pw_strait_of_hormuz_capacity_z,vix,0.0,,0.010462504319810136,0.0050865560885346725,0.48617003473093706,0,,,,0.0,2024-10-08,1
pw_strait_of_hormuz_capacity_z,us2y,0.0,,0.0002877371285433993,0.002125210893925558,7.385946001073729,0,,,,0.0,2024-10-08,1
pw_strait_of_hormuz_capacity_z,us10y,0.0,,0.002112982677903958,0.0,0.0,0,,,,0.0,2024-10-08,1
pw_strait_of_hormuz_capacity_z,wti,0.0,,0.013397695959202734,0.016001271145177125,1.1943300694315295,0,,,,0.0,2024-10-08,1
pw_strait_of_hormuz_capacity_z,henry_hub,0.0,,0.0017225444920466182,0.0046319267306164855,2.689002665535288,0,,,,0.0,2024-10-08,1
pw_strait_of_hormuz_n_total_z,audusd,0.0,,0.0005320054587797851,0.0,0.0,0,,,,0.0,2024-10-08,1
pw_strait_of_hormuz_n_total_z,brlusd,0.0,,0.01783119715541464,0.018774210630700693,1.052885595233279,0,,,,0.0,2024-10-08,1
pw_strait_of_hormuz_n_total_z,cnyusd,0.0,,0.0,0.0,0.0,0,,,,0.0,2024-10-08,1
pw_strait_of_hormuz_n_total_z,krwusd,0.0,,0.001220469027520034,0.0,0.0,0,,,,0.0,2024-10-08,1
pw_strait_of_hormuz_n_total_z,eurusd,0.0,,0.0,0.0,0.0,0,,,,0.0,2024-10-08,1
pw_strait_of_hormuz_n_total_z,sp500,0.0,,0.0,0.0,0.0,0,,,,0.0,2024-10-08,1
pw_strait_of_hormuz_n_total_z,vix,0.0,,0.0,0.0,0.0,0,,,,0.0,2024-10-08,1
pw_strait_of_hormuz_n_total_z,us2y,0.0,,0.0,0.0,0.0,0,,,,0.0,2024-10-08,1
pw_strait_of_hormuz_n_total_z,us10y,0.0,,0.013057557411374434,0.016779180598194887,1.285016796753928,0,,,,0.0,2024-10-08,1
pw_strait_of_hormuz_n_total_z,wti,0.0,,0.0,0.0,0.0,0,,,,0.0,2024-10-08,1
pw_strait_of_hormuz_n_total_z,brent,0.0,,0.0,0.0,0.0,0,,,,0.0,2024-10-08,1
pw_strait_of_hormuz_n_total_z,henry_hub,0.0,,0.0,0.0,0.0,0,,,,0.0,2024-10-08,1
pw_suez_canal_capacity_z,audusd,0.0,,0.0,0.0,0.0,0,,,,0.0,2024-10-08,1
pw_suez_canal_capacity_z,cnyusd,0.0,,0.0,0.0,0.0,0,,,,0.0,2024-10-08,1
pw_suez_canal_capacity_z,krwusd,0.0,,0.0,0.0,0.0,0,,,,0.0,2024-10-08,1
pw_suez_canal_capacity_z,eurusd,0.0,,0.0012011171042451156,0.0,0.0,0,,,,0.0,2024-10-08,1
pw_suez_canal_capacity_z,sp500,0.0,,0.0,0.0,0.0,0,,,,0.0,2024-10-08,1
pw_suez_canal_capacity_z,vix,0.0,,0.0,0.0,0.0,0,,,,0.0,2024-10-08,1
pw_suez_canal_capacity_z,us2y,0.0,,0.0,0.0,0.0,0,,,,0.0,2024-10-08,1
pw_suez_canal_capacity_z,us10y,0.0,,0.003094367636408603,0.0,0.0,0,,,,0.0,2024-10-08,1
pw_suez_canal_capacity_z,wti,0.0,,9.6779201509939e-05,0.0,0.0,0,,,,0.0,2024-10-08,1
pw_suez_canal_capacity_z,brent,0.0,,0.0,0.0,0.0,0,,,,0.0,2024-10-08,1
pw_suez_canal_capacity_z,henry_hub,0.0,,0.0,0.0,0.0,0,,,,0.0,2024-10-08,1
pw_suez_canal_n_total_z,audusd,0.0,,0.00012365599688583202,0.0,0.0,0,,,,0.0,2024-10-08,1
pw_suez_canal_n_total_z,brlusd,0.0,,0.0,0.0,0.0,0,,,,0.0,2024-10-08,1
pw_suez_canal_n_total_z,cnyusd,0.0,,0.0,0.0,0.0,0,,,,0.0,2024-10-08,1
pw_suez_canal_n_total_z,krwusd,0.0,,0.0,0.0,0.0,0,,,,0.0,2024-10-08,1
pw_suez_canal_n_total_z,eurusd,0.0,,0.0,0.0,0.0,0,,,,0.0,2024-10-08,1
pw_suez_canal_n_total_z,sp500,0.0,,0.0,0.0,0.0,0,,,,0.0,2024-10-08,1
pw_suez_canal_n_total_z,vix,0.0,,0.0034603173610047843,0.005351703250028,1.5465931854510615,0,,,,0.0,2024-10-08,1
pw_suez_canal_n_total_z,us2y,0.0,,0.0,0.0,0.0,0,,,,0.0,2024-10-08,1
pw_suez_canal_n_total_z,us10y,0.0,,0.0,0.0,0.0,0,,,,0.0,2024-10-08,1
pw_suez_canal_n_total_z,wti,0.0,,0.0025462175448215333,0.0010491086837677301,0.41202633526007815,0,,,,0.0,2024-10-08,1
pw_suez_canal_n_total_z,brent,0.0,,0.011227101214282055,0.016534346316383463,1.4727173115131476,0,,,,0.0,2024-10-08,1
wti,brent,1.0,1.0,0.39885806491434606,0.38914426619838083,0.9756459764250943,300,4.021619799217802e-05,0.5827014176616557,2.5919969419005557,0.8397282223096924,2024-11-07,1
sp500,vix,1.0,1.0,0.05770990016833289,0.0634118518928384,1.0988037010612322,300,0.038547416163192676,0.5498723254315664,1.5857430703621185,0.6600326793797364,2024-11-07,1
sp500,krwusd,1.0,1.0,0.21903448674159884,0.21839037248449727,0.9970593020912664,300,1.0504955428593197e-06,0.5324293337038136,1.499309916349697,0.6330758844880856,2024-11-07,1
brlusd,us2y,1.0,1.0,0.06052166603138296,0.06155853360073414,1.0171321716228618,300,3.502568927094258e-05,0.49021681949630863,1.4706613540662168,0.6263157755596744,2024-11-07,1
eurusd,sp500,1.0,1.0,0.08155981400698431,0.08288735959666858,1.016276957051062,300,8.385802205050969e-07,0.5069607498597913,1.1490330779208369,0.5186685207366885,2024-11-07,1
brlusd,wti,1.0,1.0,0.06708608594004256,0.07303212813097813,1.088633016930661,300,0.014643673268591215,0.5501340516147725,1.1163070786588642,0.5066061502684708,2024-11-07,1
eurusd,wti,1.0,1.0,0.09024664065507211,0.0831839261877581,0.9217398629350858,300,0.023472567210145432,0.5664542581821681,0.9882924106252491,0.42169692666609127,2024-11-07,1
audusd,eurusd,0.9784076162699119,0.8505746534392246,0.06319131278048293,0.061703730077019146,0.9764590631526928,280,8.754163645834669e-08,0.4698148823052388,1.0108039643454698,0.3789682789585266,2024-11-07,1
us2y,eurusd,1.0,0.9784076162699119,0.09247914594332629,0.09796204237462527,1.0592879224323617,300,1.2036926330444123e-07,0.48356733648848627,0.7352004271425213,0.34429270041139726,2024-11-07,1
henry_hub,krwusd,0.6649398174891511,1.0,0.051994678313937295,0.06285775667849529,1.20892673475097,140,1.1504987385627837e-07,0.4569081155168978,0.5500145905577364,0.17838869260559698,2024-11-07,1
brlusd,audusd,1.0,0.8209546907961327,0.064846645128426,0.06498710892885204,1.0021660920182973,300,7.527194085609089e-08,0.5085308434035499,0.39946164145984037,0.1618238085996127,2024-11-07,1
us2y,cnyusd,1.0,1.0,0.10547572267341584,0.1095544001609559,1.0386693485871517,300,2.010221278154207e-08,0.44206968375371364,0.31722042348025925,0.15729339818993474,2024-11-07,1
us2y,krwusd,1.0,1.0,0.16680265380512382,0.16543495734577915,0.9918005113938861,300,1.263817654820511e-07,0.5050395748113777,0.2108481797959146,0.10417401364662042,2024-11-07,1
pw_suez_canal_n_total_z,henry_hub,0.2240986357418667,1.0,0.044298057390373055,0.02854203967072102,0.6443180886962288,140,0.00011369156606820162,0.5622340909004844,0.7553141850767685,0.05207758435648632,2024-11-07,1
henry_hub,cnyusd,0.3109691710819722,1.0,0.04920577105083641,0.05157262341395615,1.04810111319411,120,2.5909905459050132e-08,0.5025037734680989,0.3003744767362995,0.046355588597513736,2024-11-07,1
us10y,cnyusd,0.13890735834320536,1.0,0.03670226206498585,0.015770191050258373,0.42967899423570455,100,3.6378295990629875e-08,0.4779682352700415,0.32998822660226396,0.009759368720664928,2024-11-07,1
pw_suez_canal_capacity_z,brlusd,0.11731497461311731,1.0,0.04008905856038444,0.039608212110727695,0.9880055439832177,80,8.179476256626996e-08,0.5582242768890887,0.13058864720331037,0.007557387484917346,2024-11-07,1
audusd,us2y,0.052364712605892275,1.0,0.0338295587708637,0.010361233865938601,0.3062775348658226,40,5.5893682214857456e-05,0.552466845489316,0.6254922979652147,0.004858485288959256,2024-11-07,1
brent,us10y,0.035076930855614814,1.0,0.04375946485292509,0.039564418420171485,0.9041339640040597,20,9.526109637754116e-06,0.39759815730182047,0.2345888552413923,0.003702938063198152,2024-11-07,1
audusd,wti,1.0,1.0,0.06671619786644405,0.05329134022674353,0.7987766379226962,300,-0.013030358500852511,0.4421218015178534,-0.7923836501808992,0.0,2024-11-07,1
cnyusd,us2y,1.0,1.0,0.09456544361668646,0.06822081522816596,0.7214137915398952,300,-4.45425966986174e-05,0.4855787025921673,-1.219703213795223,0.0,2024-11-07,1
cnyusd,us10y,1.0,1.0,0.07493076441706067,0.061411952898840376,0.8195826290657425,300,-1.1623427534702735e-05,0.5020342757908296,-0.6590670256065584,0.0,2024-11-07,1
eurusd,krwusd,1.0,1.0,0.1987014247722998,0.18020317155312907,0.9069042748919961,300,-4.4213138596561364e-07,0.43768062500198757,-0.71677335770108,0.0,2024-11-07,1
sp500,audusd,1.0,1.0,0.1953422387103459,0.18851552697857177,0.9650525571077497,300,-1.005305662507366e-06,0.4633551364779388,-1.4597421570923432,0.0,2024-11-07,1
sp500,brlusd,1.0,1.0,0.06940489813134718,0.07168728730872297,1.0328851311481853,300,-1.1284834346259145e-11,0.5043104124751174,-3.763458671247107e-05,0.0,2024-11-07,1
sp500,cnyusd,1.0,1.0,0.098348273957363,0.09258601613021142,0.9414096699892294,300,-3.482777312640013e-08,0.42257745835465343,-0.7875409481427494,0.0,2024-11-07,1
sp500,eurusd,1.0,1.0,0.1573893738458019,0.14462276799245444,0.9188852109809191,300,-4.376219427658552e-07,0.4792025200591751,-1.5861034596952182,0.0,2024-11-07,1
vix,brlusd,1.0,1.0,0.11006491324409358,0.08307621609075327,0.7547929094035005,300,-1.8374940734839e-06,0.5076689227155863,-0.7348977297709007,0.0,2024-11-07,1
wti,sp500,1.0,1.0,0.07233111049843106,0.06164826361028307,0.8523063338232625,300,-3.2317319773049895e-07,0.43090660624539345,-0.7619766511590691,0.0,2024-11-07,1
brent,brlusd,1.0,1.0,0.05955736376787741,0.05545370032014473,0.931097295311348,300,-4.307332782994708e-08,0.5278794884407465,-0.18923583428415205,0.0,2024-11-07,1
brent,vix,1.0,1.0,0.0808568185778051,0.05964429621517912,0.7376532649226846,300,-0.011751189466263426,0.4692424173643831,-1.424772275278876,0.0,2024-11-07,1
brent,wti,1.0,1.0,0.10277306598210807,0.08541471512339077,0.8311001944639927,300,-0.025293246918224266,0.42881193251579697,-1.4915434379620685,0.0,2024-11-07,1
pw_cape_of_good_hope_capacity_z,henry_hub,1.0,1.0,0.06734201456969233,0.053976329996767505,0.8015253232572563,300,-2.3035868273297186e-06,0.5042206024501865,-0.040347238179433496,0.0,2024-11-07,1
pw_panama_canal_n_total_z,henry_hub,1.0,1.0,0.310296023093921,0.26231962295116484,0.8453850627398,300,-6.782149535061571e-05,0.5178590514258219,-0.6768779242647189,0.0,2024-11-07,1
us10y,eurusd,0.868076138121895,0.9158390659489278,0.06607026953555517,0.04513276361298417,0.6831024594003865,300,-8.020490592338173e-08,0.4734246808016396,-0.5115521853486397,0.0,2024-11-07,1
pw_bab_el_mandeb_strait_n_total_z,henry_hub,0.8209546907961327,1.0,0.05102858809044182,0.05190102310562828,1.0170969851966152,180,-2.6936993015451142e-05,0.5232832050018513,-0.35734094252841386,0.0,2024-11-07,1
us10y,krwusd,0.7950180395101086,1.0,0.05519867559383271,0.04738887174704004,0.8585146516148433,240,-2.1877647340652705e-07,0.43197748777599265,-0.993692179683967,0.0,2024-11-07,1
us2y,wti,0.7505453386825681,1.0,0.0599034389842691,0.047552880968224694,0.7938255595094011,280,-0.014120907735312303,0.45918688886356274,-0.6878765053746135,0.0,2024-11-07,1
us10y,us2y,0.7505453386825681,1.0,0.0594041330832193,0.04558284397357424,0.7673345541414972,280,-1.8103258094353645e-05,0.5089496683753806,-0.4390335674873202,0.0,2024-11-07,1
pw_cape_of_good_hope_capacity_z,brent,0.7505453386825681,1.0,0.06003924532576332,0.049428423238663366,0.823268563261791,280,-1.1065877589067673e-05,0.38045969143121966,-2.201709290124808,0.0,2024-11-07,1
sp500,wti,0.6256896616467701,1.0,0.051526465692421544,0.04929058379665287,0.9566071170276768,240,-0.00393678443205044,0.5202623829233484,-0.28423382124155244,0.0,2024-11-07,1
eurusd,us2y,0.6048898127532701,1.0,0.05607882697134279,0.03462733019550176,0.6174760077131588,240,-1.879709351158532e-05,0.4731839691368939,-0.7293238725407805,0.0,2024-11-07,1
brlusd,brent,0.5524591881146969,1.0,0.05147406849546002,0.048319572003378636,0.9387167833380101,240,-3.1679769415354672e-06,0.4388730197218736,-1.490585515002205,0.0,2024-11-07,1
vix,audusd,0.5524591881146969,1.0,0.05288828692813228,0.039341309811535705,0.7438567610441796,240,-8.076285656512391e-07,0.5008374415202018,-1.164839917572995,0.0,2024-11-07,1
pw_cape_of_good_hope_n_total_z,henry_hub,0.464407323304489,0.5586160032289268,0.06395612863369467,0.05043727460401817,0.7886230089518862,180,-0.0003180855407620241,0.4764110147296959,-1.4684265586203271,0.0,2024-11-07,1
us10y,sp500,0.4091917578828313,1.0,0.04947976982498318,0.04624445866194413,0.9346134556712209,160,-1.2885632983144746e-06,0.5106106426540944,-1.428768184775852,0.0,2024-11-07,1
krwusd,us2y,0.3964443148077152,1.0,0.05005924643109955,0.032885875857752433,0.6569390912229539,200,-8.480960205791353e-06,0.5325201950507705,-0.15635574678328312,0.0,2024-11-07,1
pw_malacca_strait_capacity_z,us2y,0.3156169500071981,1.0,0.04548202798337147,0.04708197369163735,1.035177536693193,60,-3.192147136524079e-05,0.40024725517811766,-0.9991014474034698,0.0,2024-11-07,1
henry_hub,brlusd,0.17904530920386721,0.5799114645855681,0.01346265838543438,0.0,0.0,120,-2.3061994697984676e-06,0.5154017189945581,-1.4854727841034772,0.0,2024-11-07,1
pw_strait_of_hormuz_capacity_z,brent,0.14852277654517915,1.0,0.044802310394464286,0.04132776627735558,0.9224472111702074,60,-5.185965165730866e-06,0.40217967225309975,-0.694802303607539,0.0,2024-11-07,1
pw_malacca_strait_n_total_z,henry_hub,0.11753079943932689,1.0,0.03282518027658002,0.042286543866087226,1.2882349315308304,20,-3.06269189939006e-05,0.35004644165153453,-0.7627869741194295,0.0,2024-11-07,1
audusd,sp500,0.07305809861178632,1.0,0.038720816799940556,0.032617028335636435,0.8423641604504197,60,-1.6194545141643404e-06,0.45279913005450234,-1.2702065892735908,0.0,2024-11-07,1
us2y,us10y,0.07305809861178632,1.0,0.0270848949998327,0.018179536305581216,0.6712057146868581,60,-1.646551722952266e-05,0.49955110331497954,-0.36150803986969976,0.0,2024-11-07,1
pw_cape_of_good_hope_n_total_z,brlusd,0.05666931458570286,1.0,0.03473413542808187,0.03047049256114612,0.8772492012716495,40,-1.7171219210588396e-06,0.3329583948482481,-1.369678978807214,0.0,2024-11-07,1
krwusd,vix,0.052364712605892275,1.0,0.03797706413248465,0.025257696299007325,0.6650776429398214,40,-0.05096883898372771,0.2993842190935325,-2.039253999919229,0.0,2024-11-07,1
cnyusd,wti,0.035076930855614814,1.0,0.027838596841097962,0.021439806067787105,0.7701467926047063,20,-0.026350855717256132,0.4432619032366699,-1.2536483129621632,0.0,2024-11-07,1
audusd,vix,0.02159238373008805,1.0,0.037892376303305345,0.03092441810108155,0.8161118704604445,20,-0.11408765609220185,0.3523238476329138,-1.8520756717413662,0.0,2024-11-07,1
brlusd,cnyusd,0.02159238373008805,1.0,0.03158427879575381,0.02884359871698269,0.913226447357108,20,-2.7076723537118675e-09,0.5031297473171651,-0.026983473890779566,0.0,2024-11-07,1
eurusd,audusd,0.02159238373008805,1.0,0.034576682130719454,0.04461612082626877,1.2903528643261535,20,-1.071238815296082e-06,0.24540498886382672,-1.3774437254876337,0.0,2024-11-07,1
pw_bab_el_mandeb_strait_capacity_z,cnyusd,0.02159238373008805,1.0,0.024628409415764933,0.011760431798797127,0.47751487318012253,20,-8.052518251198796e-07,0.29832181352035564,-2.255604270227381,0.0,2024-11-07,1
pw_bab_el_mandeb_strait_n_total_z,cnyusd,0.02159238373008805,1.0,0.021059080111718746,0.019183245475528535,0.9109251388836132,20,-6.296462030138998e-07,0.25071531608863584,-2.7206532902336567,0.0,2024-11-07,1
audusd,brlusd,0.0,,0.003823673870086307,0.0006031642727106673,0.157744696123117,0,,,,0.0,2024-11-07,1
audusd,cnyusd,0.0,,0.00023222549352343362,0.00031926937622030665,1.3748248367403708,0,,,,0.0,2024-11-07,1
audusd,krwusd,0.0,,0.007936508867460702,0.010708081231406192,1.3492180768938344,0,,,,0.0,2024-11-07,1
audusd,us10y,0.0,,0.0,0.0,0.0,0,,,,0.0,2024-11-07,1
audusd,brent,0.0,,0.0034243475476674525,0.0,0.0,0,,,,0.0,2024-11-07,1
audusd,henry_hub,0.0,,0.009035524337306073,0.009358396992381812,1.035733693255925,0,,,,0.0,2024-11-07,1
brlusd,krwusd,0.0,,0.010058186228419051,0.007703087562843739,0.7658525491483679,0,,,,0.0,2024-11-07,1
brlusd,eurusd,0.0,,0.018062217647067592,0.018781808511697185,1.0398395633742359,0,,,,0.0,2024-11-07,1
brlusd,sp500,0.0,,0.0005480602181642632,0.0,0.0,0,,,,0.0,2024-11-07,1
brlusd,vix,0.0,,0.0009282106016948078,0.0,0.0,0,,,,0.0,2024-11-07,1
brlusd,us10y,0.0,,0.027799447081270866,0.029996388678744414,1.0790282479738122,0,,,,0.0,2024-11-07,1
brlusd,henry_hub,0.0,,0.010722897358465999,0.007914854673294038,0.7381264977832749,0,,,,0.0,2024-11-07,1
cnyusd,audusd,0.0,,0.016148422509888148,0.01697092215112748,1.050933745431524,0,,,,0.0,2024-11-07,1
cnyusd,brlusd,0.0,,0.020176489214526045,0.0197035522836634,0.9765599988266466,0,,,,0.0,2024-11-07,1
cnyusd,krwusd,0.0,,0.007421012597337551,0.002042215200230648,0.2751936037628257,0,,,,0.0,2024-11-07,1
cnyusd,eurusd,0.0,,0.010879672480891488,0.0062926104342918504,0.5783823405845973,0,,,,0.0,2024-11-07,1
cnyusd,sp500,0.0,,0.010101614514097943,0.0,0.0,0,,,,0.0,2024-11-07,1
cnyusd,vix,0.0,,0.010724271660852004,0.025189189993617175,2.3488019317496462,0,,,,0.0,2024-11-07,1
cnyusd,brent,0.0,,0.0,0.0,0.0,0,,,,0.0,2024-11-07,1
cnyusd,henry_hub,0.0,,0.010307972144280876,0.0030206430953812844,0.2930395089452404,0,,,,0.0,2024-11-07,1
krwusd,audusd,0.0,,0.02094853634582953,0.009983533019522735,0.4765742510459579,0,,,,0.0,2024-11-07,1
krwusd,brlusd,0.0,,8.26058187733389e-06,0.0,0.0,0,,,,0.0,2024-11-07,1
krwusd,cnyusd,0.0,,0.03160566919834895,0.030890041262037975,0.977357608477774,0,,,,0.0,2024-11-07,1
krwusd,eurusd,0.0,,0.018777925683728748,0.02470449375781314,1.3156135653055556,0,,,,0.0,2024-11-07,1
krwusd,sp500,0.0,,0.030888820543329313,0.01951656161837728,0.6318325295393009,0,,,,0.0,2024-11-07,1
krwusd,us10y,0.0,,0.009104459374416863,0.0,0.0,0,,,,0.0,2024-11-07,1
krwusd,wti,0.0,,0.0005440308552951613,0.0,0.0,0,,,,0.0,2024-11-07,1
krwusd,brent,0.0,,0.0010594278158293116,0.0,0.0,0,,,,0.0,2024-11-07,1
krwusd,henry_hub,0.0,,0.004867485095659868,0.0018601379864391337,0.3821558669173411,0,,,,0.0,2024-11-07,1
eurusd,brlusd,0.0,,0.01395852834120883,0.0070986836335542374,0.5085553046876201,0,,,,0.0,2024-11-07,1
eurusd,cnyusd,0.0,,0.00406477871576902,0.0,0.0,0,,,,0.0,2024-11-07,1
eurusd,vix,0.0,,0.038763655804047045,0.04182648116157968,1.0790128096538527,0,,,,0.0,2024-11-07,1
eurusd,us10y,0.0,,0.027828992307573377,0.02981018649571393,1.071191732932471,0,,,,0.0,2024-11-07,1
eurusd,brent,0.0,,0.029507689078388962,0.027502809366723707,0.9320556853388562,0,,,,0.0,2024-11-07,1
eurusd,henry_hub,0.0,,0.020503371669310873,0.015115110234699462,0.7372012017576369,0,,,,0.0,2024-11-07,1
sp500,us2y,0.0,,0.004981300773394243,0.0,0.0,0,,,,0.0,2024-11-07,1
sp500,us10y,0.0,,0.00493498130647669,0.008687654113947044,1.7604229022195748,0,,,,0.0,2024-11-07,1
sp500,brent,0.0,,0.020874294822003828,0.02405025631833835,1.1521470077631895,0,,,,0.0,2024-11-07,1
sp500,henry_hub,0.0,,0.0005661610575083243,0.0,0.0,0,,,,0.0,2024-11-07,1
vix,cnyusd,0.0,,0.0,0.0,0.0,0,,,,0.0,2024-11-07,1
vix,krwusd,0.0,,0.0,0.0,0.0,0,,,,0.0,2024-11-07,1
vix,eurusd,0.0,,0.004165713172024082,0.006943882213658177,1.6669131855480601,0,,,,0.0,2024-11-07,1
vix,sp500,0.0,,0.014131533793344172,0.00901050836314216,0.6376171542954545,0,,,,0.0,2024-11-07,1
vix,us2y,0.0,,0.003572541723405252,0.0006025038710211788,0.16864851908486264,0,,,,0.0,2024-11-07,1
vix,us10y,0.0,,0.0010787745937258808,0.0,0.0,0,,,,0.0,2024-11-07,1
vix,wti,0.0,,9.598774218079759e-05,0.0,0.0,0,,,,0.0,2024-11-07,1
vix,brent,0.0,,0.00029193918637324226,0.0022129369336002934,7.580129824610351,0,,,,0.0,2024-11-07,1
vix,henry_hub,0.0,,0.02752104270327026,0.03367102568503794,1.2234647519745643,0,,,,0.0,2024-11-07,1
us2y,audusd,0.0,,0.03239224646836725,0.029627670803514007,0.9146531665362266,0,,,,0.0,2024-11-07,1
us2y,brlusd,0.0,,0.0014587968292173003,0.005888876332166296,4.036803627634631,0,,,,0.0,2024-11-07,1
us2y,sp500,0.0,,0.022723539417985467,0.010262014077725179,0.4516028022290793,0,,,,0.0,2024-11-07,1
us2y,vix,0.0,,0.0021993500783181927,0.0,0.0,0,,,,0.0,2024-11-07,1
us2y,brent,0.0,,0.009186955874193535,0.0005739781044889863,0.06247750749530755,0,,,,0.0,2024-11-07,1
us2y,henry_hub,0.0,,0.013584210844581985,0.015432730748005575,1.1360785638983855,0,,,,0.0,2024-11-07,1
us10y,audusd,0.0,,0.016190357962446854,0.0147249886457817,0.9094912342232307,0,,,,0.0,2024-11-07,1
us10y,brlusd,0.0,,0.012159910003473383,0.014005765694130172,1.1517984664466707,0,,,,0.0,2024-11-07,1
us10y,vix,0.0,,0.029885210552954112,0.023457520889621365,0.7849207168226767,0,,,,0.0,2024-11-07,1
us10y,wti,0.0,,0.003505053398521695,0.002600348885947249,0.7418856691438659,0,,,,0.0,2024-11-07,1
us10y,brent,0.0,,0.01040648815976565,0.01690363297102921,1.6243359634408956,0,,,,0.0,2024-11-07,1
us10y,henry_hub,0.0,,0.0,0.0,0.0,0,,,,0.0,2024-11-07,1
wti,audusd,0.0,,0.02654098296110111,0.024307794543129556,0.9158588654668687,0,,,,0.0,2024-11-07,1
wti,brlusd,0.0,,0.02223890668049232,0.023080202122692847,1.0378298921924296,0,,,,0.0,2024-11-07,1
wti,cnyusd,0.0,,0.013114287558087098,0.01548083142973903,1.1804553896786083,0,,,,0.0,2024-11-07,1
wti,krwusd,0.0,,0.0,0.0,0.0,0,,,,0.0,2024-11-07,1
wti,eurusd,0.0,,9.624535631836607e-05,0.0,0.0,0,,,,0.0,2024-11-07,1
wti,vix,0.0,,0.0372352755488273,0.03294916444395245,0.8848911135556282,0,,,,0.0,2024-11-07,1
wti,us2y,0.0,,0.002074960152573373,0.0032870147685078645,1.5841339239364656,0,,,,0.0,2024-11-07,1
wti,us10y,0.0,,0.017341988985232527,0.01825856268718753,1.052852859192536,0,,,,0.0,2024-11-07,1
wti,henry_hub,0.0,,0.00026950281918817413,0.0,0.0,0,,,,0.0,2024-11-07,1
brent,audusd,0.0,,0.012944114924379548,0.015559393930699827,1.202043864845061,0,,,,0.0,2024-11-07,1
brent,cnyusd,0.0,,0.012373382411374855,0.01635673025030813,1.3219287747278692,0,,,,0.0,2024-11-07,1
brent,krwusd,0.0,,0.015523204092081395,0.011509335758293939,0.7414278450519769,0,,,,0.0,2024-11-07,1
brent,eurusd,0.0,,0.012190926874984995,0.010558927498972926,0.8661300003889919,0,,,,0.0,2024-11-07,1
brent,sp500,0.0,,0.026534644951448475,0.018884617999388842,0.7116966529585302,0,,,,0.0,2024-11-07,1
brent,us2y,0.0,,0.0,0.0,0.0,0,,,,0.0,2024-11-07,1
brent,henry_hub,0.0,,0.0001659433483588991,0.0,0.0,0,,,,0.0,2024-11-07,1
henry_hub,audusd,0.0,,0.004015754732670521,0.004166240201615274,1.0374737699293397,0,,,,0.0,2024-11-07,1
henry_hub,eurusd,0.0,,0.0,0.0,0.0,0,,,,0.0,2024-11-07,1
henry_hub,sp500,0.0,,0.0003593060078523762,0.0,0.0,0,,,,0.0,2024-11-07,1
henry_hub,vix,0.0,,0.01932283220645305,0.011036112787080617,0.571143643393798,0,,,,0.0,2024-11-07,1
henry_hub,us2y,0.0,,0.02019098813322717,0.022440461605303184,1.1114097763434463,0,,,,0.0,2024-11-07,1
henry_hub,us10y,0.0,,3.76435882746747e-05,3.417578754452546e-05,0.9078780507095745,0,,,,0.0,2024-11-07,1
henry_hub,wti,0.0,,0.002211063274062317,0.0,0.0,0,,,,0.0,2024-11-07,1
henry_hub,brent,0.0,,0.004514285803424114,0.0,0.0,0,,,,0.0,2024-11-07,1
pw_bab_el_mandeb_strait_capacity_z,audusd,0.0,,0.0050471475324708,0.0,0.0,0,,,,0.0,2024-11-07,1
pw_bab_el_mandeb_strait_capacity_z,brlusd,0.0,,0.0013011225818991342,0.0,0.0,0,,,,0.0,2024-11-07,1
pw_bab_el_mandeb_strait_capacity_z,krwusd,0.0,,4.772337174778661e-05,0.0,0.0,0,,,,0.0,2024-11-07,1
pw_bab_el_mandeb_strait_capacity_z,eurusd,0.0,,0.004111165789834863,0.0,0.0,0,,,,0.0,2024-11-07,1
pw_bab_el_mandeb_strait_capacity_z,sp500,0.0,,0.0023380692842783334,0.0,0.0,0,,,,0.0,2024-11-07,1
pw_bab_el_mandeb_strait_capacity_z,vix,0.0,,0.0001402906497026961,0.0,0.0,0,,,,0.0,2024-11-07,1
pw_bab_el_mandeb_strait_capacity_z,us2y,0.0,,0.0003151054811248008,0.0,0.0,0,,,,0.0,2024-11-07,1
pw_bab_el_mandeb_strait_capacity_z,us10y,0.0,,0.0,0.0,0.0,0,,,,0.0,2024-11-07,1
pw_bab_el_mandeb_strait_capacity_z,wti,0.0,,0.0,0.0,0.0,0,,,,0.0,2024-11-07,1
pw_bab_el_mandeb_strait_capacity_z,brent,0.0,,0.0,0.0,0.0,0,,,,0.0,2024-11-07,1
pw_bab_el_mandeb_strait_capacity_z,henry_hub,0.0,,0.0360206877840506,0.029755567878994475,0.8260688429211442,0,,,,0.0,2024-11-07,1
pw_bab_el_mandeb_strait_n_total_z,audusd,0.0,,0.0024032580386571393,0.0,0.0,0,,,,0.0,2024-11-07,1
pw_bab_el_mandeb_strait_n_total_z,brlusd,0.0,,0.008423995159097041,0.0,0.0,0,,,,0.0,2024-11-07,1
pw_bab_el_mandeb_strait_n_total_z,krwusd,0.0,,0.00012075603813247785,0.0,0.0,0,,,,0.0,2024-11-07,1
pw_bab_el_mandeb_strait_n_total_z,eurusd,0.0,,0.0006162333002256807,0.0,0.0,0,,,,0.0,2024-11-07,1
pw_bab_el_mandeb_strait_n_total_z,sp500,0.0,,0.005767758384351585,0.00575248422121245,0.9973518025337929,0,,,,0.0,2024-11-07,1
pw_bab_el_mandeb_strait_n_total_z,vix,0.0,,0.0,0.0,0.0,0,,,,0.0,2024-11-07,1
pw_bab_el_mandeb_strait_n_total_z,us2y,0.0,,0.0,0.0,0.0,0,,,,0.0,2024-11-07,1
pw_bab_el_mandeb_strait_n_total_z,us10y,0.0,,0.007187922002878519,0.003138306481964906,0.43660831053927973,0,,,,0.0,2024-11-07,1
pw_bab_el_mandeb_strait_n_total_z,wti,0.0,,0.0,0.0,0.0,0,,,,0.0,2024-11-07,1
pw_bab_el_mandeb_strait_n_total_z,brent,0.0,,0.002578478111227639,0.0,0.0,0,,,,0.0,2024-11-07,1
pw_cape_of_good_hope_capacity_z,audusd,0.0,,0.00015863428728077832,0.0,0.0,0,,,,0.0,2024-11-07,1
pw_cape_of_good_hope_capacity_z,brlusd,0.0,,0.000616971504891127,0.0,0.0,0,,,,0.0,2024-11-07,1
pw_cape_of_good_hope_capacity_z,cnyusd,0.0,,0.013647119082699059,0.011907615757993043,0.8725369571288313,0,,,,0.0,2024-11-07,1
pw_cape_of_good_hope_capacity_z,krwusd,0.0,,2.3633776109477387e-05,0.0,0.0,0,,,,0.0,2024-11-07,1
pw_cape_of_good_hope_capacity_z,eurusd,0.0,,0.002112659830175468,0.0,0.0,0,,,,0.0,2024-11-07,1
pw_cape_of_good_hope_capacity_z,sp500,0.0,,0.018643220775667955,0.014320814619643322,0.7681513184853775,0,,,,0.0,2024-11-07,1
pw_cape_of_good_hope_capacity_z,vix,0.0,,0.018012333057030747,0.014724084786305606,0.817444621953532,0,,,,0.0,2024-11-07,1
pw_cape_of_good_hope_capacity_z,us2y,0.0,,0.0,0.0,0.0,0,,,,0.0,2024-11-07,1
pw_cape_of_good_hope_capacity_z,us10y,0.0,,0.003482175029016055,0.0,0.0,0,,,,0.0,2024-11-07,1
pw_cape_of_good_hope_capacity_z,wti,0.0,,0.011996390868673913,0.004688652963143134,0.39083862925695245,0,,,,0.0,2024-11-07,1
pw_cape_of_good_hope_n_total_z,audusd,0.0,,0.0007218324863222889,0.0,0.0,0,,,,0.0,2024-11-07,1
pw_cape_of_good_hope_n_total_z,cnyusd,0.0,,0.00014307581868511254,0.0,0.0,0,,,,0.0,2024-11-07,1
pw_cape_of_good_hope_n_total_z,krwusd,0.0,,4.3551852977754686e-06,0.0,0.0,0,,,,0.0,2024-11-07,1
pw_cape_of_good_hope_n_total_z,eurusd,0.0,,0.006816617969489075,0.0026368594008406186,0.3868281034147875,0,,,,0.0,2024-11-07,1
pw_cape_of_good_hope_n_total_z,sp500,0.0,,1.2411282757653114e-05,0.0,0.0,0,,,,0.0,2024-11-07,1
pw_cape_of_good_hope_n_total_z,vix,0.0,,0.0,0.0,0.0,0,,,,0.0,2024-11-07,1
pw_cape_of_good_hope_n_total_z,us2y,0.0,,0.00024317595150470127,0.0,0.0,0,,,,0.0,2024-11-07,1
pw_cape_of_good_hope_n_total_z,us10y,0.0,,0.02440877288258229,0.02613998733435772,1.0709259109461744,0,,,,0.0,2024-11-07,1
pw_cape_of_good_hope_n_total_z,wti,0.0,,0.0010599568476355376,0.0,0.0,0,,,,0.0,2024-11-07,1
pw_cape_of_good_hope_n_total_z,brent,0.0,,0.0008295848335350257,0.0005148539207296539,0.620616361241513,0,,,,0.0,2024-11-07,1
pw_malacca_strait_capacity_z,audusd,0.0,,0.0,0.0,0.0,0,,,,0.0,2024-11-07,1
pw_malacca_strait_capacity_z,brlusd,0.0,,0.0012374248579101778,0.004725338472442331,3.8186872053166185,0,,,,0.0,2024-11-07,1
pw_malacca_strait_capacity_z,cnyusd,0.0,,0.0009200661796533651,0.0,0.0,0,,,,0.0,2024-11-07,1
pw_malacca_strait_capacity_z,krwusd,0.0,,0.005769618187915307,0.0029943127508355845,0.5189793593460467,0,,,,0.0,2024-11-07,1
pw_malacca_strait_capacity_z,eurusd,0.0,,0.0002752128682229044,0.0,0.0,0,,,,0.0,2024-11-07,1
pw_malacca_strait_capacity_z,sp500,0.0,,0.0,0.0,0.0,0,,,,0.0,2024-11-07,1
pw_malacca_strait_capacity_z,vix,0.0,,0.0,0.0,0.0,0,,,,0.0,2024-11-07,1
pw_malacca_strait_capacity_z,us10y,0.0,,0.0,0.0,0.0,0,,,,0.0,2024-11-07,1
pw_malacca_strait_capacity_z,wti,0.0,,0.0,0.0,0.0,0,,,,0.0,2024-11-07,1
pw_malacca_strait_capacity_z,brent,0.0,,0.0,0.0,0.0,0,,,,0.0,2024-11-07,1
pw_malacca_strait_capacity_z,henry_hub,0.0,,0.0,0.0,0.0,0,,,,0.0,2024-11-07,1
pw_malacca_strait_n_total_z,audusd,0.0,,0.006958317223898932,0.004436282458320392,0.6375510508609183,0,,,,0.0,2024-11-07,1
pw_malacca_strait_n_total_z,brlusd,0.0,,0.0017820303930771097,0.0,0.0,0,,,,0.0,2024-11-07,1
pw_malacca_strait_n_total_z,cnyusd,0.0,,0.022186669254405933,0.017823291344080745,0.8033333502973328,0,,,,0.0,2024-11-07,1
pw_malacca_strait_n_total_z,krwusd,0.0,,0.0,0.0,0.0,0,,,,0.0,2024-11-07,1
pw_malacca_strait_n_total_z,eurusd,0.0,,0.0238818364283115,0.022144119177091387,0.9272368665434757,0,,,,0.0,2024-11-07,1
pw_malacca_strait_n_total_z,sp500,0.0,,0.00547834419054789,0.00866413213191424,1.5815238748348408,0,,,,0.0,2024-11-07,1
pw_malacca_strait_n_total_z,vix,0.0,,0.0,0.0,0.0,0,,,,0.0,2024-11-07,1
pw_malacca_strait_n_total_z,us2y,0.0,,0.0006588628808659433,0.0,0.0,0,,,,0.0,2024-11-07,1
pw_malacca_strait_n_total_z,us10y,0.0,,0.0043561860787720875,0.006381056107744681,1.4648263394531942,0,,,,0.0,2024-11-07,1
pw_malacca_strait_n_total_z,wti,0.0,,0.0,0.0,0.0,0,,,,0.0,2024-11-07,1
pw_malacca_strait_n_total_z,brent,0.0,,0.006936014919563387,0.0027302782951347444,0.3936378924782664,0,,,,0.0,2024-11-07,1
pw_panama_canal_capacity_z,audusd,0.0,,3.974976464291365e-05,0.0,0.0,0,,,,0.0,2024-11-07,1
pw_panama_canal_capacity_z,brlusd,0.0,,0.0,0.0,0.0,0,,,,0.0,2024-11-07,1
pw_panama_canal_capacity_z,cnyusd,0.0,,0.003946370847365589,0.0007955023044244066,0.20157819302649835,0,,,,0.0,2024-11-07,1
pw_panama_canal_capacity_z,krwusd,0.0,,0.006463667805706695,0.0,0.0,0,,,,0.0,2024-11-07,1
pw_panama_canal_capacity_z,eurusd,0.0,,0.0,0.0,0.0,0,,,,0.0,2024-11-07,1
pw_panama_canal_capacity_z,sp500,0.0,,0.013554214153865035,0.01285656750725703,0.9485291704344905,0,,,,0.0,2024-11-07,1
pw_panama_canal_capacity_z,vix,0.0,,0.021202682462520904,0.014932342619921225,0.7042666722154851,0,,,,0.0,2024-11-07,1
pw_panama_canal_capacity_z,us2y,0.0,,0.0,0.0,0.0,0,,,,0.0,2024-11-07,1
pw_panama_canal_capacity_z,us10y,0.0,,0.0,0.0,0.0,0,,,,0.0,2024-11-07,1
pw_panama_canal_capacity_z,wti,0.0,,0.0,0.0,0.0,0,,,,0.0,2024-11-07,1
pw_panama_canal_capacity_z,brent,0.0,,0.00013172896033686597,0.0,0.0,0,,,,0.0,2024-11-07,1
pw_panama_canal_capacity_z,henry_hub,0.0,,0.00784680790881971,0.0,0.0,0,,,,0.0,2024-11-07,1
pw_panama_canal_n_total_z,audusd,0.0,,0.003047030399195031,0.0,0.0,0,,,,0.0,2024-11-07,1
pw_panama_canal_n_total_z,brlusd,0.0,,0.0,0.0,0.0,0,,,,0.0,2024-11-07,1
pw_panama_canal_n_total_z,cnyusd,0.0,,5.282587965167248e-05,0.0,0.0,0,,,,0.0,2024-11-07,1
pw_panama_canal_n_total_z,krwusd,0.0,,0.0,0.0,0.0,0,,,,0.0,2024-11-07,1
pw_panama_canal_n_total_z,eurusd,0.0,,8.174912771461313e-05,0.0,0.0,0,,,,0.0,2024-11-07,1
pw_panama_canal_n_total_z,sp500,0.0,,0.001503943981466013,0.0,0.0,0,,,,0.0,2024-11-07,1
pw_panama_canal_n_total_z,vix,0.0,,0.0,0.0,0.0,0,,,,0.0,2024-11-07,1
pw_panama_canal_n_total_z,us2y,0.0,,0.0017013668263333097,0.0,0.0,0,,,,0.0,2024-11-07,1
pw_panama_canal_n_total_z,us10y,0.0,,0.0018078249928393294,0.0,0.0,0,,,,0.0,2024-11-07,1
pw_panama_canal_n_total_z,wti,0.0,,0.0,0.0,0.0,0,,,,0.0,2024-11-07,1
pw_panama_canal_n_total_z,brent,0.0,,0.0001603013636679741,0.0,0.0,0,,,,0.0,2024-11-07,1
pw_strait_of_hormuz_capacity_z,audusd,0.0,,0.014559028606098241,0.010497486505997312,0.7210293207062113,0,,,,0.0,2024-11-07,1
pw_strait_of_hormuz_capacity_z,brlusd,0.0,,0.0,0.0,0.0,0,,,,0.0,2024-11-07,1
pw_strait_of_hormuz_capacity_z,cnyusd,0.0,,0.0,0.0,0.0,0,,,,0.0,2024-11-07,1
pw_strait_of_hormuz_capacity_z,krwusd,0.0,,0.0,0.0,0.0,0,,,,0.0,2024-11-07,1
pw_strait_of_hormuz_capacity_z,eurusd,0.0,,0.0,0.0,0.0,0,,,,0.0,2024-11-07,1
pw_strait_of_hormuz_capacity_z,sp500,0.0,,0.0,0.0,0.0,0,,,,0.0,2024-11-07,1
pw_strait_of_hormuz_capacity_z,vix,0.0,,0.010000186202475949,0.006958072970147551,0.6957943411518477,0,,,,0.0,2024-11-07,1
pw_strait_of_hormuz_capacity_z,us2y,0.0,,0.0005193906792083685,0.0020437011169158166,3.9348051451957753,0,,,,0.0,2024-11-07,1
pw_strait_of_hormuz_capacity_z,us10y,0.0,,0.0018342298429533277,0.0,0.0,0,,,,0.0,2024-11-07,1
pw_strait_of_hormuz_capacity_z,wti,0.0,,0.013445740934141748,0.013761883106660613,1.0235124396689892,0,,,,0.0,2024-11-07,1
pw_strait_of_hormuz_capacity_z,henry_hub,0.0,,0.0024371160255241713,0.007139089484777375,2.929318674207113,0,,,,0.0,2024-11-07,1
pw_strait_of_hormuz_n_total_z,audusd,0.0,,0.0004618212441173229,0.0,0.0,0,,,,0.0,2024-11-07,1
pw_strait_of_hormuz_n_total_z,brlusd,0.0,,0.01793089410263189,0.018586912958438694,1.0365859533859225,0,,,,0.0,2024-11-07,1
pw_strait_of_hormuz_n_total_z,cnyusd,0.0,,0.0,0.0,0.0,0,,,,0.0,2024-11-07,1
pw_strait_of_hormuz_n_total_z,krwusd,0.0,,0.001059460040106976,0.0,0.0,0,,,,0.0,2024-11-07,1
pw_strait_of_hormuz_n_total_z,eurusd,0.0,,0.0,0.0,0.0,0,,,,0.0,2024-11-07,1
pw_strait_of_hormuz_n_total_z,sp500,0.0,,0.0,0.0,0.0,0,,,,0.0,2024-11-07,1
pw_strait_of_hormuz_n_total_z,vix,0.0,,0.0,0.0,0.0,0,,,,0.0,2024-11-07,1
pw_strait_of_hormuz_n_total_z,us2y,0.0,,0.0,0.0,0.0,0,,,,0.0,2024-11-07,1
pw_strait_of_hormuz_n_total_z,us10y,0.0,,0.013502756569363663,0.01643222482674,1.2169533489201008,0,,,,0.0,2024-11-07,1
pw_strait_of_hormuz_n_total_z,wti,0.0,,0.0,0.0,0.0,0,,,,0.0,2024-11-07,1
pw_strait_of_hormuz_n_total_z,brent,0.0,,0.0,0.0,0.0,0,,,,0.0,2024-11-07,1
pw_strait_of_hormuz_n_total_z,henry_hub,0.0,,0.0,0.0,0.0,0,,,,0.0,2024-11-07,1
pw_suez_canal_capacity_z,audusd,0.0,,0.0,0.0,0.0,0,,,,0.0,2024-11-07,1
pw_suez_canal_capacity_z,cnyusd,0.0,,0.0,0.0,0.0,0,,,,0.0,2024-11-07,1
pw_suez_canal_capacity_z,krwusd,0.0,,0.0,0.0,0.0,0,,,,0.0,2024-11-07,1
pw_suez_canal_capacity_z,eurusd,0.0,,0.0010426610972852535,0.0,0.0,0,,,,0.0,2024-11-07,1
pw_suez_canal_capacity_z,sp500,0.0,,0.0,0.0,0.0,0,,,,0.0,2024-11-07,1
pw_suez_canal_capacity_z,vix,0.0,,0.0,0.0,0.0,0,,,,0.0,2024-11-07,1
pw_suez_canal_capacity_z,us2y,0.0,,0.0,0.0,0.0,0,,,,0.0,2024-11-07,1
pw_suez_canal_capacity_z,us10y,0.0,,0.0026861467077429566,0.0,0.0,0,,,,0.0,2024-11-07,1
pw_suez_canal_capacity_z,wti,0.0,,8.401171549726852e-05,0.0,0.0,0,,,,0.0,2024-11-07,1
pw_suez_canal_capacity_z,brent,0.0,,0.0,0.0,0.0,0,,,,0.0,2024-11-07,1
pw_suez_canal_capacity_z,henry_hub,0.0,,0.0,0.0,0.0,0,,,,0.0,2024-11-07,1
pw_suez_canal_n_total_z,audusd,0.0,,0.00010734282023226614,0.0,0.0,0,,,,0.0,2024-11-07,1
pw_suez_canal_n_total_z,brlusd,0.0,,0.0,0.0,0.0,0,,,,0.0,2024-11-07,1
pw_suez_canal_n_total_z,cnyusd,0.0,,0.0,0.0,0.0,0,,,,0.0,2024-11-07,1
pw_suez_canal_n_total_z,krwusd,0.0,,0.0,0.0,0.0,0,,,,0.0,2024-11-07,1
pw_suez_canal_n_total_z,eurusd,0.0,,0.0,0.0,0.0,0,,,,0.0,2024-11-07,1
pw_suez_canal_n_total_z,sp500,0.0,,0.0,0.0,0.0,0,,,,0.0,2024-11-07,1
pw_suez_canal_n_total_z,vix,0.0,,0.0036810024191404355,0.005133138752024702,1.3944948053642845,0,,,,0.0,2024-11-07,1
pw_suez_canal_n_total_z,us2y,0.0,,0.0,0.0,0.0,0,,,,0.0,2024-11-07,1
pw_suez_canal_n_total_z,us10y,0.0,,0.0,0.0,0.0,0,,,,0.0,2024-11-07,1
pw_suez_canal_n_total_z,wti,0.0,,0.0024671708415719864,0.0019470332719825152,0.7891765090503179,0,,,,0.0,2024-11-07,1
pw_suez_canal_n_total_z,brent,0.0,,0.011856696914387585,0.015999518358098395,1.3494077206851496,0,,,,0.0,2024-11-07,1
wti,brent,1.0,1.0,0.39764180642774544,0.38955380338305057,0.9796600787091422,320,3.187044920867552e-05,0.5869257212663967,2.246771257613967,0.7922935569023313,2024-12-11,1
brlusd,us2y,1.0,1.0,0.06084266497035439,0.06297727732812794,1.035084136416668,320,4.136633984784493e-05,0.5096654500880192,1.7229191813068236,0.6970089266544588,2024-12-11,1
sp500,krwusd,1.0,1.0,0.21931849887157495,0.22120715247381795,1.0086114651156213,320,1.2244253087169808e-06,0.5094972224775751,1.5576681592921031,0.6520369886899815,2024-12-11,1
eurusd,wti,1.0,1.0,0.08916638671816915,0.08198280096976937,0.9194361685743176,320,0.03958235683409784,0.5988135931467102,1.6027605888175709,0.6112482664740289,2024-12-11,1
sp500,vix,1.0,1.0,0.0582160360695741,0.06158179158566476,1.057814920824706,320,0.026430684180112574,0.5332433128923452,1.1894066974188857,0.5332698714824101,2024-12-11,1
brlusd,wti,1.0,1.0,0.06751414542819585,0.07036070023676343,1.0421623467276944,320,0.0077311833996849405,0.5060315266631411,0.6278907171014119,0.30402206998772546,2024-12-11,1
audusd,eurusd,0.9812301852475062,0.8704812651887295,0.0633015581024741,0.06403467898898911,1.0115814034992348,300,6.325234993474678e-08,0.4850594421549033,0.7158588124401932,0.2933030483043022,2024-12-11,1
eurusd,sp500,1.0,1.0,0.08085734287954392,0.07618597681703232,0.9422270644056322,320,2.8922575421889783e-07,0.45998165485315917,0.38853563421953935,0.18077593596420838,2024-12-11,1
us2y,eurusd,1.0,0.9812301852475062,0.09306583451434727,0.09696725760901168,1.0419211100939836,320,4.137891667979296e-08,0.48803582995484956,0.2544609590339752,0.12417308772682917,2024-12-11,1
pw_cape_of_good_hope_capacity_z,henry_hub,1.0,1.0,0.0659241805537936,0.056495719446392624,0.8569802304981642,320,5.666301222341053e-06,0.5025803931423823,0.10559554134521651,0.04520464925558679,2024-12-11,1
pw_suez_canal_n_total_z,henry_hub,0.19480433155234053,1.0,0.0416264757517591,0.023860712416654068,0.5732100060295335,140,0.00011369156606820158,0.5622340909004842,0.7553141850767683,0.04027389808118301,2024-12-11,1
pw_suez_canal_capacity_z,brlusd,0.10197949280205534,1.0,0.040071887884877234,0.03995770452886235,0.9971505371460682,80,8.179476256627011e-08,0.5582242768890886,0.13058864720331062,0.0066302886029521,2024-12-11,1
audusd,us2y,0.04551956687443372,1.0,0.03094188210007144,0.011739107391597524,0.3793921570003791,40,5.589368221485749e-05,0.552466845489316,0.625492297965215,0.005231587512926473,2024-12-11,1
brent,us10y,0.030491654023751504,1.0,0.04313516421777447,0.038983624480513845,0.9037550960441244,20,9.526109637754113e-06,0.3975981573018204,0.23458885524139225,0.0032175390012512866,2024-12-11,1
brlusd,audusd,1.0,0.8443595978994828,0.06381819645787365,0.05697911079444027,0.8928348646150185,320,-1.7246078293599044e-07,0.48941283733386753,-0.8261063132953113,0.0,2024-12-11,1
cnyusd,us2y,1.0,1.0,0.08927568777991987,0.05409931549984914,0.6059803832955438,320,-8.935212041379423e-05,0.45452539585485835,-2.3571865274665678,0.0,2024-12-11,1
cnyusd,us10y,1.0,1.0,0.07229973854927772,0.05480366722584197,0.7580064371669772,320,-3.2326088518005766e-05,0.5100889785405669,-1.4153729656309533,0.0,2024-12-11,1
eurusd,krwusd,1.0,1.0,0.19483779277515037,0.1691450081403122,0.8681324384305228,320,-1.1366279795227093e-06,0.4323616979829184,-1.3697354981946792,0.0,2024-12-11,1
sp500,audusd,1.0,1.0,0.19386324980330522,0.18402811449695444,0.9492676651385471,320,-5.155706898068992e-07,0.4801011217669443,-0.6464001709491308,0.0,2024-12-11,1
sp500,brlusd,1.0,1.0,0.06955756168599297,0.07057275977783946,1.0145950787698603,320,-7.017607453572042e-08,0.5140645841819331,-0.24099964533021584,0.0,2024-12-11,1
sp500,cnyusd,1.0,1.0,0.09860927607530794,0.10034491529005304,1.0176011759118848,320,-1.645871760077546e-08,0.43533005465684604,-0.32446564544149664,0.0,2024-12-11,1
sp500,eurusd,1.0,1.0,0.15483451937330173,0.13784498057050426,0.8902729257560702,320,-2.869546578345946e-07,0.5113807815317871,-1.023212874270388,0.0,2024-12-11,1
vix,brlusd,1.0,1.0,0.10522950344821945,0.07307448904771749,0.6944296670911827,320,-1.8841085947220375e-06,0.5070558247318336,-0.8356670270542234,0.0,2024-12-11,1
us2y,cnyusd,1.0,1.0,0.10721307867935465,0.1187663305748669,1.1077597251923426,320,-4.198630356507414e-08,0.4369799503780462,-0.6413629673185832,0.0,2024-12-11,1
us2y,krwusd,1.0,1.0,0.16698048542282165,0.16816304873582522,1.0070820450066913,320,-2.1833747429729443e-07,0.4965932107410122,-0.3767210161973021,0.0,2024-12-11,1
wti,sp500,1.0,1.0,0.0707543512239724,0.060269052290342344,0.8518070090072776,320,-2.404271198949014e-07,0.4267132563719692,-0.6254289772092714,0.0,2024-12-11,1
brent,brlusd,1.0,1.0,0.05894661080614945,0.054885161806259346,0.9310995332158027,320,-2.702959233497225e-07,0.4797386119467998,-1.1740831482316112,0.0,2024-12-11,1
brent,vix,1.0,1.0,0.07774983776296997,0.057088711393008,0.7342614857544787,320,-0.01208064538199026,0.44133766612143915,-1.6063007635930242,0.0,2024-12-11,1
brent,wti,1.0,1.0,0.10024611839145427,0.08344215769382785,0.8323729540129614,320,-0.026586595334014227,0.4321766751258731,-1.7125354643408937,0.0,2024-12-11,1
pw_panama_canal_n_total_z,henry_hub,1.0,1.0,0.30164422894989673,0.24411062227840946,0.8092666752757811,320,-0.00012924449017368749,0.5066988168479964,-0.9477411556667142,0.0,2024-12-11,1
audusd,wti,0.8692794175540206,1.0,0.06448607194750594,0.0496559470841334,0.7700259231878038,320,-0.02207333048859636,0.47141754777442285,-1.4025850212915565,0.0,2024-12-11,1
us10y,eurusd,0.7546007197391444,0.9158390659489278,0.06280969560305139,0.041127189635714476,0.6547904625367498,300,-8.020490592338167e-08,0.47342468080163946,-0.5115521853486394,0.0,2024-12-11,1
pw_bab_el_mandeb_strait_n_total_z,henry_hub,0.7136390154535034,1.0,0.05060186971636788,0.04776423318863993,0.9439222988471891,200,-3.0022857267389273e-05,0.5204348386330875,-0.4569495873202382,0.0,2024-12-11,1
us10y,krwusd,0.6910928183302867,1.0,0.052207270373660145,0.032314710695582866,0.6189695508747846,240,-2.1877647340652718e-07,0.4319774877759927,-0.9936921796839675,0.0,2024-12-11,1
us2y,wti,0.652433614857868,1.0,0.058207185600792556,0.04692726222819063,0.8062108096075283,280,-0.014120907735312301,0.4591868888635628,-0.6878765053746133,0.0,2024-12-11,1
us10y,us2y,0.652433614857868,1.0,0.05674368159768267,0.0390519327200051,0.6882164078969442,280,-1.810325809435363e-05,0.5089496683753806,-0.4390335674873198,0.0,2024-12-11,1
pw_cape_of_good_hope_capacity_z,brent,0.652433614857868,1.0,0.05872447989887187,0.04998141508747794,0.8511172031416853,280,-1.1065877589067676e-05,0.38045969143121977,-2.2017092901248083,0.0,2024-12-11,1
henry_hub,krwusd,0.5780184972554461,1.0,0.050460107658226894,0.040255359019329945,0.7977660153241233,160,-1.6762534007269402e-07,0.46811334546110467,-0.6405786902307206,0.0,2024-12-11,1
sp500,wti,0.5438991446458766,1.0,0.050866923697252764,0.046481032273844716,0.9137771442693925,240,-0.00393678443205044,0.5202623829233483,-0.2842338212415525,0.0,2024-12-11,1
pw_cape_of_good_hope_n_total_z,henry_hub,0.5344203099559274,0.5780229080275567,0.06309236472734353,0.05734841705385916,0.9089597022031572,200,-0.00017527840783713455,0.5058673907002108,-0.823271038675631,0.0,2024-12-11,1
eurusd,us2y,0.5258182641145233,1.0,0.052584642915785275,0.029348651889683414,0.5581221106071884,240,-1.8797093511585322e-05,0.47318396913689387,-0.7293238725407806,0.0,2024-12-11,1
brlusd,brent,0.48024140126671083,1.0,0.05078825280596911,0.04622764381880799,0.9102034676289334,240,-3.167976941535467e-06,0.43887301972187354,-1.4905855150022052,0.0,2024-12-11,1
vix,audusd,0.48024140126671083,1.0,0.05126156750588867,0.04044403834994185,0.7889738905330166,240,-8.076285656512389e-07,0.5008374415202018,-1.1648399175729947,0.0,2024-12-11,1
pw_malacca_strait_capacity_z,us2y,0.40507990091841295,1.0,0.04613656512681423,0.05048917476313161,1.0943418658140998,60,-3.192147136524079e-05,0.40024725517811766,-0.9991014474034701,0.0,2024-12-11,1
us10y,sp500,0.35570197296029343,1.0,0.04873626470080891,0.0437920264699417,0.898551145410511,160,-1.2885632983144753e-06,0.5106106426540943,-1.4287681847758522,0.0,2024-12-11,1
krwusd,us2y,0.3446208830686535,1.0,0.04857577377717866,0.03871082198130835,0.7969162191605695,200,-8.480960205791365e-06,0.5325201950507705,-0.15635574678328334,0.0,2024-12-11,1
henry_hub,cnyusd,0.27031909991539343,1.0,0.04891438500893186,0.04697669559498791,0.9603861029104195,140,-5.873776065020765e-08,0.5946189537236499,-0.459094814034545,0.0,2024-12-11,1
henry_hub,brlusd,0.15564040210051724,0.5799114645855681,0.011784842515936674,0.0006275268544754565,0.0532486415178523,120,-2.306199469798468e-06,0.5154017189945581,-1.4854727841034776,0.0,2024-12-11,1
eurusd,audusd,0.1494903971984732,0.8744413346659731,0.03687554083430801,0.05216273216640192,1.414561820280372,20,-1.071238815296082e-06,0.24540498886382672,-1.3774437254876333,0.0,2024-12-11,1
pw_strait_of_hormuz_capacity_z,brent,0.1291077926886993,1.0,0.04359627756596524,0.035576274173294266,0.8160392620554366,60,-5.185965165730862e-06,0.40217967225309986,-0.6948023036075383,0.0,2024-12-11,1
us10y,cnyusd,0.12074930755454918,1.0,0.031904520990765926,0.0,0.0,100,3.6378295990629895e-08,0.4779682352700417,0.32998822660226407,0.0,2024-12-11,1
pw_malacca_strait_n_total_z,henry_hub,0.1021671048812765,1.0,0.03261751228510135,0.0312365399294144,0.9576616284032878,20,-3.062691899390057e-05,0.3500464416515344,-0.7627869741194293,0.0,2024-12-11,1
audusd,sp500,0.06350790140885781,1.0,0.03760910404270761,0.030216320136667533,0.8034310017690108,60,-1.6194545141643414e-06,0.4527991300545024,-1.270206589273591,0.0,2024-12-11,1
us2y,us10y,0.06350790140885781,1.0,0.02552221234044694,0.015130521555761285,0.592837382352737,60,-1.6465517229522662e-05,0.4995511033149797,-0.36150803986969976,0.0,2024-12-11,1
pw_cape_of_good_hope_n_total_z,brlusd,0.049261468776245355,1.0,0.03417797559876946,0.030479565727535705,0.8917896743022161,40,-1.71712192105884e-06,0.3329583948482482,-1.3696789788072141,0.0,2024-12-11,1
krwusd,vix,0.04551956687443372,1.0,0.03621205950933247,0.024474946943850103,0.6758783475859055,40,-0.050968838983727706,0.2993842190935325,-2.0392539999192283,0.0,2024-12-11,1
cnyusd,wti,0.030491654023751504,1.0,0.02659750115602083,0.018344333108070168,0.6897013745938909,20,-0.026350855717256132,0.44326190323666975,-1.2536483129621632,0.0,2024-12-11,1
audusd,vix,0.01876981475249385,1.0,0.036987168465180936,0.030967622594389715,0.8372531307321371,20,-0.11408765609220187,0.35232384763291386,-1.8520756717413658,0.0,2024-12-11,1
brlusd,cnyusd,0.01876981475249385,1.0,0.030806418029887983,0.025633718055349537,0.832090184275239,20,-2.707672353711889e-09,0.5031297473171651,-0.026983473890779777,0.0,2024-12-11,1
pw_bab_el_mandeb_strait_capacity_z,cnyusd,0.01876981475249385,1.0,0.022759050751322056,0.010327993754632163,0.45379721094177083,20,-8.052518251198799e-07,0.29832181352035564,-2.255604270227381,0.0,2024-12-11,1
pw_bab_el_mandeb_strait_n_total_z,cnyusd,0.01876981475249385,1.0,0.02086793959309718,0.01959687335708956,0.9390899983039978,20,-6.296462030138998e-07,0.25071531608863584,-2.720653290233656,0.0,2024-12-11,1
audusd,brlusd,0.0,,0.0033238409947051527,0.0,0.0,0,,,,0.0,2024-12-11,1
audusd,cnyusd,0.0,,0.0005918989681319982,0.0029836933027890533,5.040882757754134,0,,,,0.0,2024-12-11,1
audusd,krwusd,0.0,,0.007826586995613494,0.007095617021736007,0.9066042485329597,0,,,,0.0,2024-12-11,1
audusd,us10y,0.0,,0.0003322407180604042,0.002541609835602619,7.649904714992016,0,,,,0.0,2024-12-11,1
audusd,brent,0.0,,0.002976714841738903,0.0,0.0,0,,,,0.0,2024-12-11,1
audusd,henry_hub,0.0,,0.010811356472834956,0.022620470963922813,2.0922879585702225,0,,,,0.0,2024-12-11,1
brlusd,krwusd,0.0,,0.010876163214510456,0.016315632231074642,1.5001275642229337,0,,,,0.0,2024-12-11,1
brlusd,eurusd,0.0,,0.016912292770000004,0.00926540190810162,0.5478501368269311,0,,,,0.0,2024-12-11,1
brlusd,sp500,0.0,,0.0004764174672303601,0.0,0.0,0,,,,0.0,2024-12-11,1
brlusd,vix,0.0,,0.0008068743712087295,0.0,0.0,0,,,,0.0,2024-12-11,1
brlusd,us10y,0.0,,0.028293865108476857,0.031581697878771034,1.1162030269702934,0,,,,0.0,2024-12-11,1
brlusd,henry_hub,0.0,,0.010465408300766536,0.008753130601912039,0.8363869187283327,0,,,,0.0,2024-12-11,1
cnyusd,audusd,0.0,,0.0148660694640988,0.006338543898619842,0.42637658285717506,0,,,,0.0,2024-12-11,1
cnyusd,brlusd,0.0,,0.020182437596926995,0.020221993773101653,1.0019599305576785,0,,,,0.0,2024-12-11,1
cnyusd,krwusd,0.0,,0.006587691914524034,0.0010461887767820607,0.15880960894292956,0,,,,0.0,2024-12-11,1
cnyusd,eurusd,0.0,,0.010409423810206318,0.007282314957798273,0.6995886698991013,0,,,,0.0,2024-12-11,1
cnyusd,sp500,0.0,,0.008926015307036515,0.0011083925970578523,0.12417552053536021,0,,,,0.0,2024-12-11,1
cnyusd,vix,0.0,,0.012770086891170283,0.026374563237266294,2.0653393717706536,0,,,,0.0,2024-12-11,1
cnyusd,brent,0.0,,0.0,0.0,0.0,0,,,,0.0,2024-12-11,1
cnyusd,henry_hub,0.0,,0.009078376510461924,0.0009016827075956757,0.09932202157032993,0,,,,0.0,2024-12-11,1
krwusd,audusd,0.0,,0.019357091214763252,0.008774132734034532,0.45327743908871404,0,,,,0.0,2024-12-11,1
krwusd,brlusd,0.0,,7.180753802986105e-06,0.0,0.0,0,,,,0.0,2024-12-11,1
krwusd,cnyusd,0.0,,0.03379783416180459,0.04837552228832859,1.4313201862798193,0,,,,0.0,2024-12-11,1
krwusd,eurusd,0.0,,0.018424689431228,0.01607570201021718,0.8725087101316605,0,,,,0.0,2024-12-11,1
krwusd,sp500,0.0,,0.02894329813007805,0.0160057594610758,0.553003993848321,0,,,,0.0,2024-12-11,1
krwusd,us10y,0.0,,0.007914319142137334,0.0,0.0,0,,,,0.0,2024-12-11,1
krwusd,wti,0.0,,0.0004729148250223935,0.0,0.0,0,,,,0.0,2024-12-11,1
krwusd,brent,0.0,,0.0009209387946846322,0.0,0.0,0,,,,0.0,2024-12-11,1
krwusd,henry_hub,0.0,,0.004231204608908086,0.0,0.0,0,,,,0.0,2024-12-11,1
eurusd,brlusd,0.0,,0.01340094621840931,0.009693078231009528,0.7233129715641896,0,,,,0.0,2024-12-11,1
eurusd,cnyusd,0.0,,0.003533428474529674,0.0,0.0,0,,,,0.0,2024-12-11,1
eurusd,vix,0.0,,0.03863264895594174,0.03776146589903002,0.9774495645404679,0,,,,0.0,2024-12-11,1
eurusd,us10y,0.0,,0.026075909413088124,0.014418075207278811,0.552927032337443,0,,,,0.0,2024-12-11,1
eurusd,brent,0.0,,0.029287252797052223,0.0278213725304357,0.9499481813205756,0,,,,0.0,2024-12-11,1
eurusd,henry_hub,0.0,,0.0185898544387633,0.005865147185126512,0.3155025879544592,0,,,,0.0,2024-12-11,1
sp500,us2y,0.0,,0.00433014223495754,0.0,0.0,0,,,,0.0,2024-12-11,1
sp500,us10y,0.0,,0.006446068347408509,0.01649465318566435,2.5588703527004393,0,,,,0.0,2024-12-11,1
sp500,brent,0.0,,0.021324701072688856,0.02431985972278113,1.1404548950010023,0,,,,0.0,2024-12-11,1
sp500,henry_hub,0.0,,0.0004921521543126046,0.0,0.0,0,,,,0.0,2024-12-11,1
vix,cnyusd,0.0,,0.0,0.0,0.0,0,,,,0.0,2024-12-11,1
vix,krwusd,0.0,,0.0,0.0,0.0,0,,,,0.0,2024-12-11,1
vix,eurusd,0.0,,0.004520743394644514,0.006881660546012784,1.522240911564484,0,,,,0.0,2024-12-11,1
vix,sp500,0.0,,0.01366304715004985,0.010547655611896163,0.7719841332654466,0,,,,0.0,2024-12-11,1
vix,us2y,0.0,,0.003105536988509154,0.0,0.0,0,,,,0.0,2024-12-11,1
vix,us10y,0.0,,0.0009377565505061088,0.0,0.0,0,,,,0.0,2024-12-11,1
vix,wti,0.0,,8.344016861524922e-05,0.0,0.0,0,,,,0.0,2024-12-11,1
vix,brent,0.0,,0.0002537767258917267,0.0,0.0,0,,,,0.0,2024-12-11,1
vix,henry_hub,0.0,,0.02757072640842538,0.027901118313594684,1.01198343127689,0,,,,0.0,2024-12-11,1
us2y,audusd,0.0,,0.03351847973435901,0.041007823640058394,1.2234392479925704,0,,,,0.0,2024-12-11,1
us2y,brlusd,0.0,,0.0024272403439055427,0.008867297438434327,3.653242440823323,0,,,,0.0,2024-12-11,1
us2y,sp500,0.0,,0.02108383115061885,0.010179927412246222,0.48283100635376797,0,,,,0.0,2024-12-11,1
us2y,vix,0.0,,0.0019118497550778284,0.0,0.0,0,,,,0.0,2024-12-11,1
us2y,brent,0.0,,0.007986031651413445,0.0,0.0,0,,,,0.0,2024-12-11,1
us2y,henry_hub,0.0,,0.014719326523289996,0.022267737627191763,1.5128231303217656,0,,,,0.0,2024-12-11,1
us10y,audusd,0.0,,0.014073944939586903,0.0,0.0,0,,,,0.0,2024-12-11,1
us10y,brlusd,0.0,,0.011796994792447786,0.00938364321950634,0.7954265797856902,0,,,,0.0,2024-12-11,1
us10y,vix,0.0,,0.02889725525383253,0.022327446652002602,0.7726493902579692,0,,,,0.0,2024-12-11,1
us10y,wti,0.0,,0.0034852241820950676,0.0033533617822850462,0.9621653033146479,0,,,,0.0,2024-12-11,1
us10y,brent,0.0,,0.011520343460150243,0.018927375073996593,1.642952325116681,0,,,,0.0,2024-12-11,1
us10y,henry_hub,0.0,,0.0,0.0,0.0,0,,,,0.0,2024-12-11,1
wti,audusd,0.0,,0.02591763478807826,0.021772428833211947,0.8400623363682458,0,,,,0.0,2024-12-11,1
wti,brlusd,0.0,,0.02183750732232115,0.01916823983782392,0.8777668419248178,0,,,,0.0,2024-12-11,1
wti,cnyusd,0.0,,0.013132029250617435,0.013250009815426872,1.0089841838270266,0,,,,0.0,2024-12-11,1
wti,krwusd,0.0,,0.0,0.0,0.0,0,,,,0.0,2024-12-11,1
wti,eurusd,0.0,,8.366410728270844e-05,0.0,0.0,0,,,,0.0,2024-12-11,1
wti,vix,0.0,,0.03635777177817702,0.03052245531630645,0.839502912954278,0,,,,0.0,2024-12-11,1
wti,us2y,0.0,,0.0021583621427270993,0.00271297743029008,1.2569611820851445,0,,,,0.0,2024-12-11,1
wti,us10y,0.0,,0.01721148541743056,0.01634364912658101,0.9495780712819437,0,,,,0.0,2024-12-11,1
wti,henry_hub,0.0,,0.00023427325369306258,0.0,0.0,0,,,,0.0,2024-12-11,1
brent,audusd,0.0,,0.01344833777620914,0.01680137169599745,1.2493270153966547,0,,,,0.0,2024-12-11,1
brent,cnyusd,0.0,,0.012875588568613067,0.016215211661529477,1.259376344243978,0,,,,0.0,2024-12-11,1
brent,krwusd,0.0,,0.01437939353332415,0.006773162305586677,0.47103254319383625,0,,,,0.0,2024-12-11,1
brent,eurusd,0.0,,0.012025877574147366,0.010928315450301082,0.9087333030725534,0,,,,0.0,2024-12-11,1
brent,sp500,0.0,,0.02531669239445565,0.01721742394307247,0.6800818872706721,0,,,,0.0,2024-12-11,1
brent,us2y,0.0,,0.0,0.0,0.0,0,,,,0.0,2024-12-11,1
brent,henry_hub,0.0,,0.00014425113720838774,0.0,0.0,0,,,,0.0,2024-12-11,1
henry_hub,audusd,0.0,,0.0034908129350556326,0.0,0.0,0,,,,0.0,2024-12-11,1
henry_hub,eurusd,0.0,,0.0,0.0,0.0,0,,,,0.0,2024-12-11,1
henry_hub,sp500,0.0,,0.000312337317229574,0.0,0.0,0,,,,0.0,2024-12-11,1
henry_hub,vix,0.0,,0.017670067119197396,0.006679336772681827,0.37800290896604205,0,,,,0.0,2024-12-11,1
henry_hub,us2y,0.0,,0.02050356664683369,0.022582183978270904,1.10137832930439,0,,,,0.0,2024-12-11,1
henry_hub,us10y,0.0,,3.272279649005258e-05,0.0,0.0,0,,,,0.0,2024-12-11,1
henry_hub,wti,0.0,,0.0019220317950519772,0.0,0.0,0,,,,0.0,2024-12-11,1
henry_hub,brent,0.0,,0.0039241757338728984,0.0,0.0,0,,,,0.0,2024-12-11,1
pw_bab_el_mandeb_strait_capacity_z,audusd,0.0,,0.004387381467335431,0.0,0.0,0,,,,0.0,2024-12-11,1
pw_bab_el_mandeb_strait_capacity_z,brlusd,0.0,,0.001131039080159663,0.0,0.0,0,,,,0.0,2024-12-11,1
pw_bab_el_mandeb_strait_capacity_z,krwusd,0.0,,4.148494479662995e-05,0.0,0.0,0,,,,0.0,2024-12-11,1
pw_bab_el_mandeb_strait_capacity_z,eurusd,0.0,,0.0035737518032556656,0.0,0.0,0,,,,0.0,2024-12-11,1
pw_bab_el_mandeb_strait_capacity_z,sp500,0.0,,0.0020324355056384157,0.0,0.0,0,,,,0.0,2024-12-11,1
pw_bab_el_mandeb_strait_capacity_z,vix,0.0,,0.0001219517742618348,0.0,0.0,0,,,,0.0,2024-12-11,1
pw_bab_el_mandeb_strait_capacity_z,us2y,0.0,,0.00027391470910024623,0.0,0.0,0,,,,0.0,2024-12-11,1
pw_bab_el_mandeb_strait_capacity_z,us10y,0.0,,0.0,0.0,0.0,0,,,,0.0,2024-12-11,1
pw_bab_el_mandeb_strait_capacity_z,wti,0.0,,0.0,0.0,0.0,0,,,,0.0,2024-12-11,1
pw_bab_el_mandeb_strait_capacity_z,brent,0.0,,0.0,0.0,0.0,0,,,,0.0,2024-12-11,1
pw_bab_el_mandeb_strait_capacity_z,henry_hub,0.0,,0.034684547251397316,0.025799340023414337,0.7438280752641214,0,,,,0.0,2024-12-11,1
pw_bab_el_mandeb_strait_n_total_z,audusd,0.0,,0.0020891027480758966,0.0,0.0,0,,,,0.0,2024-12-11,1
pw_bab_el_mandeb_strait_n_total_z,brlusd,0.0,,0.007322805605377765,0.0,0.0,0,,,,0.0,2024-12-11,1
pw_bab_el_mandeb_strait_n_total_z,krwusd,0.0,,0.00010497073849393146,0.0,0.0,0,,,,0.0,2024-12-11,1
pw_bab_el_mandeb_strait_n_total_z,eurusd,0.0,,0.0005356789242975717,0.0,0.0,0,,,,0.0,2024-12-11,1
pw_bab_el_mandeb_strait_n_total_z,sp500,0.0,,0.005619693175622128,0.004635073645965832,0.8247912298971208,0,,,,0.0,2024-12-11,1
pw_bab_el_mandeb_strait_n_total_z,vix,0.0,,0.0,0.0,0.0,0,,,,0.0,2024-12-11,1
pw_bab_el_mandeb_strait_n_total_z,us2y,0.0,,0.0,0.0,0.0,0,,,,0.0,2024-12-11,1
pw_bab_el_mandeb_strait_n_total_z,us10y,0.0,,0.006781624632659512,0.0040797858347512705,0.6015941689110156,0,,,,0.0,2024-12-11,1
pw_bab_el_mandeb_strait_n_total_z,wti,0.0,,0.0,0.0,0.0,0,,,,0.0,2024-12-11,1
pw_bab_el_mandeb_strait_n_total_z,brent,0.0,,0.002241417950703753,0.0,0.0,0,,,,0.0,2024-12-11,1
pw_cape_of_good_hope_capacity_z,audusd,0.0,,0.00013789752085153218,0.0,0.0,0,,,,0.0,2024-12-11,1
pw_cape_of_good_hope_capacity_z,brlusd,0.0,,0.0005363206304191864,0.0,0.0,0,,,,0.0,2024-12-11,1
pw_cape_of_good_hope_capacity_z,cnyusd,0.0,,0.013062905083056407,0.009177937652268372,0.7025954482493226,0,,,,0.0,2024-12-11,1
pw_cape_of_good_hope_capacity_z,krwusd,0.0,,2.054435513104863e-05,0.0,0.0,0,,,,0.0,2024-12-11,1
pw_cape_of_good_hope_capacity_z,eurusd,0.0,,0.0018364917066647072,0.0,0.0,0,,,,0.0,2024-12-11,1
pw_cape_of_good_hope_capacity_z,sp500,0.0,,0.018124693013041763,0.014676532799499585,0.809753455627578,0,,,,0.0,2024-12-11,1
pw_cape_of_good_hope_capacity_z,vix,0.0,,0.017582302552503693,0.014722640672858852,0.8373556665228907,0,,,,0.0,2024-12-11,1
pw_cape_of_good_hope_capacity_z,us2y,0.0,,0.0,0.0,0.0,0,,,,0.0,2024-12-11,1
pw_cape_of_good_hope_capacity_z,us10y,0.0,,0.0031147265408021014,0.0006712291065114491,0.21550177767406664,0,,,,0.0,2024-12-11,1
pw_cape_of_good_hope_capacity_z,wti,0.0,,0.010933472145369539,0.003865163915614481,0.3535166015172432,0,,,,0.0,2024-12-11,1
pw_cape_of_good_hope_n_total_z,audusd,0.0,,0.0006274741232818098,0.0,0.0,0,,,,0.0,2024-12-11,1
pw_cape_of_good_hope_n_total_z,cnyusd,0.0,,0.0001243728643326593,0.0,0.0,0,,,,0.0,2024-12-11,1
pw_cape_of_good_hope_n_total_z,krwusd,0.0,,3.785872938990093e-06,0.0,0.0,0,,,,0.0,2024-12-11,1
pw_cape_of_good_hope_n_total_z,eurusd,0.0,,0.006272763964116307,0.002656186649520651,0.42344756868192607,0,,,,0.0,2024-12-11,1
pw_cape_of_good_hope_n_total_z,sp500,0.0,,1.0788872646670959e-05,0.0,0.0,0,,,,0.0,2024-12-11,1
pw_cape_of_good_hope_n_total_z,vix,0.0,,0.0,0.0,0.0,0,,,,0.0,2024-12-11,1
pw_cape_of_good_hope_n_total_z,us2y,0.0,,0.00021138784948715147,0.0,0.0,0,,,,0.0,2024-12-11,1
pw_cape_of_good_hope_n_total_z,us10y,0.0,,0.024679408257546758,0.026479107713566635,1.0729231202482152,0,,,,0.0,2024-12-11,1
pw_cape_of_good_hope_n_total_z,wti,0.0,,0.0009213986711450161,0.0,0.0,0,,,,0.0,2024-12-11,1
pw_cape_of_good_hope_n_total_z,brent,0.0,,0.0008297208801800205,0.0008306255774060306,1.0010903633349735,0,,,,0.0,2024-12-11,1
pw_malacca_strait_capacity_z,audusd,0.0,,0.0,0.0,0.0,0,,,,0.0,2024-12-11,1
pw_malacca_strait_capacity_z,brlusd,0.0,,0.002246664307028447,0.00895801047827597,3.9872492077484827,0,,,,0.0,2024-12-11,1
pw_malacca_strait_capacity_z,cnyusd,0.0,,0.00079979459276023,0.0,0.0,0,,,,0.0,2024-12-11,1
pw_malacca_strait_capacity_z,krwusd,0.0,,0.005929454012460892,0.006992347015731217,1.1792564713440106,0,,,,0.0,2024-12-11,1
pw_malacca_strait_capacity_z,eurusd,0.0,,0.0002392368817921778,0.0,0.0,0,,,,0.0,2024-12-11,1
pw_malacca_strait_capacity_z,sp500,0.0,,0.0,0.0,0.0,0,,,,0.0,2024-12-11,1
pw_malacca_strait_capacity_z,vix,0.0,,0.0,0.0,0.0,0,,,,0.0,2024-12-11,1
pw_malacca_strait_capacity_z,us10y,0.0,,0.0,0.0,0.0,0,,,,0.0,2024-12-11,1
pw_malacca_strait_capacity_z,wti,0.0,,0.0,0.0,0.0,0,,,,0.0,2024-12-11,1
pw_malacca_strait_capacity_z,brent,0.0,,0.0,0.0,0.0,0,,,,0.0,2024-12-11,1
pw_malacca_strait_capacity_z,henry_hub,0.0,,0.0,0.0,0.0,0,,,,0.0,2024-12-11,1
pw_malacca_strait_n_total_z,audusd,0.0,,0.006048721943546973,0.0,0.0,0,,,,0.0,2024-12-11,1
pw_malacca_strait_n_total_z,brlusd,0.0,,0.0015490823421576323,0.0,0.0,0,,,,0.0,2024-12-11,1
pw_malacca_strait_n_total_z,cnyusd,0.0,,0.0204585608355516,0.008966804512994775,0.4382910696930757,0,,,,0.0,2024-12-11,1
pw_malacca_strait_n_total_z,krwusd,0.0,,0.0,0.0,0.0,0,,,,0.0,2024-12-11,1
pw_malacca_strait_n_total_z,eurusd,0.0,,0.023906274798204633,0.024068787629383685,1.0067979152984243,0,,,,0.0,2024-12-11,1
pw_malacca_strait_n_total_z,sp500,0.0,,0.0061719591102701145,0.010784432235319745,1.7473272331591592,0,,,,0.0,2024-12-11,1
pw_malacca_strait_n_total_z,vix,0.0,,0.0,0.0,0.0,0,,,,0.0,2024-12-11,1
pw_malacca_strait_n_total_z,us2y,0.0,,0.0005727359413271113,0.0,0.0,0,,,,0.0,2024-12-11,1
pw_malacca_strait_n_total_z,us10y,0.0,,0.006144101876288221,0.018033571568199465,2.9351029542325753,0,,,,0.0,2024-12-11,1
pw_malacca_strait_n_total_z,wti,0.0,,0.0,0.0,0.0,0,,,,0.0,2024-12-11,1
pw_malacca_strait_n_total_z,brent,0.0,,0.006029335009424059,0.0,0.0,0,,,,0.0,2024-12-11,1
pw_panama_canal_capacity_z,audusd,0.0,,3.455365225670139e-05,0.0,0.0,0,,,,0.0,2024-12-11,1
pw_panama_canal_capacity_z,brlusd,0.0,,0.0,0.0,0.0,0,,,,0.0,2024-12-11,1
pw_panama_canal_capacity_z,cnyusd,0.0,,0.0034304989516501265,0.0,0.0,0,,,,0.0,2024-12-11,1
pw_panama_canal_capacity_z,krwusd,0.0,,0.005973652785437957,0.00271509959173597,0.45451245481736063,0,,,,0.0,2024-12-11,1
pw_panama_canal_capacity_z,eurusd,0.0,,0.0,0.0,0.0,0,,,,0.0,2024-12-11,1
pw_panama_canal_capacity_z,sp500,0.0,,0.013400719085969516,0.01237999151024309,0.9238303878188804,0,,,,0.0,2024-12-11,1
pw_panama_canal_capacity_z,vix,0.0,,0.020140941442099273,0.013080464824297044,0.6494465445868293,0,,,,0.0,2024-12-11,1
pw_panama_canal_capacity_z,us2y,0.0,,0.0,0.0,0.0,0,,,,0.0,2024-12-11,1
pw_panama_canal_capacity_z,us10y,0.0,,0.0,0.0,0.0,0,,,,0.0,2024-12-11,1
pw_panama_canal_capacity_z,wti,0.0,,0.0,0.0,0.0,0,,,,0.0,2024-12-11,1
pw_panama_canal_capacity_z,brent,0.0,,0.00011450927391662756,0.0,0.0,0,,,,0.0,2024-12-11,1
pw_panama_canal_capacity_z,henry_hub,0.0,,0.006821068608637081,0.0,0.0,0,,,,0.0,2024-12-11,1
pw_panama_canal_n_total_z,audusd,0.0,,0.0032651280532970976,0.004715456671639127,1.444187362537742,0,,,,0.0,2024-12-11,1
pw_panama_canal_n_total_z,brlusd,0.0,,0.0,0.0,0.0,0,,,,0.0,2024-12-11,1
pw_panama_canal_n_total_z,cnyusd,0.0,,4.592044989538465e-05,0.0,0.0,0,,,,0.0,2024-12-11,1
pw_panama_canal_n_total_z,krwusd,0.0,,0.0,0.0,0.0,0,,,,0.0,2024-12-11,1
pw_panama_canal_n_total_z,eurusd,0.0,,7.106283412530815e-05,0.0,0.0,0,,,,0.0,2024-12-11,1
pw_panama_canal_n_total_z,sp500,0.0,,0.001307347548242651,0.0,0.0,0,,,,0.0,2024-12-11,1
pw_panama_canal_n_total_z,vix,0.0,,0.0,0.0,0.0,0,,,,0.0,2024-12-11,1
pw_panama_canal_n_total_z,us2y,0.0,,0.001478963163840752,0.0,0.0,0,,,,0.0,2024-12-11,1
pw_panama_canal_n_total_z,us10y,0.0,,0.001571505056814974,0.0,0.0,0,,,,0.0,2024-12-11,1
pw_panama_canal_n_total_z,wti,0.0,,0.0,0.0,0.0,0,,,,0.0,2024-12-11,1
pw_panama_canal_n_total_z,brent,0.0,,0.00013934667604241177,0.0,0.0,0,,,,0.0,2024-12-11,1
pw_strait_of_hormuz_capacity_z,audusd,0.0,,0.013435668200223232,0.005965428540559662,0.44399939412470363,0,,,,0.0,2024-12-11,1
pw_strait_of_hormuz_capacity_z,brlusd,0.0,,0.0,0.0,0.0,0,,,,0.0,2024-12-11,1
pw_strait_of_hormuz_capacity_z,cnyusd,0.0,,0.0,0.0,0.0,0,,,,0.0,2024-12-11,1
pw_strait_of_hormuz_capacity_z,krwusd,0.0,,0.0,0.0,0.0,0,,,,0.0,2024-12-11,1
pw_strait_of_hormuz_capacity_z,eurusd,0.0,,3.518297198531026e-05,0.000269146383277857,7.649904714992016,0,,,,0.0,2024-12-11,1
pw_strait_of_hormuz_capacity_z,sp500,0.0,,0.0,0.0,0.0,0,,,,0.0,2024-12-11,1
pw_strait_of_hormuz_capacity_z,vix,0.0,,0.009708970492330576,0.007772413768355118,0.8005394366472526,0,,,,0.0,2024-12-11,1
pw_strait_of_hormuz_capacity_z,us2y,0.0,,0.00045149562710523775,0.0,0.0,0,,,,0.0,2024-12-11,1
pw_strait_of_hormuz_capacity_z,us10y,0.0,,0.0015944582495426715,0.0,0.0,0,,,,0.0,2024-12-11,1
pw_strait_of_hormuz_capacity_z,wti,0.0,,0.013067553484810777,0.010552642982353937,0.807545421154765,0,,,,0.0,2024-12-11,1
pw_strait_of_hormuz_capacity_z,henry_hub,0.0,,0.0032351618417784758,0.008542090478067626,2.6403904644757294,0,,,,0.0,2024-12-11,1
pw_strait_of_hormuz_n_total_z,audusd,0.0,,0.0004014517021003796,0.0,0.0,0,,,,0.0,2024-12-11,1
pw_strait_of_hormuz_n_total_z,brlusd,0.0,,0.017176887669174523,0.012162816732192095,0.7080919993451066,0,,,,0.0,2024-12-11,1
pw_strait_of_hormuz_n_total_z,cnyusd,0.0,,0.0,0.0,0.0,0,,,,0.0,2024-12-11,1
pw_strait_of_hormuz_n_total_z,krwusd,0.0,,0.0009209668065859516,0.0,0.0,0,,,,0.0,2024-12-11,1
pw_strait_of_hormuz_n_total_z,eurusd,0.0,,0.0,0.0,0.0,0,,,,0.0,2024-12-11,1
pw_strait_of_hormuz_n_total_z,sp500,0.0,,0.0,0.0,0.0,0,,,,0.0,2024-12-11,1
pw_strait_of_hormuz_n_total_z,vix,0.0,,0.0,0.0,0.0,0,,,,0.0,2024-12-11,1
pw_strait_of_hormuz_n_total_z,us2y,0.0,,0.0,0.0,0.0,0,,,,0.0,2024-12-11,1
pw_strait_of_hormuz_n_total_z,us10y,0.0,,0.012486734354284879,0.00573028343569584,0.4589096935284338,0,,,,0.0,2024-12-11,1
pw_strait_of_hormuz_n_total_z,wti,0.0,,0.0,0.0,0.0,0,,,,0.0,2024-12-11,1
pw_strait_of_hormuz_n_total_z,brent,0.0,,0.0,0.0,0.0,0,,,,0.0,2024-12-11,1
pw_strait_of_hormuz_n_total_z,henry_hub,0.0,,0.00037919126725800416,0.0029007770632808036,7.649904714992016,0,,,,0.0,2024-12-11,1
pw_suez_canal_capacity_z,audusd,0.0,,0.0,0.0,0.0,0,,,,0.0,2024-12-11,1
pw_suez_canal_capacity_z,cnyusd,0.0,,0.0,0.0,0.0,0,,,,0.0,2024-12-11,1
pw_suez_canal_capacity_z,krwusd,0.0,,0.0,0.0,0.0,0,,,,0.0,2024-12-11,1
pw_suez_canal_capacity_z,eurusd,0.0,,0.0009063638313543614,0.0,0.0,0,,,,0.0,2024-12-11,1
pw_suez_canal_capacity_z,sp500,0.0,,0.0,0.0,0.0,0,,,,0.0,2024-12-11,1
pw_suez_canal_capacity_z,vix,0.0,,0.0,0.0,0.0,0,,,,0.0,2024-12-11,1
pw_suez_canal_capacity_z,us2y,0.0,,0.0,0.0,0.0,0,,,,0.0,2024-12-11,1
pw_suez_canal_capacity_z,us10y,0.0,,0.0023350120455714472,0.0,0.0,0,,,,0.0,2024-12-11,1
pw_suez_canal_capacity_z,wti,0.0,,7.302965511517967e-05,0.0,0.0,0,,,,0.0,2024-12-11,1
pw_suez_canal_capacity_z,brent,0.0,,0.0,0.0,0.0,0,,,,0.0,2024-12-11,1
pw_suez_canal_capacity_z,henry_hub,0.0,,0.0,0.0,0.0,0,,,,0.0,2024-12-11,1
pw_suez_canal_n_total_z,audusd,0.0,,9.331090425011027e-05,0.0,0.0,0,,,,0.0,2024-12-11,1
pw_suez_canal_n_total_z,brlusd,0.0,,0.0,0.0,0.0,0,,,,0.0,2024-12-11,1
pw_suez_canal_n_total_z,cnyusd,0.0,,0.0,0.0,0.0,0,,,,0.0,2024-12-11,1
pw_suez_canal_n_total_z,krwusd,0.0,,0.0,0.0,0.0,0,,,,0.0,2024-12-11,1
pw_suez_canal_n_total_z,eurusd,0.0,,0.0,0.0,0.0,0,,,,0.0,2024-12-11,1
pw_suez_canal_n_total_z,sp500,0.0,,0.0,0.0,0.0,0,,,,0.0,2024-12-11,1
pw_suez_canal_n_total_z,vix,0.0,,0.003840759875425579,0.004903131737231284,1.2766046033242284,0,,,,0.0,2024-12-11,1
pw_suez_canal_n_total_z,us2y,0.0,,0.0,0.0,0.0,0,,,,0.0,2024-12-11,1
pw_suez_canal_n_total_z,us10y,0.0,,0.0,0.0,0.0,0,,,,0.0,2024-12-11,1
pw_suez_canal_n_total_z,wti,0.0,,0.0023971969168532256,0.0019318769849394441,0.8058899839882149,0,,,,0.0,2024-12-11,1
pw_suez_canal_n_total_z,brent,0.0,,0.012487116930711492,0.016679349969689203,1.3357246562388718,0,,,,0.0,2024-12-11,1
brlusd,us2y,1.0,1.0,0.06127049750171024,0.06410875269999848,1.0463233581253197,340,4.343536664145144e-05,0.5132430335303704,1.883340185620576,0.735988632374474,2025-01-17,1
sp500,krwusd,1.0,1.0,0.2196776023762759,0.22205990693294658,1.01084454915249,340,1.1567331343560992e-06,0.5266897110306388,1.575052288056546,0.6570053191063091,2025-01-17,1
sp500,vix,1.0,1.0,0.05853986026975359,0.06068812075050341,1.0366973967968247,340,0.029261552399294045,0.5105987260001744,1.3419947984049168,0.5856355878225026,2025-01-17,1
wti,brent,1.0,1.0,0.39602169524639314,0.3852738239526754,0.972860397744041,340,1.6256880849079208e-05,0.5528009408436029,1.2102544974513254,0.5260138967009265,2025-01-17,1
audusd,eurusd,0.9836888875308998,0.8877285520315252,0.06298071440392458,0.060852226669809835,0.96620413480127,320,9.224443413157836e-08,0.4802813874092257,1.0539512770536807,0.4075803068721293,2025-01-17,1
eurusd,wti,1.0,1.0,0.08753122706354415,0.0766835236991863,0.8760704753232483,340,0.02565941707157008,0.5806865848677303,0.9936197240099047,0.402646007163975,2025-01-17,1
us2y,eurusd,1.0,0.9836888875308998,0.09388418720347777,0.09931316607658232,1.0578263393955596,340,7.542408908899155e-08,0.47051930430531397,0.468382086309675,0.2262499127831661,2025-01-17,1
sp500,eurusd,1.0,1.0,0.15179232979008067,0.13161034322774112,0.8670421187272771,340,1.5364159282775752e-07,0.5185407746331275,0.4487566352848798,0.19134504927928966,2025-01-17,1
eurusd,sp500,1.0,1.0,0.07960142253534351,0.07126960533045248,0.8953308001349894,340,2.3129455917968612e-07,0.46713037489866727,0.3109796713128332,0.13810364736958836,2025-01-17,1
wti,sp500,1.0,1.0,0.06955584418911731,0.06160490878202654,0.8856899014053693,340,1.1564487642873017e-07,0.46699750665327266,0.30419186906108336,0.13368060067077253,2025-01-17,1
sp500,audusd,1.0,1.0,0.19236609412100603,0.18243391368473594,0.9483683417202288,340,1.396695261753346e-07,0.5113666537843673,0.18220779148169183,0.08616180363819671,2025-01-17,1
pw_suez_canal_n_total_z,henry_hub,0.16928645292015682,1.0,0.03834182304590453,0.01655132808887396,0.43167817213745885,140,0.00011369156606820152,0.5622340909004842,0.7553141850767681,0.026356855084945438,2025-01-17,1
brlusd,wti,1.0,1.0,0.06747259918702087,0.06719698004555323,0.9959150952417933,340,0.0003412410390822118,0.48568510081894073,0.02862469374693424,0.014252909108728626,2025-01-17,1
pw_cape_of_good_hope_capacity_z,henry_hub,1.0,1.0,0.0640674788019365,0.05175005781906108,0.8077430045131866,340,1.559822042314472e-06,0.500419569353089,0.03183729283745795,0.012857089294758475,2025-01-17,1
pw_suez_canal_capacity_z,brlusd,0.08862095862800745,1.0,0.04015647677584605,0.040717642283173934,1.013974470680292,80,8.179476256627015e-08,0.5582242768890886,0.1305886472033107,0.005778236338061242,2025-01-17,1
brent,us10y,0.02649748038052546,1.0,0.04266466394824876,0.03954334956024441,0.9268407600305857,20,9.526109637754126e-06,0.39759815730182035,0.23458885524139267,0.002867489136663845,2025-01-17,1
audusd,us2y,0.039556851499291876,1.0,0.027694460577210412,0.006150958522601205,0.22210067986169005,40,5.5893682214857456e-05,0.552466845489316,0.6254922979652148,0.0026614519492228505,2025-01-17,1
brlusd,audusd,1.0,0.8647473010856317,0.06308040071462079,0.058185839291425484,0.9224075724353976,340,-8.546348426138431e-08,0.5006370544776241,-0.4396835431346295,0.0,2025-01-17,1
cnyusd,us2y,1.0,1.0,0.0845383151487306,0.05311042804045036,0.6282409100182764,340,-7.084841061897485e-05,0.4724178470787078,-2.0635617908696307,0.0,2025-01-17,1
cnyusd,us10y,1.0,1.0,0.06998583615109598,0.05463533092149598,0.780662687283481,340,-2.362131902517385e-05,0.5168999633549187,-1.1407945754750173,0.0,2025-01-17,1
eurusd,krwusd,1.0,1.0,0.19132161869810368,0.16799520328823064,0.8780774720149059,340,-1.021783323512429e-06,0.4710177970363961,-1.3126377077882867,0.0,2025-01-17,1
sp500,brlusd,1.0,1.0,0.07068060880286074,0.07813094061206433,1.105408427224838,340,-2.895533952123164e-08,0.5027123611302621,-0.08757403892379056,0.0,2025-01-17,1
sp500,cnyusd,1.0,1.0,0.09877925283449847,0.09990688429074099,1.0114156710431068,340,-3.6516081422327453e-09,0.44506828481450406,-0.07899645714619238,0.0,2025-01-17,1
us2y,cnyusd,1.0,1.0,0.1088354905573081,0.1195986247485599,1.0988936066363792,340,-2.1774154866787456e-08,0.46653947529500767,-0.36685827785180536,0.0,2025-01-17,1
us2y,krwusd,1.0,1.0,0.1675785351066405,0.1715460165381113,1.0236753557306493,340,-2.0263286586727155e-07,0.49688931507831113,-0.385513445064538,0.0,2025-01-17,1
brent,brlusd,1.0,1.0,0.05869378715484066,0.05701654666940289,0.9714238837406586,340,-2.876821292722806e-07,0.47501116277080385,-1.3432285880677004,0.0,2025-01-17,1
brent,wti,1.0,1.0,0.09806660111976172,0.08360761127498262,0.8525594883509691,340,-0.020730859003015186,0.4361716259442078,-1.450890681307285,0.0,2025-01-17,1
pw_panama_canal_n_total_z,henry_hub,1.0,1.0,0.2941518959219337,0.2444475101976153,0.8310247650502661,340,-0.00013654576889918536,0.4962665923196277,-1.090250023932004,0.0,2025-01-17,1
vix,brlusd,0.8690076425465547,1.0,0.09787475307509347,0.04908309524467307,0.5014888283499886,340,-2.5238603615043986e-06,0.5067047658241287,-1.1773294052443635,0.0,2025-01-17,1
brent,vix,0.8690076425465547,1.0,0.07407510341036777,0.049696793875213446,0.6708973944983753,340,-0.006792254329393671,0.45176454456657,-0.972794886042802,0.0,2025-01-17,1
audusd,wti,0.7554104573628616,1.0,0.06217010694796514,0.046805918352561364,0.7528685513077333,320,-0.022073330488596356,0.4714175477744228,-1.4025850212915563,0.0,2025-01-17,1
us10y,eurusd,0.6557537925244473,0.9158390659489275,0.059359541187661596,0.036471102402177144,0.6144101128894505,300,-8.020490592338169e-08,0.4734246808016396,-0.5115521853486394,0.0,2025-01-17,1
pw_bab_el_mandeb_strait_n_total_z,henry_hub,0.6201577584484932,1.0,0.04955663247804381,0.04262249398297403,0.8600764792050395,200,-3.0022857267389286e-05,0.5204348386330875,-0.45694958732023844,0.0,2025-01-17,1
us10y,krwusd,0.6005649408380568,1.0,0.04898016764225634,0.02757146112386698,0.562910713684051,240,-2.1877647340652726e-07,0.43197748777599276,-0.9936921796839675,0.0,2025-01-17,1
pw_cape_of_good_hope_n_total_z,henry_hub,0.5954076911372448,0.5491447193170027,0.06242572304143838,0.058003199993881406,0.9291554373407691,220,-0.00010735166187227862,0.4896282203097912,-0.6310680466924267,0.0,2025-01-17,1
us2y,wti,0.5669697975657626,1.0,0.056928079106402664,0.04844244421239149,0.8509411343714774,280,-0.014120907735312306,0.45918688886356285,-0.6878765053746136,0.0,2025-01-17,1
us10y,us2y,0.5669697975657626,1.0,0.054285550438687144,0.03797822682778018,0.6996010268086849,280,-1.8103258094353645e-05,0.5089496683753806,-0.43903356748732014,0.0,2025-01-17,1
pw_cape_of_good_hope_capacity_z,brent,0.5669697975657626,1.0,0.05730940609718882,0.047921759578444315,0.8361936171031967,280,-1.1065877589067675e-05,0.3804596914312197,-2.201709290124808,0.0,2025-01-17,1
henry_hub,krwusd,0.5023024916482575,1.0,0.049061403659635586,0.03978235495736105,0.8108686664032666,160,-1.6762534007269404e-07,0.46811334546110467,-0.6405786902307206,0.0,2025-01-17,1
sp500,wti,0.47265251347180076,1.0,0.050167952426959886,0.04553095384465051,0.9075705035189459,240,-0.0039367844320504445,0.5202623829233483,-0.28423382124155283,0.0,2025-01-17,1
eurusd,us2y,0.45694009010608344,1.0,0.048982956838426794,0.025089251983237783,0.5122037051784395,240,-1.8797093511585316e-05,0.47318396913689403,-0.7293238725407802,0.0,2025-01-17,1
brlusd,brent,0.4173334479680383,1.0,0.05007682238247047,0.04535716936469675,0.9057517471510762,240,-3.167976941535467e-06,0.43887301972187354,-1.490585515002205,0.0,2025-01-17,1
vix,audusd,0.4173334479680383,1.0,0.0501659505262472,0.042897591156880174,0.8551136917945138,240,-8.076285656512391e-07,0.5008374415202018,-1.164839917572995,0.0,2025-01-17,1
pw_malacca_strait_capacity_z,us2y,0.35201752974010203,1.0,0.04653811710758546,0.049202026261933866,1.0572414467948943,80,-2.4155480640170494e-05,0.46010796015330235,-0.8980063321281959,0.0,2025-01-17,1
us10y,sp500,0.3091077329713829,1.0,0.04838152995208597,0.04602820786742448,0.9513590808932236,160,-1.288563298314475e-06,0.5106106426540944,-1.4287681847758518,0.0,2025-01-17,1
krwusd,us2y,0.29947818116780245,1.0,0.04727248795535895,0.03862644660148528,0.8171020454426172,200,-8.480960205791367e-06,0.5325201950507705,-0.1563557467832834,0.0,2025-01-17,1
henry_hub,cnyusd,0.23490936375278254,1.0,0.048692217967339815,0.047218354447217635,0.9697310251689342,140,-5.8737760650207666e-08,0.5946189537236501,-0.4590948140345449,0.0,2025-01-17,1
henry_hub,brlusd,0.13525269891436828,0.579911464585568,0.01048299544463672,0.0018464988094144801,0.17614228863937745,120,-2.3061994697984684e-06,0.5154017189945582,-1.4854727841034774,0.0,2025-01-17,1
krwusd,cnyusd,0.1309923574534453,1.0,0.03593519329424133,0.05011450464539636,1.3945800773924677,0,,,,0.0,2025-01-17,1
eurusd,audusd,0.1299082976527933,0.8744413346659731,0.03855583385755153,0.04970295348577276,1.2891162896231323,40,-1.1484028522998001e-07,0.49939805504153034,-0.26818727287523536,0.0,2025-01-17,1
pw_strait_of_hormuz_capacity_z,brent,0.11219565855879587,1.0,0.042693420584848756,0.03670383743687327,0.8597071149154749,60,-5.185965165730866e-06,0.40217967225309986,-0.6948023036075388,0.0,2025-01-17,1
us10y,cnyusd,0.10493207109710766,1.0,0.027725272572762562,0.0,0.0,100,3.637829599062986e-08,0.47796823527004156,0.32998822660226385,0.0,2025-01-17,1
pw_malacca_strait_n_total_z,henry_hub,0.08878399495868469,1.0,0.03262765456336382,0.032694938773635766,1.002062183481233,20,-3.0626918993900585e-05,0.3500464416515346,-0.7627869741194291,0.0,2025-01-17,1
audusd,sp500,0.05518885168639054,1.0,0.036708509709078206,0.03073393703955268,0.8372428432296726,60,-1.6194545141643414e-06,0.4527991300545023,-1.2702065892735914,0.0,2025-01-17,1
us2y,us10y,0.05518885168639054,1.0,0.024354064135918684,0.016604530215797667,0.6817970964980917,60,-1.6465517229522642e-05,0.4995511033149796,-0.36150803986969937,0.0,2025-01-17,1
pw_cape_of_good_hope_n_total_z,brlusd,0.04280859284962568,1.0,0.033402854207755295,0.028260673199737164,0.8460556401547192,40,-1.7171219210588402e-06,0.33295839484824813,-1.3696789788072141,0.0,2025-01-17,1
krwusd,vix,0.039556851499291876,1.0,0.03415803365153853,0.020531558007373128,0.6010755249211588,40,-0.050968838983727706,0.2993842190935326,-2.039253999919229,0.0,2025-01-17,1
cnyusd,wti,0.02649748038052546,1.0,0.025655861498814676,0.019408992791776634,0.7565130016262891,20,-0.026350855717256125,0.44326190323666975,-1.2536483129621632,0.0,2025-01-17,1
audusd,vix,0.016311112469100223,1.0,0.03630780863429879,0.03180091299127981,0.8758697973647062,20,-0.11408765609220191,0.3523238476329138,-1.852075671741367,0.0,2025-01-17,1
brlusd,cnyusd,0.016311112469100223,1.0,0.030349374270191565,0.027317330814560566,0.9000953552242097,20,-2.7076723537118323e-09,0.5031297473171651,-0.02698347389077921,0.0,2025-01-17,1
pw_bab_el_mandeb_strait_capacity_z,cnyusd,0.016311112469100223,1.0,0.020621281062874364,0.006439246069530205,0.3122621746872524,20,-8.052518251198797e-07,0.29832181352035564,-2.255604270227381,0.0,2025-01-17,1
pw_bab_el_mandeb_strait_n_total_z,cnyusd,0.016311112469100223,1.0,0.021181883143661477,0.023264595067260054,1.0983251540702514,20,-6.296462030138997e-07,0.2507153160886358,-2.720653290233656,0.0,2025-01-17,1
audusd,brlusd,0.0,,0.0028884432270083206,0.0,0.0,0,,,,0.0,2025-01-17,1
audusd,cnyusd,0.0,,0.0011077880834824024,0.004530213579606572,4.089422559381174,0,,,,0.0,2025-01-17,1
audusd,krwusd,0.0,,0.007449709288007194,0.004949490079938512,0.6643870100953304,0,,,,0.0,2025-01-17,1
audusd,us10y,0.0,,0.0006369933173893852,0.0026587321657564273,4.173877642316271,0,,,,0.0,2025-01-17,1
audusd,brent,0.0,,0.002586787947152864,0.0,0.0,0,,,,0.0,2025-01-17,1
audusd,henry_hub,0.0,,0.012183805647405937,0.0212886789766211,1.747293053804883,0,,,,0.0,2025-01-17,1
brlusd,krwusd,0.0,,0.011295182495192938,0.014074970296300714,1.246103841375809,0,,,,0.0,2025-01-17,1
brlusd,eurusd,0.0,,0.01610189590498464,0.010725696232844195,0.6661138723126298,0,,,,0.0,2025-01-17,1
brlusd,sp500,0.0,,0.0004140104200658557,0.0,0.0,0,,,,0.0,2025-01-17,1
brlusd,vix,0.0,,0.0007011799951553317,0.0,0.0,0,,,,0.0,2025-01-17,1
brlusd,us10y,0.0,,0.029003629555506782,0.03371223043014972,1.162345228745653,0,,,,0.0,2025-01-17,1
brlusd,henry_hub,0.0,,0.009622694037751785,0.004032099675763351,0.4190198358115309,0,,,,0.0,2025-01-17,1
cnyusd,audusd,0.0,,0.013584703239168255,0.005084077217826386,0.37425014947456936,0,,,,0.0,2025-01-17,1
cnyusd,brlusd,0.0,,0.02037535562105448,0.021655180189532434,1.0628123794391826,0,,,,0.0,2025-01-17,1
cnyusd,krwusd,0.0,,0.005724754620463531,0.0,0.0,0,,,,0.0,2025-01-17,1
cnyusd,eurusd,0.0,,0.009984069150150179,0.007162252232220841,0.7173680514936245,0,,,,0.0,2025-01-17,1
cnyusd,sp500,0.0,,0.007756775519302263,0.0,0.0,0,,,,0.0,2025-01-17,1
cnyusd,vix,0.0,,0.014371912201135198,0.024998474417780015,1.7393979359131804,0,,,,0.0,2025-01-17,1
cnyusd,brent,0.0,,0.0,0.0,0.0,0,,,,0.0,2025-01-17,1
cnyusd,henry_hub,0.0,,0.008010046489513816,0.0009227097088487686,0.11519405162713033,0,,,,0.0,2025-01-17,1
krwusd,audusd,0.0,,0.01782263623582311,0.0076430110289364694,0.4288372902755084,0,,,,0.0,2025-01-17,1
krwusd,brlusd,0.0,,6.2401299340401605e-06,0.0,0.0,0,,,,0.0,2025-01-17,1
krwusd,eurusd,0.0,,0.018111671939159475,0.016035103518326373,0.885346398288977,0,,,,0.0,2025-01-17,1
krwusd,sp500,0.0,,0.02657075940811288,0.01083125886237978,0.40763828748803693,0,,,,0.0,2025-01-17,1
krwusd,us10y,0.0,,0.007059595196614164,0.001389328202670206,0.1967999812987207,0,,,,0.0,2025-01-17,1
krwusd,wti,0.0,,0.0004109665972180266,0.0,0.0,0,,,,0.0,2025-01-17,1
krwusd,brent,0.0,,0.0008003028508985577,0.0,0.0,0,,,,0.0,2025-01-17,1
krwusd,henry_hub,0.0,,0.0036769491423193326,0.0,0.0,0,,,,0.0,2025-01-17,1
eurusd,brlusd,0.0,,0.01330235266950192,0.012648279797069202,0.9508302862897102,0,,,,0.0,2025-01-17,1
eurusd,cnyusd,0.0,,0.0030705763487579004,0.0,0.0,0,,,,0.0,2025-01-17,1
eurusd,vix,0.0,,0.038310612230265446,0.036174209914635574,0.9442347122309335,0,,,,0.0,2025-01-17,1
eurusd,us10y,0.0,,0.023496971002654504,0.006388208080205599,0.2718736844627297,0,,,,0.0,2025-01-17,1
eurusd,brent,0.0,,0.0289696013544002,0.02686229115175232,0.9272578805324913,0,,,,0.0,2025-01-17,1
eurusd,henry_hub,0.0,,0.01697779047664813,0.006283304702164423,0.3700896598298058,0,,,,0.0,2025-01-17,1
sp500,us2y,0.0,,0.0037629266954917213,0.0,0.0,0,,,,0.0,2025-01-17,1
sp500,us10y,0.0,,0.008472664298972414,0.02191716903573804,2.586809563362048,0,,,,0.0,2025-01-17,1
sp500,brent,0.0,,0.021410361234158487,0.02197863358550793,1.0265419319709006,0,,,,0.0,2025-01-17,1
sp500,henry_hub,0.0,,0.0004276839833934047,0.0,0.0,0,,,,0.0,2025-01-17,1
vix,cnyusd,0.0,,0.0,0.0,0.0,0,,,,0.0,2025-01-17,1
vix,krwusd,0.0,,0.0,0.0,0.0,0,,,,0.0,2025-01-17,1
vix,eurusd,0.0,,0.005855666851893274,0.01471159332818504,2.512368565405738,0,,,,0.0,2025-01-17,1
vix,sp500,0.0,,0.014279832022737068,0.018371603318347095,1.2865419767609942,0,,,,0.0,2025-01-17,1
vix,us2y,0.0,,0.0026987353772254677,0.0,0.0,0,,,,0.0,2025-01-17,1
vix,us10y,0.0,,0.0008149176092379026,0.0,0.0,0,,,,0.0,2025-01-17,1
vix,wti,0.0,,7.251014422202475e-05,0.0,0.0,0,,,,0.0,2025-01-17,1
vix,brent,0.0,,0.00022053391430035266,0.0,0.0,0,,,,0.0,2025-01-17,1
vix,henry_hub,0.0,,0.02705459554146235,0.023630566257124477,0.8734400121010717,0,,,,0.0,2025-01-17,1
us2y,audusd,0.0,,0.03434097807007323,0.03979745930006795,1.1588912586840332,0,,,,0.0,2025-01-17,1
us2y,brlusd,0.0,,0.003948587898951233,0.014041258021130541,3.5560201217402247,0,,,,0.0,2025-01-17,1
us2y,sp500,0.0,,0.019679501701644446,0.010363133575010215,0.5265953240139336,0,,,,0.0,2025-01-17,1
us2y,vix,0.0,,0.0016614120485633915,0.0,0.0,0,,,,0.0,2025-01-17,1
us2y,brent,0.0,,0.007092179222248532,0.0011623325704759237,0.16388933979976514,0,,,,0.0,2025-01-17,1
us2y,henry_hub,0.0,,0.01551865504247771,0.020821426941413965,1.3417030589584917,0,,,,0.0,2025-01-17,1
us10y,audusd,0.0,,0.012230365713280426,0.0,0.0,0,,,,0.0,2025-01-17,1
us10y,brlusd,0.0,,0.01157299605393337,0.010086980995696137,0.8715963393306287,0,,,,0.0,2025-01-17,1
us10y,vix,0.0,,0.02887441776096348,0.028722913076067134,0.9947529787041742,0,,,,0.0,2025-01-17,1
us10y,wti,0.0,,0.0031661436302254852,0.0010493526696445513,0.3314292692305367,0,,,,0.0,2025-01-17,1
us10y,brent,0.0,,0.012357846521066088,0.01791386959554705,1.4495947627290693,0,,,,0.0,2025-01-17,1
us10y,henry_hub,0.0,,0.0,0.0,0.0,0,,,,0.0,2025-01-17,1
wti,audusd,0.0,,0.025435898164679126,0.02224004143252439,0.8743564425575278,0,,,,0.0,2025-01-17,1
wti,brlusd,0.0,,0.02163865736127536,0.020319480126601234,0.939036086544125,0,,,,0.0,2025-01-17,1
wti,cnyusd,0.0,,0.013277092782835278,0.014239449065314649,1.0724824551744876,0,,,,0.0,2025-01-17,1
wti,krwusd,0.0,,0.0,0.0,0.0,0,,,,0.0,2025-01-17,1
wti,eurusd,0.0,,7.27047486355085e-05,0.0,0.0,0,,,,0.0,2025-01-17,1
wti,vix,0.0,,0.03642235089423721,0.03685077089137446,1.0117625575125913,0,,,,0.0,2025-01-17,1
wti,us2y,0.0,,0.0020825599578095538,0.0015796857497590168,0.7585307418570256,0,,,,0.0,2025-01-17,1
wti,us10y,0.0,,0.01697440819128296,0.015401630012455064,0.907344152379016,0,,,,0.0,2025-01-17,1
wti,henry_hub,0.0,,0.00020358524790351922,0.0,0.0,0,,,,0.0,2025-01-17,1
brent,audusd,0.0,,0.013924670664200159,0.017084678836490515,1.226935936116222,0,,,,0.0,2025-01-17,1
brent,cnyusd,0.0,,0.013277976069423325,0.01594742809141323,1.2010435933935104,0,,,,0.0,2025-01-17,1
brent,krwusd,0.0,,0.013501640408442114,0.007678597075072879,0.5687158628718711,0,,,,0.0,2025-01-17,1
brent,eurusd,0.0,,0.011818313487023956,0.010441326451024179,0.8834870104341321,0,,,,0.0,2025-01-17,1
brent,sp500,0.0,,0.023863985525689337,0.014226679992147342,0.5961569150648565,0,,,,0.0,2025-01-17,1
brent,us2y,0.0,,0.0,0.0,0.0,0,,,,0.0,2025-01-17,1
brent,henry_hub,0.0,,0.0001253553406801206,0.0,0.0,0,,,,0.0,2025-01-17,1
henry_hub,audusd,0.0,,0.0030335431192637144,0.0,0.0,0,,,,0.0,2025-01-17,1
henry_hub,eurusd,0.0,,0.0,0.0,0.0,0,,,,0.0,2025-01-17,1
henry_hub,sp500,0.0,,0.0002714235157249875,0.0,0.0,0,,,,0.0,2025-01-17,1
henry_hub,vix,0.0,,0.017111856824131178,0.013408671218565519,0.783589493318842,0,,,,0.0,2025-01-17,1
henry_hub,us2y,0.0,,0.020903150217838597,0.023554000876532314,1.1268158450314107,0,,,,0.0,2025-01-17,1
henry_hub,us10y,0.0,,2.8436360235351267e-05,0.0,0.0,0,,,,0.0,2025-01-17,1
henry_hub,wti,0.0,,0.0016702603191176412,0.0,0.0,0,,,,0.0,2025-01-17,1
henry_hub,brent,0.0,,0.003410138703431283,0.0,0.0,0,,,,0.0,2025-01-17,1
pw_bab_el_mandeb_strait_capacity_z,audusd,0.0,,0.003812668025881606,0.0,0.0,0,,,,0.0,2025-01-17,1
pw_bab_el_mandeb_strait_capacity_z,brlusd,0.0,,0.0009828816046775722,0.0,0.0,0,,,,0.0,2025-01-17,1
pw_bab_el_mandeb_strait_capacity_z,krwusd,0.0,,3.605073407889335e-05,0.0,0.0,0,,,,0.0,2025-01-17,1
pw_bab_el_mandeb_strait_capacity_z,eurusd,0.0,,0.003105617629593704,0.0,0.0,0,,,,0.0,2025-01-17,1
pw_bab_el_mandeb_strait_capacity_z,sp500,0.0,,0.001766201987382754,0.0,0.0,0,,,,0.0,2025-01-17,1
pw_bab_el_mandeb_strait_capacity_z,vix,0.0,,0.00010597702385564666,0.0,0.0,0,,,,0.0,2025-01-17,1
pw_bab_el_mandeb_strait_capacity_z,us2y,0.0,,0.00023803397561403028,0.0,0.0,0,,,,0.0,2025-01-17,1
pw_bab_el_mandeb_strait_capacity_z,us10y,0.0,,0.0,0.0,0.0,0,,,,0.0,2025-01-17,1
pw_bab_el_mandeb_strait_capacity_z,wti,0.0,,0.0,0.0,0.0,0,,,,0.0,2025-01-17,1
pw_bab_el_mandeb_strait_capacity_z,brent,0.0,,0.0,0.0,0.0,0,,,,0.0,2025-01-17,1
pw_bab_el_mandeb_strait_capacity_z,henry_hub,0.0,,0.03368514001375762,0.027055039262773795,0.8031743151942972,0,,,,0.0,2025-01-17,1
pw_bab_el_mandeb_strait_n_total_z,audusd,0.0,,0.0018154462541429633,0.0,0.0,0,,,,0.0,2025-01-17,1
pw_bab_el_mandeb_strait_n_total_z,brlusd,0.0,,0.006363574035956027,0.0,0.0,0,,,,0.0,2025-01-17,1
pw_bab_el_mandeb_strait_n_total_z,krwusd,0.0,,9.122037399498225e-05,0.0,0.0,0,,,,0.0,2025-01-17,1
pw_bab_el_mandeb_strait_n_total_z,eurusd,0.0,,0.000465509079165707,0.0,0.0,0,,,,0.0,2025-01-17,1
pw_bab_el_mandeb_strait_n_total_z,sp500,0.0,,0.005489036453716936,0.00462225542852587,0.8420886739412853,0,,,,0.0,2025-01-17,1
pw_bab_el_mandeb_strait_n_total_z,vix,0.0,,0.0,0.0,0.0,0,,,,0.0,2025-01-17,1
pw_bab_el_mandeb_strait_n_total_z,us2y,0.0,,0.0,0.0,0.0,0,,,,0.0,2025-01-17,1
pw_bab_el_mandeb_strait_n_total_z,us10y,0.0,,0.00647013245939676,0.0044036830540948564,0.6806171406428102,0,,,,0.0,2025-01-17,1
pw_bab_el_mandeb_strait_n_total_z,wti,0.0,,0.0,0.0,0.0,0,,,,0.0,2025-01-17,1
pw_bab_el_mandeb_strait_n_total_z,brent,0.0,,0.0019478093293025982,0.0,0.0,0,,,,0.0,2025-01-17,1
pw_cape_of_good_hope_capacity_z,audusd,0.0,,0.00011983399950820433,0.0,0.0,0,,,,0.0,2025-01-17,1
pw_cape_of_good_hope_capacity_z,brlusd,0.0,,0.0004660667266896592,0.0,0.0,0,,,,0.0,2025-01-17,1
pw_cape_of_good_hope_capacity_z,cnyusd,0.0,,0.012350915300247421,0.007627551474262644,0.6175697338082987,0,,,,0.0,2025-01-17,1
pw_cape_of_good_hope_capacity_z,krwusd,0.0,,1.7853201620071783e-05,0.0,0.0,0,,,,0.0,2025-01-17,1
pw_cape_of_good_hope_capacity_z,eurusd,0.0,,0.0015959253285649957,0.0,0.0,0,,,,0.0,2025-01-17,1
pw_cape_of_good_hope_capacity_z,sp500,0.0,,0.01705556369440463,0.009962924346368987,0.5841451226638434,0,,,,0.0,2025-01-17,1
pw_cape_of_good_hope_capacity_z,vix,0.0,,0.015920143553830854,0.0048933256458656635,0.3073669297842597,0,,,,0.0,2025-01-17,1
pw_cape_of_good_hope_capacity_z,us2y,0.0,,0.0,0.0,0.0,0,,,,0.0,2025-01-17,1
pw_cape_of_good_hope_capacity_z,us10y,0.0,,0.0036266563751356684,0.00702281586971968,1.9364436944917247,0,,,,0.0,2025-01-17,1
pw_cape_of_good_hope_capacity_z,wti,0.0,,0.009605375511100868,0.0007947384048100865,0.0827389209189805,0,,,,0.0,2025-01-17,1
pw_cape_of_good_hope_n_total_z,audusd,0.0,,0.0005452798086320917,0.0,0.0,0,,,,0.0,2025-01-17,1
pw_cape_of_good_hope_n_total_z,cnyusd,0.0,,0.00010808096963048672,0.0,0.0,0,,,,0.0,2025-01-17,1
pw_cape_of_good_hope_n_total_z,krwusd,0.0,,3.289952517692577e-06,0.0,0.0,0,,,,0.0,2025-01-17,1
pw_cape_of_good_hope_n_total_z,eurusd,0.0,,0.005647557881431016,0.0014999199994789908,0.2655873620013136,0,,,,0.0,2025-01-17,1
pw_cape_of_good_hope_n_total_z,sp500,0.0,,9.375612784418535e-06,0.0,0.0,0,,,,0.0,2025-01-17,1
pw_cape_of_good_hope_n_total_z,vix,0.0,,0.0,0.0,0.0,0,,,,0.0,2025-01-17,1
pw_cape_of_good_hope_n_total_z,us2y,0.0,,0.0001836976567458154,0.0,0.0,0,,,,0.0,2025-01-17,1
pw_cape_of_good_hope_n_total_z,us10y,0.0,,0.024928674724022187,0.02658231672733296,1.066334934432646,0,,,,0.0,2025-01-17,1
pw_cape_of_good_hope_n_total_z,wti,0.0,,0.0008007024870572585,0.0,0.0,0,,,,0.0,2025-01-17,1
pw_cape_of_good_hope_n_total_z,brent,0.0,,0.0008769388119438061,0.0011901841368289195,1.3572031715539876,0,,,,0.0,2025-01-17,1
pw_malacca_strait_capacity_z,audusd,0.0,,0.0,0.0,0.0,0,,,,0.0,2025-01-17,1
pw_malacca_strait_capacity_z,brlusd,0.0,,0.003160775134072622,0.009225016669066438,2.918593154451994,0,,,,0.0,2025-01-17,1
pw_malacca_strait_capacity_z,cnyusd,0.0,,0.0006950276135760491,0.0,0.0,0,,,,0.0,2025-01-17,1
pw_malacca_strait_capacity_z,krwusd,0.0,,0.006458304972991834,0.009966719779808392,1.5432408072224053,0,,,,0.0,2025-01-17,1
pw_malacca_strait_capacity_z,eurusd,0.0,,0.00020789867865640918,0.0,0.0,0,,,,0.0,2025-01-17,1
pw_malacca_strait_capacity_z,sp500,0.0,,0.0,0.0,0.0,0,,,,0.0,2025-01-17,1
pw_malacca_strait_capacity_z,vix,0.0,,0.0,0.0,0.0,0,,,,0.0,2025-01-17,1
pw_malacca_strait_capacity_z,us10y,0.0,,0.0,0.0,0.0,0,,,,0.0,2025-01-17,1
pw_malacca_strait_capacity_z,wti,0.0,,0.0,0.0,0.0,0,,,,0.0,2025-01-17,1
pw_malacca_strait_capacity_z,brent,0.0,,0.0,0.0,0.0,0,,,,0.0,2025-01-17,1
pw_malacca_strait_capacity_z,henry_hub,0.0,,0.0,0.0,0.0,0,,,,0.0,2025-01-17,1
pw_malacca_strait_n_total_z,audusd,0.0,,0.00525638559658137,0.0,0.0,0,,,,0.0,2025-01-17,1
pw_malacca_strait_n_total_z,brlusd,0.0,,0.0013461643942688996,0.0,0.0,0,,,,0.0,2025-01-17,1
pw_malacca_strait_n_total_z,cnyusd,0.0,,0.018682954039252356,0.006903519680343011,0.3695090008699327,0,,,,0.0,2025-01-17,1
pw_malacca_strait_n_total_z,krwusd,0.0,,0.0,0.0,0.0,0,,,,0.0,2025-01-17,1
pw_malacca_strait_n_total_z,eurusd,0.0,,0.023599658057287975,0.021565552431820574,0.9138078348199102,0,,,,0.0,2025-01-17,1
pw_malacca_strait_n_total_z,sp500,0.0,,0.006731027170072102,0.010439903215335023,1.5510118963348638,0,,,,0.0,2025-01-17,1
pw_malacca_strait_n_total_z,vix,0.0,,0.0,0.0,0.0,0,,,,0.0,2025-01-17,1
pw_malacca_strait_n_total_z,us2y,0.0,,0.0004977119101743549,0.0,0.0,0,,,,0.0,2025-01-17,1
pw_malacca_strait_n_total_z,us10y,0.0,,0.0071365931954739175,0.013720813514128842,1.9225999210422542,0,,,,0.0,2025-01-17,1
pw_malacca_strait_n_total_z,wti,0.0,,0.0,0.0,0.0,0,,,,0.0,2025-01-17,1
pw_malacca_strait_n_total_z,brent,0.0,,0.00523953820266301,0.0,0.0,0,,,,0.0,2025-01-17,1
pw_panama_canal_capacity_z,audusd,0.0,,3.0027387888969505e-05,0.0,0.0,0,,,,0.0,2025-01-17,1
pw_panama_canal_capacity_z,brlusd,0.0,,0.0,0.0,0.0,0,,,,0.0,2025-01-17,1
pw_panama_canal_capacity_z,cnyusd,0.0,,0.0029811298067319034,0.0,0.0,0,,,,0.0,2025-01-17,1
pw_panama_canal_capacity_z,krwusd,0.0,,0.005191149924465099,0.0,0.0,0,,,,0.0,2025-01-17,1
pw_panama_canal_capacity_z,eurusd,0.0,,0.0,0.0,0.0,0,,,,0.0,2025-01-17,1
pw_panama_canal_capacity_z,sp500,0.0,,0.013095795507295496,0.011072922376284445,0.8455326268737066,0,,,,0.0,2025-01-17,1
pw_panama_canal_capacity_z,vix,0.0,,0.01897464254077239,0.011237376959405021,0.5922312863211171,0,,,,0.0,2025-01-17,1
pw_panama_canal_capacity_z,us2y,0.0,,0.0,0.0,0.0,0,,,,0.0,2025-01-17,1
pw_panama_canal_capacity_z,us10y,0.0,,0.0,0.0,0.0,0,,,,0.0,2025-01-17,1
pw_panama_canal_capacity_z,wti,0.0,,0.0,0.0,0.0,0,,,,0.0,2025-01-17,1
pw_panama_canal_capacity_z,brent,0.0,,9.950943417600618e-05,0.0,0.0,0,,,,0.0,2025-01-17,1
pw_panama_canal_capacity_z,henry_hub,0.0,,0.005927560751240017,0.0,0.0,0,,,,0.0,2025-01-17,1
pw_panama_canal_n_total_z,audusd,0.0,,0.003960069619988848,0.008570335014998908,2.164187965721432,0,,,,0.0,2025-01-17,1
pw_panama_canal_n_total_z,brlusd,0.0,,0.0,0.0,0.0,0,,,,0.0,2025-01-17,1
pw_panama_canal_n_total_z,cnyusd,0.0,,3.990522190826539e-05,0.0,0.0,0,,,,0.0,2025-01-17,1
pw_panama_canal_n_total_z,krwusd,0.0,,0.0,0.0,0.0,0,,,,0.0,2025-01-17,1
pw_panama_canal_n_total_z,eurusd,0.0,,6.175414595591088e-05,0.0,0.0,0,,,,0.0,2025-01-17,1
pw_panama_canal_n_total_z,sp500,0.0,,0.0011360950108873639,0.0,0.0,0,,,,0.0,2025-01-17,1
pw_panama_canal_n_total_z,vix,0.0,,0.0,0.0,0.0,0,,,,0.0,2025-01-17,1
pw_panama_canal_n_total_z,us2y,0.0,,0.0012852302924224457,0.0,0.0,0,,,,0.0,2025-01-17,1
pw_panama_canal_n_total_z,us10y,0.0,,0.0013656499046727697,0.0,0.0,0,,,,0.0,2025-01-17,1
pw_panama_canal_n_total_z,wti,0.0,,0.0,0.0,0.0,0,,,,0.0,2025-01-17,1
pw_panama_canal_n_total_z,brent,0.0,,0.00012109332644431474,0.0,0.0,0,,,,0.0,2025-01-17,1
pw_strait_of_hormuz_capacity_z,audusd,0.0,,0.013039363071088859,0.010410261704464723,0.7983719486687634,0,,,,0.0,2025-01-17,1
pw_strait_of_hormuz_capacity_z,brlusd,0.0,,0.0,0.0,0.0,0,,,,0.0,2025-01-17,1
pw_strait_of_hormuz_capacity_z,cnyusd,0.0,,0.0,0.0,0.0,0,,,,0.0,2025-01-17,1
pw_strait_of_hormuz_capacity_z,krwusd,0.0,,0.0,0.0,0.0,0,,,,0.0,2025-01-17,1
pw_strait_of_hormuz_capacity_z,eurusd,0.0,,3.057427154273595e-05,0.0,0.0,0,,,,0.0,2025-01-17,1
pw_strait_of_hormuz_capacity_z,sp500,0.0,,0.0,0.0,0.0,0,,,,0.0,2025-01-17,1
pw_strait_of_hormuz_capacity_z,vix,0.0,,0.008780932592104574,0.0026242983918545754,0.2988632886459268,0,,,,0.0,2025-01-17,1
pw_strait_of_hormuz_capacity_z,us2y,0.0,,0.000392353150530801,0.0,0.0,0,,,,0.0,2025-01-17,1
pw_strait_of_hormuz_capacity_z,us10y,0.0,,0.001385596404573983,0.0,0.0,0,,,,0.0,2025-01-17,1
pw_strait_of_hormuz_capacity_z,wti,0.0,,0.013057489209399328,0.012990722472627296,0.9948867094047475,0,,,,0.0,2025-01-17,1
pw_strait_of_hormuz_capacity_z,henry_hub,0.0,,0.003184462180355435,0.0028481189454701164,0.8943798934211938,0,,,,0.0,2025-01-17,1
pw_strait_of_hormuz_n_total_z,audusd,0.0,,0.0003488645972385526,0.0,0.0,0,,,,0.0,2025-01-17,1
pw_strait_of_hormuz_n_total_z,brlusd,0.0,,0.01678244558040926,0.014165703685365036,0.8440786307033321,0,,,,0.0,2025-01-17,1
pw_strait_of_hormuz_n_total_z,cnyusd,0.0,,0.0,0.0,0.0,0,,,,0.0,2025-01-17,1
pw_strait_of_hormuz_n_total_z,krwusd,0.0,,0.0008003271934548864,0.0,0.0,0,,,,0.0,2025-01-17,1
pw_strait_of_hormuz_n_total_z,eurusd,0.0,,0.0,0.0,0.0,0,,,,0.0,2025-01-17,1
pw_strait_of_hormuz_n_total_z,sp500,0.0,,0.0,0.0,0.0,0,,,,0.0,2025-01-17,1
pw_strait_of_hormuz_n_total_z,vix,0.0,,0.0,0.0,0.0,0,,,,0.0,2025-01-17,1
pw_strait_of_hormuz_n_total_z,us2y,0.0,,0.0,0.0,0.0,0,,,,0.0,2025-01-17,1
pw_strait_of_hormuz_n_total_z,us10y,0.0,,0.01166521896837236,0.006215258659952974,0.5328025711994144,0,,,,0.0,2025-01-17,1
pw_strait_of_hormuz_n_total_z,wti,0.0,,0.0,0.0,0.0,0,,,,0.0,2025-01-17,1
pw_strait_of_hormuz_n_total_z,brent,0.0,,0.0,0.0,0.0,0,,,,0.0,2025-01-17,1
pw_strait_of_hormuz_n_total_z,henry_hub,0.0,,0.0007767742199513987,0.0034143527104337676,4.395553589107781,0,,,,0.0,2025-01-17,1
pw_suez_canal_capacity_z,audusd,0.0,,0.0,0.0,0.0,0,,,,0.0,2025-01-17,1
pw_suez_canal_capacity_z,cnyusd,0.0,,0.0,0.0,0.0,0,,,,0.0,2025-01-17,1
pw_suez_canal_capacity_z,krwusd,0.0,,0.0,0.0,0.0,0,,,,0.0,2025-01-17,1
pw_suez_canal_capacity_z,eurusd,0.0,,0.0007876370963747165,0.0,0.0,0,,,,0.0,2025-01-17,1
pw_suez_canal_capacity_z,sp500,0.0,,0.0,0.0,0.0,0,,,,0.0,2025-01-17,1
pw_suez_canal_capacity_z,vix,0.0,,0.0,0.0,0.0,0,,,,0.0,2025-01-17,1
pw_suez_canal_capacity_z,us2y,0.0,,0.0,0.0,0.0,0,,,,0.0,2025-01-17,1
pw_suez_canal_capacity_z,us10y,0.0,,0.0020291433130398516,0.0,0.0,0,,,,0.0,2025-01-17,1
pw_suez_canal_capacity_z,wti,0.0,,6.346332842763022e-05,0.0,0.0,0,,,,0.0,2025-01-17,1
pw_suez_canal_capacity_z,brent,0.0,,0.0,0.0,0.0,0,,,,0.0,2025-01-17,1
pw_suez_canal_capacity_z,henry_hub,0.0,,0.0,0.0,0.0,0,,,,0.0,2025-01-17,1
pw_suez_canal_n_total_z,audusd,0.0,,8.10878889262756e-05,0.0,0.0,0,,,,0.0,2025-01-17,1
pw_suez_canal_n_total_z,brlusd,0.0,,0.0,0.0,0.0,0,,,,0.0,2025-01-17,1
pw_suez_canal_n_total_z,cnyusd,0.0,,0.0,0.0,0.0,0,,,,0.0,2025-01-17,1
pw_suez_canal_n_total_z,krwusd,0.0,,0.0,0.0,0.0,0,,,,0.0,2025-01-17,1
pw_suez_canal_n_total_z,eurusd,0.0,,0.0,0.0,0.0,0,,,,0.0,2025-01-17,1
pw_suez_canal_n_total_z,sp500,0.0,,0.0,0.0,0.0,0,,,,0.0,2025-01-17,1
pw_suez_canal_n_total_z,vix,0.0,,0.0037119422639183743,0.002857361958085352,0.76977543154701,0,,,,0.0,2025-01-17,1
pw_suez_canal_n_total_z,us2y,0.0,,0.0,0.0,0.0,0,,,,0.0,2025-01-17,1
pw_suez_canal_n_total_z,us10y,0.0,,0.0,0.0,0.0,0,,,,0.0,2025-01-17,1
pw_suez_canal_n_total_z,wti,0.0,,0.002114966491515986,0.00024264049215841864,0.11472545457895006,0,,,,0.0,2025-01-17,1
pw_suez_canal_n_total_z,brent,0.0,,0.013038025207200245,0.016692768979416277,1.280314212784134,0,,,,0.0,2025-01-17,1
sp500,krwusd,1.0,1.0,0.22003416239525153,0.2224221136903508,1.0108526388316454,360,1.0836213553141994e-06,0.530025444551148,1.5240468869738213,0.6422672648692125,2025-02-20,1
eurusd,wti,1.0,1.0,0.08655472543276137,0.08001490545913313,0.9244429470380726,360,0.04374512714122971,0.6019348701312601,1.7014662858428984,0.6392081894911921,2025-02-20,1
sp500,vix,1.0,1.0,0.05876273791368763,0.06025539253046149,1.0254013796798631,360,0.02701030586288597,0.5191277619466697,1.351455916015521,0.5887351014453992,2025-02-20,1
eurusd,sp500,1.0,1.0,0.0790751385089683,0.07555051276437931,0.9554268786492325,360,8.60142701779141e-07,0.4914649576350501,1.172794064325294,0.5037959904371969,2025-02-20,1
wti,brent,1.0,1.0,0.3941309031237239,0.38146790318597845,0.9678710808074588,360,1.3736444351886624e-05,0.5449325190998205,1.1053255721594237,0.48636804609862844,2025-02-20,1
pw_cape_of_good_hope_capacity_z,henry_hub,0.8700825108109128,1.0,0.06200114096893079,0.04816247751301629,0.7767998582018167,360,0.0001754613671967643,0.546468177601362,1.7580883121638522,0.477130805555148,2025-02-20,1
brlusd,us2y,1.0,1.0,0.06115284751450288,0.060364922833190233,0.9871154866316604,360,2.086363003080931e-05,0.4666263191332651,0.9596040273298356,0.4403374469852813,2025-02-20,1
audusd,eurusd,0.9858079863087661,0.9025245618328892,0.06192559773882968,0.05485927770067015,0.8858901601893029,340,9.253377255686336e-08,0.4664532304148406,1.1116348317177862,0.39793183738026905,2025-02-20,1
sp500,eurusd,1.0,1.0,0.14964619317152686,0.13527310184048377,0.9039528435276104,360,2.9544851155766385e-07,0.5155751138398865,0.8910200889562772,0.37803423306200756,2025-02-20,1
sp500,audusd,1.0,1.0,0.1912005410668384,0.18339460720694453,0.9591741016194869,360,3.9664850938269016e-07,0.5269280173723742,0.5349048465857599,0.25058684530205944,2025-02-20,1
us2y,eurusd,1.0,0.9858079863087661,0.09555103112397709,0.10671420670973024,1.1168294622720394,360,7.976721156621067e-08,0.4587664669666502,0.4904370897436964,0.23700676148592084,2025-02-20,1
krwusd,cnyusd,0.2438916484592215,1.0,0.03804495204056565,0.052174413737100106,1.371388605812115,20,5.533041546787382e-08,0.5972388045160928,0.802001783035744,0.09287516846369655,2025-02-20,1
wti,sp500,1.0,1.0,0.06841882116866793,0.060803958453436995,0.888702222792489,360,1.8590359148978658e-08,0.4538645435300163,0.05196794647250556,0.023086819187447354,2025-02-20,1
pw_suez_canal_capacity_z,brlusd,0.07710754619352674,1.0,0.04068505816667784,0.04422506980462964,1.0870101161819443,80,8.179476256627008e-08,0.5582242768890885,0.1305886472033106,0.005027542381079175,2025-02-20,1
audusd,us2y,0.0344177246722783,1.0,0.02499257830135336,0.006897550994662813,0.2759839705809507,40,5.5893682214857504e-05,0.5524668454893161,0.6254922979652151,0.0028774848082303733,2025-02-20,1
brent,us10y,0.02305499425965049,1.0,0.04240016380239975,0.04062875525343045,0.9582216578873444,20,9.526109637754108e-06,0.3975981573018204,0.23458885524139214,0.0025794260313811933,2025-02-20,1
brlusd,wti,1.0,1.0,0.06703873410365194,0.06413305586550955,0.9566567257423182,360,-0.005089510071856161,0.4532129302788628,-0.448711551339463,0.0,2025-02-20,1
cnyusd,us2y,1.0,1.0,0.08126638366359601,0.05935362673181942,0.7303589018740525,360,-3.228095092297856e-05,0.4956420907013346,-0.956687470336525,0.0,2025-02-20,1
cnyusd,us10y,1.0,1.0,0.06840821331573209,0.05784256856479161,0.8455500554856524,360,-2.313277681301951e-06,0.5244164962349834,-0.11255301621523701,0.0,2025-02-20,1
eurusd,krwusd,1.0,1.0,0.18779607439714563,0.1641848234678108,0.8742718610858582,360,-1.1568924877398537e-06,0.46775672096650467,-1.484971783894301,0.0,2025-02-20,1
sp500,brlusd,1.0,1.0,0.0726773427164556,0.08604985528428484,1.1839983696156993,360,-1.0068175088570823e-07,0.503455599164971,-0.29552502104494605,0.0,2025-02-20,1
sp500,cnyusd,1.0,1.0,0.09861117279091372,0.09748550828452394,0.9885848177794565,360,-3.2632254455030404e-09,0.41820008567172934,-0.07424393277110204,0.0,2025-02-20,1
us2y,cnyusd,1.0,1.0,0.10981534639731584,0.11637763015778659,1.0597574380608714,360,-2.4762952487154326e-08,0.453481228143902,-0.4152592588003236,0.0,2025-02-20,1
us2y,krwusd,1.0,1.0,0.16759074796282436,0.16767253981886282,1.0004880451757194,360,-4.7026344190049546e-07,0.4626265374640954,-0.9465578330571246,0.0,2025-02-20,1
brent,brlusd,1.0,1.0,0.05812352915530036,0.05430440122150939,0.9342929104737148,360,-2.0932893748712425e-07,0.47945647882770576,-1.0383000568226444,0.0,2025-02-20,1
brent,wti,1.0,1.0,0.09584727492888272,0.08098401889983511,0.8449277140108999,360,-0.017782113490416165,0.4652968829490017,-1.3497963413130911,0.0,2025-02-20,1
pw_panama_canal_n_total_z,henry_hub,1.0,1.0,0.2848113275976446,0.22225573796359702,0.7803613003678688,360,-0.00015624269008215964,0.49742851243570096,-1.277282258370403,0.0,2025-02-20,1
brlusd,audusd,0.8700825108109128,0.8647473010856318,0.06102533525059266,0.047262165026297744,0.7744679292989013,360,-2.4706530461498844e-07,0.4646009874176552,-1.310442505700366,0.0,2025-02-20,1
vix,brlusd,0.7561083515407785,1.0,0.0907813399479031,0.04327538257104755,0.4766990947245556,340,-2.5238603615043986e-06,0.5067047658241287,-1.1773294052443637,0.0,2025-02-20,1
brent,vix,0.7561083515407785,1.0,0.07075636540642281,0.04853013618032281,0.6858766119707662,340,-0.0067922543293936705,0.45176454456656995,-0.9727948860428021,0.0,2025-02-20,1
audusd,wti,0.6572694274350985,1.0,0.06032302877397382,0.04795278959123109,0.794933387229392,320,-0.022073330488596353,0.47141754777442285,-1.4025850212915558,0.0,2025-02-20,1
pw_cape_of_good_hope_n_total_z,henry_hub,0.6479713080499095,0.6395406756291062,0.06185664405143118,0.05804541217213771,0.9383860547603489,240,-5.093213501431379e-05,0.5685421719409224,-0.3737309247239048,0.0,2025-02-20,1
us10y,eurusd,0.5705599062734495,0.9158390659489278,0.05621920298147725,0.03518775164811956,0.6259027126320699,300,-8.020490592338167e-08,0.4734246808016395,-0.5115521853486392,0.0,2025-02-20,1
pw_bab_el_mandeb_strait_n_total_z,henry_hub,0.5395884195697326,1.0,0.04608027011944072,0.022798400154576976,0.4947540475670649,200,-3.0022857267389297e-05,0.5204348386330875,-0.4569495873202385,0.0,2025-02-20,1
us10y,krwusd,0.5225410516293837,1.0,0.04600666696454216,0.026092558773935057,0.5671473396246,240,-2.1877647340652713e-07,0.43197748777599265,-0.9936921796839674,0.0,2025-02-20,1
us2y,wti,0.49331050501997376,1.0,0.05563644481883989,0.04698612059392799,0.8445205430886431,280,-0.014120907735312304,0.45918688886356285,-0.6878765053746135,0.0,2025-02-20,1
us10y,us2y,0.49331050501997376,1.0,0.05291587738140237,0.04374291244719007,0.8266500455412236,280,-1.8103258094353628e-05,0.5089496683753806,-0.43903356748731964,0.0,2025-02-20,1
pw_cape_of_good_hope_capacity_z,brent,0.49331050501997376,1.0,0.05599984881421182,0.047229490828267454,0.8433860417187663,280,-1.1065877589067673e-05,0.3804596914312197,-2.201709290124807,0.0,2025-02-20,1
henry_hub,krwusd,0.4370446131198934,1.0,0.047932953094607725,0.040375501768586355,0.8423328662620715,160,-1.6762534007269404e-07,0.46811334546110467,-0.6405786902307203,0.0,2025-02-20,1
sp500,wti,0.41124668566263317,1.0,0.04928385356122418,0.04336287274712599,0.8798596216356601,240,-0.003936784432050442,0.5202623829233483,-0.28423382124155255,0.0,2025-02-20,1
eurusd,us2y,0.3975755808896659,1.0,0.046419644645417445,0.029252647939995026,0.6301781963960564,240,-1.879709351158532e-05,0.47318396913689387,-0.7293238725407807,0.0,2025-02-20,1
brlusd,brent,0.36311453425340623,1.0,0.049255549877138476,0.043755329329778575,0.8883329784952257,240,-3.1679769415354685e-06,0.43887301972187354,-1.4905855150022056,0.0,2025-02-20,1
vix,audusd,0.36311453425340623,1.0,0.04859821689832031,0.03809880207908814,0.7839547314832644,240,-8.076285656512393e-07,0.5008374415202019,-1.164839917572995,0.0,2025-02-20,1
pw_malacca_strait_capacity_z,us2y,0.30628429612572317,1.0,0.04693612881003017,0.04960169003320926,1.0567912456940731,80,-2.4155480640170498e-05,0.4601079601533023,-0.8980063321281958,0.0,2025-02-20,1
us10y,sp500,0.26894923241481,1.0,0.04822083410576635,0.04714462299427262,0.9776816156034713,160,-1.288563298314475e-06,0.5106106426540943,-1.428768184775852,0.0,2025-02-20,1
krwusd,us2y,0.260570727803567,1.0,0.046331914568992376,0.040032712985588546,0.8640418458420545,200,-8.480960205791374e-06,0.5325201950507705,-0.15635574678328348,0.0,2025-02-20,1
eurusd,audusd,0.242948426986001,0.9415842536323494,0.04064913988799047,0.054668414569392886,1.344884903346856,40,-1.1484028522998004e-07,0.49939805504153034,-0.26818727287523547,0.0,2025-02-20,1
henry_hub,cnyusd,0.2043905290270151,1.0,0.0474772405050852,0.039340301840895237,0.8286139089461522,140,-5.873776065020765e-08,0.59461895372365,-0.4590948140345447,0.0,2025-02-20,1
pw_suez_canal_n_total_z,henry_hub,0.14729318200304348,1.0,0.03336054966484833,0.0,0.0,140,0.00011369156606820162,0.5622340909004843,0.7553141850767687,0.0,2025-02-20,1
henry_hub,brlusd,0.117681007865366,0.5799114645855681,0.010337117977759583,0.009360148414666633,0.9054891735593121,120,-2.306199469798467e-06,0.5154017189945581,-1.4854727841034772,0.0,2025-02-20,1
pw_strait_of_hormuz_capacity_z,brent,0.09761948030092099,1.0,0.041894280563651326,0.03654228553609237,0.8722499836361315,60,-5.1859651657308655e-06,0.40217967225309986,-0.694802303607539,0.0,2025-02-20,1
us10y,cnyusd,0.09129955988476064,1.0,0.02412327477302619,0.0,0.0,100,3.637829599062983e-08,0.4779682352700415,0.3299882266022637,0.0,2025-02-20,1
pw_malacca_strait_n_total_z,henry_hub,0.0772494012534758,1.0,0.03430606453850166,0.04554670022545333,1.3276573934715339,20,-3.062691899390059e-05,0.35004644165153453,-0.7627869741194294,0.0,2025-02-20,1
audusd,sp500,0.048018854644065766,1.0,0.03600309141761417,0.03127876891076776,0.8687800874639592,60,-1.6194545141643425e-06,0.4527991300545023,-1.2702065892735919,0.0,2025-02-20,1
us2y,us10y,0.048018854644065766,1.0,0.022876632999471833,0.01298199140215041,0.5674782387097845,60,-1.6465517229522662e-05,0.49955110331497976,-0.3615080398696997,0.0,2025-02-20,1
pw_cape_of_good_hope_n_total_z,brlusd,0.0372470079508844,1.0,0.03164381989931923,0.019863227484551813,0.6277126954884212,40,-1.7171219210588405e-06,0.33295839484824813,-1.3696789788072143,0.0,2025-02-20,1
krwusd,vix,0.0344177246722783,1.0,0.032883344763213085,0.024346507148973413,0.7403902286792335,40,-0.05096883898372772,0.29938421909353263,-2.0392539999192287,0.0,2025-02-20,1
cnyusd,wti,0.02305499425965049,1.0,0.024342492729090285,0.015546608480440406,0.6386613176168916,20,-0.026350855717256125,0.44326190323666975,-1.253648312962163,0.0,2025-02-20,1
audusd,vix,0.014192013691233912,1.0,0.035687369260402495,0.03153216697304958,0.8835665846637962,20,-0.1140876560922019,0.3523238476329138,-1.8520756717413662,0.0,2025-02-20,1
brlusd,cnyusd,0.014192013691233912,1.0,0.029647076704447946,0.024943654300330746,0.841352911418361,20,-2.7076723537118174e-09,0.5031297473171652,-0.026983473890779066,0.0,2025-02-20,1
pw_bab_el_mandeb_strait_capacity_z,cnyusd,0.014192013691233912,1.0,0.018498625531375608,0.004282791574293217,0.231519448135709,20,-8.052518251198795e-07,0.29832181352035564,-2.2556042702273804,0.0,2025-02-20,1
pw_bab_el_mandeb_strait_n_total_z,cnyusd,0.014192013691233912,1.0,0.020607586675205194,0.016761412335297647,0.8133612440638078,20,-6.296462030138996e-07,0.25071531608863584,-2.7206532902336558,0.0,2025-02-20,1
audusd,brlusd,0.0,,0.002513183935290175,0.0,0.0,0,,,,0.0,2025-02-20,1
audusd,cnyusd,0.0,,0.0015186082132576412,0.004269949947442956,2.8117521755550605,0,,,,0.0,2025-02-20,1
audusd,krwusd,0.0,,0.006955064554021291,0.0036423332597807136,0.5236951046952948,0,,,,0.0,2025-02-20,1
audusd,us10y,0.0,,0.0008160126391743083,0.002014939603931077,2.4692504836321123,0,,,,0.0,2025-02-20,1
audusd,brent,0.0,,0.0022507189519941706,0.0,0.0,0,,,,0.0,2025-02-20,1
audusd,henry_hub,0.0,,0.012668004436571751,0.015910777221349228,1.2559813426821822,0,,,,0.0,2025-02-20,1
brlusd,krwusd,0.0,,0.012301892952848816,0.01904402727305553,1.548056656487602,0,,,,0.0,2025-02-20,1
brlusd,eurusd,0.0,,0.01465288028253094,0.004948542869160903,0.3377180986771946,0,,,,0.0,2025-02-20,1
brlusd,sp500,0.0,,0.0003602232257927804,0.0,0.0,0,,,,0.0,2025-02-20,1
brlusd,vix,0.0,,0.0006100844507151347,0.0,0.0,0,,,,0.0,2025-02-20,1
brlusd,us10y,0.0,,0.029210597400077677,0.03059670101850023,1.047452080470592,0,,,,0.0,2025-02-20,1
brlusd,henry_hub,0.0,,0.008372537789132276,0.0,0.0,0,,,,0.0,2025-02-20,1
cnyusd,audusd,0.0,,0.01212208124469231,0.002326619330640851,0.19193233271387025,0,,,,0.0,2025-02-20,1
cnyusd,brlusd,0.0,,0.020478501942977127,0.02116929277737159,1.0337324886516595,0,,,,0.0,2025-02-20,1
cnyusd,krwusd,0.0,,0.004981008873949283,0.0,0.0,0,,,,0.0,2025-02-20,1
cnyusd,eurusd,0.0,,0.009698740480914183,0.0077878392890518315,0.8029742938660182,0,,,,0.0,2025-02-20,1
cnyusd,sp500,0.0,,0.006749034719631136,0.0,0.0,0,,,,0.0,2025-02-20,1
cnyusd,vix,0.0,,0.01670755094344412,0.03234977458815791,1.9362367768719355,0,,,,0.0,2025-02-20,1
cnyusd,brent,0.0,,0.0,0.0,0.0,0,,,,0.0,2025-02-20,1
cnyusd,henry_hub,0.0,,0.006969401361308318,0.0,0.0,0,,,,0.0,2025-02-20,1
krwusd,audusd,0.0,,0.017285642367111432,0.013689290740436295,0.791945734483218,0,,,,0.0,2025-02-20,1
krwusd,brlusd,0.0,,5.429427920795999e-06,0.0,0.0,0,,,,0.0,2025-02-20,1
krwusd,eurusd,0.0,,0.01903673857236207,0.025232088435634525,1.3254417682799402,0,,,,0.0,2025-02-20,1
krwusd,sp500,0.0,,0.0247396756079761,0.012476553835283885,0.504313558228768,0,,,,0.0,2025-02-20,1
krwusd,us10y,0.0,,0.006142430313978711,0.0,0.0,0,,,,0.0,2025-02-20,1
krwusd,wti,0.0,,0.0003575748487668777,0.0,0.0,0,,,,0.0,2025-02-20,1
krwusd,brent,0.0,,0.0006963295139189487,0.0,0.0,0,,,,0.0,2025-02-20,1
krwusd,henry_hub,0.0,,0.0031992491418732366,0.0,0.0,0,,,,0.0,2025-02-20,1
eurusd,brlusd,0.0,,0.013976621929038785,0.018492333354515805,1.3230903324425531,0,,,,0.0,2025-02-20,1
eurusd,cnyusd,0.0,,0.0026716547791638796,0.0,0.0,0,,,,0.0,2025-02-20,1
eurusd,vix,0.0,,0.03837070346347195,0.038773146055245976,1.01048827765582,0,,,,0.0,2025-02-20,1
eurusd,us10y,0.0,,0.022214164468126383,0.013622961409834594,0.6132556292801951,0,,,,0.0,2025-02-20,1
eurusd,brent,0.0,,0.02910018500780266,0.029974728948979838,1.0300528653320482,0,,,,0.0,2025-02-20,1
eurusd,henry_hub,0.0,,0.014772078565943612,0.0,0.0,0,,,,0.0,2025-02-20,1
sp500,us2y,0.0,,0.0032740567072108476,0.0,0.0,0,,,,0.0,2025-02-20,1
sp500,us10y,0.0,,0.009558952043237062,0.01683403081740643,1.7610749317773249,0,,,,0.0,2025-02-20,1
sp500,brent,0.0,,0.0213194634529421,0.020710703460722887,0.9714458108402722,0,,,,0.0,2025-02-20,1
sp500,henry_hub,0.0,,0.0003721203541045463,0.0,0.0,0,,,,0.0,2025-02-20,1
vix,cnyusd,0.0,,0.0,0.0,0.0,0,,,,0.0,2025-02-20,1
vix,krwusd,0.0,,0.0,0.0,0.0,0,,,,0.0,2025-02-20,1
vix,eurusd,0.0,,0.006121068786956768,0.007898516792421427,1.2903819687914924,0,,,,0.0,2025-02-20,1
vix,sp500,0.0,,0.014669102866702165,0.017276124872874707,1.1777219799917211,0,,,,0.0,2025-02-20,1
vix,us2y,0.0,,0.0023481224530305708,0.0,0.0,0,,,,0.0,2025-02-20,1
vix,us10y,0.0,,0.0011010562266870756,0.0030173817981256294,2.740442971931152,0,,,,0.0,2025-02-20,1
vix,wti,0.0,,6.30898083439607e-05,0.0,0.0,0,,,,0.0,2025-02-20,1
vix,brent,0.0,,0.00019188270187340948,0.0,0.0,0,,,,0.0,2025-02-20,1
vix,henry_hub,0.0,,0.025907006683577906,0.01822138251489129,0.703338009575671,0,,,,0.0,2025-02-20,1
us2y,audusd,0.0,,0.0357438548567869,0.04513919157827813,1.2628518037333984,0,,,,0.0,2025-02-20,1
us2y,brlusd,0.0,,0.005058598722507353,0.012492555539370795,2.4695683972297204,0,,,,0.0,2025-02-20,1
us2y,sp500,0.0,,0.018545708949077786,0.010952479961588393,0.590566798587283,0,,,,0.0,2025-02-20,1
us2y,vix,0.0,,0.001445565566705538,0.0,0.0,0,,,,0.0,2025-02-20,1
us2y,brent,0.0,,0.0062551680665722505,0.0006495427388874569,0.10384097309209435,0,,,,0.0,2025-02-20,1
us2y,henry_hub,0.0,,0.016104308777533532,0.020026544924827847,1.2435519711821514,0,,,,0.0,2025-02-20,1
us10y,audusd,0.0,,0.010641427307946734,0.0,0.0,0,,,,0.0,2025-02-20,1
us10y,brlusd,0.0,,0.012019451933134905,0.01500945316211951,1.2487635247944915,0,,,,0.0,2025-02-20,1
us10y,vix,0.0,,0.02849921378512773,0.025986400310982878,0.9118286738332354,0,,,,0.0,2025-02-20,1
us10y,wti,0.0,,0.0027771113189529314,0.00017168681228051436,0.06182208509569084,0,,,,0.0,2025-02-20,1
us10y,brent,0.0,,0.01285513826712505,0.0161855971123293,1.2590760811745887,0,,,,0.0,2025-02-20,1
us10y,henry_hub,0.0,,0.0,0.0,0.0,0,,,,0.0,2025-02-20,1
wti,audusd,0.0,,0.024827464436778034,0.02075266627881996,0.8358753803339702,0,,,,0.0,2025-02-20,1
wti,brlusd,0.0,,0.02179900105484572,0.02287285373138062,1.0492615544094481,0,,,,0.0,2025-02-20,1
wti,cnyusd,0.0,,0.013122634103431272,0.012088194503103267,0.9211713447030028,0,,,,0.0,2025-02-20,1
wti,krwusd,0.0,,0.0,0.0,0.0,0,,,,0.0,2025-02-20,1
wti,eurusd,0.0,,6.325913024065951e-05,0.0,0.0,0,,,,0.0,2025-02-20,1
wti,vix,0.0,,0.036274135870468224,0.03528151123751275,0.972635471276282,0,,,,0.0,2025-02-20,1
wti,us2y,0.0,,0.002092280662917055,0.002157382101988721,1.0311150603384642,0,,,,0.0,2025-02-20,1
wti,us10y,0.0,,0.017103433552314678,0.017967541308595028,1.05052247279105,0,,,,0.0,2025-02-20,1
wti,henry_hub,0.0,,0.00017713596365995614,0.0,0.0,0,,,,0.0,2025-02-20,1
brent,audusd,0.0,,0.014254150326848526,0.016460739246689705,1.154803258647058,0,,,,0.0,2025-02-20,1
brent,cnyusd,0.0,,0.013417354275198547,0.014350797031752445,1.0695698076840179,0,,,,0.0,2025-02-20,1
brent,krwusd,0.0,,0.012696771689182741,0.0073064104645510575,0.5754541897272907,0,,,,0.0,2025-02-20,1
brent,eurusd,0.0,,0.011455194598093582,0.00902331728445821,0.7877052814065599,0,,,,0.0,2025-02-20,1
brent,sp500,0.0,,0.022798226753654453,0.015660634470438094,0.6869233576654274,0,,,,0.0,2025-02-20,1
brent,us2y,0.0,,0.0,0.0,0.0,0,,,,0.0,2025-02-20,1
brent,henry_hub,0.0,,0.00010906948956251669,0.0,0.0,0,,,,0.0,2025-02-20,1
henry_hub,audusd,0.0,,0.002639432813862141,0.0,0.0,0,,,,0.0,2025-02-20,1
henry_hub,eurusd,0.0,,6.742503177165121e-05,0.0005189834886165178,7.697193089565942,0,,,,0.0,2025-02-20,1
henry_hub,sp500,0.0,,0.001127403560598146,0.0068600672019290074,6.0848372682887275,0,,,,0.0,2025-02-20,1
henry_hub,vix,0.0,,0.017279700476085107,0.01840378182207847,1.065052131404076,0,,,,0.0,2025-02-20,1
henry_hub,us2y,0.0,,0.019578057133347686,0.010703652884863519,0.5467168070845895,0,,,,0.0,2025-02-20,1
henry_hub,us10y,0.0,,2.474197971189803e-05,0.0,0.0,0,,,,0.0,2025-02-20,1
henry_hub,wti,0.0,,0.0014532642921657136,0.0,0.0,0,,,,0.0,2025-02-20,1
henry_hub,brent,0.0,,0.002967102045294962,0.0,0.0,0,,,,0.0,2025-02-20,1
pw_bab_el_mandeb_strait_capacity_z,audusd,0.0,,0.003317335768847554,0.0,0.0,0,,,,0.0,2025-02-20,1
pw_bab_el_mandeb_strait_capacity_z,brlusd,0.0,,0.000855188094427721,0.0,0.0,0,,,,0.0,2025-02-20,1
pw_bab_el_mandeb_strait_capacity_z,krwusd,0.0,,3.136711322394007e-05,0.0,0.0,0,,,,0.0,2025-02-20,1
pw_bab_el_mandeb_strait_capacity_z,eurusd,0.0,,0.002702143584775526,0.0,0.0,0,,,,0.0,2025-02-20,1
pw_bab_el_mandeb_strait_capacity_z,sp500,0.0,,0.0015367414597812106,0.0,0.0,0,,,,0.0,2025-02-20,1
pw_bab_el_mandeb_strait_capacity_z,vix,0.0,,9.220875500458905e-05,0.0,0.0,0,,,,0.0,2025-02-20,1
pw_bab_el_mandeb_strait_capacity_z,us2y,0.0,,0.0002071091991605591,0.0,0.0,0,,,,0.0,2025-02-20,1
pw_bab_el_mandeb_strait_capacity_z,us10y,0.0,,0.0,0.0,0.0,0,,,,0.0,2025-02-20,1
pw_bab_el_mandeb_strait_capacity_z,wti,0.0,,0.0,0.0,0.0,0,,,,0.0,2025-02-20,1
pw_bab_el_mandeb_strait_capacity_z,brent,0.0,,0.0,0.0,0.0,0,,,,0.0,2025-02-20,1
pw_bab_el_mandeb_strait_capacity_z,henry_hub,0.0,,0.030535333849741844,0.00944047377462315,0.3091655660644746,0,,,,0.0,2025-02-20,1
pw_bab_el_mandeb_strait_n_total_z,audusd,0.0,,0.001579588035046976,0.0,0.0,0,,,,0.0,2025-02-20,1
pw_bab_el_mandeb_strait_n_total_z,brlusd,0.0,,0.005536834474935754,0.0,0.0,0,,,,0.0,2025-02-20,1
pw_bab_el_mandeb_strait_n_total_z,krwusd,0.0,,7.936925204266466e-05,0.0,0.0,0,,,,0.0,2025-02-20,1
pw_bab_el_mandeb_strait_n_total_z,eurusd,0.0,,0.00040503130840577437,0.0,0.0,0,,,,0.0,2025-02-20,1
pw_bab_el_mandeb_strait_n_total_z,sp500,0.0,,0.0048976729985406135,0.0009371977531119114,0.19135572207274218,0,,,,0.0,2025-02-20,1
pw_bab_el_mandeb_strait_n_total_z,vix,0.0,,0.0,0.0,0.0,0,,,,0.0,2025-02-20,1
pw_bab_el_mandeb_strait_n_total_z,us2y,0.0,,0.0,0.0,0.0,0,,,,0.0,2025-02-20,1
pw_bab_el_mandeb_strait_n_total_z,us10y,0.0,,0.006698279220926875,0.008226222135653214,1.2281097673493089,0,,,,0.0,2025-02-20,1
pw_bab_el_mandeb_strait_n_total_z,wti,0.0,,0.0,0.0,0.0,0,,,,0.0,2025-02-20,1
pw_bab_el_mandeb_strait_n_total_z,brent,0.0,,0.0016947548318205245,0.0,0.0,0,,,,0.0,2025-02-20,1
pw_cape_of_good_hope_capacity_z,audusd,0.0,,0.00010426546717261211,0.0,0.0,0,,,,0.0,2025-02-20,1
pw_cape_of_good_hope_capacity_z,brlusd,0.0,,0.0004055165077635622,0.0,0.0,0,,,,0.0,2025-02-20,1
pw_cape_of_good_hope_capacity_z,cnyusd,0.0,,0.011749232566484845,0.007719647119819002,0.6570341574342143,0,,,,0.0,2025-02-20,1
pw_cape_of_good_hope_capacity_z,krwusd,0.0,,1.5533758491605514e-05,0.0,0.0,0,,,,0.0,2025-02-20,1
pw_cape_of_good_hope_capacity_z,eurusd,0.0,,0.0013885867169445626,0.0,0.0,0,,,,0.0,2025-02-20,1
pw_cape_of_good_hope_capacity_z,sp500,0.0,,0.015905758282054226,0.008205289420115553,0.5158691132238079,0,,,,0.0,2025-02-20,1
pw_cape_of_good_hope_capacity_z,vix,0.0,,0.014162838163846468,0.002393824649786088,0.16902153523838276,0,,,,0.0,2025-02-20,1
pw_cape_of_good_hope_capacity_z,us2y,0.0,,0.0,0.0,0.0,0,,,,0.0,2025-02-20,1
pw_cape_of_good_hope_capacity_z,us10y,0.0,,0.004026105499758303,0.0067012934168141775,1.6644604611619027,0,,,,0.0,2025-02-20,1
pw_cape_of_good_hope_capacity_z,wti,0.0,,0.009250104243713647,0.00687078396684662,0.7427790850590675,0,,,,0.0,2025-02-20,1
pw_cape_of_good_hope_n_total_z,audusd,0.0,,0.0004744384249891044,0.0,0.0,0,,,,0.0,2025-02-20,1
pw_cape_of_good_hope_n_total_z,cnyusd,0.0,,9.403936142697191e-05,0.0,0.0,0,,,,0.0,2025-02-20,1
pw_cape_of_good_hope_n_total_z,krwusd,0.0,,2.862530147042641e-06,0.0,0.0,0,,,,0.0,2025-02-20,1
pw_cape_of_good_hope_n_total_z,eurusd,0.0,,0.004913841341425459,0.0,0.0,0,,,,0.0,2025-02-20,1
pw_cape_of_good_hope_n_total_z,sp500,0.0,,8.157556711857772e-06,0.0,0.0,0,,,,0.0,2025-02-20,1
pw_cape_of_good_hope_n_total_z,vix,0.0,,0.0,0.0,0.0,0,,,,0.0,2025-02-20,1
pw_cape_of_good_hope_n_total_z,us2y,0.0,,0.00015983211841148027,0.0,0.0,0,,,,0.0,2025-02-20,1
pw_cape_of_good_hope_n_total_z,us10y,0.0,,0.024296790720956533,0.020064941542218002,0.825826825141624,0,,,,0.0,2025-02-20,1
pw_cape_of_good_hope_n_total_z,wti,0.0,,0.0006966772303513218,0.0,0.0,0,,,,0.0,2025-02-20,1
pw_cape_of_good_hope_n_total_z,brent,0.0,,0.0007630091233236057,0.0,0.0,0,,,,0.0,2025-02-20,1
pw_malacca_strait_capacity_z,audusd,0.0,,0.0,0.0,0.0,0,,,,0.0,2025-02-20,1
pw_malacca_strait_capacity_z,brlusd,0.0,,0.003549646056050592,0.00615398970745459,1.733691080823321,0,,,,0.0,2025-02-20,1
pw_malacca_strait_capacity_z,cnyusd,0.0,,0.0006047313711031658,0.0,0.0,0,,,,0.0,2025-02-20,1
pw_malacca_strait_capacity_z,krwusd,0.0,,0.00710199081696166,0.011412879203047796,1.6069971782828072,0,,,,0.0,2025-02-20,1
pw_malacca_strait_capacity_z,eurusd,0.0,,0.00018088900431963964,0.0,0.0,0,,,,0.0,2025-02-20,1
pw_malacca_strait_capacity_z,sp500,0.0,,0.0,0.0,0.0,0,,,,0.0,2025-02-20,1
pw_malacca_strait_capacity_z,vix,0.0,,0.0,0.0,0.0,0,,,,0.0,2025-02-20,1
pw_malacca_strait_capacity_z,us10y,0.0,,0.0,0.0,0.0,0,,,,0.0,2025-02-20,1
pw_malacca_strait_capacity_z,wti,0.0,,0.0,0.0,0.0,0,,,,0.0,2025-02-20,1
pw_malacca_strait_capacity_z,brent,0.0,,0.0,0.0,0.0,0,,,,0.0,2025-02-20,1
pw_malacca_strait_capacity_z,henry_hub,0.0,,0.0,0.0,0.0,0,,,,0.0,2025-02-20,1
pw_malacca_strait_n_total_z,audusd,0.0,,0.004573489177663837,0.0,0.0,0,,,,0.0,2025-02-20,1
pw_malacca_strait_n_total_z,brlusd,0.0,,0.0011712740961297356,0.0,0.0,0,,,,0.0,2025-02-20,1
pw_malacca_strait_n_total_z,cnyusd,0.0,,0.01687651321594684,0.00477843021739532,0.2831408452831429,0,,,,0.0,2025-02-20,1
pw_malacca_strait_n_total_z,krwusd,0.0,,0.0,0.0,0.0,0,,,,0.0,2025-02-20,1
pw_malacca_strait_n_total_z,eurusd,0.0,,0.02349618045554281,0.0228031709762102,0.9705054410590753,0,,,,0.0,2025-02-20,1
pw_malacca_strait_n_total_z,sp500,0.0,,0.007273949991331725,0.010910008958039319,1.4998740671905415,0,,,,0.0,2025-02-20,1
pw_malacca_strait_n_total_z,vix,0.0,,0.0,0.0,0.0,0,,,,0.0,2025-02-20,1
pw_malacca_strait_n_total_z,us2y,0.0,,0.0004330504284649981,0.0,0.0,0,,,,0.0,2025-02-20,1
pw_malacca_strait_n_total_z,us10y,0.0,,0.008132521914732323,0.014802448851049971,1.8201548063749895,0,,,,0.0,2025-02-20,1
pw_malacca_strait_n_total_z,wti,0.0,,0.0,0.0,0.0,0,,,,0.0,2025-02-20,1
pw_malacca_strait_n_total_z,brent,0.0,,0.004558830554862729,0.0,0.0,0,,,,0.0,2025-02-20,1
pw_panama_canal_capacity_z,audusd,0.0,,2.6126305047527782e-05,0.0,0.0,0,,,,0.0,2025-02-20,1
pw_panama_canal_capacity_z,brlusd,0.0,,0.0,0.0,0.0,0,,,,0.0,2025-02-20,1
pw_panama_canal_capacity_z,cnyusd,0.0,,0.0025938289072945453,0.0,0.0,0,,,,0.0,2025-02-20,1
pw_panama_canal_capacity_z,krwusd,0.0,,0.004516728760274473,0.0,0.0,0,,,,0.0,2025-02-20,1
pw_panama_canal_capacity_z,eurusd,0.0,,0.0,0.0,0.0,0,,,,0.0,2025-02-20,1
pw_panama_canal_capacity_z,sp500,0.0,,0.012672133511119435,0.009834787318017436,0.776095620314266,0,,,,0.0,2025-02-20,1
pw_panama_canal_capacity_z,vix,0.0,,0.017880184169905167,0.010550385131715601,0.5900602047194438,0,,,,0.0,2025-02-20,1
pw_panama_canal_capacity_z,us2y,0.0,,0.0,0.0,0.0,0,,,,0.0,2025-02-20,1
pw_panama_canal_capacity_z,us10y,0.0,,0.0,0.0,0.0,0,,,,0.0,2025-02-20,1
pw_panama_canal_capacity_z,wti,0.0,,0.0,0.0,0.0,0,,,,0.0,2025-02-20,1
pw_panama_canal_capacity_z,brent,0.0,,8.658141833723272e-05,0.0,0.0,0,,,,0.0,2025-02-20,1
pw_panama_canal_capacity_z,henry_hub,0.0,,0.005157466941423135,0.0,0.0,0,,,,0.0,2025-02-20,1
pw_panama_canal_n_total_z,audusd,0.0,,0.004017004692587957,0.00439830986735264,1.0949227606002687,0,,,,0.0,2025-02-20,1
pw_panama_canal_n_total_z,brlusd,0.0,,0.0,0.0,0.0,0,,,,0.0,2025-02-20,1
pw_panama_canal_n_total_z,cnyusd,0.0,,3.4720835672410204e-05,0.0,0.0,0,,,,0.0,2025-02-20,1
pw_panama_canal_n_total_z,krwusd,0.0,,0.0,0.0,0.0,0,,,,0.0,2025-02-20,1
pw_panama_canal_n_total_z,eurusd,0.0,,5.3731202366302526e-05,0.0,0.0,0,,,,0.0,2025-02-20,1
pw_panama_canal_n_total_z,sp500,0.0,,0.000988496399592629,0.0,0.0,0,,,,0.0,2025-02-20,1
pw_panama_canal_n_total_z,vix,0.0,,0.0,0.0,0.0,0,,,,0.0,2025-02-20,1
pw_panama_canal_n_total_z,us2y,0.0,,0.0011182563998011655,0.0,0.0,0,,,,0.0,2025-02-20,1
pw_panama_canal_n_total_z,us10y,0.0,,0.001188228097946367,0.0,0.0,0,,,,0.0,2025-02-20,1
pw_panama_canal_n_total_z,wti,0.0,,0.0,0.0,0.0,0,,,,0.0,2025-02-20,1
pw_panama_canal_n_total_z,brent,0.0,,0.00010536118551511488,0.0,0.0,0,,,,0.0,2025-02-20,1
pw_strait_of_hormuz_capacity_z,audusd,0.0,,0.012430282147212455,0.008351149592840973,0.6718391017949463,0,,,,0.0,2025-02-20,1
pw_strait_of_hormuz_capacity_z,brlusd,0.0,,0.0,0.0,0.0,0,,,,0.0,2025-02-20,1
pw_strait_of_hormuz_capacity_z,cnyusd,0.0,,0.0,0.0,0.0,0,,,,0.0,2025-02-20,1
pw_strait_of_hormuz_capacity_z,krwusd,0.0,,0.0,0.0,0.0,0,,,,0.0,2025-02-20,1
pw_strait_of_hormuz_capacity_z,eurusd,0.0,,2.6602138950118335e-05,0.0,0.0,0,,,,0.0,2025-02-20,1
pw_strait_of_hormuz_capacity_z,sp500,0.0,,0.0,0.0,0.0,0,,,,0.0,2025-02-20,1
pw_strait_of_hormuz_capacity_z,vix,0.0,,0.007952004664470783,0.0024005142757735406,0.3018753606243387,0,,,,0.0,2025-02-20,1
pw_strait_of_hormuz_capacity_z,us2y,0.0,,0.0003413796143384113,0.0,0.0,0,,,,0.0,2025-02-20,1
pw_strait_of_hormuz_capacity_z,us10y,0.0,,0.0012055831986623048,0.0,0.0,0,,,,0.0,2025-02-20,1
pw_strait_of_hormuz_capacity_z,wti,0.0,,0.01325341977836547,0.014565604630880233,1.0990072656309233,0,,,,0.0,2025-02-20,1
pw_strait_of_hormuz_capacity_z,henry_hub,0.0,,0.0027707448494660504,0.0,0.0,0,,,,0.0,2025-02-20,1
pw_strait_of_hormuz_n_total_z,audusd,0.0,,0.00030354098469835767,0.0,0.0,0,,,,0.0,2025-02-20,1
pw_strait_of_hormuz_n_total_z,brlusd,0.0,,0.01639748084625039,0.013819297688915015,0.8427695582321763,0,,,,0.0,2025-02-20,1
pw_strait_of_hormuz_n_total_z,cnyusd,0.0,,0.0,0.0,0.0,0,,,,0.0,2025-02-20,1
pw_strait_of_hormuz_n_total_z,krwusd,0.0,,0.0006963506939514787,0.0,0.0,0,,,,0.0,2025-02-20,1
pw_strait_of_hormuz_n_total_z,eurusd,0.0,,0.0,0.0,0.0,0,,,,0.0,2025-02-20,1
pw_strait_of_hormuz_n_total_z,sp500,0.0,,0.0,0.0,0.0,0,,,,0.0,2025-02-20,1
pw_strait_of_hormuz_n_total_z,vix,0.0,,0.0,0.0,0.0,0,,,,0.0,2025-02-20,1
pw_strait_of_hormuz_n_total_z,us2y,0.0,,0.0,0.0,0.0,0,,,,0.0,2025-02-20,1
pw_strait_of_hormuz_n_total_z,us10y,0.0,,0.010930192000915873,0.006007574473821706,0.5496311934244442,0,,,,0.0,2025-02-20,1
pw_strait_of_hormuz_n_total_z,wti,0.0,,0.0,0.0,0.0,0,,,,0.0,2025-02-20,1
pw_strait_of_hormuz_n_total_z,brent,0.0,,0.0,0.0,0.0,0,,,,0.0,2025-02-20,1
pw_strait_of_hormuz_n_total_z,henry_hub,0.0,,0.0010056679287723947,0.002538613293733488,2.524305708776394,0,,,,0.0,2025-02-20,1
pw_suez_canal_capacity_z,audusd,0.0,,0.0,0.0,0.0,0,,,,0.0,2025-02-20,1
pw_suez_canal_capacity_z,cnyusd,0.0,,0.0,0.0,0.0,0,,,,0.0,2025-02-20,1
pw_suez_canal_capacity_z,krwusd,0.0,,0.0,0.0,0.0,0,,,,0.0,2025-02-20,1
pw_suez_canal_capacity_z,eurusd,0.0,,0.0006853092624215303,0.0,0.0,0,,,,0.0,2025-02-20,1
pw_suez_canal_capacity_z,sp500,0.0,,0.0,0.0,0.0,0,,,,0.0,2025-02-20,1
pw_suez_canal_capacity_z,vix,0.0,,0.0,0.0,0.0,0,,,,0.0,2025-02-20,1
pw_suez_canal_capacity_z,us2y,0.0,,0.0,0.0,0.0,0,,,,0.0,2025-02-20,1
pw_suez_canal_capacity_z,us10y,0.0,,0.0017655221086048882,0.0,0.0,0,,,,0.0,2025-02-20,1
pw_suez_canal_capacity_z,wti,0.0,,5.521833214273007e-05,0.0,0.0,0,,,,0.0,2025-02-20,1
pw_suez_canal_capacity_z,brent,0.0,,0.0,0.0,0.0,0,,,,0.0,2025-02-20,1
pw_suez_canal_capacity_z,henry_hub,0.0,,0.0,0.0,0.0,0,,,,0.0,2025-02-20,1
pw_suez_canal_n_total_z,audusd,0.0,,7.05531539933303e-05,0.0,0.0,0,,,,0.0,2025-02-20,1
pw_suez_canal_n_total_z,brlusd,0.0,,0.0,0.0,0.0,0,,,,0.0,2025-02-20,1
pw_suez_canal_n_total_z,cnyusd,0.0,,0.0,0.0,0.0,0,,,,0.0,2025-02-20,1
pw_suez_canal_n_total_z,krwusd,0.0,,0.0,0.0,0.0,0,,,,0.0,2025-02-20,1
pw_suez_canal_n_total_z,eurusd,0.0,,0.0,0.0,0.0,0,,,,0.0,2025-02-20,1
pw_suez_canal_n_total_z,sp500,0.0,,0.0,0.0,0.0,0,,,,0.0,2025-02-20,1
pw_suez_canal_n_total_z,vix,0.0,,0.0032296960449752434,0.0,0.0,0,,,,0.0,2025-02-20,1
pw_suez_canal_n_total_z,us2y,0.0,,0.0,0.0,0.0,0,,,,0.0,2025-02-20,1
pw_suez_canal_n_total_z,us10y,0.0,,0.0,0.0,0.0,0,,,,0.0,2025-02-20,1
pw_suez_canal_n_total_z,wti,0.0,,0.0018401953552191765,0.0,0.0,0,,,,0.0,2025-02-20,1
pw_suez_canal_n_total_z,brent,0.0,,0.012718096563806194,0.010575472664113366,0.8315295147396178,0,,,,0.0,2025-02-20,1
eurusd,wti,1.0,1.0,0.08592287883323887,0.08155654290409488,0.9491830815210663,380,0.042048437346269424,0.5915690089973246,1.6719803560719053,0.6489368730747896,2025-03-20,1
sp500,audusd,1.0,1.0,0.18975388512778266,0.17975686083647202,0.9473158387003328,380,1.1580021247512317e-06,0.5644427507196643,1.3544477557487398,0.5586431969289891,2025-03-20,1
us2y,eurusd,1.0,0.9876020735674352,0.09571715449307197,0.09686513951933864,1.0119935139353706,380,1.8574871484128207e-07,0.4834469210455937,1.075186646886309,0.48507462574520843,2025-03-20,1
sp500,krwusd,1.0,1.0,0.21997608230326296,0.21957472350413446,0.9981754434621889,380,7.734853246705068e-07,0.5232048138475273,1.04811062740404,0.47994655524805213,2025-03-20,1
brlusd,us2y,1.0,1.0,0.06092448245802879,0.05934638019112196,0.974097403814731,380,1.7761453389688008e-05,0.48071804078963926,0.8658393059936168,0.39719641289261626,2025-03-20,1
pw_cape_of_good_hope_capacity_z,henry_hub,0.760090794300599,1.0,0.05903706713808008,0.03855402256039418,0.6530477279676055,360,0.00017546136719676428,0.546468177601362,1.7580883121638526,0.35041143981950523,2025-03-20,1
wti,brent,1.0,1.0,0.3918187680322998,0.37584090484470123,0.9592212918542956,380,8.526007047402878e-06,0.5283841851998027,0.7466702947429528,0.34235133679283847,2025-03-20,1
audusd,eurusd,0.9876020735674352,0.9150016356202861,0.06195296030289413,0.062142047569769404,1.0030521102777141,360,1.0729537762380337e-07,0.491733676645107,0.7860806084729783,0.3379482864349856,2025-03-20,1
krwusd,cnyusd,0.33947529072349825,1.0,0.040013431946192446,0.05361648772623702,1.3399622356396999,40,4.1539224646135186e-08,0.48752067170948893,0.7743051734427518,0.12523342095401221,2025-03-20,1
us2y,cnyusd,1.0,1.0,0.1106055906126793,0.11606652323928057,1.049373025326762,380,1.364914032567109e-08,0.4532438628254751,0.2335958896723441,0.11626971719014693,2025-03-20,1
cnyusd,us10y,1.0,1.0,0.06779965167385252,0.06359422497052665,0.9379727388046785,380,5.021512057722937e-06,0.5372662919216791,0.24565351413076875,0.11463226547071276,2025-03-20,1
sp500,vix,1.0,1.0,0.05849512216623546,0.056645780483953384,0.9683846855293936,380,0.003341748883503385,0.4888905538594506,0.15207816712872976,0.07349349354962567,2025-03-20,1
pw_suez_canal_capacity_z,brlusd,0.06735997483524271,1.0,0.040893156273571554,0.04233120506833206,1.0351660014976611,80,8.179476256627025e-08,0.5582242768890886,0.13058864720331084,0.0043919842478535595,2025-03-20,1
audusd,us2y,0.03006679867612761,1.0,0.022802297676645426,0.007666502067715551,0.33621620840288113,40,5.589368221485746e-05,0.552466845489316,0.6254922979652147,0.003062336146474092,2025-03-20,1
brent,us10y,0.02014049090939814,1.0,0.04208729832641612,0.0399252612594946,0.9486297017652827,20,9.526109637754121e-06,0.39759815730182035,0.23458885524139247,0.0022307908149196906,2025-03-20,1
brlusd,wti,1.0,1.0,0.06664251861872852,0.06390449659121156,0.9589147876720928,380,-0.004203862021478623,0.46255120920074805,-0.3863616799030864,0.0,2025-03-20,1
cnyusd,us2y,1.0,1.0,0.07852532409619543,0.0595834054689377,0.7587794912625458,380,-2.1336511657064197e-05,0.5053785906212244,-0.6498336993736713,0.0,2025-03-20,1
eurusd,krwusd,1.0,1.0,0.18372555577366168,0.15559649449613167,0.8468963059652777,380,-1.2582433176491633e-06,0.455605482523289,-1.6557697978431876,0.0,2025-03-20,1
eurusd,sp500,1.0,1.0,0.07780867823244762,0.06905688466042438,0.8875216264967526,380,-9.745623006956633e-07,0.4759066354994494,-1.035811090717894,0.0,2025-03-20,1
sp500,brlusd,1.0,1.0,0.07339488177570448,0.07835339002332384,1.0675593192284525,380,-1.3774619984813266e-07,0.5287039564530451,-0.2911964031344975,0.0,2025-03-20,1
sp500,cnyusd,1.0,1.0,0.09831757355981914,0.09628867465862061,0.9793638224811957,380,-1.8811222104929168e-08,0.4506270616138406,-0.41260563738538714,0.0,2025-03-20,1
sp500,eurusd,1.0,1.0,0.14629812736410122,0.12316153053957381,0.8418530897053389,380,-1.8763165056906513e-07,0.503872942603959,-0.42162255690068684,0.0,2025-03-20,1
us2y,krwusd,1.0,1.0,0.16809404201344066,0.17157202369094124,1.020690689781988,380,-1.6215545972058727e-07,0.4611392225665375,-0.3445802506742604,0.0,2025-03-20,1
wti,sp500,1.0,1.0,0.0670800336838428,0.057828427517254664,0.862081074523722,380,-1.5538673583433635e-07,0.47046245189188635,-0.3902993507157682,0.0,2025-03-20,1
brent,brlusd,1.0,1.0,0.057346355639256996,0.051975747252911694,0.9063478694246998,380,-1.1591091640704572e-07,0.5003202499961907,-0.6178136959004958,0.0,2025-03-20,1
brent,wti,1.0,1.0,0.09317373647631014,0.07469841823888122,0.8017110943905705,380,-0.022602219654758192,0.4179872887358862,-1.8361363760067757,0.0,2025-03-20,1
pw_panama_canal_n_total_z,henry_hub,1.0,1.0,0.2781630298056,0.23222038876109663,0.8348355600073406,380,-6.762494478290939e-05,0.5238851039446168,-0.5931843291797653,0.0,2025-03-20,1
vix,brlusd,0.7869399804072845,1.0,0.08587078764645634,0.0519367268127813,0.6048241577405002,340,-2.5238603615043986e-06,0.5067047658241286,-1.1773294052443635,0.0,2025-03-20,1
brlusd,audusd,0.760090794300599,0.8647473010856316,0.05880453980985417,0.04345787349637978,0.7390224230459385,360,-2.4706530461498844e-07,0.46460098741765515,-1.310442505700366,0.0,2025-03-20,1
audusd,wti,0.700595805690699,1.0,0.0593195664266249,0.05238520339597182,0.8831015894354098,320,-0.02207333048859636,0.4714175477744229,-1.4025850212915563,0.0,2025-03-20,1
brent,vix,0.6605247092765018,1.0,0.06644544006385689,0.036655063372224087,0.5516565672075768,340,-0.0067922543293936705,0.45176454456656995,-0.9727948860428021,0.0,2025-03-20,1
pw_cape_of_good_hope_n_total_z,henry_hub,0.5660578394578124,0.6395406756291063,0.06019211819381817,0.048689517621816725,0.8089018808913958,260,-8.978657676589761e-05,0.4874945552028617,-0.7772999451635215,0.0,2025-03-20,1
us10y,eurusd,0.49843242102553736,0.9158390659489278,0.05248020605493719,0.026642104478307612,0.5076600585450864,300,-8.02049059233817e-08,0.47342468080163946,-0.5115521853486394,0.0,2025-03-20,1
pw_bab_el_mandeb_strait_n_total_z,henry_hub,0.47137620321079426,1.0,0.04327652374363341,0.023901411895051777,0.5522950973752372,200,-3.002285726738927e-05,0.5204348386330874,-0.45694958732023816,0.0,2025-03-20,1
us10y,krwusd,0.45648388291069086,1.0,0.04302632520391123,0.022430862127264084,0.5213287916399852,240,-2.1877647340652718e-07,0.43197748777599276,-0.9936921796839672,0.0,2025-03-20,1
us2y,wti,0.4309485237762104,1.0,0.054252945799148466,0.04469236340117537,0.8237776353496522,280,-0.014120907735312303,0.45918688886356274,-0.6878765053746134,0.0,2025-03-20,1
us10y,us2y,0.4309485237762104,1.0,0.0517941443157602,0.04404247897305918,0.8503370323980368,280,-1.8103258094353628e-05,0.5089496683753805,-0.43903356748731975,0.0,2025-03-20,1
pw_cape_of_good_hope_capacity_z,brent,0.4309485237762104,1.0,0.05496201532167679,0.04779013266796131,0.8695120145842447,280,-1.1065877589067673e-05,0.3804596914312197,-2.201709290124808,0.0,2025-03-20,1
pw_malacca_strait_capacity_z,us2y,0.3939805549186717,1.0,0.04742089737017998,0.050770859818503794,1.0706431686050377,80,-2.4155480640170498e-05,0.46010796015330235,-0.8980063321281959,0.0,2025-03-20,1
henry_hub,krwusd,0.38179549985609396,1.0,0.044831863248821595,0.02340197817324795,0.5219943245134491,160,-1.67625340072694e-07,0.46811334546110467,-0.6405786902307203,0.0,2025-03-20,1
sp500,wti,0.35925882439295564,1.0,0.048117191063962464,0.0400550437281562,0.832447672909892,240,-0.003936784432050441,0.5202623829233483,-0.28423382124155244,0.0,2025-03-20,1
eurusd,us2y,0.34731595603652027,1.0,0.043681821443714026,0.02476226751673963,0.5668780902061723,240,-1.8797093511585326e-05,0.47318396913689387,-0.7293238725407807,0.0,2025-03-20,1
brlusd,brent,0.31721131195423397,1.0,0.048405717330232585,0.04253300331053972,0.8786772649266171,240,-3.167976941535468e-06,0.4388730197218736,-1.4905855150022052,0.0,2025-03-20,1
vix,audusd,0.31721131195423397,1.0,0.047755122789518094,0.04192897431978738,0.8779995081279633,240,-8.076285656512395e-07,0.5008374415202018,-1.164839917572995,0.0,2025-03-20,1
us10y,sp500,0.23494994227867588,1.0,0.04706466027362592,0.0390749941941918,0.8302406512023339,160,-1.2885632983144755e-06,0.5106106426540943,-1.4287681847758524,0.0,2025-03-20,1
krwusd,us2y,0.22763060859953368,1.0,0.04518551697172557,0.037263408944534976,0.8246759457870587,200,-8.480960205791364e-06,0.5325201950507705,-0.15635574678328334,0.0,2025-03-20,1
eurusd,audusd,0.21223603571776853,0.9415842536323494,0.04079654841435035,0.041815205704575094,1.024969202783499,60,-6.14050034293927e-07,0.532758264391087,-0.8745710319355244,0.0,2025-03-20,1
henry_hub,cnyusd,0.1785524448835009,1.0,0.04610426377036059,0.03661639495657386,0.7942084302431422,140,-5.873776065020765e-08,0.5946189537236499,-0.4590948140345449,0.0,2025-03-20,1
pw_suez_canal_n_total_z,henry_hub,0.128673074464413,1.0,0.02914326673389459,0.0,0.0,140,0.00011369156606820158,0.5622340909004842,0.7553141850767687,0.0,2025-03-20,1
henry_hub,brlusd,0.10280433134912198,0.5799114645855681,0.01055826964722658,0.012086524259839254,1.144744798501534,120,-2.306199469798468e-06,0.5154017189945581,-1.4854727841034774,0.0,2025-03-20,1
pw_strait_of_hormuz_capacity_z,brent,0.08527888723103397,1.0,0.041080343597309284,0.03545568371485768,0.8630814791232658,60,-5.185965165730865e-06,0.40217967225309975,-0.6948023036075388,0.0,2025-03-20,1
us10y,cnyusd,0.0797579012678075,1.0,0.02107372445203171,0.0,0.0,100,3.6378295990629835e-08,0.47796823527004156,0.3299882266022636,0.0,2025-03-20,1
pw_malacca_strait_n_total_z,henry_hub,0.06748389724932703,1.0,0.03310869996031591,0.02483438783777285,0.7500864687390127,20,-3.06269189939006e-05,0.35004644165153453,-0.7627869741194294,0.0,2025-03-20,1
audusd,sp500,0.04194853811484655,1.0,0.03548338828841611,0.031892012712096025,0.898787129709016,60,-1.6194545141643408e-06,0.4527991300545022,-1.2702065892735914,0.0,2025-03-20,1
us2y,us10y,0.04194853811484655,1.0,0.02158223451424036,0.012637375719452627,0.5855452877742687,60,-1.6465517229522645e-05,0.49955110331497954,-0.3615080398696996,0.0,2025-03-20,1
pw_cape_of_good_hope_n_total_z,brlusd,0.03253841734196294,1.0,0.02955845651792055,0.015147684877457285,0.5124653538074163,40,-1.71712192105884e-06,0.332958394848248,-1.3696789788072143,0.0,2025-03-20,1
krwusd,vix,0.03006679867612761,1.0,0.030703004107412595,0.015635898024402364,0.509262806001039,40,-0.05096883898372772,0.2993842190935326,-2.039253999919229,0.0,2025-03-20,1
cnyusd,wti,0.02014049090939814,1.0,0.023125314049310033,0.014714077831961082,0.6362758058371143,20,-0.02635085571725611,0.44326190323666975,-1.2536483129621627,0.0,2025-03-20,1
audusd,vix,0.012397926432564795,1.0,0.035441605896329144,0.03374327372609713,0.9520808347341869,20,-0.11408765609220188,0.3523238476329138,-1.852075671741366,0.0,2025-03-20,1
brlusd,cnyusd,0.012397926432564795,1.0,0.02841043435323798,0.01986469566655422,0.699204222630627,20,-2.7076723537118365e-09,0.5031297473171652,-0.02698347389077925,0.0,2025-03-20,1
pw_bab_el_mandeb_strait_capacity_z,cnyusd,0.012397926432564795,1.0,0.016160116769279944,0.0,0.0,20,-8.052518251198796e-07,0.29832181352035564,-2.25560427022738,0.0,2025-03-20,1
pw_bab_el_mandeb_strait_n_total_z,cnyusd,0.012397926432564795,1.0,0.01994046524284169,0.01533036481430093,0.7688067769534258,20,-6.296462030138999e-07,0.2507153160886358,-2.7206532902336567,0.0,2025-03-20,1
audusd,brlusd,0.0,,0.0025441669267894764,0.0027582729282746416,1.0841556421595924,0,,,,0.0,2025-03-20,1
audusd,cnyusd,0.0,,0.0024833090886632867,0.00914981342111275,3.6845245977970076,0,,,,0.0,2025-03-20,1
audusd,krwusd,0.0,,0.006951436325128347,0.006926363679036111,0.9963931704298862,0,,,,0.0,2025-03-20,1
audusd,us10y,0.0,,0.0007128561801469425,0.0,0.0,0,,,,0.0,2025-03-20,1
audusd,brent,0.0,,0.001966193705438637,0.0,0.0,0,,,,0.0,2025-03-20,1
audusd,henry_hub,0.0,,0.012760484362534462,0.013399561036778983,1.0500824777561648,0,,,,0.0,2025-03-20,1
brlusd,krwusd,0.0,,0.013479543012435008,0.021617619202154992,1.6037353181938387,0,,,,0.0,2025-03-20,1
brlusd,eurusd,0.0,,0.013029611311741317,0.0018121138445087945,0.13907658495352446,0,,,,0.0,2025-03-20,1
brlusd,sp500,0.0,,0.000846522265038217,0.004207060992270665,4.969817293678311,0,,,,0.0,2025-03-20,1
brlusd,vix,0.0,,0.0005329604594653063,0.0,0.0,0,,,,0.0,2025-03-20,1
brlusd,us10y,0.0,,0.029175289085989778,0.02893129321655565,0.9916368996819539,0,,,,0.0,2025-03-20,1
brlusd,henry_hub,0.0,,0.007314121154466394,0.0,0.0,0,,,,0.0,2025-03-20,1
cnyusd,audusd,0.0,,0.010794398136497544,0.0016195280616895136,0.15003412336753047,0,,,,0.0,2025-03-20,1
cnyusd,brlusd,0.0,,0.020729792338643114,0.022466318710826466,1.0837695980652076,0,,,,0.0,2025-03-20,1
cnyusd,krwusd,0.0,,0.004564967589704272,0.0016899406309788978,0.3701977281920584,0,,,,0.0,2025-03-20,1
cnyusd,eurusd,0.0,,0.009535488311299434,0.00840734452728881,0.8816899830212379,0,,,,0.0,2025-03-20,1
cnyusd,sp500,0.0,,0.0058958536656779,0.0,0.0,0,,,,0.0,2025-03-20,1
cnyusd,vix,0.0,,0.017889411922310194,0.026056587403156188,1.456536833983937,0,,,,0.0,2025-03-20,1
cnyusd,brent,0.0,,0.0,0.0,0.0,0,,,,0.0,2025-03-20,1
cnyusd,henry_hub,0.0,,0.006088362598599282,0.0,0.0,0,,,,0.0,2025-03-20,1
krwusd,audusd,0.0,,0.016836647741985546,0.013733898807099795,0.8157145660802521,0,,,,0.0,2025-03-20,1
krwusd,brlusd,0.0,,4.7430653181035304e-06,0.0,0.0,0,,,,0.0,2025-03-20,1
krwusd,eurusd,0.0,,0.019579516467856647,0.023330348756000763,1.191569199081182,0,,,,0.0,2025-03-20,1
krwusd,sp500,0.0,,0.022214979028251883,0.004768223131223559,0.21464000146745918,0,,,,0.0,2025-03-20,1
krwusd,us10y,0.0,,0.005568334901118083,0.0016010848916626164,0.2875338714525108,0,,,,0.0,2025-03-20,1
krwusd,wti,0.0,,0.00031237192731046424,0.0,0.0,0,,,,0.0,2025-03-20,1
krwusd,brent,0.0,,0.0006083028296205187,0.0,0.0,0,,,,0.0,2025-03-20,1
krwusd,henry_hub,0.0,,0.0029280560949076326,0.0010539937107865735,0.3599636334220648,0,,,,0.0,2025-03-20,1
eurusd,brlusd,0.0,,0.014149905743818983,0.015347372576726978,1.0846271950207922,0,,,,0.0,2025-03-20,1
eurusd,cnyusd,0.0,,0.0023339168158880265,0.0,0.0,0,,,,0.0,2025-03-20,1
eurusd,vix,0.0,,0.03803268348557363,0.03569681782548894,0.9385826755829438,0,,,,0.0,2025-03-20,1
eurusd,us10y,0.0,,0.02041816860954381,0.008007052918094405,0.39215333516012635,0,,,,0.0,2025-03-20,1
eurusd,brent,0.0,,0.029268318958221944,0.030430197979458184,1.03969749758757,0,,,,0.0,2025-03-20,1
eurusd,henry_hub,0.0,,0.012904662248864626,0.0,0.0,0,,,,0.0,2025-03-20,1
sp500,us2y,0.0,,0.0028601659408712308,0.0,0.0,0,,,,0.0,2025-03-20,1
sp500,us10y,0.0,,0.011096464450383078,0.021721346613078115,1.957501572703929,0,,,,0.0,2025-03-20,1
sp500,brent,0.0,,0.020626604538048543,0.015838646865705883,0.7678746560777548,0,,,,0.0,2025-03-20,1
sp500,henry_hub,0.0,,0.0005160947737293807,0.0015110208867457795,2.9277973032489917,0,,,,0.0,2025-03-20,1
vix,cnyusd,0.0,,0.0,0.0,0.0,0,,,,0.0,2025-03-20,1
vix,krwusd,0.0,,0.0,0.0,0.0,0,,,,0.0,2025-03-20,1
vix,eurusd,0.0,,0.005643818264957534,0.0023458087433699784,0.4156421474332553,0,,,,0.0,2025-03-20,1
vix,sp500,0.0,,0.016534320536355753,0.029423789171364904,1.7795584104389242,0,,,,0.0,2025-03-20,1
vix,us2y,0.0,,0.00215901905196617,0.0008522319694452116,0.39473110191830085,0,,,,0.0,2025-03-20,1
vix,us10y,0.0,,0.001373823140542927,0.003258761632180852,2.37203868242677,0,,,,0.0,2025-03-20,1
vix,wti,0.0,,5.511429311656979e-05,0.0,0.0,0,,,,0.0,2025-03-20,1
vix,brent,0.0,,0.0001676257980907753,0.0,0.0,0,,,,0.0,2025-03-20,1
vix,henry_hub,0.0,,0.024388308992783662,0.013893444736437258,0.5696764273631368,0,,,,0.0,2025-03-20,1
us2y,audusd,0.0,,0.03647441304755555,0.04152288917941117,1.1384114427084375,0,,,,0.0,2025-03-20,1
us2y,brlusd,0.0,,0.005974419503443254,0.012303141037244314,2.0593031724929274,0,,,,0.0,2025-03-20,1
us2y,sp500,0.0,,0.01760827775169801,0.011130218803034019,0.6321015013498809,0,,,,0.0,2025-03-20,1
us2y,vix,0.0,,0.001262824003653134,0.0,0.0,0,,,,0.0,2025-03-20,1
us2y,brent,0.0,,0.005464419299467906,0.0,0.0,0,,,,0.0,2025-03-20,1
us2y,henry_hub,0.0,,0.016379050809429505,0.018277638229255724,1.1159155949826587,0,,,,0.0,2025-03-20,1
us10y,audusd,0.0,,0.009296188389594133,0.0,0.0,0,,,,0.0,2025-03-20,1
us10y,brlusd,0.0,,0.01217428438848038,0.013244244270013998,1.0878868808540436,0,,,,0.0,2025-03-20,1
us10y,vix,0.0,,0.02759269199901114,0.02132823058026833,0.7729666456985308,0,,,,0.0,2025-03-20,1
us10y,wti,0.0,,0.002426042038607131,0.0,0.0,0,,,,0.0,2025-03-20,1
us10y,brent,0.0,,0.013003544794098957,0.014029098704391986,1.0788672570850395,0,,,,0.0,2025-03-20,1
us10y,henry_hub,0.0,,0.0,0.0,0.0,0,,,,0.0,2025-03-20,1
wti,audusd,0.0,,0.024062393173654408,0.018775416640019985,0.7802805192534605,0,,,,0.0,2025-03-20,1
wti,brlusd,0.0,,0.02235561846856033,0.02620208787130132,1.1720582862939108,0,,,,0.0,2025-03-20,1
wti,cnyusd,0.0,,0.012821576859409312,0.010741139831979671,0.8377393786862588,0,,,,0.0,2025-03-20,1
wti,krwusd,0.0,,0.0,0.0,0.0,0,,,,0.0,2025-03-20,1
wti,eurusd,0.0,,5.526221013978905e-05,0.0,0.0,0,,,,0.0,2025-03-20,1
wti,vix,0.0,,0.03647120456243004,0.037833035283482336,1.0373398887530891,0,,,,0.0,2025-03-20,1
wti,us2y,0.0,,0.001982141267598903,0.0012210299482450333,0.6160156030271983,0,,,,0.0,2025-03-20,1
wti,us10y,0.0,,0.017010451010124262,0.016367901038254567,0.9622261648743315,0,,,,0.0,2025-03-20,1
wti,henry_hub,0.0,,0.00015474327278687034,0.0,0.0,0,,,,0.0,2025-03-20,1
brent,audusd,0.0,,0.014144247074206178,0.013384767603865238,0.9463047084545103,0,,,,0.0,2025-03-20,1
brent,cnyusd,0.0,,0.013533981988838945,0.014339930421238212,1.0595499855891568,0,,,,0.0,2025-03-20,1
brent,krwusd,0.0,,0.011986079189670245,0.007074883659711594,0.5902583778863082,0,,,,0.0,2025-03-20,1
brent,eurusd,0.0,,0.01074057010294564,0.005802202766049584,0.5402136674717396,0,,,,0.0,2025-03-20,1
brent,sp500,0.0,,0.02133528691957915,0.011225733802531402,0.5261580894058506,0,,,,0.0,2025-03-20,1
brent,us2y,0.0,,0.0,0.0,0.0,0,,,,0.0,2025-03-20,1
brent,henry_hub,0.0,,9.528144046737507e-05,0.0,0.0,0,,,,0.0,2025-03-20,1
henry_hub,audusd,0.0,,0.002305768199066274,0.0,0.0,0,,,,0.0,2025-03-20,1
henry_hub,eurusd,0.0,,5.890147809923629e-05,0.0,0.0,0,,,,0.0,2025-03-20,1
henry_hub,sp500,0.0,,0.002053489081412788,0.008453144450372147,4.116478887998974,0,,,,0.0,2025-03-20,1
henry_hub,vix,0.0,,0.016869621781069467,0.014035798917772622,0.832016218260633,0,,,,0.0,2025-03-20,1
henry_hub,us2y,0.0,,0.01809833698093519,0.007872824536238037,0.43500264938879635,0,,,,0.0,2025-03-20,1
henry_hub,us10y,0.0,,2.1614215638306114e-05,0.0,0.0,0,,,,0.0,2025-03-20,1
henry_hub,wti,0.0,,0.0012695494926468999,0.0,0.0,0,,,,0.0,2025-03-20,1
henry_hub,brent,0.0,,0.0025920150357662997,0.0,0.0,0,,,,0.0,2025-03-20,1
pw_bab_el_mandeb_strait_capacity_z,audusd,0.0,,0.002897973868196847,0.0,0.0,0,,,,0.0,2025-03-20,1
pw_bab_el_mandeb_strait_capacity_z,brlusd,0.0,,0.0007470792596028233,0.0,0.0,0,,,,0.0,2025-03-20,1
pw_bab_el_mandeb_strait_capacity_z,krwusd,0.0,,2.7401831101145723e-05,0.0,0.0,0,,,,0.0,2025-03-20,1
pw_bab_el_mandeb_strait_capacity_z,eurusd,0.0,,0.0027815890350968075,0.003330591790523479,1.1973701896648312,0,,,,0.0,2025-03-20,1
pw_bab_el_mandeb_strait_capacity_z,sp500,0.0,,0.0013424738714850543,0.0,0.0,0,,,,0.0,2025-03-20,1
pw_bab_el_mandeb_strait_capacity_z,vix,0.0,,8.0552160240052e-05,0.0,0.0,0,,,,0.0,2025-03-20,1
pw_bab_el_mandeb_strait_capacity_z,us2y,0.0,,0.00018092743359499777,0.0,0.0,0,,,,0.0,2025-03-20,1
pw_bab_el_mandeb_strait_capacity_z,us10y,0.0,,0.0,0.0,0.0,0,,,,0.0,2025-03-20,1
pw_bab_el_mandeb_strait_capacity_z,wti,0.0,,0.0,0.0,0.0,0,,,,0.0,2025-03-20,1
pw_bab_el_mandeb_strait_capacity_z,brent,0.0,,0.0,0.0,0.0,0,,,,0.0,2025-03-20,1
pw_bab_el_mandeb_strait_capacity_z,henry_hub,0.0,,0.02898005448499479,0.018232394886473356,0.6291359768116955,0,,,,0.0,2025-03-20,1
pw_bab_el_mandeb_strait_n_total_z,audusd,0.0,,0.0013799039853215724,0.0,0.0,0,,,,0.0,2025-03-20,1
pw_bab_el_mandeb_strait_n_total_z,brlusd,0.0,,0.004836894043580486,0.0,0.0,0,,,,0.0,2025-03-20,1
pw_bab_el_mandeb_strait_n_total_z,krwusd,0.0,,6.933576652624378e-05,0.0,0.0,0,,,,0.0,2025-03-20,1
pw_bab_el_mandeb_strait_n_total_z,eurusd,0.0,,0.0003538291657372027,0.0,0.0,0,,,,0.0,2025-03-20,1
pw_bab_el_mandeb_strait_n_total_z,sp500,0.0,,0.00608365378638409,0.014279298946378215,2.347158376819028,0,,,,0.0,2025-03-20,1
pw_bab_el_mandeb_strait_n_total_z,vix,0.0,,0.0,0.0,0.0,0,,,,0.0,2025-03-20,1
pw_bab_el_mandeb_strait_n_total_z,us2y,0.0,,0.0,0.0,0.0,0,,,,0.0,2025-03-20,1
pw_bab_el_mandeb_strait_n_total_z,us10y,0.0,,0.007736009353089641,0.01490717774149551,1.9269854858101763,0,,,,0.0,2025-03-20,1
pw_bab_el_mandeb_strait_n_total_z,wti,0.0,,0.0,0.0,0.0,0,,,,0.0,2025-03-20,1
pw_bab_el_mandeb_strait_n_total_z,brent,0.0,,0.0014805119402557289,0.0,0.0,0,,,,0.0,2025-03-20,1
pw_cape_of_good_hope_capacity_z,audusd,0.0,,9.108471987040863e-05,0.0,0.0,0,,,,0.0,2025-03-20,1
pw_cape_of_good_hope_capacity_z,brlusd,0.0,,0.00035425302848662334,0.0,0.0,0,,,,0.0,2025-03-20,1
pw_cape_of_good_hope_capacity_z,cnyusd,0.0,,0.011573123194733283,0.01035613052923676,0.8948431944412072,0,,,,0.0,2025-03-20,1
pw_cape_of_good_hope_capacity_z,krwusd,0.0,,1.3570054200209105e-05,0.0,0.0,0,,,,0.0,2025-03-20,1
pw_cape_of_good_hope_capacity_z,eurusd,0.0,,0.0012130481506334122,0.0,0.0,0,,,,0.0,2025-03-20,1
pw_cape_of_good_hope_capacity_z,sp500,0.0,,0.015665734734066503,0.014007067199555124,0.8941213059797022,0,,,,0.0,2025-03-20,1
pw_cape_of_good_hope_capacity_z,vix,0.0,,0.013228550790248855,0.006772217036822588,0.5119394515848693,0,,,,0.0,2025-03-20,1
pw_cape_of_good_hope_capacity_z,us2y,0.0,,4.692884712947009e-05,0.0003712276745498565,7.910436698470167,0,,,,0.0,2025-03-20,1
pw_cape_of_good_hope_capacity_z,us10y,0.0,,0.0043255392749473156,0.006394757423774928,1.4783722947129674,0,,,,0.0,2025-03-20,1
pw_cape_of_good_hope_capacity_z,wti,0.0,,0.009402186548278858,0.01045314168693419,1.1117777373655404,0,,,,0.0,2025-03-20,1
pw_cape_of_good_hope_n_total_z,audusd,0.0,,0.0004144621628592453,0.0,0.0,0,,,,0.0,2025-03-20,1
pw_cape_of_good_hope_n_total_z,cnyusd,0.0,,8.215135005521557e-05,0.0,0.0,0,,,,0.0,2025-03-20,1
pw_cape_of_good_hope_n_total_z,krwusd,0.0,,2.500662622384207e-06,0.0,0.0,0,,,,0.0,2025-03-20,1
pw_cape_of_good_hope_n_total_z,eurusd,0.0,,0.004292656755955511,0.0,0.0,0,,,,0.0,2025-03-20,1
pw_cape_of_good_hope_n_total_z,sp500,0.0,,7.126316968363538e-06,0.0,0.0,0,,,,0.0,2025-03-20,1
pw_cape_of_good_hope_n_total_z,vix,0.0,,0.0,0.0,0.0,0,,,,0.0,2025-03-20,1
pw_cape_of_good_hope_n_total_z,us2y,0.0,,0.000343288371415221,0.001611051194736098,4.692996701561636,0,,,,0.0,2025-03-20,1
pw_cape_of_good_hope_n_total_z,us10y,0.0,,0.022509779583820323,0.010160752241179355,0.45139279144620076,0,,,,0.0,2025-03-20,1
pw_cape_of_good_hope_n_total_z,wti,0.0,,0.0006086065893858168,0.0,0.0,0,,,,0.0,2025-03-20,1
pw_cape_of_good_hope_n_total_z,brent,0.0,,0.0006665531181233912,0.0,0.0,0,,,,0.0,2025-03-20,1
pw_malacca_strait_capacity_z,audusd,0.0,,0.0,0.0,0.0,0,,,,0.0,2025-03-20,1
pw_malacca_strait_capacity_z,brlusd,0.0,,0.004505500139209411,0.011110869273852676,2.4660679015764764,0,,,,0.0,2025-03-20,1
pw_malacca_strait_capacity_z,cnyusd,0.0,,0.0005282840908638691,0.0,0.0,0,,,,0.0,2025-03-20,1
pw_malacca_strait_capacity_z,krwusd,0.0,,0.007197826268179764,0.0078600910872918,1.0920090030569067,0,,,,0.0,2025-03-20,1
pw_malacca_strait_capacity_z,eurusd,0.0,,0.00015802187179399506,0.0,0.0,0,,,,0.0,2025-03-20,1
pw_malacca_strait_capacity_z,sp500,0.0,,0.0,0.0,0.0,0,,,,0.0,2025-03-20,1
pw_malacca_strait_capacity_z,vix,0.0,,0.0,0.0,0.0,0,,,,0.0,2025-03-20,1
pw_malacca_strait_capacity_z,us10y,0.0,,0.0,0.0,0.0,0,,,,0.0,2025-03-20,1
pw_malacca_strait_capacity_z,wti,0.0,,0.0,0.0,0.0,0,,,,0.0,2025-03-20,1
pw_malacca_strait_capacity_z,brent,0.0,,0.0,0.0,0.0,0,,,,0.0,2025-03-20,1
pw_malacca_strait_capacity_z,henry_hub,0.0,,0.0,0.0,0.0,0,,,,0.0,2025-03-20,1
pw_malacca_strait_n_total_z,audusd,0.0,,0.003995330303255762,0.0,0.0,0,,,,0.0,2025-03-20,1
pw_malacca_strait_n_total_z,brlusd,0.0,,0.0010232071636990326,0.0,0.0,0,,,,0.0,2025-03-20,1
pw_malacca_strait_n_total_z,cnyusd,0.0,,0.014829759765455374,0.0006857996084586944,0.046244822526134544,0,,,,0.0,2025-03-20,1
pw_malacca_strait_n_total_z,krwusd,0.0,,0.0,0.0,0.0,0,,,,0.0,2025-03-20,1
pw_malacca_strait_n_total_z,eurusd,0.0,,0.021987961836779393,0.011565512544360723,0.5259929333247715,0,,,,0.0,2025-03-20,1
pw_malacca_strait_n_total_z,sp500,0.0,,0.007419280657164769,0.008423579023750532,1.1353633071712843,0,,,,0.0,2025-03-20,1
pw_malacca_strait_n_total_z,vix,0.0,,0.0,0.0,0.0,0,,,,0.0,2025-03-20,1
pw_malacca_strait_n_total_z,us2y,0.0,,0.0003783062411372938,0.0,0.0,0,,,,0.0,2025-03-20,1
pw_malacca_strait_n_total_z,us10y,0.0,,0.009614718043104441,0.019857340562937538,2.06530659286249,0,,,,0.0,2025-03-20,1
pw_malacca_strait_n_total_z,wti,0.0,,0.0,0.0,0.0,0,,,,0.0,2025-03-20,1
pw_malacca_strait_n_total_z,brent,0.0,,0.0039825247542304605,0.0,0.0,0,,,,0.0,2025-03-20,1
pw_panama_canal_capacity_z,audusd,0.0,,2.282354111129902e-05,0.0,0.0,0,,,,0.0,2025-03-20,1
pw_panama_canal_capacity_z,brlusd,0.0,,0.0,0.0,0.0,0,,,,0.0,2025-03-20,1
pw_panama_canal_capacity_z,cnyusd,0.0,,0.0022659293227120436,0.0,0.0,0,,,,0.0,2025-03-20,1
pw_panama_canal_capacity_z,krwusd,0.0,,0.004173654391551081,0.0018028606836204637,0.4319621402457465,0,,,,0.0,2025-03-20,1
pw_panama_canal_capacity_z,eurusd,0.0,,0.0,0.0,0.0,0,,,,0.0,2025-03-20,1
pw_panama_canal_capacity_z,sp500,0.0,,0.011774922940976054,0.005574806090801865,0.4734473523730555,0,,,,0.0,2025-03-20,1
pw_panama_canal_capacity_z,vix,0.0,,0.01647950622460434,0.006800209948659698,0.41264646258070553,0,,,,0.0,2025-03-20,1
pw_panama_canal_capacity_z,us2y,0.0,,0.0,0.0,0.0,0,,,,0.0,2025-03-20,1
pw_panama_canal_capacity_z,us10y,0.0,,0.0,0.0,0.0,0,,,,0.0,2025-03-20,1
pw_panama_canal_capacity_z,wti,0.0,,0.0,0.0,0.0,0,,,,0.0,2025-03-20,1
pw_panama_canal_capacity_z,brent,0.0,,7.563620486324371e-05,0.0,0.0,0,,,,0.0,2025-03-20,1
pw_panama_canal_capacity_z,henry_hub,0.0,,0.00450548435967508,0.0,0.0,0,,,,0.0,2025-03-20,1
pw_panama_canal_n_total_z,audusd,0.0,,0.0038303434035749043,0.0025404323817953675,0.6632388050179397,0,,,,0.0,2025-03-20,1
pw_panama_canal_n_total_z,brlusd,0.0,,0.0,0.0,0.0,0,,,,0.0,2025-03-20,1
pw_panama_canal_n_total_z,cnyusd,0.0,,3.033159181699511e-05,0.0,0.0,0,,,,0.0,2025-03-20,1
pw_panama_canal_n_total_z,krwusd,0.0,,0.0,0.0,0.0,0,,,,0.0,2025-03-20,1
pw_panama_canal_n_total_z,eurusd,0.0,,4.693875785098344e-05,0.0,0.0,0,,,,0.0,2025-03-20,1
pw_panama_canal_n_total_z,sp500,0.0,,0.0008635353592263244,0.0,0.0,0,,,,0.0,2025-03-20,1
pw_panama_canal_n_total_z,vix,0.0,,0.0,0.0,0.0,0,,,,0.0,2025-03-20,1
pw_panama_canal_n_total_z,us2y,0.0,,0.000976891713826568,0.0,0.0,0,,,,0.0,2025-03-20,1
pw_panama_canal_n_total_z,us10y,0.0,,0.0010380179207792632,0.0,0.0,0,,,,0.0,2025-03-20,1
pw_panama_canal_n_total_z,wti,0.0,,0.0,0.0,0.0,0,,,,0.0,2025-03-20,1
pw_panama_canal_n_total_z,brent,0.0,,9.204192268156092e-05,0.0,0.0,0,,,,0.0,2025-03-20,1
pw_strait_of_hormuz_capacity_z,audusd,0.0,,0.012179893793791636,0.01044960092744289,0.8579385916131128,0,,,,0.0,2025-03-20,1
pw_strait_of_hormuz_capacity_z,brlusd,0.0,,0.0,0.0,0.0,0,,,,0.0,2025-03-20,1
pw_strait_of_hormuz_capacity_z,cnyusd,0.0,,0.0,0.0,0.0,0,,,,0.0,2025-03-20,1
pw_strait_of_hormuz_capacity_z,krwusd,0.0,,2.0299182047479603e-05,0.0001605753946173094,7.910436698470166,0,,,,0.0,2025-03-20,1
pw_strait_of_hormuz_capacity_z,eurusd,0.0,,2.3239222342080367e-05,0.0,0.0,0,,,,0.0,2025-03-20,1
pw_strait_of_hormuz_capacity_z,sp500,0.0,,0.0,0.0,0.0,0,,,,0.0,2025-03-20,1
pw_strait_of_hormuz_capacity_z,vix,0.0,,0.007061721115596125,0.0009094730074084307,0.12878914255050644,0,,,,0.0,2025-03-20,1
pw_strait_of_hormuz_capacity_z,us2y,0.0,,0.000298224017833299,0.0,0.0,0,,,,0.0,2025-03-20,1
pw_strait_of_hormuz_capacity_z,us10y,0.0,,0.0010531790717326931,0.0,0.0,0,,,,0.0,2025-03-20,1
pw_strait_of_hormuz_capacity_z,wti,0.0,,0.013429073813209399,0.01464291990182922,1.0903894122188702,0,,,,0.0,2025-03-20,1
pw_strait_of_hormuz_capacity_z,henry_hub,0.0,,0.0024204803880865803,0.0,0.0,0,,,,0.0,2025-03-20,1
pw_strait_of_hormuz_n_total_z,audusd,0.0,,0.0002651687688184101,0.0,0.0,0,,,,0.0,2025-03-20,1
pw_strait_of_hormuz_n_total_z,brlusd,0.0,,0.015631811619060174,0.010340702892595607,0.6615166011844069,0,,,,0.0,2025-03-20,1
pw_strait_of_hormuz_n_total_z,cnyusd,0.0,,0.0,0.0,0.0,0,,,,0.0,2025-03-20,1
pw_strait_of_hormuz_n_total_z,krwusd,0.0,,0.0006083213321734939,0.0,0.0,0,,,,0.0,2025-03-20,1
pw_strait_of_hormuz_n_total_z,eurusd,0.0,,0.0,0.0,0.0,0,,,,0.0,2025-03-20,1
pw_strait_of_hormuz_n_total_z,sp500,0.0,,0.0,0.0,0.0,0,,,,0.0,2025-03-20,1
pw_strait_of_hormuz_n_total_z,vix,0.0,,0.0,0.0,0.0,0,,,,0.0,2025-03-20,1
pw_strait_of_hormuz_n_total_z,us2y,0.0,,0.0,0.0,0.0,0,,,,0.0,2025-03-20,1
pw_strait_of_hormuz_n_total_z,us10y,0.0,,0.010185628680860447,0.00504037098961463,0.49485124065889635,0,,,,0.0,2025-03-20,1
pw_strait_of_hormuz_n_total_z,wti,0.0,,0.0,0.0,0.0,0,,,,0.0,2025-03-20,1
pw_strait_of_hormuz_n_total_z,brent,0.0,,0.0,0.0,0.0,0,,,,0.0,2025-03-20,1
pw_strait_of_hormuz_n_total_z,henry_hub,0.0,,0.0010802092988827184,0.0015953227184473443,1.4768644558951842,0,,,,0.0,2025-03-20,1
pw_suez_canal_capacity_z,audusd,0.0,,0.0,0.0,0.0,0,,,,0.0,2025-03-20,1
pw_suez_canal_capacity_z,cnyusd,0.0,,0.0,0.0,0.0,0,,,,0.0,2025-03-20,1
pw_suez_canal_capacity_z,krwusd,0.0,,0.0,0.0,0.0,0,,,,0.0,2025-03-20,1
pw_suez_canal_capacity_z,eurusd,0.0,,0.0005986757062040759,0.0,0.0,0,,,,0.0,2025-03-20,1
pw_suez_canal_capacity_z,sp500,0.0,,0.0,0.0,0.0,0,,,,0.0,2025-03-20,1
pw_suez_canal_capacity_z,vix,0.0,,0.0,0.0,0.0,0,,,,0.0,2025-03-20,1
pw_suez_canal_capacity_z,us2y,0.0,,0.0,0.0,0.0,0,,,,0.0,2025-03-20,1
pw_suez_canal_capacity_z,us10y,0.0,,0.00154233315255821,0.0,0.0,0,,,,0.0,2025-03-20,1
pw_suez_canal_capacity_z,wti,0.0,,4.823789171351725e-05,0.0,0.0,0,,,,0.0,2025-03-20,1
pw_suez_canal_capacity_z,brent,0.0,,0.0,0.0,0.0,0,,,,0.0,2025-03-20,1
pw_suez_canal_capacity_z,henry_hub,0.0,,0.0,0.0,0.0,0,,,,0.0,2025-03-20,1
pw_suez_canal_n_total_z,audusd,0.0,,6.163415790213158e-05,0.0,0.0,0,,,,0.0,2025-03-20,1
pw_suez_canal_n_total_z,brlusd,0.0,,0.0,0.0,0.0,0,,,,0.0,2025-03-20,1
pw_suez_canal_n_total_z,cnyusd,0.0,,0.0,0.0,0.0,0,,,,0.0,2025-03-20,1
pw_suez_canal_n_total_z,krwusd,0.0,,0.0,0.0,0.0,0,,,,0.0,2025-03-20,1
pw_suez_canal_n_total_z,eurusd,0.0,,0.0,0.0,0.0,0,,,,0.0,2025-03-20,1
pw_suez_canal_n_total_z,sp500,0.0,,0.0,0.0,0.0,0,,,,0.0,2025-03-20,1
pw_suez_canal_n_total_z,vix,0.0,,0.002821413143779681,0.0,0.0,0,,,,0.0,2025-03-20,1
pw_suez_canal_n_total_z,us2y,0.0,,0.0,0.0,0.0,0,,,,0.0,2025-03-20,1
pw_suez_canal_n_total_z,us10y,0.0,,0.0,0.0,0.0,0,,,,0.0,2025-03-20,1
pw_suez_canal_n_total_z,wti,0.0,,0.0016075665604555372,0.0,0.0,0,,,,0.0,2025-03-20,1
pw_suez_canal_n_total_z,brent,0.0,,0.011722095067756908,0.004839289777726721,0.41283488572258675,0,,,,0.0,2025-03-20,1
eurusd,wti,1.0,1.0,0.08776115881445896,0.10081640990850006,1.148758873178076,400,0.1084169810869281,0.5840996359371871,2.438473642091771,0.8394289081569892,2025-04-17,1
sp500,audusd,1.0,1.0,0.1913409595435793,0.20261217786441518,1.0589064586470247,400,1.0311712209496804e-05,0.5876926835710684,2.2582318616447226,0.810716474388004,2025-04-17,1
sp500,cnyusd,1.0,1.0,0.10056951713400769,0.11656255905960732,1.1590247460797598,400,1.7168600184853839e-07,0.4606307532191711,2.008912305157404,0.763459283523497,2025-04-17,1
sp500,brlusd,1.0,1.0,0.07489847070796721,0.08557678481324424,1.1425705225265854,400,2.1161935079033268e-06,0.532157236120556,1.6175493886848258,0.6689137664277987,2025-04-17,1
wti,brent,1.0,1.0,0.3891656513489221,0.3703235245580438,0.9515832737921038,400,2.977424411515062e-05,0.5155796490184982,1.4550607669610933,0.591458618874749,2025-04-17,1
cnyusd,us10y,1.0,1.0,0.06725584921973732,0.06339382729894306,0.9425771592270538,400,2.583322819740203e-05,0.5565114929233158,1.2077720791917819,0.5088116464842088,2025-04-17,1
sp500,krwusd,1.0,1.0,0.22062508395663416,0.22523421838216678,1.0208912529023155,400,2.1063588603463638e-06,0.5272048886200646,1.058375057532302,0.4847597884930425,2025-04-17,1
sp500,eurusd,1.0,1.0,0.14585078943259785,0.1426738473566749,0.9782178616359761,400,1.1323625838342875e-06,0.5030796696675816,1.0544318902601844,0.47272385049607585,2025-04-17,1
eurusd,sp500,1.0,1.0,0.08118892691258386,0.10519506076069829,1.2956823640982695,400,2.038265445521402e-06,0.48765853373109264,0.7322963396395074,0.35061797218324586,2025-04-17,1
pw_cape_of_good_hope_capacity_z,henry_hub,0.6662742450879406,1.0,0.05599564843607631,0.0343958457714044,0.614259263568849,360,0.00017546136719676425,0.5464681776013621,1.758088312163852,0.2889166836745083,2025-04-17,1
vix,brlusd,0.8132375700679544,1.0,0.08537100933728302,0.0818216417848595,0.9584242053599166,360,1.9299942215836394e-06,0.5191078506258168,0.7753290437913124,0.2878773756100971,2025-04-17,1
brlusd,wti,1.0,1.0,0.06632242539468036,0.06404916046434253,0.9657240380337453,400,0.006584508199788662,0.47905704844895536,0.45413737445314895,0.21559302483390036,2025-04-17,1
sp500,vix,1.0,1.0,0.05798196056281536,0.0543375464077837,0.9371457239517894,400,0.062413087902995074,0.5251382664151962,0.39493736301751414,0.18268850272689824,2025-04-17,1
audusd,wti,0.7375506912655744,1.0,0.06099948907997792,0.07293010480889131,1.1955855025813555,340,0.01023543852222308,0.49618313416708276,0.43230538660662243,0.15698624689855256,2025-04-17,1
brent,brlusd,1.0,1.0,0.05757212231741846,0.059175491065474733,1.0278497419153014,400,6.826643131477908e-08,0.5258896594382422,0.2707951454624627,0.13457620318698785,2025-04-17,1
audusd,eurusd,0.9891323258531056,0.8008238918013838,0.06254658128940942,0.06676240864586348,1.067403002203222,380,4.514039009001899e-08,0.4946108061544339,0.15976021772445845,0.06314045651453927,2025-04-17,1
eurusd,krwusd,1.0,1.0,0.1797669083179288,0.151653053488766,0.8436093990144076,400,2.1712882109591256e-08,0.4380528773284653,0.020092744107096765,0.008474928768588205,2025-04-17,1
pw_suez_canal_capacity_z,brlusd,0.05904586230884529,1.0,0.039936974277017694,0.03314628070251306,0.8299647457666207,80,8.17947625662701e-08,0.5582242768890887,0.13058864720331062,0.003195273019965159,2025-04-17,1
audusd,us2y,0.026355711370746476,1.0,0.0208136387052965,0.0066904134748582735,0.3214437210902362,40,5.589368221485747e-05,0.552466845489316,0.625492297965215,0.0025664139928838845,2025-04-17,1
brent,us10y,0.017654588737267118,1.0,0.04218923420720875,0.042913171002928345,1.0171592779372112,20,9.526109637754104e-06,0.39759815730182035,0.23458885524139206,0.0020613402455083242,2025-04-17,1
cnyusd,us2y,1.0,1.0,0.0757677568489015,0.05618383427458783,0.7415269583159423,400,-3.955422202293438e-06,0.4869318418328915,-0.10592369499024393,0.0,2025-04-17,1
us2y,cnyusd,1.0,1.0,0.11105398307116936,0.11423841427537412,1.0286746239634108,400,-2.617897842522502e-08,0.4622701753466209,-0.3447552519706693,0.0,2025-04-17,1
us2y,krwusd,1.0,1.0,0.1688355749548046,0.17410185584939603,1.0311917728002593,400,-1.275246679071056e-07,0.4512824015904986,-0.19452840897935442,0.0,2025-04-17,1
us2y,eurusd,1.0,0.9891323258531056,0.09454158380413455,0.08619281719640266,0.9116921224312431,400,-1.135764342963784e-07,0.4521489905498564,-0.41789146279545,0.0,2025-04-17,1
brent,wti,1.0,1.0,0.08973121176479007,0.06528280076892799,0.7275372691951602,400,-0.028064583035272414,0.3966314882464967,-2.093326100518878,0.0,2025-04-17,1
pw_panama_canal_n_total_z,henry_hub,1.0,1.0,0.272076159625169,0.22884791398567061,0.8411171133146961,400,-6.698055920508754e-05,0.5035739182886262,-0.6487027311464989,0.0,2025-04-17,1
brlusd,us2y,0.8765719175707369,1.0,0.05935718352377264,0.04822640837789095,0.8124780441877976,400,-3.284429851196534e-05,0.47533915048156505,-0.9356099809793182,0.0,2025-04-17,1
wti,sp500,0.8765719175707369,1.0,0.0640742705606714,0.042727689679033384,0.666846291111108,400,-3.735214891624381e-07,0.47653290655791286,-0.5083529669425901,0.0,2025-04-17,1
brent,vix,0.7024254934426195,1.0,0.06690077622542603,0.070134520803081,1.0483364283660725,340,-0.00679225432939367,0.45176454456656995,-0.972794886042802,0.0,2025-04-17,1
brlusd,audusd,0.6662742450879406,0.8647473010856318,0.05532986876359926,0.03065315822903561,0.5540074269831251,360,-2.470653046149884e-07,0.46460098741765515,-1.3104425057003657,0.0,2025-04-17,1
pw_cape_of_good_hope_n_total_z,henry_hub,0.49619040578948287,0.6395406756291062,0.05819771787459145,0.04403371825780922,0.7566227657362129,260,-8.978657676589764e-05,0.48749455520286183,-0.7772999451635214,0.0,2025-04-17,1
pw_malacca_strait_capacity_z,us2y,0.46878037293990593,1.0,0.04835235012498547,0.054967419494424394,1.1368096763102455,100,-3.7631444854196764e-06,0.47384859612972996,-0.07078545997135817,0.0,2025-04-17,1
us10y,eurusd,0.4369118630777802,0.9158390659489277,0.04938060807316863,0.02736762291531873,0.5542180216729482,300,-8.020490592338167e-08,0.4734246808016396,-0.5115521853486392,0.0,2025-04-17,1
krwusd,cnyusd,0.4210025889866431,1.0,0.04144781339077192,0.05163462395005857,1.2457743780895008,60,-4.930183328670152e-08,0.4718277308683548,-0.6954540733737709,0.0,2025-04-17,1
pw_bab_el_mandeb_strait_n_total_z,henry_hub,0.4131951423456993,1.0,0.04079144322029813,0.023142689737425986,0.5673417734312967,200,-3.002285726738927e-05,0.5204348386330875,-0.45694958732023827,0.0,2025-04-17,1
brlusd,brent,0.401486610424115,1.0,0.04892641002647378,0.05262430912873682,1.0755808386567118,240,-3.1679769415354676e-06,0.4388730197218734,-1.4905855150022058,0.0,2025-04-17,1
vix,audusd,0.401486610424115,1.0,0.05069832491081703,0.07160060481736778,1.412287387074815,240,-8.076285656512389e-07,0.5008374415202018,-1.1648399175729949,0.0,2025-04-17,1
us10y,krwusd,0.40014095258316,1.0,0.039188548639067206,0.011933104849917116,0.30450489401439484,240,-2.1877647340652705e-07,0.43197748777599265,-0.9936921796839667,0.0,2025-04-17,1
us2y,wti,0.37775737386079106,1.0,0.05174401662171783,0.0339258927650992,0.6556486136961377,280,-0.014120907735312304,0.4591868888635628,-0.6878765053746134,0.0,2025-04-17,1
us10y,us2y,0.37775737386079106,1.0,0.049875235530079484,0.03624736802374057,0.7267608390917768,280,-1.8103258094353634e-05,0.5089496683753806,-0.4390335674873198,0.0,2025-04-17,1
pw_cape_of_good_hope_capacity_z,brent,0.37775737386079106,1.0,0.0534430957677951,0.04265590536690056,0.7981555850027139,280,-1.1065877589067675e-05,0.38045969143121977,-2.201709290124808,0.0,2025-04-17,1
henry_hub,krwusd,0.33467121342873435,1.0,0.04199519974296461,0.021849544719465156,0.5202867197488583,160,-1.6762534007269402e-07,0.46811334546110467,-0.6405786902307204,0.0,2025-04-17,1
sp500,wti,0.31491619660234177,1.0,0.046815805939007624,0.03757351980745839,0.8025819283429568,240,-0.003936784432050443,0.5202623829233483,-0.28423382124155266,0.0,2025-04-17,1
eurusd,audusd,0.30946823123599865,0.964882747080405,0.04260630591602606,0.05545899367037943,1.3016616314891296,60,-6.140500342939269e-07,0.5327582643910871,-0.8745710319355243,0.0,2025-04-17,1
eurusd,us2y,0.3044474135858463,1.0,0.04156309374890421,0.026516135538935802,0.6379730945710673,240,-1.8797093511585316e-05,0.4731839691368938,-0.7293238725407803,0.0,2025-04-17,1
us10y,sp500,0.2059505214363529,1.0,0.04556408456258062,0.034907170004705335,0.7661115183113489,160,-1.2885632983144753e-06,0.5106106426540943,-1.4287681847758527,0.0,2025-04-17,1
krwusd,us2y,0.19953459907788715,1.0,0.04236877147537296,0.02236457184388649,0.5278550938604863,200,-8.480960205791369e-06,0.5325201950507705,-0.15635574678328346,0.0,2025-04-17,1
henry_hub,cnyusd,0.15651405899847368,1.0,0.04510084413133251,0.037974674301909275,0.8419947571563847,140,-5.873776065020764e-08,0.5946189537236499,-0.459094814034545,0.0,2025-04-17,1
eurusd,vix,0.1234280824292629,1.0,0.0439196475238883,0.08572818294120627,1.9519323986964585,0,,,,0.0,2025-04-17,1
pw_suez_canal_n_total_z,henry_hub,0.11279120362299272,1.0,0.025546169205205447,0.0,0.0,140,0.00011369156606820161,0.5622340909004843,0.7553141850767686,0.0,2025-04-17,1
henry_hub,brlusd,0.09011538986527728,0.5799114645855681,0.010451991059527556,0.009697212863330331,0.9277861804608795,120,-2.3061994697984676e-06,0.5154017189945581,-1.4854727841034772,0.0,2025-04-17,1
pw_strait_of_hormuz_capacity_z,brent,0.07475307770840607,1.0,0.04079333681957787,0.03875504799129612,0.9500337803377851,60,-5.185965165730866e-06,0.4021796722530999,-0.6948023036075388,0.0,2025-04-17,1
us10y,cnyusd,0.06991353645573953,1.0,0.018472635053274768,0.0,0.0,100,3.637829599062987e-08,0.4779682352700416,0.3299882266022639,0.0,2025-04-17,1
pw_malacca_strait_n_total_z,henry_hub,0.059154489216989174,1.0,0.030616753843220393,0.012919241710215867,0.4219664101678315,20,-3.0626918993900585e-05,0.35004644165153453,-0.7627869741194291,0.0,2025-04-17,1
audusd,sp500,0.03677091049462018,1.0,0.031103741713883935,0.0,0.0,60,-1.6194545141643423e-06,0.4527991300545024,-1.2702065892735916,0.0,2025-04-17,1
us2y,us10y,0.03677091049462018,1.0,0.019955123371611778,0.008399568863082036,0.42092292323440555,60,-1.6465517229522642e-05,0.49955110331497976,-0.36150803986969926,0.0,2025-04-17,1
pw_cape_of_good_hope_n_total_z,brlusd,0.028522262884161365,1.0,0.02761524318575499,0.013814767610825873,0.5002587707774402,40,-1.7171219210588402e-06,0.3329583948482481,-1.3696789788072143,0.0,2025-04-17,1
krwusd,vix,0.026355711370746476,1.0,0.02749823586634597,0.004738343731980726,0.17231446246265572,40,-0.050968838983727706,0.29938421909353247,-2.039253999919229,0.0,2025-04-17,1
cnyusd,wti,0.017654588737267118,1.0,0.021809045473903634,0.012461058804473428,0.5713711230225155,20,-0.02635085571725613,0.4432619032366698,-1.2536483129621632,0.0,2025-04-17,1
audusd,vix,0.010867674146894246,1.0,0.031116524789004403,0.00040030069089949823,0.012864569344226764,20,-0.1140876560922019,0.3523238476329138,-1.8520756717413662,0.0,2025-04-17,1
brlusd,cnyusd,0.010867674146894246,1.0,0.02644566763740822,0.012492122432968385,0.47236933490375904,20,-2.7076723537118187e-09,0.5031297473171651,-0.026983473890779076,0.0,2025-04-17,1
pw_bab_el_mandeb_strait_capacity_z,cnyusd,0.010867674146894246,1.0,0.014165504544614741,0.0,0.0,20,-8.052518251198795e-07,0.29832181352035564,-2.2556042702273804,0.0,2025-04-17,1
pw_bab_el_mandeb_strait_n_total_z,cnyusd,0.010867674146894246,1.0,0.019320615797474537,0.014918516970070067,0.7721553560430572,20,-6.296462030138997e-07,0.25071531608863584,-2.720653290233656,0.0,2025-04-17,1
audusd,brlusd,0.0,,0.0032858871765160317,0.008553498313361392,2.603101644661615,0,,,,0.0,2025-04-17,1
audusd,cnyusd,0.0,,0.0021767990097704163,0.0,0.0,0,,,,0.0,2025-04-17,1
audusd,krwusd,0.0,,0.009909193846390066,0.030914844514320788,3.1198142849514556,0,,,,0.0,2025-04-17,1
audusd,us10y,0.0,,0.002238392439324576,0.01307257391336154,5.840161753452905,0,,,,0.0,2025-04-17,1
audusd,brent,0.0,,0.0020969304754347075,0.003025407843930961,1.442779281131757,0,,,,0.0,2025-04-17,1
audusd,henry_hub,0.0,,0.013211584674124317,0.01641524673679711,1.2424888566885817,0,,,,0.0,2025-04-17,1
brlusd,krwusd,0.0,,0.013346344763018799,0.012400386253335702,0.9291222783106697,0,,,,0.0,2025-04-17,1
brlusd,eurusd,0.0,,0.011421391372734449,0.0,0.0,0,,,,0.0,2025-04-17,1
brlusd,sp500,0.0,,0.004336546319253162,0.029122292134630825,6.715549654188002,0,,,,0.0,2025-04-17,1
brlusd,vix,0.0,,0.0041855252162124575,0.03012561623810831,7.197571315881216,0,,,,0.0,2025-04-17,1
brlusd,us10y,0.0,,0.028489941742620917,0.023622684444646228,0.8291587486578367,0,,,,0.0,2025-04-17,1
brlusd,henry_hub,0.0,,0.006411353205715299,0.0,0.0,0,,,,0.0,2025-04-17,1
cnyusd,audusd,0.0,,0.009550221675851452,0.0007142248391514328,0.07478620532520318,0,,,,0.0,2025-04-17,1
cnyusd,brlusd,0.0,,0.021770135859302292,0.029158534811049283,1.3393823079239056,0,,,,0.0,2025-04-17,1
cnyusd,krwusd,0.0,,0.0040015223937553395,0.0,0.0,0,,,,0.0,2025-04-17,1
cnyusd,eurusd,0.0,,0.008671805198110984,0.002538027958762325,0.29267585015807257,0,,,,0.0,2025-04-17,1
cnyusd,sp500,0.0,,0.005876818439619924,0.0057416324731961585,0.9769967427422331,0,,,,0.0,2025-04-17,1
cnyusd,vix,0.0,,0.01724046675684104,0.012631733501833522,0.7326793224331489,0,,,,0.0,2025-04-17,1
cnyusd,brent,0.0,,0.0,0.0,0.0,0,,,,0.0,2025-04-17,1
cnyusd,henry_hub,0.0,,0.005336887677920128,0.0,0.0,0,,,,0.0,2025-04-17,1
krwusd,audusd,0.0,,0.016031378810134656,0.010312452307673494,0.6432667102316993,0,,,,0.0,2025-04-17,1
krwusd,brlusd,0.0,,4.157637861053269e-06,0.0,0.0,0,,,,0.0,2025-04-17,1
krwusd,eurusd,0.0,,0.020446057486985036,0.026600131242658906,1.3009907293663463,0,,,,0.0,2025-04-17,1
krwusd,sp500,0.0,,0.019639752869975106,0.0013507955491586954,0.06877864289340253,0,,,,0.0,2025-04-17,1
krwusd,us10y,0.0,,0.004881046001949138,0.0,0.0,0,,,,0.0,2025-04-17,1
krwusd,wti,0.0,,0.0002738164593178004,0.0,0.0,0,,,,0.0,2025-04-17,1
krwusd,brent,0.0,,0.0005332211778241634,0.0,0.0,0,,,,0.0,2025-04-17,1
krwusd,henry_hub,0.0,,0.002566651745867867,0.0,0.0,0,,,,0.0,2025-04-17,1
eurusd,brlusd,0.0,,0.015093158370102437,0.021792029057401525,1.4438349166579123,0,,,,0.0,2025-04-17,1
eurusd,cnyusd,0.0,,0.0021327125032688686,0.0007037828248291579,0.3299942321107276,0,,,,0.0,2025-04-17,1
eurusd,us10y,0.0,,0.0188756459044625,0.007920828662896475,0.4196321918193997,0,,,,0.0,2025-04-17,1
eurusd,brent,0.0,,0.030261842816591385,0.037317733960183355,1.2331613175825333,0,,,,0.0,2025-04-17,1
eurusd,henry_hub,0.0,,0.011311864533089964,0.0,0.0,0,,,,0.0,2025-04-17,1
sp500,us2y,0.0,,0.0025071411433600058,0.0,0.0,0,,,,0.0,2025-04-17,1
sp500,us10y,0.0,,0.011459552656269596,0.01403816295805136,1.2250184085825542,0,,,,0.0,2025-04-17,1
sp500,brent,0.0,,0.018080702292890473,0.0,0.0,0,,,,0.0,2025-04-17,1
sp500,henry_hub,0.0,,0.0004523941854561988,0.0,0.0,0,,,,0.0,2025-04-17,1
vix,cnyusd,0.0,,0.0,0.0,0.0,0,,,,0.0,2025-04-17,1
vix,krwusd,0.0,,0.0008746639814874944,0.007086426073165056,8.101883949895306,0,,,,0.0,2025-04-17,1
vix,eurusd,0.0,,0.004947212598934574,0.0,0.0,0,,,,0.0,2025-04-17,1
vix,sp500,0.0,,0.016034283902804786,0.012483081760629521,0.7785244315429595,0,,,,0.0,2025-04-17,1
vix,us2y,0.0,,0.00571960983191994,0.031006512344218827,5.421088720279135,0,,,,0.0,2025-04-17,1
vix,us10y,0.0,,0.00368691048802622,0.020114188395823726,5.4555673269387714,0,,,,0.0,2025-04-17,1
vix,wti,0.0,,4.831164160274725e-05,0.0,0.0,0,,,,0.0,2025-04-17,1
vix,brent,0.0,,0.00014693606726675607,0.0,0.0,0,,,,0.0,2025-04-17,1
vix,henry_hub,0.0,,0.02410801633292302,0.022117410390585276,0.9174297082411016,0,,,,0.0,2025-04-17,1
us2y,audusd,0.0,,0.03564976252744118,0.029793190234368203,0.8357191779730673,0,,,,0.0,2025-04-17,1
us2y,brlusd,0.0,,0.008397413325734448,0.025605234262959766,3.0491811311098354,0,,,,0.0,2025-04-17,1
us2y,sp500,0.0,,0.016030423587288792,0.0048246864217955186,0.3009706135040136,0,,,,0.0,2025-04-17,1
us2y,vix,0.0,,0.001106956058436583,0.0,0.0,0,,,,0.0,2025-04-17,1
us2y,brent,0.0,,0.004950095816907684,0.0012974301310589927,0.262102023687593,0,,,,0.0,2025-04-17,1
us2y,henry_hub,0.0,,0.01594478073405958,0.012860645055870104,0.8065739673922598,0,,,,0.0,2025-04-17,1
us10y,audusd,0.0,,0.008148777682765349,0.0,0.0,0,,,,0.0,2025-04-17,1
us10y,brlusd,0.0,,0.010842911573450959,0.0013876563470665926,0.12797820379392297,0,,,,0.0,2025-04-17,1
us10y,vix,0.0,,0.02773118203917767,0.028714722232656777,1.0354669408642443,0,,,,0.0,2025-04-17,1
us10y,wti,0.0,,0.002126600321889072,0.0,0.0,0,,,,0.0,2025-04-17,1
us10y,brent,0.0,,0.012110942918105019,0.005771787981337206,0.4765762682861616,0,,,,0.0,2025-04-17,1
us10y,henry_hub,0.0,,0.0,0.0,0.0,0,,,,0.0,2025-04-17,1
wti,audusd,0.0,,0.024249771268148236,0.025580508749995914,1.054876290053737,0,,,,0.0,2025-04-17,1
wti,brlusd,0.0,,0.021235804779588616,0.013283017915007371,0.6255010371810685,0,,,,0.0,2025-04-17,1
wti,cnyusd,0.0,,0.012497406290475289,0.01019518452993435,0.8157840349404706,0,,,,0.0,2025-04-17,1
wti,krwusd,0.0,,0.0,0.0,0.0,0,,,,0.0,2025-04-17,1
wti,eurusd,0.0,,4.84413015114319e-05,0.0,0.0,0,,,,0.0,2025-04-17,1
wti,vix,0.0,,0.033591959649952007,0.0131438964182067,0.39128102543506954,0,,,,0.0,2025-04-17,1
wti,us2y,0.0,,0.0017374893718352618,0.0,0.0,0,,,,0.0,2025-04-17,1
wti,us10y,0.0,,0.016151168605768634,0.010048644689847928,0.6221620822074078,0,,,,0.0,2025-04-17,1
wti,henry_hub,0.0,,0.00013564360735795854,0.0,0.0,0,,,,0.0,2025-04-17,1
brent,audusd,0.0,,0.01417775477624813,0.014415722587577765,1.0167845907257684,0,,,,0.0,2025-04-17,1
brent,cnyusd,0.0,,0.013858465374614746,0.016162908724063625,1.1662841654653946,0,,,,0.0,2025-04-17,1
brent,krwusd,0.0,,0.010764794266038546,0.002091370468649484,0.19427872163311768,0,,,,0.0,2025-04-17,1
brent,eurusd,0.0,,0.009674911793399923,0.0021067301487646614,0.21775187141259938,0,,,,0.0,2025-04-17,1
brent,sp500,0.0,,0.021753714065604668,0.024725335098163766,1.1366029278309584,0,,,,0.0,2025-04-17,1
brent,us2y,0.0,,0.0,0.0,0.0,0,,,,0.0,2025-04-17,1
brent,henry_hub,0.0,,8.352103497938898e-05,0.0,0.0,0,,,,0.0,2025-04-17,1
henry_hub,audusd,0.0,,0.002021171651729148,0.0,0.0,0,,,,0.0,2025-04-17,1
henry_hub,eurusd,0.0,,5.1631381605198315e-05,0.0,0.0,0,,,,0.0,2025-04-17,1
henry_hub,sp500,0.0,,0.002317052813486458,0.004188851852074966,1.8078361562126075,0,,,,0.0,2025-04-17,1
henry_hub,vix,0.0,,0.015641976572832592,0.006923382772289298,0.44261559528953753,0,,,,0.0,2025-04-17,1
henry_hub,us2y,0.0,,0.016639906401154134,0.006282301674570543,0.3775442916033955,0,,,,0.0,2025-04-17,1
henry_hub,us10y,0.0,,1.8946414448857396e-05,0.0,0.0,0,,,,0.0,2025-04-17,1
henry_hub,wti,0.0,,0.0011128514332204493,0.0,0.0,0,,,,0.0,2025-04-17,1
henry_hub,brent,0.0,,0.002272087590273847,0.0,0.0,0,,,,0.0,2025-04-17,1
pw_bab_el_mandeb_strait_capacity_z,audusd,0.0,,0.0025402825107151963,0.0,0.0,0,,,,0.0,2025-04-17,1
pw_bab_el_mandeb_strait_capacity_z,brlusd,0.0,,0.0006548686991673732,0.0,0.0,0,,,,0.0,2025-04-17,1
pw_bab_el_mandeb_strait_capacity_z,krwusd,0.0,,2.401967563328076e-05,0.0,0.0,0,,,,0.0,2025-04-17,1
pw_bab_el_mandeb_strait_capacity_z,eurusd,0.0,,0.004341018007378381,0.015415901596626628,3.5512180715270905,0,,,,0.0,2025-04-17,1
pw_bab_el_mandeb_strait_capacity_z,sp500,0.0,,0.0011767748958162651,0.0,0.0,0,,,,0.0,2025-04-17,1
pw_bab_el_mandeb_strait_capacity_z,vix,0.0,,7.060976156608763e-05,0.0,0.0,0,,,,0.0,2025-04-17,1
pw_bab_el_mandeb_strait_capacity_z,us2y,0.0,,0.00015859590740751933,0.0,0.0,0,,,,0.0,2025-04-17,1
pw_bab_el_mandeb_strait_capacity_z,us10y,0.0,,0.0,0.0,0.0,0,,,,0.0,2025-04-17,1
pw_bab_el_mandeb_strait_capacity_z,wti,0.0,,0.0,0.0,0.0,0,,,,0.0,2025-04-17,1
pw_bab_el_mandeb_strait_capacity_z,brent,0.0,,0.0,0.0,0.0,0,,,,0.0,2025-04-17,1
pw_bab_el_mandeb_strait_capacity_z,henry_hub,0.0,,0.02781581173870753,0.01954749486506801,0.7027475972547796,0,,,,0.0,2025-04-17,1
pw_bab_el_mandeb_strait_n_total_z,audusd,0.0,,0.0012095850824768327,0.0,0.0,0,,,,0.0,2025-04-17,1
pw_bab_el_mandeb_strait_n_total_z,brlusd,0.0,,0.004239885486867822,0.0,0.0,0,,,,0.0,2025-04-17,1
pw_bab_el_mandeb_strait_n_total_z,krwusd,0.0,,6.0777785820146405e-05,0.0,0.0,0,,,,0.0,2025-04-17,1
pw_bab_el_mandeb_strait_n_total_z,eurusd,0.0,,0.0003101567103027138,0.0,0.0,0,,,,0.0,2025-04-17,1
pw_bab_el_mandeb_strait_n_total_z,sp500,0.0,,0.00754317618541129,0.017908534885575252,2.374137159915587,0,,,,0.0,2025-04-17,1
pw_bab_el_mandeb_strait_n_total_z,vix,0.0,,0.0,0.0,0.0,0,,,,0.0,2025-04-17,1
pw_bab_el_mandeb_strait_n_total_z,us2y,0.0,,0.0,0.0,0.0,0,,,,0.0,2025-04-17,1
pw_bab_el_mandeb_strait_n_total_z,us10y,0.0,,0.008284565752247806,0.012180349639041554,1.4702459975933833,0,,,,0.0,2025-04-17,1
pw_bab_el_mandeb_strait_n_total_z,wti,0.0,,0.0,0.0,0.0,0,,,,0.0,2025-04-17,1
pw_bab_el_mandeb_strait_n_total_z,brent,0.0,,0.0012977751904563366,0.0,0.0,0,,,,0.0,2025-04-17,1
pw_cape_of_good_hope_capacity_z,audusd,0.0,,7.984230755819747e-05,0.0,0.0,0,,,,0.0,2025-04-17,1
pw_cape_of_good_hope_capacity_z,brlusd,0.0,,0.0003105282564857603,0.0,0.0,0,,,,0.0,2025-04-17,1
pw_cape_of_good_hope_capacity_z,cnyusd,0.0,,0.010447537914830446,0.002453761881250069,0.23486508508065954,0,,,,0.0,2025-04-17,1
pw_cape_of_good_hope_capacity_z,krwusd,0.0,,1.1895128431816128e-05,0.0,0.0,0,,,,0.0,2025-04-17,1
pw_cape_of_good_hope_capacity_z,eurusd,0.0,,0.0010633239435063663,0.0,0.0,0,,,,0.0,2025-04-17,1
pw_cape_of_good_hope_capacity_z,sp500,0.0,,0.016319645913612884,0.02096364722429047,1.2845650778981568,0,,,,0.0,2025-04-17,1
pw_cape_of_good_hope_capacity_z,vix,0.0,,0.013023102207141897,0.011564030212245857,0.887962793220199,0,,,,0.0,2025-04-17,1
pw_cape_of_good_hope_capacity_z,us2y,0.0,,0.0005510291438261121,0.004131090950073456,7.497046202291437,0,,,,0.0,2025-04-17,1
pw_cape_of_good_hope_capacity_z,us10y,0.0,,0.004260850383670204,0.0038014373849727737,0.8921780965466095,0,,,,0.0,2025-04-17,1
pw_cape_of_good_hope_capacity_z,wti,0.0,,0.009487489893371804,0.010093304350759811,1.0638540292739858,0,,,,0.0,2025-04-17,1
pw_cape_of_good_hope_n_total_z,audusd,0.0,,0.00036330589285804365,0.0,0.0,0,,,,0.0,2025-04-17,1
pw_cape_of_good_hope_n_total_z,cnyusd,0.0,,7.201156644892517e-05,0.0,0.0,0,,,,0.0,2025-04-17,1
pw_cape_of_good_hope_n_total_z,krwusd,0.0,,2.1920106301007916e-06,0.0,0.0,0,,,,0.0,2025-04-17,1
pw_cape_of_good_hope_n_total_z,eurusd,0.0,,0.0037628223640409,0.0,0.0,0,,,,0.0,2025-04-17,1
pw_cape_of_good_hope_n_total_z,sp500,0.0,,6.246729330175307e-06,0.0,0.0,0,,,,0.0,2025-04-17,1
pw_cape_of_good_hope_n_total_z,vix,0.0,,0.0,0.0,0.0,0,,,,0.0,2025-04-17,1
pw_cape_of_good_hope_n_total_z,us2y,0.0,,0.0011405043955398915,0.006802240081870239,5.9642383742415985,0,,,,0.0,2025-04-17,1
pw_cape_of_good_hope_n_total_z,us10y,0.0,,0.020326913653538076,0.004824453138493295,0.23734312157387244,0,,,,0.0,2025-04-17,1
pw_cape_of_good_hope_n_total_z,wti,0.0,,0.0005334874451041115,0.0,0.0,0,,,,0.0,2025-04-17,1
pw_cape_of_good_hope_n_total_z,brent,0.0,,0.000584281744916175,0.0,0.0,0,,,,0.0,2025-04-17,1
pw_malacca_strait_capacity_z,audusd,0.0,,0.0,0.0,0.0,0,,,,0.0,2025-04-17,1
pw_malacca_strait_capacity_z,brlusd,0.0,,0.005263968521374296,0.010650522951174145,2.0232877358456447,0,,,,0.0,2025-04-17,1
pw_malacca_strait_capacity_z,cnyusd,0.0,,0.0004630789985506552,0.0,0.0,0,,,,0.0,2025-04-17,1
pw_malacca_strait_capacity_z,krwusd,0.0,,0.007986706075052705,0.013589238913880173,1.7014822864619437,0,,,,0.0,2025-04-17,1
pw_malacca_strait_capacity_z,eurusd,0.0,,0.00013851753517657938,0.0,0.0,0,,,,0.0,2025-04-17,1
pw_malacca_strait_capacity_z,sp500,0.0,,0.0,0.0,0.0,0,,,,0.0,2025-04-17,1
pw_malacca_strait_capacity_z,vix,0.0,,0.0,0.0,0.0,0,,,,0.0,2025-04-17,1
pw_malacca_strait_capacity_z,us10y,0.0,,0.0,0.0,0.0,0,,,,0.0,2025-04-17,1
pw_malacca_strait_capacity_z,wti,0.0,,0.0,0.0,0.0,0,,,,0.0,2025-04-17,1
pw_malacca_strait_capacity_z,brent,0.0,,0.0,0.0,0.0,0,,,,0.0,2025-04-17,1
pw_malacca_strait_capacity_z,henry_hub,0.0,,0.0,0.0,0.0,0,,,,0.0,2025-04-17,1
pw_malacca_strait_n_total_z,audusd,0.0,,0.003502194345253377,0.0,0.0,0,,,,0.0,2025-04-17,1
pw_malacca_strait_n_total_z,brlusd,0.0,,0.000896914665555776,0.0,0.0,0,,,,0.0,2025-04-17,1
pw_malacca_strait_n_total_z,cnyusd,0.0,,0.013057781650230969,0.0004733987141530761,0.03625414536968479,0,,,,0.0,2025-04-17,1
pw_malacca_strait_n_total_z,krwusd,0.0,,0.0,0.0,0.0,0,,,,0.0,2025-04-17,1
pw_malacca_strait_n_total_z,eurusd,0.0,,0.020734004337855303,0.011828543702395456,0.5704900756097259,0,,,,0.0,2025-04-17,1
pw_malacca_strait_n_total_z,sp500,0.0,,0.006503533072646398,0.0,0.0,0,,,,0.0,2025-04-17,1
pw_malacca_strait_n_total_z,vix,0.0,,0.0,0.0,0.0,0,,,,0.0,2025-04-17,1
pw_malacca_strait_n_total_z,us2y,0.0,,0.0003316126272226953,0.0,0.0,0,,,,0.0,2025-04-17,1
pw_malacca_strait_n_total_z,us10y,0.0,,0.01111071934388076,0.02173514697088659,1.9562322022702556,0,,,,0.0,2025-04-17,1
pw_malacca_strait_n_total_z,wti,0.0,,0.0,0.0,0.0,0,,,,0.0,2025-04-17,1
pw_malacca_strait_n_total_z,brent,0.0,,0.003490969360588723,0.0,0.0,0,,,,0.0,2025-04-17,1
pw_panama_canal_capacity_z,audusd,0.0,,2.0006475197685923e-05,0.0,0.0,0,,,,0.0,2025-04-17,1
pw_panama_canal_capacity_z,brlusd,0.0,,0.0,0.0,0.0,0,,,,0.0,2025-04-17,1
pw_panama_canal_capacity_z,cnyusd,0.0,,0.0019862500114894576,0.0,0.0,0,,,,0.0,2025-04-17,1
pw_panama_canal_capacity_z,krwusd,0.0,,0.0036585082332794582,0.0,0.0,0,,,,0.0,2025-04-17,1
pw_panama_canal_capacity_z,eurusd,0.0,,0.0,0.0,0.0,0,,,,0.0,2025-04-17,1
pw_panama_canal_capacity_z,sp500,0.0,,0.010676586927004022,0.002876332017784075,0.26940557290917017,0,,,,0.0,2025-04-17,1
pw_panama_canal_capacity_z,vix,0.0,,0.014445472371920322,0.0,0.0,0,,,,0.0,2025-04-17,1
pw_panama_canal_capacity_z,us2y,0.0,,0.0,0.0,0.0,0,,,,0.0,2025-04-17,1
pw_panama_canal_capacity_z,us10y,0.0,,0.0,0.0,0.0,0,,,,0.0,2025-04-17,1
pw_panama_canal_capacity_z,wti,0.0,,0.0,0.0,0.0,0,,,,0.0,2025-04-17,1
pw_panama_canal_capacity_z,brent,0.0,,6.630057313474665e-05,0.0,0.0,0,,,,0.0,2025-04-17,1
pw_panama_canal_capacity_z,henry_hub,0.0,,0.00394938106474535,0.0,0.0,0,,,,0.0,2025-04-17,1
pw_panama_canal_n_total_z,audusd,0.0,,0.003420275792603575,0.0005080232078743856,0.14853281977231117,0,,,,0.0,2025-04-17,1
pw_panama_canal_n_total_z,brlusd,0.0,,0.0,0.0,0.0,0,,,,0.0,2025-04-17,1
pw_panama_canal_n_total_z,cnyusd,0.0,,2.658782160199627e-05,0.0,0.0,0,,,,0.0,2025-04-17,1
pw_panama_canal_n_total_z,krwusd,0.0,,0.0,0.0,0.0,0,,,,0.0,2025-04-17,1
pw_panama_canal_n_total_z,eurusd,0.0,,4.114519697782503e-05,0.0,0.0,0,,,,0.0,2025-04-17,1
pw_panama_canal_n_total_z,sp500,0.0,,0.0007569508457271542,0.0,0.0,0,,,,0.0,2025-04-17,1
pw_panama_canal_n_total_z,vix,0.0,,0.0,0.0,0.0,0,,,,0.0,2025-04-17,1
pw_panama_canal_n_total_z,us2y,0.0,,0.0008563158428479183,0.0,0.0,0,,,,0.0,2025-04-17,1
pw_panama_canal_n_total_z,us10y,0.0,,0.0009098973592902677,0.0,0.0,0,,,,0.0,2025-04-17,1
pw_panama_canal_n_total_z,wti,0.0,,0.0,0.0,0.0,0,,,,0.0,2025-04-17,1
pw_panama_canal_n_total_z,brent,0.0,,8.068136466187338e-05,0.0,0.0,0,,,,0.0,2025-04-17,1
pw_strait_of_hormuz_capacity_z,audusd,0.0,,0.011471797190440199,0.006442977288123267,0.5616362616218842,0,,,,0.0,2025-04-17,1
pw_strait_of_hormuz_capacity_z,brlusd,0.0,,0.0,0.0,0.0,0,,,,0.0,2025-04-17,1
pw_strait_of_hormuz_capacity_z,cnyusd,0.0,,0.0,0.0,0.0,0,,,,0.0,2025-04-17,1
pw_strait_of_hormuz_capacity_z,krwusd,0.0,,0.0011903706073632676,0.009500082083044587,7.980776763370997,0,,,,0.0,2025-04-17,1
pw_strait_of_hormuz_capacity_z,eurusd,0.0,,0.00017423733420581425,0.001246608401315362,7.154657220838971,0,,,,0.0,2025-04-17,1
pw_strait_of_hormuz_capacity_z,sp500,0.0,,0.0,0.0,0.0,0,,,,0.0,2025-04-17,1
pw_strait_of_hormuz_capacity_z,vix,0.0,,0.007623908695297612,0.011616499644410113,1.5236934371440087,0,,,,0.0,2025-04-17,1
pw_strait_of_hormuz_capacity_z,us2y,0.0,,0.0004220388892696516,0.001301357737481835,3.083501948680288,0,,,,0.0,2025-04-17,1
pw_strait_of_hormuz_capacity_z,us10y,0.0,,0.0009231871984540954,0.0,0.0,0,,,,0.0,2025-04-17,1
pw_strait_of_hormuz_capacity_z,wti,0.0,,0.01404913774671508,0.018452759843988073,1.3134442964873507,0,,,,0.0,2025-04-17,1
pw_strait_of_hormuz_capacity_z,henry_hub,0.0,,0.002121725135227415,0.0,0.0,0,,,,0.0,2025-04-17,1
pw_strait_of_hormuz_n_total_z,audusd,0.0,,0.00023243949616302508,0.0,0.0,0,,,,0.0,2025-04-17,1
pw_strait_of_hormuz_n_total_z,brlusd,0.0,,0.014863073885496781,0.009403587713824052,0.6326812196634484,0,,,,0.0,2025-04-17,1
pw_strait_of_hormuz_n_total_z,cnyusd,0.0,,0.0,0.0,0.0,0,,,,0.0,2025-04-17,1
pw_strait_of_hormuz_n_total_z,krwusd,0.0,,0.0005332373966425046,0.0,0.0,0,,,,0.0,2025-04-17,1
pw_strait_of_hormuz_n_total_z,eurusd,0.0,,0.0,0.0,0.0,0,,,,0.0,2025-04-17,1
pw_strait_of_hormuz_n_total_z,sp500,0.0,,0.0,0.0,0.0,0,,,,0.0,2025-04-17,1
pw_strait_of_hormuz_n_total_z,vix,0.0,,0.0,0.0,0.0,0,,,,0.0,2025-04-17,1
pw_strait_of_hormuz_n_total_z,us2y,0.0,,0.0,0.0,0.0,0,,,,0.0,2025-04-17,1
pw_strait_of_hormuz_n_total_z,us10y,0.0,,0.009756390031675638,0.006707986958355326,0.6875480517462712,0,,,,0.0,2025-04-17,1
pw_strait_of_hormuz_n_total_z,wti,0.0,,0.0,0.0,0.0,0,,,,0.0,2025-04-17,1
pw_strait_of_hormuz_n_total_z,brent,0.0,,0.0,0.0,0.0,0,,,,0.0,2025-04-17,1
pw_strait_of_hormuz_n_total_z,henry_hub,0.0,,0.0015159938080877638,0.004610884819624084,3.0414931743290805,0,,,,0.0,2025-04-17,1
pw_suez_canal_capacity_z,audusd,0.0,,0.0,0.0,0.0,0,,,,0.0,2025-04-17,1
pw_suez_canal_capacity_z,cnyusd,0.0,,0.0,0.0,0.0,0,,,,0.0,2025-04-17,1
pw_suez_canal_capacity_z,krwusd,0.0,,0.0,0.0,0.0,0,,,,0.0,2025-04-17,1
pw_suez_canal_capacity_z,eurusd,0.0,,0.0005247823117903219,0.0,0.0,0,,,,0.0,2025-04-17,1
pw_suez_canal_capacity_z,sp500,0.0,,0.0,0.0,0.0,0,,,,0.0,2025-04-17,1
pw_suez_canal_capacity_z,vix,0.0,,0.0,0.0,0.0,0,,,,0.0,2025-04-17,1
pw_suez_canal_capacity_z,us2y,0.0,,0.0,0.0,0.0,0,,,,0.0,2025-04-17,1
pw_suez_canal_capacity_z,us10y,0.0,,0.00135196592907087,0.0,0.0,0,,,,0.0,2025-04-17,1
pw_suez_canal_capacity_z,wti,0.0,,4.228398123888737e-05,0.0,0.0,0,,,,0.0,2025-04-17,1
pw_suez_canal_capacity_z,brent,0.0,,0.0,0.0,0.0,0,,,,0.0,2025-04-17,1
pw_suez_canal_capacity_z,henry_hub,0.0,,0.0,0.0,0.0,0,,,,0.0,2025-04-17,1
pw_suez_canal_n_total_z,audusd,0.0,,5.402677198012905e-05,0.0,0.0,0,,,,0.0,2025-04-17,1
pw_suez_canal_n_total_z,brlusd,0.0,,0.0,0.0,0.0,0,,,,0.0,2025-04-17,1
pw_suez_canal_n_total_z,cnyusd,0.0,,0.0,0.0,0.0,0,,,,0.0,2025-04-17,1
pw_suez_canal_n_total_z,krwusd,0.0,,0.0,0.0,0.0,0,,,,0.0,2025-04-17,1
pw_suez_canal_n_total_z,eurusd,0.0,,0.0,0.0,0.0,0,,,,0.0,2025-04-17,1
pw_suez_canal_n_total_z,sp500,0.0,,0.0,0.0,0.0,0,,,,0.0,2025-04-17,1
pw_suez_canal_n_total_z,vix,0.0,,0.002473171529702236,0.0,0.0,0,,,,0.0,2025-04-17,1
pw_suez_canal_n_total_z,us2y,0.0,,0.0,0.0,0.0,0,,,,0.0,2025-04-17,1
pw_suez_canal_n_total_z,us10y,0.0,,0.0,0.0,0.0,0,,,,0.0,2025-04-17,1
pw_suez_canal_n_total_z,wti,0.0,,0.0014091477025211044,0.0,0.0,0,,,,0.0,2025-04-17,1
pw_suez_canal_n_total_z,brent,0.0,,0.010275375758096327,9.431128142518977e-07,9.178377866218529e-05,0,,,,0.0,2025-04-17,1
eurusd,wti,1.0,1.0,0.08958239380795681,0.10247730614916994,1.1439447171824493,420,0.11305205283660806,0.5874478494742312,2.5776787683813693,0.8588222678307771,2025-05-22,1
sp500,audusd,1.0,1.0,0.19330921481945765,0.20724507665947012,1.0720910374243047,420,9.260349266880948e-06,0.5634928603305445,2.2090774352485933,0.8021234221160268,2025-05-22,1
wti,brent,1.0,1.0,0.38725304936379823,0.3737112301972138,0.9650310844838234,420,3.523652101598292e-05,0.5384118019139318,1.8489099524098926,0.7025408309048793,2025-05-22,1
cnyusd,us10y,1.0,1.0,0.06740857958703383,0.06848995826971938,1.0160421520422238,420,3.279793005896559e-05,0.5731114574125779,1.62201618924272,0.6701459985740378,2025-05-22,1
sp500,brlusd,1.0,1.0,0.07595157408284596,0.08340787475452158,1.0981717727606604,420,1.9020807206316519e-06,0.5087872387544492,1.5577927999483534,0.6520728119356123,2025-05-22,1
sp500,cnyusd,1.0,1.0,0.10168457837525294,0.10957956008397056,1.0776418787869906,420,9.96798279949278e-08,0.41592022212125335,1.2485221338856396,0.5540878612778408,2025-05-22,1
sp500,eurusd,1.0,1.0,0.1456460620932171,0.14419652861478663,0.9900475614815956,420,1.1774874548099155e-06,0.5278230853065887,1.1950948768637613,0.5299745194864816,2025-05-22,1
sp500,krwusd,1.0,1.0,0.2204138048131311,0.21891788251604974,0.9932131188500211,420,1.7147842798042463e-06,0.5308459844409079,0.9288600695515289,0.43074453381950684,2025-05-22,1
eurusd,sp500,1.0,1.0,0.08396103171241813,0.10358839914283749,1.2337675827715728,420,2.133697568508425e-06,0.5162970941882551,0.8312502602931072,0.3932384517412692,2025-05-22,1
vix,brlusd,0.8363508391272173,1.0,0.0855918503191541,0.08715547341707512,1.018268364243682,380,1.7779664482633104e-06,0.5154781559094752,0.789648355810462,0.3140594765038439,2025-05-22,1
pw_cape_of_good_hope_capacity_z,henry_hub,0.5838177472817275,1.0,0.052893163005459404,0.0309265975646864,0.5846993412266589,360,0.0001754613671967643,0.546468177601362,1.7580883121638524,0.24097821211039305,2025-05-22,1
eurusd,audusd,0.39492678181931606,0.9758873862808175,0.0458202589428437,0.06857604976475973,1.4966316504300348,80,3.4493336350769215e-07,0.565911766684944,0.6302689625658174,0.1175871240810394,2025-05-22,1
sp500,vix,0.8762424055647987,1.0,0.05696548819051262,0.04976854645322747,0.8736613699646346,420,0.04227675008502321,0.4869496319401423,0.2946652764902751,0.11197982615625643,2025-05-22,1
pw_malacca_strait_capacity_z,us2y,0.534522836101628,1.0,0.04923718343312103,0.055502079498554166,1.1272391235364378,120,1.4036928800365768e-05,0.4830428272978115,0.2867628838490747,0.07611973926753189,2025-05-22,1
eurusd,vix,0.23191051429726878,1.0,0.049252547539510694,0.08701114457471915,1.7666323656642995,20,0.052337519628762846,0.5983154742702174,0.5955908807614575,0.06709028443386238,2025-05-22,1
brlusd,wti,1.0,1.0,0.06558477571126627,0.060361985659401624,0.9203658166819428,420,0.0009608194452069059,0.48139286195860215,0.0669501068389708,0.030797791949828648,2025-05-22,1
brent,brlusd,1.0,1.0,0.057797805160098296,0.05939571014416795,1.0276464647687487,420,1.1195091758217712e-08,0.5210380375049852,0.04533592645655432,0.022664081483382323,2025-05-22,1
cnyusd,us2y,1.0,1.0,0.0731932407671537,0.05496486314773322,0.7509554512361383,420,1.1198619892223313e-06,0.4889089146046667,0.03257455010218181,0.012229936571042922,2025-05-22,1
audusd,wti,0.7700307863757283,1.0,0.06224574407151337,0.07106961849080762,1.1417586784593112,360,0.000340226962525091,0.4960849192010669,0.015323513820968434,0.005899673257357871,2025-05-22,1
pw_suez_canal_capacity_z,brlusd,0.05173848842815048,1.0,0.03913184241321535,0.03343125745635085,0.8543236248201967,80,8.179476256627015e-08,0.5582242768890887,0.13058864720331068,0.002882006859432051,2025-05-22,1
audusd,us2y,0.02309399193187441,1.0,0.01902794514550279,0.006384677250905217,0.33554213038154673,40,5.5893682214857484e-05,0.552466845489316,0.625492297965215,0.002347432386853138,2025-05-22,1
brent,us10y,0.015469699304400147,1.0,0.04262341748680077,0.04569757065777994,1.0721235731961463,20,9.52610963775411e-06,0.39759815730182035,0.23458885524139217,0.0018062337354117482,2025-05-22,1
eurusd,krwusd,1.0,1.0,0.1757201778893089,0.14706806307058717,0.8369446516451258,420,-3.617209513098869e-07,0.4568585001193666,-0.33043082037094257,0.0,2025-05-22,1
us2y,cnyusd,1.0,1.0,0.11107554773660883,0.11122823230038145,1.001374601043019,420,-2.551156782979229e-09,0.4871460223367736,-0.03617978433763382,0.0,2025-05-22,1
us2y,krwusd,1.0,1.0,0.1661767788971232,0.1473516727359914,0.8867163854897797,420,-1.0654799915966324e-06,0.43958426840901993,-1.3835241711488009,0.0,2025-05-22,1
us2y,eurusd,1.0,0.990477283062631,0.09154179815304436,0.07030237921406096,0.7679811914610392,420,-3.4969187966272444e-07,0.45874694277537725,-1.314214921895908,0.0,2025-05-22,1
brent,wti,1.0,1.0,0.0866291505931666,0.06466558903852031,0.7464645398891998,420,-0.02497727478662354,0.3966285457419384,-1.9940241162473389,0.0,2025-05-22,1
pw_panama_canal_n_total_z,henry_hub,1.0,1.0,0.266502946646027,0.2270428588036975,0.8519337653150195,420,-6.290093280857012e-05,0.5201999552809682,-0.6697110544250646,0.0,2025-05-22,1
audusd,eurusd,0.990477283062631,0.7007630018543416,0.062400322558737974,0.06136476508379436,0.9834046134301817,400,-3.20499314212529e-08,0.4850621625034281,-0.11746358643560707,0.0,2025-05-22,1
brlusd,us2y,0.7680894857027311,1.0,0.05797596421345066,0.04819650028145924,0.8313186496392493,400,-3.284429851196533e-05,0.475339150481565,-0.9356099809793178,0.0,2025-05-22,1
wti,sp500,0.7680894857027311,1.0,0.060890968177857094,0.038352193484576635,0.6298502821067534,400,-3.735214891624376e-07,0.47653290655791275,-0.5083529669425895,0.0,2025-05-22,1
brent,vix,0.7392525985394031,1.0,0.06790510512709153,0.0750160673010889,1.1047191100093057,360,-0.0004839466938400924,0.4790117586292344,-0.045443954400842514,0.0,2025-05-22,1
brlusd,audusd,0.5838177472817275,0.8647473010856316,0.052519041576929826,0.03261750755863764,0.6210606016269272,360,-2.4706530461498844e-07,0.46460098741765515,-1.3104425057003661,0.0,2025-05-22,1
krwusd,cnyusd,0.49265791575786566,0.748796090600062,0.04302954439166158,0.054228693692367116,1.2602665089541536,80,-3.0422841956884253e-09,0.48020003022103175,-0.04910981470131029,0.0,2025-05-22,1
brlusd,brent,0.475557187755285,1.0,0.049108676614135705,0.050399180958179024,1.0262785404335626,260,-1.3757094858795372e-06,0.49072390121653003,-0.37647494489382183,0.0,2025-05-22,1
vix,audusd,0.475557187755285,1.0,0.05296092658585003,0.0689808528264488,1.3024857621142703,260,-1.3097676443140787e-07,0.527326882912146,-0.14994913273610092,0.0,2025-05-22,1
pw_cape_of_good_hope_n_total_z,henry_hub,0.4347830747871502,0.6395406756291063,0.055840014312917796,0.039146737024215186,0.701051701112461,260,-8.978657676589763e-05,0.4874945552028618,-0.7772999451635215,0.0,2025-05-22,1
us10y,eurusd,0.38284070192307224,0.9158390659489278,0.04662306008315253,0.027098759410863354,0.5812308193098553,300,-8.020490592338169e-08,0.4734246808016395,-0.5115521853486394,0.0,2025-05-22,1
pw_bab_el_mandeb_strait_n_total_z,henry_hub,0.362059105496685,1.0,0.03868807795365327,0.023795595197846693,0.6150627391299418,200,-3.002285726738929e-05,0.5204348386330875,-0.4569495873202385,0.0,2025-05-22,1
us10y,krwusd,0.35062047085645826,1.0,0.034526476959864154,0.00151755397825808,0.043953339925825174,240,-2.187764734065271e-07,0.43197748777599276,-0.993692179683967,0.0,2025-05-22,1
us2y,wti,0.3310070299916207,1.0,0.049891885873152936,0.0367782219404495,0.7371583835086106,280,-0.014120907735312304,0.45918688886356274,-0.6878765053746135,0.0,2025-05-22,1
us10y,us2y,0.3310070299916207,1.0,0.04767141128948615,0.03206764763496048,0.6726808954790258,280,-1.810325809435363e-05,0.5089496683753806,-0.43903356748731975,0.0,2025-05-22,1
pw_cape_of_good_hope_capacity_z,brent,0.3310070299916207,1.0,0.05282390874894407,0.04843987134607908,0.9170065694361812,280,-1.1065877589067676e-05,0.3804596914312197,-2.2017092901248083,0.0,2025-05-22,1
henry_hub,krwusd,0.2932531091280844,1.0,0.039205274547663864,0.019451733153837157,0.49615092301390945,160,-1.6762534007269415e-07,0.4681133454611046,-0.6405786902307209,0.0,2025-05-22,1
sp500,wti,0.2759429256621531,1.0,0.045401995710675,0.03539177790432489,0.7795203129364534,240,-0.003936784432050439,0.5202623829233483,-0.28423382124155244,0.0,2025-05-22,1
eurusd,us2y,0.2667697340484433,1.0,0.03980035523903464,0.027319616264437317,0.6864163925261476,240,-1.8797093511585322e-05,0.473183969136894,-0.7293238725407807,0.0,2025-05-22,1
us10y,sp500,0.18046258033071452,1.0,0.04423730764364433,0.03484331283950883,0.7876454218279002,160,-1.2885632983144755e-06,0.5106106426540943,-1.4287681847758524,0.0,2025-05-22,1
krwusd,us2y,0.17484067708941553,1.0,0.03821554507945426,0.00880940556435161,0.23051890391818045,200,-8.480960205791369e-06,0.5325201950507705,-0.1563557467832834,0.0,2025-05-22,1
henry_hub,cnyusd,0.13714425556153342,1.0,0.04405961469060244,0.036687385179726535,0.8326760330827782,140,-5.8737760650207666e-08,0.59461895372365,-0.4590948140345449,0.0,2025-05-22,1
pw_suez_canal_n_total_z,henry_hub,0.0988324355891602,1.0,0.022384636757334604,0.0,0.0,140,0.00011369156606820156,0.5622340909004842,0.7553141850767683,0.0,2025-05-22,1
henry_hub,brlusd,0.07896292599396026,0.5799114645855681,0.010352947345306975,0.00965168692730366,0.9322646590759299,120,-2.306199469798468e-06,0.5154017189945581,-1.4854727841034772,0.0,2025-05-22,1
pw_strait_of_hormuz_capacity_z,brent,0.0655018166345861,1.0,0.04009813020676206,0.03517585034540582,0.8772441548776715,60,-5.185965165730864e-06,0.4021796722530998,-0.6948023036075388,0.0,2025-05-22,1
us10y,cnyusd,0.06126120536551947,1.0,0.01618650617620211,0.0,0.0,100,3.637829599062982e-08,0.4779682352700415,0.3299882266022636,0.0,2025-05-22,1
pw_malacca_strait_n_total_z,henry_hub,0.051833671931451546,1.0,0.02821024349894424,0.01117139895200047,0.396005052293099,20,-3.062691899390059e-05,0.35004644165153453,-0.7627869741194294,0.0,2025-05-22,1
audusd,sp500,0.032220231066613904,1.0,0.028280125833988545,0.00828804387504284,0.2930695543469553,60,-1.6194545141643418e-06,0.45279913005450234,-1.2702065892735916,0.0,2025-05-22,1
us2y,us10y,0.032220231066613904,1.0,0.01844090218315244,0.007719743430931274,0.4186207027324298,60,-1.646551722952266e-05,0.49955110331497965,-0.36150803986969965,0.0,2025-05-22,1
pw_cape_of_good_hope_n_total_z,brlusd,0.024992416241769136,1.0,0.02569392390212575,0.012090383540594118,0.4705541896461302,40,-1.71712192105884e-06,0.33295839484824813,-1.369678978807214,0.0,2025-05-22,1
krwusd,vix,0.02309399193187441,1.0,0.02496208879040093,0.007005375710818691,0.2806406054253192,40,-0.05096883898372772,0.2993842190935326,-2.039253999919229,0.0,2025-05-22,1
cnyusd,wti,0.015469699304400147,1.0,0.020508818479026664,0.011302805426083652,0.551119287424698,20,-0.02635085571725613,0.44326190323666986,-1.2536483129621632,0.0,2025-05-22,1
audusd,vix,0.009522716937368988,1.0,0.027265618533933916,0.0,0.0,20,-0.11408765609220188,0.3523238476329138,-1.8520756717413662,0.0,2025-05-22,1
brlusd,cnyusd,0.009522716937368988,1.0,0.024274988199923058,0.008905900099168574,0.3668755686232137,20,-2.707672353711798e-09,0.5031297473171651,-0.026983473890778868,0.0,2025-05-22,1
pw_bab_el_mandeb_strait_capacity_z,cnyusd,0.009522716937368988,1.0,0.01241241577821231,0.0,0.0,20,-8.052518251198796e-07,0.29832181352035564,-2.255604270227381,0.0,2025-05-22,1
pw_bab_el_mandeb_strait_n_total_z,cnyusd,0.009522716937368988,1.0,0.018287738972655298,0.010974648590104115,0.60010964759033,20,-6.296462030138998e-07,0.25071531608863584,-2.720653290233656,0.0,2025-05-22,1
audusd,brlusd,0.0,,0.003280858805806299,0.0032452563713304553,0.9891484405202575,0,,,,0.0,2025-05-22,1
audusd,cnyusd,0.0,,0.0019074036007523012,0.0,0.0,0,,,,0.0,2025-05-22,1
audusd,krwusd,0.0,,0.01279615916239834,0.03323677490663663,2.5974024302779286,0,,,,0.0,2025-05-22,1
audusd,us10y,0.0,,0.003255231334575307,0.010454768168760255,3.211682087756824,0,,,,0.0,2025-05-22,1
audusd,brent,0.0,,0.002044519672188416,0.0016734348226185567,0.8184977847766772,0,,,,0.0,2025-05-22,1
audusd,henry_hub,0.0,,0.013272590564149563,0.013704531311489567,1.032543816164021,0,,,,0.0,2025-05-22,1
brlusd,krwusd,0.0,,0.013689432000176206,0.0161185967506497,1.1774481768448997,0,,,,0.0,2025-05-22,1
brlusd,eurusd,0.0,,0.010007907451341872,0.0,0.0,0,,,,0.0,2025-05-22,1
brlusd,sp500,0.0,,0.007309517286970283,0.028359079896162275,3.8797472914817894,0,,,,0.0,2025-05-22,1
brlusd,vix,0.0,,0.007297460857361744,0.029330936739047762,4.019334575732387,0,,,,0.0,2025-05-22,1
brlusd,us10y,0.0,,0.027728541310529455,0.02233758854307543,0.8055810903616881,0,,,,0.0,2025-05-22,1
brlusd,henry_hub,0.0,,0.00561789955590156,0.0,0.0,0,,,,0.0,2025-05-22,1
cnyusd,audusd,0.0,,0.009999006121745481,0.013176540108608416,1.3177849826446797,0,,,,0.0,2025-05-22,1
cnyusd,brlusd,0.0,,0.023101530076394896,0.0325282167929917,1.4080546476975122,0,,,,0.0,2025-05-22,1
cnyusd,krwusd,0.0,,0.003506303608225591,0.0,0.0,0,,,,0.0,2025-05-22,1
cnyusd,eurusd,0.0,,0.008104754291857549,0.0040898568430115245,0.5046244088016837,0,,,,0.0,2025-05-22,1
cnyusd,sp500,0.0,,0.005898680971052395,0.006053474519048792,1.0262420613618608,0,,,,0.0,2025-05-22,1
cnyusd,vix,0.0,,0.01667961022777704,0.012708570903308944,0.7619225347451459,0,,,,0.0,2025-05-22,1
cnyusd,brent,0.0,,0.0,0.0,0.0,0,,,,0.0,2025-05-22,1
cnyusd,henry_hub,0.0,,0.004676407297129866,0.0,0.0,0,,,,0.0,2025-05-22,1
krwusd,audusd,0.0,,0.014615469235545403,0.004590387402285209,0.31407731960607904,0,,,,0.0,2025-05-22,1
krwusd,brlusd,0.0,,3.6430986008366012e-06,0.0,0.0,0,,,,0.0,2025-05-22,1
krwusd,eurusd,0.0,,0.020381026593998205,0.019920587569089387,0.9774084478627584,0,,,,0.0,2025-05-22,1
krwusd,sp500,0.0,,0.017326662868999695,0.0009492635183375719,0.05478628663318448,0,,,,0.0,2025-05-22,1
krwusd,us10y,0.0,,0.004276979490420356,0.0,0.0,0,,,,0.0,2025-05-22,1
krwusd,wti,0.0,,0.00023992959299586536,0.0,0.0,0,,,,0.0,2025-05-22,1
krwusd,brent,0.0,,0.0007244818393966186,0.0020786670346648797,2.869177557847534,0,,,,0.0,2025-05-22,1
krwusd,henry_hub,0.0,,0.0022490091000463503,0.0,0.0,0,,,,0.0,2025-05-22,1
eurusd,brlusd,0.0,,0.016795554648794005,0.02884905178788321,1.7176599636710836,0,,,,0.0,2025-05-22,1
eurusd,cnyusd,0.0,,0.0018905538423261653,0.0001759949212258851,0.09309172650134014,0,,,,0.0,2025-05-22,1
eurusd,us10y,0.0,,0.017338568884827973,0.00645558371232498,0.37232506069021104,0,,,,0.0,2025-05-22,1
eurusd,brent,0.0,,0.03139984339676065,0.03945724278669276,1.256606355901869,0,,,,0.0,2025-05-22,1
eurusd,henry_hub,0.0,,0.00991193538989788,0.0,0.0,0,,,,0.0,2025-05-22,1
sp500,us2y,0.0,,0.0021968633865482516,0.0,0.0,0,,,,0.0,2025-05-22,1
sp500,us10y,0.0,,0.012037036503394306,0.016125802430759808,1.3396821074865493,0,,,,0.0,2025-05-22,1
sp500,brent,0.0,,0.015948538641554783,0.0008521543313180488,0.05343149930349821,0,,,,0.0,2025-05-22,1
sp500,henry_hub,0.0,,0.00039640696932766737,0.0,0.0,0,,,,0.0,2025-05-22,1
vix,cnyusd,0.0,,0.0,0.0,0.0,0,,,,0.0,2025-05-22,1
vix,krwusd,0.0,,0.0016856152750014597,0.007427403611042714,4.406345695364134,0,,,,0.0,2025-05-22,1
vix,eurusd,0.0,,0.0043349574685309115,0.0,0.0,0,,,,0.0,2025-05-22,1
vix,sp500,0.0,,0.01436445229332119,0.0025415231788727135,0.17693143650554674,0,,,,0.0,2025-05-22,1
vix,us2y,0.0,,0.008526990519652024,0.02840412224947517,3.3310840658275183,0,,,,0.0,2025-05-22,1
vix,us10y,0.0,,0.005677314331050231,0.019769994941208416,3.4822794350284316,0,,,,0.0,2025-05-22,1
vix,wti,0.0,,4.233270905477566e-05,0.0,0.0,0,,,,0.0,2025-05-22,1
vix,brent,0.0,,0.00012875161304605343,0.0,0.0,0,,,,0.0,2025-05-22,1
vix,henry_hub,0.0,,0.023742602167808644,0.021155355796961293,0.8910293676926759,0,,,,0.0,2025-05-22,1
us2y,audusd,0.0,,0.03363934197226177,0.019404936790851323,0.576852448744455,0,,,,0.0,2025-05-22,1
us2y,brlusd,0.0,,0.010187180173963225,0.02285928822235657,2.2439269583923913,0,,,,0.0,2025-05-22,1
us2y,sp500,0.0,,0.014297127198973398,0.00202484763677255,0.14162618885547465,0,,,,0.0,2025-05-22,1
us2y,vix,0.0,,0.0009699618394989994,0.0,0.0,0,,,,0.0,2025-05-22,1
us2y,brent,0.0,,0.004582179505254295,0.0019772171557437563,0.4315014620174789,0,,,,0.0,2025-05-22,1
us2y,henry_hub,0.0,,0.01526449049606843,0.010447823225344046,0.6844527976898424,0,,,,0.0,2025-05-22,1
us10y,audusd,0.0,,0.0071403045591590586,0.0,0.0,0,,,,0.0,2025-05-22,1
us10y,brlusd,0.0,,0.01011345019026435,0.004948635860387138,0.48931232836356,0,,,,0.0,2025-05-22,1
us10y,vix,0.0,,0.027932991411102847,0.029361864768962298,1.0511536103251549,0,,,,0.0,2025-05-22,1
us10y,wti,0.0,,0.0018634173817269563,0.0,0.0,0,,,,0.0,2025-05-22,1
us10y,brent,0.0,,0.010945024922479053,0.0026899615153319146,0.24577025035431688,0,,,,0.0,2025-05-22,1
us10y,henry_hub,0.0,,0.0,0.0,0.0,0,,,,0.0,2025-05-22,1
wti,audusd,0.0,,0.024737858252597694,0.02819366648263564,1.1396971473743105,0,,,,0.0,2025-05-22,1
wti,brlusd,0.0,,0.019650462291983046,0.008425742537827371,0.4287808812144276,0,,,,0.0,2025-05-22,1
wti,cnyusd,0.0,,0.012025239860704926,0.008682154128171901,0.7219942578062596,0,,,,0.0,2025-05-22,1
wti,krwusd,0.0,,0.0,0.0,0.0,0,,,,0.0,2025-05-22,1
wti,eurusd,0.0,,4.244632256506682e-05,0.0,0.0,0,,,,0.0,2025-05-22,1
wti,vix,0.0,,0.030980321544300783,0.012489108406195278,0.40313036739584146,0,,,,0.0,2025-05-22,1
wti,us2y,0.0,,0.0015224618668202012,0.0,0.0,0,,,,0.0,2025-05-22,1
wti,us10y,0.0,,0.015593556003322639,0.011645484692059758,0.7468139204154822,0,,,,0.0,2025-05-22,1
wti,henry_hub,0.0,,0.00011885668081082467,0.0,0.0,0,,,,0.0,2025-05-22,1
brent,audusd,0.0,,0.01424478410620756,0.014719372688791886,1.0333166567528047,0,,,,0.0,2025-05-22,1
brent,cnyusd,0.0,,0.014189169942727018,0.016530661530507453,1.1650196309742995,0,,,,0.0,2025-05-22,1
brent,krwusd,0.0,,0.009526518362954359,0.0007591383809563388,0.07968686481604757,0,,,,0.0,2025-05-22,1
brent,eurusd,0.0,,0.00876360668109276,0.0023112819776610694,0.2637363886546388,0,,,,0.0,2025-05-22,1
brent,sp500,0.0,,0.023188929466134836,0.033350702574311025,1.4382165689458182,0,,,,0.0,2025-05-22,1
brent,us2y,0.0,,0.0,0.0,0.0,0,,,,0.0,2025-05-22,1
brent,henry_hub,0.0,,7.31846726056015e-05,0.0,0.0,0,,,,0.0,2025-05-22,1
henry_hub,audusd,0.0,,0.0017710363101705266,0.0,0.0,0,,,,0.0,2025-05-22,1
henry_hub,eurusd,0.0,,4.5241606020373074e-05,0.0,0.0,0,,,,0.0,2025-05-22,1
henry_hub,sp500,0.0,,0.0023778883332843392,0.0028086228062252413,1.1811415897507564,0,,,,0.0,2025-05-22,1
henry_hub,vix,0.0,,0.014486936630742148,0.00630889323874095,0.43548842654237196,0,,,,0.0,2025-05-22,1
henry_hub,us2y,0.0,,0.015571701067010581,0.008008473808927575,0.5142966574084782,0,,,,0.0,2025-05-22,1
henry_hub,us10y,0.0,,1.6601651773494468e-05,0.0,0.0,0,,,,0.0,2025-05-22,1
henry_hub,wti,0.0,,0.0009751276168813204,0.0,0.0,0,,,,0.0,2025-05-22,1
henry_hub,brent,0.0,,0.001990899495755483,0.0,0.0,0,,,,0.0,2025-05-22,1
pw_bab_el_mandeb_strait_capacity_z,audusd,0.0,,0.0022259032580032707,0.0,0.0,0,,,,0.0,2025-05-22,1
pw_bab_el_mandeb_strait_capacity_z,brlusd,0.0,,0.0005738237242875097,0.0,0.0,0,,,,0.0,2025-05-22,1
pw_bab_el_mandeb_strait_capacity_z,krwusd,0.0,,2.104705835779212e-05,0.0,0.0,0,,,,0.0,2025-05-22,1
pw_bab_el_mandeb_strait_capacity_z,eurusd,0.0,,0.004760465536682292,0.00773028499513913,1.6238506372060815,0,,,,0.0,2025-05-22,1
pw_bab_el_mandeb_strait_capacity_z,sp500,0.0,,0.0010311400655183096,0.0,0.0,0,,,,0.0,2025-05-22,1
pw_bab_el_mandeb_strait_capacity_z,vix,0.0,,6.187126733102553e-05,0.0,0.0,0,,,,0.0,2025-05-22,1
pw_bab_el_mandeb_strait_capacity_z,us2y,0.0,,0.00013896845941949683,0.0,0.0,0,,,,0.0,2025-05-22,1
pw_bab_el_mandeb_strait_capacity_z,us10y,0.0,,0.0,0.0,0.0,0,,,,0.0,2025-05-22,1
pw_bab_el_mandeb_strait_capacity_z,wti,0.0,,0.0,0.0,0.0,0,,,,0.0,2025-05-22,1
pw_bab_el_mandeb_strait_capacity_z,brent,0.0,,0.0,0.0,0.0,0,,,,0.0,2025-05-22,1
pw_bab_el_mandeb_strait_capacity_z,henry_hub,0.0,,0.02675788509897433,0.01926743420631196,0.7200656604602323,0,,,,0.0,2025-05-22,1
pw_bab_el_mandeb_strait_n_total_z,audusd,0.0,,0.0010598897424047955,0.0,0.0,0,,,,0.0,2025-05-22,1
pw_bab_el_mandeb_strait_n_total_z,brlusd,0.0,,0.003715167458332339,0.0,0.0,0,,,,0.0,2025-05-22,1
pw_bab_el_mandeb_strait_n_total_z,krwusd,0.0,,5.325607325194722e-05,0.0,0.0,0,,,,0.0,2025-05-22,1
pw_bab_el_mandeb_strait_n_total_z,eurusd,0.0,,0.00027177246193771447,0.0,0.0,0,,,,0.0,2025-05-22,1
pw_bab_el_mandeb_strait_n_total_z,sp500,0.0,,0.0078111246073936475,0.009708283088185271,1.2428790444587021,0,,,,0.0,2025-05-22,1
pw_bab_el_mandeb_strait_n_total_z,vix,0.0,,0.0,0.0,0.0,0,,,,0.0,2025-05-22,1
pw_bab_el_mandeb_strait_n_total_z,us2y,0.0,,0.0,0.0,0.0,0,,,,0.0,2025-05-22,1
pw_bab_el_mandeb_strait_n_total_z,us10y,0.0,,0.008737197184667311,0.011941969037154915,1.366796328931614,0,,,,0.0,2025-05-22,1
pw_bab_el_mandeb_strait_n_total_z,wti,0.0,,0.0,0.0,0.0,0,,,,0.0,2025-05-22,1
pw_bab_el_mandeb_strait_n_total_z,brent,0.0,,0.0011371656547677755,0.0,0.0,0,,,,0.0,2025-05-22,1
pw_cape_of_good_hope_capacity_z,audusd,0.0,,6.996121564063949e-05,0.0,0.0,0,,,,0.0,2025-05-22,1
pw_cape_of_good_hope_capacity_z,brlusd,0.0,,0.00027209802645892546,0.0,0.0,0,,,,0.0,2025-05-22,1
pw_cape_of_good_hope_capacity_z,cnyusd,0.0,,0.009308793604040173,0.0012461283691195771,0.13386572117988912,0,,,,0.0,2025-05-22,1
pw_cape_of_good_hope_capacity_z,krwusd,0.0,,1.0423015951596794e-05,0.0,0.0,0,,,,0.0,2025-05-22,1
pw_cape_of_good_hope_capacity_z,eurusd,0.0,,0.0009317295301526666,0.0,0.0,0,,,,0.0,2025-05-22,1
pw_cape_of_good_hope_capacity_z,sp500,0.0,,0.015664667126634675,0.011027212831284725,0.7039544946687776,0,,,,0.0,2025-05-22,1
pw_cape_of_good_hope_capacity_z,vix,0.0,,0.011493472640996044,0.00066321776427841,0.05770386244386922,0,,,,0.0,2025-05-22,1
pw_cape_of_good_hope_capacity_z,us2y,0.0,,0.0007630580591134904,0.002264288974505801,2.967387536849317,0,,,,0.0,2025-05-22,1
pw_cape_of_good_hope_capacity_z,us10y,0.0,,0.003985184933807604,0.0020333874863775647,0.510236669101021,0,,,,0.0,2025-05-22,1
pw_cape_of_good_hope_capacity_z,wti,0.0,,0.00985137235087277,0.01242777375361999,1.2615271569264122,0,,,,0.0,2025-05-22,1
pw_cape_of_good_hope_n_total_z,audusd,0.0,,0.00031834402951379926,0.0,0.0,0,,,,0.0,2025-05-22,1
pw_cape_of_good_hope_n_total_z,cnyusd,0.0,,6.309958821369557e-05,0.0,0.0,0,,,,0.0,2025-05-22,1
pw_cape_of_good_hope_n_total_z,krwusd,0.0,,1.9207326675431282e-06,0.0,0.0,0,,,,0.0,2025-05-22,1
pw_cape_of_good_hope_n_total_z,eurusd,0.0,,0.003297144519980222,0.0,0.0,0,,,,0.0,2025-05-22,1
pw_cape_of_good_hope_n_total_z,sp500,0.0,,5.473649135184993e-06,0.0,0.0,0,,,,0.0,2025-05-22,1
pw_cape_of_good_hope_n_total_z,vix,0.0,,0.0,0.0,0.0,0,,,,0.0,2025-05-22,1
pw_cape_of_good_hope_n_total_z,us2y,0.0,,0.0010220764418578155,0.00018356955673220473,0.17960452781646416,0,,,,0.0,2025-05-22,1
pw_cape_of_good_hope_n_total_z,us10y,0.0,,0.018785674224565306,0.007873217894448687,0.41910754973878883,0,,,,0.0,2025-05-22,1
pw_cape_of_good_hope_n_total_z,wti,0.0,,0.0004674643222366453,0.0,0.0,0,,,,0.0,2025-05-22,1
pw_cape_of_good_hope_n_total_z,brent,0.0,,0.0005119724416929474,0.0,0.0,0,,,,0.0,2025-05-22,1
pw_malacca_strait_capacity_z,audusd,0.0,,0.0,0.0,0.0,0,,,,0.0,2025-05-22,1
pw_malacca_strait_capacity_z,brlusd,0.0,,0.005776726585054471,0.009407213758325424,1.6284678909096613,0,,,,0.0,2025-05-22,1
pw_malacca_strait_capacity_z,cnyusd,0.0,,0.0004057694556565641,0.0,0.0,0,,,,0.0,2025-05-22,1
pw_malacca_strait_capacity_z,krwusd,0.0,,0.00827253225094452,0.010296270810827115,1.2446335050131154,0,,,,0.0,2025-05-22,1
pw_malacca_strait_capacity_z,eurusd,0.0,,0.00012137493823603256,0.0,0.0,0,,,,0.0,2025-05-22,1
pw_malacca_strait_capacity_z,sp500,0.0,,0.0,0.0,0.0,0,,,,0.0,2025-05-22,1
pw_malacca_strait_capacity_z,vix,0.0,,0.000166045489420994,0.0013416993937122345,8.080312198728095,0,,,,0.0,2025-05-22,1
pw_malacca_strait_capacity_z,us10y,0.0,,0.0,0.0,0.0,0,,,,0.0,2025-05-22,1
pw_malacca_strait_capacity_z,wti,0.0,,0.0,0.0,0.0,0,,,,0.0,2025-05-22,1
pw_malacca_strait_capacity_z,brent,0.0,,0.0,0.0,0.0,0,,,,0.0,2025-05-22,1
pw_malacca_strait_capacity_z,henry_hub,0.0,,0.0,0.0,0.0,0,,,,0.0,2025-05-22,1
pw_malacca_strait_n_total_z,audusd,0.0,,0.003068771197840255,0.0,0.0,0,,,,0.0,2025-05-22,1
pw_malacca_strait_n_total_z,brlusd,0.0,,0.0007859146641329403,0.0,0.0,0,,,,0.0,2025-05-22,1
pw_malacca_strait_n_total_z,cnyusd,0.0,,0.011441782004538275,0.0,0.0,0,,,,0.0,2025-05-22,1
pw_malacca_strait_n_total_z,krwusd,0.0,,0.0,0.0,0.0,0,,,,0.0,2025-05-22,1
pw_malacca_strait_n_total_z,eurusd,0.0,,0.019453238220416363,0.010385014255395838,0.5338450152991323,0,,,,0.0,2025-05-22,1
pw_malacca_strait_n_total_z,sp500,0.0,,0.005698671464245908,0.0,0.0,0,,,,0.0,2025-05-22,1
pw_malacca_strait_n_total_z,vix,0.0,,0.0,0.0,0.0,0,,,,0.0,2025-05-22,1
pw_malacca_strait_n_total_z,us2y,0.0,,0.0002905730461932774,0.0,0.0,0,,,,0.0,2025-05-22,1
pw_malacca_strait_n_total_z,us10y,0.0,,0.01245404089091074,0.021965176827161415,1.7636987881734136,0,,,,0.0,2025-05-22,1
pw_malacca_strait_n_total_z,wti,0.0,,0.0,0.0,0.0,0,,,,0.0,2025-05-22,1
pw_malacca_strait_n_total_z,brent,0.0,,0.00305893539027527,0.0,0.0,0,,,,0.0,2025-05-22,1
pw_panama_canal_capacity_z,audusd,0.0,,1.7530521954092804e-05,0.0,0.0,0,,,,0.0,2025-05-22,1
pw_panama_canal_capacity_z,brlusd,0.0,,0.0,0.0,0.0,0,,,,0.0,2025-05-22,1
pw_panama_canal_capacity_z,cnyusd,0.0,,0.0017404364881206317,0.0,0.0,0,,,,0.0,2025-05-22,1
pw_panama_canal_capacity_z,krwusd,0.0,,0.0032057400551074146,0.0,0.0,0,,,,0.0,2025-05-22,1
pw_panama_canal_capacity_z,eurusd,0.0,,0.0,0.0,0.0,0,,,,0.0,2025-05-22,1
pw_panama_canal_capacity_z,sp500,0.0,,0.009524973083709082,0.0013711875408037694,0.14395710399948142,0,,,,0.0,2025-05-22,1
pw_panama_canal_capacity_z,vix,0.0,,0.0126577354606913,0.0,0.0,0,,,,0.0,2025-05-22,1
pw_panama_canal_capacity_z,us2y,0.0,,0.0,0.0,0.0,0,,,,0.0,2025-05-22,1
pw_panama_canal_capacity_z,us10y,0.0,,0.0,0.0,0.0,0,,,,0.0,2025-05-22,1
pw_panama_canal_capacity_z,wti,0.0,,0.0,0.0,0.0,0,,,,0.0,2025-05-22,1
pw_panama_canal_capacity_z,brent,0.0,,5.809537369391529e-05,0.0,0.0,0,,,,0.0,2025-05-22,1
pw_panama_canal_capacity_z,henry_hub,0.0,,0.0034606151646645314,0.0,0.0,0,,,,0.0,2025-05-22,1
pw_panama_canal_n_total_z,audusd,0.0,,0.0030610605574310705,0.0005177045458701971,0.16912587521779365,0,,,,0.0,2025-05-22,1
pw_panama_canal_n_total_z,brlusd,0.0,,0.0,0.0,0.0,0,,,,0.0,2025-05-22,1
pw_panama_canal_n_total_z,cnyusd,0.0,,2.329737675926094e-05,0.0,0.0,0,,,,0.0,2025-05-22,1
pw_panama_canal_n_total_z,krwusd,0.0,,0.0,0.0,0.0,0,,,,0.0,2025-05-22,1
pw_panama_canal_n_total_z,eurusd,0.0,,3.60531663772869e-05,0.0,0.0,0,,,,0.0,2025-05-22,1
pw_panama_canal_n_total_z,sp500,0.0,,0.0006632724299542706,0.0,0.0,0,,,,0.0,2025-05-22,1
pw_panama_canal_n_total_z,vix,0.0,,0.0,0.0,0.0,0,,,,0.0,2025-05-22,1
pw_panama_canal_n_total_z,us2y,0.0,,0.0007503402540603081,0.0,0.0,0,,,,0.0,2025-05-22,1
pw_panama_canal_n_total_z,us10y,0.0,,0.0007972906509215624,0.0,0.0,0,,,,0.0,2025-05-22,1
pw_panama_canal_n_total_z,wti,0.0,,0.0,0.0,0.0,0,,,,0.0,2025-05-22,1
pw_panama_canal_n_total_z,brent,0.0,,7.069643305557068e-05,0.0,0.0,0,,,,0.0,2025-05-22,1
pw_strait_of_hormuz_capacity_z,audusd,0.0,,0.01100530766373972,0.007702416177263422,0.6998819490200476,0,,,,0.0,2025-05-22,1
pw_strait_of_hormuz_capacity_z,brlusd,0.0,,0.0,0.0,0.0,0,,,,0.0,2025-05-22,1
pw_strait_of_hormuz_capacity_z,cnyusd,0.0,,0.0,0.0,0.0,0,,,,0.0,2025-05-22,1
pw_strait_of_hormuz_capacity_z,krwusd,0.0,,0.0023414822574106104,0.010491712115338836,4.480799323647821,0,,,,0.0,2025-05-22,1
pw_strait_of_hormuz_capacity_z,eurusd,0.0,,0.000934571141588842,0.006317971873108271,6.760289925459541,0,,,,0.0,2025-05-22,1
pw_strait_of_hormuz_capacity_z,sp500,0.0,,0.0,0.0,0.0,0,,,,0.0,2025-05-22,1
pw_strait_of_hormuz_capacity_z,vix,0.0,,0.00776149269064357,0.008735630331241298,1.1255090585567444,0,,,,0.0,2025-05-22,1
pw_strait_of_hormuz_capacity_z,us2y,0.0,,0.00036980837157553527,0.0,0.0,0,,,,0.0,2025-05-22,1
pw_strait_of_hormuz_capacity_z,us10y,0.0,,0.0008089357715600439,0.0,0.0,0,,,,0.0,2025-05-22,1
pw_strait_of_hormuz_capacity_z,wti,0.0,,0.014120616286421934,0.01462670666305564,1.0358405303542135,0,,,,0.0,2025-05-22,1
pw_strait_of_hormuz_capacity_z,henry_hub,0.0,,0.001859145536438968,0.0,0.0,0,,,,0.0,2025-05-22,1
pw_strait_of_hormuz_n_total_z,audusd,0.0,,0.00020367334326615896,0.0,0.0,0,,,,0.0,2025-05-22,1
pw_strait_of_hormuz_n_total_z,brlusd,0.0,,0.014032271630700794,0.00814993229133797,0.5807992109778557,0,,,,0.0,2025-05-22,1
pw_strait_of_hormuz_n_total_z,cnyusd,0.0,,0.0,0.0,0.0,0,,,,0.0,2025-05-22,1
pw_strait_of_hormuz_n_total_z,krwusd,0.0,,0.0004672452191711391,0.0,0.0,0,,,,0.0,2025-05-22,1
pw_strait_of_hormuz_n_total_z,eurusd,0.0,,0.0,0.0,0.0,0,,,,0.0,2025-05-22,1
pw_strait_of_hormuz_n_total_z,sp500,0.0,,0.0,0.0,0.0,0,,,,0.0,2025-05-22,1
pw_strait_of_hormuz_n_total_z,vix,0.0,,0.0,0.0,0.0,0,,,,0.0,2025-05-22,1
pw_strait_of_hormuz_n_total_z,us2y,0.0,,0.0,0.0,0.0,0,,,,0.0,2025-05-22,1
pw_strait_of_hormuz_n_total_z,us10y,0.0,,0.009061880497014554,0.004144536166620681,0.45735939333851316,0,,,,0.0,2025-05-22,1
pw_strait_of_hormuz_n_total_z,wti,0.0,,0.0,0.0,0.0,0,,,,0.0,2025-05-22,1
pw_strait_of_hormuz_n_total_z,brent,0.0,,0.0,0.0,0.0,0,,,,0.0,2025-05-22,1
pw_strait_of_hormuz_n_total_z,henry_hub,0.0,,0.0017712498865568188,0.0035785426127407636,2.0203488169008104,0,,,,0.0,2025-05-22,1
pw_suez_canal_capacity_z,audusd,0.0,,0.0,0.0,0.0,0,,,,0.0,2025-05-22,1
pw_suez_canal_capacity_z,cnyusd,0.0,,0.0,0.0,0.0,0,,,,0.0,2025-05-22,1
pw_suez_canal_capacity_z,krwusd,0.0,,0.0,0.0,0.0,0,,,,0.0,2025-05-22,1
pw_suez_canal_capacity_z,eurusd,0.0,,0.00045983651528100795,0.0,0.0,0,,,,0.0,2025-05-22,1
pw_suez_canal_capacity_z,sp500,0.0,,0.0,0.0,0.0,0,,,,0.0,2025-05-22,1
pw_suez_canal_capacity_z,vix,0.0,,0.0,0.0,0.0,0,,,,0.0,2025-05-22,1
pw_suez_canal_capacity_z,us2y,0.0,,0.0,0.0,0.0,0,,,,0.0,2025-05-22,1
pw_suez_canal_capacity_z,us10y,0.0,,0.0011846498779307074,0.0,0.0,0,,,,0.0,2025-05-22,1
pw_suez_canal_capacity_z,wti,0.0,,3.70510174376195e-05,0.0,0.0,0,,,,0.0,2025-05-22,1
pw_suez_canal_capacity_z,brent,0.0,,0.0,0.0,0.0,0,,,,0.0,2025-05-22,1
pw_suez_canal_capacity_z,henry_hub,0.0,,0.0,0.0,0.0,0,,,,0.0,2025-05-22,1
pw_suez_canal_n_total_z,audusd,0.0,,4.734054864476916e-05,0.0,0.0,0,,,,0.0,2025-05-22,1
pw_suez_canal_n_total_z,brlusd,0.0,,0.0,0.0,0.0,0,,,,0.0,2025-05-22,1
pw_suez_canal_n_total_z,cnyusd,0.0,,0.0,0.0,0.0,0,,,,0.0,2025-05-22,1
pw_suez_canal_n_total_z,krwusd,0.0,,0.0,0.0,0.0,0,,,,0.0,2025-05-22,1
pw_suez_canal_n_total_z,eurusd,0.0,,0.0,0.0,0.0,0,,,,0.0,2025-05-22,1
pw_suez_canal_n_total_z,sp500,0.0,,0.0,0.0,0.0,0,,,,0.0,2025-05-22,1
pw_suez_canal_n_total_z,vix,0.0,,0.002167097770560661,0.0,0.0,0,,,,0.0,2025-05-22,1
pw_suez_canal_n_total_z,us2y,0.0,,0.0,0.0,0.0,0,,,,0.0,2025-05-22,1
pw_suez_canal_n_total_z,us10y,0.0,,0.0,0.0,0.0,0,,,,0.0,2025-05-22,1
pw_suez_canal_n_total_z,wti,0.0,,0.0012347549726532021,0.0,0.0,0,,,,0.0,2025-05-22,1
pw_suez_canal_n_total_z,brent,0.0,,0.009003719972356545,0.0,0.0,0,,,,0.0,2025-05-22,1
sp500,audusd,1.0,1.0,0.19528913476242035,0.2093242036842441,1.0718681504677572,440,7.891907990319304e-06,0.5269391468624186,2.067758171304941,0.7754594444784136,2025-06-25,1
wti,brent,1.0,1.0,0.3860818827319856,0.3777798276641245,0.978496646853475,440,5.015534082315179e-05,0.5142837861962186,1.7295979644665378,0.6836971111440734,2025-06-25,1
sp500,brlusd,1.0,1.0,0.07699431051693308,0.08438596176612993,1.096002564339754,440,1.6150248256504018e-06,0.5173552045591974,1.4457005605379434,0.6186717280229947,2025-06-25,1
sp500,eurusd,1.0,1.0,0.14543117815051357,0.14390792921473797,0.9895259809131223,440,1.0532356540674589e-06,0.5058814434417107,1.1703965059966952,0.5209194841122655,2025-06-25,1
cnyusd,us10y,1.0,1.0,0.06750934928391493,0.06822367596463981,1.0105811519189842,440,2.1992946567359683e-05,0.5341096314304147,1.1514762638649605,0.5195609185213929,2025-06-25,1
eurusd,wti,1.0,1.0,0.08987511991945345,0.09195016904690706,1.023088137510284,440,0.052649580746479616,0.5721046117764251,1.1400379414942083,0.515373210079207,2025-06-25,1
sp500,cnyusd,1.0,1.0,0.1024808957754332,0.10812575512184351,1.055082064844358,440,7.317056219252495e-08,0.4402727962408006,1.001239626665726,0.4626044684093325,2025-06-25,1
sp500,krwusd,1.0,1.0,0.21943930616425272,0.2125313724622629,0.9685200713457452,440,1.5168257739813533e-06,0.5009412867835566,0.8921433954403595,0.4054850605520617,2025-06-25,1
eurusd,sp500,1.0,1.0,0.08589661453195517,0.09961739065356466,1.1597359360013555,440,1.6850822232180711e-06,0.5132271005407801,0.7182181400496847,0.34442903749010373,2025-06-25,1
eurusd,audusd,0.46973148769473844,0.98223361331203,0.04935389507816721,0.07440280015142076,1.5075365385767594,100,8.717998220675218e-07,0.5940118504284831,1.8719765491214533,0.3383683670990613,2025-06-25,1
audusd,wti,0.7984616917086247,1.0,0.06270927379111468,0.0659950993544367,1.0523977613624924,380,0.017952234904589005,0.5326042145012455,0.8916255482014636,0.3341171168453071,2025-06-25,1
vix,brlusd,0.8565826507130223,1.0,0.08553509965985916,0.08513281096258363,0.9952967998064505,400,1.4096691157701422e-06,0.5651041656476814,0.7019056807023248,0.2874985069100258,2025-06-25,1
pw_cape_of_good_hope_capacity_z,henry_hub,0.5116408378465789,1.0,0.04996338313620072,0.029195037154853186,0.5843286687626257,360,0.00017546136719676425,0.546468177601362,1.758088312163852,0.21105239094600856,2025-06-25,1
brent,brlusd,1.0,1.0,0.058187196135901176,0.060947473995798696,1.0474378908626334,440,7.797840405942396e-08,0.5345465211503881,0.3283073600018199,0.16269494910373036,2025-06-25,1
sp500,vix,0.8915424554982775,1.0,0.05639397023779752,0.052342647917959756,0.9281603635503144,420,0.042276750085023206,0.4869496319401422,0.2946652764902752,0.12104237491809,2025-06-25,1
audusd,eurusd,0.9916545687501002,0.6133991575210046,0.06387831229689268,0.07435534593377287,1.1640155047958247,420,8.431074049614877e-08,0.4683818555720253,0.33039371799220396,0.0995817399393222,2025-06-25,1
pw_malacca_strait_capacity_z,us2y,0.5920693962383315,1.0,0.04983302784036367,0.05405679322646309,1.0847583534283716,140,7.634507626060397e-06,0.5030010635201866,0.15561367141975146,0.0459743089841538,2025-06-25,1
eurusd,vix,0.326868787672442,1.0,0.05353911564394521,0.08392533353001125,1.5675517333559552,40,0.010514487939938954,0.5500016824085026,0.18056279734806294,0.029430255384295854,2025-06-25,1
krwusd,cnyusd,0.5553802016724007,0.5821119947713618,0.044457091376337333,0.05457655120110448,1.2276230745530357,100,9.252394592035236e-09,0.4713342202632182,0.1758139080198683,0.028346764614474516,2025-06-25,1
audusd,us2y,0.0202389006436704,1.0,0.017859113517275007,0.009573610601617816,0.5360630353996756,40,5.5893682214857504e-05,0.5524668454893162,0.625492297965215,0.0032866223507852167,2025-06-25,1
pw_suez_canal_capacity_z,brlusd,0.045342101523200735,1.0,0.03859180716843762,0.0347636564860781,0.9008040575645709,80,8.179476256627037e-08,0.5582242768890886,0.1305886472033111,0.0026631206142076827,2025-06-25,1
brent,us10y,0.01355719306271533,1.0,0.04294811033242385,0.04524976221634998,1.0535914587652646,20,9.52610963775413e-06,0.3975981573018204,0.23458885524139267,0.0015829305396001766,2025-06-25,1
brlusd,wti,1.0,1.0,0.06436418239470118,0.055711756126457686,0.8655707888094635,440,-0.002413501919415675,0.4765233588430888,-0.17847789389943766,0.0,2025-06-25,1
cnyusd,us2y,1.0,1.0,0.07085637562884482,0.05429102742183799,0.7662123124420257,440,-9.134847240754485e-06,0.4635268611061432,-0.28840610048642534,0.0,2025-06-25,1
eurusd,krwusd,1.0,1.0,0.17131920835910755,0.14012203248400731,0.8179003033348902,440,-1.007379636822241e-06,0.44038726195836375,-0.9725546526318589,0.0,2025-06-25,1
us2y,cnyusd,1.0,1.0,0.11062018131285281,0.10739222294775969,0.9708194442751462,440,-1.079027244793833e-08,0.4730125554702794,-0.1636573881382438,0.0,2025-06-25,1
us2y,krwusd,1.0,1.0,0.1632357664106713,0.14238779571669824,0.8722830715817305,440,-8.083688555707441e-07,0.4577742723571537,-1.1048329377164057,0.0,2025-06-25,1
us2y,eurusd,1.0,0.9916545687501002,0.08913793672596983,0.0720976715741267,0.8088326275239156,440,-2.435834893236715e-07,0.4558465158718648,-0.9918292155028935,0.0,2025-06-25,1
brent,wti,1.0,1.0,0.08381574705368204,0.06387235857380014,0.7620567831113093,440,-0.02283069271001989,0.4403050982711944,-1.1348771568066984,0.0,2025-06-25,1
pw_panama_canal_n_total_z,henry_hub,1.0,1.0,0.25934023760201924,0.20856590429781743,0.8042172947257049,440,-0.00010883095969379236,0.48166477512824885,-1.236570479586454,0.0,2025-06-25,1
brent,vix,0.7714885860000416,1.0,0.06819618262675627,0.07025954523083901,1.0302562771786758,380,-0.005862107416961321,0.4952883044718587,-0.49823380903359843,0.0,2025-06-25,1
brlusd,us2y,0.6731312123275581,1.0,0.05679352057989535,0.0484115261704202,0.8524128399879064,400,-3.284429851196532e-05,0.475339150481565,-0.9356099809793178,0.0,2025-06-25,1
wti,sp500,0.6731312123275581,1.0,0.05786823544101087,0.03644097397789874,0.6297232618237611,400,-3.735214891624378e-07,0.47653290655791275,-0.5083529669425899,0.0,2025-06-25,1
vix,audusd,0.5403936226522108,1.0,0.054942881032340206,0.06899237195002911,1.255710851955855,280,-2.4686091358688466e-08,0.5326432336126506,-0.036203773703274544,0.0,2025-06-25,1
brlusd,audusd,0.5116408378465789,0.8647473010856317,0.05005285121727983,0.03257075463299454,0.6507272581057297,360,-2.4706530461498844e-07,0.4646009874176551,-1.3104425057003661,0.0,2025-06-25,1
brlusd,brent,0.41676444253357514,1.0,0.04888126284705741,0.04726919367928105,0.9670207135846653,280,-4.211647222941559e-06,0.4589110050765752,-1.277708768678796,0.0,2025-06-25,1
pw_cape_of_good_hope_n_total_z,henry_hub,0.38103119972175553,0.6395406756291061,0.0534962340190861,0.036881866312723936,0.6894292091582638,260,-8.978657676589765e-05,0.48749455520286183,-0.7772999451635217,0.0,2025-06-25,1
us10y,eurusd,0.33551041982827995,0.9158390659489276,0.0441417897957705,0.026552796048391492,0.6015341963079096,300,-8.020490592338171e-08,0.4734246808016396,-0.5115521853486396,0.0,2025-06-25,1
pw_bab_el_mandeb_strait_n_total_z,henry_hub,0.3172980351296434,1.0,0.03667251963612712,0.022384820780937165,0.6103976765993809,200,-3.0022857267389303e-05,0.5204348386330875,-0.45694958732023877,0.0,2025-06-25,1
us10y,krwusd,0.30727354951166447,1.0,0.03038604836715929,0.0010357704071579938,0.03408703871732911,240,-2.1877647340652713e-07,0.4319774877759927,-0.9936921796839672,0.0,2025-06-25,1
us2y,wti,0.2900849022602521,1.0,0.04768161059118812,0.03201362056520678,0.6714039263414292,280,-0.01412090773531231,0.4591868888635628,-0.6878765053746138,0.0,2025-06-25,1
us10y,us2y,0.2900849022602521,1.0,0.046032938103335475,0.03441828460387363,0.7476881994064971,280,-1.8103258094353638e-05,0.5089496683753806,-0.4390335674873199,0.0,2025-06-25,1
pw_cape_of_good_hope_capacity_z,brent,0.2900849022602521,1.0,0.05193085573058647,0.04560026609839318,0.8780957959746335,280,-1.1065877589067675e-05,0.3804596914312197,-2.2017092901248083,0.0,2025-06-25,1
henry_hub,krwusd,0.25699846767933865,1.0,0.03746096334145822,0.025096055312109615,0.669925519089246,160,-1.6762534007269404e-07,0.4681133454611047,-0.6405786902307206,0.0,2025-06-25,1
sp500,wti,0.2418283280030036,1.0,0.04415842725836336,0.035343137024414134,0.8003712817403464,240,-0.0039367844320504376,0.5202623829233483,-0.2842338212415523,0.0,2025-06-25,1
eurusd,us2y,0.23378921054756785,1.0,0.03783031847258621,0.02386530847614271,0.6308513763487542,240,-1.8797093511585333e-05,0.47318396913689387,-0.7293238725407811,0.0,2025-06-25,1
us10y,sp500,0.15815213948233495,1.0,0.043346327375607084,0.03703043085952044,0.8542922342334155,160,-1.2885632983144753e-06,0.5106106426540944,-1.4287681847758524,0.0,2025-06-25,1
krwusd,us2y,0.153225267529464,1.0,0.03467255604741381,0.009557351045969786,0.2756459902437063,200,-8.480960205791357e-06,0.5325201950507705,-0.1563557467832832,0.0,2025-06-25,1
henry_hub,cnyusd,0.12018922368848045,1.0,0.04326141200767362,0.037603188447519066,0.8692085325566602,140,-5.873776065020765e-08,0.59461895372365,-0.4590948140345447,0.0,2025-06-25,1
pw_suez_canal_n_total_z,henry_hub,0.08661386260814448,1.0,0.01961724246777186,0.0,0.0,140,0.0001136915660682016,0.5622340909004842,0.7553141850767685,0.0,2025-06-25,1
henry_hub,brlusd,0.06920080419355848,0.5799114645855681,0.010292214686431588,0.009861698767769602,0.9581707210956703,120,-2.306199469798467e-06,0.515401718994558,-1.4854727841034776,0.0,2025-06-25,1
pw_strait_of_hormuz_capacity_z,brent,0.057403880747771016,1.0,0.03917906204604202,0.03266405873724239,0.8337121164068859,60,-5.185965165730867e-06,0.4021796722531,-0.6948023036075389,0.0,2025-06-25,1
us10y,cnyusd,0.05368753277310095,1.0,0.014185381688653013,0.0,0.0,100,3.637829599062982e-08,0.4779682352700414,0.3299882266022636,0.0,2025-06-25,1
pw_malacca_strait_n_total_z,henry_hub,0.04542551756802787,1.0,0.026858718680668917,0.01727815758703898,0.6432979097947299,20,-3.062691899390059e-05,0.3500464416515345,-0.7627869741194295,0.0,2025-06-25,1
audusd,sp500,0.02823687031661544,1.0,0.026124197020235967,0.010841453089546331,0.41499660568125685,60,-1.619454514164341e-06,0.45279913005450234,-1.2702065892735912,0.0,2025-06-25,1
us2y,us10y,0.02823687031661544,1.0,0.01702716597371701,0.007005606664094539,0.4114370339085397,60,-1.646551722952266e-05,0.4995511033149797,-0.36150803986969976,0.0,2025-06-25,1
pw_cape_of_good_hope_n_total_z,brlusd,0.021902624312615547,1.0,0.02382398376930553,0.010568529306563303,0.4436088191169623,40,-1.7171219210588396e-06,0.3329583948482481,-1.369678978807214,0.0,2025-06-25,1
krwusd,vix,0.0202389006436704,1.0,0.02277108539214231,0.007239708069634865,0.31793425499748434,40,-0.05096883898372772,0.2993842190935326,-2.039253999919229,0.0,2025-06-25,1
cnyusd,wti,0.01355719306271533,1.0,0.01893372448646124,0.007768347410190364,0.4102915628536374,20,-0.026350855717256132,0.44326190323666986,-1.2536483129621632,0.0,2025-06-25,1
audusd,vix,0.008345431249900217,1.0,0.0238947924691562,0.0,0.0,20,-0.11408765609220188,0.35232384763291374,-1.8520756717413664,0.0,2025-06-25,1
brlusd,cnyusd,0.008345431249900217,1.0,0.02237088329296449,0.008873244815947073,0.396642577753631,20,-2.7076723537118683e-09,0.5031297473171651,-0.026983473890779566,0.0,2025-06-25,1
pw_bab_el_mandeb_strait_capacity_z,cnyusd,0.008345431249900217,1.0,0.010877878992260311,0.0,0.0,20,-8.052518251198798e-07,0.29832181352035564,-2.2556042702273813,0.0,2025-06-25,1
pw_bab_el_mandeb_strait_n_total_z,cnyusd,0.008345431249900217,1.0,0.017120709275272993,0.00884797971628544,0.5167998342839892,20,-6.296462030138999e-07,0.25071531608863584,-2.7206532902336567,0.0,2025-06-25,1
audusd,brlusd,0.0,,0.003572518951429924,0.0056400117609884375,1.5787212993596538,0,,,,0.0,2025-06-25,1
audusd,cnyusd,0.0,,0.0016715928574359616,0.0,0.0,0,,,,0.0,2025-06-25,1
audusd,krwusd,0.0,,0.014319707531646889,0.025119692876579214,1.7542043244293994,0,,,,0.0,2025-06-25,1
audusd,us10y,0.0,,0.004037597296476502,0.009583559008919091,2.373579707238856,0,,,,0.0,2025-06-25,1
audusd,brent,0.0,,0.001791757381379341,0.0,0.0,0,,,,0.0,2025-06-25,1
audusd,henry_hub,0.0,,0.013684333289116297,0.01660305611096964,1.213289369689258,0,,,,0.0,2025-06-25,1
brlusd,krwusd,0.0,,0.014451281986937261,0.019851811998409404,1.3737059463896537,0,,,,0.0,2025-06-25,1
brlusd,eurusd,0.0,,0.008770638058429297,0.0,0.0,0,,,,0.0,2025-06-25,1
brlusd,sp500,0.0,,0.009437150940931883,0.024519318823467594,2.5981696146365127,0,,,,0.0,2025-06-25,1
brlusd,vix,0.0,,0.009648858292523613,0.02631722166872881,2.727495924478508,0,,,,0.0,2025-06-25,1
brlusd,us10y,0.0,,0.026854970289252333,0.020662482792315254,0.769410003800474,0,,,,0.0,2025-06-25,1
brlusd,henry_hub,0.0,,0.004923363239816603,0.0,0.0,0,,,,0.0,2025-06-25,1
cnyusd,audusd,0.0,,0.01009482081628835,0.010774022945855439,1.0672822372905493,0,,,,0.0,2025-06-25,1
cnyusd,brlusd,0.0,,0.02397271424715471,0.030148282064265477,1.2576082021185289,0,,,,0.0,2025-06-25,1
cnyusd,krwusd,0.0,,0.003072822167893649,0.0,0.0,0,,,,0.0,2025-06-25,1
cnyusd,eurusd,0.0,,0.007321315450298309,0.0017677484101761474,0.2414522939459083,0,,,,0.0,2025-06-25,1
cnyusd,sp500,0.0,,0.0057885998852914905,0.005008267513199872,0.8651949715725905,0,,,,0.0,2025-06-25,1
cnyusd,vix,0.0,,0.016103004849255857,0.012015619267326794,0.7461724926377361,0,,,,0.0,2025-06-25,1
cnyusd,brent,0.0,,0.0,0.0,0.0,0,,,,0.0,2025-06-25,1
cnyusd,henry_hub,0.0,,0.0040982668970848965,0.0,0.0,0,,,,0.0,2025-06-25,1
krwusd,audusd,0.0,,0.012808570756905788,0.0,0.0,0,,,,0.0,2025-06-25,1
krwusd,brlusd,0.0,,3.192705307723826e-06,0.0,0.0,0,,,,0.0,2025-06-25,1
krwusd,eurusd,0.0,,0.019804860627213414,0.015720589905573127,0.7937743264889134,0,,,,0.0,2025-06-25,1
krwusd,sp500,0.0,,0.015430508171226627,0.001989226383911714,0.12891515702775347,0,,,,0.0,2025-06-25,1
krwusd,us10y,0.0,,0.0037482200226354695,0.0,0.0,0,,,,0.0,2025-06-25,1
krwusd,wti,0.0,,0.00021026729412758864,0.0,0.0,0,,,,0.0,2025-06-25,1
krwusd,brent,0.0,,0.0006349147435811738,0.0,0.0,0,,,,0.0,2025-06-25,1
krwusd,henry_hub,0.0,,0.0019709659489282705,0.0,0.0,0,,,,0.0,2025-06-25,1
eurusd,brlusd,0.0,,0.01791868771010418,0.02588024695389864,1.444315977408603,0,,,,0.0,2025-06-25,1
eurusd,cnyusd,0.0,,0.0016568262208292459,0.0,0.0,0,,,,0.0,2025-06-25,1
eurusd,us10y,0.0,,0.015628702524182025,0.0035079638528674744,0.2244564990241296,0,,,,0.0,2025-06-25,1
eurusd,brent,0.0,,0.031773995099100755,0.03442624624098447,1.0834723846847567,0,,,,0.0,2025-06-25,1
eurusd,henry_hub,0.0,,0.008686530944255918,0.0,0.0,0,,,,0.0,2025-06-25,1
sp500,us2y,0.0,,0.0019252669672366425,0.0,0.0,0,,,,0.0,2025-06-25,1
sp500,us10y,0.0,,0.012715370897861929,0.017523883490624063,1.3781653426696878,0,,,,0.0,2025-06-25,1
sp500,brent,0.0,,0.013976833885208992,0.0,0.0,0,,,,0.0,2025-06-25,1
sp500,henry_hub,0.0,,0.0003473995007163748,0.0,0.0,0,,,,0.0,2025-06-25,1
vix,cnyusd,0.0,,0.0,0.0,0.0,0,,,,0.0,2025-06-25,1
vix,krwusd,0.0,,0.002967196355070638,0.01205194690350018,4.061728804332287,0,,,,0.0,2025-06-25,1
vix,eurusd,0.0,,0.0037990302308472806,0.0,0.0,0,,,,0.0,2025-06-25,1
vix,sp500,0.0,,0.012891741983543335,0.0024521326583884524,0.1902095668311286,0,,,,0.0,2025-06-25,1
vix,us2y,0.0,,0.011482562499297074,0.032433741149308006,2.824608283324693,0,,,,0.0,2025-06-25,1
vix,us10y,0.0,,0.00759330671838143,0.021175212040091044,2.7886680764299085,0,,,,0.0,2025-06-25,1
vix,wti,0.0,,3.709915094213302e-05,0.0,0.0,0,,,,0.0,2025-06-25,1
vix,brent,0.0,,0.00011283415668621803,0.0,0.0,0,,,,0.0,2025-06-25,1
vix,henry_hub,0.0,,0.02354014416336186,0.022104979041516707,0.9390332908802291,0,,,,0.0,2025-06-25,1
us2y,audusd,0.0,,0.031963671824045845,0.020085340023790144,0.6283802478750332,0,,,,0.0,2025-06-25,1
us2y,brlusd,0.0,,0.011776375228085747,0.023041710573643244,1.9566046535856416,0,,,,0.0,2025-06-25,1
us2y,sp500,0.0,,0.012639978729346989,0.0008929416496055124,0.07064423672899993,0,,,,0.0,2025-06-25,1
us2y,vix,0.0,,0.0008500462525353748,0.0,0.0,0,,,,0.0,2025-06-25,1
us2y,brent,0.0,,0.004090104582107373,0.0006019304841516402,0.14716750441659937,0,,,,0.0,2025-06-25,1
us2y,henry_hub,0.0,,0.014488770007977016,0.008989916100711032,0.6204747605049631,0,,,,0.0,2025-06-25,1
us10y,audusd,0.0,,0.00625755456071287,0.0,0.0,0,,,,0.0,2025-06-25,1
us10y,brlusd,0.0,,0.009425111979438882,0.004545685281001534,0.4822950953705442,0,,,,0.0,2025-06-25,1
us10y,vix,0.0,,0.028370313374149966,0.03147035987563082,1.1092707881156332,0,,,,0.0,2025-06-25,1
us10y,wti,0.0,,0.0016330446186052388,0.0,0.0,0,,,,0.0,2025-06-25,1
us10y,brent,0.0,,0.009591900464934936,0.0,0.0,0,,,,0.0,2025-06-25,1
us10y,henry_hub,0.0,,0.0,0.0,0.0,0,,,,0.0,2025-06-25,1
wti,audusd,0.0,,0.02479331604378083,0.02518643998006613,1.015856045056301,0,,,,0.0,2025-06-25,1
wti,brlusd,0.0,,0.018244548738200857,0.00827844192888539,0.4537487908128852,0,,,,0.0,2025-06-25,1
wti,cnyusd,0.0,,0.01161615228651836,0.008716251045976852,0.750356127484045,0,,,,0.0,2025-06-25,1
wti,krwusd,0.0,,0.0,0.0,0.0,0,,,,0.0,2025-06-25,1
wti,eurusd,0.0,,3.7198718507296485e-05,0.0,0.0,0,,,,0.0,2025-06-25,1
wti,vix,0.0,,0.0282029775512516,0.008515204568000916,0.3019257293853721,0,,,,0.0,2025-06-25,1
wti,us2y,0.0,,0.0013342411544633329,0.0,0.0,0,,,,0.0,2025-06-25,1
wti,us10y,0.0,,0.015286797179452343,0.013112274289928342,0.8577515705875346,0,,,,0.0,2025-06-25,1
wti,henry_hub,0.0,,0.00010416252681056008,0.0,0.0,0,,,,0.0,2025-06-25,1
brent,audusd,0.0,,0.013749832709856618,0.01024126814115799,0.7448285631734631,0,,,,0.0,2025-06-25,1
brent,cnyusd,0.0,,0.014244108608821799,0.014633552620360696,1.027340707813594,0,,,,0.0,2025-06-25,1
brent,krwusd,0.0,,0.009310025947632526,0.007775375023541411,0.8351614772371966,0,,,,0.0,2025-06-25,1
brent,eurusd,0.0,,0.008106434386529473,0.0034479336827547935,0.42533295384272185,0,,,,0.0,2025-06-25,1
brent,sp500,0.0,,0.024152114394550714,0.030979848466742826,1.282697156888782,0,,,,0.0,2025-06-25,1
brent,us2y,0.0,,0.0,0.0,0.0,0,,,,0.0,2025-06-25,1
brent,henry_hub,0.0,,6.413691153412025e-05,0.0,0.0,0,,,,0.0,2025-06-25,1
henry_hub,audusd,0.0,,0.001552084543183811,0.0,0.0,0,,,,0.0,2025-06-25,1
henry_hub,eurusd,0.0,,3.964842336082404e-05,0.0,0.0,0,,,,0.0,2025-06-25,1
henry_hub,sp500,0.0,,0.002696219157271507,0.004952772544938045,1.8369324806482354,0,,,,0.0,2025-06-25,1
henry_hub,vix,0.0,,0.013845328981939893,0.009297161464502521,0.6715016650474621,0,,,,0.0,2025-06-25,1
henry_hub,us2y,0.0,,0.01494919541911455,0.010536436356052581,0.7048162834623417,0,,,,0.0,2025-06-25,1
henry_hub,us10y,0.0,,1.4549203176122257e-05,0.0,0.0,0,,,,0.0,2025-06-25,1
henry_hub,wti,0.0,,0.0008545733890952444,0.0,0.0,0,,,,0.0,2025-06-25,1
henry_hub,brent,0.0,,0.001744766223396628,0.0,0.0,0,,,,0.0,2025-06-25,1
pw_bab_el_mandeb_strait_capacity_z,audusd,0.0,,0.001950716663192927,0.0,0.0,0,,,,0.0,2025-06-25,1
pw_bab_el_mandeb_strait_capacity_z,brlusd,0.0,,0.000502882367721223,0.0,0.0,0,,,,0.0,2025-06-25,1
pw_bab_el_mandeb_strait_capacity_z,krwusd,0.0,,1.8445027789109207e-05,0.0,0.0,0,,,,0.0,2025-06-25,1
pw_bab_el_mandeb_strait_capacity_z,eurusd,0.0,,0.005565873469506367,0.011275172922521112,2.0257688185500737,0,,,,0.0,2025-06-25,1
pw_bab_el_mandeb_strait_capacity_z,sp500,0.0,,0.0009036610646308051,0.0,0.0,0,,,,0.0,2025-06-25,1
pw_bab_el_mandeb_strait_capacity_z,vix,0.0,,5.422217327798993e-05,0.0,0.0,0,,,,0.0,2025-06-25,1
pw_bab_el_mandeb_strait_capacity_z,us2y,0.0,,0.00012178790271911459,0.0,0.0,0,,,,0.0,2025-06-25,1
pw_bab_el_mandeb_strait_capacity_z,us10y,0.0,,0.0,0.0,0.0,0,,,,0.0,2025-06-25,1
pw_bab_el_mandeb_strait_capacity_z,wti,0.0,,0.0,0.0,0.0,0,,,,0.0,2025-06-25,1
pw_bab_el_mandeb_strait_capacity_z,brent,0.0,,0.0,0.0,0.0,0,,,,0.0,2025-06-25,1
pw_bab_el_mandeb_strait_capacity_z,henry_hub,0.0,,0.025667537641900346,0.017938385883435708,0.6988744356276945,0,,,,0.0,2025-06-25,1
pw_bab_el_mandeb_strait_n_total_z,audusd,0.0,,0.000928856442535139,0.0,0.0,0,,,,0.0,2025-06-25,1
pw_bab_el_mandeb_strait_n_total_z,brlusd,0.0,,0.0032558643514552774,0.0,0.0,0,,,,0.0,2025-06-25,1
pw_bab_el_mandeb_strait_n_total_z,krwusd,0.0,,4.667206857947099e-05,0.0,0.0,0,,,,0.0,2025-06-25,1
pw_bab_el_mandeb_strait_n_total_z,eurusd,0.0,,0.00023817345528953171,0.0,0.0,0,,,,0.0,2025-06-25,1
pw_bab_el_mandeb_strait_n_total_z,sp500,0.0,,0.007924572778048915,0.008728773422555248,1.1014818927190588,0,,,,0.0,2025-06-25,1
pw_bab_el_mandeb_strait_n_total_z,vix,0.0,,0.0,0.0,0.0,0,,,,0.0,2025-06-25,1
pw_bab_el_mandeb_strait_n_total_z,us2y,0.0,,0.0,0.0,0.0,0,,,,0.0,2025-06-25,1
pw_bab_el_mandeb_strait_n_total_z,us10y,0.0,,0.009332334634028,0.01355108860406834,1.4520577256903884,0,,,,0.0,2025-06-25,1
pw_bab_el_mandeb_strait_n_total_z,wti,0.0,,0.0,0.0,0.0,0,,,,0.0,2025-06-25,1
pw_bab_el_mandeb_strait_n_total_z,brent,0.0,,0.000996578797209764,0.0,0.0,0,,,,0.0,2025-06-25,1
pw_cape_of_good_hope_capacity_z,audusd,0.0,,6.131196791088417e-05,0.0,0.0,0,,,,0.0,2025-06-25,1
pw_cape_of_good_hope_capacity_z,brlusd,0.0,,0.00023845877053590975,0.0,0.0,0,,,,0.0,2025-06-25,1
pw_cape_of_good_hope_capacity_z,cnyusd,0.0,,0.008259764132183555,0.000823503393023961,0.09970059433237825,0,,,,0.0,2025-06-25,1
pw_cape_of_good_hope_capacity_z,krwusd,0.0,,5.349085066424957e-05,0.0003587860372975647,6.707428145975591,0,,,,0.0,2025-06-25,1
pw_cape_of_good_hope_capacity_z,eurusd,0.0,,0.0008165405722475711,0.0,0.0,0,,,,0.0,2025-06-25,1
pw_cape_of_good_hope_capacity_z,sp500,0.0,,0.014959476315201193,0.009960586498123024,0.665837913590698,0,,,,0.0,2025-06-25,1
pw_cape_of_good_hope_capacity_z,vix,0.0,,0.010091827348768437,0.00015597698760273941,0.015455772499097914,0,,,,0.0,2025-06-25,1
pw_cape_of_good_hope_capacity_z,us2y,0.0,,0.0009664936703810235,0.0024085887588424252,2.4920895321465277,0,,,,0.0,2025-06-25,1
pw_cape_of_good_hope_capacity_z,us10y,0.0,,0.0037089559868933417,0.0017508503968545047,0.47206017085175345,0,,,,0.0,2025-06-25,1
pw_cape_of_good_hope_capacity_z,wti,0.0,,0.009856751782668892,0.009894884989158964,1.0038687396548955,0,,,,0.0,2025-06-25,1
pw_cape_of_good_hope_n_total_z,audusd,0.0,,0.00027898741814934557,0.0,0.0,0,,,,0.0,2025-06-25,1
pw_cape_of_good_hope_n_total_z,cnyusd,0.0,,5.5298637857012866e-05,0.0,0.0,0,,,,0.0,2025-06-25,1
pw_cape_of_good_hope_n_total_z,krwusd,0.0,,1.6832740626276916e-06,0.0,0.0,0,,,,0.0,2025-06-25,1
pw_cape_of_good_hope_n_total_z,eurusd,0.0,,0.002889521246242415,0.0,0.0,0,,,,0.0,2025-06-25,1
pw_cape_of_good_hope_n_total_z,sp500,0.0,,4.796946380344996e-06,0.0,0.0,0,,,,0.0,2025-06-25,1
pw_cape_of_good_hope_n_total_z,vix,0.0,,0.0,0.0,0.0,0,,,,0.0,2025-06-25,1
pw_cape_of_good_hope_n_total_z,us2y,0.0,,0.001266573047859124,0.0029997374258317233,2.368388803868952,0,,,,0.0,2025-06-25,1
pw_cape_of_good_hope_n_total_z,us10y,0.0,,0.017130030604331745,0.005393660958402742,0.31486580981582274,0,,,,0.0,2025-06-25,1
pw_cape_of_good_hope_n_total_z,wti,0.0,,0.0004096720913438153,0.0,0.0,0,,,,0.0,2025-06-25,1
pw_cape_of_good_hope_n_total_z,brent,0.0,,0.0004486777084831125,0.0,0.0,0,,,,0.0,2025-06-25,1
pw_malacca_strait_capacity_z,audusd,0.0,,0.0,0.0,0.0,0,,,,0.0,2025-06-25,1
pw_malacca_strait_capacity_z,brlusd,0.0,,0.0069097776160105115,0.014941642423441098,2.162391216299076,0,,,,0.0,2025-06-25,1
pw_malacca_strait_capacity_z,cnyusd,0.0,,0.0003556045105365581,0.0,0.0,0,,,,0.0,2025-06-25,1
pw_malacca_strait_capacity_z,krwusd,0.0,,0.008094773379393683,0.006834693130922363,0.8443340919612375,0,,,,0.0,2025-06-25,1
pw_malacca_strait_capacity_z,eurusd,0.0,,0.00010636945413496185,0.0,0.0,0,,,,0.0,2025-06-25,1
pw_malacca_strait_capacity_z,sp500,0.0,,0.0,0.0,0.0,0,,,,0.0,2025-06-25,1
pw_malacca_strait_capacity_z,vix,0.0,,0.00014551742170147898,0.0,0.0,0,,,,0.0,2025-06-25,1
pw_malacca_strait_capacity_z,us10y,0.0,,0.0,0.0,0.0,0,,,,0.0,2025-06-25,1
pw_malacca_strait_capacity_z,wti,0.0,,0.0,0.0,0.0,0,,,,0.0,2025-06-25,1
pw_malacca_strait_capacity_z,brent,0.0,,0.0,0.0,0.0,0,,,,0.0,2025-06-25,1
pw_malacca_strait_capacity_z,henry_hub,0.0,,0.0,0.0,0.0,0,,,,0.0,2025-06-25,1
pw_malacca_strait_n_total_z,audusd,0.0,,0.0026893815306795817,0.0,0.0,0,,,,0.0,2025-06-25,1
pw_malacca_strait_n_total_z,brlusd,0.0,,0.0006887526785629721,0.0,0.0,0,,,,0.0,2025-06-25,1
pw_malacca_strait_n_total_z,cnyusd,0.0,,0.010027243876221054,0.0,0.0,0,,,,0.0,2025-06-25,1
pw_malacca_strait_n_total_z,krwusd,0.0,,0.0,0.0,0.0,0,,,,0.0,2025-06-25,1
pw_malacca_strait_n_total_z,eurusd,0.0,,0.017465210798810617,0.0033726703504521017,0.19310790973572337,0,,,,0.0,2025-06-25,1
pw_malacca_strait_n_total_z,sp500,0.0,,0.004994149383355723,0.0,0.0,0,,,,0.0,2025-06-25,1
pw_malacca_strait_n_total_z,vix,0.0,,0.0,0.0,0.0,0,,,,0.0,2025-06-25,1
pw_malacca_strait_n_total_z,us2y,0.0,,0.00025464973872782817,0.0,0.0,0,,,,0.0,2025-06-25,1
pw_malacca_strait_n_total_z,us10y,0.0,,0.013293831089981254,0.01924685629472269,1.447803583816246,0,,,,0.0,2025-06-25,1
pw_malacca_strait_n_total_z,wti,0.0,,0.0,0.0,0.0,0,,,,0.0,2025-06-25,1
pw_malacca_strait_n_total_z,brent,0.0,,0.002680761715939661,0.0,0.0,0,,,,0.0,2025-06-25,1
pw_panama_canal_capacity_z,audusd,0.0,,1.5363237897856574e-05,0.0,0.0,0,,,,0.0,2025-06-25,1
pw_panama_canal_capacity_z,brlusd,0.0,,0.0,0.0,0.0,0,,,,0.0,2025-06-25,1
pw_panama_canal_capacity_z,cnyusd,0.0,,0.0015252677520457207,0.0,0.0,0,,,,0.0,2025-06-25,1
pw_panama_canal_capacity_z,krwusd,0.0,,0.002809417040421016,0.0,0.0,0,,,,0.0,2025-06-25,1
pw_panama_canal_capacity_z,eurusd,0.0,,0.0,0.0,0.0,0,,,,0.0,2025-06-25,1
pw_panama_canal_capacity_z,sp500,0.0,,0.008430756615418965,0.0006741785767803815,0.07996655668453054,0,,,,0.0,2025-06-25,1
pw_panama_canal_capacity_z,vix,0.0,,0.011092870003527459,0.0,0.0,0,,,,0.0,2025-06-25,1
pw_panama_canal_capacity_z,us2y,0.0,,0.0,0.0,0.0,0,,,,0.0,2025-06-25,1
pw_panama_canal_capacity_z,us10y,0.0,,0.0,0.0,0.0,0,,,,0.0,2025-06-25,1
pw_panama_canal_capacity_z,wti,0.0,,0.0,0.0,0.0,0,,,,0.0,2025-06-25,1
pw_panama_canal_capacity_z,brent,0.0,,5.0913090275450796e-05,0.0,0.0,0,,,,0.0,2025-06-25,1
pw_panama_canal_capacity_z,henry_hub,0.0,,0.003032782149150939,0.0,0.0,0,,,,0.0,2025-06-25,1
pw_panama_canal_n_total_z,audusd,0.0,,0.0026826241504223744,0.0,0.0,0,,,,0.0,2025-06-25,1
pw_panama_canal_n_total_z,brlusd,0.0,,0.0,0.0,0.0,0,,,,0.0,2025-06-25,1
pw_panama_canal_n_total_z,cnyusd,0.0,,2.041714117159856e-05,0.0,0.0,0,,,,0.0,2025-06-25,1
pw_panama_canal_n_total_z,krwusd,0.0,,0.0,0.0,0.0,0,,,,0.0,2025-06-25,1
pw_panama_canal_n_total_z,eurusd,0.0,,3.1595942977382165e-05,0.0,0.0,0,,,,0.0,2025-06-25,1
pw_panama_canal_n_total_z,sp500,0.0,,0.0005812726032437291,0.0,0.0,0,,,,0.0,2025-06-25,1
pw_panama_canal_n_total_z,vix,0.0,,0.0,0.0,0.0,0,,,,0.0,2025-06-25,1
pw_panama_canal_n_total_z,us2y,0.0,,0.0006575763036408237,0.0,0.0,0,,,,0.0,2025-06-25,1
pw_panama_canal_n_total_z,us10y,0.0,,0.0006987222614318764,0.0,0.0,0,,,,0.0,2025-06-25,1
pw_panama_canal_n_total_z,wti,0.0,,0.0,0.0,0.0,0,,,,0.0,2025-06-25,1
pw_panama_canal_n_total_z,brent,0.0,,6.19562909995985e-05,0.0,0.0,0,,,,0.0,2025-06-25,1
pw_strait_of_hormuz_capacity_z,audusd,0.0,,0.010535446162683827,0.007204736466834473,0.683856796910357,0,,,,0.0,2025-06-25,1
pw_strait_of_hormuz_capacity_z,brlusd,0.0,,0.0,0.0,0.0,0,,,,0.0,2025-06-25,1
pw_strait_of_hormuz_capacity_z,cnyusd,0.0,,0.0,0.0,0.0,0,,,,0.0,2025-06-25,1
pw_strait_of_hormuz_capacity_z,krwusd,0.0,,0.0033482134421933952,0.010484634091117799,3.131411504115274,0,,,,0.0,2025-06-25,1
pw_strait_of_hormuz_capacity_z,eurusd,0.0,,0.0015660911489441664,0.0060427503493560705,3.8584921148618943,0,,,,0.0,2025-06-25,1
pw_strait_of_hormuz_capacity_z,sp500,0.0,,0.0,0.0,0.0,0,,,,0.0,2025-06-25,1
pw_strait_of_hormuz_capacity_z,vix,0.0,,0.007812661155140352,0.008175379318765495,1.046426967255132,0,,,,0.0,2025-06-25,1
pw_strait_of_hormuz_capacity_z,us2y,0.0,,0.0003240892657966442,0.0,0.0,0,,,,0.0,2025-06-25,1
pw_strait_of_hormuz_capacity_z,us10y,0.0,,0.0007089277053534401,0.0,0.0,0,,,,0.0,2025-06-25,1
pw_strait_of_hormuz_capacity_z,wti,0.0,,0.014184143914834758,0.01463447254876921,1.0317487355344348,0,,,,0.0,2025-06-25,1
pw_strait_of_hormuz_capacity_z,henry_hub,0.0,,0.001629300898047798,0.0,0.0,0,,,,0.0,2025-06-25,1
pw_strait_of_hormuz_n_total_z,audusd,0.0,,0.00017849337482614235,0.0,0.0,0,,,,0.0,2025-06-25,1
pw_strait_of_hormuz_n_total_z,brlusd,0.0,,0.013563159705230287,0.010237763529778753,0.7548214245262348,0,,,,0.0,2025-06-25,1
pw_strait_of_hormuz_n_total_z,cnyusd,0.0,,0.0,0.0,0.0,0,,,,0.0,2025-06-25,1
pw_strait_of_hormuz_n_total_z,krwusd,0.0,,0.00040948007581065917,0.0,0.0,0,,,,0.0,2025-06-25,1
pw_strait_of_hormuz_n_total_z,eurusd,0.0,,0.0,0.0,0.0,0,,,,0.0,2025-06-25,1
pw_strait_of_hormuz_n_total_z,sp500,0.0,,0.0,0.0,0.0,0,,,,0.0,2025-06-25,1
pw_strait_of_hormuz_n_total_z,vix,0.0,,0.0,0.0,0.0,0,,,,0.0,2025-06-25,1
pw_strait_of_hormuz_n_total_z,us2y,0.0,,0.0,0.0,0.0,0,,,,0.0,2025-06-25,1
pw_strait_of_hormuz_n_total_z,us10y,0.0,,0.008557396476837622,0.004981257947444721,0.5820997029794674,0,,,,0.0,2025-06-25,1
pw_strait_of_hormuz_n_total_z,wti,0.0,,0.0,0.0,0.0,0,,,,0.0,2025-06-25,1
pw_strait_of_hormuz_n_total_z,brent,0.0,,8.849495468475929e-05,0.0007158096057891735,8.08870526392225,0,,,,0.0,2025-06-25,1
pw_strait_of_hormuz_n_total_z,henry_hub,0.0,,0.0019667559951520564,0.0033526411762800686,1.7046553738969865,0,,,,0.0,2025-06-25,1
pw_suez_canal_capacity_z,audusd,0.0,,0.0,0.0,0.0,0,,,,0.0,2025-06-25,1
pw_suez_canal_capacity_z,cnyusd,0.0,,0.0,0.0,0.0,0,,,,0.0,2025-06-25,1
pw_suez_canal_capacity_z,krwusd,0.0,,0.0,0.0,0.0,0,,,,0.0,2025-06-25,1
pw_suez_canal_capacity_z,eurusd,0.0,,0.0004029873039082066,0.0,0.0,0,,,,0.0,2025-06-25,1
pw_suez_canal_capacity_z,sp500,0.0,,0.0,0.0,0.0,0,,,,0.0,2025-06-25,1
pw_suez_canal_capacity_z,vix,0.0,,0.0,0.0,0.0,0,,,,0.0,2025-06-25,1
pw_suez_canal_capacity_z,us2y,0.0,,0.0,0.0,0.0,0,,,,0.0,2025-06-25,1
pw_suez_canal_capacity_z,us10y,0.0,,0.0010381925847944926,0.0,0.0,0,,,,0.0,2025-06-25,1
pw_suez_canal_capacity_z,wti,0.0,,3.247043052924533e-05,0.0,0.0,0,,,,0.0,2025-06-25,1
pw_suez_canal_capacity_z,brent,0.0,,0.0,0.0,0.0,0,,,,0.0,2025-06-25,1
pw_suez_canal_capacity_z,henry_hub,0.0,,0.0,0.0,0.0,0,,,,0.0,2025-06-25,1
pw_suez_canal_n_total_z,audusd,0.0,,4.1487875429449964e-05,0.0,0.0,0,,,,0.0,2025-06-25,1
pw_suez_canal_n_total_z,brlusd,0.0,,0.0,0.0,0.0,0,,,,0.0,2025-06-25,1
pw_suez_canal_n_total_z,cnyusd,0.0,,0.0,0.0,0.0,0,,,,0.0,2025-06-25,1
pw_suez_canal_n_total_z,krwusd,0.0,,0.0,0.0,0.0,0,,,,0.0,2025-06-25,1
pw_suez_canal_n_total_z,eurusd,0.0,,0.0,0.0,0.0,0,,,,0.0,2025-06-25,1
pw_suez_canal_n_total_z,sp500,0.0,,0.0,0.0,0.0,0,,,,0.0,2025-06-25,1
pw_suez_canal_n_total_z,vix,0.0,,0.001899181249949324,0.0,0.0,0,,,,0.0,2025-06-25,1
pw_suez_canal_n_total_z,us2y,0.0,,0.0,0.0,0.0,0,,,,0.0,2025-06-25,1
pw_suez_canal_n_total_z,us10y,0.0,,0.0,0.0,0.0,0,,,,0.0,2025-06-25,1
pw_suez_canal_n_total_z,wti,0.0,,0.0010821032277366787,0.0,0.0,0,,,,0.0,2025-06-25,1
pw_suez_canal_n_total_z,brent,0.0,,0.007890597454156325,0.0,0.0,0,,,,0.0,2025-06-25,1
sp500,audusd,1.0,1.0,0.19671884387490443,0.20702163820229064,1.0523731947811663,460,6.682048800249581e-06,0.5309632200221067,1.924785013754399,0.7453421507377361,2025-07-25,1
wti,brent,1.0,1.0,0.38400649271216053,0.3690507815561931,0.9610534940429307,460,4.051800522591663e-05,0.5027727654089222,1.5097006239376451,0.6131844880501957,2025-07-25,1
sp500,brlusd,1.0,1.0,0.07798381937775192,0.08511443510169407,1.0914371183771034,460,1.2282283389194983e-06,0.5223744075778111,1.200805053247689,0.5373359340710431,2025-07-25,1
eurusd,wti,1.0,1.0,0.0903333284939924,0.09363527898259023,1.036552959396569,460,0.04784060654570058,0.5613979356984827,1.1350054694583829,0.5135229148077348,2025-07-25,1
sp500,eurusd,1.0,1.0,0.14534380569457736,0.1447141808040816,0.9956680307943853,460,8.744015148416608e-07,0.5043961569174426,1.0688060326721671,0.48662237509701234,2025-07-25,1
audusd,wti,0.8230209136475359,1.0,0.06363751251941704,0.07032660236357244,1.1051123712938091,400,0.02288564030261921,0.5665167053508872,1.2856190053457888,0.46649605169588804,2025-07-25,1
sp500,cnyusd,1.0,1.0,0.10336338596435247,0.1097228018993702,1.0615248414676637,460,6.663265070544416e-08,0.4787554001592545,1.002353011647517,0.4630419143960323,2025-07-25,1
eurusd,audusd,0.5343493868491427,0.9862852527514641,0.05222764052906912,0.0729364742850913,1.396510995829803,120,5.94976510413255e-07,0.5778806636232645,1.6261174755392753,0.3537755227096106,2025-07-25,1
sp500,krwusd,1.0,1.0,0.21849187280767798,0.2116644623040585,0.9687521077288347,460,1.1738746808853597e-06,0.4759959037417183,0.758496045345321,0.3507408079846485,2025-07-25,1
cnyusd,us10y,1.0,1.0,0.06719481628757314,0.0649282232147659,0.9662683344038488,460,1.1904304315749905e-05,0.5108086474315219,0.6806711978933219,0.31672050753879516,2025-07-25,1
eurusd,sp500,1.0,1.0,0.08754215117552175,0.09940024555906163,1.1354558258428495,460,1.2873260183930026e-06,0.4840725157070155,0.6031776883945376,0.2927659486029971,2025-07-25,1
vix,brlusd,0.8740593207361574,1.0,0.0853633900562211,0.08412601336548586,0.9855045975807628,420,9.74194494208381e-07,0.5515527525380673,0.544511321027379,0.22889054954962018,2025-07-25,1
pw_cape_of_good_hope_capacity_z,henry_hub,0.44929288526022443,1.0,0.04736660198359968,0.028653633104219933,0.6049332631912466,360,0.0001754613671967643,0.546468177601362,1.7580883121638524,0.19186903331630162,2025-07-25,1
audusd,eurusd,0.992671533216954,0.5380992223399478,0.06593772772690333,0.08077832251976945,1.225069854610883,440,1.454741924748009e-07,0.5096472113870029,0.6243150622747369,0.16152796527527835,2025-07-25,1
pw_malacca_strait_capacity_z,us2y,0.6417793413023374,1.0,0.05052295324909617,0.0554947055624449,1.0984058134693002,160,1.892557648109271e-05,0.5021240316269342,0.4454582031399928,0.1406252003507959,2025-07-25,1
sp500,vix,0.9047589647016602,1.0,0.05589455655773923,0.05229567313103752,0.935612989021855,440,0.03305692770285636,0.49073657550035243,0.2505001019108499,0.10547373269775567,2025-07-25,1
vix,audusd,0.5964007168940874,1.0,0.057018770323811134,0.0719780793396762,1.2623576224269788,300,1.3863221476916534e-07,0.5856668358888164,0.2616355876189035,0.07757779285090995,2025-07-25,1
krwusd,cnyusd,0.6095610489670726,0.5342594257121959,0.04590186285365173,0.05631319985281304,1.2268173087518393,120,2.0890893054370486e-08,0.47429993355654754,0.4812335748630286,0.07688212368065082,2025-07-25,1
audusd,us2y,0.017772611941927086,1.0,0.016940593550045464,0.010321539208620192,0.6092784870924721,40,5.5893682214857524e-05,0.552466845489316,0.6254922979652154,0.0032803042536253277,2025-07-25,1
pw_suez_canal_capacity_z,brlusd,0.03981676619650445,1.0,0.0380229494431996,0.03392363714708595,0.8921884715377645,80,8.17947625662704e-08,0.5582242768890885,0.13058864720331115,0.0023162287594487136,2025-07-25,1
brent,us10y,0.011905129412292473,1.0,0.042832117797430264,0.041996250402366535,0.9804850323064371,20,9.526109637754126e-06,0.3975981573018204,0.23458885524139259,0.0013629099630746214,2025-07-25,1
brlusd,wti,1.0,1.0,0.06317378116272811,0.054595491388260746,0.8642112342085285,460,-0.00033850682045599066,0.49880749490038984,-0.02648896042407615,0.0,2025-07-25,1
cnyusd,us2y,1.0,1.0,0.0687548426337961,0.05361073952139256,0.7797376514543932,460,-1.3164877452712317e-05,0.4357683422428921,-0.4565658541612291,0.0,2025-07-25,1
eurusd,krwusd,1.0,1.0,0.16750936993716262,0.1400548469582393,0.8361015685915226,460,-8.589112288416036e-07,0.45917682697445833,-0.9058122403664992,0.0,2025-07-25,1
us2y,cnyusd,1.0,1.0,0.11004806958292515,0.10592530822240759,0.9625367225782101,460,-1.672611048943773e-08,0.46995199525589765,-0.27819790944039796,0.0,2025-07-25,1
us2y,krwusd,1.0,1.0,0.1599157445243034,0.13599094586491997,0.850391224888132,460,-7.223529013377283e-07,0.44873265242369925,-1.0792321141157275,0.0,2025-07-25,1
us2y,eurusd,1.0,0.992671533216954,0.08649249962402285,0.0674289054079663,0.7795925161265459,460,-2.357206301234125e-07,0.4462995531704937,-1.0490103215253284,0.0,2025-07-25,1
brent,brlusd,1.0,1.0,0.05758939765354147,0.053281531977093344,0.9251968964432603,460,-1.6303537285403024e-07,0.5288435697229645,-0.6726375340816894,0.0,2025-07-25,1
brent,wti,1.0,1.0,0.08095728427641029,0.06035858078521565,0.7455608389621243,460,-0.020935683092837973,0.442146893242923,-1.1240256677726164,0.0,2025-07-25,1
pw_panama_canal_n_total_z,henry_hub,1.0,1.0,0.25311990214450697,0.20829481408533934,0.8229096658168868,460,-9.162989773280255e-05,0.4680008387946244,-1.14494526385037,0.0,2025-07-25,1
brent,vix,0.7993347189738569,1.0,0.06804828957589008,0.06698254013621817,0.9843383361093396,400,-0.010379998063608543,0.48546648720916974,-0.9467407979571311,0.0,2025-07-25,1
brlusd,us2y,0.5911042320590705,1.0,0.055555736294898045,0.0466359939510587,0.8394451601452632,400,-3.2844298511965336e-05,0.47533915048156494,-0.9356099809793182,0.0,2025-07-25,1
wti,sp500,0.5911042320590705,1.0,0.05531699306144349,0.036932186469336534,0.6676463131015458,400,-3.735214891624378e-07,0.4765329065579127,-0.5083529669425899,0.0,2025-07-25,1
brlusd,audusd,0.44929288526022443,0.8647473010856318,0.04761249983981061,0.030026797888919616,0.6306494720912149,360,-2.470653046149884e-07,0.46460098741765526,-1.3104425057003655,0.0,2025-07-25,1
eurusd,vix,0.40889576794092963,1.0,0.05707994934153482,0.08259596586209741,1.4470224100566187,60,-0.0003441864220465204,0.5311221266480168,-0.008983058997785837,0.0,2025-07-25,1
brlusd,brent,0.3659780162347552,1.0,0.04855321187690435,0.04618920534937092,0.9513110165908935,280,-4.211647222941559e-06,0.4589110050765753,-1.2777087686787958,0.0,2025-07-25,1
pw_cape_of_good_hope_n_total_z,henry_hub,0.3345991844937267,0.6395406756291063,0.051052117953533115,0.0334392868428047,0.6550029300104776,260,-8.978657676589767e-05,0.48749455520286195,-0.7772999451635215,0.0,2025-07-25,1
us10y,eurusd,0.2946255134636435,0.9158390659489278,0.04193182992982158,0.02600637924070305,0.6202061604329727,300,-8.020490592338174e-08,0.4734246808016396,-0.5115521853486397,0.0,2025-07-25,1
pw_bab_el_mandeb_strait_n_total_z,henry_hub,0.2786324686098369,1.0,0.03487250089215061,0.02190117494710759,0.6280356839000694,200,-3.002285726738931e-05,0.5204348386330875,-0.4569495873202386,0.0,2025-07-25,1
us10y,krwusd,0.26982955505526657,1.0,0.02733510562404326,0.005349349701749287,0.1956952270579169,240,-2.1877647340652716e-07,0.4319774877759927,-0.9936921796839673,0.0,2025-07-25,1
us2y,wti,0.2547354962037269,1.0,0.04589246900710684,0.0329995262382555,0.719061906064484,280,-0.014120907735312306,0.4591868888635628,-0.6878765053746138,0.0,2025-07-25,1
us10y,us2y,0.2547354962037269,1.0,0.04439277138229414,0.032573373826555535,0.7337540057151576,280,-1.810325809435364e-05,0.5089496683753805,-0.43903356748732014,0.0,2025-07-25,1
pw_cape_of_good_hope_capacity_z,brent,0.2547354962037269,1.0,0.05118129608890109,0.045779806543258014,0.8944636037301444,280,-1.1065877589067675e-05,0.38045969143121977,-2.2017092901248083,0.0,2025-07-25,1
henry_hub,krwusd,0.22568093574604536,1.0,0.03591915829309782,0.02480857631003793,0.6906781085347736,160,-1.6762534007269404e-07,0.46811334546110467,-0.6405786902307206,0.0,2025-07-25,1
sp500,wti,0.21235941150324247,1.0,0.04312052139908637,0.035641146394796167,0.8265472039387568,240,-0.003936784432050441,0.5202623829233483,-0.28423382124155255,0.0,2025-07-25,1
eurusd,us2y,0.2052999314748292,1.0,0.03581795317319959,0.02131641183859541,0.5951320483199802,240,-1.8797093511585333e-05,0.473183969136894,-0.7293238725407808,0.0,2025-07-25,1
us10y,sp500,0.13887990520295967,1.0,0.042609112878396,0.03729658512459578,0.8753194470637801,160,-1.2885632983144748e-06,0.5106106426540944,-1.428768184775852,0.0,2025-07-25,1
krwusd,us2y,0.1345534160893662,1.0,0.03229745501364691,0.015181961208655118,0.47006679635408294,200,-8.480960205791345e-06,0.5325201950507704,-0.15635574678328296,0.0,2025-07-25,1
henry_hub,cnyusd,0.10554310581513127,1.0,0.042625309804659055,0.03804141919947912,0.8924608260635116,140,-5.873776065020765e-08,0.5946189537236498,-0.459094814034545,0.0,2025-07-25,1
pw_suez_canal_n_total_z,henry_hub,0.07605919886796643,1.0,0.017226708302431414,0.0,0.0,140,0.00011369156606820156,0.5622340909004842,0.7553141850767682,0.0,2025-07-25,1
henry_hub,brlusd,0.060768075334468964,0.5799114645855681,0.010328317073834628,0.010588478717132055,1.0251891611612614,120,-2.3061994697984667e-06,0.5154017189945581,-1.4854727841034767,0.0,2025-07-25,1
pw_strait_of_hormuz_capacity_z,brent,0.05040871114755239,1.0,0.03836841127823832,0.03252668581178491,0.8477464854072104,60,-5.185965165730865e-06,0.40217967225309986,-0.6948023036075387,0.0,2025-07-25,1
us10y,cnyusd,0.047145232979550505,1.0,0.01245676770884266,0.0,0.0,100,3.637829599062983e-08,0.47796823527004156,0.32998822660226357,0.0,2025-07-25,1
pw_malacca_strait_n_total_z,henry_hub,0.03989001725991667,1.0,0.02574598925414135,0.017727419376227828,0.6885507175987148,20,-3.0626918993900585e-05,0.3500464416515346,-0.7627869741194292,0.0,2025-07-25,1
audusd,sp500,0.024795958408377013,1.0,0.024073671741695862,0.009297141310832261,0.3861954009586959,60,-1.6194545141643416e-06,0.4527991300545022,-1.2702065892735916,0.0,2025-07-25,1
us2y,us10y,0.024795958408377013,1.0,0.015827934667654128,0.007186013461835679,0.4540082842596623,60,-1.646551722952267e-05,0.4995511033149797,-0.3615080398696999,0.0,2025-07-25,1
pw_cape_of_good_hope_n_total_z,brlusd,0.019233596195338532,1.0,0.022225868025646522,0.010709498944338558,0.481848399890651,40,-1.7171219210588407e-06,0.33295839484824813,-1.3696789788072143,0.0,2025-07-25,1
krwusd,vix,0.017772611941927086,1.0,0.020812741880333312,0.0067004932779008855,0.3219418813929757,40,-0.050968838983727706,0.2993842190935325,-2.039253999919229,0.0,2025-07-25,1
cnyusd,wti,0.011905129412292473,1.0,0.017579457841589617,0.007820318318229815,0.4448554892135778,20,-0.026350855717256115,0.4432619032366698,-1.2536483129621627,0.0,2025-07-25,1
audusd,vix,0.007328466783046062,1.0,0.020983001076197723,0.0,0.0,20,-0.11408765609220188,0.35232384763291374,-1.852075671741366,0.0,2025-07-25,1
brlusd,cnyusd,0.007328466783046062,1.0,0.02072268477949425,0.008845408383400869,0.4268466406511998,20,-2.7076723537118274e-09,0.5031297473171651,-0.026983473890779156,0.0,2025-07-25,1
pw_bab_el_mandeb_strait_capacity_z,cnyusd,0.007328466783046062,1.0,0.009552313412890125,0.0,0.0,20,-8.052518251198794e-07,0.29832181352035564,-2.25560427022738,0.0,2025-07-25,1
pw_bab_el_mandeb_strait_n_total_z,cnyusd,0.007328466783046062,1.0,0.015955008866359977,0.007554718586672748,0.473501371885875,20,-6.296462030138998e-07,0.25071531608863584,-2.720653290233656,0.0,2025-07-25,1
audusd,brlusd,0.0,,0.004212793015129571,0.008826746954330193,2.095224456229002,0,,,,0.0,2025-07-25,1
audusd,cnyusd,0.0,,0.001467894511819622,0.0,0.0,0,,,,0.0,2025-07-25,1
audusd,krwusd,0.0,,0.01626167387618865,0.030255905054974448,1.86056523364898,0,,,,0.0,2025-07-25,1
audusd,us10y,0.0,,0.004878066354012131,0.010934668891346621,2.2415990472030036,0,,,,0.0,2025-07-25,1
audusd,brent,0.0,,0.0016421820995592578,0.0005643101383352355,0.3436343256248437,0,,,,0.0,2025-07-25,1
audusd,henry_hub,0.0,,0.014094072553359545,0.017046742666805132,1.209497297694964,0,,,,0.0,2025-07-25,1
brlusd,krwusd,0.0,,0.014967965118617699,0.018691295963788084,1.2487533085268332,0,,,,0.0,2025-07-25,1
brlusd,eurusd,0.0,,0.007701858388455024,0.0,0.0,0,,,,0.0,2025-07-25,1
brlusd,sp500,0.0,,0.011184028648728219,0.023772408747425488,2.1255675833885443,0,,,,0.0,2025-07-25,1
brlusd,vix,0.0,,0.011594745188032362,0.025617228708438036,2.2093826378245143,0,,,,0.0,2025-07-25,1
brlusd,us10y,0.0,,0.02581905783494342,0.018354047739723107,0.7108720952196329,0,,,,0.0,2025-07-25,1
brlusd,henry_hub,0.0,,0.004323407968197859,0.0,0.0,0,,,,0.0,2025-07-25,1
cnyusd,audusd,0.0,,0.00999553721368869,0.00928007801381767,0.9284221363418853,0,,,,0.0,2025-07-25,1
cnyusd,brlusd,0.0,,0.024641074010577177,0.029457419600819486,1.1954600513019398,0,,,,0.0,2025-07-25,1
cnyusd,krwusd,0.0,,0.00269837166148669,0.0,0.0,0,,,,0.0,2025-07-25,1
cnyusd,eurusd,0.0,,0.006573394349758679,0.0011837124874228006,0.18007629307471212,0,,,,0.0,2025-07-25,1
cnyusd,sp500,0.0,,0.005692702250875194,0.005001643073000006,0.8786061263314897,0,,,,0.0,2025-07-25,1
cnyusd,vix,0.0,,0.015610474095214683,0.012061190528026875,0.7726344795462795,0,,,,0.0,2025-07-25,1
cnyusd,brent,0.0,,0.0,0.0,0.0,0,,,,0.0,2025-07-25,1
cnyusd,henry_hub,0.0,,0.003598856898342195,0.0,0.0,0,,,,0.0,2025-07-25,1
krwusd,audusd,0.0,,0.011247733342887648,0.0,0.0,0,,,,0.0,2025-07-25,1
krwusd,brlusd,0.0,,2.8036459824635975e-06,0.0,0.0,0,,,,0.0,2025-07-25,1
krwusd,eurusd,0.0,,0.018684630537001472,0.010612009247801361,0.5679539248467467,0,,,,0.0,2025-07-25,1
krwusd,sp500,0.0,,0.013589205197801895,0.00032037613044149727,0.02357578134836902,0,,,,0.0,2025-07-25,1
krwusd,us10y,0.0,,0.0032914663255731247,0.0,0.0,0,,,,0.0,2025-07-25,1
krwusd,wti,0.0,,0.0001846443682096637,0.0,0.0,0,,,,0.0,2025-07-25,1
krwusd,brent,0.0,,0.0005575447773842094,0.0,0.0,0,,,,0.0,2025-07-25,1
krwusd,henry_hub,0.0,,0.0017307863494062567,0.0,0.0,0,,,,0.0,2025-07-25,1
eurusd,brlusd,0.0,,0.01873040134960322,0.02457978610029709,1.3122936151508457,0,,,,0.0,2025-07-25,1
eurusd,cnyusd,0.0,,0.0014549273202354935,0.0,0.0,0,,,,0.0,2025-07-25,1
eurusd,us10y,0.0,,0.01415031420088679,0.003496726909654466,0.24711302236916607,0,,,,0.0,2025-07-25,1
eurusd,brent,0.0,,0.03216430503469855,0.034976963186825985,1.0874465700127258,0,,,,0.0,2025-07-25,1
eurusd,henry_hub,0.0,,0.007628000468596802,0.0,0.0,0,,,,0.0,2025-07-25,1
sp500,us2y,0.0,,0.0016906561920401976,0.0,0.0,0,,,,0.0,2025-07-25,1
sp500,us10y,0.0,,0.012658118789438592,0.01224554766378496,0.9674066002605487,0,,,,0.0,2025-07-25,1
sp500,brent,0.0,,0.012273633296198018,0.0,0.0,0,,,,0.0,2025-07-25,1
sp500,henry_hub,0.0,,0.00030506580489500523,0.0,0.0,0,,,,0.0,2025-07-25,1
vix,cnyusd,0.0,,0.0,0.0,0.0,0,,,,0.0,2025-07-25,1
vix,krwusd,0.0,,0.004184374579521348,0.012955625176434556,3.096191540747902,0,,,,0.0,2025-07-25,1
vix,eurusd,0.0,,0.003336084861388678,0.0,0.0,0,,,,0.0,2025-07-25,1
vix,sp500,0.0,,0.01152802570052722,0.0017007900326994204,0.14753523950086586,0,,,,0.0,2025-07-25,1
vix,us2y,0.0,,0.013997006944561958,0.03211663963137547,2.294536236109624,0,,,,0.0,2025-07-25,1
vix,us10y,0.0,,0.00981270106745479,0.025806138690675943,2.6298710735483066,0,,,,0.0,2025-07-25,1
vix,wti,0.0,,3.25782919081485e-05,0.0,0.0,0,,,,0.0,2025-07-25,1
vix,brent,0.0,,9.908431865373651e-05,0.0,0.0,0,,,,0.0,2025-07-25,1
vix,henry_hub,0.0,,0.023345767843494594,0.02194504987351043,0.9400012036710764,0,,,,0.0,2025-07-25,1
us2y,audusd,0.0,,0.02998311969913989,0.01571083100810731,0.5239892034503001,0,,,,0.0,2025-07-25,1
us2y,brlusd,0.0,,0.01416328364377845,0.031363864006912934,2.2144486261623544,0,,,,0.0,2025-07-25,1
us2y,sp500,0.0,,0.011280217834435126,0.0014814855522032218,0.13133483536822227,0,,,,0.0,2025-07-25,1
us2y,vix,0.0,,0.0007464606129051463,0.0,0.0,0,,,,0.0,2025-07-25,1
us2y,brent,0.0,,0.0036719374242797143,0.0006585340795389988,0.17934240251062464,0,,,,0.0,2025-07-25,1
us2y,henry_hub,0.0,,0.013759340235468254,0.008502910898333974,0.6179737365906197,0,,,,0.0,2025-07-25,1
us10y,audusd,0.0,,0.005495016299107486,0.0,0.0,0,,,,0.0,2025-07-25,1
us10y,brlusd,0.0,,0.008459910760411481,0.001504461181648285,0.17783416684351758,0,,,,0.0,2025-07-25,1
us10y,vix,0.0,,0.028542762659207965,0.02978546965487812,1.0435384272541415,0,,,,0.0,2025-07-25,1
us10y,wti,0.0,,0.0014340437161738896,0.0,0.0,0,,,,0.0,2025-07-25,1
us10y,brent,0.0,,0.008502373405226372,0.0006510048210287095,0.07656742300079877,0,,,,0.0,2025-07-25,1
us10y,henry_hub,0.0,,0.0,0.0,0.0,0,,,,0.0,2025-07-25,1
wti,audusd,0.0,,0.024858269396577107,0.025326337361515457,1.018829467066714,0,,,,0.0,2025-07-25,1
wti,brlusd,0.0,,0.01741002841566209,0.011396293754489022,0.6545821455545069,0,,,,0.0,2025-07-25,1
wti,cnyusd,0.0,,0.011317509886961626,0.009165427905247154,0.8098449214350778,0,,,,0.0,2025-07-25,1
wti,krwusd,0.0,,0.0,0.0,0.0,0,,,,0.0,2025-07-25,1
wti,eurusd,0.0,,3.266572628656697e-05,0.0,0.0,0,,,,0.0,2025-07-25,1
wti,vix,0.0,,0.025833813154633508,0.008761100046083018,0.3391330576574849,0,,,,0.0,2025-07-25,1
wti,us2y,0.0,,0.0011716520918166422,0.0,0.0,0,,,,0.0,2025-07-25,1
wti,us10y,0.0,,0.014788730873264211,0.011199556915254491,0.757303450257628,0,,,,0.0,2025-07-25,1
wti,henry_hub,0.0,,9.146940342699023e-05,0.0,0.0,0,,,,0.0,2025-07-25,1
brent,audusd,0.0,,0.013055279463718757,0.008050177949087281,0.6166224148214604,0,,,,0.0,2025-07-25,1
brent,cnyusd,0.0,,0.014106726917031256,0.013116724613410917,0.929820552319256,0,,,,0.0,2025-07-25,1
brent,krwusd,0.0,,0.009379595241881825,0.009880926683287081,1.0534491551582854,0,,,,0.0,2025-07-25,1
brent,eurusd,0.0,,0.007508070306468182,0.0031961288101622553,0.42569244555539115,0,,,,0.0,2025-07-25,1
brent,sp500,0.0,,0.025126497513618926,0.03214811385793543,1.2794506612197218,0,,,,0.0,2025-07-25,1
brent,us2y,0.0,,0.0,0.0,0.0,0,,,,0.0,2025-07-25,1
brent,henry_hub,0.0,,5.632126269694977e-05,0.0,0.0,0,,,,0.0,2025-07-25,1
henry_hub,audusd,0.0,,0.0013629493406152953,0.0,0.0,0,,,,0.0,2025-07-25,1
henry_hub,eurusd,0.0,,3.4816912978993215e-05,0.0,0.0,0,,,,0.0,2025-07-25,1
henry_hub,sp500,0.0,,0.002756576286011954,0.003191522862329097,1.157785067848203,0,,,,0.0,2025-07-25,1
henry_hub,vix,0.0,,0.01339220842785073,0.010126923319483176,0.7561802352495504,0,,,,0.0,2025-07-25,1
henry_hub,us2y,0.0,,0.01433480285048503,0.009907356584953432,0.6911400657748291,0,,,,0.0,2025-07-25,1
henry_hub,us10y,0.0,,1.2776254336440083e-05,0.0,0.0,0,,,,0.0,2025-07-25,1
henry_hub,wti,0.0,,0.0007504360779120283,0.0,0.0,0,,,,0.0,2025-07-25,1
henry_hub,brent,0.0,,0.0015321510572022022,0.0,0.0,0,,,,0.0,2025-07-25,1
pw_bab_el_mandeb_strait_capacity_z,audusd,0.0,,0.0017130046178877507,0.0,0.0,0,,,,0.0,2025-07-25,1
pw_bab_el_mandeb_strait_capacity_z,brlusd,0.0,,0.0004416017120347857,0.0,0.0,0,,,,0.0,2025-07-25,1
pw_bab_el_mandeb_strait_capacity_z,krwusd,0.0,,1.619733833005509e-05,0.0,0.0,0,,,,0.0,2025-07-25,1
pw_bab_el_mandeb_strait_capacity_z,eurusd,0.0,,0.006447694342340346,0.012802287040304597,1.9855604748871671,0,,,,0.0,2025-07-25,1
pw_bab_el_mandeb_strait_capacity_z,sp500,0.0,,0.0007935419868635401,0.0,0.0,0,,,,0.0,2025-07-25,1
pw_bab_el_mandeb_strait_capacity_z,vix,0.0,,4.761472281939512e-05,0.0,0.0,0,,,,0.0,2025-07-25,1
pw_bab_el_mandeb_strait_capacity_z,us2y,0.0,,0.00010694697169358961,0.0,0.0,0,,,,0.0,2025-07-25,1
pw_bab_el_mandeb_strait_capacity_z,us10y,0.0,,0.0,0.0,0.0,0,,,,0.0,2025-07-25,1
pw_bab_el_mandeb_strait_capacity_z,wti,0.0,,0.0,0.0,0.0,0,,,,0.0,2025-07-25,1
pw_bab_el_mandeb_strait_capacity_z,brent,0.0,,0.0,0.0,0.0,0,,,,0.0,2025-07-25,1
pw_bab_el_mandeb_strait_capacity_z,henry_hub,0.0,,0.024742843875440235,0.01807929979611251,0.7306880279052335,0,,,,0.0,2025-07-25,1
pw_bab_el_mandeb_strait_n_total_z,audusd,0.0,,0.0008156670855587586,0.0,0.0,0,,,,0.0,2025-07-25,1
pw_bab_el_mandeb_strait_n_total_z,brlusd,0.0,,0.002859108539181735,0.0,0.0,0,,,,0.0,2025-07-25,1
pw_bab_el_mandeb_strait_n_total_z,krwusd,0.0,,4.0984665026722316e-05,0.0,0.0,0,,,,0.0,2025-07-25,1
pw_bab_el_mandeb_strait_n_total_z,eurusd,0.0,,0.00020914991729319073,0.0,0.0,0,,,,0.0,2025-07-25,1
pw_bab_el_mandeb_strait_n_total_z,sp500,0.0,,0.007751755746988764,0.006506398693770716,0.839345163358402,0,,,,0.0,2025-07-25,1
pw_bab_el_mandeb_strait_n_total_z,vix,0.0,,0.0,0.0,0.0,0,,,,0.0,2025-07-25,1
pw_bab_el_mandeb_strait_n_total_z,us2y,0.0,,0.0,0.0,0.0,0,,,,0.0,2025-07-25,1
pw_bab_el_mandeb_strait_n_total_z,us10y,0.0,,0.009743230984920075,0.012704239316019685,1.3039041500383663,0,,,,0.0,2025-07-25,1
pw_bab_el_mandeb_strait_n_total_z,wti,0.0,,0.0,0.0,0.0,0,,,,0.0,2025-07-25,1
pw_bab_el_mandeb_strait_n_total_z,brent,0.0,,0.0008751368734991469,0.0,0.0,0,,,,0.0,2025-07-25,1
pw_cape_of_good_hope_capacity_z,audusd,0.0,,5.384056339131343e-05,0.0,0.0,0,,,,0.0,2025-07-25,1
pw_cape_of_good_hope_capacity_z,brlusd,0.0,,0.00020940046435818544,0.0,0.0,0,,,,0.0,2025-07-25,1
pw_cape_of_good_hope_capacity_z,cnyusd,0.0,,0.007253238959847188,0.0,0.0,0,,,,0.0,2025-07-25,1
pw_cape_of_good_hope_capacity_z,krwusd,0.0,,4.697251832186832e-05,0.0,0.0,0,,,,0.0,2025-07-25,1
pw_cape_of_good_hope_capacity_z,eurusd,0.0,,0.0007170378955308386,0.0,0.0,0,,,,0.0,2025-07-25,1
pw_cape_of_good_hope_capacity_z,sp500,0.0,,0.014165721121519847,0.008445748831083611,0.5962102994003783,0,,,,0.0,2025-07-25,1
pw_cape_of_good_hope_capacity_z,vix,0.0,,0.008862049101005964,0.0,0.0,0,,,,0.0,2025-07-25,1
pw_cape_of_good_hope_capacity_z,us2y,0.0,,0.0009607826737255002,0.0009196279916769171,0.9571654618947248,0,,,,0.0,2025-07-25,1
pw_cape_of_good_hope_capacity_z,us10y,0.0,,0.003256986959188319,0.0,0.0,0,,,,0.0,2025-07-25,1
pw_cape_of_good_hope_capacity_z,wti,0.0,,0.009757934656107052,0.009045836983860292,0.9270237301905798,0,,,,0.0,2025-07-25,1
pw_cape_of_good_hope_n_total_z,audusd,0.0,,0.00024499033849445555,0.0,0.0,0,,,,0.0,2025-07-25,1
pw_cape_of_good_hope_n_total_z,cnyusd,0.0,,4.8560010687004066e-05,0.0,0.0,0,,,,0.0,2025-07-25,1
pw_cape_of_good_hope_n_total_z,krwusd,0.0,,1.4781522590432377e-06,0.0,0.0,0,,,,0.0,2025-07-25,1
pw_cape_of_good_hope_n_total_z,eurusd,0.0,,0.002537407575222262,0.0,0.0,0,,,,0.0,2025-07-25,1
pw_cape_of_good_hope_n_total_z,sp500,0.0,,4.212396118994051e-06,0.0,0.0,0,,,,0.0,2025-07-25,1
pw_cape_of_good_hope_n_total_z,vix,0.0,,0.0,0.0,0.0,0,,,,0.0,2025-07-25,1
pw_cape_of_good_hope_n_total_z,us2y,0.0,,0.00152207049751361,0.0033632406012616034,2.209648374865455,0,,,,0.0,2025-07-25,1
pw_cape_of_good_hope_n_total_z,us10y,0.0,,0.015560088414684432,0.0042467440815014525,0.27292544671492336,0,,,,0.0,2025-07-25,1
pw_cape_of_good_hope_n_total_z,wti,0.0,,0.00035974993064499317,0.0,0.0,0,,,,0.0,2025-07-25,1
pw_cape_of_good_hope_n_total_z,brent,0.0,,0.000394002369014906,0.0,0.0,0,,,,0.0,2025-07-25,1
pw_malacca_strait_capacity_z,audusd,0.0,,0.0,0.0,0.0,0,,,,0.0,2025-07-25,1
pw_malacca_strait_capacity_z,brlusd,0.0,,0.007955935980891046,0.015494780332600648,1.9475747881602825,0,,,,0.0,2025-07-25,1
pw_malacca_strait_capacity_z,cnyusd,0.0,,0.0003122709618391115,0.0,0.0,0,,,,0.0,2025-07-25,1
pw_malacca_strait_capacity_z,krwusd,0.0,,0.007563575043783456,0.003735644487103381,0.49389930892187384,0,,,,0.0,2025-07-25,1
pw_malacca_strait_capacity_z,eurusd,0.0,,9.340739717532631e-05,0.0,0.0,0,,,,0.0,2025-07-25,1
pw_malacca_strait_capacity_z,sp500,0.0,,0.0,0.0,0.0,0,,,,0.0,2025-07-25,1
pw_malacca_strait_capacity_z,vix,0.0,,0.000127784839316308,0.0,0.0,0,,,,0.0,2025-07-25,1
pw_malacca_strait_capacity_z,us10y,0.0,,0.0,0.0,0.0,0,,,,0.0,2025-07-25,1
pw_malacca_strait_capacity_z,wti,0.0,,0.0,0.0,0.0,0,,,,0.0,2025-07-25,1
pw_malacca_strait_capacity_z,brent,0.0,,0.0,0.0,0.0,0,,,,0.0,2025-07-25,1
pw_malacca_strait_capacity_z,henry_hub,0.0,,0.0,0.0,0.0,0,,,,0.0,2025-07-25,1
pw_malacca_strait_n_total_z,audusd,0.0,,0.0023616566507283303,0.0,0.0,0,,,,0.0,2025-07-25,1
pw_malacca_strait_n_total_z,brlusd,0.0,,0.0006048220847356563,0.0,0.0,0,,,,0.0,2025-07-25,1
pw_malacca_strait_n_total_z,cnyusd,0.0,,0.00880533569469722,0.0,0.0,0,,,,0.0,2025-07-25,1
pw_malacca_strait_n_total_z,krwusd,0.0,,0.0,0.0,0.0,0,,,,0.0,2025-07-25,1
pw_malacca_strait_n_total_z,eurusd,0.0,,0.015792998165057703,0.0037426708035161295,0.23698291891129686,0,,,,0.0,2025-07-25,1
pw_malacca_strait_n_total_z,sp500,0.0,,0.004385568195284096,0.0,0.0,0,,,,0.0,2025-07-25,1
pw_malacca_strait_n_total_z,vix,0.0,,0.0,0.0,0.0,0,,,,0.0,2025-07-25,1
pw_malacca_strait_n_total_z,us2y,0.0,,0.00022361842015061357,0.0,0.0,0,,,,0.0,2025-07-25,1
pw_malacca_strait_n_total_z,us10y,0.0,,0.013940232430666753,0.018598340858372014,1.3341485481589253,0,,,,0.0,2025-07-25,1
pw_malacca_strait_n_total_z,wti,0.0,,0.0,0.0,0.0,0,,,,0.0,2025-07-25,1
pw_malacca_strait_n_total_z,brent,0.0,,0.0023540872365056345,0.0,0.0,0,,,,0.0,2025-07-25,1
pw_panama_canal_capacity_z,audusd,0.0,,1.3491091741463027e-05,0.0,0.0,0,,,,0.0,2025-07-25,1
pw_panama_canal_capacity_z,brlusd,0.0,,0.0,0.0,0.0,0,,,,0.0,2025-07-25,1
pw_panama_canal_capacity_z,cnyusd,0.0,,0.0013394004122018323,0.0,0.0,0,,,,0.0,2025-07-25,1
pw_panama_canal_capacity_z,krwusd,0.0,,0.002467064773997768,0.0,0.0,0,,,,0.0,2025-07-25,1
pw_panama_canal_capacity_z,eurusd,0.0,,0.0,0.0,0.0,0,,,,0.0,2025-07-25,1
pw_panama_canal_capacity_z,sp500,0.0,,0.007403394499569146,0.0,0.0,0,,,,0.0,2025-07-25,1
pw_panama_canal_capacity_z,vix,0.0,,0.009741105871607418,0.0,0.0,0,,,,0.0,2025-07-25,1
pw_panama_canal_capacity_z,us2y,0.0,,0.0,0.0,0.0,0,,,,0.0,2025-07-25,1
pw_panama_canal_capacity_z,us10y,0.0,,0.0,0.0,0.0,0,,,,0.0,2025-07-25,1
pw_panama_canal_capacity_z,wti,0.0,,0.0,0.0,0.0,0,,,,0.0,2025-07-25,1
pw_panama_canal_capacity_z,brent,0.0,,4.4708880791550216e-05,0.0,0.0,0,,,,0.0,2025-07-25,1
pw_panama_canal_capacity_z,henry_hub,0.0,,0.002663210872479891,0.0,0.0,0,,,,0.0,2025-07-25,1
pw_panama_canal_n_total_z,audusd,0.0,,0.002405931089755569,0.00041202081040376447,0.17125212445117197,0,,,,0.0,2025-07-25,1
pw_panama_canal_n_total_z,brlusd,0.0,,0.0,0.0,0.0,0,,,,0.0,2025-07-25,1
pw_panama_canal_n_total_z,cnyusd,0.0,,1.7929132288114074e-05,0.0,0.0,0,,,,0.0,2025-07-25,1
pw_panama_canal_n_total_z,krwusd,0.0,,0.0,0.0,0.0,0,,,,0.0,2025-07-25,1
pw_panama_canal_n_total_z,eurusd,0.0,,2.7745698413312223e-05,0.0,0.0,0,,,,0.0,2025-07-25,1
pw_panama_canal_n_total_z,sp500,0.0,,0.0005104394053713298,0.0,0.0,0,,,,0.0,2025-07-25,1
pw_panama_canal_n_total_z,vix,0.0,,0.0,0.0,0.0,0,,,,0.0,2025-07-25,1
pw_panama_canal_n_total_z,us2y,0.0,,0.0005774448263063225,0.0,0.0,0,,,,0.0,2025-07-25,1
pw_panama_canal_n_total_z,us10y,0.0,,0.0006135767859257791,0.0,0.0,0,,,,0.0,2025-07-25,1
pw_panama_canal_n_total_z,wti,0.0,,0.0,0.0,0.0,0,,,,0.0,2025-07-25,1
pw_panama_canal_n_total_z,brent,0.0,,5.440637002392441e-05,0.0,0.0,0,,,,0.0,2025-07-25,1
pw_strait_of_hormuz_capacity_z,audusd,0.0,,0.009960585096526094,0.005818011422113185,0.5841033800456467,0,,,,0.0,2025-07-25,1
pw_strait_of_hormuz_capacity_z,brlusd,0.0,,0.0,0.0,0.0,0,,,,0.0,2025-07-25,1
pw_strait_of_hormuz_capacity_z,cnyusd,0.0,,0.0,0.0,0.0,0,,,,0.0,2025-07-25,1
pw_strait_of_hormuz_capacity_z,krwusd,0.0,,0.0045575083471079735,0.013271950031572749,2.912106576830438,0,,,,0.0,2025-07-25,1
pw_strait_of_hormuz_capacity_z,eurusd,0.0,,0.0020943877011845506,0.005901407376776277,2.817724422960725,0,,,,0.0,2025-07-25,1
pw_strait_of_hormuz_capacity_z,sp500,0.0,,0.0,0.0,0.0,0,,,,0.0,2025-07-25,1
pw_strait_of_hormuz_capacity_z,vix,0.0,,0.007698942634510712,0.006879462280758128,0.8935593635833521,0,,,,0.0,2025-07-25,1
pw_strait_of_hormuz_capacity_z,us2y,0.0,,0.0002845961278706707,0.0,0.0,0,,,,0.0,2025-07-25,1
pw_strait_of_hormuz_capacity_z,us10y,0.0,,0.0006225386064172381,0.0,0.0,0,,,,0.0,2025-07-25,1
pw_strait_of_hormuz_capacity_z,wti,0.0,,0.014306744254285875,0.01519022892316226,1.0617530203359664,0,,,,0.0,2025-07-25,1
pw_strait_of_hormuz_capacity_z,henry_hub,0.0,,0.0014307562010139586,0.0,0.0,0,,,,0.0,2025-07-25,1
pw_strait_of_hormuz_n_total_z,audusd,0.0,,0.00015674238145845545,0.0,0.0,0,,,,0.0,2025-07-25,1
pw_strait_of_hormuz_n_total_z,brlusd,0.0,,0.013006894682275531,0.008998328133333454,0.6918121775519146,0,,,,0.0,2025-07-25,1
pw_strait_of_hormuz_n_total_z,cnyusd,0.0,,0.0,0.0,0.0,0,,,,0.0,2025-07-25,1
pw_strait_of_hormuz_n_total_z,krwusd,0.0,,0.00035958131389956377,0.0,0.0,0,,,,0.0,2025-07-25,1
pw_strait_of_hormuz_n_total_z,eurusd,0.0,,0.0,0.0,0.0,0,,,,0.0,2025-07-25,1
pw_strait_of_hormuz_n_total_z,sp500,0.0,,0.0,0.0,0.0,0,,,,0.0,2025-07-25,1
pw_strait_of_hormuz_n_total_z,vix,0.0,,0.0,0.0,0.0,0,,,,0.0,2025-07-25,1
pw_strait_of_hormuz_n_total_z,us2y,0.0,,0.0,0.0,0.0,0,,,,0.0,2025-07-25,1
pw_strait_of_hormuz_n_total_z,us10y,0.0,,0.008263670761022716,0.006147019470014881,0.7438606459260876,0,,,,0.0,2025-07-25,1
pw_strait_of_hormuz_n_total_z,wti,0.0,,0.0,0.0,0.0,0,,,,0.0,2025-07-25,1
pw_strait_of_hormuz_n_total_z,brent,0.0,,0.00036044588404121066,0.002320183335411849,6.436981078542644,0,,,,0.0,2025-07-25,1
pw_strait_of_hormuz_n_total_z,henry_hub,0.0,,0.0022813850408833288,0.004548670266448425,1.9938196248920905,0,,,,0.0,2025-07-25,1
pw_suez_canal_capacity_z,audusd,0.0,,0.0,0.0,0.0,0,,,,0.0,2025-07-25,1
pw_suez_canal_capacity_z,cnyusd,0.0,,0.0,0.0,0.0,0,,,,0.0,2025-07-25,1
pw_suez_canal_capacity_z,krwusd,0.0,,0.0,0.0,0.0,0,,,,0.0,2025-07-25,1
pw_suez_canal_capacity_z,eurusd,0.0,,0.00035387974356818183,0.0,0.0,0,,,,0.0,2025-07-25,1
pw_suez_canal_capacity_z,sp500,0.0,,0.0,0.0,0.0,0,,,,0.0,2025-07-25,1
pw_suez_canal_capacity_z,vix,0.0,,0.0,0.0,0.0,0,,,,0.0,2025-07-25,1
pw_suez_canal_capacity_z,us2y,0.0,,0.0,0.0,0.0,0,,,,0.0,2025-07-25,1
pw_suez_canal_capacity_z,us10y,0.0,,0.0009116796537221657,0.0,0.0,0,,,,0.0,2025-07-25,1
pw_suez_canal_capacity_z,wti,0.0,,2.8513621937467208e-05,0.0,0.0,0,,,,0.0,2025-07-25,1
pw_suez_canal_capacity_z,brent,0.0,,0.0,0.0,0.0,0,,,,0.0,2025-07-25,1
pw_suez_canal_capacity_z,henry_hub,0.0,,0.0,0.0,0.0,0,,,,0.0,2025-07-25,1
pw_suez_canal_n_total_z,audusd,0.0,,3.6432211575346963e-05,0.0,0.0,0,,,,0.0,2025-07-25,1
pw_suez_canal_n_total_z,brlusd,0.0,,0.0,0.0,0.0,0,,,,0.0,2025-07-25,1
pw_suez_canal_n_total_z,cnyusd,0.0,,0.0,0.0,0.0,0,,,,0.0,2025-07-25,1
pw_suez_canal_n_total_z,krwusd,0.0,,0.0,0.0,0.0,0,,,,0.0,2025-07-25,1
pw_suez_canal_n_total_z,eurusd,0.0,,0.0,0.0,0.0,0,,,,0.0,2025-07-25,1
pw_suez_canal_n_total_z,sp500,0.0,,0.0,0.0,0.0,0,,,,0.0,2025-07-25,1
pw_suez_canal_n_total_z,vix,0.0,,0.0016677492496752558,0.0,0.0,0,,,,0.0,2025-07-25,1
pw_suez_canal_n_total_z,us2y,0.0,,0.0,0.0,0.0,0,,,,0.0,2025-07-25,1
pw_suez_canal_n_total_z,us10y,0.0,,0.0,0.0,0.0,0,,,,0.0,2025-07-25,1
pw_suez_canal_n_total_z,wti,0.0,,0.0009502393972019114,0.0,0.0,0,,,,0.0,2025-07-25,1
pw_suez_canal_n_total_z,brent,0.0,,0.006929058500345783,0.0,0.0,0,,,,0.0,2025-07-25,1
sp500,audusd,1.0,1.0,0.19778939610373544,0.2056766165013188,1.0398768617173324,480,5.37682398904584e-06,0.5183111895987529,1.7014060135364746,0.6914365583274845,2025-08-22,1
wti,brent,1.0,1.0,0.38235658193966693,0.3702009770578619,0.9682087207178689,480,3.910261701152386e-05,0.5099227928167723,1.5811679617505388,0.637797553685455,2025-08-22,1
eurusd,wti,1.0,1.0,0.09084422126881657,0.09460818887922579,1.0414332090455296,480,0.04994326671236204,0.566843841597072,1.2269566039667354,0.5465709298690739,2025-08-22,1
audusd,wti,0.8441718585590432,1.0,0.06428304802082696,0.0690389867195342,1.0739843371640745,420,0.01705165209182702,0.5639322884802771,1.025400982244919,0.39848847142165594,2025-08-22,1
sp500,brlusd,1.0,1.0,0.07848364745242392,0.08216609664048703,1.046919954762492,480,7.828332502822235e-07,0.5025763756257922,0.836552247285509,0.395477165892409,2025-08-22,1
sp500,eurusd,1.0,1.0,0.14488392248456325,0.14149576435752775,0.9766146714629673,480,6.390160441459655e-07,0.4962273047533522,0.85621126337775,0.3942954216909583,2025-08-22,1
us2y,cnyusd,1.0,1.0,0.11025120611950653,0.11174780067292556,1.013574405270422,480,5.970209019888395e-08,0.49216313815613955,0.7719676471903145,0.36789276310844304,2025-08-22,1
sp500,krwusd,1.0,1.0,0.21745996629943848,0.2098574656077409,0.9650395389042364,480,8.99079932895883e-07,0.47207101667928547,0.6384518949965191,0.29801082122555517,2025-08-22,1
sp500,cnyusd,1.0,1.0,0.10349441543102705,0.10445976607381528,1.0093275626396632,480,3.790150916414906e-08,0.47399536813898757,0.6128585603263792,0.29718520449512903,2025-08-22,1
eurusd,sp500,1.0,1.0,0.08845527408992533,0.0951826447702417,1.0760539238562212,480,7.36132604755014e-07,0.4698855979517207,0.3687510129964568,0.18231428939960626,2025-08-22,1
pw_cape_of_good_hope_capacity_z,henry_hub,0.3955974500473579,1.0,0.045094853415049825,0.028357901059522354,0.6288500552051528,360,0.00017546136719676423,0.5464681776013619,1.7580883121638522,0.17561777376180834,2025-08-22,1
cnyusd,us10y,1.0,1.0,0.06681151433123698,0.06398756335805605,0.9577325704790884,480,5.521205239117336e-06,0.5089963229558542,0.34314388461862455,0.1627264397308954,2025-08-22,1
vix,brlusd,0.8891106153502696,1.0,0.08508326829232597,0.08301949033689315,0.9757440211588703,440,5.999735314866637e-07,0.5323894257696518,0.3768101700061982,0.16154287722805752,2025-08-22,1
audusd,eurusd,0.9935473654997884,0.5266272016365053,0.06727829953278414,0.07715487071447642,1.1468017362252076,460,1.125786402361065e-07,0.5062616346952024,0.5253800641262826,0.1343703966957823,2025-08-22,1
sp500,vix,0.916141314630274,1.0,0.055469203276775014,0.05233544204266542,0.9435044844889326,460,0.030941335658741707,0.5103952775258997,0.2587753808550039,0.1112206138183908,2025-08-22,1
pw_malacca_strait_capacity_z,us2y,0.6845906450243411,1.0,0.05085307712142282,0.053285242194197724,1.0478272940488453,180,4.515759268784572e-06,0.5248947388134624,0.12143277609036966,0.041514869213344255,2025-08-22,1
eurusd,audusd,0.5899997502324665,0.989063326725699,0.05369052725346431,0.06446824523981917,1.200737793754101,140,4.2445945939789554e-08,0.5068426388738265,0.12621833615782282,0.0367783594215346,2025-08-22,1
audusd,us2y,0.015648589585021876,1.0,0.01587230732016923,0.008001781515054289,0.5041347394330173,40,5.589368221485745e-05,0.552466845489316,0.6254922979652147,0.0023898401358423034,2025-08-22,1
pw_suez_canal_capacity_z,brlusd,0.03505822525399214,1.0,0.03746748366682914,0.03337512751309645,0.8907757940158721,80,8.179476256627017e-08,0.5582242768890886,0.13058864720331073,0.002036184802451585,2025-08-22,1
brent,us10y,0.010482335671215764,1.0,0.042902780010846055,0.04342337904000313,1.0121343891707126,20,9.52610963775411e-06,0.3975981573018204,0.23458885524139214,0.001223911851336016,2025-08-22,1
brlusd,wti,1.0,1.0,0.06176408731719085,0.05137826423127674,0.8318468945784386,480,-0.0013090584232602464,0.5093666046414088,-0.10876267023083935,0.0,2025-08-22,1
cnyusd,us2y,1.0,1.0,0.06664247599735777,0.05107975913646745,0.766474510018095,480,-2.3524799126622267e-05,0.4053951355312237,-0.8837176526105638,0.0,2025-08-22,1
eurusd,krwusd,1.0,1.0,0.1638143506699277,0.13659154869059442,0.833819186975963,480,-8.418402198077086e-07,0.4832459131210478,-0.9687035794650225,0.0,2025-08-22,1
us2y,krwusd,1.0,1.0,0.15728073924885286,0.13786751792571508,0.8765696205660518,480,-5.816308896345145e-07,0.4726284282031612,-0.9477461671122661,0.0,2025-08-22,1
us2y,eurusd,1.0,0.9935473654997884,0.08398533387707707,0.06551396154522247,0.7800643102891067,480,-2.1429908398972564e-07,0.4379565111819966,-1.030620833502286,0.0,2025-08-22,1
brent,brlusd,1.0,1.0,0.056893608367858846,0.05176742834724579,0.9098988415804365,480,-1.3057709799740996e-07,0.5222408770584434,-0.5584552162169278,0.0,2025-08-22,1
brent,wti,1.0,1.0,0.07835324361657958,0.05916815198328128,0.7551461720311126,480,-0.01915561512658539,0.4529583531661037,-1.122886842728828,0.0,2025-08-22,1
pw_panama_canal_n_total_z,henry_hub,1.0,1.0,0.24773582894690607,0.20806903754470388,0.8398827025916246,480,-7.411262871916451e-05,0.4740546920924088,-1.013756783454372,0.0,2025-08-22,1
brent,vix,0.8233164243386556,1.0,0.06803906694704241,0.06797111985916769,0.999001351856756,420,-0.007206653613030141,0.4564632001288795,-0.6313821182746457,0.0,2025-08-22,1
krwusd,cnyusd,0.6562227925369173,0.6190798790101039,0.04664087535782893,0.05208549948735937,1.1167350331176091,140,-7.320160346661685e-11,0.4458195866011044,-0.001979607365712855,0.0,2025-08-22,1
vix,audusd,0.6446352647112004,1.0,0.05855190899625687,0.06984720340972297,1.1929107796329612,320,-7.70648832692745e-08,0.5362634014503749,-0.17590356404271948,0.0,2025-08-22,1
brlusd,us2y,0.5204607831244273,1.0,0.05467996726394935,0.04822779876768321,0.8820012370321942,400,-3.284429851196534e-05,0.475339150481565,-0.9356099809793182,0.0,2025-08-22,1
wti,sp500,0.5204607831244273,1.0,0.05311878434790177,0.03692363184934053,0.6951143988444651,400,-3.7352148916243797e-07,0.47653290655791275,-0.50835296694259,0.0,2025-08-22,1
eurusd,vix,0.4795392168755727,1.0,0.059500176902862335,0.077331038092457,1.2996774483327107,80,-0.008745936944076457,0.5368352532155118,-0.2155432866741361,0.0,2025-08-22,1
brlusd,audusd,0.3955974500473579,0.8647473010856317,0.04554240245430857,0.03029110141153251,0.6651186538066965,360,-2.4706530461498834e-07,0.46460098741765515,-1.3104425057003657,0.0,2025-08-22,1
brlusd,brent,0.3222396230734993,1.0,0.048361387884195854,0.04694813772480058,0.9707773035219878,280,-4.21164722294156e-06,0.4589110050765753,-1.2777087686787962,0.0,2025-08-22,1
pw_cape_of_good_hope_n_total_z,henry_hub,0.2946109064179344,0.6395406756291062,0.04887170553414438,0.03280766601677612,0.6713018434328005,260,-8.978657676589765e-05,0.4874945552028618,-0.7772999451635215,0.0,2025-08-22,1
us10y,eurusd,0.2594145281815556,0.9158390659489278,0.039295765428897435,0.019874740334457547,0.505773080573257,300,-8.020490592338171e-08,0.4734246808016395,-0.5115521853486396,0.0,2025-08-22,1
pw_bab_el_mandeb_strait_n_total_z,henry_hub,0.24533282786930927,1.0,0.033351924145246424,0.022149178859880665,0.6641049782741707,200,-3.0022857267389293e-05,0.5204348386330875,-0.4569495873202384,0.0,2025-08-22,1
us10y,krwusd,0.23758195918337766,1.0,0.024337437810405513,0.0022523250170563974,0.0925456917282152,240,-2.1877647340652716e-07,0.4319774877759927,-0.9936921796839672,0.0,2025-08-22,1
us2y,wti,0.2242918061708824,1.0,0.044307429677468965,0.03262976071839026,0.7364399369567359,280,-0.014120907735312306,0.45918688886356285,-0.6878765053746136,0.0,2025-08-22,1
us10y,us2y,0.2242918061708824,1.0,0.04315255382825321,0.034015335740019914,0.7882577674406167,280,-1.8103258094353628e-05,0.5089496683753806,-0.43903356748731975,0.0,2025-08-22,1
pw_cape_of_good_hope_capacity_z,brent,0.2242918061708824,1.0,0.05060589224060558,0.04636664370428685,0.916230139443778,280,-1.1065877589067676e-05,0.3804596914312197,-2.2017092901248083,0.0,2025-08-22,1
henry_hub,krwusd,0.1987095848484849,1.0,0.034450702079891475,0.023631951265270408,0.6859642863146217,160,-1.6762534007269402e-07,0.4681133454611046,-0.6405786902307206,0.0,2025-08-22,1
sp500,wti,0.18698012908791886,1.0,0.042397296639517454,0.0370689876396489,0.8743243220158011,240,-0.003936784432050443,0.5202623829233483,-0.28423382124155266,0.0,2025-08-22,1
eurusd,us2y,0.1807643344703766,1.0,0.03224633480146752,0.005932680488056916,0.18397999414764254,240,-1.8797093511585326e-05,0.473183969136894,-0.7293238725407806,0.0,2025-08-22,1
us10y,sp500,0.12228223095339869,1.0,0.04187848158556447,0.03649560545795462,0.8714643911668152,160,-1.2885632983144753e-06,0.5106106426540944,-1.4287681847758522,0.0,2025-08-22,1
krwusd,us2y,0.11847280481480334,1.0,0.02982847200556771,0.011638408393375531,0.39017782711776633,200,-8.480960205791379e-06,0.5325201950507705,-0.1563557467832836,0.0,2025-08-22,1
henry_hub,cnyusd,0.09292954529284804,1.0,0.04206344546932387,0.037923948369617114,0.9015892052227243,140,-5.873776065020763e-08,0.59461895372365,-0.45909481403454466,0.0,2025-08-22,1
pw_suez_canal_n_total_z,henry_hub,0.06696928910277615,1.0,0.015167927427126854,0.0,0.0,140,0.00011369156606820153,0.5622340909004843,0.7553141850767678,0.0,2025-08-22,1
henry_hub,brlusd,0.05350562280254715,0.5799114645855681,0.01033945958548667,0.010421551278741325,1.007939650285967,120,-2.3061994697984676e-06,0.5154017189945581,-1.485472784103477,0.0,2025-08-22,1
pw_strait_of_hormuz_capacity_z,brent,0.04438431643224367,1.0,0.03699491738600408,0.026875794982591867,0.7264726314204318,60,-5.185965165730867e-06,0.4021796722530999,-0.694802303607539,0.0,2025-08-22,1
us10y,cnyusd,0.04151085975420385,1.0,0.010968047131652822,0.0,0.0,100,3.6378295990629895e-08,0.4779682352700415,0.3299882266022642,0.0,2025-08-22,1
pw_malacca_strait_n_total_z,henry_hub,0.03512272201067314,1.0,0.024711805266753928,0.01709252540304885,0.6916744939733038,20,-3.0626918993900585e-05,0.3500464416515344,-0.7627869741194293,0.0,2025-08-22,1
audusd,sp500,0.02183256899817793,1.0,0.02236274678613915,0.009757624079573602,0.4363338803094422,60,-1.6194545141643416e-06,0.45279913005450245,-1.2702065892735912,0.0,2025-08-22,1
us2y,us10y,0.02183256899817793,1.0,0.014770124675685253,0.006976781837535952,0.47235768084078594,60,-1.6465517229522686e-05,0.49955110331497976,-0.36150803986970015,0.0,2025-08-22,1
pw_cape_of_good_hope_n_total_z,brlusd,0.016934970171427477,1.0,0.020795056768832133,0.01025365259823713,0.4930812506174747,40,-1.7171219210588398e-06,0.33295839484824813,-1.369678978807214,0.0,2025-08-22,1
krwusd,vix,0.015648589585021876,1.0,0.019011984827199447,0.005745030279751167,0.30217940588360104,40,-0.05096883898372772,0.29938421909353247,-2.039253999919229,0.0,2025-08-22,1
cnyusd,wti,0.010482335671215764,1.0,0.01641660548068896,0.007849370166734046,0.47813600539815304,20,-0.026350855717256132,0.44326190323666986,-1.2536483129621632,0.0,2025-08-22,1
audusd,vix,0.006452634500211713,1.0,0.0184753019520375,0.0,0.0,20,-0.11408765609220183,0.35232384763291374,-1.8520756717413658,0.0,2025-08-22,1
brlusd,cnyusd,0.006452634500211713,1.0,0.019371809275436618,0.009419326301454055,0.4862388519072261,20,-2.707672353711881e-09,0.503129747317165,-0.026983473890779708,0.0,2025-08-22,1
pw_bab_el_mandeb_strait_capacity_z,cnyusd,0.006452634500211713,1.0,0.008410707029121632,0.0,0.0,20,-8.052518251198794e-07,0.2983218135203555,-2.255604270227381,0.0,2025-08-22,1
pw_bab_el_mandeb_strait_n_total_z,cnyusd,0.006452634500211713,1.0,0.015077409198064757,0.008611753606231409,0.5711693231312419,20,-6.296462030138997e-07,0.25071531608863573,-2.720653290233657,0.0,2025-08-22,1
audusd,brlusd,0.0,,0.004936421156848642,0.010267702047146306,2.0799890691865315,0,,,,0.0,2025-08-22,1
audusd,cnyusd,0.0,,0.0012924649930257024,0.0,0.0,0,,,,0.0,2025-08-22,1
audusd,krwusd,0.0,,0.018239389664788355,0.032810075604604874,1.7988581968806572,0,,,,0.0,2025-08-22,1
audusd,us10y,0.0,,0.005239659458454346,0.007903671948621693,1.5084323726170568,0,,,,0.0,2025-08-22,1
audusd,brent,0.0,,0.001447504921824162,1.3234116696837939e-05,0.009142709290521897,0,,,,0.0,2025-08-22,1
audusd,henry_hub,0.0,,0.014453818404776586,0.01710422138449943,1.1833704357906532,0,,,,0.0,2025-08-22,1
brlusd,krwusd,0.0,,0.015607285861476241,0.020317437751196262,1.3017918638464987,0,,,,0.0,2025-08-22,1
brlusd,eurusd,0.0,,0.006781401707115783,0.0,0.0,0,,,,0.0,2025-08-22,1
brlusd,sp500,0.0,,0.0126840214530445,0.02373511594784645,1.8712611008829063,0,,,,0.0,2025-08-22,1
brlusd,vix,0.0,,0.013365156360221429,0.02640853970327185,1.9759244853933249,0,,,,0.0,2025-08-22,1
brlusd,us10y,0.0,,0.025396490258026663,0.02228325250814614,0.8774146459510651,0,,,,0.0,2025-08-22,1
brlusd,henry_hub,0.0,,0.003806713223920521,0.0,0.0,0,,,,0.0,2025-08-22,1
cnyusd,audusd,0.0,,0.009575668802331338,0.00648231697028206,0.6769570986732377,0,,,,0.0,2025-08-22,1
cnyusd,brlusd,0.0,,0.025000080464953927,0.027645035987503674,1.105797880381127,0,,,,0.0,2025-08-22,1
cnyusd,krwusd,0.0,,0.0023758866066751158,0.0,0.0,0,,,,0.0,2025-08-22,1
cnyusd,eurusd,0.0,,0.005787801517075251,0.0,0.0,0,,,,0.0,2025-08-22,1
cnyusd,sp500,0.0,,0.005455487429747959,0.00370782344342668,0.6796502587850304,0,,,,0.0,2025-08-22,1
cnyusd,vix,0.0,,0.015567320028240225,0.015249385388422307,0.97957679040187,0,,,,0.0,2025-08-22,1
cnyusd,brent,0.0,,0.0,0.0,0.0,0,,,,0.0,2025-08-22,1
cnyusd,henry_hub,0.0,,0.0031687539660124565,0.0,0.0,0,,,,0.0,2025-08-22,1
krwusd,audusd,0.0,,0.009903505653515665,0.0,0.0,0,,,,0.0,2025-08-22,1
krwusd,brlusd,0.0,,2.468579489870476e-06,0.0,0.0,0,,,,0.0,2025-08-22,1
krwusd,eurusd,0.0,,0.017254807081563125,0.00672068047011192,0.3894961235059539,0,,,,0.0,2025-08-22,1
krwusd,sp500,0.0,,0.011965145901001988,0.0,0.0,0,,,,0.0,2025-08-22,1
krwusd,us10y,0.0,,0.0028980999433349994,0.0,0.0,0,,,,0.0,2025-08-22,1
krwusd,wti,0.0,,0.0001625773379140909,0.0,0.0,0,,,,0.0,2025-08-22,1
krwusd,brent,0.0,,0.000490912051929484,0.0,0.0,0,,,,0.0,2025-08-22,1
krwusd,henry_hub,0.0,,0.0015239383681878793,0.0,0.0,0,,,,0.0,2025-08-22,1
eurusd,brlusd,0.0,,0.01929490966526578,0.023453886109377427,1.2155478577647105,0,,,,0.0,2025-08-22,1
eurusd,cnyusd,0.0,,0.0012810475232788005,0.0,0.0,0,,,,0.0,2025-08-22,1
eurusd,us10y,0.0,,0.012561228956842734,0.0008537519998242891,0.06796723495428426,0,,,,0.0,2025-08-22,1
eurusd,brent,0.0,,0.03260627090405778,0.03586242424806828,1.0998627949081192,0,,,,0.0,2025-08-22,1
eurusd,henry_hub,0.0,,0.006716370620000319,0.0,0.0,0,,,,0.0,2025-08-22,1
sp500,us2y,0.0,,0.0014886042054516556,0.0,0.0,0,,,,0.0,2025-08-22,1
sp500,us10y,0.0,,0.0128125807900105,0.013950569025196978,1.0888180339181726,0,,,,0.0,2025-08-22,1
sp500,brent,0.0,,0.010806799293027065,0.0,0.0,0,,,,0.0,2025-08-22,1
sp500,henry_hub,0.0,,0.0002686070901016177,0.0,0.0,0,,,,0.0,2025-08-22,1
vix,cnyusd,0.0,,0.0,0.0,0.0,0,,,,0.0,2025-08-22,1
vix,krwusd,0.0,,0.005198404219212017,0.012669198303360638,2.437132198480913,0,,,,0.0,2025-08-22,1
vix,eurusd,0.0,,0.0029373860739917448,0.0,0.0,0,,,,0.0,2025-08-22,1
vix,sp500,0.0,,0.010357871375407635,0.0017368393389958813,0.167683037956969,0,,,,0.0,2025-08-22,1
vix,us2y,0.0,,0.015241816483331973,0.024412865705297212,1.6017031652358786,0,,,,0.0,2025-08-22,1
vix,us10y,0.0,,0.011433591828783351,0.0233753937611988,2.044448858350244,0,,,,0.0,2025-08-22,1
vix,wti,0.0,,2.8684828156799155e-05,0.0,0.0,0,,,,0.0,2025-08-22,1
vix,brent,0.0,,8.724265414618206e-05,0.0,0.0,0,,,,0.0,2025-08-22,1
vix,henry_hub,0.0,,0.023294375345706955,0.02291574462978564,0.9837458309011451,0,,,,0.0,2025-08-22,1
us2y,audusd,0.0,,0.028267431684407048,0.015627217464810002,0.5528347123743232,0,,,,0.0,2025-08-22,1
us2y,brlusd,0.0,,0.016132639954400074,0.030641738011396597,1.8993629125801732,0,,,,0.0,2025-08-22,1
us2y,sp500,0.0,,0.010474387601822283,0.004537488423541263,0.43319844520092543,0,,,,0.0,2025-08-22,1
us2y,vix,0.0,,0.0006572503698896349,0.0,0.0,0,,,,0.0,2025-08-22,1
us2y,brent,0.0,,0.0032331005663203114,0.0,0.0,0,,,,0.0,2025-08-22,1
us2y,henry_hub,0.0,,0.012803718817481559,0.005763243315839838,0.45012260875106014,0,,,,0.0,2025-08-22,1
us10y,audusd,0.0,,0.004838301489320372,0.0,0.0,0,,,,0.0,2025-08-22,1
us10y,brlusd,0.0,,0.0076886790778892995,0.0020066823533632554,0.2609918209662265,0,,,,0.0,2025-08-22,1
us10y,vix,0.0,,0.028239008708013654,0.02600112222738626,0.9207519462256362,0,,,,0.0,2025-08-22,1
us10y,wti,0.0,,0.0012626597393062499,0.0,0.0,0,,,,0.0,2025-08-22,1
us10y,brent,0.0,,0.007607542715902527,0.0010149387539961047,0.1334121663062784,0,,,,0.0,2025-08-22,1
us10y,henry_hub,0.0,,0.0,0.0,0.0,0,,,,0.0,2025-08-22,1
wti,audusd,0.0,,0.0246092099867533,0.022774281802523052,0.9254373388979996,0,,,,0.0,2025-08-22,1
wti,brlusd,0.0,,0.016874839109382003,0.012931868463596338,0.766340252477224,0,,,,0.0,2025-08-22,1
wti,cnyusd,0.0,,0.010982717164895734,0.008516154660678532,0.7754141832859794,0,,,,0.0,2025-08-22,1
wti,krwusd,0.0,,0.0,0.0,0.0,0,,,,0.0,2025-08-22,1
wti,eurusd,0.0,,2.8761813166541282e-05,0.0,0.0,0,,,,0.0,2025-08-22,1
wti,vix,0.0,,0.0237005767866837,0.007984103604862552,0.33687381014914647,0,,,,0.0,2025-08-22,1
wti,us2y,0.0,,0.001092697647893107,0.0005110061770588556,0.46765560266754114,0,,,,0.0,2025-08-22,1
wti,us10y,0.0,,0.01438208010829431,0.011386108382873752,0.7916871757867107,0,,,,0.0,2025-08-22,1
wti,henry_hub,0.0,,8.053780493789142e-05,0.0,0.0,0,,,,0.0,2025-08-22,1
brent,audusd,0.0,,0.012295405248608988,0.006697083889214735,0.5446818347018203,0,,,,0.0,2025-08-22,1
brent,cnyusd,0.0,,0.013864881445703416,0.012083101460430647,0.8714897064031569,0,,,,0.0,2025-08-22,1
brent,krwusd,0.0,,0.009399310795928078,0.009544563793246176,1.0154535795731985,0,,,,0.0,2025-08-22,1
brent,eurusd,0.0,,0.006858607630015385,0.0020737357375142916,0.30235520813859995,0,,,,0.0,2025-08-22,1
brent,sp500,0.0,,0.026192569888403242,0.03404678526739599,1.2998642520553205,0,,,,0.0,2025-08-22,1
brent,us2y,0.0,,0.0,0.0,0.0,0,,,,0.0,2025-08-22,1
brent,henry_hub,0.0,,4.959025312287355e-05,0.0,0.0,0,,,,0.0,2025-08-22,1
henry_hub,audusd,0.0,,0.0012000619225894333,0.0,0.0,0,,,,0.0,2025-08-22,1
henry_hub,eurusd,0.0,,3.0655909418714824e-05,0.0,0.0,0,,,,0.0,2025-08-22,1
henry_hub,sp500,0.0,,0.002866230918671157,0.0036741039323433837,1.2818590115714659,0,,,,0.0,2025-08-22,1
henry_hub,vix,0.0,,0.013146742875546517,0.011338292191031997,0.8624411611579996,0,,,,0.0,2025-08-22,1
henry_hub,us2y,0.0,,0.0137369381285906,0.009332210640730754,0.6793515813620565,0,,,,0.0,2025-08-22,1
henry_hub,us10y,0.0,,1.1249351597733047e-05,0.0,0.0,0,,,,0.0,2025-08-22,1
henry_hub,wti,0.0,,0.0006607507231582251,0.0,0.0,0,,,,0.0,2025-08-22,1
henry_hub,brent,0.0,,0.0013490421753852189,0.0,0.0,0,,,,0.0,2025-08-22,1
pw_bab_el_mandeb_strait_capacity_z,audusd,0.0,,0.0015082817489158573,0.0,0.0,0,,,,0.0,2025-08-22,1
pw_bab_el_mandeb_strait_capacity_z,brlusd,0.0,,0.00038882545650890276,0.0,0.0,0,,,,0.0,2025-08-22,1
pw_bab_el_mandeb_strait_capacity_z,krwusd,0.0,,1.4261578473945596e-05,0.0,0.0,0,,,,0.0,2025-08-22,1
pw_bab_el_mandeb_strait_capacity_z,eurusd,0.0,,0.006747490486566214,0.008956218094781287,1.3273406035343802,0,,,,0.0,2025-08-22,1
pw_bab_el_mandeb_strait_capacity_z,sp500,0.0,,0.0006987050024771932,0.0,0.0,0,,,,0.0,2025-08-22,1
pw_bab_el_mandeb_strait_capacity_z,vix,0.0,,4.1924240400901836e-05,0.0,0.0,0,,,,0.0,2025-08-22,1
pw_bab_el_mandeb_strait_capacity_z,us2y,0.0,,9.416563377754537e-05,0.0,0.0,0,,,,0.0,2025-08-22,1
pw_bab_el_mandeb_strait_capacity_z,us10y,0.0,,0.0,0.0,0.0,0,,,,0.0,2025-08-22,1
pw_bab_el_mandeb_strait_capacity_z,wti,0.0,,0.0,0.0,0.0,0,,,,0.0,2025-08-22,1
pw_bab_el_mandeb_strait_capacity_z,brent,0.0,,0.0,0.0,0.0,0,,,,0.0,2025-08-22,1
pw_bab_el_mandeb_strait_capacity_z,henry_hub,0.0,,0.024050936274632756,0.01895335430211092,0.7880505808874307,0,,,,0.0,2025-08-22,1
pw_bab_el_mandeb_strait_n_total_z,audusd,0.0,,0.000718185908836984,0.0,0.0,0,,,,0.0,2025-08-22,1
pw_bab_el_mandeb_strait_n_total_z,brlusd,0.0,,0.002517413661811778,0.0,0.0,0,,,,0.0,2025-08-22,1
pw_bab_el_mandeb_strait_n_total_z,krwusd,0.0,,3.60865473447813e-05,0.0,0.0,0,,,,0.0,2025-08-22,1
pw_bab_el_mandeb_strait_n_total_z,eurusd,0.0,,0.00018415420469184736,0.0,0.0,0,,,,0.0,2025-08-22,1
pw_bab_el_mandeb_strait_n_total_z,sp500,0.0,,0.007627995410178688,0.006716199584984669,0.8804671770020559,0,,,,0.0,2025-08-22,1
pw_bab_el_mandeb_strait_n_total_z,vix,0.0,,0.0,0.0,0.0,0,,,,0.0,2025-08-22,1
pw_bab_el_mandeb_strait_n_total_z,us2y,0.0,,0.0,0.0,0.0,0,,,,0.0,2025-08-22,1
pw_bab_el_mandeb_strait_n_total_z,us10y,0.0,,0.010095720671228001,0.012692664350306231,1.2572321247436364,0,,,,0.0,2025-08-22,1
pw_bab_el_mandeb_strait_n_total_z,wti,0.0,,0.0,0.0,0.0,0,,,,0.0,2025-08-22,1
pw_bab_el_mandeb_strait_n_total_z,brent,0.0,,0.0007705484038505622,0.0,0.0,0,,,,0.0,2025-08-22,1
pw_cape_of_good_hope_capacity_z,audusd,0.0,,4.740602463442197e-05,0.0,0.0,0,,,,0.0,2025-08-22,1
pw_cape_of_good_hope_capacity_z,brlusd,0.0,,0.00018437480863034807,0.0,0.0,0,,,,0.0,2025-08-22,1
pw_cape_of_good_hope_capacity_z,cnyusd,0.0,,0.006386397228253017,0.0,0.0,0,,,,0.0,2025-08-22,1
pw_cape_of_good_hope_capacity_z,krwusd,0.0,,4.135878639536288e-05,0.0,0.0,0,,,,0.0,2025-08-22,1
pw_cape_of_good_hope_capacity_z,eurusd,0.0,,0.0006313439904463042,0.0,0.0,0,,,,0.0,2025-08-22,1
pw_cape_of_good_hope_capacity_z,sp500,0.0,,0.013594073063452694,0.009382495055017063,0.690190130009059,0,,,,0.0,2025-08-22,1
pw_cape_of_good_hope_capacity_z,vix,0.0,,0.007818442855814069,0.000129745151535402,0.01659475600552851,0,,,,0.0,2025-08-22,1
pw_cape_of_good_hope_capacity_z,us2y,0.0,,0.0011343229146644463,0.0024128687821835626,2.1271445291196764,0,,,,0.0,2025-08-22,1
pw_cape_of_good_hope_capacity_z,us10y,0.0,,0.002867741239984561,0.0,0.0,0,,,,0.0,2025-08-22,1
pw_cape_of_good_hope_capacity_z,wti,0.0,,0.009750216336562392,0.009693352144691822,0.9941679045974258,0,,,,0.0,2025-08-22,1
pw_cape_of_good_hope_n_total_z,audusd,0.0,,0.00021571130185716675,0.0,0.0,0,,,,0.0,2025-08-22,1
pw_cape_of_good_hope_n_total_z,cnyusd,0.0,,4.275655598446648e-05,0.0,0.0,0,,,,0.0,2025-08-22,1
pw_cape_of_good_hope_n_total_z,krwusd,0.0,,1.3014968267760684e-06,0.0,0.0,0,,,,0.0,2025-08-22,1
pw_cape_of_good_hope_n_total_z,eurusd,0.0,,0.002234159496888969,0.0,0.0,0,,,,0.0,2025-08-22,1
pw_cape_of_good_hope_n_total_z,sp500,0.0,,3.7089685101473823e-06,0.0,0.0,0,,,,0.0,2025-08-22,1
pw_cape_of_good_hope_n_total_z,vix,0.0,,0.0,0.0,0.0,0,,,,0.0,2025-08-22,1
pw_cape_of_good_hope_n_total_z,us2y,0.0,,0.0019362585520834353,0.0049877607436260825,2.5759786771550717,0,,,,0.0,2025-08-22,1
pw_cape_of_good_hope_n_total_z,us10y,0.0,,0.013925355925091629,0.0018815760054622665,0.13511870113653024,0,,,,0.0,2025-08-22,1
pw_cape_of_good_hope_n_total_z,wti,0.0,,0.0003167558621264291,0.0,0.0,0,,,,0.0,2025-08-22,1
pw_cape_of_good_hope_n_total_z,brent,0.0,,0.0003469147578525292,0.0,0.0,0,,,,0.0,2025-08-22,1
pw_malacca_strait_capacity_z,audusd,0.0,,0.0,0.0,0.0,0,,,,0.0,2025-08-22,1
pw_malacca_strait_capacity_z,brlusd,0.0,,0.009075567892204305,0.01732437949697625,1.9089030794268507,0,,,,0.0,2025-08-22,1
pw_malacca_strait_capacity_z,cnyusd,0.0,,0.00027495115164318553,0.0,0.0,0,,,,0.0,2025-08-22,1
pw_malacca_strait_capacity_z,krwusd,0.0,,0.007155797006295559,0.0041515201776225405,0.5801618148153305,0,,,,0.0,2025-08-22,1
pw_malacca_strait_capacity_z,eurusd,0.0,,8.224418714469055e-05,0.0,0.0,0,,,,0.0,2025-08-22,1
pw_malacca_strait_capacity_z,sp500,0.0,,0.0,0.0,0.0,0,,,,0.0,2025-08-22,1
pw_malacca_strait_capacity_z,vix,0.0,,0.00012777547895937637,0.0001277065171692537,0.9994602893240214,0,,,,0.0,2025-08-22,1
pw_malacca_strait_capacity_z,us10y,0.0,,0.0,0.0,0.0,0,,,,0.0,2025-08-22,1
pw_malacca_strait_capacity_z,wti,0.0,,0.0,0.0,0.0,0,,,,0.0,2025-08-22,1
pw_malacca_strait_capacity_z,brent,0.0,,0.0,0.0,0.0,0,,,,0.0,2025-08-22,1
pw_malacca_strait_capacity_z,henry_hub,0.0,,0.0,0.0,0.0,0,,,,0.0,2025-08-22,1
pw_malacca_strait_n_total_z,audusd,0.0,,0.00207941273847325,0.0,0.0,0,,,,0.0,2025-08-22,1
pw_malacca_strait_n_total_z,brlusd,0.0,,0.0005325392017173228,0.0,0.0,0,,,,0.0,2025-08-22,1
pw_malacca_strait_n_total_z,cnyusd,0.0,,0.007753001353706459,0.0,0.0,0,,,,0.0,2025-08-22,1
pw_malacca_strait_n_total_z,krwusd,0.0,,0.0,0.0,0.0,0,,,,0.0,2025-08-22,1
pw_malacca_strait_n_total_z,eurusd,0.0,,0.014181366363020597,0.002307779180541917,0.1627332036608048,0,,,,0.0,2025-08-22,1
pw_malacca_strait_n_total_z,sp500,0.0,,0.0038614446210478923,0.0,0.0,0,,,,0.0,2025-08-22,1
pw_malacca_strait_n_total_z,vix,0.0,,0.0,0.0,0.0,0,,,,0.0,2025-08-22,1
pw_malacca_strait_n_total_z,us2y,0.0,,0.00019689356252317446,0.0,0.0,0,,,,0.0,2025-08-22,1
pw_malacca_strait_n_total_z,us10y,0.0,,0.014416496565331203,0.017925340035457704,1.2433908581204514,0,,,,0.0,2025-08-22,1
pw_malacca_strait_n_total_z,wti,0.0,,0.0,0.0,0.0,0,,,,0.0,2025-08-22,1
pw_malacca_strait_n_total_z,brent,0.0,,0.002072747952399204,0.0,0.0,0,,,,0.0,2025-08-22,1
pw_panama_canal_capacity_z,audusd,0.0,,1.1878758080459254e-05,0.0,0.0,0,,,,0.0,2025-08-22,1
pw_panama_canal_capacity_z,brlusd,0.0,,0.0,0.0,0.0,0,,,,0.0,2025-08-22,1
pw_panama_canal_capacity_z,cnyusd,0.0,,0.0011793273498033141,0.0,0.0,0,,,,0.0,2025-08-22,1
pw_panama_canal_capacity_z,krwusd,0.0,,0.0021722234331173814,0.0,0.0,0,,,,0.0,2025-08-22,1
pw_panama_canal_capacity_z,eurusd,0.0,,0.0,0.0,0.0,0,,,,0.0,2025-08-22,1
pw_panama_canal_capacity_z,sp500,0.0,,0.006518607531539005,0.0,0.0,0,,,,0.0,2025-08-22,1
pw_panama_canal_capacity_z,vix,0.0,,0.008576936715161453,0.0,0.0,0,,,,0.0,2025-08-22,1
pw_panama_canal_capacity_z,us2y,0.0,,0.0,0.0,0.0,0,,,,0.0,2025-08-22,1
pw_panama_canal_capacity_z,us10y,0.0,,0.0,0.0,0.0,0,,,,0.0,2025-08-22,1
pw_panama_canal_capacity_z,wti,0.0,,0.0,0.0,0.0,0,,,,0.0,2025-08-22,1
pw_panama_canal_capacity_z,brent,0.0,,3.936567841568346e-05,0.0,0.0,0,,,,0.0,2025-08-22,1
pw_panama_canal_capacity_z,henry_hub,0.0,,0.0023449279181913516,0.0,0.0,0,,,,0.0,2025-08-22,1
pw_panama_canal_n_total_z,audusd,0.0,,0.0021587855490654492,0.00033795766490744974,0.1565499014266394,0,,,,0.0,2025-08-22,1
pw_panama_canal_n_total_z,brlusd,0.0,,0.0,0.0,0.0,0,,,,0.0,2025-08-22,1
pw_panama_canal_n_total_z,cnyusd,0.0,,1.578640403048375e-05,0.0,0.0,0,,,,0.0,2025-08-22,1
pw_panama_canal_n_total_z,krwusd,0.0,,0.0,0.0,0.0,0,,,,0.0,2025-08-22,1
pw_panama_canal_n_total_z,eurusd,0.0,,2.44297826700107e-05,0.0,0.0,0,,,,0.0,2025-08-22,1
pw_panama_canal_n_total_z,sp500,0.0,,0.00044943628931856655,0.0,0.0,0,,,,0.0,2025-08-22,1
pw_panama_canal_n_total_z,vix,0.0,,0.0,0.0,0.0,0,,,,0.0,2025-08-22,1
pw_panama_canal_n_total_z,us2y,0.0,,0.0005084338264059396,0.0,0.0,0,,,,0.0,2025-08-22,1
pw_panama_canal_n_total_z,us10y,0.0,,0.0005402476199459651,0.0,0.0,0,,,,0.0,2025-08-22,1
pw_panama_canal_n_total_z,wti,0.0,,0.0,0.0,0.0,0,,,,0.0,2025-08-22,1
pw_panama_canal_n_total_z,brent,0.0,,4.79042111591232e-05,0.0,0.0,0,,,,0.0,2025-08-22,1
pw_strait_of_hormuz_capacity_z,audusd,0.0,,0.009816922133497103,0.008758495069535077,0.892183410485606,0,,,,0.0,2025-08-22,1
pw_strait_of_hormuz_capacity_z,brlusd,0.0,,0.0,0.0,0.0,0,,,,0.0,2025-08-22,1
pw_strait_of_hormuz_capacity_z,cnyusd,0.0,,0.0,0.0,0.0,0,,,,0.0,2025-08-22,1
pw_strait_of_hormuz_capacity_z,krwusd,0.0,,0.005575097407021433,0.01307211527645461,2.344733073182044,0,,,,0.0,2025-08-22,1
pw_strait_of_hormuz_capacity_z,eurusd,0.0,,0.0026367310573957446,0.006632408677229308,2.5153906609572942,0,,,,0.0,2025-08-22,1
pw_strait_of_hormuz_capacity_z,sp500,0.0,,0.0,0.0,0.0,0,,,,0.0,2025-08-22,1
pw_strait_of_hormuz_capacity_z,vix,0.0,,0.007410734715482134,0.005287382564611766,0.7134761622981366,0,,,,0.0,2025-08-22,1
pw_strait_of_hormuz_capacity_z,us2y,0.0,,0.0002505837643384472,0.0,0.0,0,,,,0.0,2025-08-22,1
pw_strait_of_hormuz_capacity_z,us10y,0.0,,0.000548138404444255,0.0,0.0,0,,,,0.0,2025-08-22,1
pw_strait_of_hormuz_capacity_z,wti,0.0,,0.01391894733410666,0.011061880021942359,0.7947353888491688,0,,,,0.0,2025-08-22,1
pw_strait_of_hormuz_capacity_z,henry_hub,0.0,,0.0012597651183208596,0.0,0.0,0,,,,0.0,2025-08-22,1
pw_strait_of_hormuz_n_total_z,audusd,0.0,,0.00013800994507936996,0.0,0.0,0,,,,0.0,2025-08-22,1
pw_strait_of_hormuz_n_total_z,brlusd,0.0,,0.012729903325304772,0.010689188428993957,0.8396912494807216,0,,,,0.0,2025-08-22,1
pw_strait_of_hormuz_n_total_z,cnyusd,0.0,,0.0,0.0,0.0,0,,,,0.0,2025-08-22,1
pw_strait_of_hormuz_n_total_z,krwusd,0.0,,0.00031660739693431154,0.0,0.0,0,,,,0.0,2025-08-22,1
pw_strait_of_hormuz_n_total_z,eurusd,0.0,,0.0,0.0,0.0,0,,,,0.0,2025-08-22,1
pw_strait_of_hormuz_n_total_z,sp500,0.0,,0.0,0.0,0.0,0,,,,0.0,2025-08-22,1
pw_strait_of_hormuz_n_total_z,vix,0.0,,0.0,0.0,0.0,0,,,,0.0,2025-08-22,1
pw_strait_of_hormuz_n_total_z,us2y,0.0,,0.0,0.0,0.0,0,,,,0.0,2025-08-22,1
pw_strait_of_hormuz_n_total_z,us10y,0.0,,0.008054581169511785,0.006514127890657492,0.8087481836193768,0,,,,0.0,2025-08-22,1
pw_strait_of_hormuz_n_total_z,wti,0.0,,0.0,0.0,0.0,0,,,,0.0,2025-08-22,1
pw_strait_of_hormuz_n_total_z,brent,0.0,,0.000881209369541264,0.004717898766412566,5.353890833989417,0,,,,0.0,2025-08-22,1
pw_strait_of_hormuz_n_total_z,henry_hub,0.0,,0.0025294943631442167,0.004357422842171911,1.722645800544714,0,,,,0.0,2025-08-22,1
pw_suez_canal_capacity_z,audusd,0.0,,0.0,0.0,0.0,0,,,,0.0,2025-08-22,1
pw_suez_canal_capacity_z,cnyusd,0.0,,0.0,0.0,0.0,0,,,,0.0,2025-08-22,1
pw_suez_canal_capacity_z,krwusd,0.0,,0.0,0.0,0.0,0,,,,0.0,2025-08-22,1
pw_suez_canal_capacity_z,eurusd,0.0,,0.00031158722688854294,0.0,0.0,0,,,,0.0,2025-08-22,1
pw_suez_canal_capacity_z,sp500,0.0,,0.0,0.0,0.0,0,,,,0.0,2025-08-22,1
pw_suez_canal_capacity_z,vix,0.0,,0.0,0.0,0.0,0,,,,0.0,2025-08-22,1
pw_suez_canal_capacity_z,us2y,0.0,,0.0,0.0,0.0,0,,,,0.0,2025-08-22,1
pw_suez_canal_capacity_z,us10y,0.0,,0.0008027239204192129,0.0,0.0,0,,,,0.0,2025-08-22,1
pw_suez_canal_capacity_z,wti,0.0,,2.510593089748851e-05,0.0,0.0,0,,,,0.0,2025-08-22,1
pw_suez_canal_capacity_z,brent,0.0,,0.0,0.0,0.0,0,,,,0.0,2025-08-22,1
pw_suez_canal_capacity_z,henry_hub,0.0,,0.0,0.0,0.0,0,,,,0.0,2025-08-22,1
pw_suez_canal_n_total_z,audusd,0.0,,3.207816208895802e-05,0.0,0.0,0,,,,0.0,2025-08-22,1
pw_suez_canal_n_total_z,brlusd,0.0,,0.0,0.0,0.0,0,,,,0.0,2025-08-22,1
pw_suez_canal_n_total_z,cnyusd,0.0,,0.0,0.0,0.0,0,,,,0.0,2025-08-22,1
pw_suez_canal_n_total_z,krwusd,0.0,,0.0,0.0,0.0,0,,,,0.0,2025-08-22,1
pw_suez_canal_n_total_z,eurusd,0.0,,0.0,0.0,0.0,0,,,,0.0,2025-08-22,1
pw_suez_canal_n_total_z,sp500,0.0,,0.0,0.0,0.0,0,,,,0.0,2025-08-22,1
pw_suez_canal_n_total_z,vix,0.0,,0.0014684348943291253,0.0,0.0,0,,,,0.0,2025-08-22,1
pw_suez_canal_n_total_z,us2y,0.0,,0.0,0.0,0.0,0,,,,0.0,2025-08-22,1
pw_suez_canal_n_total_z,us10y,0.0,,0.0,0.0,0.0,0,,,,0.0,2025-08-22,1
pw_suez_canal_n_total_z,wti,0.0,,0.0008366753509793312,0.0,0.0,0,,,,0.0,2025-08-22,1
pw_suez_canal_n_total_z,brent,0.0,,0.006100959894742474,0.0,0.0,0,,,,0.0,2025-08-22,1
wti,brent,1.0,1.0,0.38060001089121764,0.3677057434494669,0.9661212110542052,500,3.812200961361121e-05,0.5091123358737162,1.685972592723358,0.664099705948905,2025-09-25,1
sp500,audusd,1.0,1.0,0.198866667521031,0.2067744750499243,1.0397643688983575,500,4.321050790951849e-06,0.5246005627149846,1.499617801471987,0.6350349314403329,2025-09-25,1
audusd,wti,0.8628549668311013,1.0,0.06477119415564857,0.06835447467174464,1.0553221314321497,440,0.023209708693133328,0.5636316440678774,1.5149936956807508,0.5518821981045051,2025-09-25,1
sp500,brlusd,1.0,1.0,0.07934546789601721,0.08567173821469902,1.0797307078328964,500,7.107472608088489e-07,0.5032832963864443,0.8312942648311241,0.3932570514959171,2025-09-25,1
sp500,eurusd,1.0,1.0,0.14473125655262675,0.1436105985767532,0.9922569733548464,500,5.405225687478742e-07,0.5068179310391702,0.790039070785231,0.3727705436424927,2025-09-25,1
eurusd,wti,1.0,1.0,0.09095545277310324,0.09177195761387627,1.0089769751661826,500,0.027638513613273668,0.537257966421954,0.7338309057167934,0.3512907497201275,2025-09-25,1
sp500,cnyusd,1.0,1.0,0.10369813894135857,0.10519358965410146,1.0144211914313002,500,4.095934902065357e-08,0.5127653997086187,0.7229093528960421,0.3464947087951065,2025-09-25,1
eurusd,sp500,1.0,1.0,0.08945917531089204,0.09682840232830903,1.0823753068570905,500,9.146606927713279e-07,0.4935087684411616,0.5014741442772309,0.24561139597904993,2025-09-25,1
us2y,cnyusd,1.0,1.0,0.11023724799196262,0.11013478710391825,0.999070542036283,500,3.476444902313774e-08,0.48516386326066385,0.4845827813818773,0.23743799872018395,2025-09-25,1
sp500,krwusd,1.0,1.0,0.21623542285778394,0.20724655181571916,0.9584301641087886,500,6.168922991531016e-07,0.4608679012385828,0.4778686405395978,0.22474125239314977,2025-09-25,1
audusd,eurusd,0.9943210079747142,0.5837066704302138,0.06847711871952371,0.07727715855951114,1.128510661729674,480,1.374660046650748e-07,0.5394827546036136,0.6975083297563182,0.19458808286940343,2025-09-25,1
eurusd,audusd,0.6391569755394251,0.9911148712403662,0.055345085089850574,0.06749051539228165,1.2194491215021794,160,1.6556479523035176e-07,0.5162756422077563,0.5607186944305957,0.17309002412893187,2025-09-25,1
pw_cape_of_good_hope_capacity_z,henry_hub,0.34816705703207973,1.0,0.04304437893667637,0.02799268698833618,0.6503215444115689,360,0.00017546136719676433,0.546468177601362,1.7580883121638529,0.1598393478689286,2025-09-25,1
cnyusd,us10y,1.0,1.0,0.06642953346574997,0.06362556863804242,0.9577903880786213,500,4.505603322248844e-06,0.4899823918756787,0.3045610165032695,0.14473575667022742,2025-09-25,1
vix,brlusd,0.9024057644836359,1.0,0.08424946794529833,0.07812888166039396,0.9273516327856413,460,4.5243970598384585e-07,0.5083278377015812,0.31896902080348705,0.1323440349067715,2025-09-25,1
brlusd,wti,1.0,1.0,0.06084318805086026,0.05408324433127007,0.8888956358772753,500,0.0032206456946613452,0.5334411987912498,0.29134382950020177,0.12857891864858742,2025-09-25,1
sp500,vix,0.9261956018971774,1.0,0.05523296357709865,0.05349882485798746,0.9686031926081508,480,0.02908977906294209,0.48875992347407826,0.2695795504105336,0.12019503391615795,2025-09-25,1
krwusd,cnyusd,0.6974401665561806,0.6845631248201729,0.04739573693417785,0.05293686608778496,1.116911973777357,160,9.608088892676566e-09,0.4574377440360865,0.2970132822713437,0.07038659960864417,2025-09-25,1
audusd,us2y,0.013772392571963466,1.0,0.014893386650035631,0.007707531608132449,0.5175136984786471,40,5.5893682214857504e-05,0.552466845489316,0.6254922979652148,0.002159127397248012,2025-09-25,1
pw_suez_canal_capacity_z,brlusd,0.030854898356875046,1.0,0.03711927468292889,0.03456321538319613,0.9311392983411854,80,8.179476256627035e-08,0.5582242768890886,0.130588647203311,0.001873258163577589,2025-09-25,1
brent,us10y,0.009225549762852822,1.0,0.042925352923181566,0.04309105141220675,1.0038601543782697,20,9.526109637754111e-06,0.3975981573018203,0.2345888552413923,0.0010771702074806925,2025-09-25,1
cnyusd,us2y,1.0,1.0,0.06470234419214128,0.05046063253988979,0.77988878409167,500,-1.8925608642826117e-05,0.42069756471413544,-0.7770698197029752,0.0,2025-09-25,1
eurusd,krwusd,1.0,1.0,0.15999702740150404,0.1319756233267153,0.8248629707071338,500,-1.0081074841516678e-06,0.46177988709145595,-1.2461959166016252,0.0,2025-09-25,1
us2y,krwusd,1.0,1.0,0.15411954883722148,0.13091454688876225,0.849435051403064,500,-7.501431567279731e-07,0.4782042205165305,-1.2953431710236427,0.0,2025-09-25,1
us2y,eurusd,1.0,0.9943210079747142,0.08098635138803019,0.05897205125423501,0.728172713593208,500,-2.695829206078655e-07,0.4411124812587873,-1.3894540028536628,0.0,2025-09-25,1
brent,brlusd,1.0,1.0,0.056174731262228765,0.050897749345710716,0.9060612877365694,500,-1.9606406426311696e-07,0.5018416929408764,-0.881190494339877,0.0,2025-09-25,1
brent,wti,1.0,1.0,0.07591493662899156,0.05801632533694902,0.7642280677975678,500,-0.01695267857151623,0.44468670001185334,-1.0847277139145155,0.0,2025-09-25,1
pw_panama_canal_n_total_z,henry_hub,1.0,1.0,0.24265326439857762,0.20534424314722335,0.8462455415803878,500,-5.290950424366713e-05,0.5132734588274548,-0.7892339911811108,0.0,2025-09-25,1
brent,vix,0.84450000737732,1.0,0.06812716123422884,0.06877382525620222,1.0094920147890807,440,-0.0029824434801313617,0.4867996088864095,-0.2933438911303607,0.0,2025-09-25,1
pw_malacca_strait_capacity_z,us2y,0.7224068383931302,1.0,0.05080788942944544,0.05047618512067522,0.9934714015383213,200,-1.074339945254088e-05,0.5085164935362121,-0.3104189908160971,0.0,2025-09-25,1
vix,audusd,0.6872419323135831,1.0,0.05964560289393275,0.0676739611140534,1.1346010071253265,340,-2.176561398419547e-07,0.5035449521333967,-0.5931580042012076,0.0,2025-09-25,1
eurusd,vix,0.5419401739335007,1.0,0.0615700560371184,0.07676418960362508,1.2467779720282646,100,-0.006333874947374011,0.553054295277859,-0.19862168319592668,0.0,2025-09-25,1
brlusd,us2y,0.45805982606649936,1.0,0.054007400737636796,0.04907036578519409,0.9085859551651747,400,-3.2844298511965336e-05,0.47533915048156505,-0.935609980979318,0.0,2025-09-25,1
wti,sp500,0.45805982606649936,1.0,0.05140129712882577,0.03879392804454929,0.7547266355423105,400,-3.7352148916243765e-07,0.47653290655791275,-0.5083529669425896,0.0,2025-09-25,1
brlusd,audusd,0.34816705703207973,0.8647473010856315,0.04359902914662282,0.029333522954555335,0.6728022052029456,360,-2.4706530461498844e-07,0.4646009874176552,-1.310442505700366,0.0,2025-09-25,1
brlusd,brent,0.2836045106236049,1.0,0.04825313896497163,0.04745852805755074,0.9835324514743441,280,-4.211647222941559e-06,0.45891100507657523,-1.277708768678796,0.0,2025-09-25,1
pw_cape_of_good_hope_n_total_z,henry_hub,0.25928835548562396,0.6395406756291061,0.047685692662020086,0.038979658723893855,0.8174288040685153,260,-8.978657676589763e-05,0.4874945552028618,-0.7772999451635214,0.0,2025-09-25,1
us10y,eurusd,0.22831186808086185,0.9158390659489277,0.03678545625964575,0.018358306490562613,0.4990642595536317,300,-8.020490592338166e-08,0.47342468080163946,-0.5115521853486391,0.0,2025-09-25,1
pw_bab_el_mandeb_strait_n_total_z,henry_hub,0.21591850165462328,1.0,0.03195495101008835,0.021700344326475336,0.679091772652833,200,-3.0022857267389276e-05,0.5204348386330875,-0.45694958732023827,0.0,2025-09-25,1
us10y,krwusd,0.2090969280082313,1.0,0.021445368590035808,0.00021587490093994785,0.010066271420499161,240,-2.1877647340652713e-07,0.43197748777599276,-0.993692179683967,0.0,2025-09-25,1
us2y,wti,0.1974002058445456,1.0,0.04282710290020541,0.03196063132533108,0.7462711498324998,280,-0.014120907735312301,0.45918688886356274,-0.6878765053746133,0.0,2025-09-25,1
us10y,us2y,0.1974002058445456,1.0,0.041952766013768836,0.033145615874881726,0.7900698577062448,280,-1.8103258094353645e-05,0.5089496683753805,-0.4390335674873201,0.0,2025-09-25,1
pw_cape_of_good_hope_capacity_z,brent,0.1974002058445456,1.0,0.050145208569219786,0.04676351873086112,0.9325620545841259,280,-1.1065877589067675e-05,0.38045969143121966,-2.201709290124808,0.0,2025-09-25,1
henry_hub,krwusd,0.17488518025705457,1.0,0.032593447287727596,0.018960101788394856,0.5817151411146958,160,-1.6762534007269397e-07,0.4681133454611046,-0.6405786902307202,0.0,2025-09-25,1
sp500,wti,0.1645620346142923,1.0,0.04163069431019516,0.03600338110559851,0.8648277839743224,240,-0.0039367844320504445,0.5202623829233483,-0.2842338212415528,0.0,2025-09-25,1
eurusd,us2y,0.15909148641220847,1.0,0.029114855429057517,0.006127950030709704,0.21047502865474724,240,-1.8797093511585316e-05,0.4731839691368939,-0.7293238725407805,0.0,2025-09-25,1
us10y,sp500,0.10762112969450434,1.0,0.041418381973156115,0.03804097947214342,0.9184564355217535,160,-1.288563298314475e-06,0.5106106426540943,-1.4287681847758522,0.0,2025-09-25,1
krwusd,us2y,0.10426843698251378,1.0,0.028330288315068397,0.01733273646584413,0.6118093918806022,200,-8.48096020579137e-06,0.5325201950507706,-0.15635574678328337,0.0,2025-09-25,1
henry_hub,cnyusd,0.08178770184708462,1.0,0.041403540658320984,0.03655945016355786,0.8830029891709372,140,-5.873776065020764e-08,0.59461895372365,-0.4590948140345447,0.0,2025-09-25,1
pw_suez_canal_n_total_z,henry_hub,0.05893996610861073,1.0,0.01334935969113735,0.0,0.0,140,0.0001136915660682016,0.5622340909004842,0.7553141850767684,0.0,2025-09-25,1
henry_hub,brlusd,0.04709053413666158,0.5799114645855681,0.010442055928117068,0.011195173589705404,1.0721235039127146,120,-2.306199469798468e-06,0.5154017189945581,-1.4854727841034778,0.0,2025-09-25,1
pw_strait_of_hormuz_capacity_z,brent,0.03906283225219203,1.0,0.035947447640027996,0.028258401954297338,0.7861031536167036,60,-5.185965165730869e-06,0.40217967225309986,-0.694802303607539,0.0,2025-09-25,1
us10y,cnyusd,0.036533890382160934,1.0,0.00965302655707098,0.0,0.0,100,3.637829599062987e-08,0.47796823527004156,0.3299882266022639,0.0,2025-09-25,1
pw_malacca_strait_n_total_z,henry_hub,0.030911662236316254,1.0,0.023737044453726746,0.01658172521628022,0.6985589654434367,20,-3.062691899390058e-05,0.3500464416515345,-0.7627869741194292,0.0,2025-09-25,1
audusd,sp500,0.01921494007263053,1.0,0.020769081798646408,0.009070640918941152,0.4367376953338552,60,-1.6194545141643408e-06,0.4527991300545023,-1.270206589273591,0.0,2025-09-25,1
us2y,us10y,0.01921494007263053,1.0,0.014061425193503934,0.00885915303540171,0.6300323696558469,60,-1.6465517229522622e-05,0.4995511033149796,-0.3615080398696989,0.0,2025-09-25,1
pw_cape_of_good_hope_n_total_z,brlusd,0.014904541788138706,1.0,0.01948932348769316,0.00990447114171831,0.5081998432614988,40,-1.7171219210588405e-06,0.33295839484824813,-1.369678978807214,0.0,2025-09-25,1
krwusd,vix,0.013772392571963466,1.0,0.01717495523474776,0.003690074629210309,0.21485206678994312,40,-0.05096883898372773,0.29938421909353263,-2.0392539999192287,0.0,2025-09-25,1
cnyusd,wti,0.009225549762852822,1.0,0.015592136330607366,0.00954004653440466,0.6118498666329352,20,-0.02635085571725612,0.4432619032366698,-1.2536483129621627,0.0,2025-09-25,1
audusd,vix,0.005678992025285884,1.0,0.016260194568114346,0.0,0.0,20,-0.11408765609220191,0.3523238476329137,-1.8520756717413667,0.0,2025-09-25,1
brlusd,cnyusd,0.005678992025285884,1.0,0.0180297357339444,0.008178124445135299,0.45359092145418567,20,-2.707672353711919e-09,0.503129747317165,-0.02698347389078007,0.0,2025-09-25,1
pw_bab_el_mandeb_strait_capacity_z,cnyusd,0.005678992025285884,1.0,0.00740230027655069,0.0,0.0,20,-8.052518251198797e-07,0.2983218135203557,-2.255604270227381,0.0,2025-09-25,1
pw_bab_el_mandeb_strait_n_total_z,cnyusd,0.005678992025285884,1.0,0.014109853723513033,0.007007425919858969,0.49663349154226943,20,-6.296462030138997e-07,0.2507153160886358,-2.7206532902336558,0.0,2025-09-25,1
audusd,brlusd,0.0,,0.0053580204039138405,0.0084528075175342,1.5775989787869655,0,,,,0.0,2025-09-25,1
audusd,cnyusd,0.0,,0.001137504129222462,0.0,0.0,0,,,,0.0,2025-09-25,1
audusd,krwusd,0.0,,0.01997489000309014,0.03271448600580671,1.6377805334970925,0,,,,0.0,2025-09-25,1
audusd,us10y,0.0,,0.005632285292844697,0.008514390470223693,1.5117115038615758,0,,,,0.0,2025-09-25,1
audusd,brent,0.0,,0.0013016387035291914,0.00023089463594788616,0.17738765397944237,0,,,,0.0,2025-09-25,1
audusd,henry_hub,0.0,,0.014589538679722295,0.015585805539501679,1.0682863853100493,0,,,,0.0,2025-09-25,1
brlusd,krwusd,0.0,,0.015934502278808365,0.01833646375946506,1.1507396615613854,0,,,,0.0,2025-09-25,1
brlusd,eurusd,0.0,,0.005968341491170318,0.0,0.0,0,,,,0.0,2025-09-25,1
brlusd,sp500,0.0,,0.01414995006633899,0.024910730626294664,1.760481875166066,0,,,,0.0,2025-09-25,1
brlusd,vix,0.0,,0.015120720143051861,0.028007593661120583,1.8522658574558952,0,,,,0.0,2025-09-25,1
brlusd,us10y,0.0,,0.024882380622983976,0.021108512703167437,0.8483317180539148,0,,,,0.0,2025-09-25,1
brlusd,henry_hub,0.0,,0.0033503050638441804,0.0,0.0,0,,,,0.0,2025-09-25,1
cnyusd,audusd,0.0,,0.009030997151091801,0.005032786008295926,0.5572791048536083,0,,,,0.0,2025-09-25,1
cnyusd,brlusd,0.0,,0.02532697148800802,0.027726544382761183,1.0947437752630365,0,,,,0.0,2025-09-25,1
cnyusd,krwusd,0.0,,0.0020910282601391463,0.0,0.0,0,,,,0.0,2025-09-25,1
cnyusd,eurusd,0.0,,0.005093869590526081,0.0,0.0,0,,,,0.0,2025-09-25,1
cnyusd,sp500,0.0,,0.005393993285062484,0.004942589996606704,0.916313709602523,0,,,,0.0,2025-09-25,1
cnyusd,vix,0.0,,0.015598024257584985,0.01582341140894085,1.014449724377513,0,,,,0.0,2025-09-25,1
cnyusd,brent,0.0,,0.0,0.0,0.0,0,,,,0.0,2025-09-25,1
cnyusd,henry_hub,0.0,,0.002788834312944167,0.0,0.0,0,,,,0.0,2025-09-25,1
krwusd,audusd,0.0,,0.008716118916520662,0.0,0.0,0,,,,0.0,2025-09-25,1
krwusd,brlusd,0.0,,2.1726076746325484e-06,0.0,0.0,0,,,,0.0,2025-09-25,1
krwusd,eurusd,0.0,,0.016616586418171563,0.01193167035520484,0.7180578522527712,0,,,,0.0,2025-09-25,1
krwusd,sp500,0.0,,0.01053057757276395,0.0,0.0,0,,,,0.0,2025-09-25,1
krwusd,us10y,0.0,,0.002550630516286167,0.0,0.0,0,,,,0.0,2025-09-25,1
krwusd,wti,0.0,,0.0001430850306918884,0.0,0.0,0,,,,0.0,2025-09-25,1
krwusd,brent,0.0,,0.0004320538576813546,0.0,0.0,0,,,,0.0,2025-09-25,1
krwusd,henry_hub,0.0,,0.0013412248655463434,0.0,0.0,0,,,,0.0,2025-09-25,1
eurusd,brlusd,0.0,,0.020076046755426995,0.02581005367652568,1.2856143438472845,0,,,,0.0,2025-09-25,1
eurusd,cnyusd,0.0,,0.0011274555638435503,0.0,0.0,0,,,,0.0,2025-09-25,1
eurusd,us10y,0.0,,0.011199984869598353,0.001207650469047819,0.10782608040176103,0,,,,0.0,2025-09-25,1
eurusd,brent,0.0,,0.03262552412609884,0.03276685413055958,1.0043318845672637,0,,,,0.0,2025-09-25,1
eurusd,henry_hub,0.0,,0.005911107345161851,0.0,0.0,0,,,,0.0,2025-09-25,1
sp500,us2y,0.0,,0.0013101271133968012,0.0,0.0,0,,,,0.0,2025-09-25,1
sp500,us10y,0.0,,0.01310520195456901,0.015253213877152444,1.1639052896727433,0,,,,0.0,2025-09-25,1
sp500,brent,0.0,,0.009511111624554624,0.0,0.0,0,,,,0.0,2025-09-25,1
sp500,henry_hub,0.0,,0.00023640228228830946,0.0,0.0,0,,,,0.0,2025-09-25,1
vix,cnyusd,0.0,,0.0,0.0,0.0,0,,,,0.0,2025-09-25,1
vix,krwusd,0.0,,0.006574153238874089,0.016672962397723392,2.536138388003085,0,,,,0.0,2025-09-25,1
vix,eurusd,0.0,,0.00258520641279738,0.0,0.0,0,,,,0.0,2025-09-25,1
vix,sp500,0.0,,0.009356399247005943,0.0020050032015851353,0.21429218106813241,0,,,,0.0,2025-09-25,1
vix,us2y,0.0,,0.016085213111192025,0.022276241756858696,1.3848894386956538,0,,,,0.0,2025-09-25,1
vix,us10y,0.0,,0.012652747095284515,0.021602065754021803,1.7073024214696082,0,,,,0.0,2025-09-25,1
vix,wti,0.0,,2.524564351875402e-05,0.0,0.0,0,,,,0.0,2025-09-25,1
vix,brent,0.0,,7.678264391771868e-05,0.0,0.0,0,,,,0.0,2025-09-25,1
vix,henry_hub,0.0,,0.023173238133280767,0.022284019552825177,0.961627348955668,0,,,,0.0,2025-09-25,1
us2y,audusd,0.0,,0.02651485107842161,0.0136498758377379,0.5148011503955412,0,,,,0.0,2025-09-25,1
us2y,brlusd,0.0,,0.01779711499585802,0.03001534343223411,1.6865285996758281,0,,,,0.0,2025-09-25,1
us2y,sp500,0.0,,0.009761255628744003,0.0045264463733754624,0.4637155859381881,0,,,,0.0,2025-09-25,1
us2y,vix,0.0,,0.0005784489434659547,0.0,0.0,0,,,,0.0,2025-09-25,1
us2y,brent,0.0,,0.002867746426784551,0.00018583157325004814,0.06480055960122355,0,,,,0.0,2025-09-25,1
us2y,henry_hub,0.0,,0.012213001824667108,0.007876790719252107,0.6449512439556854,0,,,,0.0,2025-09-25,1
us10y,audusd,0.0,,0.0042582104368189,0.0,0.0,0,,,,0.0,2025-09-25,1
us10y,brlusd,0.0,,0.0071165534556844245,0.0029168139748929666,0.4098632846723198,0,,,,0.0,2025-09-25,1
us10y,vix,0.0,,0.027838533040525585,0.02489880545873291,0.8944007725725631,0,,,,0.0,2025-09-25,1
us10y,wti,0.0,,0.0011112723942343977,0.0,0.0,0,,,,0.0,2025-09-25,1
us10y,brent,0.0,,0.006695431829311681,0.0,0.0,0,,,,0.0,2025-09-25,1
us10y,henry_hub,0.0,,0.0,0.0,0.0,0,,,,0.0,2025-09-25,1
wti,audusd,0.0,,0.024464882055851622,0.02340542992494939,0.9566949830993022,0,,,,0.0,2025-09-25,1
wti,brlusd,0.0,,0.01623334886126956,0.011524432118198428,0.7099232707118165,0,,,,0.0,2025-09-25,1
wti,cnyusd,0.0,,0.01071212651092501,0.00872583152865434,0.8145751004485524,0,,,,0.0,2025-09-25,1
wti,krwusd,0.0,,0.0,0.0,0.0,0,,,,0.0,2025-09-25,1
wti,eurusd,0.0,,2.531339836468211e-05,0.0,0.0,0,,,,0.0,2025-09-25,1
wti,vix,0.0,,0.02185259017686373,0.008287278601889918,0.3792355292812847,0,,,,0.0,2025-09-25,1
wti,us2y,0.0,,0.0010238404039314677,0.0005183876243658118,0.5063168266999852,0,,,,0.0,2025-09-25,1
wti,us10y,0.0,,0.01410957413577911,0.012109219585823762,0.8582271491183535,0,,,,0.0,2025-09-25,1
wti,henry_hub,0.0,,7.088167661771468e-05,0.0,0.0,0,,,,0.0,2025-09-25,1
brent,audusd,0.0,,0.011571391449794253,0.006256703175911642,0.5407044782002333,0,,,,0.0,2025-09-25,1
brent,cnyusd,0.0,,0.01366504742673984,0.01219814787448378,0.8926531678634629,0,,,,0.0,2025-09-25,1
brent,krwusd,0.0,,0.009309607816935336,0.008651135048369993,0.9292695480289191,0,,,,0.0,2025-09-25,1
brent,eurusd,0.0,,0.006207082039042176,0.0014244999609818038,0.229495913220058,0,,,,0.0,2025-09-25,1
brent,sp500,0.0,,0.026836676417379992,0.03156479820495929,1.1761813465290831,0,,,,0.0,2025-09-25,1
brent,us2y,0.0,,0.0,0.0,0.0,0,,,,0.0,2025-09-25,1
brent,henry_hub,0.0,,4.3644600047851336e-05,0.0,0.0,0,,,,0.0,2025-09-25,1
henry_hub,audusd,0.0,,0.0010561797802139626,0.0,0.0,0,,,,0.0,2025-09-25,1
henry_hub,eurusd,0.0,,2.6980400813195895e-05,0.0,0.0,0,,,,0.0,2025-09-25,1
henry_hub,sp500,0.0,,0.0029259858817948835,0.0033646225518968315,1.1499107267848045,0,,,,0.0,2025-09-25,1
henry_hub,vix,0.0,,0.012893557979935192,0.01103503152915134,0.8558561993767686,0,,,,0.0,2025-09-25,1
henry_hub,us2y,0.0,,0.013306438004217129,0.010146313201819341,0.7625115901493497,0,,,,0.0,2025-09-25,1
henry_hub,us10y,0.0,,9.900603855846308e-06,0.0,0.0,0,,,,0.0,2025-09-25,1
henry_hub,wti,0.0,,0.0005815296197846515,0.0,0.0,0,,,,0.0,2025-09-25,1
henry_hub,brent,0.0,,0.0011872979564448622,0.0,0.0,0,,,,0.0,2025-09-25,1
pw_bab_el_mandeb_strait_capacity_z,audusd,0.0,,0.001327445406011508,0.0,0.0,0,,,,0.0,2025-09-25,1
pw_bab_el_mandeb_strait_capacity_z,brlusd,0.0,,0.00034220699571155824,0.0,0.0,0,,,,0.0,2025-09-25,1
pw_bab_el_mandeb_strait_capacity_z,krwusd,0.0,,1.25516779880944e-05,0.0,0.0,0,,,,0.0,2025-09-25,1
pw_bab_el_mandeb_strait_capacity_z,eurusd,0.0,,0.007248209650915201,0.01092378361874621,1.5071009455923932,0,,,,0.0,2025-09-25,1
pw_bab_el_mandeb_strait_capacity_z,sp500,0.0,,0.0006149333480712639,0.0,0.0,0,,,,0.0,2025-09-25,1
pw_bab_el_mandeb_strait_capacity_z,vix,0.0,,3.689770850883901e-05,0.0,0.0,0,,,,0.0,2025-09-25,1
pw_bab_el_mandeb_strait_capacity_z,us2y,0.0,,8.287558876318275e-05,0.0,0.0,0,,,,0.0,2025-09-25,1
pw_bab_el_mandeb_strait_capacity_z,us10y,0.0,,0.0,0.0,0.0,0,,,,0.0,2025-09-25,1
pw_bab_el_mandeb_strait_capacity_z,wti,0.0,,0.0,0.0,0.0,0,,,,0.0,2025-09-25,1
pw_bab_el_mandeb_strait_capacity_z,brent,0.0,,0.0,0.0,0.0,0,,,,0.0,2025-09-25,1
pw_bab_el_mandeb_strait_capacity_z,henry_hub,0.0,,0.02311445068876481,0.016240094191664372,0.7025948576644375,0,,,,0.0,2025-09-25,1
pw_bab_el_mandeb_strait_n_total_z,audusd,0.0,,0.0006320785795048687,0.0,0.0,0,,,,0.0,2025-09-25,1
pw_bab_el_mandeb_strait_n_total_z,brlusd,0.0,,0.002215586844304564,0.0,0.0,0,,,,0.0,2025-09-25,1
pw_bab_el_mandeb_strait_n_total_z,krwusd,0.0,,3.175992915519863e-05,0.0,0.0,0,,,,0.0,2025-09-25,1
pw_bab_el_mandeb_strait_n_total_z,eurusd,0.0,,0.00016207492611483766,0.0,0.0,0,,,,0.0,2025-09-25,1
pw_bab_el_mandeb_strait_n_total_z,sp500,0.0,,0.007269491852320448,0.004637864308462087,0.6379901652935568,0,,,,0.0,2025-09-25,1
pw_bab_el_mandeb_strait_n_total_z,vix,0.0,,0.0,0.0,0.0,0,,,,0.0,2025-09-25,1
pw_bab_el_mandeb_strait_n_total_z,us2y,0.0,,0.0,0.0,0.0,0,,,,0.0,2025-09-25,1
pw_bab_el_mandeb_strait_n_total_z,us10y,0.0,,0.010809827787004381,0.01605179516487203,1.484926076636444,0,,,,0.0,2025-09-25,1
pw_bab_el_mandeb_strait_n_total_z,wti,0.0,,0.0,0.0,0.0,0,,,,0.0,2025-09-25,1
pw_bab_el_mandeb_strait_n_total_z,brent,0.0,,0.0006781630418429146,0.0,0.0,0,,,,0.0,2025-09-25,1
pw_cape_of_good_hope_capacity_z,audusd,0.0,,4.172225094115519e-05,0.0,0.0,0,,,,0.0,2025-09-25,1
pw_cape_of_good_hope_capacity_z,brlusd,0.0,,0.0001622690806121133,0.0,0.0,0,,,,0.0,2025-09-25,1
pw_cape_of_good_hope_capacity_z,cnyusd,0.0,,0.0056206963106877955,0.0,0.0,0,,,,0.0,2025-09-25,1
pw_cape_of_good_hope_capacity_z,krwusd,0.0,,3.6400049949685166e-05,0.0,0.0,0,,,,0.0,2025-09-25,1
pw_cape_of_good_hope_capacity_z,eurusd,0.0,,0.0005556486248894294,0.0,0.0,0,,,,0.0,2025-09-25,1
pw_cape_of_good_hope_capacity_z,sp500,0.0,,0.013080583735929609,0.009311269239136244,0.7118389688955661,0,,,,0.0,2025-09-25,1
pw_cape_of_good_hope_capacity_z,vix,0.0,,0.006881045970737178,0.0,0.0,0,,,,0.0,2025-09-25,1
pw_cape_of_good_hope_capacity_z,us2y,0.0,,0.0014975324057875578,0.004163704275156619,2.780376744479804,0,,,,0.0,2025-09-25,1
pw_cape_of_good_hope_capacity_z,us10y,0.0,,0.0025579689165847463,0.00028405737312859605,0.11104801598130958,0,,,,0.0,2025-09-25,1
pw_cape_of_good_hope_capacity_z,wti,0.0,,0.009805487866398512,0.010211213492043333,1.0413774032636525,0,,,,0.0,2025-09-25,1
pw_cape_of_good_hope_n_total_z,audusd,0.0,,0.00018984846623045103,0.0,0.0,0,,,,0.0,2025-09-25,1
pw_cape_of_good_hope_n_total_z,cnyusd,0.0,,3.763023311742015e-05,0.0,0.0,0,,,,0.0,2025-09-25,1
pw_cape_of_good_hope_n_total_z,krwusd,0.0,,1.145453085860306e-06,0.0,0.0,0,,,,0.0,2025-09-25,1
pw_cape_of_good_hope_n_total_z,eurusd,0.0,,0.0019662936069961643,0.0,0.0,0,,,,0.0,2025-09-25,1
pw_cape_of_good_hope_n_total_z,sp500,0.0,,3.264279511023344e-06,0.0,0.0,0,,,,0.0,2025-09-25,1
pw_cape_of_good_hope_n_total_z,vix,0.0,,0.0,0.0,0.0,0,,,,0.0,2025-09-25,1
pw_cape_of_good_hope_n_total_z,us2y,0.0,,0.0024527625648768057,0.006244206629479047,2.545785197024431,0,,,,0.0,2025-09-25,1
pw_cape_of_good_hope_n_total_z,us10y,0.0,,0.012735978870707864,0.004005249850754553,0.3144830791111341,0,,,,0.0,2025-09-25,1
pw_cape_of_good_hope_n_total_z,wti,0.0,,0.0002787782284769926,0.0,0.0,0,,,,0.0,2025-09-25,1
pw_cape_of_good_hope_n_total_z,brent,0.0,,0.0003053212053516834,0.0,0.0,0,,,,0.0,2025-09-25,1
pw_malacca_strait_capacity_z,audusd,0.0,,0.0,0.0,0.0,0,,,,0.0,2025-09-25,1
pw_malacca_strait_capacity_z,brlusd,0.0,,0.01001825333007536,0.016938120397270884,1.6907259019315966,0,,,,0.0,2025-09-25,1
pw_malacca_strait_capacity_z,cnyusd,0.0,,0.0002419857187748026,0.0,0.0,0,,,,0.0,2025-09-25,1
pw_malacca_strait_capacity_z,krwusd,0.0,,0.0063219188193622345,0.00020076114364357914,0.03175636217103975,0,,,,0.0,2025-09-25,1
pw_malacca_strait_capacity_z,eurusd,0.0,,7.238347110866003e-05,0.0,0.0,0,,,,0.0,2025-09-25,1
pw_malacca_strait_capacity_z,sp500,0.0,,0.0,0.0,0.0,0,,,,0.0,2025-09-25,1
pw_malacca_strait_capacity_z,vix,0.0,,0.00011245576144341889,0.0,0.0,0,,,,0.0,2025-09-25,1
pw_malacca_strait_capacity_z,us10y,0.0,,0.0,0.0,0.0,0,,,,0.0,2025-09-25,1
pw_malacca_strait_capacity_z,wti,0.0,,0.0,0.0,0.0,0,,,,0.0,2025-09-25,1
pw_malacca_strait_capacity_z,brent,0.0,,0.0,0.0,0.0,0,,,,0.0,2025-09-25,1
pw_malacca_strait_capacity_z,henry_hub,0.0,,0.0,0.0,0.0,0,,,,0.0,2025-09-25,1
pw_malacca_strait_n_total_z,audusd,0.0,,0.0018301003037875484,0.0,0.0,0,,,,0.0,2025-09-25,1
pw_malacca_strait_n_total_z,brlusd,0.0,,0.0006622306373283575,0.001614242260854533,2.437583177013501,0,,,,0.0,2025-09-25,1
pw_malacca_strait_n_total_z,cnyusd,0.0,,0.006823450616687656,0.0,0.0,0,,,,0.0,2025-09-25,1
pw_malacca_strait_n_total_z,krwusd,0.0,,0.0,0.0,0.0,0,,,,0.0,2025-09-25,1
pw_malacca_strait_n_total_z,eurusd,0.0,,0.012775782250182832,0.0024579659120357793,0.19239259592113067,0,,,,0.0,2025-09-25,1
pw_malacca_strait_n_total_z,sp500,0.0,,0.003398474407359437,0.0,0.0,0,,,,0.0,2025-09-25,1
pw_malacca_strait_n_total_z,vix,0.0,,0.0,0.0,0.0,0,,,,0.0,2025-09-25,1
pw_malacca_strait_n_total_z,us2y,0.0,,0.00017328689101521997,0.0,0.0,0,,,,0.0,2025-09-25,1
pw_malacca_strait_n_total_z,us10y,0.0,,0.014731527716980023,0.017044042161202866,1.1569772320054332,0,,,,0.0,2025-09-25,1
pw_malacca_strait_n_total_z,wti,0.0,,0.0,0.0,0.0,0,,,,0.0,2025-09-25,1
pw_malacca_strait_n_total_z,brent,0.0,,0.0018242345962283329,0.0,0.0,0,,,,0.0,2025-09-25,1
pw_panama_canal_capacity_z,audusd,0.0,,1.0454547271663226e-05,0.0,0.0,0,,,,0.0,2025-09-25,1
pw_panama_canal_capacity_z,brlusd,0.0,,0.0,0.0,0.0,0,,,,0.0,2025-09-25,1
pw_panama_canal_capacity_z,cnyusd,0.0,,0.0010379311914404594,0.0,0.0,0,,,,0.0,2025-09-25,1
pw_panama_canal_capacity_z,krwusd,0.0,,0.0019117834046555693,0.0,0.0,0,,,,0.0,2025-09-25,1
pw_panama_canal_capacity_z,eurusd,0.0,,0.0,0.0,0.0,0,,,,0.0,2025-09-25,1
pw_panama_canal_capacity_z,sp500,0.0,,0.005737055180541206,0.0,0.0,0,,,,0.0,2025-09-25,1
pw_panama_canal_capacity_z,vix,0.0,,0.007548599754904058,0.0,0.0,0,,,,0.0,2025-09-25,1
pw_panama_canal_capacity_z,us2y,0.0,,0.0,0.0,0.0,0,,,,0.0,2025-09-25,1
pw_panama_canal_capacity_z,us10y,0.0,,0.0,0.0,0.0,0,,,,0.0,2025-09-25,1
pw_panama_canal_capacity_z,wti,0.0,,0.0,0.0,0.0,0,,,,0.0,2025-09-25,1
pw_panama_canal_capacity_z,brent,0.0,,3.4645906843987535e-05,0.0,0.0,0,,,,0.0,2025-09-25,1
pw_panama_canal_capacity_z,henry_hub,0.0,,0.0020637813821381,0.0,0.0,0,,,,0.0,2025-09-25,1
pw_panama_canal_n_total_z,audusd,0.0,,0.0021635451729845674,0.002198483619561744,1.0161487021456455,0,,,,0.0,2025-09-25,1
pw_panama_canal_n_total_z,brlusd,0.0,,0.0,0.0,0.0,0,,,,0.0,2025-09-25,1
pw_panama_canal_n_total_z,cnyusd,0.0,,1.3893683672012836e-05,0.0,0.0,0,,,,0.0,2025-09-25,1
pw_panama_canal_n_total_z,krwusd,0.0,,0.0,0.0,0.0,0,,,,0.0,2025-09-25,1
pw_panama_canal_n_total_z,eurusd,0.0,,2.1500759256999002e-05,0.0,0.0,0,,,,0.0,2025-09-25,1
pw_panama_canal_n_total_z,sp500,0.0,,0.0003955508564494821,0.0,0.0,0,,,,0.0,2025-09-25,1
pw_panama_canal_n_total_z,vix,0.0,,0.0,0.0,0.0,0,,,,0.0,2025-09-25,1
pw_panama_canal_n_total_z,us2y,0.0,,0.00044747484852120215,0.0,0.0,0,,,,0.0,2025-09-25,1
pw_panama_canal_n_total_z,us10y,0.0,,0.0004754743082460585,0.0,0.0,0,,,,0.0,2025-09-25,1
pw_panama_canal_n_total_z,wti,0.0,,0.0,0.0,0.0,0,,,,0.0,2025-09-25,1
pw_panama_canal_n_total_z,brent,0.0,,4.2160707094341984e-05,0.0,0.0,0,,,,0.0,2025-09-25,1
pw_strait_of_hormuz_capacity_z,audusd,0.0,,0.009945492710856554,0.010889276573784632,1.0948956366835239,0,,,,0.0,2025-09-25,1
pw_strait_of_hormuz_capacity_z,brlusd,0.0,,0.0,0.0,0.0,0,,,,0.0,2025-09-25,1
pw_strait_of_hormuz_capacity_z,cnyusd,0.0,,0.0,0.0,0.0,0,,,,0.0,2025-09-25,1
pw_strait_of_hormuz_capacity_z,krwusd,0.0,,0.006402694541870215,0.012477745591007982,1.9488272491230318,0,,,,0.0,2025-09-25,1
pw_strait_of_hormuz_capacity_z,eurusd,0.0,,0.0026320477127441256,0.0025976692009764533,0.9869384921856793,0,,,,0.0,2025-09-25,1
pw_strait_of_hormuz_capacity_z,sp500,0.0,,0.0,0.0,0.0,0,,,,0.0,2025-09-25,1
pw_strait_of_hormuz_capacity_z,vix,0.0,,0.007260839557545119,0.006160520696904891,0.8484584527836275,0,,,,0.0,2025-09-25,1
pw_strait_of_hormuz_capacity_z,us2y,0.0,,0.00022053987395341678,0.0,0.0,0,,,,0.0,2025-09-25,1
pw_strait_of_hormuz_capacity_z,us10y,0.0,,0.00048241902241475456,0.0,0.0,0,,,,0.0,2025-09-25,1
pw_strait_of_hormuz_capacity_z,wti,0.0,,0.013358221331850242,0.009242161784460549,0.6918706880851195,0,,,,0.0,2025-09-25,1
pw_strait_of_hormuz_capacity_z,henry_hub,0.0,,0.0011087248255643117,0.0,0.0,0,,,,0.0,2025-09-25,1
pw_strait_of_hormuz_n_total_z,audusd,0.0,,0.00012146316012322868,0.0,0.0,0,,,,0.0,2025-09-25,1
pw_strait_of_hormuz_n_total_z,brlusd,0.0,,0.012277725098216188,0.00895847023712526,0.729652290262373,0,,,,0.0,2025-09-25,1
pw_strait_of_hormuz_n_total_z,cnyusd,0.0,,0.0,0.0,0.0,0,,,,0.0,2025-09-25,1
pw_strait_of_hormuz_n_total_z,krwusd,0.0,,0.0002786475636079318,0.0,0.0,0,,,,0.0,2025-09-25,1
pw_strait_of_hormuz_n_total_z,eurusd,0.0,,0.0,0.0,0.0,0,,,,0.0,2025-09-25,1
pw_strait_of_hormuz_n_total_z,sp500,0.0,,0.0,0.0,0.0,0,,,,0.0,2025-09-25,1
pw_strait_of_hormuz_n_total_z,vix,0.0,,0.0,0.0,0.0,0,,,,0.0,2025-09-25,1
pw_strait_of_hormuz_n_total_z,us2y,0.0,,0.0,0.0,0.0,0,,,,0.0,2025-09-25,1
pw_strait_of_hormuz_n_total_z,us10y,0.0,,0.007128650710823511,0.00033177507215830995,0.04654107567012255,0,,,,0.0,2025-09-25,1
pw_strait_of_hormuz_n_total_z,wti,0.0,,0.0,0.0,0.0,0,,,,0.0,2025-09-25,1
pw_strait_of_hormuz_n_total_z,brent,0.0,,0.0007755562448280382,0.0,0.0,0,,,,0.0,2025-09-25,1
pw_strait_of_hormuz_n_total_z,henry_hub,0.0,,0.0033944106703695724,0.009743406453910856,2.870426533525487,0,,,,0.0,2025-09-25,1
pw_suez_canal_capacity_z,audusd,0.0,,0.0,0.0,0.0,0,,,,0.0,2025-09-25,1
pw_suez_canal_capacity_z,cnyusd,0.0,,0.0,0.0,0.0,0,,,,0.0,2025-09-25,1
pw_suez_canal_capacity_z,krwusd,0.0,,0.0,0.0,0.0,0,,,,0.0,2025-09-25,1
pw_suez_canal_capacity_z,eurusd,0.0,,0.00027422928985407766,0.0,0.0,0,,,,0.0,2025-09-25,1
pw_suez_canal_capacity_z,sp500,0.0,,0.0,0.0,0.0,0,,,,0.0,2025-09-25,1
pw_suez_canal_capacity_z,vix,0.0,,0.0,0.0,0.0,0,,,,0.0,2025-09-25,1
pw_suez_canal_capacity_z,us2y,0.0,,0.0,0.0,0.0,0,,,,0.0,2025-09-25,1
pw_suez_canal_capacity_z,us10y,0.0,,0.0007064808555974092,0.0,0.0,0,,,,0.0,2025-09-25,1
pw_suez_canal_capacity_z,wti,0.0,,2.209584028810834e-05,0.0,0.0,0,,,,0.0,2025-09-25,1
pw_suez_canal_capacity_z,brent,0.0,,0.0,0.0,0.0,0,,,,0.0,2025-09-25,1
pw_suez_canal_capacity_z,henry_hub,0.0,,0.0,0.0,0.0,0,,,,0.0,2025-09-25,1
pw_suez_canal_n_total_z,audusd,0.0,,2.8232131648405542e-05,0.0,0.0,0,,,,0.0,2025-09-25,1
pw_suez_canal_n_total_z,brlusd,0.0,,0.0,0.0,0.0,0,,,,0.0,2025-09-25,1
pw_suez_canal_n_total_z,cnyusd,0.0,,0.0,0.0,0.0,0,,,,0.0,2025-09-25,1
pw_suez_canal_n_total_z,krwusd,0.0,,0.0,0.0,0.0,0,,,,0.0,2025-09-25,1
pw_suez_canal_n_total_z,eurusd,0.0,,0.0,0.0,0.0,0,,,,0.0,2025-09-25,1
pw_suez_canal_n_total_z,sp500,0.0,,0.0,0.0,0.0,0,,,,0.0,2025-09-25,1
pw_suez_canal_n_total_z,vix,0.0,,0.0012923760139014558,0.0,0.0,0,,,,0.0,2025-09-25,1
pw_suez_canal_n_total_z,us2y,0.0,,0.0,0.0,0.0,0,,,,0.0,2025-09-25,1
pw_suez_canal_n_total_z,us10y,0.0,,0.0,0.0,0.0,0,,,,0.0,2025-09-25,1
pw_suez_canal_n_total_z,wti,0.0,,0.000736361659072584,0.0,0.0,0,,,,0.0,2025-09-25,1
pw_suez_canal_n_total_z,brent,0.0,,0.005369481657095988,0.0,0.0,0,,,,0.0,2025-09-25,1
wti,brent,1.0,1.0,0.37939310875782506,0.3704938799805854,0.9765435149668988,520,4.3561920220057705e-05,0.5402224588263372,2.082665384732161,0.7601549369779013,2025-10-27,1
sp500,audusd,1.0,1.0,0.20011142653663966,0.2092897972975681,1.0458663001897492,520,3.1496463301105823e-06,0.49343361317320605,1.1921879930188792,0.5342643132628394,2025-10-27,1
audusd,wti,0.8792332063947319,1.0,0.06465441474387494,0.06379332860184972,0.9866817115979416,460,0.014794397774029616,0.521197993694843,1.0641542949025757,0.42245546646728166,2025-10-27,1
brent,vix,0.8630702470168451,1.0,0.06892242446335323,0.0747863874296046,1.0850806252378615,460,0.011474252395668278,0.5300774411876465,1.0464300949377925,0.41442698329377736,2025-10-27,1
eurusd,wti,1.0,1.0,0.09082099902603874,0.08982958918262349,0.9890839139180685,520,0.022308325926861976,0.5467578358995677,0.6380096342113104,0.3052380161102783,2025-10-27,1
us2y,cnyusd,1.0,1.0,0.11027926220782826,0.11058905875929635,1.0028092004359284,520,3.3174009295325246e-08,0.48691837881446826,0.5048171520246718,0.24718142043142446,2025-10-27,1
sp500,eurusd,1.0,1.0,0.1440632182433304,0.13913736254890297,0.9658076797499594,520,3.098037668559008e-07,0.4966227690729597,0.4934359941588266,0.23356229506839696,2025-10-27,1
sp500,brlusd,1.0,1.0,0.07966780208292125,0.08204456950475089,1.0298334755031375,520,3.1815457038289196e-07,0.501672310769797,0.3967683893028174,0.1958219677893346,2025-10-27,1
eurusd,sp500,1.0,1.0,0.0903060933172966,0.0965509386001294,1.0691519813717454,520,6.213518758050721e-07,0.4613822759312986,0.3728258626009651,0.18428325915579044,2025-10-27,1
sp500,vix,0.9350095274550134,1.0,0.05533404281230763,0.05607936193460005,1.0134694499879673,500,0.03537494663114735,0.5002343892351163,0.36005762119077356,0.16653339210947554,2025-10-27,1
sp500,krwusd,1.0,1.0,0.21491197603093157,0.20515339183358325,0.9545926458935736,520,3.923867015450904e-07,0.47565187812897847,0.3291163144683893,0.1556832679544246,2025-10-27,1
pw_cape_of_good_hope_capacity_z,henry_hub,0.30658798313872954,1.0,0.04138942630675016,0.02918644674302397,0.705166738159499,360,0.0001754613671967643,0.5464681776013621,1.7580883121638522,0.15262118737675928,2025-10-27,1
sp500,cnyusd,1.0,1.0,0.10333479002372267,0.10065559586659989,0.9740726801060154,520,1.6038966894510962e-08,0.47677754779170717,0.30783956139972746,0.1487561623080851,2025-10-27,1
cnyusd,us10y,1.0,1.0,0.06601705844726397,0.06297562745394514,0.9539296196338648,520,3.6673152759298733e-06,0.5079685002284323,0.2699876250132594,0.12799802246786232,2025-10-27,1
audusd,eurusd,0.9949992089253495,0.6336714357583367,0.06927280606902979,0.07513989633467148,1.0846954324297935,500,7.015519270862106e-08,0.5588121692972546,0.3860095979446632,0.12020118442764335,2025-10-27,1
eurusd,vix,0.5966429465563549,1.0,0.06338635265498241,0.07677902028103262,1.2112862953157708,120,0.010929936895169664,0.5166793155979439,0.3452620175941888,0.10198795078850713,2025-10-27,1
krwusd,cnyusd,0.73357269953951,0.7359150153454568,0.04776908385296948,0.050521999397384484,1.0576296491866648,180,1.0793544687859475e-09,0.4648625517756694,0.03867086543111641,0.010436877917001885,2025-10-27,1
audusd,us2y,0.012127655320486127,1.0,0.01392435093978495,0.006779057017240962,0.48684904930625506,40,5.589368221485752e-05,0.552466845489316,0.6254922979652153,0.0017886204688337451,2025-10-27,1
pw_suez_canal_capacity_z,brlusd,0.02717012096958159,1.0,0.03662562455769095,0.03298563977445393,0.900616444710629,80,8.17947625662704e-08,0.5582242768890886,0.13058864720331112,0.001595476097608499,2025-10-27,1
brent,us10y,0.008123809068123355,1.0,0.04304469866537589,0.043924707933725785,1.0204440801221766,20,9.526109637754126e-06,0.39759815730182047,0.23458885524139256,0.0009485315590274354,2025-10-27,1
brlusd,wti,1.0,1.0,0.0597062721147877,0.05132309444390372,0.8595930147042679,520,-0.000584918720981917,0.5033978343341647,-0.05656043929419363,0.0,2025-10-27,1
cnyusd,us2y,1.0,1.0,0.06305053669476553,0.050870748120040755,0.806824981781068,520,-9.642327555835607e-06,0.45882698430807645,-0.4282815760250926,0.0,2025-10-27,1
eurusd,krwusd,1.0,1.0,0.15720683980552405,0.13663307739262362,0.869129342983094,520,-6.099424598037306e-07,0.5113574000922843,-0.8210282020756242,0.0,2025-10-27,1
us2y,krwusd,1.0,1.0,0.15122082348235008,0.12984674568295806,0.8586565176198322,520,-6.251996468247341e-07,0.48141538848060755,-1.168585577881247,0.0,2025-10-27,1
us2y,eurusd,1.0,0.9949992089253495,0.07844322478348299,0.059691194409875595,0.7609477373556954,520,-2.0021470838441163e-07,0.4337394416421576,-1.1210545592976664,0.0,2025-10-27,1
brent,wti,1.0,1.0,0.07353962532300999,0.0560249999493078,0.7618341771966848,520,-0.017472046760066043,0.42964565300261603,-1.2222560406245293,0.0,2025-10-27,1
pw_panama_canal_n_total_z,henry_hub,1.0,1.0,0.23725306398242976,0.19743407815368352,0.8321666107895024,520,-5.452776652548222e-05,0.528259327571432,-0.8889192792769759,0.0,2025-10-27,1
vix,brlusd,0.9140607382904371,1.0,0.08233161529334138,0.06819011281474034,0.8282372764312237,480,-4.45993039797872e-08,0.4770483088675688,-0.03479844689896194,0.0,2025-10-27,1
brent,brlusd,0.880577231379133,1.0,0.055370652069004336,0.049441683598787346,0.892922184430334,520,-2.2545440704993203e-07,0.46815149296606945,-1.0675410900345954,0.0,2025-10-27,1
vix,audusd,0.7245923666652077,1.0,0.060223439642793176,0.06448418397468865,1.070748936911732,360,-4.524390094047614e-07,0.47889874191830295,-1.2397863016903072,0.0,2025-10-27,1
eurusd,audusd,0.6822498485580342,0.9926701470359872,0.05581599251618301,0.05928828144822193,1.0622095706894792,180,-1.1386618740076807e-08,0.5145339875761015,-0.04300397888783676,0.0,2025-10-27,1
pw_malacca_strait_capacity_z,us2y,0.6361350136815754,1.0,0.0505954362528437,0.049028888833033024,0.9690377722610777,220,-1.3873237644268075e-05,0.4957758601005812,-0.4416778335684208,0.0,2025-10-27,1
brlusd,us2y,0.5227798220645123,1.0,0.05372468197028815,0.051640023305229384,0.961197375422126,400,-3.284429851196533e-05,0.4753391504815649,-0.935609980979318,0.0,2025-10-27,1
wti,sp500,0.4033570534436453,1.0,0.04979618414654037,0.03796070283661696,0.7623215209604431,400,-3.7352148916243813e-07,0.47653290655791275,-0.5083529669425904,0.0,2025-10-27,1
brlusd,audusd,0.30658798313872954,0.8647473010856315,0.041970325890030136,0.02996089903624699,0.7138590992776653,360,-2.470653046149885e-07,0.46460098741765526,-1.3104425057003661,0.0,2025-10-27,1
brlusd,brent,0.24973567477156788,1.0,0.04727163619006749,0.04003441496251496,0.8469014019643099,280,-4.211647222941559e-06,0.4589110050765752,-1.277708768678796,0.0,2025-10-27,1
pw_cape_of_good_hope_n_total_z,henry_hub,0.22832342220237917,0.6395406756291061,0.04742247843919531,0.04548163872938678,0.9590734231173291,260,-8.978657676589764e-05,0.4874945552028618,-0.7772999451635213,0.0,2025-10-27,1
us10y,eurusd,0.2010462326856432,0.9158390659489277,0.034496799602978814,0.0176211320432749,0.5108048354072041,300,-8.020490592338173e-08,0.4734246808016396,-0.5115521853486397,0.0,2025-10-27,1
pw_bab_el_mandeb_strait_n_total_z,henry_hub,0.19013291639055893,1.0,0.030652619330993894,0.02104973005319538,0.6867188029151979,200,-3.002285726738929e-05,0.5204348386330874,-0.4569495873202385,0.0,2025-10-27,1
us10y,krwusd,0.18412599395537024,1.0,0.018884303298918756,0.0,0.0,240,-2.1877647340652713e-07,0.4319774877759927,-0.9936921796839672,0.0,2025-10-27,1
us2y,wti,0.1738261267362609,1.0,0.04190528593375961,0.035108164735471514,0.8377979997790155,280,-0.014120907735312301,0.4591868888635628,-0.6878765053746133,0.0,2025-10-27,1
us10y,us2y,0.1738261267362609,1.0,0.04070305440626381,0.031488165151327775,0.7736069346796256,280,-1.8103258094353638e-05,0.5089496683753806,-0.4390335674873199,0.0,2025-10-27,1
pw_cape_of_good_hope_capacity_z,brent,0.1738261267362609,1.0,0.04982045336672233,0.047425834313809055,0.9519350208379925,280,-1.1065877589067676e-05,0.38045969143121966,-2.2017092901248083,0.0,2025-10-27,1
henry_hub,krwusd,0.15399990783999776,1.0,0.0311415948729307,0.020436197614458713,0.6562347785283961,160,-1.6762534007269394e-07,0.46811334546110456,-0.6405786902307201,0.0,2025-10-27,1
sp500,wti,0.14490958083077057,1.0,0.040721093863247924,0.0340140525470574,0.8352931937753313,240,-0.003936784432050437,0.5202623829233483,-0.2842338212415522,0.0,2025-10-27,1
eurusd,us2y,0.14009234064085346,1.0,0.025745444947367357,0.0009007173664316879,0.03498550397062733,240,-1.879709351158533e-05,0.47318396913689387,-0.7293238725407809,0.0,2025-10-27,1
us10y,sp500,0.09476871642428124,1.0,0.04089326145634395,0.03702122619728161,0.9053136110653348,160,-1.2885632983144755e-06,0.5106106426540944,-1.4287681847758522,0.0,2025-10-27,1
krwusd,us2y,0.0918164115582916,1.0,0.02680921889145371,0.015593442224657895,0.5816447800211293,200,-8.480960205791374e-06,0.5325201950507705,-0.15635574678328348,0.0,2025-10-27,1
henry_hub,cnyusd,0.07202038805336779,1.0,0.04097775152770673,0.03783814742944677,0.9233827142483124,140,-5.8737760650207626e-08,0.5946189537236499,-0.4590948140345446,0.0,2025-10-27,1
pw_suez_canal_n_total_z,henry_hub,0.05190119217350038,1.0,0.011755142197505928,0.0,0.0,140,0.0001136915660682015,0.5622340909004842,0.7553141850767676,0.0,2025-10-27,1
henry_hub,brlusd,0.04146685217422601,0.5799114645855682,0.01022557068194075,0.008629292343112606,0.8438934717211127,120,-2.306199469798468e-06,0.5154017189945581,-1.4854727841034772,0.0,2025-10-27,1
pw_strait_of_hormuz_capacity_z,brent,0.034397840674462755,1.0,0.036049931565981706,0.03680560833364804,1.020961947355801,60,-5.185965165730866e-06,0.40217967225309986,-0.6948023036075388,0.0,2025-10-27,1
us10y,cnyusd,0.03217091204423201,1.0,0.008500235400054809,0.0,0.0,100,3.637829599062986e-08,0.4779682352700417,0.3299882266022638,0.0,2025-10-27,1
pw_malacca_strait_n_total_z,henry_hub,0.02722010594938227,1.0,0.02103522243137348,0.0011130335255361856,0.05291284792292594,20,-3.0626918993900585e-05,0.3500464416515344,-0.7627869741194295,0.0,2025-10-27,1
audusd,sp500,0.01692023873027295,1.0,0.019004743924741784,0.005995199947808682,0.31545807570728096,60,-1.619454514164341e-06,0.4527991300545023,-1.270206589273591,0.0,2025-10-27,1
us2y,us10y,0.01692023873027295,1.0,0.013615044980003708,0.010323610213536795,0.7582501731502898,60,-1.646551722952266e-05,0.49955110331497965,-0.36150803986969976,0.0,2025-10-27,1
pw_cape_of_good_hope_n_total_z,brlusd,0.013124600142773776,1.0,0.018165352043692937,0.008402899522733397,0.4625784021428259,40,-1.7171219210588402e-06,0.33295839484824813,-1.3696789788072141,0.0,2025-10-27,1
krwusd,vix,0.012127655320486127,1.0,0.015123874529674732,0.0,0.0,40,-0.05096883898372771,0.2993842190935325,-2.039253999919229,0.0,2025-10-27,1
cnyusd,wti,0.008123809068123355,1.0,0.014918031512260965,0.009947443730266695,0.6668067246064604,20,-0.02635085571725613,0.4432619032366698,-1.253648312962163,0.0,2025-10-27,1
audusd,vix,0.0050007910746504205,1.0,0.014318357114476148,0.0,0.0,20,-0.1140876560922019,0.3523238476329138,-1.8520756717413664,0.0,2025-10-27,1
brlusd,cnyusd,0.0050007910746504205,1.0,0.016811688861401174,0.0078302830951417,0.4657642167717993,20,-2.707672353711881e-09,0.5031297473171651,-0.026983473890779694,0.0,2025-10-27,1
pw_bab_el_mandeb_strait_capacity_z,cnyusd,0.0050007910746504205,1.0,0.006518297083361998,0.0,0.0,20,-8.052518251198798e-07,0.2983218135203557,-2.2556042702273804,0.0,2025-10-27,1
pw_bab_el_mandeb_strait_n_total_z,cnyusd,0.0050007910746504205,1.0,0.013204185997171635,0.0065261430391909,0.49424803926488264,20,-6.296462030138998e-07,0.25071531608863584,-2.720653290233656,0.0,2025-10-27,1
audusd,brlusd,0.0,,0.005867483953198769,0.009624070799231055,1.6402381115988076,0,,,,0.0,2025-10-27,1
audusd,cnyusd,0.0,,0.0010016602367930473,0.0,0.0,0,,,,0.0,2025-10-27,1
audusd,krwusd,0.0,,0.021275020069636663,0.030861675509412264,1.4506061760880549,0,,,,0.0,2025-10-27,1
audusd,us10y,0.0,,0.005778880337354853,0.0068598154045904055,1.1870492213255146,0,,,,0.0,2025-10-27,1
audusd,brent,0.0,,0.0011461934058096593,0.0,0.0,0,,,,0.0,2025-10-27,1
audusd,henry_hub,0.0,,0.014517977131518933,0.013990309998041415,0.9636542247795709,0,,,,0.0,2025-10-27,1
brlusd,krwusd,0.0,,0.015967451275118724,0.01621040440945617,1.0152155237646492,0,,,,0.0,2025-10-27,1
brlusd,eurusd,0.0,,0.005255585626219967,0.0,0.0,0,,,,0.0,2025-10-27,1
brlusd,sp500,0.0,,0.015141082292829724,0.022449307365928067,1.4826752098533444,0,,,,0.0,2025-10-27,1
brlusd,vix,0.0,,0.016439179372747158,0.02616098696085629,1.5913803461641114,0,,,,0.0,2025-10-27,1
brlusd,us10y,0.0,,0.024382153275136507,0.02069367060039569,0.8487220290546644,0,,,,0.0,2025-10-27,1
brlusd,henry_hub,0.0,,0.003015029888937855,0.0005428406349233637,0.18004486022345784,0,,,,0.0,2025-10-27,1
cnyusd,audusd,0.0,,0.008471687185373725,0.004347552175086225,0.5131861080272447,0,,,,0.0,2025-10-27,1
cnyusd,brlusd,0.0,,0.025407370658006107,0.026000202990899442,1.023333084752181,0,,,,0.0,2025-10-27,1
cnyusd,krwusd,0.0,,0.001841311876048855,0.0,0.0,0,,,,0.0,2025-10-27,1
cnyusd,eurusd,0.0,,0.004485545581031814,0.0,0.0,0,,,,0.0,2025-10-27,1
cnyusd,sp500,0.0,,0.005341702188540363,0.004956127900379179,0.9278180859673602,0,,,,0.0,2025-10-27,1
cnyusd,vix,0.0,,0.015536180191486337,0.015080166006492325,0.9706482430447155,0,,,,0.0,2025-10-27,1
cnyusd,brent,0.0,,0.0,0.0,0.0,0,,,,0.0,2025-10-27,1
cnyusd,henry_hub,0.0,,0.002455783998067501,0.0,0.0,0,,,,0.0,2025-10-27,1
krwusd,audusd,0.0,,0.007675215863881051,0.0,0.0,0,,,,0.0,2025-10-27,1
krwusd,brlusd,0.0,,1.9131488510009866e-06,0.0,0.0,0,,,,0.0,2025-10-27,1
krwusd,eurusd,0.0,,0.016048853244426245,0.011862608761300197,0.7391561615419514,0,,,,0.0,2025-10-27,1
krwusd,sp500,0.0,,0.009272986843847671,0.0,0.0,0,,,,0.0,2025-10-27,1
krwusd,us10y,0.0,,0.0022460271583024014,0.0,0.0,0,,,,0.0,2025-10-27,1
krwusd,wti,0.0,,0.0001259974201784614,0.0,0.0,0,,,,0.0,2025-10-27,1
krwusd,brent,0.0,,0.0003804567898037212,0.0,0.0,0,,,,0.0,2025-10-27,1
krwusd,henry_hub,0.0,,0.0011810520787596491,0.0,0.0,0,,,,0.0,2025-10-27,1
eurusd,brlusd,0.0,,0.019882566771904742,0.018455920327639194,0.9282463647358908,0,,,,0.0,2025-10-27,1
eurusd,cnyusd,0.0,,0.000992811698912353,0.0,0.0,0,,,,0.0,2025-10-27,1
eurusd,us10y,0.0,,0.009862451667959099,0.0,0.0,0,,,,0.0,2025-10-27,1
eurusd,brent,0.0,,0.032713949864856685,0.03336596700628837,1.019930859591251,0,,,,0.0,2025-10-27,1
eurusd,henry_hub,0.0,,0.005205186540387481,0.0,0.0,0,,,,0.0,2025-10-27,1
sp500,us2y,0.0,,0.0011536681062696906,0.0,0.0,0,,,,0.0,2025-10-27,1
sp500,us10y,0.0,,0.013257199816046698,0.014377973162547282,1.0845407297206144,0,,,,0.0,2025-10-27,1
sp500,brent,0.0,,0.0083752683416882,0.0,0.0,0,,,,0.0,2025-10-27,1
sp500,henry_hub,0.0,,0.00020817046722914782,0.0,0.0,0,,,,0.0,2025-10-27,1
vix,cnyusd,0.0,,0.0,0.0,0.0,0,,,,0.0,2025-10-27,1
vix,krwusd,0.0,,0.007037990562102589,0.010458147292814093,1.4859564247113366,0,,,,0.0,2025-10-27,1
vix,eurusd,0.0,,0.002276473905524697,0.0,0.0,0,,,,0.0,2025-10-27,1
vix,sp500,0.0,,0.008239032144606301,0.0,0.0,0,,,,0.0,2025-10-27,1
vix,us2y,0.0,,0.01709709024725451,0.024558280246948234,1.4364011590154564,0,,,,0.0,2025-10-27,1
vix,us10y,0.0,,0.014142456685071697,0.02512699808603638,1.7767067381270185,0,,,,0.0,2025-10-27,1
vix,wti,0.0,,2.2230738874128973e-05,0.0,0.0,0,,,,0.0,2025-10-27,1
vix,brent,0.0,,6.761304799903455e-05,0.0,0.0,0,,,,0.0,2025-10-27,1
vix,henry_hub,0.0,,0.02357226464515943,0.026514531560712987,1.1248190175973505,0,,,,0.0,2025-10-27,1
us2y,audusd,0.0,,0.025120078785512222,0.014835568232975344,0.5905860550696849,0,,,,0.0,2025-10-27,1
us2y,brlusd,0.0,,0.0193766268893819,0.03102333568865042,1.6010699832203892,0,,,,0.0,2025-10-27,1
us2y,sp500,0.0,,0.009125424623279605,0.004437053110185939,0.4862297693925061,0,,,,0.0,2025-10-27,1
us2y,vix,0.0,,0.0005093689691314351,0.0,0.0,0,,,,0.0,2025-10-27,1
us2y,brent,0.0,,0.002525272208795341,0.0,0.0,0,,,,0.0,2025-10-27,1
us2y,henry_hub,0.0,,0.011576223770143028,0.006880869084170455,0.5943966893519578,0,,,,0.0,2025-10-27,1
us10y,audusd,0.0,,0.0037496831570837156,0.0,0.0,0,,,,0.0,2025-10-27,1
us10y,brlusd,0.0,,0.006417709268782686,0.0012647029671032273,0.19706454657506114,0,,,,0.0,2025-10-27,1
us10y,vix,0.0,,0.027260145339407786,0.02299533849900548,0.8435515736507457,0,,,,0.0,2025-10-27,1
us10y,wti,0.0,,0.0009785611682229867,0.0,0.0,0,,,,0.0,2025-10-27,1
us10y,brent,0.0,,0.006139308821616318,0.002038673205159412,0.3320688475519111,0,,,,0.0,2025-10-27,1
us10y,henry_hub,0.0,,0.0,0.0,0.0,0,,,,0.0,2025-10-27,1
wti,audusd,0.0,,0.024119157588422927,0.02156991929940882,0.8943064955868223,0,,,,0.0,2025-10-27,1
wti,brlusd,0.0,,0.015511160013435225,0.010186019225770332,0.656689713531906,0,,,,0.0,2025-10-27,1
wti,cnyusd,0.0,,0.010401926364775957,0.008114630658740817,0.780108450509647,0,,,,0.0,2025-10-27,1
wti,krwusd,0.0,,0.0,0.0,0.0,0,,,,0.0,2025-10-27,1
wti,eurusd,0.0,,2.2290402248768845e-05,0.0,0.0,0,,,,0.0,2025-10-27,1
wti,vix,0.0,,0.020156164492144434,0.007647378689053052,0.37940644372263904,0,,,,0.0,2025-10-27,1
wti,us2y,0.0,,0.0011619052782958178,0.0021799421754677326,1.8761789073418131,0,,,,0.0,2025-10-27,1
wti,us10y,0.0,,0.013923265454609033,0.012549497415722859,0.9013329133625464,0,,,,0.0,2025-10-27,1
wti,henry_hub,0.0,,6.241679055153823e-05,0.0,0.0,0,,,,0.0,2025-10-27,1
brent,audusd,0.0,,0.010774666489689867,0.0048999252854670695,0.45476352239354617,0,,,,0.0,2025-10-27,1
brent,cnyusd,0.0,,0.013450509445277595,0.01186858948207988,0.8823895875740886,0,,,,0.0,2025-10-27,1
brent,krwusd,0.0,,0.009519819117340084,0.011069835810577874,1.1628199731667672,0,,,,0.0,2025-10-27,1
brent,eurusd,0.0,,0.005465815116882902,0.0,0.0,0,,,,0.0,2025-10-27,1
brent,sp500,0.0,,0.02741720915503934,0.031697832663910894,1.1561290751609838,0,,,,0.0,2025-10-27,1
brent,us2y,0.0,,0.0,0.0,0.0,0,,,,0.0,2025-10-27,1
brent,henry_hub,0.0,,3.843244107478652e-05,0.0,0.0,0,,,,0.0,2025-10-27,1
henry_hub,audusd,0.0,,0.0009300478666994326,0.0,0.0,0,,,,0.0,2025-10-27,1
henry_hub,eurusd,0.0,,2.375832664958335e-05,0.0,0.0,0,,,,0.0,2025-10-27,1
henry_hub,sp500,0.0,,0.0030378644044034508,0.0038628132883319812,1.2715555318179275,0,,,,0.0,2025-10-27,1
henry_hub,vix,0.0,,0.012791589912963017,0.012039716889582495,0.9412213002061165,0,,,,0.0,2025-10-27,1
henry_hub,us2y,0.0,,0.012685396721256527,0.008106078892361082,0.6390087019334584,0,,,,0.0,2025-10-27,1
henry_hub,us10y,0.0,,8.718246332362713e-06,0.0,0.0,0,,,,0.0,2025-10-27,1
henry_hub,wti,0.0,,0.0005120817425549283,0.0,0.0,0,,,,0.0,2025-10-27,1
henry_hub,brent,0.0,,0.0010455075473083193,0.0,0.0,0,,,,0.0,2025-10-27,1
pw_bab_el_mandeb_strait_capacity_z,audusd,0.0,,0.001168918200432563,0.0,0.0,0,,,,0.0,2025-10-27,1
pw_bab_el_mandeb_strait_capacity_z,brlusd,0.0,,0.00030133968884225485,0.0,0.0,0,,,,0.0,2025-10-27,1
pw_bab_el_mandeb_strait_capacity_z,krwusd,0.0,,1.1052721851918577e-05,0.0,0.0,0,,,,0.0,2025-10-27,1
pw_bab_el_mandeb_strait_capacity_z,eurusd,0.0,,0.007546710007333698,0.009747735996399191,1.2916537122701937,0,,,,0.0,2025-10-27,1
pw_bab_el_mandeb_strait_capacity_z,sp500,0.0,,0.0005414963051272943,0.0,0.0,0,,,,0.0,2025-10-27,1
pw_bab_el_mandeb_strait_capacity_z,vix,0.0,,3.249128200294774e-05,0.0,0.0,0,,,,0.0,2025-10-27,1
pw_bab_el_mandeb_strait_capacity_z,us2y,0.0,,7.297835650199907e-05,0.0,0.0,0,,,,0.0,2025-10-27,1
pw_bab_el_mandeb_strait_capacity_z,us10y,0.0,,0.0,0.0,0.0,0,,,,0.0,2025-10-27,1
pw_bab_el_mandeb_strait_capacity_z,wti,0.0,,0.0,0.0,0.0,0,,,,0.0,2025-10-27,1
pw_bab_el_mandeb_strait_capacity_z,brent,0.0,,0.0,0.0,0.0,0,,,,0.0,2025-10-27,1
pw_bab_el_mandeb_strait_capacity_z,henry_hub,0.0,,0.02210929553849328,0.0146976708579219,0.6647733679407647,0,,,,0.0,2025-10-27,1
pw_bab_el_mandeb_strait_n_total_z,audusd,0.0,,0.0005565940055544525,0.0,0.0,0,,,,0.0,2025-10-27,1
pw_bab_el_mandeb_strait_n_total_z,brlusd,0.0,,0.0019509953292377435,0.0,0.0,0,,,,0.0,2025-10-27,1
pw_bab_el_mandeb_strait_n_total_z,krwusd,0.0,,2.7967070484282224e-05,0.0,0.0,0,,,,0.0,2025-10-27,1
pw_bab_el_mandeb_strait_n_total_z,eurusd,0.0,,0.00014271948971418132,0.0,0.0,0,,,,0.0,2025-10-27,1
pw_bab_el_mandeb_strait_n_total_z,sp500,0.0,,0.007044641370478011,0.00538668102454375,0.7646494322787988,0,,,,0.0,2025-10-27,1
pw_bab_el_mandeb_strait_n_total_z,vix,0.0,,0.0,0.0,0.0,0,,,,0.0,2025-10-27,1
pw_bab_el_mandeb_strait_n_total_z,us2y,0.0,,0.0,0.0,0.0,0,,,,0.0,2025-10-27,1
pw_bab_el_mandeb_strait_n_total_z,us10y,0.0,,0.011360298836477059,0.01541925910257087,1.357293441353919,0,,,,0.0,2025-10-27,1
pw_bab_el_mandeb_strait_n_total_z,wti,0.0,,0.0,0.0,0.0,0,,,,0.0,2025-10-27,1
pw_bab_el_mandeb_strait_n_total_z,brent,0.0,,0.000597174933809685,0.0,0.0,0,,,,0.0,2025-10-27,1
pw_cape_of_good_hope_capacity_z,audusd,0.0,,3.673966422066787e-05,0.0,0.0,0,,,,0.0,2025-10-27,1
pw_cape_of_good_hope_capacity_z,brlusd,0.0,,0.00014289045774385214,0.0,0.0,0,,,,0.0,2025-10-27,1
pw_cape_of_good_hope_capacity_z,cnyusd,0.0,,0.0049494571956883665,0.0,0.0,0,,,,0.0,2025-10-27,1
pw_cape_of_good_hope_capacity_z,krwusd,0.0,,3.2053055206755914e-05,0.0,0.0,0,,,,0.0,2025-10-27,1
pw_cape_of_good_hope_capacity_z,eurusd,0.0,,0.0004892915277247564,0.0,0.0,0,,,,0.0,2025-10-27,1
pw_cape_of_good_hope_capacity_z,sp500,0.0,,0.012512798582501278,0.008326170821329661,0.665412358908544,0,,,,0.0,2025-10-27,1
pw_cape_of_good_hope_capacity_z,vix,0.0,,0.006059292409904283,0.0,0.0,0,,,,0.0,2025-10-27,1
pw_cape_of_good_hope_capacity_z,us2y,0.0,,0.0018688408088632963,0.004606725128111184,2.465017408793196,0,,,,0.0,2025-10-27,1
pw_cape_of_good_hope_capacity_z,us10y,0.0,,0.002252489186520077,0.0,0.0,0,,,,0.0,2025-10-27,1
pw_cape_of_good_hope_capacity_z,wti,0.0,,0.010043299625987477,0.011796831412820133,1.174597179426502,0,,,,0.0,2025-10-27,1
pw_cape_of_good_hope_n_total_z,audusd,0.0,,0.00016717623677478538,0.0,0.0,0,,,,0.0,2025-10-27,1
pw_cape_of_good_hope_n_total_z,cnyusd,0.0,,3.313632649468921e-05,0.0,0.0,0,,,,0.0,2025-10-27,1
pw_cape_of_good_hope_n_total_z,krwusd,0.0,,1.0086599070215524e-06,0.0,0.0,0,,,,0.0,2025-10-27,1
pw_cape_of_good_hope_n_total_z,eurusd,0.0,,0.0017314733805271717,0.0,0.0,0,,,,0.0,2025-10-27,1
pw_cape_of_good_hope_n_total_z,sp500,0.0,,2.8744502142645663e-06,0.0,0.0,0,,,,0.0,2025-10-27,1
pw_cape_of_good_hope_n_total_z,vix,0.0,,0.0,0.0,0.0,0,,,,0.0,2025-10-27,1
pw_cape_of_good_hope_n_total_z,us2y,0.0,,0.0028414510495436496,0.005707489357393375,2.0086530641835356,0,,,,0.0,2025-10-27,1
pw_cape_of_good_hope_n_total_z,us10y,0.0,,0.01150244484747114,0.0024068428317265606,0.20924619623416102,0,,,,0.0,2025-10-27,1
pw_cape_of_good_hope_n_total_z,wti,0.0,,0.00024548576060104963,0.0,0.0,0,,,,0.0,2025-10-27,1
pw_cape_of_good_hope_n_total_z,brent,0.0,,0.0002688589016899251,0.0,0.0,0,,,,0.0,2025-10-27,1
pw_malacca_strait_capacity_z,audusd,0.0,,0.0,0.0,0.0,0,,,,0.0,2025-10-27,1
pw_malacca_strait_capacity_z,brlusd,0.0,,0.010396265541349274,0.013183581145192367,1.2681073884422291,0,,,,0.0,2025-10-27,1
pw_malacca_strait_capacity_z,cnyusd,0.0,,0.00021308711427200515,0.0,0.0,0,,,,0.0,2025-10-27,1
pw_malacca_strait_capacity_z,krwusd,0.0,,0.005566937770957634,0.0,0.0,0,,,,0.0,2025-10-27,1
pw_malacca_strait_capacity_z,eurusd,0.0,,6.373923658647533e-05,0.0,0.0,0,,,,0.0,2025-10-27,1
pw_malacca_strait_capacity_z,sp500,0.0,,0.0,0.0,0.0,0,,,,0.0,2025-10-27,1
pw_malacca_strait_capacity_z,vix,0.0,,9.902598306447807e-05,0.0,0.0,0,,,,0.0,2025-10-27,1
pw_malacca_strait_capacity_z,us10y,0.0,,0.0,0.0,0.0,0,,,,0.0,2025-10-27,1
pw_malacca_strait_capacity_z,wti,0.0,,0.0,0.0,0.0,0,,,,0.0,2025-10-27,1
pw_malacca_strait_capacity_z,brent,0.0,,0.0,0.0,0.0,0,,,,0.0,2025-10-27,1
pw_malacca_strait_capacity_z,henry_hub,0.0,,0.0,0.0,0.0,0,,,,0.0,2025-10-27,1
pw_malacca_strait_n_total_z,audusd,0.0,,0.0016115446586553498,0.0,0.0,0,,,,0.0,2025-10-27,1
pw_malacca_strait_n_total_z,brlusd,0.0,,0.0006557257382414933,0.0006077611323756175,0.9268526411750956,0,,,,0.0,2025-10-27,1
pw_malacca_strait_n_total_z,cnyusd,0.0,,0.006008575252495055,0.0,0.0,0,,,,0.0,2025-10-27,1
pw_malacca_strait_n_total_z,krwusd,0.0,,0.0,0.0,0.0,0,,,,0.0,2025-10-27,1
pw_malacca_strait_n_total_z,eurusd,0.0,,0.011780376806215503,0.004440642682890984,0.3769525165398814,0,,,,0.0,2025-10-27,1
pw_malacca_strait_n_total_z,sp500,0.0,,0.0029926191845454126,0.0,0.0,0,,,,0.0,2025-10-27,1
pw_malacca_strait_n_total_z,vix,0.0,,0.0,0.0,0.0,0,,,,0.0,2025-10-27,1
pw_malacca_strait_n_total_z,us2y,0.0,,0.00015259249072448,0.0,0.0,0,,,,0.0,2025-10-27,1
pw_malacca_strait_n_total_z,us10y,0.0,,0.014659194973258427,0.014125841342790931,0.9636164447338036,0,,,,0.0,2025-10-27,1
pw_malacca_strait_n_total_z,wti,0.0,,0.0,0.0,0.0,0,,,,0.0,2025-10-27,1
pw_malacca_strait_n_total_z,brent,0.0,,0.0016063794501327761,0.0,0.0,0,,,,0.0,2025-10-27,1
pw_panama_canal_capacity_z,audusd,0.0,,9.206036291803475e-06,0.0,0.0,0,,,,0.0,2025-10-27,1
pw_panama_canal_capacity_z,brlusd,0.0,,0.0,0.0,0.0,0,,,,0.0,2025-10-27,1
pw_panama_canal_capacity_z,cnyusd,0.0,,0.0009139785749206847,0.0,0.0,0,,,,0.0,2025-10-27,1
pw_panama_canal_capacity_z,krwusd,0.0,,0.001683472937468174,0.0,0.0,0,,,,0.0,2025-10-27,1
pw_panama_canal_capacity_z,eurusd,0.0,,0.0,0.0,0.0,0,,,,0.0,2025-10-27,1
pw_panama_canal_capacity_z,sp500,0.0,,0.005051920167150288,0.0,0.0,0,,,,0.0,2025-10-27,1
pw_panama_canal_capacity_z,vix,0.0,,0.006647125072962617,0.0,0.0,0,,,,0.0,2025-10-27,1
pw_panama_canal_capacity_z,us2y,0.0,,0.0,0.0,0.0,0,,,,0.0,2025-10-27,1
pw_panama_canal_capacity_z,us10y,0.0,,0.0,0.0,0.0,0,,,,0.0,2025-10-27,1
pw_panama_canal_capacity_z,wti,0.0,,0.0,0.0,0.0,0,,,,0.0,2025-10-27,1
pw_panama_canal_capacity_z,brent,0.0,,3.0508396727297908e-05,0.0,0.0,0,,,,0.0,2025-10-27,1
pw_panama_canal_capacity_z,henry_hub,0.0,,0.001817318895654969,0.0,0.0,0,,,,0.0,2025-10-27,1
pw_panama_canal_n_total_z,audusd,0.0,,0.0020030076501167623,0.0008192661487939181,0.40901798290493807,0,,,,0.0,2025-10-27,1
pw_panama_canal_n_total_z,brlusd,0.0,,0.0,0.0,0.0,0,,,,0.0,2025-10-27,1
pw_panama_canal_n_total_z,cnyusd,0.0,,1.2234461501558531e-05,0.0,0.0,0,,,,0.0,2025-10-27,1
pw_panama_canal_n_total_z,krwusd,0.0,,0.0,0.0,0.0,0,,,,0.0,2025-10-27,1
pw_panama_canal_n_total_z,eurusd,0.0,,1.8933079059077447e-05,0.0,0.0,0,,,,0.0,2025-10-27,1
pw_panama_canal_n_total_z,sp500,0.0,,0.0003483130780419299,0.0,0.0,0,,,,0.0,2025-10-27,1
pw_panama_canal_n_total_z,vix,0.0,,0.0,0.0,0.0,0,,,,0.0,2025-10-27,1
pw_panama_canal_n_total_z,us2y,0.0,,0.0003940361632225972,0.0,0.0,0,,,,0.0,2025-10-27,1
pw_panama_canal_n_total_z,us10y,0.0,,0.0004186918499472227,0.0,0.0,0,,,,0.0,2025-10-27,1
pw_panama_canal_n_total_z,wti,0.0,,0.0,0.0,0.0,0,,,,0.0,2025-10-27,1
pw_panama_canal_n_total_z,brent,0.0,,3.7125758726122234e-05,0.0,0.0,0,,,,0.0,2025-10-27,1
pw_strait_of_hormuz_capacity_z,audusd,0.0,,0.010142463516575315,0.011594849931371888,1.1431985840937966,0,,,,0.0,2025-10-27,1
pw_strait_of_hormuz_capacity_z,brlusd,0.0,,0.0,0.0,0.0,0,,,,0.0,2025-10-27,1
pw_strait_of_hormuz_capacity_z,cnyusd,0.0,,0.0,0.0,0.0,0,,,,0.0,2025-10-27,1
pw_strait_of_hormuz_capacity_z,krwusd,0.0,,0.0065427391898761145,0.007575374170915675,1.1578291524500022,0,,,,0.0,2025-10-27,1
pw_strait_of_hormuz_capacity_z,eurusd,0.0,,0.002317721287746001,0.0,0.0,0,,,,0.0,2025-10-27,1
pw_strait_of_hormuz_capacity_z,sp500,0.0,,0.0,0.0,0.0,0,,,,0.0,2025-10-27,1
pw_strait_of_hormuz_capacity_z,vix,0.0,,0.007921154665286988,0.01279006246342314,1.6146714720106716,0,,,,0.0,2025-10-27,1
pw_strait_of_hormuz_capacity_z,us2y,0.0,,0.00019420239161460276,0.0,0.0,0,,,,0.0,2025-10-27,1
pw_strait_of_hormuz_capacity_z,us10y,0.0,,0.0004248072071226125,0.0,0.0,0,,,,0.0,2025-10-27,1
pw_strait_of_hormuz_capacity_z,wti,0.0,,0.013722768648857799,0.016410799338686537,1.1958810760868197,0,,,,0.0,2025-10-27,1
pw_strait_of_hormuz_capacity_z,henry_hub,0.0,,0.0009763178372567339,0.0,0.0,0,,,,0.0,2025-10-27,1
pw_strait_of_hormuz_n_total_z,audusd,0.0,,0.00010695769325587302,0.0,0.0,0,,,,0.0,2025-10-27,1
pw_strait_of_hormuz_n_total_z,brlusd,0.0,,0.012471416139105195,0.013899618838629444,1.114518085483973,0,,,,0.0,2025-10-27,1
pw_strait_of_hormuz_n_total_z,cnyusd,0.0,,0.0,0.0,0.0,0,,,,0.0,2025-10-27,1
pw_strait_of_hormuz_n_total_z,krwusd,0.0,,0.0002453707000924135,0.0,0.0,0,,,,0.0,2025-10-27,1
pw_strait_of_hormuz_n_total_z,eurusd,0.0,,0.0,0.0,0.0,0,,,,0.0,2025-10-27,1
pw_strait_of_hormuz_n_total_z,sp500,0.0,,0.0,0.0,0.0,0,,,,0.0,2025-10-27,1
pw_strait_of_hormuz_n_total_z,vix,0.0,,0.0,0.0,0.0,0,,,,0.0,2025-10-27,1
pw_strait_of_hormuz_n_total_z,us2y,0.0,,0.0,0.0,0.0,0,,,,0.0,2025-10-27,1
pw_strait_of_hormuz_n_total_z,us10y,0.0,,0.0069371586914877045,0.005525170724994854,0.7964601893531078,0,,,,0.0,2025-10-27,1
pw_strait_of_hormuz_n_total_z,wti,0.0,,0.0,0.0,0.0,0,,,,0.0,2025-10-27,1
pw_strait_of_hormuz_n_total_z,brent,0.0,,0.000682937170849471,0.0,0.0,0,,,,0.0,2025-10-27,1
pw_strait_of_hormuz_n_total_z,henry_hub,0.0,,0.004112242189148488,0.009405253720389823,2.2871351656302488,0,,,,0.0,2025-10-27,1
pw_suez_canal_capacity_z,audusd,0.0,,0.0,0.0,0.0,0,,,,0.0,2025-10-27,1
pw_suez_canal_capacity_z,cnyusd,0.0,,0.0,0.0,0.0,0,,,,0.0,2025-10-27,1
pw_suez_canal_capacity_z,krwusd,0.0,,0.0,0.0,0.0,0,,,,0.0,2025-10-27,1
pw_suez_canal_capacity_z,eurusd,0.0,,0.00024148006882276945,0.0,0.0,0,,,,0.0,2025-10-27,1
pw_suez_canal_capacity_z,sp500,0.0,,0.0,0.0,0.0,0,,,,0.0,2025-10-27,1
pw_suez_canal_capacity_z,vix,0.0,,0.0,0.0,0.0,0,,,,0.0,2025-10-27,1
pw_suez_canal_capacity_z,us2y,0.0,,0.0,0.0,0.0,0,,,,0.0,2025-10-27,1
pw_suez_canal_capacity_z,us10y,0.0,,0.0006221109558443278,0.0,0.0,0,,,,0.0,2025-10-27,1
pw_suez_canal_capacity_z,wti,0.0,,1.9457093865897944e-05,0.0,0.0,0,,,,0.0,2025-10-27,1
pw_suez_canal_capacity_z,brent,0.0,,0.0,0.0,0.0,0,,,,0.0,2025-10-27,1
pw_suez_canal_capacity_z,henry_hub,0.0,,0.0,0.0,0.0,0,,,,0.0,2025-10-27,1
pw_suez_canal_n_total_z,audusd,0.0,,2.486057232288416e-05,0.0,0.0,0,,,,0.0,2025-10-27,1
pw_suez_canal_n_total_z,brlusd,0.0,,0.0,0.0,0.0,0,,,,0.0,2025-10-27,1
pw_suez_canal_n_total_z,cnyusd,0.0,,0.0,0.0,0.0,0,,,,0.0,2025-10-27,1
pw_suez_canal_n_total_z,krwusd,0.0,,0.0,0.0,0.0,0,,,,0.0,2025-10-27,1
pw_suez_canal_n_total_z,eurusd,0.0,,0.0,0.0,0.0,0,,,,0.0,2025-10-27,1
pw_suez_canal_n_total_z,sp500,0.0,,0.0,0.0,0.0,0,,,,0.0,2025-10-27,1
pw_suez_canal_n_total_z,vix,0.0,,0.0011380368922221439,0.0,0.0,0,,,,0.0,2025-10-27,1
pw_suez_canal_n_total_z,us2y,0.0,,0.0,0.0,0.0,0,,,,0.0,2025-10-27,1
pw_suez_canal_n_total_z,us10y,0.0,,0.0,0.0,0.0,0,,,,0.0,2025-10-27,1
pw_suez_canal_n_total_z,wti,0.0,,0.0006484233110398812,0.0,0.0,0,,,,0.0,2025-10-27,1
pw_suez_canal_n_total_z,brent,0.0,,0.004728243291546624,0.0,0.0,0,,,,0.0,2025-10-27,1
wti,brent,1.0,1.0,0.37857738276543523,0.3724920336367363,0.9839257456844182,540,3.3070907206705e-05,0.5397899001158712,1.7167387695973506,0.6842382813579714,2025-11-26,1
sp500,audusd,1.0,1.0,0.20180101564381028,0.21440541920223857,1.0624595645280386,540,2.6343475717587766e-06,0.493043096646952,1.0922228574916588,0.4976001380351075,2025-11-26,1
sp500,eurusd,1.0,1.0,0.14389600107472864,0.1426485541860094,0.9913309134416363,540,4.895328503657953e-07,0.5392189757234427,0.850234587991475,0.39775437967433,2025-11-26,1
sp500,cnyusd,1.0,1.0,0.10345240588043308,0.10432982496212394,1.0084813791832443,540,4.0485619833008666e-08,0.49685806438949415,0.8342198584696836,0.39449291334810893,2025-11-26,1
audusd,wti,0.8935081723721847,1.0,0.06425270752390297,0.06125595530090848,0.95335990748904,480,0.012056442825481208,0.5188181779306394,0.9611558524947545,0.3805200302103801,2025-11-26,1
us2y,cnyusd,1.0,1.0,0.11022043729689272,0.10978160106530659,0.9960185584239329,540,4.02370343028215e-08,0.5140363458944363,0.6635494178904727,0.31884001200237505,2025-11-26,1
sp500,brlusd,1.0,1.0,0.07991712970352825,0.08177712390866154,1.023274036643125,540,3.918416579530756e-07,0.5088532868445148,0.5258481520524093,0.2570284797626085,2025-11-26,1
brent,vix,0.8792557190889486,1.0,0.06903136468185757,0.06984406314916229,1.0117728871658582,480,0.006346768584118733,0.5045714272718081,0.5890172442759667,0.2517126663080954,2025-11-26,1
audusd,eurusd,0.9955903161355345,0.6771642656414215,0.07048868614658302,0.07955920104934394,1.1286804365157064,520,1.264139788253514e-07,0.5823026962820506,0.7574025528958187,0.2437687205252474,2025-11-26,1
eurusd,wti,1.0,1.0,0.09040689708943858,0.08731767977554657,0.9658298491227292,540,0.011969124502721577,0.5136780424359286,0.3733133155394248,0.1782136662659844,2025-11-26,1
pw_cape_of_good_hope_capacity_z,henry_hub,0.27034844329712204,1.0,0.039938660231354596,0.029115886217509178,0.7290150958707223,360,0.0001754613671967643,0.546468177601362,1.7580883121638526,0.1391323995220043,2025-11-26,1
sp500,krwusd,1.0,1.0,0.21364552580477533,0.20419775553365477,0.9557782910007967,540,3.1557803863247945e-07,0.4799163046428993,0.28260695140993247,0.13416305096655293,2025-11-26,1
sp500,vix,0.9426915794226313,1.0,0.055263973677877956,0.05474125508103506,0.9905414221588605,520,0.024776729235970033,0.51738092342156,0.2776294147904058,0.1287954962882627,2025-11-26,1
vix,brlusd,0.9242189945495309,1.0,0.08087273564402667,0.06998943403826906,0.8654268151177416,500,8.029032970504319e-08,0.462805250957497,0.06980084245950294,0.02790356076800421,2025-11-26,1
cnyusd,us10y,1.0,1.0,0.06546515869934016,0.06134796410030821,0.9371086134849094,540,5.097600032451986e-07,0.5075591340225838,0.04032172914121192,0.018890360518890918,2025-11-26,1
audusd,us2y,0.010694133224568992,1.0,0.013356440936320388,0.009119809178837864,0.6828023440015535,40,5.58936822148575e-05,0.5524668454893161,0.6254922979652151,0.002212012711066343,2025-11-26,1
pw_suez_canal_capacity_z,brlusd,0.023958538208580467,1.0,0.03618322700566608,0.032882923248192204,0.9087891260512208,80,8.179476256627033e-08,0.5582242768890885,0.130588647203311,0.001419653299849243,2025-11-26,1
brent,us10y,0.007163552572171091,1.0,0.042959600817952776,0.04232476741004178,0.9852225487242958,20,9.526109637754128e-06,0.39759815730182047,0.23458885524139272,0.000824052483809361,2025-11-26,1
brlusd,wti,1.0,1.0,0.058660506631436675,0.05085905353039024,0.867006721403501,540,-0.0010190070944527346,0.4858800060954176,-0.10755702932176772,0.0,2025-11-26,1
cnyusd,us2y,1.0,1.0,0.061546485807368045,0.05032620492563585,0.8176942073207866,540,-1.2222623758377268e-05,0.46553169467325584,-0.5884047398113552,0.0,2025-11-26,1
eurusd,krwusd,1.0,1.0,0.1547824764931575,0.1366966274357577,0.8831531225810351,540,-3.6199438262028677e-07,0.5358058710272708,-0.5236955663613279,0.0,2025-11-26,1
eurusd,sp500,1.0,1.0,0.09092006756789538,0.0955003404852498,1.0503769194180819,540,-1.7728668794318434e-08,0.43475869879978957,-0.011564649096039006,0.0,2025-11-26,1
us2y,krwusd,1.0,1.0,0.14861999160726924,0.12921767988425079,0.8694501896199175,540,-4.677068824898798e-07,0.47564435078717826,-0.9337031813890212,0.0,2025-11-26,1
us2y,eurusd,1.0,0.9955903161355345,0.07645641987013431,0.06163477429167158,0.8061425632584136,540,-1.1823452230243246e-07,0.46098543177901224,-0.7010167031389186,0.0,2025-11-26,1
brent,wti,1.0,1.0,0.07165116569540497,0.05756317995430815,0.8033809275206211,540,-0.011584391591817612,0.4580082763613991,-0.8844781541669198,0.0,2025-11-26,1
pw_panama_canal_n_total_z,henry_hub,1.0,1.0,0.2325153450227433,0.19717176861066277,0.8479946499504218,540,-3.10995981620878e-05,0.5310984502549431,-0.5497295639493454,0.0,2025-11-26,1
brent,brlusd,0.7764905893213568,1.0,0.054530902948804603,0.04826634030815355,0.8851190370617477,520,-2.2545440704993195e-07,0.4681514929660696,-1.0675410900345947,0.0,2025-11-26,1
vix,audusd,0.7571463037071653,1.0,0.0605521719375238,0.06300452824586412,1.0404998900926397,380,-4.6838330189107715e-07,0.47071345763129424,-1.4516249101176368,0.0,2025-11-26,1
eurusd,audusd,0.7198087872841072,0.9938738121257125,0.05544124468821321,0.05264561062764251,0.9495748323059375,200,-1.7762808761663872e-07,0.472457025860266,-0.7600673956994521,0.0,2025-11-26,1
krwusd,cnyusd,0.646862396025597,0.7359150153454567,0.048000183853425554,0.049724199269800484,1.035916850269562,200,-4.343826480991411e-09,0.45186214766512045,-0.17582007489355553,0.0,2025-11-26,1
eurusd,vix,0.6443208557131856,1.0,0.0644546298695212,0.0724240214021579,1.1236434302511633,140,-0.008009785319199042,0.4887031614516797,-0.2914706933093941,0.0,2025-11-26,1
brlusd,us2y,0.5791885549654574,1.0,0.053598909014300686,0.052660637639755044,0.9824945807330648,420,-2.565747767506773e-06,0.543707275308811,-0.06678779474027072,0.0,2025-11-26,1
pw_malacca_strait_capacity_z,us2y,0.5609421116736598,1.0,0.049971724329521156,0.04531880797702087,0.9068890174407782,220,-1.3873237644268078e-05,0.4957758601005811,-0.441677833568421,0.0,2025-11-26,1
wti,sp500,0.35567914428681424,1.0,0.04839197139664638,0.03791648708721394,0.7835284654231218,400,-3.73521489162438e-07,0.47653290655791264,-0.5083529669425901,0.0,2025-11-26,1
brlusd,audusd,0.27034844329712204,0.8647473010856318,0.04042394687454264,0.028887896433184852,0.7146233524113716,360,-2.470653046149885e-07,0.4646009874176552,-1.3104425057003661,0.0,2025-11-26,1
brlusd,brent,0.22021623358831793,1.0,0.0463542191969202,0.03951025106057712,0.8523550120158686,280,-4.2116472229415585e-06,0.4589110050765752,-1.2777087686787956,0.0,2025-11-26,1
pw_cape_of_good_hope_n_total_z,henry_hub,0.20133496795519756,0.6395406756291061,0.047111676170804355,0.04479307858926893,0.9507850755908301,260,-8.978657676589767e-05,0.48749455520286183,-0.7772999451635215,0.0,2025-11-26,1
us10y,eurusd,0.1772820169951683,0.9158390659489277,0.032141645780598874,0.014572102337482152,0.45337138107215613,300,-8.020490592338175e-08,0.47342468080163946,-0.5115521853486397,0.0,2025-11-26,1
pw_bab_el_mandeb_strait_n_total_z,henry_hub,0.1676586845951828,1.0,0.02945106358380508,0.02048740876900934,0.6956424073008763,200,-3.0022857267389293e-05,0.5204348386330874,-0.45694958732023866,0.0,2025-11-26,1
us10y,krwusd,0.16236179685439683,1.0,0.016652126894690616,0.0,0.0,240,-2.1877647340652726e-07,0.4319774877759927,-0.9936921796839678,0.0,2025-11-26,1
us2y,wti,0.15327940216838834,1.0,0.041166797429995,0.03565764311241292,0.8661748141338779,280,-0.014120907735312301,0.45918688886356285,-0.6878765053746134,0.0,2025-11-26,1
us10y,us2y,0.15327940216838834,1.0,0.039552780510400266,0.030971690395260786,0.7830471080817413,280,-1.810325809435364e-05,0.5089496683753805,-0.43903356748732014,0.0,2025-11-26,1
pw_cape_of_good_hope_capacity_z,brent,0.15327940216838834,1.0,0.049584710523478764,0.047826059310800834,0.964532389236291,280,-1.1065877589067675e-05,0.38045969143121966,-2.2017092901248083,0.0,2025-11-26,1
henry_hub,krwusd,0.13579669668137204,1.0,0.029929983831011305,0.02089131610796166,0.6980062610764118,160,-1.6762534007269402e-07,0.4681133454611047,-0.6405786902307203,0.0,2025-11-26,1
sp500,wti,0.12778087123757337,1.0,0.03979733376647762,0.03290604581874497,0.826840461520129,240,-0.00393678443205044,0.5202623829233483,-0.28423382124155244,0.0,2025-11-26,1
eurusd,us2y,0.12353304204022633,1.0,0.02270226279665712,0.0,0.0,240,-1.8797093511585326e-05,0.4731839691368938,-0.7293238725407807,0.0,2025-11-26,1
us10y,sp500,0.08356679441991585,1.0,0.040284139500052475,0.03574006489587032,0.8871994124591829,160,-1.2885632983144753e-06,0.5106106426540944,-1.4287681847758524,0.0,2025-11-26,1
krwusd,us2y,0.08096346008016889,1.0,0.02586373072605011,0.018810350501303384,0.72728682109103,200,-8.480960205791343e-06,0.5325201950507704,-0.15635574678328296,0.0,2025-11-26,1
henry_hub,cnyusd,0.06350738080648216,1.0,0.040544848695915715,0.037315375938117436,0.9203481364052148,140,-5.8737760650207626e-08,0.5946189537236498,-0.4590948140345447,0.0,2025-11-26,1
pw_suez_canal_n_total_z,henry_hub,0.04576632901825595,1.0,0.010365652173634008,0.0,0.0,140,0.00011369156606820152,0.5622340909004842,0.7553141850767681,0.0,2025-11-26,1
henry_hub,brlusd,0.036565356603233824,0.5799114645855681,0.010100204168059025,0.00916496486817702,0.9074039213148172,120,-2.306199469798467e-06,0.5154017189945581,-1.4854727841034772,0.0,2025-11-26,1
pw_strait_of_hormuz_capacity_z,brent,0.03033192163606589,1.0,0.035805107596578956,0.0339787108128686,0.9489906075890452,60,-5.185965165730869e-06,0.4021796722530998,-0.6948023036075394,0.0,2025-11-26,1
us10y,cnyusd,0.02836822207304599,1.0,0.0074954842800347525,0.0,0.0,100,3.6378295990629835e-08,0.4779682352700415,0.3299882266022636,0.0,2025-11-26,1
pw_malacca_strait_n_total_z,henry_hub,0.02400261482677994,1.0,0.018878310236324327,0.0027876574077079393,0.1476645617542678,20,-3.06269189939006e-05,0.3500464416515344,-0.7627869741194296,0.0,2025-11-26,1
audusd,sp500,0.014920220140771434,1.0,0.016951204192570887,0.0016317141475073278,0.09625948274650897,60,-1.619454514164341e-06,0.4527991300545023,-1.2702065892735908,0.0,2025-11-26,1
us2y,us10y,0.014920220140771434,1.0,0.0132091529117473,0.01018118155009707,0.7707671807661971,60,-1.646551722952263e-05,0.49955110331497976,-0.361508039869699,0.0,2025-11-26,1
pw_cape_of_good_hope_n_total_z,brlusd,0.011573236436636613,1.0,0.017019562535225675,0.008471926132716705,0.4977757868442398,40,-1.7171219210588405e-06,0.33295839484824813,-1.3696789788072143,0.0,2025-11-26,1
krwusd,vix,0.010694133224568992,1.0,0.013386479956584235,0.00042544567522153314,0.03178174371465552,40,-0.050968838983727706,0.2993842190935326,-2.0392539999192283,0.0,2025-11-26,1
cnyusd,wti,0.007163552572171091,1.0,0.014274866370128814,0.009476828212956503,0.6638820964928575,20,-0.026350855717256125,0.4432619032366698,-1.253648312962163,0.0,2025-11-26,1
audusd,vix,0.004409683864465522,1.0,0.012625888062675034,0.0,0.0,20,-0.11408765609220191,0.3523238476329137,-1.852075671741367,0.0,2025-11-26,1
brlusd,cnyusd,0.004409683864465522,1.0,0.015743774470591984,0.007777089617756623,0.4939787236080876,20,-2.7076723537119274e-09,0.503129747317165,-0.026983473890780166,0.0,2025-11-26,1
pw_bab_el_mandeb_strait_capacity_z,cnyusd,0.004409683864465522,1.0,0.005747816504072489,0.0,0.0,20,-8.052518251198796e-07,0.29832181352035564,-2.2556042702273813,0.0,2025-11-26,1
pw_bab_el_mandeb_strait_n_total_z,cnyusd,0.004409683864465522,1.0,0.01232974816739848,0.005806406340417939,0.4709265965196971,20,-6.296462030138997e-07,0.2507153160886358,-2.7206532902336567,0.0,2025-11-26,1
audusd,brlusd,0.0,,0.006213126392569796,0.008791633068697425,1.415009531950168,0,,,,0.0,2025-11-26,1
audusd,cnyusd,0.0,,0.0008832612516554263,0.0,0.0,0,,,,0.0,2025-11-26,1
audusd,krwusd,0.0,,0.022368189065539345,0.03052327430102175,1.364584062285409,0,,,,0.0,2025-11-26,1
audusd,us10y,0.0,,0.005998230660610239,0.007634593006489963,1.272807505824267,0,,,,0.0,2025-11-26,1
audusd,brent,0.0,,0.0011300946484759393,0.0010099972630452216,0.8937280292472116,0,,,,0.0,2025-11-26,1
audusd,henry_hub,0.0,,0.01447455068487164,0.014150587624073016,0.9776184375009844,0,,,,0.0,2025-11-26,1
brlusd,krwusd,0.0,,0.015886064524432118,0.015278916049332788,0.9617810645194371,0,,,,0.0,2025-11-26,1
brlusd,eurusd,0.0,,0.004634361001749946,0.0,0.0,0,,,,0.0,2025-11-26,1
brlusd,sp500,0.0,,0.015862012261144733,0.021240179189093315,1.3390595618894352,0,,,,0.0,2025-11-26,1
brlusd,vix,0.0,,0.01754370470925992,0.025783508708250472,1.4696729758932514,0,,,,0.0,2025-11-26,1
brlusd,us10y,0.0,,0.024120616739875946,0.02216954353414402,0.9191118027050099,0,,,,0.0,2025-11-26,1
brlusd,henry_hub,0.0,,0.0028128353580343123,0.0013044559218747893,0.46375125303685727,0,,,,0.0,2025-11-26,1
cnyusd,audusd,0.0,,0.007993696717420467,0.004427868357379834,0.5539199839456367,0,,,,0.0,2025-11-26,1
cnyusd,brlusd,0.0,,0.02540481028795154,0.02538570982305768,0.9992481555785158,0,,,,0.0,2025-11-26,1
cnyusd,krwusd,0.0,,0.0016236637660030568,0.0,0.0,0,,,,0.0,2025-11-26,1
cnyusd,eurusd,0.0,,0.003955341800273735,0.0,0.0,0,,,,0.0,2025-11-26,1
cnyusd,sp500,0.0,,0.005218034996149791,0.0042954727038071305,0.8231973735278917,0,,,,0.0,2025-11-26,1
cnyusd,vix,0.0,,0.015475361105554917,0.015021648247274222,0.970681597981075,0,,,,0.0,2025-11-26,1
cnyusd,brent,0.0,,0.0,0.0,0.0,0,,,,0.0,2025-11-26,1
cnyusd,henry_hub,0.0,,0.0021655035991776372,0.0,0.0,0,,,,0.0,2025-11-26,1
krwusd,audusd,0.0,,0.006886101628087063,0.0009992772875205933,0.14511509435828487,0,,,,0.0,2025-11-26,1
krwusd,brlusd,0.0,,1.6870094136395303e-06,0.0,0.0,0,,,,0.0,2025-11-26,1
krwusd,eurusd,0.0,,0.01575200717860182,0.013537523436665127,0.8594157736961332,0,,,,0.0,2025-11-26,1
krwusd,sp500,0.0,,0.008176894385369742,0.0,0.0,0,,,,0.0,2025-11-26,1
krwusd,us10y,0.0,,0.0019805405927320824,0.0,0.0,0,,,,0.0,2025-11-26,1
krwusd,wti,0.0,,0.00011110417980500885,0.0,0.0,0,,,,0.0,2025-11-26,1
krwusd,brent,0.0,,0.0003354857545695607,0.0,0.0,0,,,,0.0,2025-11-26,1
krwusd,henry_hub,0.0,,0.0010414484862605376,0.0,0.0,0,,,,0.0,2025-11-26,1
eurusd,brlusd,0.0,,0.01964130837420825,0.01784151090065649,0.9083667218465372,0,,,,0.0,2025-11-26,1
eurusd,cnyusd,0.0,,0.0008754586352025212,0.0,0.0,0,,,,0.0,2025-11-26,1
eurusd,us10y,0.0,,0.008696682851784704,0.0,0.0,0,,,,0.0,2025-11-26,1
eurusd,brent,0.0,,0.03271774315495249,0.03274604125357237,1.0008649159719196,0,,,,0.0,2025-11-26,1
eurusd,henry_hub,0.0,,0.004589919225986526,0.0,0.0,0,,,,0.0,2025-11-26,1
sp500,us2y,0.0,,0.0010173013743673702,0.0,0.0,0,,,,0.0,2025-11-26,1
sp500,us10y,0.0,,0.013217705966759532,0.012923080242446726,0.9777097686199298,0,,,,0.0,2025-11-26,1
sp500,brent,0.0,,0.0073852886704516285,0.0,0.0,0,,,,0.0,2025-11-26,1
sp500,henry_hub,0.0,,0.00018356414749096315,0.0,0.0,0,,,,0.0,2025-11-26,1
vix,cnyusd,0.0,,0.0,0.0,0.0,0,,,,0.0,2025-11-26,1
vix,krwusd,0.0,,0.007904101650889636,0.014365325650955954,1.8174520376188588,0,,,,0.0,2025-11-26,1
vix,eurusd,0.0,,0.0020073884509903884,0.0,0.0,0,,,,0.0,2025-11-26,1
vix,sp500,0.0,,0.00730551184742754,0.00034141240710336255,0.046733536846372055,0,,,,0.0,2025-11-26,1
vix,us2y,0.0,,0.018176712205826246,0.026230735991033125,1.4430957421785715,0,,,,0.0,2025-11-26,1
vix,us10y,0.0,,0.015822838903123145,0.028358558693714817,1.7922547823018882,0,,,,0.0,2025-11-26,1
vix,wti,0.0,,1.9603004613674204e-05,0.0,0.0,0,,,,0.0,2025-11-26,1
vix,brent,0.0,,5.962100042532126e-05,0.0,0.0,0,,,,0.0,2025-11-26,1
vix,henry_hub,0.0,,0.023822101089340787,0.025685891139063558,1.078237853274694,0,,,,0.0,2025-11-26,1
us2y,audusd,0.0,,0.023994986709549734,0.015601753996557029,0.6502089034434725,0,,,,0.0,2025-11-26,1
us2y,brlusd,0.0,,0.020500488085950605,0.02888453838853068,1.4089683263846695,0,,,,0.0,2025-11-26,1
us2y,sp500,0.0,,0.009230386006134796,0.010013402197434094,1.0848302758713322,0,,,,0.0,2025-11-26,1
us2y,vix,0.0,,0.00044916016100419537,0.0,0.0,0,,,,0.0,2025-11-26,1
us2y,brent,0.0,,0.002310570540164128,0.0007088873471258699,0.30680186335082205,0,,,,0.0,2025-11-26,1
us2y,henry_hub,0.0,,0.010929225939008198,0.0061025957657660276,0.5583740147584344,0,,,,0.0,2025-11-26,1
us10y,audusd,0.0,,0.003306460331539859,0.0,0.0,0,,,,0.0,2025-11-26,1
us10y,brlusd,0.0,,0.0057836922490790595,0.001053899457837229,0.18221914521904964,0,,,,0.0,2025-11-26,1
us10y,vix,0.0,,0.026383606679108856,0.019844592570836758,0.7521561707691071,0,,,,0.0,2025-11-26,1
us10y,wti,0.0,,0.0008628925562956227,0.0,0.0,0,,,,0.0,2025-11-26,1
us10y,brent,0.0,,0.005675168097335411,0.0022126593892067372,0.389884378974716,0,,,,0.0,2025-11-26,1
us10y,henry_hub,0.0,,0.0,0.0,0.0,0,,,,0.0,2025-11-26,1
wti,audusd,0.0,,0.023806643419491093,0.021475274990193,0.902070678834575,0,,,,0.0,2025-11-26,1
wti,brlusd,0.0,,0.014651236661196752,0.008236173427816532,0.5621486853481609,0,,,,0.0,2025-11-26,1
wti,cnyusd,0.0,,0.010045688003911337,0.007388135321857322,0.7354533924386977,0,,,,0.0,2025-11-26,1
wti,krwusd,0.0,,0.0,0.0,0.0,0,,,,0.0,2025-11-26,1
wti,eurusd,0.0,,1.965561561391828e-05,0.0,0.0,0,,,,0.0,2025-11-26,1
wti,vix,0.0,,0.018594567603144974,0.006944991205546111,0.37349570873438737,0,,,,0.0,2025-11-26,1
wti,us2y,0.0,,0.0012444467621863014,0.0018602095940202323,1.4948084968714375,0,,,,0.0,2025-11-26,1
wti,us10y,0.0,,0.01376973104784897,0.012624358119783425,0.9168195134614144,0,,,,0.0,2025-11-26,1
wti,henry_hub,0.0,,5.5038954848975106e-05,0.0,0.0,0,,,,0.0,2025-11-26,1
brent,audusd,0.0,,0.010153136663802284,0.005516498847046127,0.5433295177354811,0,,,,0.0,2025-11-26,1
brent,cnyusd,0.0,,0.013187059546158196,0.011221712568105783,0.8509639718260785,0,,,,0.0,2025-11-26,1
brent,krwusd,0.0,,0.009570939920764368,0.009952303196519496,1.0398459585905195,0,,,,0.0,2025-11-26,1
brent,eurusd,0.0,,0.004819740790461868,0.0,0.0,0,,,,0.0,2025-11-26,1
brent,sp500,0.0,,0.027570824173614606,0.028716798469105017,1.0415647456990826,0,,,,0.0,2025-11-26,1
brent,us2y,0.0,,0.0,0.0,0.0,0,,,,0.0,2025-11-26,1
brent,henry_hub,0.0,,3.3889621211851e-05,0.0,0.0,0,,,,0.0,2025-11-26,1
henry_hub,audusd,0.0,,0.000820113659967641,0.0,0.0,0,,,,0.0,2025-11-26,1
henry_hub,eurusd,0.0,,2.0950027327564895e-05,0.0,0.0,0,,,,0.0,2025-11-26,1
henry_hub,sp500,0.0,,0.002910288855324752,0.001958570062896744,0.6729813294351471,0,,,,0.0,2025-11-26,1
henry_hub,vix,0.0,,0.012734791813769306,0.012311075680331407,0.9667276748898429,0,,,,0.0,2025-11-26,1
henry_hub,us2y,0.0,,0.012027514787328445,0.007119688763926411,0.5919501151998033,0,,,,0.0,2025-11-26,1
henry_hub,us10y,0.0,,7.687725722663399e-06,0.0,0.0,0,,,,0.0,2025-11-26,1
henry_hub,wti,0.0,,0.0004515522771744086,0.0,0.0,0,,,,0.0,2025-11-26,1
henry_hub,brent,0.0,,0.0009219256898999135,0.0,0.0,0,,,,0.0,2025-11-26,1
pw_bab_el_mandeb_strait_capacity_z,audusd,0.0,,0.0010307488656058036,0.0,0.0,0,,,,0.0,2025-11-26,1
pw_bab_el_mandeb_strait_capacity_z,brlusd,0.0,,0.0002657205117699589,0.0,0.0,0,,,,0.0,2025-11-26,1
pw_bab_el_mandeb_strait_capacity_z,krwusd,0.0,,9.746259837947323e-06,0.0,0.0,0,,,,0.0,2025-11-26,1
pw_bab_el_mandeb_strait_capacity_z,eurusd,0.0,,0.007516678603526051,0.007292643107906906,0.9701948816177866,0,,,,0.0,2025-11-26,1
pw_bab_el_mandeb_strait_capacity_z,sp500,0.0,,0.00047748995783721075,0.0,0.0,0,,,,0.0,2025-11-26,1
pw_bab_el_mandeb_strait_capacity_z,vix,0.0,,2.865072342463604e-05,0.0,0.0,0,,,,0.0,2025-11-26,1
pw_bab_el_mandeb_strait_capacity_z,us2y,0.0,,6.43521147590782e-05,0.0,0.0,0,,,,0.0,2025-11-26,1
pw_bab_el_mandeb_strait_capacity_z,us10y,0.0,,0.0,0.0,0.0,0,,,,0.0,2025-11-26,1
pw_bab_el_mandeb_strait_capacity_z,wti,0.0,,0.0,0.0,0.0,0,,,,0.0,2025-11-26,1
pw_bab_el_mandeb_strait_capacity_z,brent,0.0,,0.0,0.0,0.0,0,,,,0.0,2025-11-26,1
pw_bab_el_mandeb_strait_capacity_z,henry_hub,0.0,,0.02097060265009675,0.01247590732236897,0.5949236428983319,0,,,,0.0,2025-11-26,1
pw_bab_el_mandeb_strait_n_total_z,audusd,0.0,,0.0004908030686971416,0.0,0.0,0,,,,0.0,2025-11-26,1
pw_bab_el_mandeb_strait_n_total_z,brlusd,0.0,,0.0017203823344266959,0.0,0.0,0,,,,0.0,2025-11-26,1
pw_bab_el_mandeb_strait_n_total_z,krwusd,0.0,,2.4661286106524726e-05,0.0,0.0,0,,,,0.0,2025-11-26,1
pw_bab_el_mandeb_strait_n_total_z,eurusd,0.0,,0.00012584965489312563,0.0,0.0,0,,,,0.0,2025-11-26,1
pw_bab_el_mandeb_strait_n_total_z,sp500,0.0,,0.006875036232379841,0.005609774993952391,0.8159629715886645,0,,,,0.0,2025-11-26,1
pw_bab_el_mandeb_strait_n_total_z,vix,0.0,,0.0,0.0,0.0,0,,,,0.0,2025-11-26,1
pw_bab_el_mandeb_strait_n_total_z,us2y,0.0,,0.0,0.0,0.0,0,,,,0.0,2025-11-26,1
pw_bab_el_mandeb_strait_n_total_z,us10y,0.0,,0.01159778092772899,0.013369407001390995,1.152755607706492,0,,,,0.0,2025-11-26,1
pw_bab_el_mandeb_strait_n_total_z,wti,0.0,,0.0,0.0,0.0,0,,,,0.0,2025-11-26,1
pw_bab_el_mandeb_strait_n_total_z,brent,0.0,,0.0005265872200165688,0.0,0.0,0,,,,0.0,2025-11-26,1
pw_cape_of_good_hope_capacity_z,audusd,0.0,,3.2396935221111124e-05,0.0,0.0,0,,,,0.0,2025-11-26,1
pw_cape_of_good_hope_capacity_z,brlusd,0.0,,0.0001260004140331346,0.0,0.0,0,,,,0.0,2025-11-26,1
pw_cape_of_good_hope_capacity_z,cnyusd,0.0,,0.004364417790682342,0.0,0.0,0,,,,0.0,2025-11-26,1
pw_cape_of_good_hope_capacity_z,krwusd,0.0,,2.826429623675786e-05,0.0,0.0,0,,,,0.0,2025-11-26,1
pw_cape_of_good_hope_capacity_z,eurusd,0.0,,0.0004314559281959947,0.0,0.0,0,,,,0.0,2025-11-26,1
pw_cape_of_good_hope_capacity_z,sp500,0.0,,0.012090644973858996,0.008941361858578675,0.7395272855923453,0,,,,0.0,2025-11-26,1
pw_cape_of_good_hope_capacity_z,vix,0.0,,0.005343067440965058,0.0,0.0,0,,,,0.0,2025-11-26,1
pw_cape_of_good_hope_capacity_z,us2y,0.0,,0.0021069965490722632,0.0038836480713922627,1.8432152027502282,0,,,,0.0,2025-11-26,1
pw_cape_of_good_hope_capacity_z,us10y,0.0,,0.0019862387915046027,0.0,0.0,0,,,,0.0,2025-11-26,1
pw_cape_of_good_hope_capacity_z,wti,0.0,,0.010328256145263276,0.012454043385672178,1.2058224748215434,0,,,,0.0,2025-11-26,1
pw_cape_of_good_hope_n_total_z,audusd,0.0,,0.00014741554742503862,0.0,0.0,0,,,,0.0,2025-11-26,1
pw_cape_of_good_hope_n_total_z,cnyusd,0.0,,2.921952188964561e-05,0.0,0.0,0,,,,0.0,2025-11-26,1
pw_cape_of_good_hope_n_total_z,krwusd,0.0,,8.894335416796355e-07,0.0,0.0,0,,,,0.0,2025-11-26,1
pw_cape_of_good_hope_n_total_z,eurusd,0.0,,0.001526808481675268,0.0,0.0,0,,,,0.0,2025-11-26,1
pw_cape_of_good_hope_n_total_z,sp500,0.0,,2.5346823212241476e-06,0.0,0.0,0,,,,0.0,2025-11-26,1
pw_cape_of_good_hope_n_total_z,vix,0.0,,0.0,0.0,0.0,0,,,,0.0,2025-11-26,1
pw_cape_of_good_hope_n_total_z,us2y,0.0,,0.0032787646901325817,0.006541142261220724,1.9950020447963965,0,,,,0.0,2025-11-26,1
pw_cape_of_good_hope_n_total_z,us10y,0.0,,0.010304953637927449,0.0013716204395177094,0.13310301896647564,0,,,,0.0,2025-11-26,1
pw_cape_of_good_hope_n_total_z,wti,0.0,,0.00021646867092006385,0.0,0.0,0,,,,0.0,2025-11-26,1
pw_cape_of_good_hope_n_total_z,brent,0.0,,0.00023707904267583561,0.0,0.0,0,,,,0.0,2025-11-26,1
pw_malacca_strait_capacity_z,audusd,0.0,,0.0,0.0,0.0,0,,,,0.0,2025-11-26,1
pw_malacca_strait_capacity_z,brlusd,0.0,,0.010414779514663422,0.010552894509682696,1.013261442052116,0,,,,0.0,2025-11-26,1
pw_malacca_strait_capacity_z,cnyusd,0.0,,0.0001878996333787986,0.0,0.0,0,,,,0.0,2025-11-26,1
pw_malacca_strait_capacity_z,krwusd,0.0,,0.0049089104696883575,0.0,0.0,0,,,,0.0,2025-11-26,1
pw_malacca_strait_capacity_z,eurusd,0.0,,5.620508413828883e-05,0.0,0.0,0,,,,0.0,2025-11-26,1
pw_malacca_strait_capacity_z,sp500,0.0,,0.0,0.0,0.0,0,,,,0.0,2025-11-26,1
pw_malacca_strait_capacity_z,vix,0.0,,8.732084047578224e-05,0.0,0.0,0,,,,0.0,2025-11-26,1
pw_malacca_strait_capacity_z,us10y,0.0,,0.0,0.0,0.0,0,,,,0.0,2025-11-26,1
pw_malacca_strait_capacity_z,wti,0.0,,0.0,0.0,0.0,0,,,,0.0,2025-11-26,1
pw_malacca_strait_capacity_z,brent,0.0,,0.0,0.0,0.0,0,,,,0.0,2025-11-26,1
pw_malacca_strait_capacity_z,henry_hub,0.0,,0.0,0.0,0.0,0,,,,0.0,2025-11-26,1
pw_malacca_strait_n_total_z,audusd,0.0,,0.0014210556634051876,0.0,0.0,0,,,,0.0,2025-11-26,1
pw_malacca_strait_n_total_z,brlusd,0.0,,0.0005782171589002824,0.0,0.0,0,,,,0.0,2025-11-26,1
pw_malacca_strait_n_total_z,cnyusd,0.0,,0.005298345190556973,0.0,0.0,0,,,,0.0,2025-11-26,1
pw_malacca_strait_n_total_z,krwusd,0.0,,0.0,0.0,0.0,0,,,,0.0,2025-11-26,1
pw_malacca_strait_n_total_z,eurusd,0.0,,0.010745297584046609,0.0030235644266825494,0.2813848944650535,0,,,,0.0,2025-11-26,1
pw_malacca_strait_n_total_z,sp500,0.0,,0.002638883395364078,0.0,0.0,0,,,,0.0,2025-11-26,1
pw_malacca_strait_n_total_z,vix,0.0,,0.0,0.0,0.0,0,,,,0.0,2025-11-26,1
pw_malacca_strait_n_total_z,us2y,0.0,,0.00013455564012607388,0.0,0.0,0,,,,0.0,2025-11-26,1
pw_malacca_strait_n_total_z,us10y,0.0,,0.014059158864339946,0.009582865051637442,0.6816101264737605,0,,,,0.0,2025-11-26,1
pw_malacca_strait_n_total_z,wti,0.0,,0.0,0.0,0.0,0,,,,0.0,2025-11-26,1
pw_malacca_strait_n_total_z,brent,0.0,,0.0014165009966857457,0.0,0.0,0,,,,0.0,2025-11-26,1
pw_panama_canal_capacity_z,audusd,0.0,,8.117857572061761e-06,0.0,0.0,0,,,,0.0,2025-11-26,1
pw_panama_canal_capacity_z,brlusd,0.0,,0.0,0.0,0.0,0,,,,0.0,2025-11-26,1
pw_panama_canal_capacity_z,cnyusd,0.0,,0.0008059438025166204,0.0,0.0,0,,,,0.0,2025-11-26,1
pw_panama_canal_capacity_z,krwusd,0.0,,0.0014844818225357931,0.0,0.0,0,,,,0.0,2025-11-26,1
pw_panama_canal_capacity_z,eurusd,0.0,,0.0,0.0,0.0,0,,,,0.0,2025-11-26,1
pw_panama_canal_capacity_z,sp500,0.0,,0.0044547693581075834,0.0,0.0,0,,,,0.0,2025-11-26,1
pw_panama_canal_capacity_z,vix,0.0,,0.0058614166722365,0.0,0.0,0,,,,0.0,2025-11-26,1
pw_panama_canal_capacity_z,us2y,0.0,,0.0,0.0,0.0,0,,,,0.0,2025-11-26,1
pw_panama_canal_capacity_z,us10y,0.0,,0.0,0.0,0.0,0,,,,0.0,2025-11-26,1
pw_panama_canal_capacity_z,wti,0.0,,0.0,0.0,0.0,0,,,,0.0,2025-11-26,1
pw_panama_canal_capacity_z,brent,0.0,,2.6902220622860714e-05,0.0,0.0,0,,,,0.0,2025-11-26,1
pw_panama_canal_capacity_z,henry_hub,0.0,,0.001602506821646858,0.0,0.0,0,,,,0.0,2025-11-26,1
pw_panama_canal_n_total_z,audusd,0.0,,0.0017662466564329193,0.0,0.0,0,,,,0.0,2025-11-26,1
pw_panama_canal_n_total_z,brlusd,0.0,,0.0,0.0,0.0,0,,,,0.0,2025-11-26,1
pw_panama_canal_n_total_z,cnyusd,0.0,,1.0788314622325758e-05,0.0,0.0,0,,,,0.0,2025-11-26,1
pw_panama_canal_n_total_z,krwusd,0.0,,0.0,0.0,0.0,0,,,,0.0,2025-11-26,1
pw_panama_canal_n_total_z,eurusd,0.0,,1.669513722632377e-05,0.0,0.0,0,,,,0.0,2025-11-26,1
pw_panama_canal_n_total_z,sp500,0.0,,0.00030714151763102575,0.0,0.0,0,,,,0.0,2025-11-26,1
pw_panama_canal_n_total_z,vix,0.0,,0.0,0.0,0.0,0,,,,0.0,2025-11-26,1
pw_panama_canal_n_total_z,us2y,0.0,,0.00034746000883471314,0.0,0.0,0,,,,0.0,2025-11-26,1
pw_panama_canal_n_total_z,us10y,0.0,,0.0003692013258171464,0.0,0.0,0,,,,0.0,2025-11-26,1
pw_panama_canal_n_total_z,wti,0.0,,0.0,0.0,0.0,0,,,,0.0,2025-11-26,1
pw_panama_canal_n_total_z,brent,0.0,,3.273739229789071e-05,0.0,0.0,0,,,,0.0,2025-11-26,1
pw_strait_of_hormuz_capacity_z,audusd,0.0,,0.009967705939946798,0.008664007300218135,0.8692077547649222,0,,,,0.0,2025-11-26,1
pw_strait_of_hormuz_capacity_z,brlusd,0.0,,0.0,0.0,0.0,0,,,,0.0,2025-11-26,1
pw_strait_of_hormuz_capacity_z,cnyusd,0.0,,0.0,0.0,0.0,0,,,,0.0,2025-11-26,1
pw_strait_of_hormuz_capacity_z,krwusd,0.0,,0.0062145513742485935,0.003766256902194727,0.6060384210195877,0,,,,0.0,2025-11-26,1
pw_strait_of_hormuz_capacity_z,eurusd,0.0,,0.002043760279590615,0.0,0.0,0,,,,0.0,2025-11-26,1
pw_strait_of_hormuz_capacity_z,sp500,0.0,,0.0,0.0,0.0,0,,,,0.0,2025-11-26,1
pw_strait_of_hormuz_capacity_z,vix,0.0,,0.0069848524751443646,0.0,0.0,0,,,,0.0,2025-11-26,1
pw_strait_of_hormuz_capacity_z,us2y,0.0,,0.00017124713669494637,0.0,0.0,0,,,,0.0,2025-11-26,1
pw_strait_of_hormuz_capacity_z,us10y,0.0,,0.00037459383101466566,0.0,0.0,0,,,,0.0,2025-11-26,1
pw_strait_of_hormuz_capacity_z,wti,0.0,,0.014203577748003052,0.01779043321154214,1.2525318287530323,0,,,,0.0,2025-11-26,1
pw_strait_of_hormuz_capacity_z,henry_hub,0.0,,0.0008609143931976508,0.0,0.0,0,,,,0.0,2025-11-26,1
pw_strait_of_hormuz_n_total_z,audusd,0.0,,9.431500078492016e-05,0.0,0.0,0,,,,0.0,2025-11-26,1
pw_strait_of_hormuz_n_total_z,brlusd,0.0,,0.012847686562032615,0.015654679243004427,1.2184823444609099,0,,,,0.0,2025-11-26,1
pw_strait_of_hormuz_n_total_z,cnyusd,0.0,,0.0,0.0,0.0,0,,,,0.0,2025-11-26,1
pw_strait_of_hormuz_n_total_z,krwusd,0.0,,0.00021636721087888317,0.0,0.0,0,,,,0.0,2025-11-26,1
pw_strait_of_hormuz_n_total_z,eurusd,0.0,,0.0,0.0,0.0,0,,,,0.0,2025-11-26,1
pw_strait_of_hormuz_n_total_z,sp500,0.0,,0.0,0.0,0.0,0,,,,0.0,2025-11-26,1
pw_strait_of_hormuz_n_total_z,vix,0.0,,0.0,0.0,0.0,0,,,,0.0,2025-11-26,1
pw_strait_of_hormuz_n_total_z,us2y,0.0,,0.0,0.0,0.0,0,,,,0.0,2025-11-26,1
pw_strait_of_hormuz_n_total_z,us10y,0.0,,0.006734607874430813,0.0052235705290553545,0.7756309834886762,0,,,,0.0,2025-11-26,1
pw_strait_of_hormuz_n_total_z,wti,0.0,,0.0,0.0,0.0,0,,,,0.0,2025-11-26,1
pw_strait_of_hormuz_n_total_z,brent,0.0,,0.0006022121255983818,0.0,0.0,0,,,,0.0,2025-11-26,1
pw_strait_of_hormuz_n_total_z,henry_hub,0.0,,0.004305297887668195,0.005745501262009014,1.3345188676644284,0,,,,0.0,2025-11-26,1
pw_suez_canal_capacity_z,audusd,0.0,,0.0,0.0,0.0,0,,,,0.0,2025-11-26,1
pw_suez_canal_capacity_z,cnyusd,0.0,,0.0,0.0,0.0,0,,,,0.0,2025-11-26,1
pw_suez_canal_capacity_z,krwusd,0.0,,0.0,0.0,0.0,0,,,,0.0,2025-11-26,1
pw_suez_canal_capacity_z,eurusd,0.0,,0.0002129364628879699,0.0,0.0,0,,,,0.0,2025-11-26,1
pw_suez_canal_capacity_z,sp500,0.0,,0.0,0.0,0.0,0,,,,0.0,2025-11-26,1
pw_suez_canal_capacity_z,vix,0.0,,0.0,0.0,0.0,0,,,,0.0,2025-11-26,1
pw_suez_canal_capacity_z,us2y,0.0,,0.0,0.0,0.0,0,,,,0.0,2025-11-26,1
pw_suez_canal_capacity_z,us10y,0.0,,0.0005485757359070887,0.0,0.0,0,,,,0.0,2025-11-26,1
pw_suez_canal_capacity_z,wti,0.0,,1.715721204686382e-05,0.0,0.0,0,,,,0.0,2025-11-26,1
pw_suez_canal_capacity_z,brent,0.0,,0.0,0.0,0.0,0,,,,0.0,2025-11-26,1
pw_suez_canal_capacity_z,henry_hub,0.0,,0.0,0.0,0.0,0,,,,0.0,2025-11-26,1
pw_suez_canal_n_total_z,audusd,0.0,,2.1921984541468547e-05,0.0,0.0,0,,,,0.0,2025-11-26,1
pw_suez_canal_n_total_z,brlusd,0.0,,0.0,0.0,0.0,0,,,,0.0,2025-11-26,1
pw_suez_canal_n_total_z,cnyusd,0.0,,0.0,0.0,0.0,0,,,,0.0,2025-11-26,1
pw_suez_canal_n_total_z,krwusd,0.0,,0.0,0.0,0.0,0,,,,0.0,2025-11-26,1
pw_suez_canal_n_total_z,eurusd,0.0,,0.0,0.0,0.0,0,,,,0.0,2025-11-26,1
pw_suez_canal_n_total_z,sp500,0.0,,0.0,0.0,0.0,0,,,,0.0,2025-11-26,1
pw_suez_canal_n_total_z,vix,0.0,,0.0010035178126591273,0.0,0.0,0,,,,0.0,2025-11-26,1
pw_suez_canal_n_total_z,us2y,0.0,,0.0,0.0,0.0,0,,,,0.0,2025-11-26,1
pw_suez_canal_n_total_z,us10y,0.0,,0.0,0.0,0.0,0,,,,0.0,2025-11-26,1
pw_suez_canal_n_total_z,wti,0.0,,0.0005717778986069227,0.0,0.0,0,,,,0.0,2025-11-26,1
pw_suez_canal_n_total_z,brent,0.0,,0.004169351976268679,0.0,0.0,0,,,,0.0,2025-11-26,1
wti,brent,1.0,1.0,0.37780960025413624,0.37226279745602975,0.9853185234192688,560,3.002470378366181e-05,0.552451996688948,1.698526716193297,0.6805441678681095,2026-01-06,1
sp500,audusd,1.0,1.0,0.20373553069086953,0.21771132893854442,1.068597746305138,560,2.5189522473255326e-06,0.5281271706060403,1.1430513050002564,0.5164788434116615,2026-01-06,1
sp500,cnyusd,1.0,1.0,0.10356714716688355,0.10439608932091239,1.008003910281444,560,4.348562548806882e-08,0.5317293364430378,0.9759007598255163,0.4525881613845936,2026-01-06,1
sp500,eurusd,1.0,1.0,0.143905627711446,0.14397517482237146,1.0004832827737975,560,4.818436960427183e-07,0.534484149510123,0.9140525878133028,0.42765746242458724,2026-01-06,1
audusd,wti,0.9064563801867367,1.0,0.06383577760598422,0.06082369019673389,0.9528150588555224,500,0.011119953243627604,0.5342204719818847,0.984754783540199,0.3939279829757198,2026-01-06,1
sp500,brlusd,1.0,1.0,0.08045992647913454,0.084381332123869,1.0487373754405729,560,5.140433554043124e-07,0.5322756824389114,0.7491239991990719,0.35797558606757784,2026-01-06,1
us2y,cnyusd,1.0,1.0,0.10998966158500688,0.10832243506501503,0.9848419706364556,560,3.3965075312762496e-08,0.5035767473133961,0.6122418549252991,0.29240357900484903,2026-01-06,1
brent,vix,0.8939368648301883,1.0,0.06907863386624474,0.0694201275058685,1.0049435494089964,500,0.005359894110368804,0.504655865229003,0.5458043931612685,0.23807618268573624,2026-01-06,1
audusd,eurusd,0.9961264840682807,0.7165700969646905,0.07141092206517127,0.07807356506427442,1.0933000555996555,540,8.534069682778099e-08,0.559146535419626,0.558294091952697,0.19423451155184926,2026-01-06,1
eurusd,wti,1.0,1.0,0.08993997602952655,0.08656673034666605,0.962494478742655,560,0.010249688925854669,0.52171263140967,0.3491700666158767,0.16635043821631504,2026-01-06,1
pw_cape_of_good_hope_capacity_z,henry_hub,0.2374771150071624,1.0,0.03818542254494836,0.025519252683575352,0.6682982924579777,360,0.00017546136719676433,0.5464681776013621,1.7580883121638524,0.11203661949207712,2026-01-06,1
brlusd,wti,1.0,1.0,0.05788609570575222,0.05229140629012104,0.9033500299610769,560,0.002151754397018509,0.5141861487605581,0.24457842082938017,0.10992255625499683,2026-01-06,1
sp500,vix,0.9496596384341915,1.0,0.05492963102714532,0.05251419081677537,0.9560266441772333,540,0.015983376433963154,0.5073430396002719,0.1983165375729287,0.08973188448774315,2026-01-06,1
vix,brlusd,0.9334331119970944,1.0,0.079525728719339,0.06979435079789348,0.8776323326028316,520,2.0717559982449534e-07,0.49688784573517714,0.19900482301975575,0.08124552475049882,2026-01-06,1
sp500,krwusd,1.0,1.0,0.21210773492609553,0.20099804875424873,0.9476224373631743,560,1.1987512710912814e-07,0.46661129413477054,0.11615667837603864,0.05497453981394948,2026-01-06,1
audusd,us2y,0.009393846972818583,1.0,0.012792311453103996,0.00871678882794648,0.6814084272339532,40,5.5893682214857484e-05,0.5524668454893161,0.6254922979652149,0.0019390901770241725,2026-01-06,1
pw_suez_canal_capacity_z,brlusd,0.021045449584148303,1.0,0.035586353912906286,0.031274276869847,0.8788277929901831,80,8.179476256627033e-08,0.5582242768890887,0.13058864720331098,0.001205926526781215,2026-01-06,1
brent,us10y,0.0062925451957260735,1.0,0.04302804437134741,0.04352251108281153,1.0114917310021503,20,9.526109637754116e-06,0.3975981573018204,0.2345888552413924,0.0007347141783738949,2026-01-06,1
cnyusd,us2y,1.0,1.0,0.06021856786355462,0.05062509724133515,0.8406891601282066,560,-7.71942896566378e-06,0.4707782951204461,-0.4056709075026992,0.0,2026-01-06,1
cnyusd,us10y,1.0,1.0,0.0649192474285759,0.06097534128376103,0.9392490470695313,560,-8.568626541512831e-07,0.5214944038905874,-0.07320275677444474,0.0,2026-01-06,1
eurusd,krwusd,1.0,1.0,0.15192697433213379,0.13129755500612025,0.8642149005026935,560,-4.93760140977597e-07,0.47981213115884935,-0.7587815631549268,0.0,2026-01-06,1
eurusd,sp500,1.0,1.0,0.09132900966577659,0.09428338950565265,1.03234875589572,560,-2.318581745156829e-07,0.4291198429548063,-0.16357771899812037,0.0,2026-01-06,1
us2y,krwusd,1.0,1.0,0.1454131933411321,0.1222458544999803,0.8406792512505906,560,-6.821996121445223e-07,0.4447223101422153,-1.4346509562881329,0.0,2026-01-06,1
us2y,eurusd,1.0,0.9961264840682807,0.07501739444715377,0.06462123391305806,0.8614166672848212,560,-3.914889176580205e-08,0.492828143880728,-0.2488830367132131,0.0,2026-01-06,1
brent,wti,1.0,1.0,0.06978912817687984,0.056336939873631045,0.8072452163443802,560,-0.010807140914426834,0.490424986249512,-0.8970194103411482,0.0,2026-01-06,1
pw_panama_canal_n_total_z,henry_hub,1.0,1.0,0.22755704528551726,0.1917360797756788,0.8425846782072001,560,-4.29234698835685e-05,0.5008080494477414,-0.814455503736891,0.0,2026-01-06,1
brent,brlusd,0.8036668183564115,1.0,0.054071552273103375,0.05075299841729701,0.938626621276839,520,-2.25454407049932e-07,0.4681514929660695,-1.0675410900345952,0.0,2026-01-06,1
vix,audusd,0.7866745801784986,1.0,0.061009168451757065,0.06431071479667891,1.0541155768666564,400,-2.6257749640024814e-07,0.5180064537123567,-0.9080149021192248,0.0,2026-01-06,1
eurusd,audusd,0.7538768855680086,0.9948618720034098,0.05504602344507848,0.05219076917055464,0.948129690469419,220,-1.6126533487001107e-07,0.47602179351525864,-0.77711327367857,0.0,2026-01-06,1
eurusd,vix,0.6875674369590571,1.0,0.06528640546392515,0.07129552279408016,1.0920423982214096,160,-0.012742875362829096,0.47994540260178037,-0.5351532009613086,0.0,2026-01-06,1
brlusd,us2y,0.630354491004158,1.0,0.05336722493276454,0.051693435945871134,0.9686363870521252,440,-5.979877032770562e-06,0.5471787376774198,-0.17869399078549567,0.0,2026-01-06,1
krwusd,cnyusd,0.5682112082515351,0.7359150153454567,0.04783687729330677,0.04665707797346608,0.9753370331301754,200,-4.3438264809914135e-09,0.45186214766512034,-0.17582007489355564,0.0,2026-01-06,1
pw_malacca_strait_capacity_z,us2y,0.4927378635573757,1.0,0.04918608574925688,0.04351028275663874,0.884605515845426,220,-1.3873237644268082e-05,0.4957758601005812,-0.441677833568421,0.0,2026-01-06,1
wti,sp500,0.3124325630409431,1.0,0.04729716119716481,0.03938776473591155,0.832772279328101,400,-3.735214891624378e-07,0.47653290655791275,-0.5083529669425899,0.0,2026-01-06,1
brlusd,audusd,0.2374771150071624,0.8647473010856316,0.039070646374359,0.02929380086064959,0.7497649406658988,360,-2.470653046149884e-07,0.46460098741765526,-1.3104425057003655,0.0,2026-01-06,1
brlusd,brent,0.19344041782708435,1.0,0.045918650071355045,0.042771904724985765,0.9314713010622174,280,-4.21164722294156e-06,0.4589110050765753,-1.2777087686787962,0.0,2026-01-06,1
pw_cape_of_good_hope_n_total_z,henry_hub,0.17685490161122297,0.6395406756291061,0.04675309461964158,0.04416254179762681,0.9445907732292346,260,-8.978657676589761e-05,0.4874945552028617,-0.7772999451635214,0.0,2026-01-06,1
us10y,eurusd,0.15572651880371105,0.9158390659489276,0.02985125676441005,0.013304466473165464,0.4456920048012056,300,-8.020490592338165e-08,0.4734246808016394,-0.5115521853486391,0.0,2026-01-06,1
pw_bab_el_mandeb_strait_n_total_z,henry_hub,0.14727327532565684,1.0,0.02801910914301178,0.01767403253334056,0.6307849561929638,200,-3.0022857267389266e-05,0.5204348386330874,-0.4569495873202382,0.0,2026-01-06,1
us10y,krwusd,0.14262042952466888,1.0,0.014627415662009853,0.0,0.0,240,-2.1877647340652726e-07,0.43197748777599276,-0.9936921796839677,0.0,2026-01-06,1
us2y,wti,0.1346423518221122,1.0,0.04063315705228508,0.03677790130380969,0.905120447729065,280,-0.01412090773531231,0.4591868888635627,-0.6878765053746139,0.0,2026-01-06,1
us10y,us2y,0.1346423518221122,1.0,0.03845977199957061,0.030563391739531508,0.7946846835148357,280,-1.8103258094353628e-05,0.5089496683753805,-0.4390335674873198,0.0,2026-01-06,1
pw_cape_of_good_hope_capacity_z,brent,0.1346423518221122,1.0,0.049203257866221255,0.04644747398799561,0.9439918412370509,280,-1.1065877589067675e-05,0.3804596914312197,-2.2017092901248083,0.0,2026-01-06,1
henry_hub,krwusd,0.11928534657753745,1.0,0.02884486929039311,0.021005518586787914,0.7282237397339804,160,-1.6762534007269394e-07,0.46811334546110467,-0.6405786902307201,0.0,2026-01-06,1
sp500,wti,0.1122441553001672,1.0,0.03916290349365872,0.03457949665554009,0.8829656019028115,240,-0.003936784432050441,0.5202623829233484,-0.28423382124155244,0.0,2026-01-06,1
eurusd,us2y,0.10851281432950553,1.0,0.019941923124592892,0.0,0.0,240,-1.8797093511585312e-05,0.4731839691368938,-0.7293238725407803,0.0,2026-01-06,1
us10y,sp500,0.07340601265244834,1.0,0.03990000760594771,0.03712486772752359,0.9304476353530708,160,-1.2885632983144753e-06,0.5106106426540943,-1.4287681847758524,0.0,2026-01-06,1
krwusd,us2y,0.07111921447132204,1.0,0.024634162013569338,0.01575121003890903,0.6394051492489465,200,-8.480960205791364e-06,0.5325201950507704,-0.15635574678328332,0.0,2026-01-06,1
henry_hub,cnyusd,0.055785597992178894,1.0,0.04027563621778433,0.03833072538039362,0.9517099909515048,140,-5.8737760650207606e-08,0.5946189537236499,-0.45909481403454466,0.0,2026-01-06,1
pw_suez_canal_n_total_z,henry_hub,0.04020165844927467,1.0,0.00910530552105654,0.0,0.0,140,0.00011369156606820149,0.5622340909004842,0.7553141850767677,0.0,2026-01-06,1
henry_hub,brlusd,0.032119420735116554,0.5799114645855682,0.010091273699778507,0.010026756019683163,0.993606587036009,120,-2.306199469798468e-06,0.5154017189945581,-1.4854727841034774,0.0,2026-01-06,1
pw_strait_of_hormuz_capacity_z,brent,0.02664390131087149,1.0,0.03600461696029023,0.03744596145641569,1.0400322130274329,60,-5.185965165730868e-06,0.4021796722530998,-0.6948023036075395,0.0,2026-01-06,1
us10y,cnyusd,0.024918965515867576,1.0,0.00658411774336686,0.0,0.0,100,3.6378295990629895e-08,0.47796823527004145,0.3299882266022643,0.0,2026-01-06,1
pw_malacca_strait_n_total_z,henry_hub,0.021084166981598887,1.0,0.0168724133470393,0.002380920880799352,0.1411132380310696,20,-3.062691899390058e-05,0.35004644165153453,-0.7627869741194291,0.0,2026-01-06,1
audusd,sp500,0.013106089279042197,1.0,0.015147478797030406,0.002116563239871656,0.13973039792513844,60,-1.6194545141643412e-06,0.4527991300545022,-1.2702065892735914,0.0,2026-01-06,1
us2y,us10y,0.013106089279042197,1.0,0.01284691687554058,0.010229962426021817,0.7962970824150644,60,-1.6465517229522615e-05,0.49955110331497976,-0.36150803986969876,0.0,2026-01-06,1
pw_cape_of_good_hope_n_total_z,brlusd,0.010166061127445346,1.0,0.015928642287971178,0.00804734857401957,0.5052124612087423,40,-1.71712192105884e-06,0.3329583948482481,-1.3696789788072143,0.0,2026-01-06,1
krwusd,vix,0.009393846972818583,1.0,0.012007423353661697,0.0020445042831337933,0.1702700257095804,40,-0.05096883898372771,0.2993842190935326,-2.0392539999192287,0.0,2026-01-06,1
cnyusd,wti,0.0062925451957260735,1.0,0.01372580253697204,0.009759120877421593,0.7110054840971426,20,-0.026350855717256122,0.44326190323666975,-1.253648312962163,0.0,2026-01-06,1
audusd,vix,0.003873515931719274,1.0,0.01109072216196244,0.0,0.0,20,-0.11408765609220188,0.3523238476329138,-1.8520756717413664,0.0,2026-01-06,1
brlusd,cnyusd,0.003873515931719274,1.0,0.014476969248735075,0.0053250041468417865,0.3678258933448421,20,-2.7076723537118278e-09,0.5031297473171651,-0.026983473890779163,0.0,2026-01-06,1
pw_bab_el_mandeb_strait_capacity_z,cnyusd,0.003873515931719274,1.0,0.005048946701267057,0.0,0.0,20,-8.052518251198797e-07,0.2983218135203557,-2.2556042702273813,0.0,2026-01-06,1
pw_bab_el_mandeb_strait_n_total_z,cnyusd,0.003873515931719274,1.0,0.011588061253288245,0.006229784671101471,0.5376037056529795,20,-6.296462030138998e-07,0.2507153160886358,-2.7206532902336567,0.0,2026-01-06,1
audusd,brlusd,0.0,,0.006634132090017319,0.009675664745755881,1.4584673043087724,0,,,,0.0,2026-01-06,1
audusd,cnyusd,0.0,,0.0007758666233939391,0.0,0.0,0,,,,0.0,2026-01-06,1
audusd,krwusd,0.0,,0.02402829114459873,0.036021607900004395,1.4991331544649449,0,,,,0.0,2026-01-06,1
audusd,us10y,0.0,,0.006040974446290483,0.006349774590242353,1.0511176047337019,0,,,,0.0,2026-01-06,1
audusd,brent,0.0,,0.000992687856945231,0.0,0.0,0,,,,0.0,2026-01-06,1
audusd,henry_hub,0.0,,0.014625181936384323,0.015713409181830798,1.0744077749035859,0,,,,0.0,2026-01-06,1
brlusd,krwusd,0.0,,0.015601524382476426,0.013545879675353137,0.8682407784823781,0,,,,0.0,2026-01-06,1
brlusd,eurusd,0.0,,0.004070874857554603,0.0,0.0,0,,,,0.0,2026-01-06,1
brlusd,sp500,0.0,,0.016899942949078157,0.024398416487280583,1.4436981568988934,0,,,,0.0,2026-01-06,1
brlusd,vix,0.0,,0.01890974667142511,0.028778642180974697,1.5218946441235337,0,,,,0.0,2026-01-06,1
brlusd,us10y,0.0,,0.02381755193251731,0.021628076792453814,0.9080730401568149,0,,,,0.0,2026-01-06,1
brlusd,henry_hub,0.0,,0.0024708262332474033,0.0,0.0,0,,,,0.0,2026-01-06,1
cnyusd,audusd,0.0,,0.007528305908140696,0.004166115437353838,0.5533934842962253,0,,,,0.0,2026-01-06,1
cnyusd,brlusd,0.0,,0.025466708523998016,0.025913888947943286,1.0175594118699667,0,,,,0.0,2026-01-06,1
cnyusd,krwusd,0.0,,0.0014262445242501421,0.0,0.0,0,,,,0.0,2026-01-06,1
cnyusd,eurusd,0.0,,0.0034744167495128378,0.0,0.0,0,,,,0.0,2026-01-06,1
cnyusd,sp500,0.0,,0.005144964118522442,0.00461706755599489,0.8973954821906209,0,,,,0.0,2026-01-06,1
cnyusd,vix,0.0,,0.015491802409146587,0.015610581708524609,1.0076672356283018,0,,,,0.0,2026-01-06,1
cnyusd,brent,0.0,,0.0,0.0,0.0,0,,,,0.0,2026-01-06,1
cnyusd,henry_hub,0.0,,0.0019022027314029902,0.0,0.0,0,,,,0.0,2026-01-06,1
krwusd,audusd,0.0,,0.006048829164098419,0.0,0.0,0,,,,0.0,2026-01-06,1
krwusd,brlusd,0.0,,1.4818880540056919e-06,0.0,0.0,0,,,,0.0,2026-01-06,1
krwusd,eurusd,0.0,,0.015591704851751808,0.014433609450997802,0.9257236195935374,0,,,,0.0,2026-01-06,1
krwusd,sp500,0.0,,0.007350107847033467,0.001377033679816767,0.18734877208264958,0,,,,0.0,2026-01-06,1
krwusd,us10y,0.0,,0.0017397291450266588,0.0,0.0,0,,,,0.0,2026-01-06,1
krwusd,wti,0.0,,9.759516187164748e-05,0.0,0.0,0,,,,0.0,2026-01-06,1
krwusd,brent,0.0,,0.000294694462263354,0.0,0.0,0,,,,0.0,2026-01-06,1
krwusd,henry_hub,0.0,,0.0009148200704596463,0.0,0.0,0,,,,0.0,2026-01-06,1
eurusd,brlusd,0.0,,0.019534569175670105,0.018763437668497043,0.9605247753232515,0,,,,0.0,2026-01-06,1
eurusd,cnyusd,0.0,,0.0007690127172935555,0.0,0.0,0,,,,0.0,2026-01-06,1
eurusd,us10y,0.0,,0.007639264086696809,0.0,0.0,0,,,,0.0,2026-01-06,1
eurusd,brent,0.0,,0.03264359315800069,0.032107900556881064,0.9835896557549049,0,,,,0.0,2026-01-06,1
eurusd,henry_hub,0.0,,0.004031836701590475,0.0,0.0,0,,,,0.0,2026-01-06,1
sp500,us2y,0.0,,0.0008936089756288088,0.0,0.0,0,,,,0.0,2026-01-06,1
sp500,us10y,0.0,,0.013074921052285792,0.012043379240021204,0.9211053123655955,0,,,,0.0,2026-01-06,1
sp500,brent,0.0,,0.006487320679802874,0.0,0.0,0,,,,0.0,2026-01-06,1
sp500,henry_hub,0.0,,0.00016124481292830597,0.0,0.0,0,,,,0.0,2026-01-06,1
vix,cnyusd,0.0,,0.0,0.0,0.0,0,,,,0.0,2026-01-06,1
vix,krwusd,0.0,,0.00866008014352359,0.0141216054538047,1.6306552849127491,0,,,,0.0,2026-01-06,1
vix,eurusd,0.0,,0.0017633126058579705,0.0,0.0,0,,,,0.0,2026-01-06,1
vix,sp500,0.0,,0.006417243820675648,0.0,0.0,0,,,,0.0,2026-01-06,1
vix,us2y,0.0,,0.019226134673566823,0.02680762994702826,1.394332787228673,0,,,,0.0,2026-01-06,1
vix,us10y,0.0,,0.01723564500984128,0.027442385526329723,1.592187905393767,0,,,,0.0,2026-01-06,1
vix,wti,0.0,,1.7219499858599705e-05,0.0,0.0,0,,,,0.0,2026-01-06,1
vix,brent,0.0,,5.237175772928454e-05,0.0,0.0,0,,,,0.0,2026-01-06,1
vix,henry_hub,0.0,,0.024144740672067497,0.026475632707131887,1.096538292405888,0,,,,0.0,2026-01-06,1
us2y,audusd,0.0,,0.022986429934651786,0.015700166626063435,0.6830189233690269,0,,,,0.0,2026-01-06,1
us2y,brlusd,0.0,,0.020853754127677485,0.02340590534223378,1.1223832984186302,0,,,,0.0,2026-01-06,1
us2y,sp500,0.0,,0.009242601100209835,0.009330848379872293,1.009547883621252,0,,,,0.0,2026-01-06,1
us2y,vix,0.0,,0.00039454734013097376,0.0,0.0,0,,,,0.0,2026-01-06,1
us2y,brent,0.0,,0.00202963116490251,0.0,0.0,0,,,,0.0,2026-01-06,1
us2y,henry_hub,0.0,,0.010225889648920248,0.005144675054347709,0.5031029309895727,0,,,,0.0,2026-01-06,1
us10y,audusd,0.0,,0.0029044319650723517,0.0,0.0,0,,,,0.0,2026-01-06,1
us10y,brlusd,0.0,,0.0054819606173462515,0.0033021169317414604,0.6023605717437595,0,,,,0.0,2026-01-06,1
us10y,vix,0.0,,0.025507978764821856,0.019182052745941418,0.7520020666002535,0,,,,0.0,2026-01-06,1
us10y,wti,0.0,,0.0007579745321671004,0.0,0.0,0,,,,0.0,2026-01-06,1
us10y,brent,0.0,,0.005386930583961952,0.003304574419070525,0.6134429184792082,0,,,,0.0,2026-01-06,1
us10y,henry_hub,0.0,,0.0,0.0,0.0,0,,,,0.0,2026-01-06,1
wti,audusd,0.0,,0.02355738033615744,0.021756592811366462,0.9235573947911767,0,,,,0.0,2026-01-06,1
wti,brlusd,0.0,,0.013799350198014156,0.007644942995307656,0.5540074630766185,0,,,,0.0,2026-01-06,1
wti,cnyusd,0.0,,0.009688120148438086,0.007104890715539793,0.733361127512982,0,,,,0.0,2026-01-06,1
wti,krwusd,0.0,,0.0,0.0,0.0,0,,,,0.0,2026-01-06,1
wti,eurusd,0.0,,1.7265713953281486e-05,0.0,0.0,0,,,,0.0,2026-01-06,1
wti,vix,0.0,,0.01734666368305922,0.008331250002967354,0.4802796753996947,0,,,,0.0,2026-01-06,1
wti,us2y,0.0,,0.0013549117807235723,0.0021529602708862403,1.589004023373744,0,,,,0.0,2026-01-06,1
wti,us10y,0.0,,0.01362625738118667,0.012589739716372096,0.923932328898641,0,,,,0.0,2026-01-06,1
wti,henry_hub,0.0,,4.8346837330145705e-05,0.0,0.0,0,,,,0.0,2026-01-06,1
brent,audusd,0.0,,0.00977529701430569,0.007045615113219379,0.7207571394412313,0,,,,0.0,2026-01-06,1
brent,cnyusd,0.0,,0.01307649992412901,0.012277767976208498,0.9389185215803293,0,,,,0.0,2026-01-06,1
brent,krwusd,0.0,,0.009541346347828111,0.009327549197263819,0.9775925595015259,0,,,,0.0,2026-01-06,1
brent,eurusd,0.0,,0.004233714550164044,0.0,0.0,0,,,,0.0,2026-01-06,1
brent,sp500,0.0,,0.027552448638410748,0.027419695588444717,0.9951818057368245,0,,,,0.0,2026-01-06,1
brent,us2y,0.0,,0.0,0.0,0.0,0,,,,0.0,2026-01-06,1
brent,henry_hub,0.0,,2.9769024655455025e-05,0.0,0.0,0,,,,0.0,2026-01-06,1
henry_hub,audusd,0.0,,0.0007203970682125752,0.0,0.0,0,,,,0.0,2026-01-06,1
henry_hub,eurusd,0.0,,1.8402739769444366e-05,0.0,0.0,0,,,,0.0,2026-01-06,1
henry_hub,sp500,0.0,,0.0026577735194041655,0.0008334902735153153,0.31360470236838384,0,,,,0.0,2026-01-06,1
henry_hub,vix,0.0,,0.012639674242830943,0.011952502549199363,0.9456337496972017,0,,,,0.0,2026-01-06,1
henry_hub,us2y,0.0,,0.011511013887615763,0.007779581361360445,0.6758380658136625,0,,,,0.0,2026-01-06,1
henry_hub,us10y,0.0,,6.752984789995611e-06,0.0,0.0,0,,,,0.0,2026-01-06,1
henry_hub,wti,0.0,,0.00039664860189499987,0.0,0.0,0,,,,0.0,2026-01-06,1
henry_hub,brent,0.0,,0.0008098299010651266,0.0,0.0,0,,,,0.0,2026-01-06,1
pw_bab_el_mandeb_strait_capacity_z,audusd,0.0,,0.000905421403266417,0.0,0.0,0,,,,0.0,2026-01-06,1
pw_bab_el_mandeb_strait_capacity_z,brlusd,0.0,,0.0002334118878724401,0.0,0.0,0,,,,0.0,2026-01-06,1
pw_bab_el_mandeb_strait_capacity_z,krwusd,0.0,,8.561224322945984e-06,0.0,0.0,0,,,,0.0,2026-01-06,1
pw_bab_el_mandeb_strait_capacity_z,eurusd,0.0,,0.007513347023031448,0.00748927820179935,0.9967965247501124,0,,,,0.0,2026-01-06,1
pw_bab_el_mandeb_strait_capacity_z,sp500,0.0,,0.00041943255248357307,0.0,0.0,0,,,,0.0,2026-01-06,1
pw_bab_el_mandeb_strait_capacity_z,vix,0.0,,2.516711788228419e-05,0.0,0.0,0,,,,0.0,2026-01-06,1
pw_bab_el_mandeb_strait_capacity_z,us2y,0.0,,5.652762180250515e-05,0.0,0.0,0,,,,0.0,2026-01-06,1
pw_bab_el_mandeb_strait_capacity_z,us10y,0.0,,0.0,0.0,0.0,0,,,,0.0,2026-01-06,1
pw_bab_el_mandeb_strait_capacity_z,wti,0.0,,0.0,0.0,0.0,0,,,,0.0,2026-01-06,1
pw_bab_el_mandeb_strait_capacity_z,brent,0.0,,0.0,0.0,0.0,0,,,,0.0,2026-01-06,1
pw_bab_el_mandeb_strait_capacity_z,henry_hub,0.0,,0.020508138325484353,0.01716709008326192,0.8370867121531606,0,,,,0.0,2026-01-06,1
pw_bab_el_mandeb_strait_n_total_z,audusd,0.0,,0.00043112693888443064,0.0,0.0,0,,,,0.0,2026-01-06,1
pw_bab_el_mandeb_strait_n_total_z,brlusd,0.0,,0.001511203203193322,0.0,0.0,0,,,,0.0,2026-01-06,1
pw_bab_el_mandeb_strait_n_total_z,krwusd,0.0,,2.1662751246202762e-05,0.0,0.0,0,,,,0.0,2026-01-06,1
pw_bab_el_mandeb_strait_n_total_z,eurusd,0.0,,0.00011054775312991287,0.0,0.0,0,,,,0.0,2026-01-06,1
pw_bab_el_mandeb_strait_n_total_z,sp500,0.0,,0.006582458375183052,0.004468745633514092,0.6788870325959062,0,,,,0.0,2026-01-06,1
pw_bab_el_mandeb_strait_n_total_z,vix,0.0,,0.0,0.0,0.0,0,,,,0.0,2026-01-06,1
pw_bab_el_mandeb_strait_n_total_z,us2y,0.0,,0.0,0.0,0.0,0,,,,0.0,2026-01-06,1
pw_bab_el_mandeb_strait_n_total_z,us10y,0.0,,0.011877324743982226,0.013896873769087726,1.1700339991233064,0,,,,0.0,2026-01-06,1
pw_bab_el_mandeb_strait_n_total_z,wti,0.0,,0.0,0.0,0.0,0,,,,0.0,2026-01-06,1
pw_bab_el_mandeb_strait_n_total_z,brent,0.0,,0.000462560140106817,0.0,0.0,0,,,,0.0,2026-01-06,1
pw_cape_of_good_hope_capacity_z,audusd,0.0,,2.8457832482978073e-05,0.0,0.0,0,,,,0.0,2026-01-06,1
pw_cape_of_good_hope_capacity_z,brlusd,0.0,,0.00011068018165509192,0.0,0.0,0,,,,0.0,2026-01-06,1
pw_cape_of_good_hope_capacity_z,cnyusd,0.0,,0.0038337537030982026,0.0,0.0,0,,,,0.0,2026-01-06,1
pw_cape_of_good_hope_capacity_z,krwusd,0.0,,2.4827675891723938e-05,0.0,0.0,0,,,,0.0,2026-01-06,1
pw_cape_of_good_hope_capacity_z,eurusd,0.0,,0.0003789957427944729,0.0,0.0,0,,,,0.0,2026-01-06,1
pw_cape_of_good_hope_capacity_z,sp500,0.0,,0.011631035125856153,0.00831060889391912,0.7145201440793845,0,,,,0.0,2026-01-06,1
pw_cape_of_good_hope_capacity_z,vix,0.0,,0.004693410569316903,0.0,0.0,0,,,,0.0,2026-01-06,1
pw_cape_of_good_hope_capacity_z,us2y,0.0,,0.0022990214606771267,0.003686294941540902,1.6034191087782121,0,,,,0.0,2026-01-06,1
pw_cape_of_good_hope_capacity_z,us10y,0.0,,0.0017447345069541485,0.0,0.0,0,,,,0.0,2026-01-06,1
pw_cape_of_good_hope_capacity_z,wti,0.0,,0.010428720602947463,0.011154520587698497,1.0695962632794958,0,,,,0.0,2026-01-06,1
pw_cape_of_good_hope_n_total_z,audusd,0.0,,0.00012949147582560675,0.0,0.0,0,,,,0.0,2026-01-06,1
pw_cape_of_good_hope_n_total_z,cnyusd,0.0,,2.5666756855024716e-05,0.0,0.0,0,,,,0.0,2026-01-06,1
pw_cape_of_good_hope_n_total_z,krwusd,0.0,,7.812884324121837e-07,0.0,0.0,0,,,,0.0,2026-01-06,1
pw_cape_of_good_hope_n_total_z,eurusd,0.0,,0.0013411657525182002,0.0,0.0,0,,,,0.0,2026-01-06,1
pw_cape_of_good_hope_n_total_z,sp500,0.0,,2.226493475467983e-06,0.0,0.0,0,,,,0.0,2026-01-06,1
pw_cape_of_good_hope_n_total_z,vix,0.0,,0.0,0.0,0.0,0,,,,0.0,2026-01-06,1
pw_cape_of_good_hope_n_total_z,us2y,0.0,,0.0035618489314698477,0.005606975564131625,1.5741755678048441,0,,,,0.0,2026-01-06,1
pw_cape_of_good_hope_n_total_z,us10y,0.0,,0.009274676303018073,0.001831493995527364,0.19747255167615685,0,,,,0.0,2026-01-06,1
pw_cape_of_good_hope_n_total_z,wti,0.0,,0.00019014851660541758,0.0,0.0,0,,,,0.0,2026-01-06,1
pw_cape_of_good_hope_n_total_z,brent,0.0,,0.00020825289909822358,0.0,0.0,0,,,,0.0,2026-01-06,1
pw_malacca_strait_capacity_z,audusd,0.0,,0.0,0.0,0.0,0,,,,0.0,2026-01-06,1
pw_malacca_strait_capacity_z,brlusd,0.0,,0.01047967921427432,0.010948543547728548,1.0447403325872409,0,,,,0.0,2026-01-06,1
pw_malacca_strait_capacity_z,cnyusd,0.0,,0.00016505315252235303,0.0,0.0,0,,,,0.0,2026-01-06,1
pw_malacca_strait_capacity_z,krwusd,0.0,,0.004312042199883662,0.0,0.0,0,,,,0.0,2026-01-06,1
pw_malacca_strait_capacity_z,eurusd,0.0,,4.937117842112517e-05,0.0,0.0,0,,,,0.0,2026-01-06,1
pw_malacca_strait_capacity_z,sp500,0.0,,0.0,0.0,0.0,0,,,,0.0,2026-01-06,1
pw_malacca_strait_capacity_z,vix,0.0,,0.00012257092659838294,0.0003772332475824153,3.077673132213982,0,,,,0.0,2026-01-06,1
pw_malacca_strait_capacity_z,us10y,0.0,,0.0,0.0,0.0,0,,,,0.0,2026-01-06,1
pw_malacca_strait_capacity_z,wti,0.0,,0.0,0.0,0.0,0,,,,0.0,2026-01-06,1
pw_malacca_strait_capacity_z,brent,0.0,,0.0,0.0,0.0,0,,,,0.0,2026-01-06,1
pw_malacca_strait_capacity_z,henry_hub,0.0,,0.0,0.0,0.0,0,,,,0.0,2026-01-06,1
pw_malacca_strait_n_total_z,audusd,0.0,,0.0012482712868413458,0.0,0.0,0,,,,0.0,2026-01-06,1
pw_malacca_strait_n_total_z,brlusd,0.0,,0.000507912459449101,0.0,0.0,0,,,,0.0,2026-01-06,1
pw_malacca_strait_n_total_z,cnyusd,0.0,,0.004654126041268528,0.0,0.0,0,,,,0.0,2026-01-06,1
pw_malacca_strait_n_total_z,krwusd,0.0,,0.0,0.0,0.0,0,,,,0.0,2026-01-06,1
pw_malacca_strait_n_total_z,eurusd,0.0,,0.009569019448095791,0.0010710623315613183,0.11193020741267871,0,,,,0.0,2026-01-06,1
pw_malacca_strait_n_total_z,sp500,0.0,,0.002318024871638081,0.0,0.0,0,,,,0.0,2026-01-06,1
pw_malacca_strait_n_total_z,vix,0.0,,0.0,0.0,0.0,0,,,,0.0,2026-01-06,1
pw_malacca_strait_n_total_z,us2y,0.0,,0.00011819518853290973,0.0,0.0,0,,,,0.0,2026-01-06,1
pw_malacca_strait_n_total_z,us10y,0.0,,0.013728103269864117,0.011336410217803438,0.8257812455919592,0,,,,0.0,2026-01-06,1
pw_malacca_strait_n_total_z,wti,0.0,,0.0,0.0,0.0,0,,,,0.0,2026-01-06,1
pw_malacca_strait_n_total_z,brent,0.0,,0.0012442704163382245,0.0,0.0,0,,,,0.0,2026-01-06,1
pw_panama_canal_capacity_z,audusd,0.0,,7.130817447073485e-06,0.0,0.0,0,,,,0.0,2026-01-06,1
pw_panama_canal_capacity_z,brlusd,0.0,,0.0,0.0,0.0,0,,,,0.0,2026-01-06,1
pw_panama_canal_capacity_z,cnyusd,0.0,,0.000707950105964552,0.0,0.0,0,,,,0.0,2026-01-06,1
pw_panama_canal_capacity_z,krwusd,0.0,,0.0013039855387993917,0.0,0.0,0,,,,0.0,2026-01-06,1
pw_panama_canal_capacity_z,eurusd,0.0,,0.0,0.0,0.0,0,,,,0.0,2026-01-06,1
pw_panama_canal_capacity_z,sp500,0.0,,0.003913119536712196,0.0,0.0,0,,,,0.0,2026-01-06,1
pw_panama_canal_capacity_z,vix,0.0,,0.005148734367402308,0.0,0.0,0,,,,0.0,2026-01-06,1
pw_panama_canal_capacity_z,us2y,0.0,,0.0,0.0,0.0,0,,,,0.0,2026-01-06,1
pw_panama_canal_capacity_z,us10y,0.0,,0.0,0.0,0.0,0,,,,0.0,2026-01-06,1
pw_panama_canal_capacity_z,wti,0.0,,0.0,0.0,0.0,0,,,,0.0,2026-01-06,1
pw_panama_canal_capacity_z,brent,0.0,,2.3631213344113078e-05,0.0,0.0,0,,,,0.0,2026-01-06,1
pw_panama_canal_capacity_z,henry_hub,0.0,,0.0014076600262341674,0.0,0.0,0,,,,0.0,2026-01-06,1
pw_panama_canal_n_total_z,audusd,0.0,,0.0016872590228674007,0.0011166171803802583,0.6617935748138013,0,,,,0.0,2026-01-06,1
pw_panama_canal_n_total_z,brlusd,0.0,,0.0,0.0,0.0,0,,,,0.0,2026-01-06,1
pw_panama_canal_n_total_z,cnyusd,0.0,,9.476576972495475e-06,0.0,0.0,0,,,,0.0,2026-01-06,1
pw_panama_canal_n_total_z,krwusd,0.0,,0.0,0.0,0.0,0,,,,0.0,2026-01-06,1
pw_panama_canal_n_total_z,eurusd,0.0,,1.4665196421340941e-05,0.0,0.0,0,,,,0.0,2026-01-06,1
pw_panama_canal_n_total_z,sp500,0.0,,0.000269796565559562,0.0,0.0,0,,,,0.0,2026-01-06,1
pw_panama_canal_n_total_z,vix,0.0,,0.0,0.0,0.0,0,,,,0.0,2026-01-06,1
pw_panama_canal_n_total_z,us2y,0.0,,0.00030521278196429417,0.0,0.0,0,,,,0.0,2026-01-06,1
pw_panama_canal_n_total_z,us10y,0.0,,0.00032431059947149574,0.0,0.0,0,,,,0.0,2026-01-06,1
pw_panama_canal_n_total_z,wti,0.0,,0.0,0.0,0.0,0,,,,0.0,2026-01-06,1
pw_panama_canal_n_total_z,brent,0.0,,2.8756893810616385e-05,0.0,0.0,0,,,,0.0,2026-01-06,1
pw_strait_of_hormuz_capacity_z,audusd,0.0,,0.009730604402011728,0.008017677297396353,0.8239649836898888,0,,,,0.0,2026-01-06,1
pw_strait_of_hormuz_capacity_z,brlusd,0.0,,0.0,0.0,0.0,0,,,,0.0,2026-01-06,1
pw_strait_of_hormuz_capacity_z,cnyusd,0.0,,0.0,0.0,0.0,0,,,,0.0,2026-01-06,1
pw_strait_of_hormuz_capacity_z,krwusd,0.0,,0.005914287446753926,0.003745047110216216,0.6332203403931096,0,,,,0.0,2026-01-06,1
pw_strait_of_hormuz_capacity_z,eurusd,0.0,,0.001795262029417343,0.0,0.0,0,,,,0.0,2026-01-06,1
pw_strait_of_hormuz_capacity_z,sp500,0.0,,0.0,0.0,0.0,0,,,,0.0,2026-01-06,1
pw_strait_of_hormuz_capacity_z,vix,0.0,,0.0061355730194640225,0.0,0.0,0,,,,0.0,2026-01-06,1
pw_strait_of_hormuz_capacity_z,us2y,0.0,,0.0001663335675555948,0.00013083575580583802,0.7865866026237182,0,,,,0.0,2026-01-06,1
pw_strait_of_hormuz_capacity_z,us10y,0.0,,0.0003290474367225265,0.0,0.0,0,,,,0.0,2026-01-06,1
pw_strait_of_hormuz_capacity_z,wti,0.0,,0.015016156386478588,0.020886586357529036,1.3909409185653208,0,,,,0.0,2026-01-06,1
pw_strait_of_hormuz_capacity_z,henry_hub,0.0,,0.0007562368914402267,0.0,0.0,0,,,,0.0,2026-01-06,1
pw_strait_of_hormuz_n_total_z,audusd,0.0,,8.284735808034715e-05,0.0,0.0,0,,,,0.0,2026-01-06,1
pw_strait_of_hormuz_n_total_z,brlusd,0.0,,0.012966993242118965,0.013828917832998446,1.066470659372275,0,,,,0.0,2026-01-06,1
pw_strait_of_hormuz_n_total_z,cnyusd,0.0,,0.0,0.0,0.0,0,,,,0.0,2026-01-06,1
pw_strait_of_hormuz_n_total_z,krwusd,0.0,,0.00019005939296344557,0.0,0.0,0,,,,0.0,2026-01-06,1
pw_strait_of_hormuz_n_total_z,eurusd,0.0,,0.0,0.0,0.0,0,,,,0.0,2026-01-06,1
pw_strait_of_hormuz_n_total_z,sp500,0.0,,0.0,0.0,0.0,0,,,,0.0,2026-01-06,1
pw_strait_of_hormuz_n_total_z,vix,0.0,,0.0,0.0,0.0,0,,,,0.0,2026-01-06,1
pw_strait_of_hormuz_n_total_z,us2y,0.0,,0.0,0.0,0.0,0,,,,0.0,2026-01-06,1
pw_strait_of_hormuz_n_total_z,us10y,0.0,,0.006422416486350504,0.004167006862576995,0.6488222729611341,0,,,,0.0,2026-01-06,1
pw_strait_of_hormuz_n_total_z,wti,0.0,,0.0,0.0,0.0,0,,,,0.0,2026-01-06,1
pw_strait_of_hormuz_n_total_z,brent,0.0,,0.0005289899082283972,0.0,0.0,0,,,,0.0,2026-01-06,1
pw_strait_of_hormuz_n_total_z,henry_hub,0.0,,0.004903963953401012,0.009228994231728462,1.881945772731046,0,,,,0.0,2026-01-06,1
pw_suez_canal_capacity_z,audusd,0.0,,0.0,0.0,0.0,0,,,,0.0,2026-01-06,1
pw_suez_canal_capacity_z,cnyusd,0.0,,0.0,0.0,0.0,0,,,,0.0,2026-01-06,1
pw_suez_canal_capacity_z,krwusd,0.0,,0.0,0.0,0.0,0,,,,0.0,2026-01-06,1
pw_suez_canal_capacity_z,eurusd,0.0,,0.00018704578531968604,0.0,0.0,0,,,,0.0,2026-01-06,1
pw_suez_canal_capacity_z,sp500,0.0,,0.0,0.0,0.0,0,,,,0.0,2026-01-06,1
pw_suez_canal_capacity_z,vix,0.0,,0.0,0.0,0.0,0,,,,0.0,2026-01-06,1
pw_suez_canal_capacity_z,us2y,0.0,,0.0,0.0,0.0,0,,,,0.0,2026-01-06,1
pw_suez_canal_capacity_z,us10y,0.0,,0.0004818750999167794,0.0,0.0,0,,,,0.0,2026-01-06,1
pw_suez_canal_capacity_z,wti,0.0,,1.507108814374566e-05,0.0,0.0,0,,,,0.0,2026-01-06,1
pw_suez_canal_capacity_z,brent,0.0,,0.0,0.0,0.0,0,,,,0.0,2026-01-06,1
pw_suez_canal_capacity_z,henry_hub,0.0,,0.0,0.0,0.0,0,,,,0.0,2026-01-06,1
pw_suez_canal_n_total_z,audusd,0.0,,1.9256517924233157e-05,0.0,0.0,0,,,,0.0,2026-01-06,1
pw_suez_canal_n_total_z,brlusd,0.0,,0.0,0.0,0.0,0,,,,0.0,2026-01-06,1
pw_suez_canal_n_total_z,cnyusd,0.0,,0.0,0.0,0.0,0,,,,0.0,2026-01-06,1
pw_suez_canal_n_total_z,krwusd,0.0,,0.0,0.0,0.0,0,,,,0.0,2026-01-06,1
pw_suez_canal_n_total_z,eurusd,0.0,,0.0,0.0,0.0,0,,,,0.0,2026-01-06,1
pw_suez_canal_n_total_z,sp500,0.0,,0.0,0.0,0.0,0,,,,0.0,2026-01-06,1
pw_suez_canal_n_total_z,vix,0.0,,0.0008815013399084904,0.0,0.0,0,,,,0.0,2026-01-06,1
pw_suez_canal_n_total_z,us2y,0.0,,0.0,0.0,0.0,0,,,,0.0,2026-01-06,1
pw_suez_canal_n_total_z,us10y,0.0,,0.0,0.0,0.0,0,,,,0.0,2026-01-06,1
pw_suez_canal_n_total_z,wti,0.0,,0.0005022561407420366,0.0,0.0,0,,,,0.0,2026-01-06,1
pw_suez_canal_n_total_z,brent,0.0,,0.0036624056965089136,0.0,0.0,0,,,,0.0,2026-01-06,1
audusd,wti,0.9176899528071749,1.0,0.06371873490891299,0.06286114576563546,0.9865410205569295,520,0.02366575813689623,0.5469614039819821,2.034442523567402,0.6959631800488447,2026-02-05,1
wti,brent,1.0,1.0,0.375820216483946,0.361243707519106,0.9612141435572222,580,2.4515577104590002e-05,0.5690875836975366,1.40984804931566,0.5839221664851957,2026-02-05,1
sp500,audusd,1.0,1.0,0.20486030703982844,0.21310170961871439,1.0402293772667424,580,2.5883683664506307e-06,0.5421252917715813,1.280975243797273,0.5652314775295957,2026-02-05,1
sp500,eurusd,1.0,1.0,0.14419122685111876,0.14628385396619445,1.0145128601841802,580,5.83467408251556e-07,0.5550402819348815,1.2070837540829082,0.5395650924787299,2026-02-05,1
sp500,cnyusd,1.0,1.0,0.10359328508775449,0.10378480149781401,1.0018487338237925,580,3.891071951893694e-08,0.5176239789408807,0.9507875490687122,0.442547065836968,2026-02-05,1
sp500,brlusd,1.0,1.0,0.08104418297488664,0.08532511668697879,1.05282222060797,580,5.099081693541937e-07,0.5210430510431785,0.8069353220089501,0.38291211158010185,2026-02-05,1
us2y,cnyusd,1.0,1.0,0.1096950697939588,0.10753655219291822,0.9803225650423949,580,2.995757056352728e-08,0.5025866274895804,0.5894464745463405,0.2808391443331099,2026-02-05,1
audusd,eurusd,0.9965916512555486,0.7507233557739508,0.07176557183715117,0.07436414314255063,1.0362091632363228,560,1.003068688423569e-07,0.5749769931476924,0.699300501693948,0.25143219457778987,2026-02-05,1
sp500,krwusd,1.0,1.0,0.2104459914963,0.19827015173896598,0.942142686250462,580,2.945835599104238e-07,0.4819986512011558,0.3101055576162798,0.14492232191587404,2026-02-05,1
pw_panama_canal_n_total_z,henry_hub,1.0,1.0,0.21584646039392666,0.1300412737760301,0.6024711896535186,580,4.697457574791474e-05,0.5268386878302636,0.38134100948880695,0.11350135164895987,2026-02-05,1
vix,brlusd,0.941427072162309,1.0,0.07846018088612063,0.07065275439752133,0.9004918622360657,540,2.1354997769045083e-07,0.49989865349995144,0.22723054265754364,0.09590474762301991,2026-02-05,1
sp500,vix,0.9557049690352257,1.0,0.05464596057184075,0.052567465212239296,0.9619643366526801,560,0.014526665702755348,0.48063079983248913,0.199163285463254,0.09124936551871912,2026-02-05,1
pw_cape_of_good_hope_capacity_z,henry_hub,0.20895869309393547,1.0,0.034168017052155435,0.004731893133494305,0.13848895961013344,360,0.00017546136719676428,0.546468177601362,1.7580883121638524,0.020428829160113307,2026-02-05,1
cnyusd,us10y,1.0,1.0,0.06451401073887002,0.061544781609281576,0.9539754373417143,580,9.545113902856179e-08,0.5181422163862054,0.00885502739494684,0.004223711716951852,2026-02-05,1
vix,audusd,0.8122926458481203,1.0,0.061925369307869176,0.06863850841799432,1.108406928939737,420,7.72833164552085e-10,0.5250483982018451,0.002806904112138479,0.0011400130354594909,2026-02-05,1
pw_suez_canal_capacity_z,brlusd,0.01851811969564016,1.0,0.0351600946593349,0.03203683009664325,0.911170189018179,80,8.179476256627039e-08,0.5582242768890886,0.1305886472033111,0.0011001584704639948,2026-02-05,1
audusd,us2y,0.008265747992202912,1.0,0.01183599096285925,0.0048288893627594694,0.4079835290439376,40,5.589368221485754e-05,0.5524668454893161,0.6254922979652154,0.0010215786672765057,2026-02-05,1
brent,us10y,0.005536878870596796,1.0,0.043189932969349136,0.04437611465808988,1.027464309555251,20,9.526109637754126e-06,0.39759815730182047,0.23458885524139259,0.0006464829863962405,2026-02-05,1
eurusd,krwusd,1.0,1.0,0.14996520210687117,0.1355910070133928,0.9041497968092975,580,-2.6914458630148613e-07,0.47350840791785814,-0.4406488985990794,0.0,2026-02-05,1
eurusd,sp500,1.0,1.0,0.09158465283580984,0.09345778813309519,1.0204525020217465,580,-3.558981109845425e-07,0.4158205655952211,-0.27312612423557797,0.0,2026-02-05,1
eurusd,wti,1.0,1.0,0.08923917914468546,0.08410433677415538,0.9424597758546742,580,-0.010457881833606691,0.5173877508195907,-0.3592544798103651,0.0,2026-02-05,1
us2y,krwusd,1.0,1.0,0.14256752705637518,0.12171690952734272,0.8537491814613047,580,-5.668144824825319e-07,0.4354239570578699,-1.288063840631131,0.0,2026-02-05,1
us2y,eurusd,1.0,0.9965916512555486,0.07374891028457216,0.06445453931166537,0.8739727687223723,580,-3.501403405347775e-08,0.48359475620073705,-0.24149382138912995,0.0,2026-02-05,1
brent,vix,0.9066738952515029,1.0,0.06869578672383703,0.06589060911703691,0.9591652160841075,520,-0.0008038098617878155,0.48550278000027847,-0.07987817466608452,0.0,2026-02-05,1
brlusd,wti,0.8799108625167239,1.0,0.056797657059543996,0.04882250620033347,0.8595866225458956,580,-0.00418124052771927,0.5043725286730316,-0.4742471325825969,0.0,2026-02-05,1
cnyusd,us2y,0.8799108625167239,1.0,0.05891548168124711,0.049367576594765115,0.8379389455196271,580,-5.724240542177538e-06,0.4690460144738553,-0.32672461124459656,0.0,2026-02-05,1
brent,wti,0.8799108625167239,1.0,0.0673579406509519,0.04954427025818167,0.7355371880342888,580,-0.019565189266724584,0.4666279332791694,-1.6730958951565496,0.0,2026-02-05,1
eurusd,vix,0.7250871939763329,1.0,0.06590011317248574,0.07039684027445145,1.0682354989314822,180,-0.009450766069797879,0.5072997732922683,-0.4489122850358536,0.0,2026-02-05,1
brent,brlusd,0.7071551633160613,1.0,0.05299263077650985,0.04508721347939881,0.8508204408561787,540,-3.5962037189476104e-07,0.4390842765662889,-1.676520809909433,0.0,2026-02-05,1
brlusd,us2y,0.6747449013540351,1.0,0.053007703988207464,0.050373440881254276,0.9503041462135536,460,-1.4328885020661027e-05,0.5026540822076138,-0.5119438923089739,0.0,2026-02-05,1
eurusd,audusd,0.6633444606115679,0.9948618720034097,0.05408913546611468,0.04707787579228132,0.8703758229187133,240,-3.0161176979985435e-07,0.4497497901773865,-1.5597315060212784,0.0,2026-02-05,1
krwusd,cnyusd,0.499975214344278,0.7359150153454569,0.04691758957855315,0.04018183259884693,0.8564342916971751,200,-4.343826480991406e-09,0.45186214766512034,-0.1758200748935553,0.0,2026-02-05,1
pw_malacca_strait_capacity_z,us2y,0.4335653985174182,1.0,0.04851092265150999,0.043563902828333584,0.8980225575441118,220,-1.3873237644268073e-05,0.4957758601005812,-0.4416778335684208,0.0,2026-02-05,1
wti,sp500,0.27491280602366686,1.0,0.046476879663172335,0.040466555605491616,0.8706814204989923,400,-3.73521489162438e-07,0.47653290655791275,-0.5083529669425901,0.0,2026-02-05,1
brlusd,audusd,0.20895869309393547,0.8647473010856317,0.03776186899669399,0.02817226368052643,0.7460505644726664,360,-2.4706530461498844e-07,0.46460098741765515,-1.3104425057003661,0.0,2026-02-05,1
brlusd,brent,0.17021032489582527,1.0,0.044886235471716635,0.03732158108347783,0.831470509639745,280,-4.211647222941561e-06,0.4589110050765753,-1.2777087686787962,0.0,2026-02-05,1
pw_cape_of_good_hope_n_total_z,henry_hub,0.15561654901704153,0.6395406756291062,0.043875639607964215,0.02279210137761674,0.5194705212566192,260,-8.978657676589764e-05,0.4874945552028619,-0.7772999451635214,0.0,2026-02-05,1
us10y,eurusd,0.13702545547730022,0.9158390659489277,0.0276237659933396,0.011302611834883068,0.4091625970770334,300,-8.020490592338173e-08,0.4734246808016395,-0.5115521853486396,0.0,2026-02-05,1
pw_bab_el_mandeb_strait_n_total_z,henry_hub,0.12958735471746166,1.0,0.026602451110781616,0.01622238829115743,0.6098080294782579,200,-3.0022857267389276e-05,0.5204348386330875,-0.4569495873202384,0.0,2026-02-05,1
us10y,krwusd,0.12549326515555703,1.0,0.012870821931549724,0.0,0.0,240,-2.1877647340652726e-07,0.4319774877759927,-0.9936921796839677,0.0,2026-02-05,1
us2y,wti,0.11847326792307492,1.0,0.03998720843808639,0.035254247454498656,0.8816381245788651,280,-0.014120907735312303,0.4591868888635628,-0.6878765053746134,0.0,2026-02-05,1
us10y,us2y,0.11847326792307492,1.0,0.037579172849338094,0.031126892701014933,0.8283016985447883,280,-1.8103258094353634e-05,0.5089496683753805,-0.4390335674873199,0.0,2026-02-05,1
pw_cape_of_good_hope_capacity_z,brent,0.11847326792307492,1.0,0.048804552927461886,0.045883182902614464,0.9401414448117279,280,-1.1065877589067675e-05,0.3804596914312198,-2.201709290124808,0.0,2026-02-05,1
henry_hub,krwusd,0.1049604721926473,1.0,0.02726112740437402,0.01565681648886775,0.5743275491370775,160,-1.67625340072694e-07,0.4681133454611047,-0.6405786902307203,0.0,2026-02-05,1
sp500,wti,0.09876485150263122,1.0,0.038780173890901104,0.035975857514492685,0.9276868540017973,240,-0.003936784432050441,0.5202623829233483,-0.2842338212415525,0.0,2026-02-05,1
eurusd,us2y,0.09548160405079231,1.0,0.017547114776802732,0.0,0.0,240,-1.8797093511585326e-05,0.47318396913689387,-0.7293238725407808,0.0,2026-02-05,1
us10y,sp500,0.06459074790692935,1.0,0.03956284579905598,0.0370924113990162,0.9375567062949064,160,-1.2885632983144753e-06,0.5106106426540943,-1.428768184775852,0.0,2026-02-05,1
krwusd,us2y,0.06257856934697283,1.0,0.02329758779369141,0.013504310905561654,0.5796441685356967,200,-8.480960205791358e-06,0.5325201950507705,-0.1563557467832832,0.0,2026-02-05,1
henry_hub,cnyusd,0.04908635364530934,1.0,0.03876679179846546,0.027711265693189706,0.7148196796178172,140,-5.873776065020772e-08,0.59461895372365,-0.45909481403454533,0.0,2026-02-05,1
pw_suez_canal_n_total_z,henry_hub,0.03537387596070401,1.0,0.008011857234511146,0.0,0.0,140,0.0001136915660682016,0.5622340909004843,0.7553141850767685,0.0,2026-02-05,1
henry_hub,brlusd,0.028262227202573948,0.5799114645855681,0.009549338633179949,0.005578500288661048,0.5841766119046296,120,-2.3061994697984667e-06,0.5154017189945581,-1.4854727841034767,0.0,2026-02-05,1
pw_strait_of_hormuz_capacity_z,brent,0.0234442581832594,1.0,0.03621018574822846,0.03771641864565808,1.0415969392673803,60,-5.1859651657308655e-06,0.4021796722530999,-0.6948023036075387,0.0,2026-02-05,1
us10y,cnyusd,0.021926468440091537,1.0,0.0057934367224775985,0.0,0.0,100,3.637829599062981e-08,0.4779682352700415,0.3299882266022635,0.0,2026-02-05,1
pw_malacca_strait_n_total_z,henry_hub,0.01855218755422531,1.0,0.015458756537981034,0.005100684124193242,0.32995436027867014,20,-3.062691899390057e-05,0.35004644165153453,-0.762786974119429,0.0,2026-02-05,1
audusd,sp500,0.011532190321743204,1.0,0.01335945758717035,0.0002583618682902457,0.019339248364272026,60,-1.619454514164342e-06,0.4527991300545025,-1.2702065892735914,0.0,2026-02-05,1
us2y,us10y,0.011532190321743204,1.0,0.012517784820600274,0.010106185600106617,0.8073461674684698,60,-1.6465517229522676e-05,0.49955110331497976,-0.3615080398697,0.0,2026-02-05,1
pw_cape_of_good_hope_n_total_z,brlusd,0.008945227615048174,1.0,0.014956801345912436,0.007835979101060701,0.5239074130781449,40,-1.71712192105884e-06,0.33295839484824813,-1.3696789788072141,0.0,2026-02-05,1
krwusd,vix,0.008265747992202912,1.0,0.010683413115528976,0.0009821943789169792,0.0919363847766311,40,-0.050968838983727734,0.29938421909353263,-2.0392539999192296,0.0,2026-02-05,1
cnyusd,wti,0.005536878870596796,1.0,0.01316734955738325,0.009075482022624438,0.6892413680576739,20,-0.026350855717256125,0.44326190323666986,-1.253648312962163,0.0,2026-02-05,1
audusd,vix,0.0034083487444513776,1.0,0.009758846903465715,0.0,0.0,20,-0.11408765609220188,0.3523238476329138,-1.852075671741366,0.0,2026-02-05,1
brlusd,cnyusd,0.0034083487444513776,1.0,0.013534276040897904,0.0066270235534514645,0.48964743540222694,20,-2.7076723537118526e-09,0.5031297473171651,-0.026983473890779406,0.0,2026-02-05,1
pw_bab_el_mandeb_strait_capacity_z,cnyusd,0.0034083487444513776,1.0,0.0044426230467128625,0.0,0.0,20,-8.052518251198797e-07,0.2983218135203557,-2.2556042702273804,0.0,2026-02-05,1
pw_bab_el_mandeb_strait_n_total_z,cnyusd,0.0034083487444513776,1.0,0.010853954103116084,0.005475042494415129,0.504428380883174,20,-6.296462030138999e-07,0.25071531608863584,-2.720653290233656,0.0,2026-02-05,1
audusd,brlusd,0.0,,0.0069894386651647815,0.009592822464464768,1.3724739459085888,0,,,,0.0,2026-02-05,1
audusd,cnyusd,0.0,,0.000682693469788499,0.0,0.0,0,,,,0.0,2026-02-05,1
audusd,krwusd,0.0,,0.024680055004809225,0.02945562515556426,1.1934991696665365,0,,,,0.0,2026-02-05,1
audusd,us10y,0.0,,0.005757927908303062,0.003684004083114737,0.6398142077816432,0,,,,0.0,2026-02-05,1
audusd,brent,0.0,,0.0010687182833477838,0.001625804456797079,1.5212656900602564,0,,,,0.0,2026-02-05,1
audusd,henry_hub,0.0,,0.01286885645210794,0.0,0.0,0,,,,0.0,2026-02-05,1
brlusd,krwusd,0.0,,0.015063733770423327,0.011123262457013037,0.7384133725765154,0,,,,0.0,2026-02-05,1
brlusd,eurusd,0.0,,0.003582007007108515,0.0,0.0,0,,,,0.0,2026-02-05,1
brlusd,sp500,0.0,,0.017803413176444512,0.024423273087844286,1.3718309430777258,0,,,,0.0,2026-02-05,1
brlusd,vix,0.0,,0.020124751581026237,0.029027272161774587,1.4423667315795197,0,,,,0.0,2026-02-05,1
brlusd,us10y,0.0,,0.02349388654668709,0.02112234241887346,0.89905696858198,0,,,,0.0,2026-02-05,1
brlusd,henry_hub,0.0,,0.0021741068420256704,0.0,0.0,0,,,,0.0,2026-02-05,1
cnyusd,audusd,0.0,,0.007068106571359303,0.003696158001795056,0.5229346734487945,0,,,,0.0,2026-02-05,1
cnyusd,brlusd,0.0,,0.02553112994068653,0.0260031551838592,1.0184882237593584,0,,,,0.0,2026-02-05,1
cnyusd,krwusd,0.0,,0.0012549680494926968,0.0,0.0,0,,,,0.0,2026-02-05,1
cnyusd,eurusd,0.0,,0.0030571770388063925,0.0,0.0,0,,,,0.0,2026-02-05,1
cnyusd,sp500,0.0,,0.005136761526441384,0.005076659921715305,0.9882997089865458,0,,,,0.0,2026-02-05,1
cnyusd,vix,0.0,,0.015458091364423871,0.015211085556405372,0.9840209375015746,0,,,,0.0,2026-02-05,1
cnyusd,brent,0.0,,0.0,0.0,0.0,0,,,,0.0,2026-02-05,1
cnyusd,henry_hub,0.0,,0.0016737688460704725,0.0,0.0,0,,,,0.0,2026-02-05,1
krwusd,audusd,0.0,,0.005322430486998153,0.0,0.0,0,,,,0.0,2026-02-05,1
krwusd,brlusd,0.0,,1.3039293957533777e-06,0.0,0.0,0,,,,0.0,2026-02-05,1
krwusd,eurusd,0.0,,0.016148424636915567,0.02022759279991274,1.2526047125161748,0,,,,0.0,2026-02-05,1
krwusd,sp500,0.0,,0.006537162752962716,0.000580593875097731,0.08881435219500987,0,,,,0.0,2026-02-05,1
krwusd,us10y,0.0,,0.0015308065725458898,0.0,0.0,0,,,,0.0,2026-02-05,1
krwusd,wti,0.0,,8.587504305994061e-05,0.0,0.0,0,,,,0.0,2026-02-05,1
krwusd,brent,0.0,,0.0002593048584690499,0.0,0.0,0,,,,0.0,2026-02-05,1
krwusd,henry_hub,0.0,,0.0012567229608958393,0.003761895980916638,2.9934170839331347,0,,,,0.0,2026-02-05,1
eurusd,brlusd,0.0,,0.019311689649738797,0.017678618416074217,0.9154361289310244,0,,,,0.0,2026-02-05,1
eurusd,cnyusd,0.0,,0.0006766626433601019,0.0,0.0,0,,,,0.0,2026-02-05,1
eurusd,us10y,0.0,,0.0067218714515184215,0.0,0.0,0,,,,0.0,2026-02-05,1
eurusd,brent,0.0,,0.03199194534830174,0.027217225516800093,0.8507524384804218,0,,,,0.0,2026-02-05,1
eurusd,henry_hub,0.0,,0.004269365356826549,0.006009772926414754,1.407650183136789,0,,,,0.0,2026-02-05,1
sp500,us2y,0.0,,0.0007862962444982313,0.0,0.0,0,,,,0.0,2026-02-05,1
sp500,us10y,0.0,,0.013115640880004806,0.013414001077110592,1.022748426846655,0,,,,0.0,2026-02-05,1
sp500,brent,0.0,,0.005708263934787927,0.0,0.0,0,,,,0.0,2026-02-05,1
sp500,henry_hub,0.0,,0.00014188106242009346,0.0,0.0,0,,,,0.0,2026-02-05,1
vix,cnyusd,0.0,,0.0,0.0,0.0,0,,,,0.0,2026-02-05,1
vix,krwusd,0.0,,0.009495996621344214,0.015620880223689376,1.6449963965423304,0,,,,0.0,2026-02-05,1
vix,eurusd,0.0,,0.001551557915907098,0.0,0.0,0,,,,0.0,2026-02-05,1
vix,sp500,0.0,,0.005646602545230825,0.0,0.0,0,,,,0.0,2026-02-05,1
vix,us2y,0.0,,0.02002720406169342,0.02589675788657938,1.2930790442242917,0,,,,0.0,2026-02-05,1
vix,us10y,0.0,,0.018277390240870887,0.02591041154461372,1.417620962465106,0,,,,0.0,2026-02-05,1
vix,wti,0.0,,1.5151624972687068e-05,0.0,0.0,0,,,,0.0,2026-02-05,1
vix,brent,0.0,,4.608247851509164e-05,0.0,0.0,0,,,,0.0,2026-02-05,1
vix,henry_hub,0.0,,0.024710281152076265,0.02885407985012204,1.1676953278088296,0,,,,0.0,2026-02-05,1
us2y,audusd,0.0,,0.02204458795190743,0.015143572516548347,0.686951942562303,0,,,,0.0,2026-02-05,1
us2y,brlusd,0.0,,0.02083271466186169,0.020678555385670334,0.992600134994717,0,,,,0.0,2026-02-05,1
us2y,sp500,0.0,,0.009225242453755576,0.00909805308514333,0.9862128969238669,0,,,,0.0,2026-02-05,1
us2y,vix,0.0,,0.00034716649035832436,0.0,0.0,0,,,,0.0,2026-02-05,1
us2y,brent,0.0,,0.001862089685604353,0.0006344884999675629,0.3407400324875521,0,,,,0.0,2026-02-05,1
us2y,henry_hub,0.0,,0.008997871380982252,0.0,0.0,0,,,,0.0,2026-02-05,1
us10y,audusd,0.0,,0.0025556412355079556,0.0,0.0,0,,,,0.0,2026-02-05,1
us10y,brlusd,0.0,,0.005551492105472045,0.006060959597461978,1.0917712719951014,0,,,,0.0,2026-02-05,1
us10y,vix,0.0,,0.024894762403844837,0.020401635478257685,0.8195151713963248,0,,,,0.0,2026-02-05,1
us10y,wti,0.0,,0.0006669500243648635,0.0,0.0,0,,,,0.0,2026-02-05,1
us10y,brent,0.0,,0.0050981619484549885,0.0029823114688719093,0.584977781997629,0,,,,0.0,2026-02-05,1
us10y,henry_hub,0.0,,0.0,0.0,0.0,0,,,,0.0,2026-02-05,1
wti,audusd,0.0,,0.02325058866270142,0.021002680719810082,0.9033182352712888,0,,,,0.0,2026-02-05,1
wti,brlusd,0.0,,0.01347068061694893,0.011062470010903169,0.821225766201024,0,,,,0.0,2026-02-05,1
wti,cnyusd,0.0,,0.009328934625533416,0.006697129202610938,0.7178878908938656,0,,,,0.0,2026-02-05,1
wti,krwusd,0.0,,0.0,0.0,0.0,0,,,,0.0,2026-02-05,1
wti,eurusd,0.0,,1.5192289256598941e-05,0.0,0.0,0,,,,0.0,2026-02-05,1
wti,vix,0.0,,0.016480577391801653,0.010134635106551418,0.6149441773558821,0,,,,0.0,2026-02-05,1
wti,us2y,0.0,,0.0014089420624264306,0.001804829923489674,1.2809823566353462,0,,,,0.0,2026-02-05,1
wti,us10y,0.0,,0.01336034403987603,0.01141195767945328,0.8541664530039431,0,,,,0.0,2026-02-05,1
wti,henry_hub,0.0,,4.254090733512425e-05,0.0,0.0,0,,,,0.0,2026-02-05,1
brent,audusd,0.0,,0.009192909913661562,0.004925673535868838,0.5358122272631874,0,,,,0.0,2026-02-05,1
brent,cnyusd,0.0,,0.013093003982257184,0.013213931655874745,1.009236052611107,0,,,,0.0,2026-02-05,1
brent,krwusd,0.0,,0.008987880802020693,0.0049325569318454015,0.5488008842681183,0,,,,0.0,2026-02-05,1
brent,eurusd,0.0,,0.0037252914214844467,0.0,0.0,0,,,,0.0,2026-02-05,1
brent,sp500,0.0,,0.027530635920582292,0.027370810912588278,0.994194648882973,0,,,,0.0,2026-02-05,1
brent,us2y,0.0,,0.0,0.0,0.0,0,,,,0.0,2026-02-05,1
brent,henry_hub,0.0,,2.6194088160863047e-05,0.0,0.0,0,,,,0.0,2026-02-05,1
henry_hub,audusd,0.0,,0.0006338852056454461,0.0,0.0,0,,,,0.0,2026-02-05,1
henry_hub,eurusd,0.0,,1.6192770623202607e-05,0.0,0.0,0,,,,0.0,2026-02-05,1
henry_hub,sp500,0.0,,0.0031238923978493933,0.006539214324240833,2.093290514341236,0,,,,0.0,2026-02-05,1
henry_hub,vix,0.0,,0.012268968927115168,0.009552756279352353,0.7786111723080642,0,,,,0.0,2026-02-05,1
henry_hub,us2y,0.0,,0.010128666158293971,0.0,0.0,0,,,,0.0,2026-02-05,1
henry_hub,us10y,0.0,,5.942024671127355e-06,0.0,0.0,0,,,,0.0,2026-02-05,1
henry_hub,wti,0.0,,0.0003490154134094818,0.0,0.0,0,,,,0.0,2026-02-05,1
henry_hub,brent,0.0,,0.0007125781267380485,0.0,0.0,0,,,,0.0,2026-02-05,1
pw_bab_el_mandeb_strait_capacity_z,audusd,0.0,,0.0007966901278892554,0.0,0.0,0,,,,0.0,2026-02-05,1
pw_bab_el_mandeb_strait_capacity_z,brlusd,0.0,,0.00020538165557949561,0.0,0.0,0,,,,0.0,2026-02-05,1
pw_bab_el_mandeb_strait_capacity_z,krwusd,0.0,,7.533114278202556e-06,0.0,0.0,0,,,,0.0,2026-02-05,1
pw_bab_el_mandeb_strait_capacity_z,eurusd,0.0,,0.007442532992614257,0.006923668123663465,0.930283833546227,0,,,,0.0,2026-02-05,1
pw_bab_el_mandeb_strait_capacity_z,sp500,0.0,,0.00036906325902341176,0.0,0.0,0,,,,0.0,2026-02-05,1
pw_bab_el_mandeb_strait_capacity_z,vix,0.0,,2.2144820402860745e-05,0.0,0.0,0,,,,0.0,2026-02-05,1
pw_bab_el_mandeb_strait_capacity_z,us2y,0.0,,4.973926845626147e-05,0.0,0.0,0,,,,0.0,2026-02-05,1
pw_bab_el_mandeb_strait_capacity_z,us10y,0.0,,0.0,0.0,0.0,0,,,,0.0,2026-02-05,1
pw_bab_el_mandeb_strait_capacity_z,wti,0.0,,0.0,0.0,0.0,0,,,,0.0,2026-02-05,1
pw_bab_el_mandeb_strait_capacity_z,brent,0.0,,0.0,0.0,0.0,0,,,,0.0,2026-02-05,1
pw_bab_el_mandeb_strait_capacity_z,henry_hub,0.0,,0.018045333682589218,0.0,0.0,0,,,,0.0,2026-02-05,1
pw_bab_el_mandeb_strait_n_total_z,audusd,0.0,,0.0003793532766479942,0.0,0.0,0,,,,0.0,2026-02-05,1
pw_bab_el_mandeb_strait_n_total_z,brlusd,0.0,,0.0013297241139598717,0.0,0.0,0,,,,0.0,2026-02-05,1
pw_bab_el_mandeb_strait_n_total_z,krwusd,0.0,,1.9061290133531508e-05,0.0,0.0,0,,,,0.0,2026-02-05,1
pw_bab_el_mandeb_strait_n_total_z,eurusd,0.0,,9.727216880582748e-05,0.0,0.0,0,,,,0.0,2026-02-05,1
pw_bab_el_mandeb_strait_n_total_z,sp500,0.0,,0.0063232699879914,0.004424158360514801,0.6996630491686698,0,,,,0.0,2026-02-05,1
pw_bab_el_mandeb_strait_n_total_z,vix,0.0,,0.0,0.0,0.0,0,,,,0.0,2026-02-05,1
pw_bab_el_mandeb_strait_n_total_z,us2y,0.0,,0.0,0.0,0.0,0,,,,0.0,2026-02-05,1
pw_bab_el_mandeb_strait_n_total_z,us10y,0.0,,0.0121015234696603,0.013744260674880203,1.1357463140354522,0,,,,0.0,2026-02-05,1
pw_bab_el_mandeb_strait_n_total_z,wti,0.0,,0.0,0.0,0.0,0,,,,0.0,2026-02-05,1
pw_bab_el_mandeb_strait_n_total_z,brent,0.0,,0.00040701169184724587,0.0,0.0,0,,,,0.0,2026-02-05,1
pw_cape_of_good_hope_capacity_z,audusd,0.0,,2.5040355925453682e-05,0.0,0.0,0,,,,0.0,2026-02-05,1
pw_cape_of_good_hope_capacity_z,brlusd,0.0,,9.738869410363959e-05,0.0,0.0,0,,,,0.0,2026-02-05,1
pw_cape_of_good_hope_capacity_z,cnyusd,0.0,,0.0033733615275698234,0.0,0.0,0,,,,0.0,2026-02-05,1
pw_cape_of_good_hope_capacity_z,krwusd,0.0,,2.184614170817248e-05,0.0,0.0,0,,,,0.0,2026-02-05,1
pw_cape_of_good_hope_capacity_z,eurusd,0.0,,0.00033348247093245104,0.0,0.0,0,,,,0.0,2026-02-05,1
pw_cape_of_good_hope_capacity_z,sp500,0.0,,0.011199091467683947,0.008034176432184879,0.7173953758095705,0,,,,0.0,2026-02-05,1
pw_cape_of_good_hope_capacity_z,vix,0.0,,0.004129782942192743,0.0,0.0,0,,,,0.0,2026-02-05,1
pw_cape_of_good_hope_capacity_z,us2y,0.0,,0.0025249197251490593,0.004180109702345886,1.655541624040785,0,,,,0.0,2026-02-05,1
pw_cape_of_good_hope_capacity_z,us10y,0.0,,0.0015352108448767156,0.0,0.0,0,,,,0.0,2026-02-05,1
pw_cape_of_good_hope_capacity_z,wti,0.0,,0.010490301478395121,0.010941513655993041,1.0430123174750694,0,,,,0.0,2026-02-05,1
pw_cape_of_good_hope_n_total_z,audusd,0.0,,0.00011394095618227311,0.0,0.0,0,,,,0.0,2026-02-05,1
pw_cape_of_good_hope_n_total_z,cnyusd,0.0,,2.2584458162311837e-05,0.0,0.0,0,,,,0.0,2026-02-05,1
pw_cape_of_good_hope_n_total_z,krwusd,0.0,,6.874641784381433e-07,0.0,0.0,0,,,,0.0,2026-02-05,1
pw_cape_of_good_hope_n_total_z,eurusd,0.0,,0.0011801063140761802,0.0,0.0,0,,,,0.0,2026-02-05,1
pw_cape_of_good_hope_n_total_z,sp500,0.0,,1.9591157943868903e-06,0.0,0.0,0,,,,0.0,2026-02-05,1
pw_cape_of_good_hope_n_total_z,vix,0.0,,0.0,0.0,0.0,0,,,,0.0,2026-02-05,1
pw_cape_of_good_hope_n_total_z,us2y,0.0,,0.0037038437222417647,0.004744260544607566,1.2809019225401024,0,,,,0.0,2026-02-05,1
pw_cape_of_good_hope_n_total_z,us10y,0.0,,0.008308620023328432,0.0012301828547728042,0.1480610319546173,0,,,,0.0,2026-02-05,1
pw_cape_of_good_hope_n_total_z,wti,0.0,,0.00016731374525254852,0.0,0.0,0,,,,0.0,2026-02-05,1
pw_cape_of_good_hope_n_total_z,brent,0.0,,0.00018324398806712614,0.0,0.0,0,,,,0.0,2026-02-05,1
pw_malacca_strait_capacity_z,audusd,0.0,,0.0,0.0,0.0,0,,,,0.0,2026-02-05,1
pw_malacca_strait_capacity_z,brlusd,0.0,,0.010442347704717995,0.010168814215668424,0.9738053647719482,0,,,,0.0,2026-02-05,1
pw_malacca_strait_capacity_z,cnyusd,0.0,,0.00014523206179704805,0.0,0.0,0,,,,0.0,2026-02-05,1
pw_malacca_strait_capacity_z,krwusd,0.0,,0.003794212771308144,0.0,0.0,0,,,,0.0,2026-02-05,1
pw_malacca_strait_capacity_z,eurusd,0.0,,4.344223618799932e-05,0.0,0.0,0,,,,0.0,2026-02-05,1
pw_malacca_strait_capacity_z,sp500,0.0,,0.0,0.0,0.0,0,,,,0.0,2026-02-05,1
pw_malacca_strait_capacity_z,vix,0.0,,0.00010785148974265714,0.0,0.0,0,,,,0.0,2026-02-05,1
pw_malacca_strait_capacity_z,us10y,0.0,,0.0,0.0,0.0,0,,,,0.0,2026-02-05,1
pw_malacca_strait_capacity_z,wti,0.0,,0.0,0.0,0.0,0,,,,0.0,2026-02-05,1
pw_malacca_strait_capacity_z,brent,0.0,,0.0,0.0,0.0,0,,,,0.0,2026-02-05,1
pw_malacca_strait_capacity_z,henry_hub,0.0,,0.0,0.0,0.0,0,,,,0.0,2026-02-05,1
pw_malacca_strait_n_total_z,audusd,0.0,,0.0010983674646594293,0.0,0.0,0,,,,0.0,2026-02-05,1
pw_malacca_strait_n_total_z,brlusd,0.0,,0.0004469176902768489,0.0,0.0,0,,,,0.0,2026-02-05,1
pw_malacca_strait_n_total_z,cnyusd,0.0,,0.0040952160592341354,0.0,0.0,0,,,,0.0,2026-02-05,1
pw_malacca_strait_n_total_z,krwusd,0.0,,0.0,0.0,0.0,0,,,,0.0,2026-02-05,1
pw_malacca_strait_n_total_z,eurusd,0.0,,0.008581866489583236,0.001348850836675561,0.15717453054213917,0,,,,0.0,2026-02-05,1
pw_malacca_strait_n_total_z,sp500,0.0,,0.0020396552641382816,0.0,0.0,0,,,,0.0,2026-02-05,1
pw_malacca_strait_n_total_z,vix,0.0,,0.0,0.0,0.0,0,,,,0.0,2026-02-05,1
pw_malacca_strait_n_total_z,us2y,0.0,,0.0001040012302873194,0.0,0.0,0,,,,0.0,2026-02-05,1
pw_malacca_strait_n_total_z,us10y,0.0,,0.013461657654878794,0.011509371246558304,0.8549742937777846,0,,,,0.0,2026-02-05,1
pw_malacca_strait_n_total_z,wti,0.0,,0.0,0.0,0.0,0,,,,0.0,2026-02-05,1
pw_malacca_strait_n_total_z,brent,0.0,,0.0010948470552442102,0.0,0.0,0,,,,0.0,2026-02-05,1
pw_panama_canal_capacity_z,audusd,0.0,,6.274483730303733e-06,0.0,0.0,0,,,,0.0,2026-02-05,1
pw_panama_canal_capacity_z,brlusd,0.0,,0.0,0.0,0.0,0,,,,0.0,2026-02-05,1
pw_panama_canal_capacity_z,cnyusd,0.0,,0.0006229329883580749,0.0,0.0,0,,,,0.0,2026-02-05,1
pw_panama_canal_capacity_z,krwusd,0.0,,0.0011473910401543078,0.0,0.0,0,,,,0.0,2026-02-05,1
pw_panama_canal_capacity_z,eurusd,0.0,,0.0,0.0,0.0,0,,,,0.0,2026-02-05,1
pw_panama_canal_capacity_z,sp500,0.0,,0.0034431963866794714,0.0,0.0,0,,,,0.0,2026-02-05,1
pw_panama_canal_capacity_z,vix,0.0,,0.004530427298090463,0.0,0.0,0,,,,0.0,2026-02-05,1
pw_panama_canal_capacity_z,us2y,0.0,,0.0,0.0,0.0,0,,,,0.0,2026-02-05,1
pw_panama_canal_capacity_z,us10y,0.0,,0.0,0.0,0.0,0,,,,0.0,2026-02-05,1
pw_panama_canal_capacity_z,wti,0.0,,0.0,0.0,0.0,0,,,,0.0,2026-02-05,1
pw_panama_canal_capacity_z,brent,0.0,,2.0793361315935252e-05,0.0,0.0,0,,,,0.0,2026-02-05,1
pw_panama_canal_capacity_z,henry_hub,0.0,,0.0012386153478140202,0.0,0.0,0,,,,0.0,2026-02-05,1
pw_panama_canal_n_total_z,audusd,0.0,,0.002127687056137828,0.005354768362184312,2.516708623449669,0,,,,0.0,2026-02-05,1
pw_panama_canal_n_total_z,brlusd,0.0,,0.0,0.0,0.0,0,,,,0.0,2026-02-05,1
pw_panama_canal_n_total_z,cnyusd,0.0,,8.338543017574618e-06,0.0,0.0,0,,,,0.0,2026-02-05,1
pw_panama_canal_n_total_z,krwusd,0.0,,0.0,0.0,0.0,0,,,,0.0,2026-02-05,1
pw_panama_canal_n_total_z,eurusd,0.0,,1.2904065632079282e-05,0.0,0.0,0,,,,0.0,2026-02-05,1
pw_panama_canal_n_total_z,sp500,0.0,,0.00023739692870556394,0.0,0.0,0,,,,0.0,2026-02-05,1
pw_panama_canal_n_total_z,vix,0.0,,0.0,0.0,0.0,0,,,,0.0,2026-02-05,1
pw_panama_canal_n_total_z,us2y,0.0,,0.00026856004222933075,0.0,0.0,0,,,,0.0,2026-02-05,1
pw_panama_canal_n_total_z,us10y,0.0,,0.0002853644193042795,0.0,0.0,0,,,,0.0,2026-02-05,1
pw_panama_canal_n_total_z,wti,0.0,,0.0,0.0,0.0,0,,,,0.0,2026-02-05,1
pw_panama_canal_n_total_z,brent,0.0,,2.53035032362013e-05,0.0,0.0,0,,,,0.0,2026-02-05,1
pw_strait_of_hormuz_capacity_z,audusd,0.0,,0.009333976330078925,0.006427823815482535,0.6886479661158711,0,,,,0.0,2026-02-05,1
pw_strait_of_hormuz_capacity_z,brlusd,0.0,,0.0,0.0,0.0,0,,,,0.0,2026-02-05,1
pw_strait_of_hormuz_capacity_z,cnyusd,0.0,,0.0,0.0,0.0,0,,,,0.0,2026-02-05,1
pw_strait_of_hormuz_capacity_z,krwusd,0.0,,0.005591261236688473,0.003224400444189373,0.5766857078742189,0,,,,0.0,2026-02-05,1
pw_strait_of_hormuz_capacity_z,eurusd,0.0,,0.0015796705607481385,0.0,0.0,0,,,,0.0,2026-02-05,1
pw_strait_of_hormuz_capacity_z,sp500,0.0,,0.0,0.0,0.0,0,,,,0.0,2026-02-05,1
pw_strait_of_hormuz_capacity_z,vix,0.0,,0.005398757347590927,0.0,0.0,0,,,,0.0,2026-02-05,1
pw_strait_of_hormuz_capacity_z,us2y,0.0,,0.00014635871289332713,0.0,0.0,0,,,,0.0,2026-02-05,1
pw_strait_of_hormuz_capacity_z,us10y,0.0,,0.0002895324138554354,0.0,0.0,0,,,,0.0,2026-02-05,1
pw_strait_of_hormuz_capacity_z,wti,0.0,,0.015753240582074817,0.021153965442679685,1.3428326275134912,0,,,,0.0,2026-02-05,1
pw_strait_of_hormuz_capacity_z,henry_hub,0.0,,0.0006654210554141358,0.0,0.0,0,,,,0.0,2026-02-05,1
pw_strait_of_hormuz_n_total_z,audusd,0.0,,7.289829030571011e-05,0.0,0.0,0,,,,0.0,2026-02-05,1
pw_strait_of_hormuz_n_total_z,brlusd,0.0,,0.012932731399054131,0.012681689810161139,0.980588664440108,0,,,,0.0,2026-02-05,1
pw_strait_of_hormuz_n_total_z,cnyusd,0.0,,0.0,0.0,0.0,0,,,,0.0,2026-02-05,1
pw_strait_of_hormuz_n_total_z,krwusd,0.0,,0.00016723532439187033,0.0,0.0,0,,,,0.0,2026-02-05,1
pw_strait_of_hormuz_n_total_z,eurusd,0.0,,0.0,0.0,0.0,0,,,,0.0,2026-02-05,1
pw_strait_of_hormuz_n_total_z,sp500,0.0,,0.0,0.0,0.0,0,,,,0.0,2026-02-05,1
pw_strait_of_hormuz_n_total_z,vix,0.0,,0.0,0.0,0.0,0,,,,0.0,2026-02-05,1
pw_strait_of_hormuz_n_total_z,us2y,0.0,,0.0,0.0,0.0,0,,,,0.0,2026-02-05,1
pw_strait_of_hormuz_n_total_z,us10y,0.0,,0.006040180528189171,0.0032394811587105454,0.5363219101800145,0,,,,0.0,2026-02-05,1
pw_strait_of_hormuz_n_total_z,wti,0.0,,0.0,0.0,0.0,0,,,,0.0,2026-02-05,1
pw_strait_of_hormuz_n_total_z,brent,0.0,,0.0004654639664118916,0.0,0.0,0,,,,0.0,2026-02-05,1
pw_strait_of_hormuz_n_total_z,henry_hub,0.0,,0.006194609447600785,0.01565135977327284,2.526609612061132,0,,,,0.0,2026-02-05,1
pw_suez_canal_capacity_z,audusd,0.0,,0.0,0.0,0.0,0,,,,0.0,2026-02-05,1
pw_suez_canal_capacity_z,cnyusd,0.0,,0.0,0.0,0.0,0,,,,0.0,2026-02-05,1
pw_suez_canal_capacity_z,krwusd,0.0,,0.0,0.0,0.0,0,,,,0.0,2026-02-05,1
pw_suez_canal_capacity_z,eurusd,0.0,,0.00016458361829076287,0.0,0.0,0,,,,0.0,2026-02-05,1
pw_suez_canal_capacity_z,sp500,0.0,,0.0,0.0,0.0,0,,,,0.0,2026-02-05,1
pw_suez_canal_capacity_z,vix,0.0,,0.0,0.0,0.0,0,,,,0.0,2026-02-05,1
pw_suez_canal_capacity_z,us2y,0.0,,0.0,0.0,0.0,0,,,,0.0,2026-02-05,1
pw_suez_canal_capacity_z,us10y,0.0,,0.0004240071347931058,0.0,0.0,0,,,,0.0,2026-02-05,1
pw_suez_canal_capacity_z,wti,0.0,,1.3261214167628809e-05,0.0,0.0,0,,,,0.0,2026-02-05,1
pw_suez_canal_capacity_z,brent,0.0,,0.0,0.0,0.0,0,,,,0.0,2026-02-05,1
pw_suez_canal_capacity_z,henry_hub,0.0,,0.0,0.0,0.0,0,,,,0.0,2026-02-05,1
pw_suez_canal_n_total_z,audusd,0.0,,1.6944019295780752e-05,0.0,0.0,0,,,,0.0,2026-02-05,1
pw_suez_canal_n_total_z,brlusd,0.0,,0.0,0.0,0.0,0,,,,0.0,2026-02-05,1
pw_suez_canal_n_total_z,cnyusd,0.0,,0.0,0.0,0.0,0,,,,0.0,2026-02-05,1
pw_suez_canal_n_total_z,krwusd,0.0,,0.0,0.0,0.0,0,,,,0.0,2026-02-05,1
pw_suez_canal_n_total_z,eurusd,0.0,,0.0,0.0,0.0,0,,,,0.0,2026-02-05,1
pw_suez_canal_n_total_z,sp500,0.0,,0.0,0.0,0.0,0,,,,0.0,2026-02-05,1
pw_suez_canal_n_total_z,vix,0.0,,0.0007756426043085276,0.0,0.0,0,,,,0.0,2026-02-05,1
pw_suez_canal_n_total_z,us2y,0.0,,0.0,0.0,0.0,0,,,,0.0,2026-02-05,1
pw_suez_canal_n_total_z,us10y,0.0,,0.0,0.0,0.0,0,,,,0.0,2026-02-05,1
pw_suez_canal_n_total_z,wti,0.0,,0.0004419406340046465,0.0,0.0,0,,,,0.0,2026-02-05,1
pw_suez_canal_n_total_z,brent,0.0,,0.0032225905553013206,0.0,0.0,0,,,,0.0,2026-02-05,1
wti,brent,1.0,1.0,0.3724956241541958,0.34802087612949706,0.9342952066074007,600,7.426807211132618e-05,0.5505029985239059,2.454657723494407,0.7864923108788923,2026-03-09,1
cnyusd,us10y,1.0,1.0,0.06486184606669698,0.06742251551373661,1.0394788246453317,600,1.709613752596279e-05,0.5509964441648783,1.5434525157112613,0.6479321180640149,2026-03-09,1
sp500,cnyusd,1.0,1.0,0.10375362800350507,0.10493402910875464,1.0113769622129232,600,5.904436590670826e-08,0.5307290191087822,1.5130649894530226,0.6390299879954635,2026-03-09,1
sp500,eurusd,1.0,1.0,0.14445637368933745,0.14640831287805448,1.0135123092104943,600,5.445215987320378e-07,0.545006677247695,1.2004522813566718,0.5372104641324563,2026-03-09,1
brent,vix,0.9178349964883046,1.0,0.06990313597569221,0.07879131406975208,1.127149919241829,540,0.02978591971754508,0.47782592868788387,1.2811864402829618,0.5188551838127904,2026-03-09,1
sp500,audusd,1.0,1.0,0.2068207997360723,0.22125341582420438,1.069783194468592,600,1.8911600444445476e-06,0.5082414204946423,1.0071456197850992,0.46492234204502303,2026-03-09,1
eurusd,wti,1.0,1.0,0.08813008269067735,0.07996521507547255,0.9073543633918717,600,0.02709273907127492,0.5491595239261658,0.7257528892644635,0.315528092488497,2026-03-09,1
sp500,brlusd,1.0,1.0,0.0808387774235495,0.07932663740359452,0.9812943729711272,600,2.738229453181075e-07,0.5253198831537718,0.4544331980308101,0.2192069303128803,2026-03-09,1
eurusd,krwusd,1.0,1.0,0.14888072500273622,0.1408970983713612,0.9463756867705453,600,2.4295830121465745e-07,0.4861300324117427,0.27005157197282537,0.12701415177544292,2026-03-09,1
us2y,cnyusd,1.0,1.0,0.10893542535545248,0.10334312880395222,0.9486641142378359,600,1.0154943787256979e-08,0.48519389821548214,0.20426888813231092,0.09655577641789995,2026-03-09,1
sp500,vix,0.9610023220772003,1.0,0.054273447846310295,0.05153111008304031,0.9494718343482499,580,0.010484450512037185,0.492083549344086,0.15747575897150395,0.07169585395588296,2026-03-09,1
vix,brlusd,0.9484319544414324,1.0,0.07771267203105837,0.07220971435707045,0.9291884125179916,560,1.1617011150766713e-07,0.5001905845498841,0.13281083243439457,0.058435364275336,2026-03-09,1
eurusd,vix,0.7579647009460301,1.0,0.06642262748099426,0.07026923625934231,1.0579111204152334,200,0.0032156601236127407,0.49557878958010154,0.11351490835547916,0.04297401107315753,2026-03-09,1
audusd,eurusd,0.9969992641682449,0.7806246963476209,0.07162940259781803,0.07062696154916039,0.9860051736814545,580,1.4722413645831974e-08,0.5093969523268087,0.10830880500091523,0.04151698674479996,2026-03-09,1
us2y,eurusd,1.0,0.9969992641682449,0.0729028114658587,0.06667406118971186,0.9145609044300872,600,9.273824493865047e-09,0.4939085631054226,0.0663544158196975,0.030240432539648962,2026-03-09,1
pw_cape_of_good_hope_capacity_z,henry_hub,0.18396880270671498,1.0,0.030251605244300258,0.0014200425590148952,0.04694106469878808,360,0.0001754613671967643,0.5464681776013621,1.7580883121638522,0.006096281299141648,2026-03-09,1
audusd,us2y,0.00727722660917205,1.0,0.01124089020575208,0.006859919658124061,0.61026480399335,40,5.58936822148575e-05,0.5524668454893161,0.6254922979652151,0.0013453374975355551,2026-03-09,1
pw_suez_canal_capacity_z,brlusd,0.016303491653515852,1.0,0.03439731075194102,0.028781902281043367,0.8367486193501108,80,8.179476256627028e-08,0.5582242768890886,0.1305886472033109,0.0008894765184107586,2026-03-09,1
brent,us10y,0.004874709740349937,1.0,0.04335226571940612,0.04454731544572838,1.027566026976701,20,9.526109637754104e-06,0.3975981573018204,0.23458885524139214,0.0005691684763941,2026-03-09,1
eurusd,sp500,1.0,1.0,0.09162542817548121,0.09192560517918413,1.0032761320703247,600,-4.930634680471371e-07,0.42163376487045195,-0.3986571679320232,0.0,2026-03-09,1
sp500,krwusd,1.0,1.0,0.20902851574789494,0.1985934433142339,0.9500782350373355,600,-1.420174866239387e-08,0.49353891215722,-0.015723222913459328,0.0,2026-03-09,1
us2y,krwusd,1.0,1.0,0.13975336141358702,0.11903623637221947,0.8517593792963795,600,-4.753498717477929e-08,0.43788522299750027,-0.08971069490979698,0.0,2026-03-09,1
pw_panama_canal_n_total_z,henry_hub,1.0,1.0,0.2035856164792074,0.11332460531773778,0.5566434764771894,600,-3.469843485121944e-05,0.5046024702952089,-0.29723256814945304,0.0,2026-03-09,1
audusd,wti,0.9275336162923353,1.0,0.0633078689968329,0.06028318546492634,0.9522226291954657,540,-0.00018737414581635045,0.5209295559176664,-0.008411200525238404,0.0,2026-03-09,1
cnyusd,us2y,0.8942726214747675,1.0,0.05811044632287157,0.05218399411671633,0.8980139960855427,580,-5.724240542177535e-06,0.46904601447385535,-0.3267246112445964,0.0,2026-03-09,1
vix,audusd,0.8347410356981753,1.0,0.06220456306656701,0.06425991187822468,1.0330417691296725,440,-1.6445828821666398e-07,0.4901226795493994,-0.5323855012499675,0.0,2026-03-09,1
brlusd,wti,0.7746801316041186,1.0,0.05499748802204459,0.04174513127430052,0.7590370537935816,580,-0.004181240527719272,0.5043725286730317,-0.47424713258259704,0.0,2026-03-09,1
brent,wti,0.7746801316041186,1.0,0.06355565212975803,0.035564234162305114,0.5595762606557101,580,-0.019565189266724584,0.4666279332791694,-1.6730958951565496,0.0,2026-03-09,1
brent,brlusd,0.6225847166102082,1.0,0.05180988828503478,0.043102858494368054,0.8319427028530818,540,-3.5962037189476104e-07,0.4390842765662888,-1.6765208099094338,0.0,2026-03-09,1
brlusd,us2y,0.5940504785735807,1.0,0.05236122369699012,0.04760201093911573,0.9091080684932892,480,-2.9354796098025583e-05,0.4757276274330921,-1.1953180120599594,0.0,2026-03-09,1
eurusd,audusd,0.5840134449251279,0.9948618720034098,0.05283018383009742,0.04356212296408436,0.8245688317909462,240,-3.0161176979985435e-07,0.4497497901773863,-1.5597315060212789,0.0,2026-03-09,1
krwusd,cnyusd,0.4401819335872345,0.7359150153454567,0.04508194194010635,0.0315684013441395,0.7002449314645701,200,-4.343826480991415e-09,0.4518621476651204,-0.1758200748935557,0.0,2026-03-09,1
pw_malacca_strait_capacity_z,us2y,0.3817142329869601,1.0,0.047662346036550673,0.04141535489573267,0.8689323614908214,220,-1.3873237644268078e-05,0.49577586010058133,-0.44167783356842083,0.0,2026-03-09,1
wti,sp500,0.24203529905396987,1.0,0.045401590328664435,0.0374856015681103,0.8256451216080783,400,-3.735214891624378e-07,0.4765329065579127,-0.5083529669425899,0.0,2026-03-09,1
brlusd,audusd,0.18396880270671498,0.8647473010856319,0.036255367558933486,0.02516491211930203,0.6941016962080497,360,-2.470653046149886e-07,0.4646009874176552,-1.3104425057003668,0.0,2026-03-09,1
brlusd,brent,0.1498544483398414,1.0,0.044438069983093034,0.04113879707396825,0.9257557110293038,280,-4.21164722294156e-06,0.4589110050765752,-1.2777087686787962,0.0,2026-03-09,1
pw_cape_of_good_hope_n_total_z,henry_hub,0.13700597845501566,0.6395406756291061,0.04110896621017862,0.020741466209801603,0.5045484749909862,260,-8.978657676589764e-05,0.4874945552028616,-0.7772999451635217,0.0,2026-03-09,1
us10y,eurusd,0.12063824008111014,0.9158390659489275,0.025685228197709263,0.011414238139817472,0.4443892050309076,300,-8.020490592338166e-08,0.47342468080163946,-0.5115521853486391,0.0,2026-03-09,1
pw_bab_el_mandeb_strait_n_total_z,henry_hub,0.11408968031104946,1.0,0.024891375245338066,0.012294898292922843,0.4939421053172049,200,-3.0022857267389314e-05,0.5204348386330875,-0.45694958732023894,0.0,2026-03-09,1
us10y,krwusd,0.11048521311360643,1.0,0.011702858936972873,0.0031046317983722932,0.26528832100708505,240,-2.1877647340652724e-07,0.4319774877759927,-0.9936921796839676,0.0,2026-03-09,1
us2y,wti,0.10430475482904189,1.0,0.03970266375073301,0.03760792285200025,0.9472392857092848,280,-0.01412090773531231,0.4591868888635628,-0.6878765053746138,0.0,2026-03-09,1
us10y,us2y,0.10430475482904189,1.0,0.03690642185710849,0.03195381131570629,0.8658062664384713,280,-1.810325809435363e-05,0.5089496683753806,-0.4390335674873198,0.0,2026-03-09,1
pw_cape_of_good_hope_capacity_z,brent,0.10430475482904189,1.0,0.04786590681735074,0.04095584845507924,0.8556371575986377,280,-1.1065877589067678e-05,0.38045969143121977,-2.2017092901248083,0.0,2026-03-09,1
henry_hub,krwusd,0.09240798798512961,1.0,0.025120422953149972,0.009361136748276494,0.37265044325627705,160,-1.676253400726941e-07,0.4681133454611046,-0.6405786902307204,0.0,2026-03-09,1
sp500,wti,0.08695331699972665,1.0,0.037984442501081114,0.032126483590777216,0.8457800477093439,240,-0.003936784432050443,0.5202623829233485,-0.2842338212415526,0.0,2026-03-09,1
eurusd,us2y,0.08406272128551463,1.0,0.015448611630598838,0.0,0.0,240,-1.879709351158531e-05,0.4731839691368939,-0.7293238725407801,0.0,2026-03-09,1
us10y,sp500,0.05686617954213228,1.0,0.03942624145946095,0.038420597320553855,0.9744930254145295,160,-1.288563298314475e-06,0.5106106426540943,-1.4287681847758518,0.0,2026-03-09,1
krwusd,us2y,0.0550946424262253,1.0,0.022217202275918238,0.014263696794835936,0.6420113845880902,200,-8.480960205791372e-06,0.5325201950507705,-0.1563557467832835,0.0,2026-03-09,1
henry_hub,cnyusd,0.0432159943941956,1.0,0.03749667754186106,0.028146440487290713,0.7506382520389493,140,-5.873776065020759e-08,0.5946189537236501,-0.45909481403454433,0.0,2026-03-09,1
pw_suez_canal_n_total_z,henry_hub,0.03114342605818793,1.0,0.007053699279347787,0.0,0.0,140,0.00011369156606820157,0.562234090900484,0.7553141850767683,0.0,2026-03-09,1
henry_hub,brlusd,0.02488227708212815,0.5799114645855682,0.008725104542377264,0.0026573164694623412,0.30455984298594113,120,-2.3061994697984667e-06,0.515401718994558,-1.4854727841034772,0.0,2026-03-09,1
pw_strait_of_hormuz_capacity_z,brent,0.020640500973953074,1.0,0.03610322290861505,0.03531579146202283,0.978189441740828,60,-5.185965165730866e-06,0.40217967225309975,-0.694802303607539,0.0,2026-03-09,1
us10y,cnyusd,0.01930422748527079,1.0,0.005100585199928452,0.0,0.0,100,3.6378295990629915e-08,0.47796823527004173,0.3299882266022641,0.0,2026-03-09,1
pw_malacca_strait_n_total_z,henry_hub,0.01633348525206824,1.0,0.01473216563225341,0.00938320023412362,0.6369192736728945,20,-3.0626918993900585e-05,0.3500464416515346,-0.7627869741194291,0.0,2026-03-09,1
audusd,sp500,0.010153026967503736,1.0,0.01176176679099932,0.0,0.0,60,-1.619454514164341e-06,0.4527991300545021,-1.2702065892735912,0.0,2026-03-09,1
us2y,us10y,0.010153026967503736,1.0,0.012211615130133645,0.009957676817181502,0.8154266827988808,60,-1.646551722952264e-05,0.4995511033149796,-0.3615080398696993,0.0,2026-03-09,1
pw_cape_of_good_hope_n_total_z,brlusd,0.007875445572104874,1.0,0.013966109191662471,0.006672901952886192,0.4777924804475824,40,-1.7171219210588398e-06,0.3329583948482481,-1.3696789788072141,0.0,2026-03-09,1
krwusd,vix,0.00727722660917205,1.0,0.009721543149264057,0.002640517049853963,0.2716150110441938,40,-0.05096883898372771,0.2993842190935326,-2.039253999919229,0.0,2026-03-09,1
cnyusd,wti,0.004874709740349937,1.0,0.012519963087141376,0.007754079284792669,0.6193372321326166,20,-0.026350855717256136,0.4432619032366697,-1.2536483129621636,0.0,2026-03-09,1
audusd,vix,0.0030007358317549362,1.0,0.008591762104013778,0.0,0.0,20,-0.1140876560922019,0.3523238476329138,-1.8520756717413662,0.0,2026-03-09,1
brlusd,cnyusd,0.0030007358317549362,1.0,0.012934760297404521,0.008521287816120424,0.6587897742357312,20,-2.7076723537117893e-09,0.5031297473171652,-0.026983473890778778,0.0,2026-03-09,1
pw_bab_el_mandeb_strait_capacity_z,cnyusd,0.0030007358317549362,1.0,0.003911318694999745,0.0,0.0,20,-8.052518251198797e-07,0.29832181352035575,-2.2556042702273804,0.0,2026-03-09,1
pw_bab_el_mandeb_strait_n_total_z,cnyusd,0.0030007358317549362,1.0,0.01023034198600171,0.005639478530370066,0.5512502454059334,20,-6.296462030138997e-07,0.2507153160886359,-2.7206532902336558,0.0,2026-03-09,1
audusd,brlusd,0.0,,0.007041081456505286,0.007421261695159065,1.0539945803783493,0,,,,0.0,2026-03-09,1
audusd,cnyusd,0.0,,0.0006010484579180599,0.0,0.0,0,,,,0.0,2026-03-09,1
audusd,krwusd,0.0,,0.02548515203279033,0.031412058233874024,1.2325631094316358,0,,,,0.0,2026-03-09,1
audusd,us10y,0.0,,0.005574556589918691,0.004224626623392056,0.7578408354544439,0,,,,0.0,2026-03-09,1
audusd,brent,0.0,,0.001546895464739735,0.005067106325181746,3.2756617629842792,0,,,,0.0,2026-03-09,1
audusd,henry_hub,0.0,,0.011329837867212386,0.0,0.0,0,,,,0.0,2026-03-09,1
brlusd,krwusd,0.0,,0.014582384426255061,0.011038820962864128,0.7569969793821322,0,,,,0.0,2026-03-09,1
brlusd,eurusd,0.0,,0.003153625870394297,0.0,0.0,0,,,,0.0,2026-03-09,1
brlusd,sp500,0.0,,0.01802483247856354,0.0196548613932892,1.0904324030009271,0,,,,0.0,2026-03-09,1
brlusd,vix,0.0,,0.020192523464369297,0.020691441708611702,1.0247080680689944,0,,,,0.0,2026-03-09,1
brlusd,us10y,0.0,,0.02290994358563346,0.018611113709653373,0.8123596481190888,0,,,,0.0,2026-03-09,1
brlusd,henry_hub,0.0,,0.0019140999915430073,0.0,0.0,0,,,,0.0,2026-03-09,1
cnyusd,audusd,0.0,,0.0073007038513240655,0.009013022010584112,1.2345415173839025,0,,,,0.0,2026-03-09,1
cnyusd,brlusd,0.0,,0.025706668896014084,0.02699893912767994,1.0502698438639877,0,,,,0.0,2026-03-09,1
cnyusd,krwusd,0.0,,0.0011048832957457535,0.0,0.0,0,,,,0.0,2026-03-09,1
cnyusd,eurusd,0.0,,0.0026915616247601593,0.0,0.0,0,,,,0.0,2026-03-09,1
cnyusd,sp500,0.0,,0.004711980517026431,0.0015848578084537792,0.3363464264605934,0,,,,0.0,2026-03-09,1
cnyusd,vix,0.0,,0.015014558847240496,0.011749392618682361,0.78253332237209,0,,,,0.0,2026-03-09,1
cnyusd,brent,0.0,,0.0,0.0,0.0,0,,,,0.0,2026-03-09,1
cnyusd,henry_hub,0.0,,0.001473598662300982,0.0,0.0,0,,,,0.0,2026-03-09,1
krwusd,audusd,0.0,,0.005425414340476337,0.006183553569137939,1.1397384938889366,0,,,,0.0,2026-03-09,1
krwusd,brlusd,0.0,,1.1479892326997004e-06,0.0,0.0,0,,,,0.0,2026-03-09,1
krwusd,eurusd,0.0,,0.015582978860071114,0.01142032024293533,0.7328714455358769,0,,,,0.0,2026-03-09,1
krwusd,sp500,0.0,,0.005992391954732477,0.0019819369288372655,0.3307422050842378,0,,,,0.0,2026-03-09,1
krwusd,us10y,0.0,,0.001347733603024773,0.0,0.0,0,,,,0.0,2026-03-09,1
krwusd,wti,0.0,,7.560503284265311e-05,0.0,0.0,0,,,,0.0,2026-03-09,1
krwusd,brent,0.0,,0.00022829394480918,0.0,0.0,0,,,,0.0,2026-03-09,1
krwusd,henry_hub,0.0,,0.0011064283329246917,0.0,0.0,0,,,,0.0,2026-03-09,1
eurusd,brlusd,0.0,,0.019144698876865138,0.017915358048529763,0.9357868809406589,0,,,,0.0,2026-03-09,1
eurusd,cnyusd,0.0,,0.0005957388730382124,0.0,0.0,0,,,,0.0,2026-03-09,1
eurusd,us10y,0.0,,0.005917986108040902,0.0,0.0,0,,,,0.0,2026-03-09,1
eurusd,brent,0.0,,0.03167768531891142,0.029364188122658043,0.926967605967339,0,,,,0.0,2026-03-09,1
eurusd,henry_hub,0.0,,0.004586980006753566,0.006925173010555873,1.509745627920703,0,,,,0.0,2026-03-09,1
sp500,us2y,0.0,,0.0006922611188427473,0.0,0.0,0,,,,0.0,2026-03-09,1
sp500,us10y,0.0,,0.012987392171821037,0.01204325992763497,0.9273039397212809,0,,,,0.0,2026-03-09,1
sp500,brent,0.0,,0.005276328987438569,0.002096540925955702,0.39734840851413294,0,,,,0.0,2026-03-09,1
sp500,henry_hub,0.0,,0.00012491315289978156,0.0,0.0,0,,,,0.0,2026-03-09,1
vix,cnyusd,0.0,,0.0,0.0,0.0,0,,,,0.0,2026-03-09,1
vix,krwusd,0.0,,0.009788409299536772,0.011941072215211615,1.2199195854812401,0,,,,0.0,2026-03-09,1
vix,eurusd,0.0,,0.0013660032415652537,0.0,0.0,0,,,,0.0,2026-03-09,1
vix,sp500,0.0,,0.005316095599211085,0.002882993004387448,0.5423139878852606,0,,,,0.0,2026-03-09,1
vix,us2y,0.0,,0.02044799368428145,0.02354573288439088,1.1514935522740644,0,,,,0.0,2026-03-09,1
vix,us10y,0.0,,0.019237823669777235,0.026308274370343866,1.3675286156029365,0,,,,0.0,2026-03-09,1
vix,wti,0.0,,1.3339604416617122e-05,0.0,0.0,0,,,,0.0,2026-03-09,1
vix,brent,0.0,,4.057136017006117e-05,0.0,0.0,0,,,,0.0,2026-03-09,1
vix,henry_hub,0.0,,0.02516526118285249,0.028514700905091957,1.133097753204396,0,,,,0.0,2026-03-09,1
us2y,audusd,0.0,,0.021216701352209082,0.015122024498351197,0.7127415448479549,0,,,,0.0,2026-03-09,1
us2y,brlusd,0.0,,0.020428052672088696,0.017449040735424762,0.8541705377167828,0,,,,0.0,2026-03-09,1
us2y,sp500,0.0,,0.00991977062851409,0.015032698887765072,1.5154280729590683,0,,,,0.0,2026-03-09,1
us2y,vix,0.0,,0.00030564798537671776,0.0,0.0,0,,,,0.0,2026-03-09,1
us2y,brent,0.0,,0.0016393977437404747,0.0,0.0,0,,,,0.0,2026-03-09,1
us2y,henry_hub,0.0,,0.00792179353899473,0.0,0.0,0,,,,0.0,2026-03-09,1
us10y,audusd,0.0,,0.0022500057369374583,0.0,0.0,0,,,,0.0,2026-03-09,1
us10y,brlusd,0.0,,0.005668078854070038,0.006526358911273098,1.1514234503965592,0,,,,0.0,2026-03-09,1
us10y,vix,0.0,,0.023884724916532495,0.016449102576837304,0.6886871267858558,0,,,,0.0,2026-03-09,1
us10y,wti,0.0,,0.0005871878103317795,0.0,0.0,0,,,,0.0,2026-03-09,1
us10y,brent,0.0,,0.005035788699934578,0.004576613742644792,0.9088176679661417,0,,,,0.0,2026-03-09,1
us10y,henry_hub,0.0,,0.0,0.0,0.0,0,,,,0.0,2026-03-09,1
wti,audusd,0.0,,0.022801840412648107,0.01949827737176102,0.8551185789786244,0,,,,0.0,2026-03-09,1
wti,brlusd,0.0,,0.012856247067861608,0.008332953743364367,0.6481637836748882,0,,,,0.0,2026-03-09,1
wti,cnyusd,0.0,,0.008831538115772265,0.005169839766825055,0.5853838480968819,0,,,,0.0,2026-03-09,1
wti,krwusd,0.0,,0.0,0.0,0.0,0,,,,0.0,2026-03-09,1
wti,eurusd,0.0,,1.3375405557567165e-05,0.0,0.0,0,,,,0.0,2026-03-09,1
wti,vix,0.0,,0.014772368356583278,0.0021969962315968954,0.14872335827029443,0,,,,0.0,2026-03-09,1
wti,us2y,0.0,,0.001492518113595011,0.0021077823596639626,1.4122323477783274,0,,,,0.0,2026-03-09,1
wti,us10y,0.0,,0.013175311341976099,0.011813150749561036,0.8966126448886818,0,,,,0.0,2026-03-09,1
wti,henry_hub,0.0,,3.745333430556019e-05,0.0,0.0,0,,,,0.0,2026-03-09,1
brent,audusd,0.0,,0.008789163936877674,0.005816895439670944,0.6618257983861636,0,,,,0.0,2026-03-09,1
brent,cnyusd,0.0,,0.012982576779022214,0.012169641626022219,0.9373826038669326,0,,,,0.0,2026-03-09,1
brent,krwusd,0.0,,0.008340464339690953,0.0035743597437168993,0.4285564445983044,0,,,,0.0,2026-03-09,1
brent,eurusd,0.0,,0.0032797745448953537,0.0,0.0,0,,,,0.0,2026-03-09,1
brent,sp500,0.0,,0.02808868426266149,0.03219688496918713,1.1462582108905224,0,,,,0.0,2026-03-09,1
brent,us2y,0.0,,0.0,0.0,0.0,0,,,,0.0,2026-03-09,1
brent,henry_hub,0.0,,2.3061471937814147e-05,0.0,0.0,0,,,,0.0,2026-03-09,1
henry_hub,audusd,0.0,,0.0005580772956101389,0.0,0.0,0,,,,0.0,2026-03-09,1
henry_hub,eurusd,0.0,,0.000287096347626773,0.0022814150876481233,7.946513797570065,0,,,,0.0,2026-03-09,1
henry_hub,sp500,0.0,,0.00431072440145179,0.013047860072459014,3.026836990104188,0,,,,0.0,2026-03-09,1
henry_hub,vix,0.0,,0.01260099486195357,0.015045279840931932,1.1939755555617628,0,,,,0.0,2026-03-09,1
henry_hub,us2y,0.0,,0.008917353753355017,0.0,0.0,0,,,,0.0,2026-03-09,1
henry_hub,us10y,0.0,,5.231403145834409e-06,0.0,0.0,0,,,,0.0,2026-03-09,1
henry_hub,wti,0.0,,0.0003072757911166081,0.0,0.0,0,,,,0.0,2026-03-09,1
henry_hub,brent,0.0,,0.0006273591343340825,0.0,0.0,0,,,,0.0,2026-03-09,1
pw_bab_el_mandeb_strait_capacity_z,audusd,0.0,,0.0007014119718396135,0.0,0.0,0,,,,0.0,2026-03-09,1
pw_bab_el_mandeb_strait_capacity_z,brlusd,0.0,,0.00018081955201498765,0.0,0.0,0,,,,0.0,2026-03-09,1
pw_bab_el_mandeb_strait_capacity_z,krwusd,0.0,,6.6322103851921745e-06,0.0,0.0,0,,,,0.0,2026-03-09,1
pw_bab_el_mandeb_strait_capacity_z,eurusd,0.0,,0.007229727950606869,0.005663114885026069,0.7833095413432123,0,,,,0.0,2026-03-09,1
pw_bab_el_mandeb_strait_capacity_z,sp500,0.0,,0.0003249260649570257,0.0,0.0,0,,,,0.0,2026-03-09,1
pw_bab_el_mandeb_strait_capacity_z,vix,0.0,,1.9496466193144277e-05,0.0,0.0,0,,,,0.0,2026-03-09,1
pw_bab_el_mandeb_strait_capacity_z,us2y,0.0,,4.379082549723256e-05,0.0,0.0,0,,,,0.0,2026-03-09,1
pw_bab_el_mandeb_strait_capacity_z,us10y,0.0,,0.0,0.0,0.0,0,,,,0.0,2026-03-09,1
pw_bab_el_mandeb_strait_capacity_z,wti,0.0,,0.0,0.0,0.0,0,,,,0.0,2026-03-09,1
pw_bab_el_mandeb_strait_capacity_z,brent,0.0,,0.0,0.0,0.0,0,,,,0.0,2026-03-09,1
pw_bab_el_mandeb_strait_capacity_z,henry_hub,0.0,,0.01588724729694169,0.0,0.0,0,,,,0.0,2026-03-09,1
pw_bab_el_mandeb_strait_n_total_z,audusd,0.0,,0.00033398547375307146,0.0,0.0,0,,,,0.0,2026-03-09,1
pw_bab_el_mandeb_strait_n_total_z,brlusd,0.0,,0.0011706990963303682,0.0,0.0,0,,,,0.0,2026-03-09,1
pw_bab_el_mandeb_strait_n_total_z,krwusd,0.0,,1.6781702986315634e-05,0.0,0.0,0,,,,0.0,2026-03-09,1
pw_bab_el_mandeb_strait_n_total_z,eurusd,0.0,,8.56391479432205e-05,0.0,0.0,0,,,,0.0,2026-03-09,1
pw_bab_el_mandeb_strait_n_total_z,sp500,0.0,,0.006136537902264451,0.004761866877069309,0.7759858983861448,0,,,,0.0,2026-03-09,1
pw_bab_el_mandeb_strait_n_total_z,vix,0.0,,0.0,0.0,0.0,0,,,,0.0,2026-03-09,1
pw_bab_el_mandeb_strait_n_total_z,us2y,0.0,,0.0,0.0,0.0,0,,,,0.0,2026-03-09,1
pw_bab_el_mandeb_strait_n_total_z,us10y,0.0,,0.011941634989610843,0.010764579316876194,0.9014326200927527,0,,,,0.0,2026-03-09,1
pw_bab_el_mandeb_strait_n_total_z,wti,0.0,,0.0,0.0,0.0,0,,,,0.0,2026-03-09,1
pw_bab_el_mandeb_strait_n_total_z,brent,0.0,,0.00035833615021276845,0.0,0.0,0,,,,0.0,2026-03-09,1
pw_cape_of_good_hope_capacity_z,audusd,0.0,,2.2045717413081412e-05,0.0,0.0,0,,,,0.0,2026-03-09,1
pw_cape_of_good_hope_capacity_z,brlusd,0.0,,8.574173769053435e-05,0.0,0.0,0,,,,0.0,2026-03-09,1
pw_cape_of_good_hope_capacity_z,cnyusd,0.0,,0.003016127113669374,0.0003862641413808258,0.12806626737654395,0,,,,0.0,2026-03-09,1
pw_cape_of_good_hope_capacity_z,krwusd,0.0,,1.9233507227225106e-05,0.0,0.0,0,,,,0.0,2026-03-09,1
pw_cape_of_good_hope_capacity_z,eurusd,0.0,,0.000293600471905423,0.0,0.0,0,,,,0.0,2026-03-09,1
pw_cape_of_good_hope_capacity_z,sp500,0.0,,0.010987563660154664,0.00943035324877011,0.8582751864244821,0,,,,0.0,2026-03-09,1
pw_cape_of_good_hope_capacity_z,vix,0.0,,0.0037135941670904523,0.0006497251596978612,0.1749585793341849,0,,,,0.0,2026-03-09,1
pw_cape_of_good_hope_capacity_z,us2y,0.0,,0.002932603594782172,0.005933861792281059,2.0234108022096366,0,,,,0.0,2026-03-09,1
pw_cape_of_good_hope_capacity_z,us10y,0.0,,0.0013516111574614865,0.0,0.0,0,,,,0.0,2026-03-09,1
pw_cape_of_good_hope_capacity_z,wti,0.0,,0.0096427345554557,0.0034031764937397465,0.3529264934306716,0,,,,0.0,2026-03-09,1
pw_cape_of_good_hope_n_total_z,audusd,0.0,,0.00010031447353419253,0.0,0.0,0,,,,0.0,2026-03-09,1
pw_cape_of_good_hope_n_total_z,cnyusd,0.0,,1.9883526578301456e-05,0.0,0.0,0,,,,0.0,2026-03-09,1
pw_cape_of_good_hope_n_total_z,krwusd,0.0,,6.052486256418459e-07,0.0,0.0,0,,,,0.0,2026-03-09,1
pw_cape_of_good_hope_n_total_z,eurusd,0.0,,0.0010389744616637357,0.0,0.0,0,,,,0.0,2026-03-09,1
pw_cape_of_good_hope_n_total_z,sp500,0.0,,1.7248202585912487e-06,0.0,0.0,0,,,,0.0,2026-03-09,1
pw_cape_of_good_hope_n_total_z,vix,0.0,,0.0,0.0,0.0,0,,,,0.0,2026-03-09,1
pw_cape_of_good_hope_n_total_z,us2y,0.0,,0.0036332113014225296,0.0031132345552645547,0.8568823272253981,0,,,,0.0,2026-03-09,1
pw_cape_of_good_hope_n_total_z,us10y,0.0,,0.007314971467349457,0.0,0.0,0,,,,0.0,2026-03-09,1
pw_cape_of_good_hope_n_total_z,wti,0.0,,0.00014730427786821277,0.0,0.0,0,,,,0.0,2026-03-09,1
pw_cape_of_good_hope_n_total_z,brent,0.0,,0.0001613293832803511,0.0,0.0,0,,,,0.0,2026-03-09,1
pw_malacca_strait_capacity_z,audusd,0.0,,0.0,0.0,0.0,0,,,,0.0,2026-03-09,1
pw_malacca_strait_capacity_z,brlusd,0.0,,0.010040195939861569,0.007079663598956881,0.7051320154867907,0,,,,0.0,2026-03-09,1
pw_malacca_strait_capacity_z,cnyusd,0.0,,0.00012786339791769113,0.0,0.0,0,,,,0.0,2026-03-09,1
pw_malacca_strait_capacity_z,krwusd,0.0,,0.003340453418888388,0.0,0.0,0,,,,0.0,2026-03-09,1
pw_malacca_strait_capacity_z,eurusd,0.0,,3.8246870996727656e-05,0.0,0.0,0,,,,0.0,2026-03-09,1
pw_malacca_strait_capacity_z,sp500,0.0,,0.0,0.0,0.0,0,,,,0.0,2026-03-09,1
pw_malacca_strait_capacity_z,vix,0.0,,9.495326154807404e-05,0.0,0.0,0,,,,0.0,2026-03-09,1
pw_malacca_strait_capacity_z,us10y,0.0,,0.0,0.0,0.0,0,,,,0.0,2026-03-09,1
pw_malacca_strait_capacity_z,wti,0.0,,0.0,0.0,0.0,0,,,,0.0,2026-03-09,1
pw_malacca_strait_capacity_z,brent,0.0,,0.0,0.0,0.0,0,,,,0.0,2026-03-09,1
pw_malacca_strait_capacity_z,henry_hub,0.0,,0.0,0.0,0.0,0,,,,0.0,2026-03-09,1
pw_malacca_strait_n_total_z,audusd,0.0,,0.0009670109647678962,0.0,0.0,0,,,,0.0,2026-03-09,1
pw_malacca_strait_n_total_z,brlusd,0.0,,0.0009641196460761395,0.004771620323014876,4.949199347233348,0,,,,0.0,2026-03-09,1
pw_malacca_strait_n_total_z,cnyusd,0.0,,0.003605458974152059,0.0,0.0,0,,,,0.0,2026-03-09,1
pw_malacca_strait_n_total_z,krwusd,0.0,,0.0,0.0,0.0,0,,,,0.0,2026-03-09,1
pw_malacca_strait_n_total_z,eurusd,0.0,,0.00772498124838877,0.001416824252221419,0.18340811539405763,0,,,,0.0,2026-03-09,1
pw_malacca_strait_n_total_z,sp500,0.0,,0.0017957278126222087,0.0,0.0,0,,,,0.0,2026-03-09,1
pw_malacca_strait_n_total_z,vix,0.0,,0.0,0.0,0.0,0,,,,0.0,2026-03-09,1
pw_malacca_strait_n_total_z,us2y,0.0,,9.156346420764813e-05,0.0,0.0,0,,,,0.0,2026-03-09,1
pw_malacca_strait_n_total_z,us10y,0.0,,0.012590747074126888,0.006179339327917938,0.4907841680511597,0,,,,0.0,2026-03-09,1
pw_malacca_strait_n_total_z,wti,0.0,,0.0,0.0,0.0,0,,,,0.0,2026-03-09,1
pw_malacca_strait_n_total_z,brent,0.0,,0.0009639115698800075,0.0,0.0,0,,,,0.0,2026-03-09,1
pw_panama_canal_capacity_z,audusd,0.0,,5.524102598343831e-06,0.0,0.0,0,,,,0.0,2026-03-09,1
pw_panama_canal_capacity_z,brlusd,0.0,,0.0,0.0,0.0,0,,,,0.0,2026-03-09,1
pw_panama_canal_capacity_z,cnyusd,0.0,,0.0005484348812577689,0.0,0.0,0,,,,0.0,2026-03-09,1
pw_panama_canal_capacity_z,krwusd,0.0,,0.0010101716888069802,0.0,0.0,0,,,,0.0,2026-03-09,1
pw_panama_canal_capacity_z,eurusd,0.0,,0.0,0.0,0.0,0,,,,0.0,2026-03-09,1
pw_panama_canal_capacity_z,sp500,0.0,,0.003031415957682852,0.0,0.0,0,,,,0.0,2026-03-09,1
pw_panama_canal_capacity_z,vix,0.0,,0.0039886222173338695,0.0,0.0,0,,,,0.0,2026-03-09,1
pw_panama_canal_capacity_z,us2y,0.0,,0.0,0.0,0.0,0,,,,0.0,2026-03-09,1
pw_panama_canal_capacity_z,us10y,0.0,,0.0,0.0,0.0,0,,,,0.0,2026-03-09,1
pw_panama_canal_capacity_z,wti,0.0,,0.0,0.0,0.0,0,,,,0.0,2026-03-09,1
pw_panama_canal_capacity_z,brent,0.0,,1.8306631463382523e-05,0.0,0.0,0,,,,0.0,2026-03-09,1
pw_panama_canal_capacity_z,henry_hub,0.0,,0.001090486254376942,0.0,0.0,0,,,,0.0,2026-03-09,1
pw_panama_canal_n_total_z,audusd,0.0,,0.0025307980108317312,0.005498391647453785,2.172592053542342,0,,,,0.0,2026-03-09,1
pw_panama_canal_n_total_z,brlusd,0.0,,0.0,0.0,0.0,0,,,,0.0,2026-03-09,1
pw_panama_canal_n_total_z,cnyusd,0.0,,7.341315896209353e-06,0.0,0.0,0,,,,0.0,2026-03-09,1
pw_panama_canal_n_total_z,krwusd,0.0,,0.0,0.0,0.0,0,,,,0.0,2026-03-09,1
pw_panama_canal_n_total_z,eurusd,0.0,,1.1360836293684646e-05,0.0,0.0,0,,,,0.0,2026-03-09,1
pw_panama_canal_n_total_z,sp500,0.0,,0.00020900603891402063,0.0,0.0,0,,,,0.0,2026-03-09,1
pw_panama_canal_n_total_z,vix,0.0,,0.0,0.0,0.0,0,,,,0.0,2026-03-09,1
pw_panama_canal_n_total_z,us2y,0.0,,0.0002364422780993585,0.0,0.0,0,,,,0.0,2026-03-09,1
pw_panama_canal_n_total_z,us10y,0.0,,0.0002512369778791888,0.0,0.0,0,,,,0.0,2026-03-09,1
pw_panama_canal_n_total_z,wti,0.0,,0.0,0.0,0.0,0,,,,0.0,2026-03-09,1
pw_panama_canal_n_total_z,brent,0.0,,2.2277394281733968e-05,0.0,0.0,0,,,,0.0,2026-03-09,1
pw_strait_of_hormuz_capacity_z,audusd,0.0,,0.008998162375768316,0.006525991023695332,0.7252581973036583,0,,,,0.0,2026-03-09,1
pw_strait_of_hormuz_capacity_z,brlusd,0.0,,0.0,0.0,0.0,0,,,,0.0,2026-03-09,1
pw_strait_of_hormuz_capacity_z,cnyusd,0.0,,0.0,0.0,0.0,0,,,,0.0,2026-03-09,1
pw_strait_of_hormuz_capacity_z,krwusd,0.0,,0.005341994632837618,0.0035069614272233434,0.6564891334157852,0,,,,0.0,2026-03-09,1
pw_strait_of_hormuz_capacity_z,eurusd,0.0,,0.0013907538252129045,0.0,0.0,0,,,,0.0,2026-03-09,1
pw_strait_of_hormuz_capacity_z,sp500,0.0,,0.0,0.0,0.0,0,,,,0.0,2026-03-09,1
pw_strait_of_hormuz_capacity_z,vix,0.0,,0.004800595942849256,0.0003970937365343913,0.08271759199519461,0,,,,0.0,2026-03-09,1
pw_strait_of_hormuz_capacity_z,us2y,0.0,,0.00012885531000415073,0.0,0.0,0,,,,0.0,2026-03-09,1
pw_strait_of_hormuz_capacity_z,us10y,0.0,,0.0002549065115842047,0.0,0.0,0,,,,0.0,2026-03-09,1
pw_strait_of_hormuz_capacity_z,wti,0.0,,0.016751991142322457,0.024104522182850013,1.438904902591073,0,,,,0.0,2026-03-09,1
pw_strait_of_hormuz_capacity_z,henry_hub,0.0,,0.0005858416945848044,0.0,0.0,0,,,,0.0,2026-03-09,1
pw_strait_of_hormuz_n_total_z,audusd,0.0,,6.418020226073686e-05,0.0,0.0,0,,,,0.0,2026-03-09,1
pw_strait_of_hormuz_n_total_z,brlusd,0.0,,0.012711259908440966,0.011080846796160516,0.8717347356576537,0,,,,0.0,2026-03-09,1
pw_strait_of_hormuz_n_total_z,cnyusd,0.0,,0.0,0.0,0.0,0,,,,0.0,2026-03-09,1
pw_strait_of_hormuz_n_total_z,krwusd,0.0,,0.0001472352355535209,0.0,0.0,0,,,,0.0,2026-03-09,1
pw_strait_of_hormuz_n_total_z,eurusd,0.0,,0.0,0.0,0.0,0,,,,0.0,2026-03-09,1
pw_strait_of_hormuz_n_total_z,sp500,0.0,,0.0,0.0,0.0,0,,,,0.0,2026-03-09,1
pw_strait_of_hormuz_n_total_z,vix,0.0,,0.0,0.0,0.0,0,,,,0.0,2026-03-09,1
pw_strait_of_hormuz_n_total_z,us2y,0.0,,0.0,0.0,0.0,0,,,,0.0,2026-03-09,1
pw_strait_of_hormuz_n_total_z,us10y,0.0,,0.006234015078645836,0.007660972524963521,1.2288986196401133,0,,,,0.0,2026-03-09,1
pw_strait_of_hormuz_n_total_z,wti,0.0,,0.0,0.0,0.0,0,,,,0.0,2026-03-09,1
pw_strait_of_hormuz_n_total_z,brent,0.0,,0.0004097979717236254,0.0,0.0,0,,,,0.0,2026-03-09,1
pw_strait_of_hormuz_n_total_z,henry_hub,0.0,,0.00810694993353959,0.022185082494923337,2.736551067515606,0,,,,0.0,2026-03-09,1
pw_suez_canal_capacity_z,audusd,0.0,,0.0,0.0,0.0,0,,,,0.0,2026-03-09,1
pw_suez_canal_capacity_z,cnyusd,0.0,,0.0,0.0,0.0,0,,,,0.0,2026-03-09,1
pw_suez_canal_capacity_z,krwusd,0.0,,0.0,0.0,0.0,0,,,,0.0,2026-03-09,1
pw_suez_canal_capacity_z,eurusd,0.0,,0.00014490065358745006,0.0,0.0,0,,,,0.0,2026-03-09,1
pw_suez_canal_capacity_z,sp500,0.0,,0.0,0.0,0.0,0,,,,0.0,2026-03-09,1
pw_suez_canal_capacity_z,vix,0.0,,0.0,0.0,0.0,0,,,,0.0,2026-03-09,1
pw_suez_canal_capacity_z,us2y,0.0,,0.0,0.0,0.0,0,,,,0.0,2026-03-09,1
pw_suez_canal_capacity_z,us10y,0.0,,0.0003732990658202784,0.0,0.0,0,,,,0.0,2026-03-09,1
pw_suez_canal_capacity_z,wti,0.0,,1.167527254661416e-05,0.0,0.0,0,,,,0.0,2026-03-09,1
pw_suez_canal_capacity_z,brent,0.0,,0.0,0.0,0.0,0,,,,0.0,2026-03-09,1
pw_suez_canal_capacity_z,henry_hub,0.0,,0.0,0.0,0.0,0,,,,0.0,2026-03-09,1
pw_suez_canal_n_total_z,audusd,0.0,,1.4917641839782004e-05,0.0,0.0,0,,,,0.0,2026-03-09,1
pw_suez_canal_n_total_z,brlusd,0.0,,0.0,0.0,0.0,0,,,,0.0,2026-03-09,1
pw_suez_canal_n_total_z,cnyusd,0.0,,0.0,0.0,0.0,0,,,,0.0,2026-03-09,1
pw_suez_canal_n_total_z,krwusd,0.0,,0.0,0.0,0.0,0,,,,0.0,2026-03-09,1
pw_suez_canal_n_total_z,eurusd,0.0,,0.0,0.0,0.0,0,,,,0.0,2026-03-09,1
pw_suez_canal_n_total_z,sp500,0.0,,0.0,0.0,0.0,0,,,,0.0,2026-03-09,1
pw_suez_canal_n_total_z,vix,0.0,,0.0006828815740095163,0.0,0.0,0,,,,0.0,2026-03-09,1
pw_suez_canal_n_total_z,us2y,0.0,,0.0,0.0,0.0,0,,,,0.0,2026-03-09,1
pw_suez_canal_n_total_z,us10y,0.0,,0.0,0.0,0.0,0,,,,0.0,2026-03-09,1
pw_suez_canal_n_total_z,wti,0.0,,0.0003890878532090177,0.0,0.0,0,,,,0.0,2026-03-09,1
pw_suez_canal_n_total_z,brent,0.0,,0.002837192926959199,0.0,0.0,0,,,,0.0,2026-03-09,1
sp500,cnyusd,1.0,1.0,0.10384999221981536,0.10456509395389735,1.006885910328894,620,7.124958000774223e-08,0.5500987636217772,1.7495427192382724,0.7037902324342593,2026-04-09,1
sp500,audusd,1.0,1.0,0.20733506395980641,0.2111513274261577,1.0184062617941512,620,2.9699416518309323e-06,0.5243583296953317,1.6365318716051536,0.6741249520324494,2026-04-09,1
sp500,eurusd,1.0,1.0,0.14431868159809677,0.14329689304436077,0.9929199148549492,620,7.527167571955161e-07,0.545203856551145,1.638017461820819,0.6697542554082428,2026-04-09,1
cnyusd,us10y,1.0,1.0,0.06538849932255414,0.06929669959588688,1.0597689244106068,620,1.6325473062449457e-05,0.5340801912391809,1.2220991192179123,0.5448654888751888,2026-04-09,1
us2y,cnyusd,1.0,1.0,0.1085327275266363,0.10554437846176909,0.9724659175810927,620,6.394040847301398e-08,0.5054238069662863,1.2269725197668502,0.5315270277178451,2026-04-09,1
vix,audusd,0.8543660742786567,1.0,0.0634826389392075,0.07296701299223411,1.1494010679377882,460,4.7595537676647333e-07,0.501289919648003,1.1805493858946838,0.45289359576010213,2026-04-09,1
sp500,brlusd,1.0,1.0,0.07994739533254025,0.0733326071526848,0.9172607418623044,620,4.383775178078746e-07,0.5117843037607144,0.7044800891056878,0.3103649244321127,2026-04-09,1
audusd,wti,0.8173859878031157,1.0,0.060047628324551,0.03585396134378762,0.597092047499375,560,0.039271330351753925,0.5007176037498883,0.9520515741319568,0.2162351402142691,2026-04-09,1
us2y,eurusd,1.0,0.9973556112911791,0.07204598545909438,0.06568763184294725,0.9117458998495174,620,4.763282012573462e-08,0.5125101868559719,0.3482723632892076,0.15676673224638968,2026-04-09,1
audusd,eurusd,0.9973556112911791,0.8067452989597645,0.07165991752825938,0.07188636340733687,1.0031600075312421,600,4.23263795407911e-08,0.4987398087885275,0.32014537423724254,0.127707494773716,2026-04-09,1
sp500,krwusd,1.0,1.0,0.2088785976382138,0.20776608197308247,0.9946738647342978,620,2.2203161256763683e-07,0.5118659235420027,0.25239752437287316,0.12486444421582032,2026-04-09,1
sp500,vix,0.9656334229498064,1.0,0.054191656239162514,0.05358469524944821,0.9887997335413478,600,0.013379448670968514,0.5106765494701878,0.20855935109667148,0.0992087720906129,2026-04-09,1
vix,brlusd,0.9545558272847753,1.0,0.07622648546759975,0.06519775894035328,0.8553163449738967,580,1.4688701156621722e-07,0.48265570690152826,0.1682036889868188,0.06850328101770911,2026-04-09,1
eurusd,krwusd,1.0,1.0,0.14782658281283256,0.14000398084674764,0.9470825759668047,620,8.03454057361611e-08,0.5062114180709977,0.09227303389442441,0.04366411488432135,2026-04-09,1
pw_cape_of_good_hope_capacity_z,henry_hub,0.1621219100677756,1.0,0.026789123391540295,0.0010946605303126244,0.040862125808054844,360,0.00017546136719676433,0.5464681776013619,1.7580883121638529,0.00467660348486882,2026-04-09,1
audusd,us2y,0.006413032321332553,1.0,0.010640217348980028,0.006182730763808579,0.5810718485371219,40,5.589368221485746e-05,0.5524668454893161,0.6254922979652145,0.0011288605315335955,2026-04-09,1
pw_suez_canal_capacity_z,brlusd,0.014367399084809888,1.0,0.0335116759279435,0.026939537195815478,0.8038851072008641,80,8.179476256627028e-08,0.5582242768890886,0.1305886472033109,0.0007530624552790267,2026-04-09,1
brent,us10y,0.004295822131274197,1.0,0.042423409642799934,0.03553053367154848,0.837521876971025,20,9.526109637754121e-06,0.3975981573018204,0.2345888552413925,0.00042008244065595715,2026-04-09,1
us10y,cnyusd,0.017011787793630728,1.0,0.004563165128947741,0.0005750662328668222,0.12602354212840675,100,3.6378295990629974e-08,0.47796823527004156,0.3299882266022649,0.00035055324383830597,2026-04-09,1
eurusd,sp500,1.0,1.0,0.09109885658784429,0.08719126235986885,0.9571060013886403,620,-8.875288492401156e-07,0.4175915912644405,-0.7455609865007236,0.0,2026-04-09,1
eurusd,wti,1.0,1.0,0.08404277795153012,0.0537116154246202,0.6390985249868493,620,-0.08665500471888991,0.5325641610171103,-1.161282504491778,0.0,2026-04-09,1
us2y,krwusd,1.0,1.0,0.13755255109364303,0.12122072859316335,0.8812684870572752,620,-3.038049171204462e-09,0.4811529600463249,-0.005964256474423938,0.0,2026-04-09,1
wti,brent,1.0,1.0,0.363332632589913,0.29533569962157413,0.8128521171257255,620,-8.896279297898234e-05,0.5423945959176264,-1.038945839110624,0.0,2026-04-09,1
pw_panama_canal_n_total_z,henry_hub,1.0,1.0,0.19252367950677565,0.11043500993444916,0.5736178023262979,620,-3.8327891743576585e-05,0.4866273166126654,-0.3602853178634821,0.0,2026-04-09,1
brent,vix,0.92759235743205,1.0,0.06801376379125708,0.053993068380157855,0.7938550283126438,560,-0.006759107472607474,0.45362144174241736,-0.19345225069734753,0.0,2026-04-09,1
cnyusd,us2y,0.906828090954664,1.0,0.05717176037842748,0.050205938703824345,0.8781597483006395,600,-1.591098262344828e-05,0.4260008052626335,-0.8150625190755184,0.0,2026-04-09,1
brent,wti,0.8014375975539968,1.0,0.06590659013943088,0.0833524835613525,1.2647063576648916,580,-0.01956518926672458,0.4666279332791694,-1.6730958951565498,0.0,2026-04-09,1
eurusd,vix,0.7867071785589078,1.0,0.0661911369630383,0.06447328694409749,0.9740471293022195,220,-0.029247843449219026,0.46699824314299115,-0.9650755187815537,0.0,2026-04-09,1
brlusd,wti,0.6826843507126402,1.0,0.052855004030647884,0.036956010855034055,0.699196065401966,580,-0.00418124052771927,0.5043725286730316,-0.47424713258259704,0.0,2026-04-09,1
brent,brlusd,0.6674040069202969,1.0,0.05346011701459247,0.06570617132108714,1.2290689768440273,540,-3.5962037189476104e-07,0.4390842765662889,-1.6765208099094333,0.0,2026-04-09,1
brlusd,us2y,0.5235050554553063,1.0,0.051994625390595794,0.04927416447001943,0.947678035948146,480,-2.935479609802558e-05,0.4757276274330922,-1.1953180120599594,0.0,2026-04-09,1
eurusd,audusd,0.5146599521412633,0.9948618720034097,0.05113133874686264,0.03852451111443454,0.7534422539796762,240,-3.0161176979985435e-07,0.4497497901773864,-1.559731506021279,0.0,2026-04-09,1
krwusd,cnyusd,0.38790889977284404,0.7359150153454568,0.04310189247041226,0.028408297030512758,0.6590962809814889,200,-4.343826480991407e-09,0.4518621476651203,-0.17582007489355542,0.0,2026-04-09,1
pw_malacca_strait_capacity_z,us2y,0.3363844284542005,1.0,0.047423140939801815,0.045648042401817836,0.9625689378053373,220,-1.387323764426808e-05,0.49577586010058106,-0.44167783356842105,0.0,2026-04-09,1
wti,sp500,0.21329282144109224,1.0,0.044257362694895074,0.035766252649872814,0.8081424303666952,400,-3.73521489162438e-07,0.47653290655791275,-0.5083529669425901,0.0,2026-04-09,1
brlusd,audusd,0.1621219100677756,0.8647473010856317,0.035042054127132724,0.026038270645182302,0.7430577714056186,360,-2.4706530461498844e-07,0.46460098741765515,-1.3104425057003664,0.0,2026-04-09,1
brlusd,brent,0.13205874604586493,1.0,0.04355906230348894,0.037036102432863725,0.8502502229001668,280,-4.21164722294156e-06,0.4589110050765752,-1.2777087686787965,0.0,2026-04-09,1
pw_cape_of_good_hope_n_total_z,henry_hub,0.12073607367680561,0.6395406756291062,0.03872697962230765,0.021050680216086297,0.5435662791518244,260,-8.978657676589763e-05,0.48749455520286167,-0.7772999451635216,0.0,2026-04-09,1
us10y,eurusd,0.10631205737825125,0.9158390659489276,0.02441997440360939,0.015030750718115528,0.6155105025783283,300,-8.020490592338167e-08,0.4734246808016395,-0.5115521853486392,0.0,2026-04-09,1
pw_bab_el_mandeb_strait_n_total_z,henry_hub,0.10054116034301994,1.0,0.02377975600525213,0.015530627058208865,0.653102876866301,200,-3.00228572673893e-05,0.5204348386330875,-0.4569495873202387,0.0,2026-04-09,1
us10y,krwusd,0.09736473532840642,1.0,0.010313106440880956,0.0,0.0,240,-2.1877647340652726e-07,0.43197748777599265,-0.9936921796839675,0.0,2026-04-09,1
us2y,wti,0.09191822653210154,1.0,0.03595203469087251,0.008119282583302821,0.22583652505665114,280,-0.014120907735312304,0.4591868888635628,-0.6878765053746135,0.0,2026-04-09,1
us10y,us2y,0.09191822653210154,1.0,0.03579952314647551,0.027585424410093907,0.7705528449981522,280,-1.8103258094353617e-05,0.5089496683753806,-0.43903356748731953,0.0,2026-04-09,1
pw_cape_of_good_hope_capacity_z,brent,0.09191822653210154,1.0,0.047025446857674257,0.040788542770207895,0.8673717209675268,280,-1.1065877589067676e-05,0.3804596914312197,-2.2017092901248083,0.0,2026-04-09,1
henry_hub,krwusd,0.08143423937781841,1.0,0.023556907257856197,0.01195433497761455,0.5074662325899252,160,-1.6762534007269404e-07,0.4681133454611046,-0.6405786902307206,0.0,2026-04-09,1
sp500,wti,0.07662732828238339,1.0,0.03598689643952248,0.021163461898949226,0.588087998488987,240,-0.0039367844320504376,0.5202623829233483,-0.2842338212415523,0.0,2026-04-09,1
eurusd,us2y,0.07408000019453977,1.0,0.013614038840274083,0.0,0.0,240,-1.879709351158531e-05,0.47318396913689387,-0.72932387254078,0.0,2026-04-09,1
us10y,sp500,0.05011313608604053,1.0,0.03883359195280836,0.03443564522385392,0.886748907124045,160,-1.2885632983144748e-06,0.5106106426540943,-1.4287681847758522,0.0,2026-04-09,1
krwusd,us2y,0.048551974754547485,1.0,0.022658160447293515,0.025930432718908603,1.1444191499670466,200,-8.480960205791358e-06,0.5325201950507705,-0.15635574678328323,0.0,2026-04-09,1
henry_hub,cnyusd,0.038083954744407,1.0,0.036414663671371326,0.028385230913919993,0.7795000159849353,140,-5.873776065020766e-08,0.59461895372365,-0.4590948140345449,0.0,2026-04-09,1
pw_suez_canal_n_total_z,henry_hub,0.0274450430960144,1.0,0.0062160495876827015,0.0,0.0,140,0.00011369156606820153,0.5622340909004842,0.755314185076768,0.0,2026-04-09,1
henry_hub,brlusd,0.021927425889819153,0.5799114645855681,0.007975784820956405,0.002415216254254237,0.30281863270787435,120,-2.3061994697984676e-06,0.5154017189945581,-1.4854727841034772,0.0,2026-04-09,1
pw_strait_of_hormuz_capacity_z,brent,0.018189374466863965,1.0,0.037294854478958715,0.0461377407179308,1.2371074069738262,60,-5.1859651657308706e-06,0.40217967225309986,-0.6948023036075396,0.0,2026-04-09,1
pw_malacca_strait_n_total_z,henry_hub,0.014393830846149721,1.0,0.013618579793623402,0.005354857068070243,0.3932023125184857,20,-3.0626918993900585e-05,0.35004644165153453,-0.7627869741194291,0.0,2026-04-09,1
audusd,sp500,0.008947322049844815,1.0,0.010365018795977307,0.0,0.0,60,-1.6194545141643416e-06,0.4527991300545023,-1.2702065892735912,0.0,2026-04-09,1
us2y,us10y,0.008947322049844815,1.0,0.012119604546707723,0.011436810349016014,0.9436620068699197,60,-1.646551722952265e-05,0.4995511033149797,-0.36150803986969954,0.0,2026-04-09,1
pw_cape_of_good_hope_n_total_z,brlusd,0.006940210840095036,1.0,0.013278962814764641,0.00817977159521936,0.6159947662572275,40,-1.7171219210588398e-06,0.3329583948482481,-1.3696789788072141,0.0,2026-04-09,1
krwusd,vix,0.006413032321332553,1.0,0.009401390126480383,0.007025591406476164,0.7472928271200622,40,-0.05096883898372772,0.29938421909353263,-2.039253999919229,0.0,2026-04-09,1
cnyusd,wti,0.004295822131274197,1.0,0.012618077702328269,0.013346168835586845,1.0577022229879145,20,-0.026350855717256125,0.4432619032366698,-1.253648312962163,0.0,2026-04-09,1
audusd,vix,0.002644388708820839,1.0,0.0075714624580736165,0.0,0.0,20,-0.11408765609220191,0.35232384763291386,-1.852075671741366,0.0,2026-04-09,1
brlusd,cnyusd,0.002644388708820839,1.0,0.012381655896104906,0.00827716637040634,0.6685023747922295,20,-2.7076723537118356e-09,0.5031297473171652,-0.02698347389077924,0.0,2026-04-09,1
pw_bab_el_mandeb_strait_capacity_z,cnyusd,0.002644388708820839,1.0,0.003446836900537227,0.0,0.0,20,-8.052518251198798e-07,0.2983218135203557,-2.2556042702273813,0.0,2026-04-09,1
pw_bab_el_mandeb_strait_n_total_z,cnyusd,0.002644388708820839,1.0,0.009302439499335768,0.0024166399496646828,0.25978561320793764,20,-6.296462030138999e-07,0.25071531608863584,-2.720653290233657,0.0,2026-04-09,1
audusd,brlusd,0.0,,0.006841345846340383,0.0053591433581581084,0.7833463588198595,0,,,,0.0,2026-04-09,1
audusd,cnyusd,0.0,,0.0005296720020312996,0.0,0.0,0,,,,0.0,2026-04-09,1
audusd,krwusd,0.0,,0.025859126304802884,0.028634322956193767,1.1073198150115164,0,,,,0.0,2026-04-09,1
audusd,us10y,0.0,,0.005502165767678021,0.004964966333094991,0.9023658215209074,0,,,,0.0,2026-04-09,1
audusd,brent,0.0,,0.0021397350337922236,0.0065390921820595365,3.05602893759719,0,,,,0.0,2026-04-09,1
audusd,henry_hub,0.0,,0.009984382834294763,0.0,0.0,0,,,,0.0,2026-04-09,1
brlusd,krwusd,0.0,,0.013761181251542961,0.007667178345118166,0.5571598981924963,0,,,,0.0,2026-04-09,1
brlusd,eurusd,0.0,,0.002779122558962075,0.0,0.0,0,,,,0.0,2026-04-09,1
brlusd,sp500,0.0,,0.018518813704228594,0.022184560644353944,1.1979471794831174,0,,,,0.0,2026-04-09,1
brlusd,vix,0.0,,0.020305133570285166,0.021140793165713167,1.0411550897971396,0,,,,0.0,2026-04-09,1
brlusd,us10y,0.0,,0.022666314365795408,0.020858385196130903,0.9202371792569524,0,,,,0.0,2026-04-09,1
brlusd,henry_hub,0.0,,0.001799465740932077,0.0009487853272284308,0.5272594557632336,0,,,,0.0,2026-04-09,1
cnyusd,audusd,0.0,,0.006723232086118388,0.002437916680737255,0.3626108171649879,0,,,,0.0,2026-04-09,1
cnyusd,brlusd,0.0,,0.02526562814849345,0.02199274309396992,0.870460966365537,0,,,,0.0,2026-04-09,1
cnyusd,krwusd,0.0,,0.0009736748169951665,0.0,0.0,0,,,,0.0,2026-04-09,1
cnyusd,eurusd,0.0,,0.002371929942746293,0.0,0.0,0,,,,0.0,2026-04-09,1
cnyusd,sp500,0.0,,0.004592693771648456,0.0037074880206037254,0.8072578327539996,0,,,,0.0,2026-04-09,1
cnyusd,vix,0.0,,0.014812474909110838,0.013312845896186429,0.8987590512641463,0,,,,0.0,2026-04-09,1
cnyusd,brent,0.0,,0.00015619366344035335,0.0013152790984234197,8.420822390952457,0,,,,0.0,2026-04-09,1
cnyusd,henry_hub,0.0,,0.0012986040366116606,0.0,0.0,0,,,,0.0,2026-04-09,1
krwusd,audusd,0.0,,0.004781128772085115,0.0,0.0,0,,,,0.0,2026-04-09,1
krwusd,brlusd,0.0,,1.0116617839776937e-06,0.0,0.0,0,,,,0.0,2026-04-09,1
krwusd,eurusd,0.0,,0.016112341956360625,0.02004065147424973,1.2438074817756917,0,,,,0.0,2026-04-09,1
krwusd,sp500,0.0,,0.005330023610363146,0.0004147057694091036,0.07780561583306923,0,,,,0.0,2026-04-09,1
krwusd,us10y,0.0,,0.0011876858617883813,0.0,0.0,0,,,,0.0,2026-04-09,1
krwusd,wti,0.0,,6.662668971504066e-05,0.0,0.0,0,,,,0.0,2026-04-09,1
krwusd,brent,0.0,,0.00020118329762886845,0.0,0.0,0,,,,0.0,2026-04-09,1
krwusd,henry_hub,0.0,,0.0012134913288315847,0.0020079868060999054,1.6547187098842346,0,,,,0.0,2026-04-09,1
eurusd,brlusd,0.0,,0.01865294839201009,0.015003755383235994,0.8043637428205607,0,,,,0.0,2026-04-09,1
eurusd,cnyusd,0.0,,0.000524992947595314,0.0,0.0,0,,,,0.0,2026-04-09,1
eurusd,us10y,0.0,,0.005215206042949001,0.0,0.0,0,,,,0.0,2026-04-09,1
eurusd,brent,0.0,,0.03050414063424345,0.021795473961476058,0.7145087030253465,0,,,,0.0,2026-04-09,1
eurusd,henry_hub,0.0,,0.004674015514199084,0.005319890556658696,1.1381841888409492,0,,,,0.0,2026-04-09,1
sp500,us2y,0.0,,0.0006100528633181409,0.0,0.0,0,,,,0.0,2026-04-09,1
sp500,us10y,0.0,,0.013248870595011727,0.015189255532576117,1.1464566299179462,0,,,,0.0,2026-04-09,1
sp500,brent,0.0,,0.00503924463311302,0.0032798837479894763,0.6508681333780199,0,,,,0.0,2026-04-09,1
sp500,henry_hub,0.0,,0.00011007931041974167,0.0,0.0,0,,,,0.0,2026-04-09,1
vix,cnyusd,0.0,,0.0,0.0,0.0,0,,,,0.0,2026-04-09,1
vix,krwusd,0.0,,0.008626003913804652,0.0,0.0,0,,,,0.0,2026-04-09,1
vix,eurusd,0.0,,0.001203785921433562,0.0,0.0,0,,,,0.0,2026-04-09,1
vix,sp500,0.0,,0.005131216890157086,0.003759264826398781,0.7326263743810867,0,,,,0.0,2026-04-09,1
vix,us2y,0.0,,0.019677721470780934,0.013961668181707812,0.7095165058840386,0,,,,0.0,2026-04-09,1
vix,us10y,0.0,,0.018475765907490296,0.01282067060191221,0.6939182205547731,0,,,,0.0,2026-04-09,1
vix,wti,0.0,,0.00299091381061289,0.025086963150676683,8.387725203467474,0,,,,0.0,2026-04-09,1
vix,brent,0.0,,3.57533794210963e-05,0.0,0.0,0,,,,0.0,2026-04-09,1
vix,henry_hub,0.0,,0.02544774000374783,0.027543965162817773,1.0823737258696144,0,,,,0.0,2026-04-09,1
us2y,audusd,0.0,,0.02005507326561657,0.01143483755067162,0.5701718163391645,0,,,,0.0,2026-04-09,1
us2y,brlusd,0.0,,0.019294397835743434,0.010881746642580936,0.5639847760587886,0,,,,0.0,2026-04-09,1
us2y,sp500,0.0,,0.011538298583118384,0.0235491070690284,2.040951436590743,0,,,,0.0,2026-04-09,1
us2y,vix,0.0,,0.000269351294722713,0.0,0.0,0,,,,0.0,2026-04-09,1
us2y,brent,0.0,,0.0014447139388068992,0.0,0.0,0,,,,0.0,2026-04-09,1
us2y,henry_hub,0.0,,0.006981054835432226,0.0,0.0,0,,,,0.0,2026-04-09,1
us10y,audusd,0.0,,0.0019828102502644556,0.0,0.0,0,,,,0.0,2026-04-09,1
us10y,brlusd,0.0,,0.005304938211335351,0.002610135998664907,0.4920200565366976,0,,,,0.0,2026-04-09,1
us10y,vix,0.0,,0.02183965480858077,0.006663552760425003,0.3051125495722992,0,,,,0.0,2026-04-09,1
us10y,wti,0.0,,0.0005174573513492141,0.0,0.0,0,,,,0.0,2026-04-09,1
us10y,brent,0.0,,0.004437772441410332,0.0,0.0,0,,,,0.0,2026-04-09,1
us10y,henry_hub,0.0,,0.0,0.0,0.0,0,,,,0.0,2026-04-09,1
wti,audusd,0.0,,0.02309782933261623,0.025294310537389442,1.09509470232649,0,,,,0.0,2026-04-09,1
wti,brlusd,0.0,,0.011329525986358372,0.0,0.0,0,,,,0.0,2026-04-09,1
wti,cnyusd,0.0,,0.007782764289921116,0.0,0.0,0,,,,0.0,2026-04-09,1
wti,krwusd,0.0,,0.0,0.0,0.0,0,,,,0.0,2026-04-09,1
wti,eurusd,0.0,,1.178703271978614e-05,0.0,0.0,0,,,,0.0,2026-04-09,1
wti,vix,0.0,,0.013943962914501765,0.007796513261116399,0.5591318127365357,0,,,,0.0,2026-04-09,1
wti,us2y,0.0,,0.001315276741636067,0.0,0.0,0,,,,0.0,2026-04-09,1
wti,us10y,0.0,,0.011610700341970686,0.0,0.0,0,,,,0.0,2026-04-09,1
wti,henry_hub,0.0,,3.300562925174016e-05,0.0,0.0,0,,,,0.0,2026-04-09,1
brent,audusd,0.0,,0.008054232151969288,0.00260043390669846,0.32286552679793873,0,,,,0.0,2026-04-09,1
brent,cnyusd,0.0,,0.013083904866617497,0.01383584260787693,1.0574704378337343,0,,,,0.0,2026-04-09,1
brent,krwusd,0.0,,0.008470408305598386,0.009434699397373415,1.1138423387616032,0,,,,0.0,2026-04-09,1
brent,eurusd,0.0,,0.0028902906687813977,0.0,0.0,0,,,,0.0,2026-04-09,1
brent,sp500,0.0,,0.027152018136700814,0.02020118517632512,0.7440030820036763,0,,,,0.0,2026-04-09,1
brent,us2y,0.0,,0.0,0.0,0.0,0,,,,0.0,2026-04-09,1
brent,henry_hub,0.0,,2.0322847268257892e-05,0.0,0.0,0,,,,0.0,2026-04-09,1
henry_hub,audusd,0.0,,0.0004918038047679914,0.0,0.0,0,,,,0.0,2026-04-09,1
henry_hub,eurusd,0.0,,0.0005241230474439922,0.002283056088701179,4.355954388640287,0,,,,0.0,2026-04-09,1
henry_hub,sp500,0.0,,0.005508926885651208,0.0144005747092931,2.614043534830979,0,,,,0.0,2026-04-09,1
henry_hub,vix,0.0,,0.013139005846395779,0.017131489806322897,1.3038649960736806,0,,,,0.0,2026-04-09,1
henry_hub,us2y,0.0,,0.007858389041911152,0.0,0.0,0,,,,0.0,2026-04-09,1
henry_hub,us10y,0.0,,4.610157036730486e-06,0.0,0.0,0,,,,0.0,2026-04-09,1
henry_hub,wti,0.0,,0.00027078579324576443,0.0,0.0,0,,,,0.0,2026-04-09,1
henry_hub,brent,0.0,,0.0005528582001963275,0.0,0.0,0,,,,0.0,2026-04-09,1
pw_bab_el_mandeb_strait_capacity_z,audusd,0.0,,0.0006181170228102613,0.0,0.0,0,,,,0.0,2026-04-09,1
pw_bab_el_mandeb_strait_capacity_z,brlusd,0.0,,0.00015934664312080833,0.0,0.0,0,,,,0.0,2026-04-09,1
pw_bab_el_mandeb_strait_capacity_z,krwusd,0.0,,5.84461386821564e-06,0.0,0.0,0,,,,0.0,2026-04-09,1
pw_bab_el_mandeb_strait_capacity_z,eurusd,0.0,,0.006820386196067287,0.0037827337384281888,0.5546216342718769,0,,,,0.0,2026-04-09,1
pw_bab_el_mandeb_strait_capacity_z,sp500,0.0,,0.0002863400397599934,0.0,0.0,0,,,,0.0,2026-04-09,1
pw_bab_el_mandeb_strait_capacity_z,vix,0.0,,1.7181197530775652e-05,0.0,0.0,0,,,,0.0,2026-04-09,1
pw_bab_el_mandeb_strait_capacity_z,us2y,0.0,,3.8590522787572924e-05,0.0,0.0,0,,,,0.0,2026-04-09,1
pw_bab_el_mandeb_strait_capacity_z,us10y,0.0,,0.0,0.0,0.0,0,,,,0.0,2026-04-09,1
pw_bab_el_mandeb_strait_capacity_z,wti,0.0,,0.0,0.0,0.0,0,,,,0.0,2026-04-09,1
pw_bab_el_mandeb_strait_capacity_z,brent,0.0,,0.0,0.0,0.0,0,,,,0.0,2026-04-09,1
pw_bab_el_mandeb_strait_capacity_z,henry_hub,0.0,,0.014000585097058298,0.0,0.0,0,,,,0.0,2026-04-09,1
pw_bab_el_mandeb_strait_n_total_z,audusd,0.0,,0.0002943236143470456,0.0,0.0,0,,,,0.0,2026-04-09,1
pw_bab_el_mandeb_strait_n_total_z,brlusd,0.0,,0.001031674777566895,0.0,0.0,0,,,,0.0,2026-04-09,1
pw_bab_el_mandeb_strait_n_total_z,krwusd,0.0,,1.4788821269163364e-05,0.0,0.0,0,,,,0.0,2026-04-09,1
pw_bab_el_mandeb_strait_n_total_z,eurusd,0.0,,7.546922106823578e-05,0.0,0.0,0,,,,0.0,2026-04-09,1
pw_bab_el_mandeb_strait_n_total_z,sp500,0.0,,0.006378847648277593,0.008176985237037937,1.281890662374712,0,,,,0.0,2026-04-09,1
pw_bab_el_mandeb_strait_n_total_z,vix,0.0,,0.0,0.0,0.0,0,,,,0.0,2026-04-09,1
pw_bab_el_mandeb_strait_n_total_z,us2y,0.0,,0.0,0.0,0.0,0,,,,0.0,2026-04-09,1
pw_bab_el_mandeb_strait_n_total_z,us10y,0.0,,0.011682182836418333,0.009756834488626522,0.8351893327855063,0,,,,0.0,2026-04-09,1
pw_bab_el_mandeb_strait_n_total_z,wti,0.0,,0.0,0.0,0.0,0,,,,0.0,2026-04-09,1
pw_bab_el_mandeb_strait_n_total_z,brent,0.0,,0.0003157825689143701,0.0,0.0,0,,,,0.0,2026-04-09,1
pw_cape_of_good_hope_capacity_z,audusd,0.0,,1.9427716891330962e-05,0.0,0.0,0,,,,0.0,2026-04-09,1
pw_cape_of_good_hope_capacity_z,brlusd,0.0,,7.55596279499635e-05,0.0,0.0,0,,,,0.0,2026-04-09,1
pw_cape_of_good_hope_capacity_z,cnyusd,0.0,,0.002666146672004213,6.900397409995207e-05,0.02588153713541947,0,,,,0.0,2026-04-09,1
pw_cape_of_good_hope_capacity_z,krwusd,0.0,,1.6949465795845427e-05,0.0,0.0,0,,,,0.0,2026-04-09,1
pw_cape_of_good_hope_capacity_z,eurusd,0.0,,0.00025873446259249946,0.0,0.0,0,,,,0.0,2026-04-09,1
pw_cape_of_good_hope_capacity_z,sp500,0.0,,0.010068626113258304,0.003249353789362878,0.32272067239483143,0,,,,0.0,2026-04-09,1
pw_cape_of_good_hope_capacity_z,vix,0.0,,0.0032725928022973375,0.0,0.0,0,,,,0.0,2026-04-09,1
pw_cape_of_good_hope_capacity_z,us2y,0.0,,0.0032540874399677854,0.005639761956650675,1.7331316569374384,0,,,,0.0,2026-04-09,1
pw_cape_of_good_hope_capacity_z,us10y,0.0,,0.0012222378823457712,0.00026218178557621823,0.2145096215419438,0,,,,0.0,2026-04-09,1
pw_cape_of_good_hope_capacity_z,wti,0.0,,0.00897632775317601,0.004031041233335854,0.4490746488072016,0,,,,0.0,2026-04-09,1
pw_cape_of_good_hope_n_total_z,audusd,0.0,,8.840180409682585e-05,0.0,0.0,0,,,,0.0,2026-04-09,1
pw_cape_of_good_hope_n_total_z,cnyusd,0.0,,1.752229323847175e-05,0.0,0.0,0,,,,0.0,2026-04-09,1
pw_cape_of_good_hope_n_total_z,krwusd,0.0,,5.333733862006081e-07,0.0,0.0,0,,,,0.0,2026-04-09,1
pw_cape_of_good_hope_n_total_z,eurusd,0.0,,0.0009155928709559168,0.0,0.0,0,,,,0.0,2026-04-09,1
pw_cape_of_good_hope_n_total_z,sp500,0.0,,1.5199922526657896e-06,0.0,0.0,0,,,,0.0,2026-04-09,1
pw_cape_of_good_hope_n_total_z,vix,0.0,,0.0,0.0,0.0,0,,,,0.0,2026-04-09,1
pw_cape_of_good_hope_n_total_z,us2y,0.0,,0.0033834860561105353,0.0015303193641131806,0.4522907258179599,0,,,,0.0,2026-04-09,1
pw_cape_of_good_hope_n_total_z,us10y,0.0,,0.006446294855049827,0.0,0.0,0,,,,0.0,2026-04-09,1
pw_cape_of_good_hope_n_total_z,wti,0.0,,0.00012981141659774116,0.0,0.0,0,,,,0.0,2026-04-09,1
pw_cape_of_good_hope_n_total_z,brent,0.0,,0.00014217099520489574,0.0,0.0,0,,,,0.0,2026-04-09,1
pw_malacca_strait_capacity_z,audusd,0.0,,0.0,0.0,0.0,0,,,,0.0,2026-04-09,1
pw_malacca_strait_capacity_z,brlusd,0.0,,0.008869638113006414,0.0001831363815750177,0.020647559600708736,0,,,,0.0,2026-04-09,1
pw_malacca_strait_capacity_z,cnyusd,0.0,,0.00011267920426279695,0.0,0.0,0,,,,0.0,2026-04-09,1
pw_malacca_strait_capacity_z,krwusd,0.0,,0.002943763729473082,0.0,0.0,0,,,,0.0,2026-04-09,1
pw_malacca_strait_capacity_z,eurusd,0.0,,3.370493088434374e-05,0.0,0.0,0,,,,0.0,2026-04-09,1
pw_malacca_strait_capacity_z,sp500,0.0,,0.0,0.0,0.0,0,,,,0.0,2026-04-09,1
pw_malacca_strait_capacity_z,vix,0.0,,8.367725344106371e-05,0.0,0.0,0,,,,0.0,2026-04-09,1
pw_malacca_strait_capacity_z,us10y,0.0,,0.0,0.0,0.0,0,,,,0.0,2026-04-09,1
pw_malacca_strait_capacity_z,wti,0.0,,0.0,0.0,0.0,0,,,,0.0,2026-04-09,1
pw_malacca_strait_capacity_z,brent,0.0,,0.0,0.0,0.0,0,,,,0.0,2026-04-09,1
pw_malacca_strait_capacity_z,henry_hub,0.0,,0.0,0.0,0.0,0,,,,0.0,2026-04-09,1
pw_malacca_strait_n_total_z,audusd,0.0,,0.0008521752729705159,0.0,0.0,0,,,,0.0,2026-04-09,1
pw_malacca_strait_n_total_z,brlusd,0.0,,0.0016135340821132103,0.006432723270064868,3.9867290944608187,0,,,,0.0,2026-04-09,1
pw_malacca_strait_n_total_z,cnyusd,0.0,,0.0031772990146181957,0.0,0.0,0,,,,0.0,2026-04-09,1
pw_malacca_strait_n_total_z,krwusd,0.0,,0.0,0.0,0.0,0,,,,0.0,2026-04-09,1
pw_malacca_strait_n_total_z,eurusd,0.0,,0.0073324996163957774,0.004419963133664605,0.6027907759833198,0,,,,0.0,2026-04-09,1
pw_malacca_strait_n_total_z,sp500,0.0,,0.0015824793044299944,0.0,0.0,0,,,,0.0,2026-04-09,1
pw_malacca_strait_n_total_z,vix,0.0,,0.0,0.0,0.0,0,,,,0.0,2026-04-09,1
pw_malacca_strait_n_total_z,us2y,0.0,,8.069000554094759e-05,0.0,0.0,0,,,,0.0,2026-04-09,1
pw_malacca_strait_n_total_z,us10y,0.0,,0.012204280672187574,0.009336382143325469,0.7650088025754946,0,,,,0.0,2026-04-09,1
pw_malacca_strait_n_total_z,wti,0.0,,0.0,0.0,0.0,0,,,,0.0,2026-04-09,1
pw_malacca_strait_n_total_z,brent,0.0,,0.0008494439412888072,0.0,0.0,0,,,,0.0,2026-04-09,1
pw_panama_canal_capacity_z,audusd,0.0,,4.868097478905727e-06,0.0,0.0,0,,,,0.0,2026-04-09,1
pw_panama_canal_capacity_z,brlusd,0.0,,0.0,0.0,0.0,0,,,,0.0,2026-04-09,1
pw_panama_canal_capacity_z,cnyusd,0.0,,0.0004833064584273549,0.0,0.0,0,,,,0.0,2026-04-09,1
pw_panama_canal_capacity_z,krwusd,0.0,,0.0008902105208939351,0.0,0.0,0,,,,0.0,2026-04-09,1
pw_panama_canal_capacity_z,eurusd,0.0,,0.0,0.0,0.0,0,,,,0.0,2026-04-09,1
pw_panama_canal_capacity_z,sp500,0.0,,0.002671425470181313,0.0,0.0,0,,,,0.0,2026-04-09,1
pw_panama_canal_capacity_z,vix,0.0,,0.0035149603786019004,0.0,0.0,0,,,,0.0,2026-04-09,1
pw_panama_canal_capacity_z,us2y,0.0,,0.0,0.0,0.0,0,,,,0.0,2026-04-09,1
pw_panama_canal_capacity_z,us10y,0.0,,0.0,0.0,0.0,0,,,,0.0,2026-04-09,1
pw_panama_canal_capacity_z,wti,0.0,,0.0,0.0,0.0,0,,,,0.0,2026-04-09,1
pw_panama_canal_capacity_z,brent,0.0,,1.6132659538377716e-05,0.0,0.0,0,,,,0.0,2026-04-09,1
pw_panama_canal_capacity_z,henry_hub,0.0,,0.0009609874710338105,0.0,0.0,0,,,,0.0,2026-04-09,1
pw_panama_canal_n_total_z,audusd,0.0,,0.0027893652370342714,0.004708146698804551,1.6878917957012973,0,,,,0.0,2026-04-09,1
pw_panama_canal_n_total_z,brlusd,0.0,,0.0,0.0,0.0,0,,,,0.0,2026-04-09,1
pw_panama_canal_n_total_z,cnyusd,0.0,,6.4695107974464284e-06,0.0,0.0,0,,,,0.0,2026-04-09,1
pw_panama_canal_n_total_z,krwusd,0.0,,0.0,0.0,0.0,0,,,,0.0,2026-04-09,1
pw_panama_canal_n_total_z,eurusd,0.0,,1.0011700096976473e-05,0.0,0.0,0,,,,0.0,2026-04-09,1
pw_panama_canal_n_total_z,sp500,0.0,,0.00018418589318352978,0.0,0.0,0,,,,0.0,2026-04-09,1
pw_panama_canal_n_total_z,vix,0.0,,0.0,0.0,0.0,0,,,,0.0,2026-04-09,1
pw_panama_canal_n_total_z,us2y,0.0,,0.00020836398988449272,0.0,0.0,0,,,,0.0,2026-04-09,1
pw_panama_canal_n_total_z,us10y,0.0,,0.0002214017710294251,0.0,0.0,0,,,,0.0,2026-04-09,1
pw_panama_canal_n_total_z,wti,0.0,,0.0,0.0,0.0,0,,,,0.0,2026-04-09,1
pw_panama_canal_n_total_z,brent,0.0,,1.9631881379612993e-05,0.0,0.0,0,,,,0.0,2026-04-09,1
pw_strait_of_hormuz_capacity_z,audusd,0.0,,0.008764185428437193,0.007027884058715675,0.8018867373472346,0,,,,0.0,2026-04-09,1
pw_strait_of_hormuz_capacity_z,brlusd,0.0,,0.0,0.0,0.0,0,,,,0.0,2026-04-09,1
pw_strait_of_hormuz_capacity_z,cnyusd,0.0,,0.0,0.0,0.0,0,,,,0.0,2026-04-09,1
pw_strait_of_hormuz_capacity_z,krwusd,0.0,,0.004751795061534341,0.0003720288676764278,0.07829227962459744,0,,,,0.0,2026-04-09,1
pw_strait_of_hormuz_capacity_z,eurusd,0.0,,0.0012255972929118358,0.0,0.0,0,,,,0.0,2026-04-09,1
pw_strait_of_hormuz_capacity_z,sp500,0.0,,0.0,0.0,0.0,0,,,,0.0,2026-04-09,1
pw_strait_of_hormuz_capacity_z,vix,0.0,,0.004230509587862463,0.0,0.0,0,,,,0.0,2026-04-09,1
pw_strait_of_hormuz_capacity_z,us2y,0.0,,0.00011355332356840827,0.0,0.0,0,,,,0.0,2026-04-09,1
pw_strait_of_hormuz_capacity_z,us10y,0.0,,0.00022463553569257655,0.0,0.0,0,,,,0.0,2026-04-09,1
pw_strait_of_hormuz_capacity_z,wti,0.0,,0.017295223252477992,0.021326452259004473,1.2330833749688026,0,,,,0.0,2026-04-09,1
pw_strait_of_hormuz_capacity_z,henry_hub,0.0,,0.0005162710912178164,0.0,0.0,0,,,,0.0,2026-04-09,1
pw_strait_of_hormuz_n_total_z,audusd,0.0,,5.6558594859339395e-05,0.0,0.0,0,,,,0.0,2026-04-09,1
pw_strait_of_hormuz_n_total_z,brlusd,0.0,,0.011201756522869236,0.0,0.0,0,,,,0.0,2026-04-09,1
pw_strait_of_hormuz_n_total_z,cnyusd,0.0,,0.0,0.0,0.0,0,,,,0.0,2026-04-09,1
pw_strait_of_hormuz_n_total_z,krwusd,0.0,,0.00012975057328208837,0.0,0.0,0,,,,0.0,2026-04-09,1
pw_strait_of_hormuz_n_total_z,eurusd,0.0,,0.0,0.0,0.0,0,,,,0.0,2026-04-09,1
pw_strait_of_hormuz_n_total_z,sp500,0.0,,0.0,0.0,0.0,0,,,,0.0,2026-04-09,1
pw_strait_of_hormuz_n_total_z,vix,0.0,,0.0,0.0,0.0,0,,,,0.0,2026-04-09,1
pw_strait_of_hormuz_n_total_z,us2y,0.0,,0.0,0.0,0.0,0,,,,0.0,2026-04-09,1
pw_strait_of_hormuz_n_total_z,us10y,0.0,,0.0057549238883387215,0.002199673255999622,0.38222456085941453,0,,,,0.0,2026-04-09,1
pw_strait_of_hormuz_n_total_z,wti,0.0,,0.0,0.0,0.0,0,,,,0.0,2026-04-09,1
pw_strait_of_hormuz_n_total_z,brent,0.0,,0.00036113313203244246,0.0,0.0,0,,,,0.0,2026-04-09,1
pw_strait_of_hormuz_n_total_z,henry_hub,0.0,,0.009133644089555262,0.01675255907117641,1.834159389934377,0,,,,0.0,2026-04-09,1
pw_suez_canal_capacity_z,audusd,0.0,,0.0,0.0,0.0,0,,,,0.0,2026-04-09,1
pw_suez_canal_capacity_z,cnyusd,0.0,,0.0,0.0,0.0,0,,,,0.0,2026-04-09,1
pw_suez_canal_capacity_z,krwusd,0.0,,0.0,0.0,0.0,0,,,,0.0,2026-04-09,1
pw_suez_canal_capacity_z,eurusd,0.0,,0.00012769323050450569,0.0,0.0,0,,,,0.0,2026-04-09,1
pw_suez_canal_capacity_z,sp500,0.0,,0.0,0.0,0.0,0,,,,0.0,2026-04-09,1
pw_suez_canal_capacity_z,vix,0.0,,0.0,0.0,0.0,0,,,,0.0,2026-04-09,1
pw_suez_canal_capacity_z,us2y,0.0,,0.0,0.0,0.0,0,,,,0.0,2026-04-09,1
pw_suez_canal_capacity_z,us10y,0.0,,0.0003289685897112751,0.0,0.0,0,,,,0.0,2026-04-09,1
pw_suez_canal_capacity_z,wti,0.0,,1.0288796023945975e-05,0.0,0.0,0,,,,0.0,2026-04-09,1
pw_suez_canal_capacity_z,brent,0.0,,0.0,0.0,0.0,0,,,,0.0,2026-04-09,1
pw_suez_canal_capacity_z,henry_hub,0.0,,0.0,0.0,0.0,0,,,,0.0,2026-04-09,1
pw_suez_canal_n_total_z,audusd,0.0,,1.3146123436091425e-05,0.0,0.0,0,,,,0.0,2026-04-09,1
pw_suez_canal_n_total_z,brlusd,0.0,,0.0,0.0,0.0,0,,,,0.0,2026-04-09,1
pw_suez_canal_n_total_z,cnyusd,0.0,,0.0,0.0,0.0,0,,,,0.0,2026-04-09,1
pw_suez_canal_n_total_z,krwusd,0.0,,0.0,0.0,0.0,0,,,,0.0,2026-04-09,1
pw_suez_canal_n_total_z,eurusd,0.0,,0.0,0.0,0.0,0,,,,0.0,2026-04-09,1
pw_suez_canal_n_total_z,sp500,0.0,,0.0,0.0,0.0,0,,,,0.0,2026-04-09,1
pw_suez_canal_n_total_z,vix,0.0,,0.00060178716988775,0.0,0.0,0,,,,0.0,2026-04-09,1
pw_suez_canal_n_total_z,us2y,0.0,,0.0,0.0,0.0,0,,,,0.0,2026-04-09,1
pw_suez_canal_n_total_z,us10y,0.0,,0.0,0.0,0.0,0,,,,0.0,2026-04-09,1
pw_suez_canal_n_total_z,wti,0.0,,0.00034288240733391364,0.0,0.0,0,,,,0.0,2026-04-09,1
pw_suez_canal_n_total_z,brent,0.0,,0.002500267054967462,0.0,0.0,0,,,,0.0,2026-04-09,1
sp500,audusd,1.0,1.0,0.20798209956193875,0.2127989841577451,1.0231600921711623,640,3.1284218949035186e-06,0.5451447197366046,1.8795299613011915,0.735114255030574,2026-05-11,1
sp500,eurusd,1.0,1.0,0.1443206704639854,0.14433547666233135,1.0001025923611522,640,7.147509114751238e-07,0.5620872750819618,1.6948640841086593,0.6897255275141926,2026-05-11,1
sp500,cnyusd,1.0,1.0,0.10381674828523418,0.10356926237277372,0.9976161272959494,640,5.984557147682441e-08,0.5340165912104755,1.5789938138751831,0.6565550568632935,2026-05-11,1
us2y,cnyusd,1.0,1.0,0.10811087141651039,0.10497034531282226,0.9709508760540013,640,6.104730546832455e-08,0.5040230980905928,1.2617461419119886,0.5424247167164199,2026-05-11,1
cnyusd,us10y,1.0,1.0,0.06590592769877586,0.06975794568146733,1.0584472158604181,640,1.4846344306862707e-05,0.5451709417500782,1.1627260011193081,0.5236553810615114,2026-05-11,1
sp500,brlusd,1.0,1.0,0.08007141704153448,0.0809947020317747,1.0115307687106536,640,6.314813854365894e-07,0.5335840935280144,1.09815553468509,0.4998286976985936,2026-05-11,1
vix,audusd,0.8716119950473311,1.0,0.06428221062751267,0.0702346567308604,1.0925986528036435,480,4.4749101908996743e-07,0.5000897980799334,1.2337283451090997,0.4784634827900957,2026-05-11,1
audusd,eurusd,0.9976687589175168,0.8296839314948659,0.07192732304819285,0.07391803503615196,1.027676714544559,620,7.175502723931583e-08,0.49892740023196647,0.5857526780636548,0.2357266044111205,2026-05-11,1
audusd,wti,0.7205914125470072,1.0,0.05700507108103948,0.03435462175517462,0.6026590460054939,560,0.03927133035175394,0.5007176037498884,0.952051574131957,0.19240597688277516,2026-05-11,1
sp500,krwusd,1.0,1.0,0.2080607741068176,0.20197245136617142,0.970737767525942,640,2.9638689971565363e-07,0.526833581671763,0.3577215932466967,0.17179880995663496,2026-05-11,1
us2y,eurusd,1.0,0.9976687589175168,0.07133537381846208,0.06604519464735961,0.9258407310717234,640,4.6423552426353725e-08,0.5344694934593273,0.36831778255775177,0.16820705467151076,2026-05-11,1
vix,brlusd,0.9599373110164182,1.0,0.07510546015910212,0.06675993864186949,0.888882625849657,600,2.806021166777948e-07,0.5111310315675799,0.35299044667187546,0.14905386186651934,2026-05-11,1
sp500,vix,0.9697031015083053,1.0,0.05392555210782532,0.051944528363700136,0.9632637281086324,620,0.006137860151112265,0.5018696545540766,0.10562013276190436,0.04928301088365159,2026-05-11,1
pw_cape_of_good_hope_capacity_z,henry_hub,0.14292348770810678,1.0,0.02365130995404349,0.00029172176170708217,0.012334275026369466,360,0.0001754613671967643,0.5464681776013621,1.7580883121638522,0.0012444719554837445,2026-05-11,1
audusd,us2y,0.005653603179030448,1.0,0.010172430955248146,0.006689974863699215,0.6576574363719552,40,5.5893682214857484e-05,0.552466845489316,0.6254922979652151,0.001126346678055345,2026-05-11,1
pw_suez_canal_capacity_z,brlusd,0.01266601649115066,1.0,0.03286509019827898,0.02805155469756616,0.8535365193987847,80,8.179476256627016e-08,0.5582242768890886,0.13058864720331068,0.0007048894560057443,2026-05-11,1
us10y,cnyusd,0.014997257573633654,1.0,0.0041210256499116206,0.0008294991268761186,0.20128463090102533,100,3.6378295990629835e-08,0.47796823527004145,0.3299882266022638,0.000493599620854704,2026-05-11,1
brent,us10y,0.003787112311461831,1.0,0.041672005452225415,0.03607814437429623,0.8657645338345373,20,9.526109637754126e-06,0.39759815730182035,0.23458885524139264,0.00038282479011786424,2026-05-11,1
eurusd,krwusd,1.0,1.0,0.14658379395244722,0.1373317983934686,0.9368825481350276,640,-2.419645577129486e-09,0.4802941044962285,-0.0030111880797537814,0.0,2026-05-11,1
eurusd,sp500,1.0,1.0,0.09034870616132487,0.08476417878426759,0.9381891826199962,640,-7.823776226318062e-07,0.4073375626651999,-0.7051857368506971,0.0,2026-05-11,1
us2y,krwusd,1.0,1.0,0.13534156025903626,0.1188817431213272,0.8783831285363795,640,-5.903549923020166e-08,0.46688660458349956,-0.1227404962825391,0.0,2026-05-11,1
wti,brent,1.0,1.0,0.35157054159451573,0.26400714517013973,0.7509364805502751,640,-5.021504340124686e-05,0.5450476037449837,-0.5837855942963277,0.0,2026-05-11,1
pw_panama_canal_n_total_z,henry_hub,1.0,1.0,0.18240492868895597,0.10707544947246714,0.5870205933692526,640,-3.645804825671224e-05,0.4815653839971777,-0.37557408968278627,0.0,2026-05-11,1
brent,vix,0.9361668462442425,1.0,0.06637209418559116,0.05415061362273654,0.8158641713386257,580,-0.017183075612786237,0.42551477427427126,-0.5390559066321865,0.0,2026-05-11,1
cnyusd,us2y,0.9178614772573619,1.0,0.05637115171184096,0.050410985778714,0.894269218347813,620,-1.3560060056202857e-05,0.4398022925441256,-0.737834268657537,0.0,2026-05-11,1
eurusd,wti,0.8815803345048003,1.0,0.07968746904577566,0.04726418304888688,0.59311939022353,640,-0.07678263037516876,0.5194228388998401,-1.1073593016403156,0.0,2026-05-11,1
brent,wti,0.8249512908315757,0.8564525362754096,0.06705633360304641,0.07561564867128542,1.1276436483823826,600,-0.00421386346427336,0.4970895871400446,-0.06150015020944756,0.0,2026-05-11,1
eurusd,vix,0.8119652431264892,1.0,0.06577443479755497,0.06267227745823561,0.9528364272704526,240,-0.027605281195796423,0.44313864169871514,-1.0280989793716948,0.0,2026-05-11,1
brent,brlusd,0.706789913165839,1.0,0.05400137505945662,0.05803079404362109,1.0746169700258188,560,-3.207342897622022e-07,0.4715475513935492,-1.0375023549134235,0.0,2026-05-11,1
brlusd,wti,0.6018410982624418,1.0,0.05090459479511113,0.03638468867060472,0.7147623670721981,580,-0.00418124052771927,0.5043725286730315,-0.47424713258259704,0.0,2026-05-11,1
brlusd,us2y,0.5799314273984425,1.0,0.05182962829429609,0.05060130025655046,0.9763006589441274,480,-2.935479609802558e-05,0.47572762743309216,-1.1953180120599594,0.0,2026-05-11,1
eurusd,audusd,0.4537140927649194,0.9948618720034096,0.049626431731175445,0.03842308619950002,0.7742464017489,240,-3.0161176979985435e-07,0.4497497901773864,-1.5597315060212786,0.0,2026-05-11,1
krwusd,cnyusd,0.341972857619133,0.7359150153454567,0.04149578684717043,0.029539063893540975,0.7118569410994365,200,-4.343826480991416e-09,0.4518621476651203,-0.17582007489355578,0.0,2026-05-11,1
pw_malacca_strait_capacity_z,us2y,0.29654989695886014,1.0,0.04683918575306544,0.04249190604486758,0.9071871203928145,220,-1.3873237644268075e-05,0.4957758601005812,-0.4416778335684208,0.0,2026-05-11,1
wti,sp500,0.18803475687351073,1.0,0.04313966161276962,0.034818887442904456,0.80712008720527,400,-3.735214891624378e-07,0.47653290655791275,-0.5083529669425899,0.0,2026-05-11,1
brlusd,audusd,0.14292348770810678,0.8647473010856317,0.0339200696092409,0.025567407216081365,0.7537545621402851,360,-2.4706530461498844e-07,0.46460098741765526,-1.3104425057003657,0.0,2026-05-11,1
brlusd,brent,0.11642039351339808,1.0,0.043334364310744826,0.041661590360763084,0.9613984426311989,280,-4.21164722294156e-06,0.45891100507657523,-1.2777087686787962,0.0,2026-05-11,1
pw_cape_of_good_hope_n_total_z,henry_hub,0.10643854821879452,0.6395406756291062,0.03661828048852953,0.020919978353049744,0.5712987631847652,260,-8.978657676589764e-05,0.4874945552028617,-0.7772999451635215,0.0,2026-05-11,1
us10y,eurusd,0.09372261910541227,0.9158390659489277,0.023431026534045968,0.01606876123789151,0.6857898954850795,300,-8.020490592338173e-08,0.47342468080163935,-0.5115521853486397,0.0,2026-05-11,1
pw_bab_el_mandeb_strait_n_total_z,henry_hub,0.0886351097667003,1.0,0.022718176956518867,0.014815205697716426,0.6521300422156134,200,-3.0022857267389297e-05,0.5204348386330874,-0.4569495873202386,0.0,2026-05-11,1
us10y,krwusd,0.0858348359397879,1.0,0.009091831825935447,0.0,0.0,240,-2.1877647340652713e-07,0.43197748777599265,-0.9936921796839673,0.0,2026-05-11,1
us2y,wti,0.08103330089325807,1.0,0.03256309474750359,0.007333984393252822,0.2252238139562909,280,-0.0141209077353123,0.45918688886356274,-0.6878765053746134,0.0,2026-05-11,1
us10y,us2y,0.08103330089325807,1.0,0.03485401836301054,0.027815167005026124,0.7980476373004232,280,-1.8103258094353628e-05,0.5089496683753806,-0.43903356748731975,0.0,2026-05-11,1
pw_cape_of_good_hope_capacity_z,brent,0.08103330089325807,1.0,0.046507233017576526,0.04264936761500211,0.9170480557053049,280,-1.1065877589067675e-05,0.3804596914312197,-2.201709290124808,0.0,2026-05-11,1
henry_hub,krwusd,0.07179082399084113,1.0,0.022078857959110316,0.011075455865766283,0.5016317368533212,160,-1.6762534007269404e-07,0.46811334546110467,-0.6405786902307207,0.0,2026-05-11,1
sp500,wti,0.06755314569939269,1.0,0.033224842043928594,0.012662608332106376,0.3811186917115924,240,-0.003936784432050438,0.5202623829233484,-0.2842338212415524,0.0,2026-05-11,1
eurusd,us2y,0.06530747135161803,1.0,0.012001868914770172,0.0,0.0,240,-1.8797093511585312e-05,0.47318396913689387,-0.7293238725407802,0.0,2026-05-11,1
us10y,sp500,0.044178755273816206,1.0,0.03839937146871694,0.035166798246918124,0.915817027775251,160,-1.2885632983144748e-06,0.5106106426540944,-1.4287681847758522,0.0,2026-05-11,1
krwusd,us2y,0.0428024661449826,1.0,0.02291008214464483,0.024785524144005932,1.0818609897389426,200,-8.480960205791362e-06,0.5325201950507705,-0.15635574678328326,0.0,2026-05-11,1
henry_hub,cnyusd,0.03357406556284001,1.0,0.03548806686161726,0.028589976733781348,0.8056222629783009,140,-5.873776065020761e-08,0.59461895372365,-0.4590948140345445,0.0,2026-05-11,1
pw_suez_canal_n_total_z,henry_hub,0.024195010273083038,1.0,0.005479947074807742,0.0,0.0,140,0.00011369156606820161,0.5622340909004843,0.7553141850767684,0.0,2026-05-11,1
henry_hub,brlusd,0.019330787450775988,0.5799114645855682,0.00726015273949787,0.001932598678976087,0.26619256485639037,120,-2.3061994697984676e-06,0.5154017189945582,-1.485472784103477,0.0,2026-05-11,1
pw_strait_of_hormuz_capacity_z,brent,0.016035394826931015,1.0,0.03820605088951678,0.04498949207777036,1.177548870671553,60,-5.185965165730867e-06,0.40217967225309986,-0.6948023036075391,0.0,2026-05-11,1
pw_malacca_strait_n_total_z,henry_hub,0.01268931821215419,1.0,0.012512506145082567,0.004278292908708404,0.34192134326261886,20,-3.0626918993900585e-05,0.3500464416515345,-0.7627869741194293,0.0,2026-05-11,1
audusd,sp500,0.007887783165624367,1.0,0.009137596737306217,0.0,0.0,60,-1.619454514164341e-06,0.4527991300545023,-1.2702065892735912,0.0,2026-05-11,1
us2y,us10y,0.007887783165624367,1.0,0.012183344612430098,0.012657860295496015,1.0389478996253452,60,-1.6465517229522706e-05,0.49955110331497954,-0.3615080398697007,0.0,2026-05-11,1
pw_cape_of_good_hope_n_total_z,brlusd,0.006118353393944825,1.0,0.012621691427490525,0.007728606085368544,0.6123272882852567,40,-1.7171219210588407e-06,0.33295839484824813,-1.3696789788072146,0.0,2026-05-11,1
krwusd,vix,0.005653603179030448,1.0,0.00900273027237083,0.006034889702395721,0.6703399435298709,40,-0.05096883898372773,0.2993842190935325,-2.0392539999192296,0.0,2026-05-11,1
cnyusd,wti,0.003787112311461831,1.0,0.012471758504659718,0.011382478893155117,0.912660302787484,20,-0.026350855717256125,0.4432619032366698,-1.2536483129621636,0.0,2026-05-11,1
audusd,vix,0.002331241082482993,1.0,0.006674852406479078,0.0,0.0,20,-0.11408765609220185,0.3523238476329138,-1.8520756717413658,0.0,2026-05-11,1
brlusd,cnyusd,0.002331241082482993,1.0,0.011819356047310534,0.007633290441406273,0.6458296383366173,20,-2.7076723537118782e-09,0.5031297473171651,-0.026983473890779673,0.0,2026-05-11,1
pw_bab_el_mandeb_strait_capacity_z,cnyusd,0.002331241082482993,1.0,0.0030386636277590982,0.0,0.0,20,-8.052518251198798e-07,0.2983218135203557,-2.2556042702273804,0.0,2026-05-11,1
pw_bab_el_mandeb_strait_n_total_z,cnyusd,0.002331241082482993,1.0,0.008410750799170067,0.001772535606794823,0.2107464183779798,20,-6.296462030138997e-07,0.25071531608863584,-2.7206532902336558,0.0,2026-05-11,1
audusd,brlusd,0.0,,0.006823408746874973,0.006689875232144669,0.9804300871186324,0,,,,0.0,2026-05-11,1
audusd,cnyusd,0.0,,0.00046694842072858057,0.0,0.0,0,,,,0.0,2026-05-11,1
audusd,krwusd,0.0,,0.02612818307214839,0.028131187843064984,1.0766606987323093,0,,,,0.0,2026-05-11,1
audusd,us10y,0.0,,0.0055344086556267935,0.005774442233026427,1.0433711336360376,0,,,,0.0,2026-05-11,1
audusd,brent,0.0,,0.001886348326842189,0.0,0.0,0,,,,0.0,2026-05-11,1
audusd,henry_hub,0.0,,0.008802035558881566,0.0,0.0,0,,,,0.0,2026-05-11,1
brlusd,krwusd,0.0,,0.013196615826896917,0.008993684043328598,0.6815144247056097,0,,,,0.0,2026-05-11,1
brlusd,eurusd,0.0,,0.002450019795159623,0.0,0.0,0,,,,0.0,2026-05-11,1
brlusd,sp500,0.0,,0.018626690753951097,0.019429786128203858,1.04311530077249,0,,,,0.0,2026-05-11,1
brlusd,vix,0.0,,0.020161935617841298,0.019095892251750343,0.9471259413631093,0,,,,0.0,2026-05-11,1
brlusd,us10y,0.0,,0.02258934765660128,0.022016365652697142,0.9746348583139941,0,,,,0.0,2026-05-11,1
brlusd,henry_hub,0.0,,0.0017087604331587996,0.0010335008364208867,0.604824887307559,0,,,,0.0,2026-05-11,1
cnyusd,audusd,0.0,,0.006293153017640988,0.0030914107439542773,0.4912340023019342,0,,,,0.0,2026-05-11,1
cnyusd,brlusd,0.0,,0.024798075607973057,0.021317360446797017,0.8596376905933409,0,,,,0.0,2026-05-11,1
cnyusd,krwusd,0.0,,0.0008583725708654992,0.0,0.0,0,,,,0.0,2026-05-11,1
cnyusd,eurusd,0.0,,0.002091046792348229,0.0,0.0,0,,,,0.0,2026-05-11,1
cnyusd,sp500,0.0,,0.004763056953338154,0.006031333046445292,1.2662735519503447,0,,,,0.0,2026-05-11,1
cnyusd,vix,0.0,,0.01428174701633062,0.010330720205946841,0.7233512954776518,0,,,,0.0,2026-05-11,1
cnyusd,brent,0.0,,0.00042734423201513943,0.002445936396971194,5.723574144051024,0,,,,0.0,2026-05-11,1
cnyusd,henry_hub,0.0,,0.001144823780985392,0.0,0.0,0,,,,0.0,2026-05-11,1
krwusd,audusd,0.0,,0.0042149491022053205,0.0,0.0,0,,,,0.0,2026-05-11,1
krwusd,brlusd,0.0,,8.918611339247782e-07,0.0,0.0,0,,,,0.0,2026-05-11,1
krwusd,eurusd,0.0,,0.016645030535275426,0.02061065375860427,1.238246677584916,0,,,,0.0,2026-05-11,1
krwusd,sp500,0.0,,0.004704269742582468,4.581794094210814e-05,0.009739650030560492,0,,,,0.0,2026-05-11,1
krwusd,us10y,0.0,,0.0010470404993220233,0.0,0.0,0,,,,0.0,2026-05-11,1
krwusd,wti,0.0,,5.87367794059331e-05,0.0,0.0,0,,,,0.0,2026-05-11,1
krwusd,brent,0.0,,0.00017735923882043663,0.0,0.0,0,,,,0.0,2026-05-11,1
krwusd,henry_hub,0.0,,0.0012677329175593904,0.0016715367767813143,1.318524393923065,0,,,,0.0,2026-05-11,1
eurusd,brlusd,0.0,,0.018212366917264577,0.014932439024726213,0.8199065553951075,0,,,,0.0,2026-05-11,1
eurusd,cnyusd,0.0,,0.00046282345835373806,0.0,0.0,0,,,,0.0,2026-05-11,1
eurusd,us10y,0.0,,0.004597623087854437,0.0,0.0,0,,,,0.0,2026-05-11,1
eurusd,brent,0.0,,0.029277415176751257,0.02014500431712628,0.6880731852695493,0,,,,0.0,2026-05-11,1
eurusd,henry_hub,0.0,,0.004685469532283354,0.004770739466562684,1.018198802423495,0,,,,0.0,2026-05-11,1
sp500,us2y,0.0,,0.0005378106073096179,0.0,0.0,0,,,,0.0,2026-05-11,1
sp500,us10y,0.0,,0.01317581247776954,0.012631928156129835,0.9587210031595884,0,,,,0.0,2026-05-11,1
sp500,brent,0.0,,0.0044428828606594755,3.2417871353843485e-06,0.0007296584756013929,0,,,,0.0,2026-05-11,1
sp500,henry_hub,0.0,,9.704375530189362e-05,0.0,0.0,0,,,,0.0,2026-05-11,1
vix,cnyusd,0.0,,0.0,0.0,0.0,0,,,,0.0,2026-05-11,1
vix,krwusd,0.0,,0.007765656132781523,0.0013607597719183988,0.17522792004324794,0,,,,0.0,2026-05-11,1
vix,eurusd,0.0,,0.001061233995289569,0.0,0.0,0,,,,0.0,2026-05-11,1
vix,sp500,0.0,,0.004946513078441178,0.0035714775432882477,0.7220192257964771,0,,,,0.0,2026-05-11,1
vix,us2y,0.0,,0.01885700465776589,0.01274714275665414,0.6759897973193997,0,,,,0.0,2026-05-11,1
vix,us10y,0.0,,0.017922449354824253,0.01380326028646683,0.7701659529450061,0,,,,0.0,2026-05-11,1
vix,wti,0.0,,0.005636185595020104,0.025329026094120778,4.494001424740243,0,,,,0.0,2026-05-11,1
vix,brent,0.0,,3.1519476189727137e-05,0.0,0.0,0,,,,0.0,2026-05-11,1
vix,henry_hub,0.0,,0.025686344697906472,0.027462647689568954,1.0691535916282886,0,,,,0.0,2026-05-11,1
us2y,audusd,0.0,,0.019159178126383618,0.012489647915979295,0.6518885013538299,0,,,,0.0,2026-05-11,1
us2y,brlusd,0.0,,0.018243774078991894,0.010422359966373385,0.5712831084865801,0,,,,0.0,2026-05-11,1
us2y,sp500,0.0,,0.012362234523375846,0.018496061356826438,1.4961746051534688,0,,,,0.0,2026-05-11,1
us2y,vix,0.0,,0.00023745480450095043,0.0,0.0,0,,,,0.0,2026-05-11,1
us2y,brent,0.0,,0.0012736313974371337,0.0,0.0,0,,,,0.0,2026-05-11,1
us2y,henry_hub,0.0,,0.006154360657016696,0.0,0.0,0,,,,0.0,2026-05-11,1
us10y,audusd,0.0,,0.0017480065236876857,0.0,0.0,0,,,,0.0,2026-05-11,1
us10y,brlusd,0.0,,0.005051036343414806,0.003160852878390065,0.6257830400509724,0,,,,0.0,2026-05-11,1
us10y,vix,0.0,,0.02009241360964887,0.007085000743097687,0.35262068961666687,0,,,,0.0,2026-05-11,1
us10y,wti,0.0,,0.0004830992368094831,0.00022731876333636692,0.47054258424757817,0,,,,0.0,2026-05-11,1
us10y,brent,0.0,,0.003912252913354706,0.0,0.0,0,,,,0.0,2026-05-11,1
us10y,henry_hub,0.0,,0.0,0.0,0.0,0,,,,0.0,2026-05-11,1
wti,audusd,0.0,,0.023107896639559918,0.023182843142624858,1.003243328643622,0,,,,0.0,2026-05-11,1
wti,brlusd,0.0,,0.009987887308834641,0.0,0.0,0,,,,0.0,2026-05-11,1
wti,cnyusd,0.0,,0.006861131946080672,0.0,0.0,0,,,,0.0,2026-05-11,1
wti,krwusd,0.0,,0.0,0.0,0.0,0,,,,0.0,2026-05-11,1
wti,eurusd,0.0,,1.0391216247928092e-05,0.0,0.0,0,,,,0.0,2026-05-11,1
wti,vix,0.0,,0.012496674418893978,0.00172227245831268,0.1378184627830858,0,,,,0.0,2026-05-11,1
wti,us2y,0.0,,0.001159522109857908,0.0,0.0,0,,,,0.0,2026-05-11,1
wti,us10y,0.0,,0.010235765091309516,0.0,0.0,0,,,,0.0,2026-05-11,1
wti,henry_hub,0.0,,2.9097113676290514e-05,0.0,0.0,0,,,,0.0,2026-05-11,1
brent,audusd,0.0,,0.007470723097150556,0.003126764637358005,0.4185357423501079,0,,,,0.0,2026-05-11,1
brent,cnyusd,0.0,,0.012415968684547059,0.0074434888151339584,0.5995093096842408,0,,,,0.0,2026-05-11,1
brent,krwusd,0.0,,0.008760160742034626,0.01091723531886998,1.2462368717145655,0,,,,0.0,2026-05-11,1
brent,eurusd,0.0,,0.0025480234146004078,0.0,0.0,0,,,,0.0,2026-05-11,1
brent,sp500,0.0,,0.02688819892583884,0.02492418537126654,0.9269562993047876,0,,,,0.0,2026-05-11,1
brent,us2y,0.0,,0.0,0.0,0.0,0,,,,0.0,2026-05-11,1
brent,henry_hub,0.0,,1.7916222492840753e-05,0.0,0.0,0,,,,0.0,2026-05-11,1
henry_hub,audusd,0.0,,0.0004335645627180994,0.0,0.0,0,,,,0.0,2026-05-11,1
henry_hub,eurusd,0.0,,0.0007249994154105753,0.0022204322468203927,3.0626676375496618,0,,,,0.0,2026-05-11,1
henry_hub,sp500,0.0,,0.006523796693803794,0.014079038985771323,2.1581051106548714,0,,,,0.0,2026-05-11,1
henry_hub,vix,0.0,,0.013522620423848362,0.016378455779381216,1.211189493309768,0,,,,0.0,2026-05-11,1
henry_hub,us2y,0.0,,0.006927801240236891,0.0,0.0,0,,,,0.0,2026-05-11,1
henry_hub,us10y,0.0,,4.064223782560523e-06,0.0,0.0,0,,,,0.0,2026-05-11,1
henry_hub,wti,0.0,,0.00023871943018874872,0.0,0.0,0,,,,0.0,2026-05-11,1
henry_hub,brent,0.0,,0.00048738891706280027,0.0,0.0,0,,,,0.0,2026-05-11,1
pw_bab_el_mandeb_strait_capacity_z,audusd,0.0,,0.0005449198117321814,0.0,0.0,0,,,,0.0,2026-05-11,1
pw_bab_el_mandeb_strait_capacity_z,brlusd,0.0,,0.00014047686694465924,0.0,0.0,0,,,,0.0,2026-05-11,1
pw_bab_el_mandeb_strait_capacity_z,krwusd,0.0,,5.15249664899294e-06,0.0,0.0,0,,,,0.0,2026-05-11,1
pw_bab_el_mandeb_strait_capacity_z,eurusd,0.0,,0.006391882478505597,0.003201867973018757,0.5009272282126414,0,,,,0.0,2026-05-11,1
pw_bab_el_mandeb_strait_capacity_z,sp500,0.0,,0.0002524317480337328,0.0,0.0,0,,,,0.0,2026-05-11,1
pw_bab_el_mandeb_strait_capacity_z,vix,0.0,,1.5146605866374255e-05,0.0,0.0,0,,,,0.0,2026-05-11,1
pw_bab_el_mandeb_strait_capacity_z,us2y,0.0,,3.402064598778365e-05,0.0,0.0,0,,,,0.0,2026-05-11,1
pw_bab_el_mandeb_strait_capacity_z,us10y,0.0,,0.0,0.0,0.0,0,,,,0.0,2026-05-11,1
pw_bab_el_mandeb_strait_capacity_z,wti,0.0,,0.0,0.0,0.0,0,,,,0.0,2026-05-11,1
pw_bab_el_mandeb_strait_capacity_z,brent,0.0,,0.0,0.0,0.0,0,,,,0.0,2026-05-11,1
pw_bab_el_mandeb_strait_capacity_z,henry_hub,0.0,,0.012342640493127579,0.0,0.0,0,,,,0.0,2026-05-11,1
pw_bab_el_mandeb_strait_n_total_z,audusd,0.0,,0.00025946991038873035,0.0,0.0,0,,,,0.0,2026-05-11,1
pw_bab_el_mandeb_strait_n_total_z,brlusd,0.0,,0.0009095041955075887,0.0,0.0,0,,,,0.0,2026-05-11,1
pw_bab_el_mandeb_strait_n_total_z,krwusd,0.0,,1.303753400140075e-05,0.0,0.0,0,,,,0.0,2026-05-11,1
pw_bab_el_mandeb_strait_n_total_z,eurusd,0.0,,6.653218115415204e-05,0.0,0.0,0,,,,0.0,2026-05-11,1
pw_bab_el_mandeb_strait_n_total_z,sp500,0.0,,0.006181993623950728,0.004716505304177278,0.7629424407531337,0,,,,0.0,2026-05-11,1
pw_bab_el_mandeb_strait_n_total_z,vix,0.0,,0.0,0.0,0.0,0,,,,0.0,2026-05-11,1
pw_bab_el_mandeb_strait_n_total_z,us2y,0.0,,0.0,0.0,0.0,0,,,,0.0,2026-05-11,1
pw_bab_el_mandeb_strait_n_total_z,us10y,0.0,,0.011568964249918712,0.010726103573517427,0.927144672747415,0,,,,0.0,2026-05-11,1
pw_bab_el_mandeb_strait_n_total_z,wti,0.0,,0.0,0.0,0.0,0,,,,0.0,2026-05-11,1
pw_bab_el_mandeb_strait_n_total_z,brent,0.0,,0.00027838770273431557,0.0,0.0,0,,,,0.0,2026-05-11,1
pw_cape_of_good_hope_capacity_z,audusd,0.0,,1.7127093155724112e-05,0.0,0.0,0,,,,0.0,2026-05-11,1
pw_cape_of_good_hope_capacity_z,brlusd,0.0,,6.661188208318707e-05,0.0,0.0,0,,,,0.0,2026-05-11,1
pw_cape_of_good_hope_capacity_z,cnyusd,0.0,,0.0023504224749443343,0.0,0.0,0,,,,0.0,2026-05-11,1
pw_cape_of_good_hope_capacity_z,krwusd,0.0,,1.4942315725979083e-05,0.0,0.0,0,,,,0.0,2026-05-11,1
pw_cape_of_good_hope_capacity_z,eurusd,0.0,,0.00022809521408021546,0.0,0.0,0,,,,0.0,2026-05-11,1
pw_cape_of_good_hope_capacity_z,sp500,0.0,,0.009066991069717366,0.001610275556766121,0.17759756730589968,0,,,,0.0,2026-05-11,1
pw_cape_of_good_hope_capacity_z,vix,0.0,,0.002885053457347289,0.0,0.0,0,,,,0.0,2026-05-11,1
pw_cape_of_good_hope_capacity_z,us2y,0.0,,0.003483114321411111,0.005188114871016476,1.4895046192209445,0,,,,0.0,2026-05-11,1
pw_cape_of_good_hope_capacity_z,us10y,0.0,,0.001077500881162824,0.0,0.0,0,,,,0.0,2026-05-11,1
pw_cape_of_good_hope_capacity_z,wti,0.0,,0.008471749089151258,0.004715391346078948,0.5566018653830739,0,,,,0.0,2026-05-11,1
pw_cape_of_good_hope_n_total_z,audusd,0.0,,7.793329202650758e-05,0.0,0.0,0,,,,0.0,2026-05-11,1
pw_cape_of_good_hope_n_total_z,cnyusd,0.0,,1.544730913446313e-05,0.0,0.0,0,,,,0.0,2026-05-11,1
pw_cape_of_good_hope_n_total_z,krwusd,0.0,,4.702114882226899e-07,0.0,0.0,0,,,,0.0,2026-05-11,1
pw_cape_of_good_hope_n_total_z,eurusd,0.0,,0.0008071686694475276,0.0,0.0,0,,,,0.0,2026-05-11,1
pw_cape_of_good_hope_n_total_z,sp500,0.0,,1.3399952785498113e-06,0.0,0.0,0,,,,0.0,2026-05-11,1
pw_cape_of_good_hope_n_total_z,vix,0.0,,0.0,0.0,0.0,0,,,,0.0,2026-05-11,1
pw_cape_of_good_hope_n_total_z,us2y,0.0,,0.0031738882837032316,0.0016135285787707645,0.5083759838226349,0,,,,0.0,2026-05-11,1
pw_cape_of_good_hope_n_total_z,us10y,0.0,,0.0056829267746314,0.0,0.0,0,,,,0.0,2026-05-11,1
pw_cape_of_good_hope_n_total_z,wti,0.0,,0.00011443919206677861,0.0,0.0,0,,,,0.0,2026-05-11,1
pw_cape_of_good_hope_n_total_z,brent,0.0,,0.00012533515350961235,0.0,0.0,0,,,,0.0,2026-05-11,1
pw_malacca_strait_capacity_z,audusd,0.0,,0.0,0.0,0.0,0,,,,0.0,2026-05-11,1
pw_malacca_strait_capacity_z,brlusd,0.0,,0.00781929853460072,0.0,0.0,0,,,,0.0,2026-05-11,1
pw_malacca_strait_capacity_z,cnyusd,0.0,,9.933577058573128e-05,0.0,0.0,0,,,,0.0,2026-05-11,1
pw_malacca_strait_capacity_z,krwusd,0.0,,0.002595164213331978,0.0,0.0,0,,,,0.0,2026-05-11,1
pw_malacca_strait_capacity_z,eurusd,0.0,,0.0002601509251925407,0.0019459379486120997,7.480034703593264,0,,,,0.0,2026-05-11,1
pw_malacca_strait_capacity_z,sp500,0.0,,0.0,0.0,0.0,0,,,,0.0,2026-05-11,1
pw_malacca_strait_capacity_z,vix,0.0,,7.376822107901591e-05,0.0,0.0,0,,,,0.0,2026-05-11,1
pw_malacca_strait_capacity_z,us10y,0.0,,0.0,0.0,0.0,0,,,,0.0,2026-05-11,1
pw_malacca_strait_capacity_z,wti,0.0,,0.0,0.0,0.0,0,,,,0.0,2026-05-11,1
pw_malacca_strait_capacity_z,brent,0.0,,0.0,0.0,0.0,0,,,,0.0,2026-05-11,1
pw_malacca_strait_capacity_z,henry_hub,0.0,,0.0,0.0,0.0,0,,,,0.0,2026-05-11,1
pw_malacca_strait_n_total_z,audusd,0.0,,0.0007512609622020671,0.0,0.0,0,,,,0.0,2026-05-11,1
pw_malacca_strait_n_total_z,brlusd,0.0,,0.0014920316672383598,0.0005875016713074562,0.3937595187874787,0,,,,0.0,2026-05-11,1
pw_malacca_strait_n_total_z,cnyusd,0.0,,0.002801044328128882,0.0,0.0,0,,,,0.0,2026-05-11,1
pw_malacca_strait_n_total_z,krwusd,0.0,,0.0,0.0,0.0,0,,,,0.0,2026-05-11,1
pw_malacca_strait_n_total_z,eurusd,0.0,,0.0068662083529996065,0.0033948828240643334,0.49443341208561314,0,,,,0.0,2026-05-11,1
pw_malacca_strait_n_total_z,sp500,0.0,,0.0022010707014515555,0.006806201178957984,3.0922228779245713,0,,,,0.0,2026-05-11,1
pw_malacca_strait_n_total_z,vix,0.0,,0.0,0.0,0.0,0,,,,0.0,2026-05-11,1
pw_malacca_strait_n_total_z,us2y,0.0,,7.113472207598279e-05,0.0,0.0,0,,,,0.0,2026-05-11,1
pw_malacca_strait_n_total_z,us10y,0.0,,0.011754009991858128,0.008401950388222225,0.7148156581491902,0,,,,0.0,2026-05-11,1
pw_malacca_strait_n_total_z,wti,0.0,,0.0,0.0,0.0,0,,,,0.0,2026-05-11,1
pw_malacca_strait_n_total_z,brent,0.0,,0.0007488530739044627,0.0,0.0,0,,,,0.0,2026-05-11,1
pw_panama_canal_capacity_z,audusd,0.0,,4.291619003855687e-06,0.0,0.0,0,,,,0.0,2026-05-11,1
pw_panama_canal_capacity_z,brlusd,0.0,,0.0,0.0,0.0,0,,,,0.0,2026-05-11,1
pw_panama_canal_capacity_z,cnyusd,0.0,,0.00042607346928871803,0.0,0.0,0,,,,0.0,2026-05-11,1
pw_panama_canal_capacity_z,krwusd,0.0,,0.0007847920887893679,0.0,0.0,0,,,,0.0,2026-05-11,1
pw_panama_canal_capacity_z,eurusd,0.0,,0.0,0.0,0.0,0,,,,0.0,2026-05-11,1
pw_panama_canal_capacity_z,sp500,0.0,,0.0023550761596070856,0.0,0.0,0,,,,0.0,2026-05-11,1
pw_panama_canal_capacity_z,vix,0.0,,0.0030987199463389835,0.0,0.0,0,,,,0.0,2026-05-11,1
pw_panama_canal_capacity_z,us2y,0.0,,0.0,0.0,0.0,0,,,,0.0,2026-05-11,1
pw_panama_canal_capacity_z,us10y,0.0,,0.0,0.0,0.0,0,,,,0.0,2026-05-11,1
pw_panama_canal_capacity_z,wti,0.0,,0.0,0.0,0.0,0,,,,0.0,2026-05-11,1
pw_panama_canal_capacity_z,brent,0.0,,1.4222235392295086e-05,0.0,0.0,0,,,,0.0,2026-05-11,1
pw_panama_canal_capacity_z,henry_hub,0.0,,0.0008471876561689088,0.0,0.0,0,,,,0.0,2026-05-11,1
pw_panama_canal_n_total_z,audusd,0.0,,0.002896387191955133,0.0036931167758798202,1.2750770291132503,0,,,,0.0,2026-05-11,1
pw_panama_canal_n_total_z,brlusd,0.0,,0.0,0.0,0.0,0,,,,0.0,2026-05-11,1
pw_panama_canal_n_total_z,cnyusd,0.0,,5.703393492895242e-06,0.0,0.0,0,,,,0.0,2026-05-11,1
pw_panama_canal_n_total_z,krwusd,0.0,,0.0,0.0,0.0,0,,,,0.0,2026-05-11,1
pw_panama_canal_n_total_z,eurusd,0.0,,8.826117920454263e-06,0.0,0.0,0,,,,0.0,2026-05-11,1
pw_panama_canal_n_total_z,sp500,0.0,,0.0001623746613238016,0.0,0.0,0,,,,0.0,2026-05-11,1
pw_panama_canal_n_total_z,vix,0.0,,0.0,0.0,0.0,0,,,,0.0,2026-05-11,1
pw_panama_canal_n_total_z,us2y,0.0,,0.0001836895959011259,0.0,0.0,0,,,,0.0,2026-05-11,1
pw_panama_canal_n_total_z,us10y,0.0,,0.0001951834473640758,0.0,0.0,0,,,,0.0,2026-05-11,1
pw_panama_canal_n_total_z,wti,0.0,,0.0,0.0,0.0,0,,,,0.0,2026-05-11,1
pw_panama_canal_n_total_z,brent,0.0,,1.7307080553597784e-05,0.0,0.0,0,,,,0.0,2026-05-11,1
pw_strait_of_hormuz_capacity_z,audusd,0.0,,0.008034375406116607,0.002601273050085905,0.3237679245241072,0,,,,0.0,2026-05-11,1
pw_strait_of_hormuz_capacity_z,brlusd,0.0,,0.0,0.0,0.0,0,,,,0.0,2026-05-11,1
pw_strait_of_hormuz_capacity_z,cnyusd,0.0,,0.0,0.0,0.0,0,,,,0.0,2026-05-11,1
pw_strait_of_hormuz_capacity_z,krwusd,0.0,,0.004189089079845703,0.0,0.0,0,,,,0.0,2026-05-11,1
pw_strait_of_hormuz_capacity_z,eurusd,0.0,,0.0010804624714533938,0.0,0.0,0,,,,0.0,2026-05-11,1
pw_strait_of_hormuz_capacity_z,sp500,0.0,,0.0,0.0,0.0,0,,,,0.0,2026-05-11,1
pw_strait_of_hormuz_capacity_z,vix,0.0,,0.003729534057593556,0.0,0.0,0,,,,0.0,2026-05-11,1
pw_strait_of_hormuz_capacity_z,us2y,0.0,,0.00010010637697556922,0.0,0.0,0,,,,0.0,2026-05-11,1
pw_strait_of_hormuz_capacity_z,us10y,0.0,,0.00019803427069752663,0.0,0.0,0,,,,0.0,2026-05-11,1
pw_strait_of_hormuz_capacity_z,wti,0.0,,0.01728863697244524,0.0172396051251576,0.997163926377436,0,,,,0.0,2026-05-11,1
pw_strait_of_hormuz_capacity_z,henry_hub,0.0,,0.000455134441290961,0.0,0.0,0,,,,0.0,2026-05-11,1
pw_strait_of_hormuz_n_total_z,audusd,0.0,,4.9860944975217895e-05,0.0,0.0,0,,,,0.0,2026-05-11,1
pw_strait_of_hormuz_n_total_z,brlusd,0.0,,0.00987524826247239,0.0,0.0,0,,,,0.0,2026-05-11,1
pw_strait_of_hormuz_n_total_z,cnyusd,0.0,,0.0,0.0,0.0,0,,,,0.0,2026-05-11,1
pw_strait_of_hormuz_n_total_z,krwusd,0.0,,0.00011438555379621305,0.0,0.0,0,,,,0.0,2026-05-11,1
pw_strait_of_hormuz_n_total_z,eurusd,0.0,,0.0,0.0,0.0,0,,,,0.0,2026-05-11,1
pw_strait_of_hormuz_n_total_z,sp500,0.0,,0.0,0.0,0.0,0,,,,0.0,2026-05-11,1
pw_strait_of_hormuz_n_total_z,vix,0.0,,0.0,0.0,0.0,0,,,,0.0,2026-05-11,1
pw_strait_of_hormuz_n_total_z,us2y,0.0,,0.0,0.0,0.0,0,,,,0.0,2026-05-11,1
pw_strait_of_hormuz_n_total_z,us10y,0.0,,0.005073427726531317,0.0,0.0,0,,,,0.0,2026-05-11,1
pw_strait_of_hormuz_n_total_z,wti,0.0,,0.0,0.0,0.0,0,,,,0.0,2026-05-11,1
pw_strait_of_hormuz_n_total_z,brent,0.0,,0.00031836786733792686,0.0,0.0,0,,,,0.0,2026-05-11,1
pw_strait_of_hormuz_n_total_z,henry_hub,0.0,,0.009986164090036637,0.016332786199240834,1.6355415404736167,0,,,,0.0,2026-05-11,1
pw_suez_canal_capacity_z,audusd,0.0,,0.0,0.0,0.0,0,,,,0.0,2026-05-11,1
pw_suez_canal_capacity_z,cnyusd,0.0,,0.0,0.0,0.0,0,,,,0.0,2026-05-11,1
pw_suez_canal_capacity_z,krwusd,0.0,,0.0,0.0,0.0,0,,,,0.0,2026-05-11,1
pw_suez_canal_capacity_z,eurusd,0.0,,0.00011257184086216073,0.0,0.0,0,,,,0.0,2026-05-11,1
pw_suez_canal_capacity_z,sp500,0.0,,0.0,0.0,0.0,0,,,,0.0,2026-05-11,1
pw_suez_canal_capacity_z,vix,0.0,,0.0,0.0,0.0,0,,,,0.0,2026-05-11,1
pw_suez_canal_capacity_z,us2y,0.0,,0.0,0.0,0.0,0,,,,0.0,2026-05-11,1
pw_suez_canal_capacity_z,us10y,0.0,,0.00029001223935923835,0.0,0.0,0,,,,0.0,2026-05-11,1
pw_suez_canal_capacity_z,wti,0.0,,9.070400240441951e-06,0.0,0.0,0,,,,0.0,2026-05-11,1
pw_suez_canal_capacity_z,brent,0.0,,0.0,0.0,0.0,0,,,,0.0,2026-05-11,1
pw_suez_canal_capacity_z,henry_hub,0.0,,0.0,0.0,0.0,0,,,,0.0,2026-05-11,1
pw_suez_canal_n_total_z,audusd,0.0,,1.1589363896230877e-05,0.0,0.0,0,,,,0.0,2026-05-11,1
pw_suez_canal_n_total_z,brlusd,0.0,,0.0,0.0,0.0,0,,,,0.0,2026-05-11,1
pw_suez_canal_n_total_z,cnyusd,0.0,,0.0,0.0,0.0,0,,,,0.0,2026-05-11,1
pw_suez_canal_n_total_z,krwusd,0.0,,0.0,0.0,0.0,0,,,,0.0,2026-05-11,1
pw_suez_canal_n_total_z,eurusd,0.0,,0.0,0.0,0.0,0,,,,0.0,2026-05-11,1
pw_suez_canal_n_total_z,sp500,0.0,,0.0,0.0,0.0,0,,,,0.0,2026-05-11,1
pw_suez_canal_n_total_z,vix,0.0,,0.0005305237345303398,0.0,0.0,0,,,,0.0,2026-05-11,1
pw_suez_canal_n_total_z,us2y,0.0,,0.0,0.0,0.0,0,,,,0.0,2026-05-11,1
pw_suez_canal_n_total_z,us10y,0.0,,0.0,0.0,0.0,0,,,,0.0,2026-05-11,1
pw_suez_canal_n_total_z,wti,0.0,,0.0003022783873532428,0.0,0.0,0,,,,0.0,2026-05-11,1
pw_suez_canal_n_total_z,brent,0.0,,0.002220468750055147,0.00013749813696492546,0.06192302276783251,0,,,,0.0,2026-05-11,1
sp500,audusd,1.0,1.0,0.20852670711763371,0.21262391657375934,1.0196483678889838,660,2.054663286417976e-06,0.4863904101027583,1.3398358215533928,0.5849258821167422,2026-06-10,1
sp500,cnyusd,1.0,1.0,0.10352167347693021,0.101301756984393,0.9785560219616048,660,5.033087517829846e-08,0.5366767501312373,1.3638120949371937,0.5800460581928684,2026-06-10,1
us2y,cnyusd,1.0,1.0,0.10752116883527049,0.10308469900136467,0.9587386383354632,660,5.0102808672495555e-08,0.49624824078802715,1.0704011828628832,0.46915530548237333,2026-06-10,1
sp500,eurusd,1.0,1.0,0.14401649080850354,0.14172807643053736,0.9841100531951646,660,3.807510862526725e-07,0.5344180167538153,0.9719184041869532,0.443837002113787,2026-06-10,1
audusd,eurusd,0.997942274979101,0.8497077015463853,0.07225011822385195,0.07467858149482975,1.0336118933875473,640,6.44048069723645e-08,0.48220210917203304,0.5493226746260176,0.22721649800557828,2026-06-10,1
vix,audusd,0.8866752940485123,1.0,0.064909924910442,0.06963236562737497,1.072753754120786,500,1.4785574667464552e-07,0.4445842983170878,0.44246856556623665,0.19302403874552032,2026-06-10,1
audusd,wti,0.6360470354544534,1.0,0.05446697845767764,0.03537231664438122,0.649426820543506,560,0.03927133035175392,0.5007176037498882,0.9520515741319567,0.18301102358701385,2026-06-10,1
sp500,brlusd,1.0,1.0,0.07955977777234471,0.07571059641243012,0.951619003123302,660,2.0961978489777062e-07,0.519930449732571,0.37912988621716737,0.17826340949377628,2026-06-10,1
vix,brlusd,0.964637721021025,1.0,0.07444711725702381,0.06949425030620343,0.9334713400154779,620,1.550994278945626e-07,0.4926278918757027,0.21382551181320675,0.09590570493570151,2026-06-10,1
sp500,vix,0.9732577267317214,1.0,0.05380927423972178,0.052934488762087326,0.9837428493508895,640,0.010357139579018517,0.5028605502112031,0.19646946276206168,0.09375202525099817,2026-06-10,1
brent,wti,0.8454891210357828,0.7376047977094601,0.0677237459324847,0.07274484429719615,1.0741408836084922,620,0.0072540358797736175,0.48610888978436473,0.10844876319515906,0.033783217303771026,2026-06-10,1
audusd,us2y,0.0049902864217433495,1.0,0.009927729052009195,0.008086779653862801,0.8145649031614316,40,5.589368221485747e-05,0.552466845489316,0.6254922979652148,0.0012313972850009854,2026-06-10,1
us10y,cnyusd,0.013237683732505303,1.0,0.003755233473272076,0.0010032937518484786,0.26717213696283737,100,3.637829599062989e-08,0.4779682352700416,0.3299882266022641,0.00057830309492898,2026-06-10,1
pw_suez_canal_capacity_z,brlusd,0.011179958711606292,1.0,0.03173095148464925,0.02319856185205888,0.7311019924278616,80,8.179476256627003e-08,0.5582242768890886,0.13058864720331045,0.0005329384134557738,2026-06-10,1
brent,us10y,0.003342784158534813,1.0,0.04087419180937936,0.034872053999293794,0.8531558045703485,20,9.526109637754125e-06,0.39759815730182035,0.23458885524139264,0.00033298813774489133,2026-06-10,1
pw_suez_canal_n_total_z,henry_hub,0.021356297464869677,1.0,0.0048563476372051086,0.00016486385982740598,0.03394811742148824,140,0.00011369156606820156,0.5622340909004842,0.7553141850767678,0.00026148871536056027,2026-06-10,1
cnyusd,us10y,1.0,1.0,0.06550727995329307,0.0625081601368758,0.9542169997204027,660,-1.8927055141006042e-06,0.5126050172419003,-0.14168754456082366,0.0,2026-06-10,1
eurusd,krwusd,1.0,1.0,0.14505327600256246,0.13353883307670916,0.9206192149314167,660,-7.015018957602577e-07,0.47531152028589335,-0.8426692694483544,0.0,2026-06-10,1
eurusd,sp500,1.0,1.0,0.08994238654332047,0.08688554944348865,0.9660133868211347,660,-1.7090177873749996e-07,0.4491685775797642,-0.1633644621981622,0.0,2026-06-10,1
sp500,krwusd,1.0,1.0,0.2062949851171724,0.19301054337514592,0.9356046307452355,660,-1.2083805160595252e-06,0.4804849417163061,-1.1658735587460969,0.0,2026-06-10,1
us2y,krwusd,1.0,1.0,0.13195163935301682,0.10644847501674964,0.8067233991080832,660,-7.332730049448425e-07,0.4555328136777311,-1.290197996119544,0.0,2026-06-10,1
us2y,eurusd,1.0,0.997942274979101,0.06992537363430755,0.05931761392321597,0.8482988483326875,660,-6.683437541578216e-08,0.5020192011839323,-0.5551267954864649,0.0,2026-06-10,1
wti,brent,1.0,1.0,0.34107696490885187,0.2621313440200283,0.7685401565892299,660,-1.995586072709168e-05,0.5284217869558614,-0.2510228398183027,0.0,2026-06-10,1
pw_panama_canal_n_total_z,henry_hub,1.0,1.0,0.17348251254421646,0.10635709825747053,0.6130710046660334,660,-3.2028352999929836e-05,0.4757569240421424,-0.3607583338887747,0.0,2026-06-10,1
eurusd,vix,0.8340266792119266,1.0,0.06587595437163461,0.0666397097667838,1.0115938418264199,260,-0.009299598346618077,0.4649800017932195,-0.36287175805811106,0.0,2026-06-10,1
brent,vix,0.8263297853352534,1.0,0.06444398014679768,0.049938329261817495,0.7749106921711291,600,-0.0033659023820400346,0.44824224630374965,-0.11047321747870226,0.0,2026-06-10,1
cnyusd,us2y,0.810172118904215,1.0,0.05537054704738096,0.04784276516077528,0.864047182337496,640,-2.5681430802397035e-05,0.41441049682728354,-1.4735462814742524,0.0,2026-06-10,1
eurusd,wti,0.7781477110513652,1.0,0.07575298514258737,0.04615294657436198,0.6092558133186409,640,-0.07678263037516875,0.51942283889984,-1.1073593016403154,0.0,2026-06-10,1
brent,brlusd,0.7411911892801734,1.0,0.053896980418756596,0.05311159522794848,0.9854280298319867,580,-6.324550671771936e-07,0.46599166103597955,-1.6250521851888242,0.0,2026-06-10,1
brlusd,wti,0.5312292648776284,1.0,0.04874537823743744,0.032501089289527246,0.666752222769004,580,-0.004181240527719272,0.5043725286730316,-0.47424713258259715,0.0,2026-06-10,1
brlusd,us2y,0.5118901762371286,1.0,0.05133160825546059,0.047584887536808104,0.9270094811756864,500,-4.522506760364095e-05,0.48465639009186096,-1.699077915112146,0.0,2026-06-10,1
eurusd,audusd,0.40048146372852916,0.9948618720034098,0.04860519213797534,0.040922168877509976,0.841929988906214,240,-3.016117697998544e-07,0.4497497901773865,-1.5597315060212789,0.0,2026-06-10,1
krwusd,cnyusd,0.301850422454692,0.7359150153454567,0.039859737992751026,0.027551361498677106,0.6912077922761974,200,-4.343826480991409e-09,0.45186214766512034,-0.17582007489355544,0.0,2026-06-10,1
pw_malacca_strait_capacity_z,us2y,0.26175677303495787,1.0,0.04538260263441183,0.034424388660011004,0.7585371191097876,220,-1.3873237644268084e-05,0.4957758601005811,-0.44167783356842116,0.0,2026-06-10,1
wti,sp500,0.16597332078807345,1.0,0.041824919312739225,0.03193380684519518,0.7635114991236489,400,-3.735214891624381e-07,0.4765329065579127,-0.5083529669425904,0.0,2026-06-10,1
brlusd,audusd,0.12615479323051487,0.8647473010856317,0.032599266897358654,0.022662560540255425,0.6951862019354691,360,-2.4706530461498855e-07,0.4646009874176552,-1.3104425057003666,0.0,2026-06-10,1
pw_cape_of_good_hope_capacity_z,henry_hub,0.12615479323051487,1.0,0.020876387532445688,0.0,0.0,360,0.00017546136719676425,0.546468177601362,1.7580883121638515,0.0,2026-06-10,1
brlusd,brent,0.10276121095990332,1.0,0.042680965401743924,0.03776529326207902,0.8848275315847458,280,-4.2116472229415585e-06,0.4589110050765753,-1.2777087686787956,0.0,2026-06-10,1
pw_cape_of_good_hope_n_total_z,henry_hub,0.09395049937293526,0.6395406756291061,0.03484660005526208,0.021517835611012948,0.6175017240387446,260,-8.978657676589764e-05,0.48749455520286167,-0.7772999451635217,0.0,2026-06-10,1
us10y,eurusd,0.0827264841060476,0.9158390659489278,0.022449934547056828,0.015068951076690429,0.6712247220634306,300,-8.020490592338173e-08,0.4734246808016396,-0.5115521853486397,0.0,2026-06-10,1
pw_bab_el_mandeb_strait_n_total_z,henry_hub,0.07823587378736926,1.0,0.021512986955434504,0.012446061942670136,0.5785371398426881,200,-3.00228572673893e-05,0.5204348386330874,-0.4569495873202387,0.0,2026-06-10,1
us10y,krwusd,0.07576414593292145,1.0,0.008025120170800608,0.0,0.0,240,-2.1877647340652713e-07,0.4319774877759927,-0.9936921796839672,0.0,2026-06-10,1
us2y,wti,0.07152595757985566,1.0,0.028742584936121522,0.0,0.0,280,-0.014120907735312306,0.4591868888635627,-0.6878765053746138,0.0,2026-06-10,1
us10y,us2y,0.07152595757985566,1.0,0.03380033696376021,0.025873246442140004,0.7654730327061705,280,-1.8103258094353634e-05,0.5089496683753804,-0.43903356748732,0.0,2026-06-10,1
pw_cape_of_good_hope_capacity_z,brent,0.07152595757985566,1.0,0.04647664079377251,0.04624648837054038,0.995047997890954,280,-1.1065877589067673e-05,0.3804596914312197,-2.201709290124808,0.0,2026-06-10,1
henry_hub,krwusd,0.06336786697305834,1.0,0.02077983272519723,0.011006963405852279,0.5296945144560978,160,-1.6762534007269402e-07,0.4681133454611047,-0.6405786902307204,0.0,2026-06-10,1
sp500,wti,0.05962738010691816,1.0,0.032158647185386406,0.024137414995690918,0.75057308401516,240,-0.003936784432050445,0.5202623829233483,-0.28423382124155283,0.0,2026-06-10,1
eurusd,us2y,0.057645182586065796,1.0,0.01059373316172366,0.0,0.0,240,-1.879709351158531e-05,0.47318396913689387,-0.72932387254078,0.0,2026-06-10,1
us10y,sp500,0.03899542213895802,1.0,0.037518694058759586,0.030893152833447002,0.8234069337558485,160,-1.2885632983144753e-06,0.5106106426540943,-1.428768184775852,0.0,2026-06-10,1
krwusd,us2y,0.03778060802227479,1.0,0.022880729160517314,0.02265989982593469,0.9903486758208876,200,-8.48096020579137e-06,0.5325201950507706,-0.15635574678328343,0.0,2026-06-10,1
henry_hub,cnyusd,0.029634942212144088,1.0,0.034603773652482406,0.027951029928000297,0.807745138108518,140,-5.873776065020761e-08,0.59461895372365,-0.45909481403454466,0.0,2026-06-10,1
henry_hub,brlusd,0.01706277626541122,0.5799114645855681,0.006785269875906929,0.003212615514228007,0.4734690842047906,120,-2.3061994697984667e-06,0.5154017189945581,-1.4854727841034772,0.0,2026-06-10,1
pw_strait_of_hormuz_capacity_z,brent,0.014154020106846339,1.0,0.03928186737737398,0.047375485324851356,1.2060395415962133,60,-5.185965165730866e-06,0.4021796722530998,-0.6948023036075388,0.0,2026-06-10,1
pw_malacca_strait_n_total_z,henry_hub,0.011200526526191941,1.0,0.011629861434122733,0.004989519745272562,0.42902658587427384,20,-3.062691899390058e-05,0.35004644165153453,-0.7627869741194292,0.0,2026-06-10,1
audusd,sp500,0.006962338173126151,1.0,0.008065515651094118,0.0,0.0,60,-1.6194545141643423e-06,0.45279913005450234,-1.2702065892735916,0.0,2026-06-10,1
us2y,us10y,0.006962338173126151,1.0,0.012583466180790938,0.015593673909906867,1.239219280750411,60,-1.646551722952267e-05,0.4995511033149797,-0.36150803986969987,0.0,2026-06-10,1
pw_cape_of_good_hope_n_total_z,brlusd,0.005400509179433825,1.0,0.011770496182880726,0.005366756152549656,0.45594986559319284,40,-1.7171219210588402e-06,0.33295839484824813,-1.3696789788072143,0.0,2026-06-10,1
krwusd,vix,0.0049902864217433495,1.0,0.008743863268132661,0.00679634651675355,0.7772704476662038,40,-0.050968838983727706,0.2993842190935326,-2.0392539999192287,0.0,2026-06-10,1
cnyusd,wti,0.003342784158534813,1.0,0.011723035721231146,0.0060902198775989675,0.5195087708015085,20,-0.026350855717256136,0.4432619032366697,-1.2536483129621636,0.0,2026-06-10,1
audusd,vix,0.002057725020899011,1.0,0.005891716181061328,0.0,0.0,20,-0.11408765609220194,0.35232384763291386,-1.8520756717413662,0.0,2026-06-10,1
brlusd,cnyusd,0.002057725020899011,1.0,0.011265197645369903,0.007096134948974926,0.6299165955505007,20,-2.7076723537118737e-09,0.5031297473171652,-0.02698347389077962,0.0,2026-06-10,1
pw_bab_el_mandeb_strait_capacity_z,cnyusd,0.002057725020899011,1.0,0.0026821482445204253,0.0,0.0,20,-8.0525182511988e-07,0.29832181352035564,-2.2556042702273817,0.0,2026-06-10,1
pw_bab_el_mandeb_strait_n_total_z,cnyusd,0.002057725020899011,1.0,0.007750111602369064,0.0027799690916461605,0.35870052384747286,20,-6.296462030138999e-07,0.2507153160886358,-2.7206532902336567,0.0,2026-06-10,1
audusd,brlusd,0.0,,0.0066963050756507865,0.005740074560296483,0.8572002761894221,0,,,,0.0,2026-06-10,1
audusd,cnyusd,0.0,,0.00041216305598864997,0.0,0.0,0,,,,0.0,2026-06-10,1
audusd,krwusd,0.0,,0.02634789726143117,0.0280008582689693,1.0627359743791693,0,,,,0.0,2026-06-10,1
audusd,us10y,0.0,,0.005246182090477802,0.003077786525843827,0.5866716924351961,0,,,,0.0,2026-06-10,1
audusd,brent,0.0,,0.0016650299188018343,0.0,0.0,0,,,,0.0,2026-06-10,1
audusd,henry_hub,0.0,,0.007769324648767013,0.0,0.0,0,,,,0.0,2026-06-10,1
brlusd,krwusd,0.0,,0.011950452780104093,0.0025752780036933914,0.21549627039913377,0,,,,0.0,2026-06-10,1
brlusd,eurusd,0.0,,0.002162567857987552,0.0,0.0,0,,,,0.0,2026-06-10,1
brlusd,sp500,0.0,,0.01871804615868545,0.01940533414107149,1.036717933942434,0,,,,0.0,2026-06-10,1
brlusd,vix,0.0,,0.02004744554298584,0.019186110050253398,0.9570351498955035,0,,,,0.0,2026-06-10,1
brlusd,us10y,0.0,,0.02200952949920515,0.01764742248751424,0.8018082571075206,0,,,,0.0,2026-06-10,1
brlusd,henry_hub,0.0,,0.0016364955546447697,0.0010928300463400994,0.6677867490922195,0,,,,0.0,2026-06-10,1
cnyusd,audusd,0.0,,0.005940510216653466,0.0032874963101588908,0.5534030226802426,0,,,,0.0,2026-06-10,1
cnyusd,brlusd,0.0,,0.024042713021621805,0.018359944394490527,0.763638628385211,0,,,,0.0,2026-06-10,1
cnyusd,krwusd,0.0,,0.0007576628301531458,0.0,0.0,0,,,,0.0,2026-06-10,1
cnyusd,eurusd,0.0,,0.0018457118557222236,0.0,0.0,0,,,,0.0,2026-06-10,1
cnyusd,sp500,0.0,,0.0046311952546331985,0.0036391689906102287,0.7857947658262704,0,,,,0.0,2026-06-10,1
cnyusd,vix,0.0,,0.013523723100149997,0.007820932669008213,0.5783120972745639,0,,,,0.0,2026-06-10,1
cnyusd,brent,0.0,,0.00037720548310594547,0.0,0.0,0,,,,0.0,2026-06-10,1
cnyusd,henry_hub,0.0,,0.001010505758651427,0.0,0.0,0,,,,0.0,2026-06-10,1
krwusd,audusd,0.0,,0.0037204244102398572,0.0,0.0,0,,,,0.0,2026-06-10,1
krwusd,brlusd,0.0,,7.872223015603827e-07,0.0,0.0,0,,,,0.0,2026-06-10,1
krwusd,eurusd,0.0,,0.01654895537883589,0.015826159605353593,0.9563237825629365,0,,,,0.0,2026-06-10,1
krwusd,sp500,0.0,,0.004152334834482189,0.0,0.0,0,,,,0.0,2026-06-10,1
krwusd,us10y,0.0,,0.0009516697032825386,0.00023417299710374052,0.24606541145107522,0,,,,0.0,2026-06-10,1
krwusd,wti,0.0,,5.184540609668843e-05,0.0,0.0,0,,,,0.0,2026-06-10,1
krwusd,brent,0.0,,0.00015655032255166947,0.0,0.0,0,,,,0.0,2026-06-10,1
krwusd,henry_hub,0.0,,0.0014107355478570947,0.002486577634474759,1.7626107446231627,0,,,,0.0,2026-06-10,1
eurusd,brlusd,0.0,,0.017540716078416296,0.01248773042045501,0.7119281997740706,0,,,,0.0,2026-06-10,1
eurusd,cnyusd,0.0,,0.00040852206048940285,0.0,0.0,0,,,,0.0,2026-06-10,1
eurusd,us10y,0.0,,0.004058200644982013,0.0,0.0,0,,,,0.0,2026-06-10,1
eurusd,brent,0.0,,0.02805393889581474,0.01884944194166954,0.6719000141716861,0,,,,0.0,2026-06-10,1
eurusd,henry_hub,0.0,,0.00470845011326674,0.004881338375149622,1.0367187201146604,0,,,,0.0,2026-06-10,1
sp500,us2y,0.0,,0.00047471123921134263,0.0,0.0,0,,,,0.0,2026-06-10,1
sp500,us10y,0.0,,0.01247082303065088,0.007167023259607421,0.5747033088347304,0,,,,0.0,2026-06-10,1
sp500,brent,0.0,,0.004022649746060197,0.0008611381715169044,0.21407237166504675,0,,,,0.0,2026-06-10,1
sp500,henry_hub,0.0,,8.565796343723468e-05,0.0,0.0,0,,,,0.0,2026-06-10,1
vix,cnyusd,0.0,,0.0,0.0,0.0,0,,,,0.0,2026-06-10,1
vix,krwusd,0.0,,0.00720970052599726,0.003027117039075369,0.41986723694832695,0,,,,0.0,2026-06-10,1
vix,eurusd,0.0,,0.0009367232593593846,0.0,0.0,0,,,,0.0,2026-06-10,1
vix,sp500,0.0,,0.004696783620441531,0.0028180107571388123,0.5999873498268373,0,,,,0.0,2026-06-10,1
vix,us2y,0.0,,0.017888317719859412,0.010600660322320495,0.5926024173056675,0,,,,0.0,2026-06-10,1
vix,us10y,0.0,,0.017919255314254316,0.017895225803298092,0.9986590117426861,0,,,,0.0,2026-06-10,1
vix,wti,0.0,,0.0070634783046617565,0.017801333711645204,2.520193726637013,0,,,,0.0,2026-06-10,1
vix,brent,0.0,,2.782141035887708e-05,0.0,0.0,0,,,,0.0,2026-06-10,1
vix,henry_hub,0.0,,0.025791713386812375,0.026584426569085304,1.0307351888718743,0,,,,0.0,2026-06-10,1
us2y,audusd,0.0,,0.017923343455541967,0.008625871456426642,0.481264641154856,0,,,,0.0,2026-06-10,1
us2y,brlusd,0.0,,0.01792260882678279,0.015506407849455235,0.8651869825046403,0,,,,0.0,2026-06-10,1
us2y,sp500,0.0,,0.013400320412969987,0.02121008228395318,1.5828041144019385,0,,,,0.0,2026-06-10,1
us2y,vix,0.0,,0.0002095950934572008,0.0,0.0,0,,,,0.0,2026-06-10,1
us2y,brent,0.0,,0.0011242008446065905,0.0,0.0,0,,,,0.0,2026-06-10,1
us2y,henry_hub,0.0,,0.005432291840915651,0.0,0.0,0,,,,0.0,2026-06-10,1
us10y,audusd,0.0,,0.001542919257692471,0.0,0.0,0,,,,0.0,2026-06-10,1
us10y,brlusd,0.0,,0.004458416567644167,0.0,0.0,0,,,,0.0,2026-06-10,1
us10y,vix,0.0,,0.018621035204696046,0.007551512846308746,0.40553668275136107,0,,,,0.0,2026-06-10,1
us10y,wti,0.0,,0.0009290586034986075,0.004284114763002148,4.611242764309183,0,,,,0.0,2026-06-10,1
us10y,brent,0.0,,0.0034532424674502795,0.0,0.0,0,,,,0.0,2026-06-10,1
us10y,henry_hub,0.0,,0.0,0.0,0.0,0,,,,0.0,2026-06-10,1
wti,audusd,0.0,,0.023326176754638196,0.02496834888800437,1.0704003982581347,0,,,,0.0,2026-06-10,1
wti,brlusd,0.0,,0.008816044713581729,0.0,0.0,0,,,,0.0,2026-06-10,1
wti,cnyusd,0.0,,0.006056140217854419,0.0,0.0,0,,,,0.0,2026-06-10,1
wti,krwusd,0.0,,0.0,0.0,0.0,0,,,,0.0,2026-06-10,1
wti,eurusd,0.0,,9.172052530989134e-06,0.0,0.0,0,,,,0.0,2026-06-10,1
wti,vix,0.0,,0.01115344061038788,0.0010479798901888314,0.0939602340476699,0,,,,0.0,2026-06-10,1
wti,us2y,0.0,,0.0010234795859032032,0.0,0.0,0,,,,0.0,2026-06-10,1
wti,us10y,0.0,,0.009034839894807793,0.0,0.0,0,,,,0.0,2026-06-10,1
wti,henry_hub,0.0,,2.5683254854051587e-05,0.0,0.0,0,,,,0.0,2026-06-10,1
brent,audusd,0.0,,0.007031619727990579,0.0037281428343526168,0.5301968790365752,0,,,,0.0,2026-06-10,1
brent,cnyusd,0.0,,0.012060003726888863,0.009381996462179736,0.7779430814985347,0,,,,0.0,2026-06-10,1
brent,krwusd,0.0,,0.009971984117124473,0.019088813547146886,1.914244279066436,0,,,,0.0,2026-06-10,1
brent,eurusd,0.0,,0.002314082069624917,0.000554086856945137,0.23944131637256383,0,,,,0.0,2026-06-10,1
brent,sp500,0.0,,0.02694540946584576,0.02737581768008232,1.015973341016848,0,,,,0.0,2026-06-10,1
brent,us2y,0.0,,0.0,0.0,0.0,0,,,,0.0,2026-06-10,1
brent,henry_hub,0.0,,1.5814177083841366e-05,0.0,0.0,0,,,,0.0,2026-06-10,1
henry_hub,audusd,0.0,,0.000382696004966565,0.0,0.0,0,,,,0.0,2026-06-10,1
henry_hub,eurusd,0.0,,0.0007907504743787348,0.0012854110014638887,1.625558305828133,0,,,,0.0,2026-06-10,1
henry_hub,sp500,0.0,,0.007487168469916967,0.014734838667622437,1.9680121699980722,0,,,,0.0,2026-06-10,1
henry_hub,vix,0.0,,0.013927088807262742,0.01696999863820439,1.2184885781265946,0,,,,0.0,2026-06-10,1
henry_hub,us2y,0.0,,0.006114987445514293,0.0,0.0,0,,,,0.0,2026-06-10,1
henry_hub,us10y,0.0,,3.587383145719173e-06,0.0,0.0,0,,,,0.0,2026-06-10,1
henry_hub,wti,0.0,,0.00021071134519941979,0.0,0.0,0,,,,0.0,2026-06-10,1
henry_hub,brent,0.0,,0.00043020534301874965,0.0,0.0,0,,,,0.0,2026-06-10,1
pw_bab_el_mandeb_strait_capacity_z,audusd,0.0,,0.00048098634646168923,0.0,0.0,0,,,,0.0,2026-06-10,1
pw_bab_el_mandeb_strait_capacity_z,brlusd,0.0,,0.00012399522560817573,0.0,0.0,0,,,,0.0,2026-06-10,1
pw_bab_el_mandeb_strait_capacity_z,krwusd,0.0,,4.547972903531065e-06,0.0,0.0,0,,,,0.0,2026-06-10,1
pw_bab_el_mandeb_strait_capacity_z,eurusd,0.0,,0.00580444072762288,0.0013849796469399234,0.23860690666525608,0,,,,0.0,2026-06-10,1
pw_bab_el_mandeb_strait_capacity_z,sp500,0.0,,0.00022281484652159577,0.0,0.0,0,,,,0.0,2026-06-10,1
pw_bab_el_mandeb_strait_capacity_z,vix,0.0,,1.3369509531694442e-05,0.0,0.0,0,,,,0.0,2026-06-10,1
pw_bab_el_mandeb_strait_capacity_z,us2y,0.0,,3.002912697542541e-05,0.0,0.0,0,,,,0.0,2026-06-10,1
pw_bab_el_mandeb_strait_capacity_z,us10y,0.0,,0.0,0.0,0.0,0,,,,0.0,2026-06-10,1
pw_bab_el_mandeb_strait_capacity_z,wti,0.0,,0.0,0.0,0.0,0,,,,0.0,2026-06-10,1
pw_bab_el_mandeb_strait_capacity_z,brent,0.0,,0.0,0.0,0.0,0,,,,0.0,2026-06-10,1
pw_bab_el_mandeb_strait_capacity_z,henry_hub,0.0,,0.010894523246655768,0.0,0.0,0,,,,0.0,2026-06-10,1
pw_bab_el_mandeb_strait_n_total_z,audusd,0.0,,0.00022902724681251826,0.0,0.0,0,,,,0.0,2026-06-10,1
pw_bab_el_mandeb_strait_n_total_z,brlusd,0.0,,0.0008027953667131055,0.0,0.0,0,,,,0.0,2026-06-10,1
pw_bab_el_mandeb_strait_n_total_z,krwusd,0.0,,1.1507887419747217e-05,0.0,0.0,0,,,,0.0,2026-06-10,1
pw_bab_el_mandeb_strait_n_total_z,eurusd,0.0,,5.872620162907714e-05,0.0,0.0,0,,,,0.0,2026-06-10,1
pw_bab_el_mandeb_strait_n_total_z,sp500,0.0,,0.006140996777855539,0.005832567958357802,0.9497754467792701,0,,,,0.0,2026-06-10,1
pw_bab_el_mandeb_strait_n_total_z,vix,0.0,,0.0,0.0,0.0,0,,,,0.0,2026-06-10,1
pw_bab_el_mandeb_strait_n_total_z,us2y,0.0,,0.0,0.0,0.0,0,,,,0.0,2026-06-10,1
pw_bab_el_mandeb_strait_n_total_z,us10y,0.0,,0.011122428371980728,0.007763034984108467,0.6979622367058673,0,,,,0.0,2026-06-10,1
pw_bab_el_mandeb_strait_n_total_z,wti,0.0,,0.0,0.0,0.0,0,,,,0.0,2026-06-10,1
pw_bab_el_mandeb_strait_n_total_z,brent,0.0,,0.0002457254831906371,0.0,0.0,0,,,,0.0,2026-06-10,1
pw_cape_of_good_hope_capacity_z,audusd,0.0,,1.5117633429943134e-05,0.0,0.0,0,,,,0.0,2026-06-10,1
pw_cape_of_good_hope_capacity_z,brlusd,0.0,,5.879655153715684e-05,0.0,0.0,0,,,,0.0,2026-06-10,1
pw_cape_of_good_hope_capacity_z,cnyusd,0.0,,0.002083273542344133,7.344991540839096e-05,0.03525697125963781,0,,,,0.0,2026-06-10,1
pw_cape_of_good_hope_capacity_z,krwusd,0.0,,1.3189188012580524e-05,0.0,0.0,0,,,,0.0,2026-06-10,1
pw_cape_of_good_hope_capacity_z,eurusd,0.0,,0.0002013336298364585,0.0,0.0,0,,,,0.0,2026-06-10,1
pw_cape_of_good_hope_capacity_z,sp500,0.0,,0.008003193890420566,0.0,0.0,0,,,,0.0,2026-06-10,1
pw_cape_of_good_hope_capacity_z,vix,0.0,,0.002546560598310846,0.0,0.0,0,,,,0.0,2026-06-10,1
pw_cape_of_good_hope_capacity_z,us2y,0.0,,0.003632036528726183,0.0047524129716490435,1.308470587798795,0,,,,0.0,2026-06-10,1
pw_cape_of_good_hope_capacity_z,us10y,0.0,,0.0009995952056705561,0.00041349266821040574,0.4136601154794689,0,,,,0.0,2026-06-10,1
pw_cape_of_good_hope_capacity_z,wti,0.0,,0.008402183631839066,0.007878826497809745,0.9377117714916249,0,,,,0.0,2026-06-10,1
pw_cape_of_good_hope_n_total_z,audusd,0.0,,6.878966151075623e-05,0.0,0.0,0,,,,0.0,2026-06-10,1
pw_cape_of_good_hope_n_total_z,cnyusd,0.0,,1.3634932375887606e-05,0.0,0.0,0,,,,0.0,2026-06-10,1
pw_cape_of_good_hope_n_total_z,krwusd,0.0,,4.15043279607719e-07,0.0,0.0,0,,,,0.0,2026-06-10,1
pw_cape_of_good_hope_n_total_z,eurusd,0.0,,0.0007124664967892945,0.0,0.0,0,,,,0.0,2026-06-10,1
pw_cape_of_good_hope_n_total_z,sp500,0.0,,1.1827784922276922e-06,0.0,0.0,0,,,,0.0,2026-06-10,1
pw_cape_of_good_hope_n_total_z,vix,0.0,,0.0,0.0,0.0,0,,,,0.0,2026-06-10,1
pw_cape_of_good_hope_n_total_z,us2y,0.0,,0.0028015074819967727,0.0,0.0,0,,,,0.0,2026-06-10,1
pw_cape_of_good_hope_n_total_z,us10y,0.0,,0.005016169586219215,0.0,0.0,0,,,,0.0,2026-06-10,1
pw_cape_of_good_hope_n_total_z,wti,0.0,,0.00010101245669386746,0.0,0.0,0,,,,0.0,2026-06-10,1
pw_cape_of_good_hope_n_total_z,brent,0.0,,0.00011063003449658422,0.0,0.0,0,,,,0.0,2026-06-10,1
pw_malacca_strait_capacity_z,audusd,0.0,,0.0,0.0,0.0,0,,,,0.0,2026-06-10,1
pw_malacca_strait_capacity_z,brlusd,0.0,,0.00690188859548989,0.0,0.0,0,,,,0.0,2026-06-10,1
pw_malacca_strait_capacity_z,cnyusd,0.0,,8.768106488018467e-05,0.0,0.0,0,,,,0.0,2026-06-10,1
pw_malacca_strait_capacity_z,krwusd,0.0,,0.0023916441412859184,0.0008605152486020023,0.3598007051915876,0,,,,0.0,2026-06-10,1
pw_malacca_strait_capacity_z,eurusd,0.0,,0.00022962836061920814,0.0,0.0,0,,,,0.0,2026-06-10,1
pw_malacca_strait_capacity_z,sp500,0.0,,0.0,0.0,0.0,0,,,,0.0,2026-06-10,1
pw_malacca_strait_capacity_z,vix,0.0,,6.511326323222871e-05,0.0,0.0,0,,,,0.0,2026-06-10,1
pw_malacca_strait_capacity_z,us10y,0.0,,0.0,0.0,0.0,0,,,,0.0,2026-06-10,1
pw_malacca_strait_capacity_z,wti,0.0,,0.0,0.0,0.0,0,,,,0.0,2026-06-10,1
pw_malacca_strait_capacity_z,brent,0.0,,0.0,0.0,0.0,0,,,,0.0,2026-06-10,1
pw_malacca_strait_capacity_z,henry_hub,0.0,,0.0,0.0,0.0,0,,,,0.0,2026-06-10,1
pw_malacca_strait_n_total_z,audusd,0.0,,0.0006631182380765794,0.0,0.0,0,,,,0.0,2026-06-10,1
pw_malacca_strait_n_total_z,brlusd,0.0,,0.002355940437748397,0.008855327283835953,3.7587229040047823,0,,,,0.0,2026-06-10,1
pw_malacca_strait_n_total_z,cnyusd,0.0,,0.0024724079555509073,0.0,0.0,0,,,,0.0,2026-06-10,1
pw_malacca_strait_n_total_z,krwusd,0.0,,0.0,0.0,0.0,0,,,,0.0,2026-06-10,1
pw_malacca_strait_n_total_z,eurusd,0.0,,0.0060606210283599676,0.0,0.0,0,,,,0.0,2026-06-10,1
pw_malacca_strait_n_total_z,sp500,0.0,,0.0023353166869586385,0.00334528049578729,1.432474025672279,0,,,,0.0,2026-06-10,1
pw_malacca_strait_n_total_z,vix,0.0,,0.0,0.0,0.0,0,,,,0.0,2026-06-10,1
pw_malacca_strait_n_total_z,us2y,0.0,,6.278874311641035e-05,0.0,0.0,0,,,,0.0,2026-06-10,1
pw_malacca_strait_n_total_z,us10y,0.0,,0.010734689119389901,0.0030661008417743898,0.28562549019106104,0,,,,0.0,2026-06-10,1
pw_malacca_strait_n_total_z,wti,0.0,,0.0,0.0,0.0,0,,,,0.0,2026-06-10,1
pw_malacca_strait_n_total_z,brent,0.0,,0.0006609928585803355,0.0,0.0,0,,,,0.0,2026-06-10,1
pw_panama_canal_capacity_z,audusd,0.0,,3.7880989103854134e-06,0.0,0.0,0,,,,0.0,2026-06-10,1
pw_panama_canal_capacity_z,brlusd,0.0,,0.0,0.0,0.0,0,,,,0.0,2026-06-10,1
pw_panama_canal_capacity_z,cnyusd,0.0,,0.000376083814361588,0.0,0.0,0,,,,0.0,2026-06-10,1
pw_panama_canal_capacity_z,krwusd,0.0,,0.0007858037515155215,0.0007934147257751751,1.0096855916569178,0,,,,0.0,2026-06-10,1
pw_panama_canal_capacity_z,eurusd,0.0,,0.0,0.0,0.0,0,,,,0.0,2026-06-10,1
pw_panama_canal_capacity_z,sp500,0.0,,0.0020787636148659056,0.0,0.0,0,,,,0.0,2026-06-10,1
pw_panama_canal_capacity_z,vix,0.0,,0.002735158373045309,0.0,0.0,0,,,,0.0,2026-06-10,1
pw_panama_canal_capacity_z,us2y,0.0,,0.0,0.0,0.0,0,,,,0.0,2026-06-10,1
pw_panama_canal_capacity_z,us10y,0.0,,0.0,0.0,0.0,0,,,,0.0,2026-06-10,1
pw_panama_canal_capacity_z,wti,0.0,,0.0,0.0,0.0,0,,,,0.0,2026-06-10,1
pw_panama_canal_capacity_z,brent,0.0,,1.2553592092959594e-05,0.0,0.0,0,,,,0.0,2026-06-10,1
pw_panama_canal_capacity_z,henry_hub,0.0,,0.0007477902009339997,0.0,0.0,0,,,,0.0,2026-06-10,1
pw_panama_canal_n_total_z,audusd,0.0,,0.0034565245784893488,0.007670568568218751,2.2191563792007294,0,,,,0.0,2026-06-10,1
pw_panama_canal_n_total_z,brlusd,0.0,,0.0,0.0,0.0,0,,,,0.0,2026-06-10,1
pw_panama_canal_n_total_z,cnyusd,0.0,,5.034235018655031e-06,0.0,0.0,0,,,,0.0,2026-06-10,1
pw_panama_canal_n_total_z,krwusd,0.0,,0.0,0.0,0.0,0,,,,0.0,2026-06-10,1
pw_panama_canal_n_total_z,eurusd,0.0,,7.790581514194972e-06,0.0,0.0,0,,,,0.0,2026-06-10,1
pw_panama_canal_n_total_z,sp500,0.0,,0.00014332383118871494,0.0,0.0,0,,,,0.0,2026-06-10,1
pw_panama_canal_n_total_z,vix,0.0,,0.0,0.0,0.0,0,,,,0.0,2026-06-10,1
pw_panama_canal_n_total_z,us2y,0.0,,0.0001621379617941478,0.0,0.0,0,,,,0.0,2026-06-10,1
pw_panama_canal_n_total_z,us10y,0.0,,0.0001722832813492656,0.0,0.0,0,,,,0.0,2026-06-10,1
pw_panama_canal_n_total_z,wti,0.0,,0.0,0.0,0.0,0,,,,0.0,2026-06-10,1
pw_panama_canal_n_total_z,brent,0.0,,1.5276503559177765e-05,0.0,0.0,0,,,,0.0,2026-06-10,1
pw_strait_of_hormuz_capacity_z,audusd,0.0,,0.007676838086752202,0.004987001578794873,0.6496166159086855,0,,,,0.0,2026-06-10,1
pw_strait_of_hormuz_capacity_z,brlusd,0.0,,0.0,0.0,0.0,0,,,,0.0,2026-06-10,1
pw_strait_of_hormuz_capacity_z,cnyusd,0.0,,0.0,0.0,0.0,0,,,,0.0,2026-06-10,1
pw_strait_of_hormuz_capacity_z,krwusd,0.0,,0.003697598450518128,0.0,0.0,0,,,,0.0,2026-06-10,1
pw_strait_of_hormuz_capacity_z,eurusd,0.0,,0.0009536957281500944,0.0,0.0,0,,,,0.0,2026-06-10,1
pw_strait_of_hormuz_capacity_z,sp500,0.0,,0.0,0.0,0.0,0,,,,0.0,2026-06-10,1
pw_strait_of_hormuz_capacity_z,vix,0.0,,0.0032919613523760298,0.0,0.0,0,,,,0.0,2026-06-10,1
pw_strait_of_hormuz_capacity_z,us2y,0.0,,8.836125881703196e-05,0.0,0.0,0,,,,0.0,2026-06-10,1
pw_strait_of_hormuz_capacity_z,us10y,0.0,,0.00017479962791997565,0.0,0.0,0,,,,0.0,2026-06-10,1
pw_strait_of_hormuz_capacity_z,wti,0.0,,0.017346118619950827,0.01777856643902864,1.0249305235685653,0,,,,0.0,2026-06-10,1
pw_strait_of_hormuz_capacity_z,henry_hub,0.0,,0.0004017351679131344,0.0,0.0,0,,,,0.0,2026-06-10,1
pw_strait_of_hormuz_n_total_z,audusd,0.0,,4.401094113007645e-05,0.0,0.0,0,,,,0.0,2026-06-10,1
pw_strait_of_hormuz_n_total_z,brlusd,0.0,,0.008716621198025395,0.0,0.0,0,,,,0.0,2026-06-10,1
pw_strait_of_hormuz_n_total_z,cnyusd,0.0,,0.0,0.0,0.0,0,,,,0.0,2026-06-10,1
pw_strait_of_hormuz_n_total_z,krwusd,0.0,,0.00010096511160705947,0.0,0.0,0,,,,0.0,2026-06-10,1
pw_strait_of_hormuz_n_total_z,eurusd,0.0,,0.0,0.0,0.0,0,,,,0.0,2026-06-10,1
pw_strait_of_hormuz_n_total_z,sp500,0.0,,0.0,0.0,0.0,0,,,,0.0,2026-06-10,1
pw_strait_of_hormuz_n_total_z,vix,0.0,,0.0,0.0,0.0,0,,,,0.0,2026-06-10,1
pw_strait_of_hormuz_n_total_z,us2y,0.0,,0.0,0.0,0.0,0,,,,0.0,2026-06-10,1
pw_strait_of_hormuz_n_total_z,us10y,0.0,,0.004478180850985599,0.0,0.0,0,,,,0.0,2026-06-10,1
pw_strait_of_hormuz_n_total_z,wti,0.0,,0.0,0.0,0.0,0,,,,0.0,2026-06-10,1
pw_strait_of_hormuz_n_total_z,brent,0.0,,0.0002810149200758555,0.0,0.0,0,,,,0.0,2026-06-10,1
pw_strait_of_hormuz_n_total_z,henry_hub,0.0,,0.01062896802842551,0.015464931737083536,1.4549796081543382,0,,,,0.0,2026-06-10,1
pw_suez_canal_capacity_z,audusd,0.0,,0.0,0.0,0.0,0,,,,0.0,2026-06-10,1
pw_suez_canal_capacity_z,cnyusd,0.0,,0.0,0.0,0.0,0,,,,0.0,2026-06-10,1
pw_suez_canal_capacity_z,krwusd,0.0,,0.0,0.0,0.0,0,,,,0.0,2026-06-10,1
pw_suez_canal_capacity_z,eurusd,0.0,,9.936419503383547e-05,0.0,0.0,0,,,,0.0,2026-06-10,1
pw_suez_canal_capacity_z,sp500,0.0,,0.0,0.0,0.0,0,,,,0.0,2026-06-10,1
pw_suez_canal_capacity_z,vix,0.0,,0.0,0.0,0.0,0,,,,0.0,2026-06-10,1
pw_suez_canal_capacity_z,us2y,0.0,,0.0,0.0,0.0,0,,,,0.0,2026-06-10,1
pw_suez_canal_capacity_z,us10y,0.0,,0.0002559861550916243,0.0,0.0,0,,,,0.0,2026-06-10,1
pw_suez_canal_capacity_z,wti,0.0,,8.00620307550795e-06,0.0,0.0,0,,,,0.0,2026-06-10,1
pw_suez_canal_capacity_z,brent,0.0,,0.0,0.0,0.0,0,,,,0.0,2026-06-10,1
pw_suez_canal_capacity_z,henry_hub,0.0,,0.0,0.0,0.0,0,,,,0.0,2026-06-10,1
pw_suez_canal_n_total_z,audusd,0.0,,1.022962586099325e-05,0.0,0.0,0,,,,0.0,2026-06-10,1
pw_suez_canal_n_total_z,brlusd,0.0,,0.0,0.0,0.0,0,,,,0.0,2026-06-10,1
pw_suez_canal_n_total_z,cnyusd,0.0,,0.0,0.0,0.0,0,,,,0.0,2026-06-10,1
pw_suez_canal_n_total_z,krwusd,0.0,,0.0,0.0,0.0,0,,,,0.0,2026-06-10,1
pw_suez_canal_n_total_z,eurusd,0.0,,0.0,0.0,0.0,0,,,,0.0,2026-06-10,1
pw_suez_canal_n_total_z,sp500,0.0,,0.0,0.0,0.0,0,,,,0.0,2026-06-10,1
pw_suez_canal_n_total_z,vix,0.0,,0.00046827930878823174,0.0,0.0,0,,,,0.0,2026-06-10,1
pw_suez_canal_n_total_z,us2y,0.0,,0.0,0.0,0.0,0,,,,0.0,2026-06-10,1
pw_suez_canal_n_total_z,us10y,0.0,,0.0,0.0,0.0,0,,,,0.0,2026-06-10,1
pw_suez_canal_n_total_z,wti,0.0,,0.00026681316042666676,0.0,0.0,0,,,,0.0,2026-06-10,1
pw_suez_canal_n_total_z,brent,0.0,,0.002040827756849424,0.0006893467346460274,0.3377780081304963,0,,,,0.0,2026-06-10,1
sp500,audusd,1.0,1.0,0.2091635031715461,0.2139249999590273,1.022764472363881,680,2.0157673775313497e-06,0.5046525783339415,1.4122071511146541,0.6082276718356743,2026-07-14,1
sp500,eurusd,1.0,1.0,0.14383734875905266,0.14249785507387278,0.9906874417754757,680,4.790225050635532e-07,0.5257094775342364,1.2741171147966646,0.5576514529449749,2026-07-14,1
sp500,cnyusd,1.0,1.0,0.10288975166533595,0.09816470090951063,0.9540765656506369,680,4.6383894738235793e-08,0.5213951839165122,1.3334600135699046,0.5560594562164005,2026-07-14,1
us2y,cnyusd,1.0,1.0,0.10642373701234245,0.09821794166036536,0.9228950647445746,680,5.6540661473732e-08,0.5066328426992928,1.207529504344304,0.498107751046188,2026-07-14,1
vix,audusd,0.9000433583015917,1.0,0.06554813789481166,0.07032022945557866,1.0728028547267812,520,1.690975565118149e-07,0.46171248690399924,0.5287087976229511,0.23253863877011496,2026-07-14,1
sp500,brlusd,1.0,1.0,0.07836251964730236,0.06941029596257543,0.8857588586352314,680,2.418633100772359e-07,0.5088442622641225,0.4467729104836072,0.19463964745050444,2026-07-14,1
audusd,eurusd,0.9981850093419532,0.8674687911939886,0.07235090578201556,0.07310452168692826,1.0104161226009147,660,4.100285883779207e-08,0.4926371050815222,0.3695409167770606,0.15819550758372286,2026-07-14,1
audusd,wti,0.5610173447392127,1.0,0.051894051885461846,0.03265558215443491,0.629274087645166,560,0.03927133035175392,0.5007176037498883,0.9520515741319567,0.15641339183137432,2026-07-14,1
us2y,eurusd,1.0,0.9981850093419532,0.06898076583815581,0.06191767717865049,0.897607853817151,680,4.1446382809396106e-08,0.5098860801868146,0.3198767356369442,0.1420918494949606,2026-07-14,1
vix,brlusd,0.9688091434267325,1.0,0.07368067274700715,0.06794975929393944,0.9222195829733314,640,2.1508472560440693e-07,0.49352584313194187,0.3150623811340185,0.13959417208081015,2026-07-14,1
wti,brent,1.0,1.0,0.3317232216117612,0.2617827463428144,0.7891601470372701,680,5.097697828288126e-06,0.5231126172058915,0.06889153922221329,0.027172482644180273,2026-07-14,1
us10y,cnyusd,0.011676133625560156,1.0,0.003827665198240053,0.004369256848546039,1.1414939975823926,100,3.637829599062982e-08,0.4779682352700417,0.3299882266022634,0.0019091999221814893,2026-07-14,1
audusd,us2y,0.0044016198201667096,1.0,0.009666051235433685,0.007709415236632662,0.7975764920810257,40,5.5893682214857484e-05,0.5524668454893161,0.6254922979652149,0.0010634862971549922,2026-07-14,1
pw_suez_canal_n_total_z,henry_hub,0.018837055483862768,1.0,0.004335036526031812,0.00043705197371000476,0.1008185216169497,140,0.00011369156606820147,0.5622340909004842,0.7553141850767677,0.0006849590941645369,2026-07-14,1
pw_suez_canal_capacity_z,brlusd,0.00986114296751334,1.0,0.030840262578693142,0.024180340083415276,0.7840510443682455,80,8.179476256626965e-08,0.5582242768890885,0.13058864720330993,0.0005041159638778383,2026-07-14,1
brent,us10y,0.002948461022725413,1.0,0.039728247142112594,0.03115970809684263,0.7843212408888997,20,9.52610963775412e-06,0.3975981573018203,0.23458885524139242,0.0002700109923657827,2026-07-14,1
cnyusd,us10y,1.0,1.0,0.06440491489131364,0.05616223237310686,0.872017802800971,680,-1.7003261865978757e-05,0.4761674948729868,-1.3164918449498946,0.0,2026-07-14,1
eurusd,krwusd,1.0,1.0,0.14338472036023966,0.1309084773278873,0.9129876391221668,680,-3.5461393968154004e-07,0.4780307937630147,-0.4547890355920763,0.0,2026-07-14,1
eurusd,sp500,1.0,1.0,0.088874693115411,0.08089125980772718,0.9101720295414502,680,-7.609956150557398e-07,0.45006993587580957,-0.7483739255402623,0.0,2026-07-14,1
sp500,krwusd,1.0,1.0,0.20478860511234503,0.19352499330187017,0.9449988352413663,680,-2.9579326570284794e-07,0.49051068814186316,-0.2969454427563243,0.0,2026-07-14,1
us2y,krwusd,1.0,1.0,0.1294889176805852,0.11107447987165178,0.8577913991500264,680,-2.481715873016351e-07,0.47070787179468077,-0.42260234998810914,0.0,2026-07-14,1
pw_panama_canal_n_total_z,henry_hub,1.0,1.0,0.16473162530858562,0.09929886829938435,0.6027917718493426,680,-1.7991322828165914e-05,0.4963069232547083,-0.21794276814310998,0.0,2026-07-14,1
sp500,vix,0.9764123118181967,1.0,0.05336707964886252,0.050060670774495115,0.9380440358340298,660,-0.001252505749329716,0.5195773351302391,-0.025685054750769508,0.0,2026-07-14,1
brent,wti,0.8637156087239803,0.6368659710213519,0.06750254167840972,0.06584853748242872,0.9754971567758015,640,-0.008019270261269999,0.5098935390675006,-0.12787252425685458,0.0,2026-07-14,1
eurusd,vix,0.8536053050549243,1.0,0.06545323586506711,0.062292454954658044,0.9517093254652059,280,-0.016459082953543005,0.48147009822746806,-0.6840795815207658,0.0,2026-07-14,1
brent,vix,0.8468163559289443,1.0,0.0629216382555688,0.05153867509177409,0.8190930261929841,600,-0.0033659023820400333,0.44824224630374954,-0.11047321747870222,0.0,2026-07-14,1
brent,brlusd,0.771720920479712,1.0,0.05424446094809981,0.056842667099056284,1.0478980914464686,600,-1.0133144131170686e-07,0.5223106081533122,-0.22285869675435271,0.0,2026-07-14,1
cnyusd,us2y,0.714602200141741,1.0,0.05408088569757574,0.044437738042516245,0.821690278724637,640,-2.5681430802397038e-05,0.4144104968272835,-1.4735462814742528,0.0,2026-07-14,1
eurusd,wti,0.6863554711123154,1.0,0.0715371049095918,0.04001382510519739,0.5593436462905039,640,-0.07678263037516872,0.51942283889984,-1.1073593016403152,0.0,2026-07-14,1
brlusd,wti,0.46856413915437944,1.0,0.046843949922458675,0.03262645476404333,0.6964923926793165,580,-0.004181240527719272,0.5043725286730316,-0.47424713258259726,0.0,2026-07-14,1
brlusd,us2y,0.4515063375233766,1.0,0.05097171732460194,0.0482807152359444,0.9472059755899433,500,-4.522506760364095e-05,0.484656390091861,-1.6990779151121458,0.0,2026-07-14,1
eurusd,audusd,0.3532396739145585,0.9948618720034096,0.0471869482151651,0.036582353791508496,0.7752642452039638,240,-3.016117697998544e-07,0.4497497901773864,-1.559731506021279,0.0,2026-07-14,1
krwusd,cnyusd,0.26624339565225036,0.7359150153454567,0.03821965895007546,0.025956343175839162,0.6791359182389543,200,-4.343826480991409e-09,0.45186214766512034,-0.17582007489355547,0.0,2026-07-14,1
pw_malacca_strait_capacity_z,us2y,0.2308792928665298,1.0,0.04393480342951921,0.033109216146651604,0.7535988228504502,220,-1.387323764426808e-05,0.4957758601005811,-0.44167783356842116,0.0,2026-07-14,1
wti,sp500,0.14639469494507584,1.0,0.040736604360381755,0.03259897832205997,0.8002379882640389,400,-3.735214891624379e-07,0.4765329065579127,-0.5083529669425899,0.0,2026-07-14,1
pw_strait_of_hormuz_capacity_z,brent,0.13044686456825805,1.0,0.04065692311091644,0.05093858773123622,1.252888409491055,60,-5.185965165730867e-06,0.40217967225309986,-0.6948023036075389,0.0,2026-07-14,1
brlusd,audusd,0.11127325996219659,0.8647473010856317,0.03145198628001232,0.022873457973702004,0.7272500302544659,360,-2.4706530461498844e-07,0.46460098741765515,-1.310442505700366,0.0,2026-07-14,1
pw_cape_of_good_hope_capacity_z,henry_hub,0.11127325996219659,1.0,0.018413756921029104,0.0,0.0,360,0.00017546136719676428,0.546468177601362,1.758088312163852,0.0,2026-07-14,1
brlusd,brent,0.09063924285681126,1.0,0.04226687440475925,0.039170603723190624,0.9267447445505934,280,-4.211647222941559e-06,0.4589110050765752,-1.2777087686787962,0.0,2026-07-14,1
pw_cape_of_good_hope_n_total_z,henry_hub,0.08286786472869515,0.6395406756291062,0.033159757396238415,0.020546777380767565,0.6196299066741169,260,-8.978657676589764e-05,0.4874945552028619,-0.7772999451635213,0.0,2026-07-14,1
us10y,eurusd,0.07296786222676915,0.9158390659489277,0.021336919248816488,0.01301460202585504,0.6099569424286466,300,-8.020490592338165e-08,0.4734246808016395,-0.5115521853486391,0.0,2026-07-14,1
pw_bab_el_mandeb_strait_n_total_z,henry_hub,0.06900697547341231,1.0,0.020466432526795662,0.012641061249332014,0.617648495055585,200,-3.0022857267389276e-05,0.5204348386330873,-0.4569495873202384,0.0,2026-07-14,1
us10y,krwusd,0.06682681878605432,1.0,0.007078457029862304,0.0,0.0,240,-2.1877647340652713e-07,0.4319774877759927,-0.993692179683967,0.0,2026-07-14,1
us2y,wti,0.06308857767524909,1.0,0.025591040567606232,0.0020260886585998497,0.07917179659996017,280,-0.014120907735312304,0.4591868888635628,-0.6878765053746135,0.0,2026-07-14,1
us10y,us2y,0.06308857767524909,1.0,0.03285286853874217,0.02576839018143106,0.7843573887937169,280,-1.8103258094353638e-05,0.5089496683753805,-0.43903356748732,0.0,2026-07-14,1
pw_cape_of_good_hope_capacity_z,brent,0.06308857767524909,1.0,0.04624063186859034,0.04447592913187007,0.9618365349821489,280,-1.1065877589067673e-05,0.38045969143121977,-2.2017092901248074,0.0,2026-07-14,1
henry_hub,krwusd,0.05589283573283562,1.0,0.01959639799667983,0.01074753559652952,0.5484444436345112,160,-1.6762534007269407e-07,0.4681133454611046,-0.6405786902307207,0.0,2026-07-14,1
sp500,wti,0.05259358600333331,1.0,0.031138768300811498,0.023512857300440296,0.7550991443623521,240,-0.003936784432050434,0.5202623829233483,-0.28423382124155205,0.0,2026-07-14,1
eurusd,us2y,0.050845213433523766,1.0,0.00934407004195768,0.0,0.0,240,-1.879709351158532e-05,0.473183969136894,-0.7293238725407805,0.0,2026-07-14,1
us10y,sp500,0.03439542512724994,1.0,0.03703125976493852,0.033386581362995264,0.9015783307109075,160,-1.2885632983144753e-06,0.5106106426540943,-1.4287681847758524,0.0,2026-07-14,1
krwusd,us2y,0.033323913506090694,1.0,0.02239589159395583,0.01877062962593744,0.8381282588009682,200,-8.480960205791367e-06,0.5325201950507705,-0.1563557467832833,0.0,2026-07-14,1
henry_hub,cnyusd,0.026139130700417575,1.0,0.033707500851974326,0.0270058260628381,0.8011814990803836,140,-5.8737760650207666e-08,0.5946189537236499,-0.4590948140345449,0.0,2026-07-14,1
henry_hub,brlusd,0.01505000872688721,0.5799114645855681,0.006351553355920549,0.003108537316633254,0.4894137138493304,120,-2.306199469798469e-06,0.5154017189945582,-1.4854727841034776,0.0,2026-07-14,1
pw_malacca_strait_n_total_z,henry_hub,0.009879284551520073,1.0,0.010595725582205468,0.002863211370676138,0.2702232469557945,20,-3.062691899390058e-05,0.3500464416515345,-0.7627869741194291,0.0,2026-07-14,1
audusd,sp500,0.006141043440714847,1.0,0.007114087358801011,0.0,0.0,60,-1.6194545141643404e-06,0.4527991300545023,-1.2702065892735908,0.0,2026-07-14,1
us2y,us10y,0.006141043440714847,1.0,0.0124993252977223,0.011870181096897373,0.9496657470831986,60,-1.6465517229522666e-05,0.49955110331497965,-0.3615080398696998,0.0,2026-07-14,1
pw_cape_of_good_hope_n_total_z,brlusd,0.004763451680772228,1.0,0.011435562407229323,0.008931171736173821,0.7809997810451126,40,-1.7171219210588405e-06,0.3329583948482481,-1.3696789788072141,0.0,2026-07-14,1
krwusd,vix,0.0044016198201667096,1.0,0.008944267877635035,0.010442747490502233,1.167535189393658,40,-0.05096883898372773,0.2993842190935325,-2.039253999919229,0.0,2026-07-14,1
cnyusd,wti,0.002948461022725413,1.0,0.011119169097793131,0.006603894592083159,0.5939197914881843,20,-0.026350855717256115,0.4432619032366699,-1.2536483129621625,0.0,2026-07-14,1
audusd,vix,0.001814990658046815,1.0,0.005196714682420327,0.0,0.0,20,-0.11408765609220181,0.3523238476329137,-1.8520756717413658,0.0,2026-07-14,1
brlusd,cnyusd,0.001814990658046815,1.0,0.010628860479922599,0.005870794925940432,0.5523447162591022,20,-2.707672353711864e-09,0.503129747317165,-0.026983473890779534,0.0,2026-07-14,1
pw_bab_el_mandeb_strait_capacity_z,cnyusd,0.001814990658046815,1.0,0.0023657553647155414,0.0,0.0,20,-8.052518251198794e-07,0.29832181352035564,-2.2556042702273804,0.0,2026-07-14,1
pw_bab_el_mandeb_strait_n_total_z,cnyusd,0.001814990658046815,1.0,0.007077711701163792,0.0020499952920854277,0.28964097135354433,20,-6.296462030138997e-07,0.25071531608863584,-2.7206532902336567,0.0,2026-07-14,1
audusd,brlusd,0.0,,0.0065426487963651655,0.0053937191261830605,0.824393803497384,0,,,,0.0,2026-07-14,1
audusd,cnyusd,0.0,,0.00036354327648919604,0.0,0.0,0,,,,0.0,2026-07-14,1
audusd,krwusd,0.0,,0.02629847413075297,0.025928923979639897,0.9859478481802514,0,,,,0.0,2026-07-14,1
audusd,us10y,0.0,,0.004951727001544937,0.0027500064484771492,0.5553630980906556,0,,,,0.0,2026-07-14,1
audusd,brent,0.0,,0.0015050097039500878,0.0003084951617078186,0.20497885222808476,0,,,,0.0,2026-07-14,1
audusd,henry_hub,0.0,,0.006852835783998099,0.0,0.0,0,,,,0.0,2026-07-14,1
brlusd,krwusd,0.0,,0.010693235180351087,0.0012926782428350394,0.12088747895588671,0,,,,0.0,2026-07-14,1
brlusd,eurusd,0.0,,0.0019074659732352792,0.0,0.0,0,,,,0.0,2026-07-14,1
brlusd,sp500,0.0,,0.018619255697027406,0.017880572624278224,0.9603269279519527,0,,,,0.0,2026-07-14,1
brlusd,vix,0.0,,0.019746050094268826,0.017492434588942497,0.8858700603630886,0,,,,0.0,2026-07-14,1
brlusd,us10y,0.0,,0.021760937491415496,0.019902147633639743,0.9145813520897695,0,,,,0.0,2026-07-14,1
brlusd,henry_hub,0.0,,0.0015344436397032246,0.000771373796281519,0.5027058513734071,0,,,,0.0,2026-07-14,1
cnyusd,audusd,0.0,,0.005723329052136383,0.004099406587799264,0.7162626070344589,0,,,,0.0,2026-07-14,1
cnyusd,brlusd,0.0,,0.023161542711816266,0.01657279334129916,0.7155306340127449,0,,,,0.0,2026-07-14,1
cnyusd,krwusd,0.0,,0.0006682870377289152,0.0,0.0,0,,,,0.0,2026-07-14,1
cnyusd,eurusd,0.0,,0.0016279870932990397,0.0,0.0,0,,,,0.0,2026-07-14,1
cnyusd,sp500,0.0,,0.004229883407923226,0.001229165898529499,0.2905909643341661,0,,,,0.0,2026-07-14,1
cnyusd,vix,0.0,,0.013248230526427578,0.011188297842022544,0.844512617719334,0,,,,0.0,2026-07-14,1
cnyusd,brent,0.0,,0.0003327093858742201,0.0,0.0,0,,,,0.0,2026-07-14,1
cnyusd,henry_hub,0.0,,0.0008913039853369511,0.0,0.0,0,,,,0.0,2026-07-14,1
krwusd,audusd,0.0,,0.003281553890813126,0.0,0.0,0,,,,0.0,2026-07-14,1
krwusd,brlusd,0.0,,6.943596003483357e-07,0.0,0.0,0,,,,0.0,2026-07-14,1
krwusd,eurusd,0.0,,0.016445128519349216,0.015668786934217385,0.9527920025545319,0,,,,0.0,2026-07-14,1
krwusd,sp500,0.0,,0.003847469666176763,0.0015679101265365283,0.40751721587829,0,,,,0.0,2026-07-14,1
krwusd,us10y,0.0,,0.000839408377436823,0.0,0.0,0,,,,0.0,2026-07-14,1
krwusd,wti,0.0,,4.57295930080208e-05,0.0,0.0,0,,,,0.0,2026-07-14,1
krwusd,brent,0.0,,0.00013808325702399117,0.0,0.0,0,,,,0.0,2026-07-14,1
krwusd,henry_hub,0.0,,0.001774739632951059,0.00449649689127014,2.5336093293827613,0,,,,0.0,2026-07-14,1
eurusd,brlusd,0.0,,0.0166528736752687,0.010014235253431645,0.6013517816029468,0,,,,0.0,2026-07-14,1
eurusd,cnyusd,0.0,,0.0003603317818774249,0.0,0.0,0,,,,0.0,2026-07-14,1
eurusd,us10y,0.0,,0.0035794852005560564,0.0,0.0,0,,,,0.0,2026-07-14,1
eurusd,brent,0.0,,0.026785239582063157,0.01729883075525992,0.6458344605154905,0,,,,0.0,2026-07-14,1
eurusd,henry_hub,0.0,,0.0047763923187617435,0.005284414614457951,1.106361090503535,0,,,,0.0,2026-07-14,1
sp500,us2y,0.0,,0.0004187131204061396,0.0,0.0,0,,,,0.0,2026-07-14,1
sp500,us10y,0.0,,0.01144446713948414,0.0037701258043298614,0.3294278150638126,0,,,,0.0,2026-07-14,1
sp500,brent,0.0,,0.0035481279741176714,0.0,0.0,0,,,,0.0,2026-07-14,1
sp500,henry_hub,0.0,,7.555353696286062e-05,0.0,0.0,0,,,,0.0,2026-07-14,1
vix,cnyusd,0.0,,0.0,0.0,0.0,0,,,,0.0,2026-07-14,1
vix,krwusd,0.0,,0.007090734495664217,0.006201193224530447,0.8745487831087599,0,,,,0.0,2026-07-14,1
vix,eurusd,0.0,,0.0008262250532239053,0.0,0.0,0,,,,0.0,2026-07-14,1
vix,sp500,0.0,,0.004716118275222789,0.0048606887323768486,1.0306545444192088,0,,,,0.0,2026-07-14,1
vix,us2y,0.0,,0.01691804570109408,0.00966305868924024,0.5711687307131068,0,,,,0.0,2026-07-14,1
vix,us10y,0.0,,0.01771011809103767,0.01614634235723604,0.9117015637183701,0,,,,0.0,2026-07-14,1
vix,wti,0.0,,0.007781708009475994,0.013152106288698309,1.6901310448403664,0,,,,0.0,2026-07-14,1
vix,brent,0.0,,2.453952757642392e-05,0.0,0.0,0,,,,0.0,2026-07-14,1
vix,henry_hub,0.0,,0.025815542632540604,0.025993720365090848,1.0069019557359855,0,,,,0.0,2026-07-14,1
us2y,audusd,0.0,,0.016460136039050745,0.0055193373795158224,0.33531541698206535,0,,,,0.0,2026-07-14,1
us2y,brlusd,0.0,,0.017176536277475514,0.011597949499292735,0.6752205049921346,0,,,,0.0,2026-07-14,1
us2y,sp500,0.0,,0.013707181656125268,0.01600166638873232,1.1673928886454732,0,,,,0.0,2026-07-14,1
us2y,vix,0.0,,0.00018487073478411984,0.0,0.0,0,,,,0.0,2026-07-14,1
us2y,brent,0.0,,0.000991587316092338,0.0,0.0,0,,,,0.0,2026-07-14,1
us2y,henry_hub,0.0,,0.004791485180433993,0.0,0.0,0,,,,0.0,2026-07-14,1
us10y,audusd,0.0,,0.0013609126634465888,0.0,0.0,0,,,,0.0,2026-07-14,1
us10y,brlusd,0.0,,0.003963072198530736,0.00025924801849731887,0.06541592116172704,0,,,,0.0,2026-07-14,1
us10y,vix,0.0,,0.017572105703357137,0.00972897536322041,0.5536601889073371,0,,,,0.0,2026-07-14,1
us10y,wti,0.0,,0.0013672000516541513,0.004643302478856165,3.3962129194175463,0,,,,0.0,2026-07-14,1
us10y,brent,0.0,,0.00304588939471344,0.0,0.0,0,,,,0.0,2026-07-14,1
us10y,henry_hub,0.0,,0.0,0.0,0.0,0,,,,0.0,2026-07-14,1
wti,audusd,0.0,,0.023493591364956098,0.024745395807380895,1.053282804786161,0,,,,0.0,2026-07-14,1
wti,brlusd,0.0,,0.0077760821458462215,0.0,0.0,0,,,,0.0,2026-07-14,1
wti,cnyusd,0.0,,0.005341742850764912,0.0,0.0,0,,,,0.0,2026-07-14,1
wti,krwusd,0.0,,0.0,0.0,0.0,0,,,,0.0,2026-07-14,1
wti,eurusd,0.0,,8.090094395405093e-06,0.0,0.0,0,,,,0.0,2026-07-14,1
wti,vix,0.0,,0.010238950403003589,0.0034010591222851235,0.3321687271077537,0,,,,0.0,2026-07-14,1
wti,us2y,0.0,,0.0009027473876486941,0.0,0.0,0,,,,0.0,2026-07-14,1
wti,us10y,0.0,,0.007969067703157213,0.0,0.0,0,,,,0.0,2026-07-14,1
wti,henry_hub,0.0,,2.2653594214436534e-05,0.0,0.0,0,,,,0.0,2026-07-14,1
brent,audusd,0.0,,0.006435673441508534,0.0019796214431302772,0.30760128852439883,0,,,,0.0,2026-07-14,1
brent,cnyusd,0.0,,0.01154762384955257,0.007716420554686522,0.6682258320169916,0,,,,0.0,2026-07-14,1
brent,krwusd,0.0,,0.010909637425730914,0.017920725495876276,1.642650877985126,0,,,,0.0,2026-07-14,1
brent,eurusd,0.0,,0.0020411071915176914,0.0,0.0,0,,,,0.0,2026-07-14,1
brent,sp500,0.0,,0.026628195859225847,0.024256303697541864,0.9109255401971893,0,,,,0.0,2026-07-14,1
brent,us2y,0.0,,0.0,0.0,0.0,0,,,,0.0,2026-07-14,1
brent,henry_hub,0.0,,1.3948697411148779e-05,0.0,0.0,0,,,,0.0,2026-07-14,1
henry_hub,audusd,0.0,,0.00033755223211636397,0.0,0.0,0,,,,0.0,2026-07-14,1
henry_hub,eurusd,0.0,,0.0007987546660837757,0.0008586041781147969,1.0749285288365926,0,,,,0.0,2026-07-14,1
henry_hub,sp500,0.0,,0.008228630351040373,0.013772741912847705,1.673758733263109,0,,,,0.0,2026-07-14,1
henry_hub,vix,0.0,,0.014165261224676293,0.015946140979526832,1.12572163171606,0,,,,0.0,2026-07-14,1
henry_hub,us2y,0.0,,0.005393648313044785,0.0,0.0,0,,,,0.0,2026-07-14,1
henry_hub,us10y,0.0,,3.16420650484691e-06,0.0,0.0,0,,,,0.0,2026-07-14,1
henry_hub,wti,0.0,,0.00018585531069371868,0.0,0.0,0,,,,0.0,2026-07-14,1
henry_hub,brent,0.0,,0.0003794572504540572,0.0,0.0,0,,,,0.0,2026-07-14,1
pw_bab_el_mandeb_strait_capacity_z,audusd,0.0,,0.00042424800039347877,0.0,0.0,0,,,,0.0,2026-07-14,1
pw_bab_el_mandeb_strait_capacity_z,brlusd,0.0,,0.00010936844030934842,0.0,0.0,0,,,,0.0,2026-07-14,1
pw_bab_el_mandeb_strait_capacity_z,krwusd,0.0,,4.011482704988719e-06,0.0,0.0,0,,,,0.0,2026-07-14,1
pw_bab_el_mandeb_strait_capacity_z,eurusd,0.0,,0.005301855206898078,0.0015438869725424322,0.2911974982896042,0,,,,0.0,2026-07-14,1
pw_bab_el_mandeb_strait_capacity_z,sp500,0.0,,0.00019653105288778945,0.0,0.0,0,,,,0.0,2026-07-14,1
pw_bab_el_mandeb_strait_capacity_z,vix,0.0,,1.1792408925509277e-05,0.0,0.0,0,,,,0.0,2026-07-14,1
pw_bab_el_mandeb_strait_capacity_z,us2y,0.0,,2.6486816448335144e-05,0.0,0.0,0,,,,0.0,2026-07-14,1
pw_bab_el_mandeb_strait_capacity_z,us10y,0.0,,0.0,0.0,0.0,0,,,,0.0,2026-07-14,1
pw_bab_el_mandeb_strait_capacity_z,wti,0.0,,0.0,0.0,0.0,0,,,,0.0,2026-07-14,1
pw_bab_el_mandeb_strait_capacity_z,brent,0.0,,0.0,0.0,0.0,0,,,,0.0,2026-07-14,1
pw_bab_el_mandeb_strait_capacity_z,henry_hub,0.0,,0.009609378180139511,0.0,0.0,0,,,,0.0,2026-07-14,1
pw_bab_el_mandeb_strait_n_total_z,audusd,0.0,,0.00020201062298464597,0.0,0.0,0,,,,0.0,2026-07-14,1
pw_bab_el_mandeb_strait_n_total_z,brlusd,0.0,,0.0007080956279916195,0.0,0.0,0,,,,0.0,2026-07-14,1
pw_bab_el_mandeb_strait_n_total_z,krwusd,0.0,,1.0150388389392454e-05,0.0,0.0,0,,,,0.0,2026-07-14,1
pw_bab_el_mandeb_strait_n_total_z,eurusd,0.0,,5.1798712780768464e-05,0.0,0.0,0,,,,0.0,2026-07-14,1
pw_bab_el_mandeb_strait_n_total_z,sp500,0.0,,0.006147525077926269,0.006196338947961289,1.0079404100701101,0,,,,0.0,2026-07-14,1
pw_bab_el_mandeb_strait_n_total_z,vix,0.0,,0.0,0.0,0.0,0,,,,0.0,2026-07-14,1
pw_bab_el_mandeb_strait_n_total_z,us2y,0.0,,0.0,0.0,0.0,0,,,,0.0,2026-07-14,1
pw_bab_el_mandeb_strait_n_total_z,us10y,0.0,,0.010465970304379565,0.005557455308416357,0.5310023960311446,0,,,,0.0,2026-07-14,1
pw_bab_el_mandeb_strait_n_total_z,wti,0.0,,0.0,0.0,0.0,0,,,,0.0,2026-07-14,1
pw_bab_el_mandeb_strait_n_total_z,brent,0.0,,0.00021673909385627976,0.0,0.0,0,,,,0.0,2026-07-14,1
pw_cape_of_good_hope_capacity_z,audusd,0.0,,1.3334319779586156e-05,0.0,0.0,0,,,,0.0,2026-07-14,1
pw_cape_of_good_hope_capacity_z,brlusd,0.0,,5.186076403866848e-05,0.0,0.0,0,,,,0.0,2026-07-14,1
pw_cape_of_good_hope_capacity_z,cnyusd,0.0,,0.0018375254123404407,0.0,0.0,0,,,,0.0,2026-07-14,1
pw_cape_of_good_hope_capacity_z,krwusd,0.0,,1.1633358581409566e-05,0.0,0.0,0,,,,0.0,2026-07-14,1
pw_cape_of_good_hope_capacity_z,eurusd,0.0,,0.00017758381396566677,0.0,0.0,0,,,,0.0,2026-07-14,1
pw_cape_of_good_hope_capacity_z,sp500,0.0,,0.007100740213829707,0.00035284933803405514,0.049691909210652516,0,,,,0.0,2026-07-14,1
pw_cape_of_good_hope_capacity_z,vix,0.0,,0.002246161974579562,0.0,0.0,0,,,,0.0,2026-07-14,1
pw_cape_of_good_hope_capacity_z,us2y,0.0,,0.0036174085303700538,0.0035080310197022923,0.9697635725272721,0,,,,0.0,2026-07-14,1
pw_cape_of_good_hope_capacity_z,us10y,0.0,,0.001042202441310233,0.0013607882968213485,1.3056851940498206,0,,,,0.0,2026-07-14,1
pw_cape_of_good_hope_capacity_z,wti,0.0,,0.00830967894860046,0.0076179963457302415,0.9167618138861173,0,,,,0.0,2026-07-14,1
pw_cape_of_good_hope_n_total_z,audusd,0.0,,6.067506189805554e-05,0.0,0.0,0,,,,0.0,2026-07-14,1
pw_cape_of_good_hope_n_total_z,cnyusd,0.0,,1.202652183065942e-05,0.0,0.0,0,,,,0.0,2026-07-14,1
pw_cape_of_good_hope_n_total_z,krwusd,0.0,,3.660837417644893e-07,0.0,0.0,0,,,,0.0,2026-07-14,1
pw_cape_of_good_hope_n_total_z,eurusd,0.0,,0.0006284221762920257,0.0,0.0,0,,,,0.0,2026-07-14,1
pw_cape_of_good_hope_n_total_z,sp500,0.0,,1.0432549986654973e-06,0.0,0.0,0,,,,0.0,2026-07-14,1
pw_cape_of_good_hope_n_total_z,vix,0.0,,0.0,0.0,0.0,0,,,,0.0,2026-07-14,1
pw_cape_of_good_hope_n_total_z,us2y,0.0,,0.0024710346895869062,0.0,0.0,0,,,,0.0,2026-07-14,1
pw_cape_of_good_hope_n_total_z,us10y,0.0,,0.004424449742166619,0.0,0.0,0,,,,0.0,2026-07-14,1
pw_cape_of_good_hope_n_total_z,wti,0.0,,8.909677599469969e-05,0.0,0.0,0,,,,0.0,2026-07-14,1
pw_cape_of_good_hope_n_total_z,brent,0.0,,9.757984039236297e-05,0.0,0.0,0,,,,0.0,2026-07-14,1
pw_malacca_strait_capacity_z,audusd,0.0,,0.0,0.0,0.0,0,,,,0.0,2026-07-14,1
pw_malacca_strait_capacity_z,brlusd,0.0,,0.006087724645648265,0.0,0.0,0,,,,0.0,2026-07-14,1
pw_malacca_strait_capacity_z,cnyusd,0.0,,7.733798832635284e-05,0.0,0.0,0,,,,0.0,2026-07-14,1
pw_malacca_strait_capacity_z,krwusd,0.0,,0.0021095198482399056,0.0,0.0,0,,,,0.0,2026-07-14,1
pw_malacca_strait_capacity_z,eurusd,0.0,,0.00020254082791119557,0.0,0.0,0,,,,0.0,2026-07-14,1
pw_malacca_strait_capacity_z,sp500,0.0,,0.0,0.0,0.0,0,,,,0.0,2026-07-14,1
pw_malacca_strait_capacity_z,vix,0.0,,5.743234070692591e-05,0.0,0.0,0,,,,0.0,2026-07-14,1
pw_malacca_strait_capacity_z,us10y,0.0,,0.0,0.0,0.0,0,,,,0.0,2026-07-14,1
pw_malacca_strait_capacity_z,wti,0.0,,0.0,0.0,0.0,0,,,,0.0,2026-07-14,1
pw_malacca_strait_capacity_z,brent,0.0,,0.0,0.0,0.0,0,,,,0.0,2026-07-14,1
pw_malacca_strait_capacity_z,henry_hub,0.0,,0.0,0.0,0.0,0,,,,0.0,2026-07-14,1
pw_malacca_strait_n_total_z,audusd,0.0,,0.0005848951609499446,0.0,0.0,0,,,,0.0,2026-07-14,1
pw_malacca_strait_n_total_z,brlusd,0.0,,0.0033734561082985393,0.010981696716527848,3.2553252106981336,0,,,,0.0,2026-07-14,1
pw_malacca_strait_n_total_z,cnyusd,0.0,,0.0021807565620429676,0.0,0.0,0,,,,0.0,2026-07-14,1
pw_malacca_strait_n_total_z,krwusd,0.0,,0.0,0.0,0.0,0,,,,0.0,2026-07-14,1
pw_malacca_strait_n_total_z,eurusd,0.0,,0.005345695093715478,0.0,0.0,0,,,,0.0,2026-07-14,1
pw_malacca_strait_n_total_z,sp500,0.0,,0.0023116041718461156,0.0021342992657655967,0.9232978949250996,0,,,,0.0,2026-07-14,1
pw_malacca_strait_n_total_z,vix,0.0,,0.0,0.0,0.0,0,,,,0.0,2026-07-14,1
pw_malacca_strait_n_total_z,us2y,0.0,,5.538202676711244e-05,0.0,0.0,0,,,,0.0,2026-07-14,1
pw_malacca_strait_n_total_z,us10y,0.0,,0.010018511444869446,0.004663456752642727,0.46548399712922595,0,,,,0.0,2026-07-14,1
pw_malacca_strait_n_total_z,wti,0.0,,0.0,0.0,0.0,0,,,,0.0,2026-07-14,1
pw_malacca_strait_n_total_z,brent,0.0,,0.0005830204965067814,0.0,0.0,0,,,,0.0,2026-07-14,1
pw_panama_canal_capacity_z,audusd,0.0,,3.3412453385550164e-06,0.0,0.0,0,,,,0.0,2026-07-14,1
pw_panama_canal_capacity_z,brlusd,0.0,,0.0,0.0,0.0,0,,,,0.0,2026-07-14,1
pw_panama_canal_capacity_z,cnyusd,0.0,,0.0003317200319655319,0.0,0.0,0,,,,0.0,2026-07-14,1
pw_panama_canal_capacity_z,krwusd,0.0,,0.0013948924788751785,0.005949214071786792,4.2649983148408355,0,,,,0.0,2026-07-14,1
pw_panama_canal_capacity_z,eurusd,0.0,,0.0,0.0,0.0,0,,,,0.0,2026-07-14,1
pw_panama_canal_capacity_z,sp500,0.0,,0.001833547487127734,0.0,0.0,0,,,,0.0,2026-07-14,1
pw_panama_canal_capacity_z,vix,0.0,,0.0024125122865964305,0.0,0.0,0,,,,0.0,2026-07-14,1
pw_panama_canal_capacity_z,us2y,0.0,,0.0,0.0,0.0,0,,,,0.0,2026-07-14,1
pw_panama_canal_capacity_z,us10y,0.0,,0.0,0.0,0.0,0,,,,0.0,2026-07-14,1
pw_panama_canal_capacity_z,wti,0.0,,0.0,0.0,0.0,0,,,,0.0,2026-07-14,1
pw_panama_canal_capacity_z,brent,0.0,,1.1072739137757828e-05,0.0,0.0,0,,,,0.0,2026-07-14,1
pw_panama_canal_capacity_z,henry_hub,0.0,,0.0006595790084144436,0.0,0.0,0,,,,0.0,2026-07-14,1
pw_panama_canal_n_total_z,audusd,0.0,,0.00406779434502363,0.008638424159318755,2.1236137883633774,0,,,,0.0,2026-07-14,1
pw_panama_canal_n_total_z,brlusd,0.0,,0.0,0.0,0.0,0,,,,0.0,2026-07-14,1
pw_panama_canal_n_total_z,cnyusd,0.0,,4.440384131247556e-06,0.0,0.0,0,,,,0.0,2026-07-14,1
pw_panama_canal_n_total_z,krwusd,0.0,,0.0,0.0,0.0,0,,,,0.0,2026-07-14,1
pw_panama_canal_n_total_z,eurusd,0.0,,6.871585136695502e-06,0.0,0.0,0,,,,0.0,2026-07-14,1
pw_panama_canal_n_total_z,sp500,0.0,,0.0001264169954882242,0.0,0.0,0,,,,0.0,2026-07-14,1
pw_panama_canal_n_total_z,vix,0.0,,0.0,0.0,0.0,0,,,,0.0,2026-07-14,1
pw_panama_canal_n_total_z,us2y,0.0,,0.00014301176444001277,0.0,0.0,0,,,,0.0,2026-07-14,1
pw_panama_canal_n_total_z,us10y,0.0,,0.00015196031686000208,0.0,0.0,0,,,,0.0,2026-07-14,1
pw_panama_canal_n_total_z,wti,0.0,,0.0,0.0,0.0,0,,,,0.0,2026-07-14,1
pw_panama_canal_n_total_z,brent,0.0,,1.3474449193125367e-05,0.0,0.0,0,,,,0.0,2026-07-14,1
pw_strait_of_hormuz_capacity_z,audusd,0.0,,0.007458506252364542,0.0058259799173556,0.7811188621727858,0,,,,0.0,2026-07-14,1
pw_strait_of_hormuz_capacity_z,brlusd,0.0,,0.0,0.0,0.0,0,,,,0.0,2026-07-14,1
pw_strait_of_hormuz_capacity_z,cnyusd,0.0,,0.0,0.0,0.0,0,,,,0.0,2026-07-14,1
pw_strait_of_hormuz_capacity_z,krwusd,0.0,,0.0032614205380885764,0.0,0.0,0,,,,0.0,2026-07-14,1
pw_strait_of_hormuz_capacity_z,eurusd,0.0,,0.0008411954073704815,0.0,0.0,0,,,,0.0,2026-07-14,1
pw_strait_of_hormuz_capacity_z,sp500,0.0,,0.0,0.0,0.0,0,,,,0.0,2026-07-14,1
pw_strait_of_hormuz_capacity_z,vix,0.0,,0.0029036334012225084,0.0,0.0,0,,,,0.0,2026-07-14,1
pw_strait_of_hormuz_capacity_z,us2y,0.0,,7.793794489416406e-05,0.0,0.0,0,,,,0.0,2026-07-14,1
pw_strait_of_hormuz_capacity_z,us10y,0.0,,0.00015417982892884573,0.0,0.0,0,,,,0.0,2026-07-14,1
pw_strait_of_hormuz_capacity_z,wti,0.0,,0.018115061021473065,0.02386465188672996,1.3173928510890192,0,,,,0.0,2026-07-14,1
pw_strait_of_hormuz_capacity_z,henry_hub,0.0,,0.00035434548803447367,0.0,0.0,0,,,,0.0,2026-07-14,1
pw_strait_of_hormuz_n_total_z,audusd,0.0,,3.881930102013247e-05,0.0,0.0,0,,,,0.0,2026-07-14,1
pw_strait_of_hormuz_n_total_z,brlusd,0.0,,0.007688386875539367,0.0,0.0,0,,,,0.0,2026-07-14,1
pw_strait_of_hormuz_n_total_z,cnyusd,0.0,,0.0,0.0,0.0,0,,,,0.0,2026-07-14,1
pw_strait_of_hormuz_n_total_z,krwusd,0.0,,8.905501585212077e-05,0.0,0.0,0,,,,0.0,2026-07-14,1
pw_strait_of_hormuz_n_total_z,eurusd,0.0,,0.0,0.0,0.0,0,,,,0.0,2026-07-14,1
pw_strait_of_hormuz_n_total_z,sp500,0.0,,0.0,0.0,0.0,0,,,,0.0,2026-07-14,1
pw_strait_of_hormuz_n_total_z,vix,0.0,,0.0,0.0,0.0,0,,,,0.0,2026-07-14,1
pw_strait_of_hormuz_n_total_z,us2y,0.0,,0.0,0.0,0.0,0,,,,0.0,2026-07-14,1
pw_strait_of_hormuz_n_total_z,us10y,0.0,,0.003949923496596242,0.0,0.0,0,,,,0.0,2026-07-14,1
pw_strait_of_hormuz_n_total_z,wti,0.0,,0.0,0.0,0.0,0,,,,0.0,2026-07-14,1
pw_strait_of_hormuz_n_total_z,brent,0.0,,0.0002478657009703931,0.0,0.0,0,,,,0.0,2026-07-14,1
pw_strait_of_hormuz_n_total_z,henry_hub,0.0,,0.011164639702225773,0.015170002075742648,1.3587542885704023,0,,,,0.0,2026-07-14,1
pw_suez_canal_capacity_z,audusd,0.0,,0.0,0.0,0.0,0,,,,0.0,2026-07-14,1
pw_suez_canal_capacity_z,cnyusd,0.0,,0.0,0.0,0.0,0,,,,0.0,2026-07-14,1
pw_suez_canal_capacity_z,krwusd,0.0,,0.0,0.0,0.0,0,,,,0.0,2026-07-14,1
pw_suez_canal_capacity_z,eurusd,0.0,,8.76429473807735e-05,0.0,0.0,0,,,,0.0,2026-07-14,1
pw_suez_canal_capacity_z,sp500,0.0,,0.0,0.0,0.0,0,,,,0.0,2026-07-14,1
pw_suez_canal_capacity_z,vix,0.0,,0.0,0.0,0.0,0,,,,0.0,2026-07-14,1
pw_suez_canal_capacity_z,us2y,0.0,,0.0,0.0,0.0,0,,,,0.0,2026-07-14,1
pw_suez_canal_capacity_z,us10y,0.0,,0.00022578939137243623,0.0,0.0,0,,,,0.0,2026-07-14,1
pw_suez_canal_capacity_z,wti,0.0,,7.061771442193957e-06,0.0,0.0,0,,,,0.0,2026-07-14,1
pw_suez_canal_capacity_z,brent,0.0,,0.0,0.0,0.0,0,,,,0.0,2026-07-14,1
pw_suez_canal_capacity_z,henry_hub,0.0,,0.0,0.0,0.0,0,,,,0.0,2026-07-14,1
pw_suez_canal_n_total_z,audusd,0.0,,9.022913744279186e-06,0.0,0.0,0,,,,0.0,2026-07-14,1
pw_suez_canal_n_total_z,brlusd,0.0,,0.0,0.0,0.0,0,,,,0.0,2026-07-14,1
pw_suez_canal_n_total_z,cnyusd,0.0,,0.0,0.0,0.0,0,,,,0.0,2026-07-14,1
pw_suez_canal_n_total_z,krwusd,0.0,,0.0,0.0,0.0,0,,,,0.0,2026-07-14,1
pw_suez_canal_n_total_z,eurusd,0.0,,0.0,0.0,0.0,0,,,,0.0,2026-07-14,1
pw_suez_canal_n_total_z,sp500,0.0,,0.0,0.0,0.0,0,,,,0.0,2026-07-14,1
pw_suez_canal_n_total_z,vix,0.0,,0.00041303991649765373,0.0,0.0,0,,,,0.0,2026-07-14,1
pw_suez_canal_n_total_z,us2y,0.0,,0.0,0.0,0.0,0,,,,0.0,2026-07-14,1
pw_suez_canal_n_total_z,us10y,0.0,,0.0,0.0,0.0,0,,,,0.0,2026-07-14,1
pw_suez_canal_n_total_z,wti,0.0,,0.00023533921622179317,0.0,0.0,0,,,,0.0,2026-07-14,1
pw_suez_canal_n_total_z,brent,0.0,,0.0018762399588502425,0.0006455723587341925,0.3440777154803794,0,,,,0.0,2026-07-14,1
brent,vix,0.8646061075904166,1.0,0.06300420373591041,0.06363259147143618,1.0099737429927649,620,0.038824922165773504,0.477379842777534,1.2469642913781713,0.4786008487523862,2026-08-11,1
us2y,cnyusd,1.0,1.0,0.10540404813950957,0.09764342010114405,0.9263725807941096,700,4.940098757557474e-08,0.5146053484784058,1.1425345836085539,0.47827632099215983,2026-08-11,1
sp500,audusd,1.0,1.0,0.20930513096650027,0.21038302900561465,1.0051498882714294,700,1.0617160282609125e-06,0.5127859393477326,0.7829168420247711,0.3726168388821589,2026-08-11,1
sp500,cnyusd,1.0,1.0,0.10190246211826609,0.094388418231831,0.9262623912097979,700,2.2314880452275257e-08,0.5006655652603149,0.6895823290934147,0.307285709355102,2026-08-11,1
audusd,eurusd,0.9983957905468942,0.8828848339700475,0.07232743871521742,0.07214883602431443,0.9975306371402668,680,6.426593949499e-08,0.510427042636717,0.6183652565154338,0.2635178904274299,2026-08-11,1
sp500,eurusd,1.0,1.0,0.1431373483500399,0.1378097989908328,0.9627801589129715,700,1.9370843883195029e-07,0.5284901107058861,0.5178571263873033,0.24386557958790048,2026-08-11,1
wti,brent,1.0,1.0,0.3234645274021105,0.2606094197792903,0.8056816055607768,700,4.461147143007221e-05,0.5102737310043927,0.609973730669336,0.23837670994312418,2026-08-11,1
brent,wti,0.87954279112872,0.5527751563907735,0.06847988731323441,0.07591825026773324,1.108621133099635,660,0.05303629196641583,0.5263294790203098,0.7755325340400024,0.17961438573405947,2026-08-11,1
us2y,eurusd,1.0,0.9983957905468942,0.06802058450277003,0.06071285526119426,0.8925659152299966,700,3.714477138029978e-08,0.5160923543912196,0.3075317142976249,0.13595616354547618,2026-08-11,1
audusd,wti,0.49586444084263387,1.0,0.04936993732853299,0.030159455852817794,0.6108870597124976,560,0.039271330351753925,0.5007176037498882,0.9520515741319567,0.13420901469777544,2026-08-11,1
pw_suez_canal_n_total_z,henry_hub,0.016649442432068198,1.0,0.003962795056164998,0.001129746991155577,0.2850884224754463,140,0.00011369156606820147,0.5622340909004842,0.7553141850767675,0.0017119480017944483,2026-08-11,1
us10y,cnyusd,0.01032014344250555,1.0,0.003686417085678533,0.0026114087258581674,0.7083866706247928,100,3.637829599062994e-08,0.4779682352700416,0.3299882266022645,0.0011953868274758187,2026-08-11,1
audusd,us2y,0.003890444335448129,1.0,0.009852499370191817,0.011271515170849756,1.1440259722270159,40,5.58936822148575e-05,0.5524668454893161,0.6254922979652149,0.001178545165268387,2026-08-11,1
pw_suez_canal_capacity_z,brlusd,0.0087159339893997,1.0,0.030027631726878463,0.023842876806572964,0.7940312117665486,80,8.179476256627047e-08,0.5582242768890886,0.1305886472033112,0.00045124288168320466,2026-08-11,1
brent,us10y,0.002606045945085104,1.0,0.03872284713991616,0.031070968557440685,0.8023936991299436,20,9.526109637754143e-06,0.39759815730182047,0.23458885524139306,0.00024415276960197094,2026-08-11,1
cnyusd,us10y,1.0,1.0,0.06361077840533678,0.05756678004116986,0.904984681595095,700,-1.3318038232661418e-05,0.48794990900450586,-1.1175494936024803,0.0,2026-08-11,1
eurusd,krwusd,1.0,1.0,0.1417536762259719,0.12934015757587206,0.9124289473077845,700,-9.544251483336354e-07,0.44783882405819003,-1.2713313232686485,0.0,2026-08-11,1
eurusd,sp500,1.0,1.0,0.08793904413137862,0.08081802522746814,0.9190232396286697,700,-3.823457654376776e-07,0.47560079864276267,-0.40619094679849455,0.0,2026-08-11,1
sp500,brlusd,1.0,1.0,0.07690845083048282,0.06584185244918216,0.8561068613162808,700,-2.1134583467708706e-07,0.48229773196600795,-0.40844144986822883,0.0,2026-08-11,1
sp500,krwusd,1.0,1.0,0.20296001377149162,0.18904300672294463,0.9314298083157609,700,-1.1486981854709886e-06,0.48315821432764605,-1.1554292184000303,0.0,2026-08-11,1
us2y,krwusd,1.0,1.0,0.1271102492943636,0.10900672667692038,0.857576216568352,700,-3.201156405615684e-07,0.47587416366796975,-0.5718768817353842,0.0,2026-08-11,1
pw_panama_canal_n_total_z,henry_hub,1.0,1.0,0.15744242664266248,0.10196593665525838,0.6476395138820128,700,-4.795138526393168e-06,0.48894413707538376,-0.06302971727446739,0.0,2026-08-11,1
vix,brlusd,0.9724314465512726,1.0,0.07303593996644298,0.06812902038792569,0.9328150006589658,660,-1.4428147667883415e-07,0.4777789931868949,-0.22782953429639283,0.0,2026-08-11,1
vix,audusd,0.9116516722538607,1.0,0.06562618286139807,0.06622016595965528,1.0090510078806763,540,-1.7474296863508345e-07,0.4503577196388451,-0.551854165937445,0.0,2026-08-11,1
eurusd,vix,0.8706066323403742,1.0,0.06525626890521842,0.06375719663723652,0.9770279194147733,300,-0.00426114479973895,0.5203388738449667,-0.19408936871876814,0.0,2026-08-11,1
sp500,vix,0.8630181394064702,1.0,0.05285760741021924,0.04898012610653546,0.9266428903300279,680,-0.002716013132458938,0.4983703012075633,-0.06131300059037251,0.0,2026-08-11,1
brent,brlusd,0.7982317673707264,1.0,0.055122179859344214,0.06180230570349819,1.1211876210483642,620,-3.2232676836002445e-07,0.4963615363184518,-0.6849358751264796,0.0,2026-08-11,1
cnyusd,us2y,0.6316129505103215,1.0,0.05300656523756752,0.04483014818893697,0.8457470878940171,640,-2.568143080239704e-05,0.4144104968272835,-1.4735462814742528,0.0,2026-08-11,1
eurusd,wti,0.6066466127898356,1.0,0.06709946092890684,0.033325527312164746,0.4966586445079459,640,-0.07678263037516875,0.5194228388998401,-1.1073593016403152,0.0,2026-08-11,1
brlusd,wti,0.41414814896445135,1.0,0.04502955993500366,0.03122063626787148,0.693336473039839,580,-0.00418124052771927,0.5043725286730316,-0.47424713258259704,0.0,2026-08-11,1
brlusd,us2y,0.39907132942031837,1.0,0.050638383369587835,0.048101451854159094,0.9499010168450133,500,-4.522506760364093e-05,0.4846563900918609,-1.6990779151121456,0.0,2026-08-11,1
eurusd,audusd,0.3122167167050762,0.9948618720034096,0.04603064109882171,0.037230241617040846,0.8088143186429324,240,-3.016117697998543e-07,0.4497497901773864,-1.5597315060212784,0.0,2026-08-11,1
krwusd,cnyusd,0.23532362011822766,0.7359150153454568,0.03633941804996206,0.022029317550617537,0.6062099706805992,200,-4.343826480991401e-09,0.4518621476651203,-0.17582007489355517,0.0,2026-08-11,1
pw_malacca_strait_capacity_z,us2y,0.20406647411698556,1.0,0.042548424250955834,0.03199699683851928,0.7520136738741972,220,-1.3873237644268073e-05,0.4957758601005811,-0.44167783356842083,0.0,2026-08-11,1
wti,sp500,0.12939336765962578,1.0,0.0395278722525317,0.030328477675445633,0.7672681565475141,400,-3.7352148916243765e-07,0.47653290655791264,-0.5083529669425897,0.0,2026-08-11,1
pw_strait_of_hormuz_capacity_z,brent,0.11529761453076325,1.0,0.041645582164725366,0.04917004906614173,1.1806786340902622,80,-1.8064287606917743e-07,0.5433610252397889,-0.014032241425437532,0.0,2026-08-11,1
brlusd,audusd,0.09835070760163442,0.8647473010856318,0.030377161902625478,0.0221969096495107,0.7307104501948958,360,-2.4706530461498855e-07,0.46460098741765526,-1.3104425057003661,0.0,2026-08-11,1
pw_cape_of_good_hope_capacity_z,henry_hub,0.09835070760163442,1.0,0.016275303009932192,0.0,0.0,360,0.0001754613671967643,0.546468177601362,1.7580883121638522,0.0,2026-08-11,1
brlusd,brent,0.08011299097799707,1.0,0.04130751841470949,0.0340060706952007,0.8232416760986357,280,-4.21164722294156e-06,0.45891100507657523,-1.2777087686787962,0.0,2026-08-11,1
pw_cape_of_good_hope_n_total_z,henry_hub,0.07324413013757813,0.6395406756291062,0.031245640697926798,0.016677718939251702,0.5337614645347406,260,-8.978657676589765e-05,0.4874945552028617,-0.7772999451635217,0.0,2026-08-11,1
us10y,eurusd,0.06449384950723476,0.9158390659489278,0.020149140023717593,0.011109213234988717,0.5513492497402886,300,-8.020490592338173e-08,0.47342468080163963,-0.5115521853486393,0.0,2026-08-11,1
pw_bab_el_mandeb_strait_n_total_z,henry_hub,0.06099295436805279,1.0,0.019323898473323643,0.010628322747829102,0.5500092417946277,200,-3.0022857267389303e-05,0.5204348386330874,-0.4569495873202387,0.0,2026-08-11,1
us10y,krwusd,0.059065986892156606,1.0,0.006256411089701469,0.0,0.0,240,-2.1877647340652713e-07,0.43197748777599276,-0.993692179683967,0.0,2026-08-11,1
us2y,wti,0.05576188077934818,1.0,0.022619063636144774,0.0,0.0,280,-0.014120907735312306,0.4591868888635627,-0.6878765053746136,0.0,2026-08-11,1
us10y,us2y,0.05576188077934818,1.0,0.03205795442158977,0.026008037677351045,0.8112818845308375,280,-1.8103258094353648e-05,0.5089496683753805,-0.4390335674873202,0.0,2026-08-11,1
pw_cape_of_good_hope_capacity_z,brent,0.05576188077934818,1.0,0.045341802230689364,0.03850100728288419,0.8491282963786778,280,-1.1065877589067675e-05,0.3804596914312197,-2.201709290124808,0.0,2026-08-11,1
henry_hub,krwusd,0.04940180548367017,1.0,0.01836945739157354,0.009031481941332712,0.49165752416158165,160,-1.6762534007269394e-07,0.4681133454611047,-0.64057869023072,0.0,2026-08-11,1
sp500,wti,0.04648570914964265,1.0,0.030260013043707727,0.023571999798849674,0.7789818122286382,240,-0.003936784432050442,0.5202623829233483,-0.28423382124155255,0.0,2026-08-11,1
eurusd,us2y,0.04494038119348791,1.0,0.008258910548841533,0.0,0.0,240,-1.8797093511585326e-05,0.47318396913689387,-0.7293238725407808,0.0,2026-08-11,1
us10y,sp500,0.03040096426287257,1.0,0.03643908698222406,0.031932190002635204,0.8763169620087506,160,-1.2885632983144748e-06,0.5106106426540943,-1.428768184775852,0.0,2026-08-11,1
krwusd,us2y,0.02945389102910384,1.0,0.022295751270913242,0.021533605267871944,0.9658165363534718,200,-8.48096020579137e-06,0.5325201950507705,-0.15635574678328346,0.0,2026-08-11,1
henry_hub,cnyusd,0.0231035021473359,1.0,0.03287041048302403,0.02649949955028681,0.8061809743438558,140,-5.873776065020763e-08,0.5946189537236498,-0.45909481403454483,0.0,2026-08-11,1
henry_hub,brlusd,0.013302198643258935,0.5799114645855681,0.005867095978645577,0.0021799972903681288,0.37156325689960545,120,-2.306199469798467e-06,0.5154017189945581,-1.4854727841034774,0.0,2026-08-11,1
pw_malacca_strait_n_total_z,henry_hub,0.008731968727886582,1.0,0.00962216917455968,0.0022126451958227687,0.22995284698099494,20,-3.062691899390058e-05,0.3500464416515344,-0.7627869741194294,0.0,2026-08-11,1
audusd,sp500,0.005427862615078165,1.0,0.006287903544082614,0.0,0.0,60,-1.6194545141643414e-06,0.45279913005450234,-1.2702065892735908,0.0,2026-08-11,1
us2y,us10y,0.005427862615078165,1.0,0.012417829816483565,0.01179758560910654,0.9500521253275911,60,-1.646551722952266e-05,0.4995511033149797,-0.36150803986969965,0.0,2026-08-11,1
pw_cape_of_good_hope_n_total_z,brlusd,0.004210255398190952,1.0,0.011178442379388951,0.009221558323432015,0.8249412584024157,40,-1.7171219210588394e-06,0.33295839484824813,-1.3696789788072135,0.0,2026-08-11,1
krwusd,vix,0.003890444335448129,1.0,0.008514310186355525,0.005241996637434831,0.6156689764292721,40,-0.050968838983727706,0.2993842190935326,-2.0392539999192283,0.0,2026-08-11,1
cnyusd,wti,0.002606045945085104,1.0,0.010014925546117059,0.0016107704193539228,0.16083698395326,20,-0.026350855717256122,0.44326190323666986,-1.2536483129621632,0.0,2026-08-11,1
audusd,vix,0.001604209453105849,1.0,0.004593202054055763,0.0,0.0,20,-0.11408765609220187,0.3523238476329138,-1.8520756717413662,0.0,2026-08-11,1
brlusd,cnyusd,0.001604209453105849,1.0,0.010068685895681597,0.0058053201763294555,0.5765717827009903,20,-2.7076723537118613e-09,0.5031297473171652,-0.026983473890779503,0.0,2026-08-11,1
pw_bab_el_mandeb_strait_capacity_z,cnyusd,0.001604209453105849,1.0,0.002091011930549924,0.0,0.0,20,-8.052518251198798e-07,0.2983218135203555,-2.2556042702273817,0.0,2026-08-11,1
pw_bab_el_mandeb_strait_n_total_z,cnyusd,0.001604209453105849,1.0,0.0063525905427277585,0.0008338526773856224,0.1312618327558023,20,-6.296462030138997e-07,0.2507153160886357,-2.7206532902336567,0.0,2026-08-11,1
audusd,brlusd,0.0,,0.006433752996925376,0.005604970986149056,0.871182183840072,0,,,,0.0,2026-08-11,1
audusd,cnyusd,0.0,,0.00032132372592189897,0.0,0.0,0,,,,0.0,2026-08-11,1
audusd,krwusd,0.0,,0.025662691164138354,0.020823886653781255,0.8114459438642602,0,,,,0.0,2026-08-11,1
audusd,us10y,0.0,,0.004376665648310448,0.0,0.0,0,,,,0.0,2026-08-11,1
audusd,brent,0.0,,0.0013772415224752937,0.000404825957314189,0.2939396980905731,0,,,,0.0,2026-08-11,1
audusd,henry_hub,0.0,,0.006056992027221897,0.0,0.0,0,,,,0.0,2026-08-11,1
brlusd,krwusd,0.0,,0.009451392427035165,0.0,0.0,0,,,,0.0,2026-08-11,1
brlusd,eurusd,0.0,,0.001685945286922163,0.0,0.0,0,,,,0.0,2026-08-11,1
brlusd,sp500,0.0,,0.018633746646708887,0.01874403408182446,1.0059186934976951,0,,,,0.0,2026-08-11,1
brlusd,vix,0.0,,0.019819413938540014,0.020377770043056038,1.0281721803806856,0,,,,0.0,2026-08-11,1
brlusd,us10y,0.0,,0.02131019182693853,0.017879665580051655,0.8390194572274898,0,,,,0.0,2026-08-11,1
brlusd,henry_hub,0.0,,0.0014812697333154265,0.0010765748113475903,0.7267918780315353,0,,,,0.0,2026-08-11,1
cnyusd,audusd,0.0,,0.005515926950158858,0.003937435107494071,0.7138301763370296,0,,,,0.0,2026-08-11,1
cnyusd,brlusd,0.0,,0.022467623734618997,0.017186358817184,0.7649388747196519,0,,,,0.0,2026-08-11,1
cnyusd,krwusd,0.0,,0.0009938126984451305,0.0034713170010499963,3.4929288048754508,0,,,,0.0,2026-08-11,1
cnyusd,eurusd,0.0,,0.0014389232655418274,0.0,0.0,0,,,,0.0,2026-08-11,1
cnyusd,sp500,0.0,,0.003926501549156018,0.0016175288593401188,0.4119516671750196,0,,,,0.0,2026-08-11,1
cnyusd,vix,0.0,,0.012377222750869221,0.005748173886333349,0.4644154833465908,0,,,,0.0,2026-08-11,1
cnyusd,brent,0.0,,0.0002940706827278329,0.0,0.0,0,,,,0.0,2026-08-11,1
cnyusd,henry_hub,0.0,,0.0007877937401656717,0.0,0.0,0,,,,0.0,2026-08-11,1
krwusd,audusd,0.0,,0.0029004555748974605,0.0,0.0,0,,,,0.0,2026-08-11,1
krwusd,brlusd,0.0,,6.1372119453899e-07,0.0,0.0,0,,,,0.0,2026-08-11,1
krwusd,eurusd,0.0,,0.017101421201789934,0.022096320654378495,1.2920751084749473,0,,,,0.0,2026-08-11,1
krwusd,sp500,0.0,,0.003400649574505726,0.0,0.0,0,,,,0.0,2026-08-11,1
krwusd,us10y,0.0,,0.0009732539783028316,0.0019919234475566034,2.046663555416579,0,,,,0.0,2026-08-11,1
krwusd,wti,0.0,,4.0418855637028784e-05,0.0,0.0,0,,,,0.0,2026-08-11,1
krwusd,brent,0.0,,0.00012204716605644239,0.0,0.0,0,,,,0.0,2026-08-11,1
krwusd,henry_hub,0.0,,0.002019014076373504,0.0038781332108343207,1.9208054347992036,0,,,,0.0,2026-08-11,1
eurusd,brlusd,0.0,,0.01596832379238262,0.010758364993845967,0.6737316410741894,0,,,,0.0,2026-08-11,1
eurusd,cnyusd,0.0,,0.0003184851933972489,0.0,0.0,0,,,,0.0,2026-08-11,1
eurusd,us10y,0.0,,0.0031637870809560933,0.0,0.0,0,,,,0.0,2026-08-11,1
eurusd,brent,0.0,,0.02481277861133789,0.009800811410533499,0.3949904830914479,0,,,,0.0,2026-08-11,1
eurusd,henry_hub,0.0,,0.004882021718070129,0.005685943874905049,1.164669926366635,0,,,,0.0,2026-08-11,1
sp500,us2y,0.0,,0.00037008650315469065,0.0,0.0,0,,,,0.0,2026-08-11,1
sp500,us10y,0.0,,0.010887507724904768,0.006648611955641245,0.6106642698799464,0,,,,0.0,2026-08-11,1
sp500,brent,0.0,,0.0031360714787558204,0.0,0.0,0,,,,0.0,2026-08-11,1
sp500,henry_hub,0.0,,6.677924080437714e-05,0.0,0.0,0,,,,0.0,2026-08-11,1
vix,cnyusd,0.0,,0.0,0.0,0.0,0,,,,0.0,2026-08-11,1
vix,krwusd,0.0,,0.007566974536209183,0.011191532879557308,1.4789970319054246,0,,,,0.0,2026-08-11,1
vix,eurusd,0.0,,0.0007302726517617615,0.0,0.0,0,,,,0.0,2026-08-11,1
vix,sp500,0.0,,0.004626525513658521,0.003944654684276428,0.8526170822209753,0,,,,0.0,2026-08-11,1
vix,us2y,0.0,,0.01571961772886412,0.006598645664698238,0.4197713823906739,0,,,,0.0,2026-08-11,1
vix,us10y,0.0,,0.01695005391231225,0.011165372394717054,0.6587219399111589,0,,,,0.0,2026-08-11,1
vix,wti,0.0,,0.00886340895597353,0.017095997266164183,1.928828665255513,0,,,,0.0,2026-08-11,1
vix,brent,0.0,,2.168966652159788e-05,0.0,0.0,0,,,,0.0,2026-08-11,1
vix,henry_hub,0.0,,0.02584834676847301,0.02609801184168705,1.0096588410643947,0,,,,0.0,2026-08-11,1
us2y,audusd,0.0,,0.01517391985818292,0.005384811020591061,0.3548727732133873,0,,,,0.0,2026-08-11,1
us2y,brlusd,0.0,,0.01665248869124733,0.01266407761854277,0.7604915909775757,0,,,,0.0,2026-08-11,1
us2y,sp500,0.0,,0.014374696300851923,0.019455003643515663,1.3534201513782698,0,,,,0.0,2026-08-11,1
us2y,vix,0.0,,0.00016340105059409058,0.0,0.0,0,,,,0.0,2026-08-11,1
us2y,brent,0.0,,0.0008764308174274671,0.0,0.0,0,,,,0.0,2026-08-11,1
us2y,henry_hub,0.0,,0.004235033269615063,0.0,0.0,0,,,,0.0,2026-08-11,1
us10y,audusd,0.0,,0.0012028651221278983,0.0,0.0,0,,,,0.0,2026-08-11,1
us10y,brlusd,0.0,,0.0035755747328710696,0.0006264166348333522,0.17519327146893673,0,,,,0.0,2026-08-11,1
us10y,vix,0.0,,0.016851843544933662,0.011370086461416828,0.6747087599703672,0,,,,0.0,2026-08-11,1
us10y,wti,0.0,,0.001743016928804623,0.004603276633318413,2.640982171340919,0,,,,0.0,2026-08-11,1
us10y,brent,0.0,,0.002692159619913658,0.0,0.0,0,,,,0.0,2026-08-11,1
us10y,henry_hub,0.0,,0.0,0.0,0.0,0,,,,0.0,2026-08-11,1
wti,audusd,0.0,,0.024515169894977047,0.03229017969914145,1.3171509656050735,0,,,,0.0,2026-08-11,1
wti,brlusd,0.0,,0.007134728072800734,0.002253523095081461,0.31585269572815566,0,,,,0.0,2026-08-11,1
wti,cnyusd,0.0,,0.0047213875946223345,0.0,0.0,0,,,,0.0,2026-08-11,1
wti,krwusd,0.0,,0.0,0.0,0.0,0,,,,0.0,2026-08-11,1
wti,eurusd,0.0,,7.150563474301224e-06,0.0,0.0,0,,,,0.0,2026-08-11,1
wti,vix,0.0,,0.009650299117642237,0.005170203480917575,0.5357557748096786,0,,,,0.0,2026-08-11,1
wti,us2y,0.0,,0.0007979081801947719,0.0,0.0,0,,,,0.0,2026-08-11,1
wti,us10y,0.0,,0.007043592034574302,0.0,0.0,0,,,,0.0,2026-08-11,1
wti,henry_hub,0.0,,2.0022753188565278e-05,0.0,0.0,0,,,,0.0,2026-08-11,1
brent,audusd,0.0,,0.005688276204727411,0.0,0.0,0,,,,0.0,2026-08-11,1
brent,cnyusd,0.0,,0.010604646537071976,0.0034278533349959743,0.3232406967090136,0,,,,0.0,2026-08-11,1
brent,krwusd,0.0,,0.014773554761259512,0.04418098089970762,2.990545039001906,0,,,,0.0,2026-08-11,1
brent,eurusd,0.0,,0.0024516056429812346,0.005575819191848485,2.2743540372456077,0,,,,0.0,2026-08-11,1
brent,sp500,0.0,,0.02767641721140122,0.03565419968293652,1.288251994851735,0,,,,0.0,2026-08-11,1
brent,us2y,0.0,,0.0,0.0,0.0,0,,,,0.0,2026-08-11,1
brent,henry_hub,0.0,,1.2328786457533808e-05,0.0,0.0,0,,,,0.0,2026-08-11,1
henry_hub,audusd,0.0,,0.00029835111231965556,0.0,0.0,0,,,,0.0,2026-08-11,1
henry_hub,eurusd,0.0,,0.0007059924966351799,0.0,0.0,0,,,,0.0,2026-08-11,1
henry_hub,sp500,0.0,,0.0088212999456012,0.013331978051028905,1.5113393868527263,0,,,,0.0,2026-08-11,1
henry_hub,vix,0.0,,0.01436799842334866,0.015910986711595236,1.1073906220465022,0,,,,0.0,2026-08-11,1
henry_hub,us2y,0.0,,0.004767265094260162,0.0,0.0,0,,,,0.0,2026-08-11,1
henry_hub,us10y,0.0,,2.7967361507617756e-06,0.0,0.0,0,,,,0.0,2026-08-11,1
henry_hub,wti,0.0,,0.00016427128426415173,0.0,0.0,0,,,,0.0,2026-08-11,1
henry_hub,brent,0.0,,0.0003353895545021868,0.0,0.0,0,,,,0.0,2026-08-11,1
pw_bab_el_mandeb_strait_capacity_z,audusd,0.0,,0.0003749785981955825,0.0,0.0,0,,,,0.0,2026-08-11,1
pw_bab_el_mandeb_strait_capacity_z,brlusd,0.0,,9.666710130866911e-05,0.0,0.0,0,,,,0.0,2026-08-11,1
pw_bab_el_mandeb_strait_capacity_z,krwusd,0.0,,3.5456152062175162e-06,0.0,0.0,0,,,,0.0,2026-08-11,1
pw_bab_el_mandeb_strait_capacity_z,eurusd,0.0,,0.004949418201555743,0.0022670975660283167,0.45805334560650046,0,,,,0.0,2026-08-11,1
pw_bab_el_mandeb_strait_capacity_z,sp500,0.0,,0.00020804520592693787,0.00029567689564558594,1.421214655383229,0,,,,0.0,2026-08-11,1
pw_bab_el_mandeb_strait_capacity_z,vix,0.0,,1.0422915285718137e-05,0.0,0.0,0,,,,0.0,2026-08-11,1
pw_bab_el_mandeb_strait_capacity_z,us2y,0.0,,2.341080993487007e-05,0.0,0.0,0,,,,0.0,2026-08-11,1
pw_bab_el_mandeb_strait_capacity_z,us10y,0.0,,0.0,0.0,0.0,0,,,,0.0,2026-08-11,1
pw_bab_el_mandeb_strait_capacity_z,wti,0.0,,0.0,0.0,0.0,0,,,,0.0,2026-08-11,1
pw_bab_el_mandeb_strait_capacity_z,brent,0.0,,0.0,0.0,0.0,0,,,,0.0,2026-08-11,1
pw_bab_el_mandeb_strait_capacity_z,henry_hub,0.0,,0.008493407526206267,0.0,0.0,0,,,,0.0,2026-08-11,1
pw_bab_el_mandeb_strait_n_total_z,audusd,0.0,,0.00017855042370769705,0.0,0.0,0,,,,0.0,2026-08-11,1
pw_bab_el_mandeb_strait_n_total_z,brlusd,0.0,,0.0006258620093116638,0.0,0.0,0,,,,0.0,2026-08-11,1
pw_bab_el_mandeb_strait_n_total_z,krwusd,0.0,,8.971588330092234e-06,0.0,0.0,0,,,,0.0,2026-08-11,1
pw_bab_el_mandeb_strait_n_total_z,eurusd,0.0,,4.5783147330932534e-05,0.0,0.0,0,,,,0.0,2026-08-11,1
pw_bab_el_mandeb_strait_n_total_z,sp500,0.0,,0.005474940164102062,0.0003560441170120718,0.06503159967785076,0,,,,0.0,2026-08-11,1
pw_bab_el_mandeb_strait_n_total_z,vix,0.0,,0.0,0.0,0.0,0,,,,0.0,2026-08-11,1
pw_bab_el_mandeb_strait_n_total_z,us2y,0.0,,0.0,0.0,0.0,0,,,,0.0,2026-08-11,1
pw_bab_el_mandeb_strait_n_total_z,us10y,0.0,,0.01010389996844703,0.007348262169740748,0.7272698851619941,0,,,,0.0,2026-08-11,1
pw_bab_el_mandeb_strait_n_total_z,wti,0.0,,0.0,0.0,0.0,0,,,,0.0,2026-08-11,1
pw_bab_el_mandeb_strait_n_total_z,brent,0.0,,0.00019156842580997545,0.0,0.0,0,,,,0.0,2026-08-11,1
pw_cape_of_good_hope_capacity_z,audusd,0.0,,1.1785758646365802e-05,0.0,0.0,0,,,,0.0,2026-08-11,1
pw_cape_of_good_hope_capacity_z,brlusd,0.0,,0.0001445585918812729,0.0008500613986857671,5.880393462769264,0,,,,0.0,2026-08-11,1
pw_cape_of_good_hope_capacity_z,cnyusd,0.0,,0.001624127167668719,0.0,0.0,0,,,,0.0,2026-08-11,1
pw_cape_of_good_hope_capacity_z,krwusd,0.0,,1.0282336013646805e-05,0.0,0.0,0,,,,0.0,2026-08-11,1
pw_cape_of_good_hope_capacity_z,eurusd,0.0,,0.00015696038534373822,0.0,0.0,0,,,,0.0,2026-08-11,1
pw_cape_of_good_hope_capacity_z,sp500,0.0,,0.006631547464272452,0.003060624504707436,0.46152493384034277,0,,,,0.0,2026-08-11,1
pw_cape_of_good_hope_capacity_z,vix,0.0,,0.001985307338554076,0.0,0.0,0,,,,0.0,2026-08-11,1
pw_cape_of_good_hope_capacity_z,us2y,0.0,,0.003496577793796055,0.0025769615979780226,0.7369953565884623,0,,,,0.0,2026-08-11,1
pw_cape_of_good_hope_capacity_z,us10y,0.0,,0.0009211678313535126,0.0,0.0,0,,,,0.0,2026-08-11,1
pw_cape_of_good_hope_capacity_z,wti,0.0,,0.007701801215099729,0.0030753773046398375,0.3993062426241827,0,,,,0.0,2026-08-11,1
pw_cape_of_good_hope_n_total_z,audusd,0.0,,5.3628655019850014e-05,0.0,0.0,0,,,,0.0,2026-08-11,1
pw_cape_of_good_hope_n_total_z,cnyusd,0.0,,1.0629839841429127e-05,0.0,0.0,0,,,,0.0,2026-08-11,1
pw_cape_of_good_hope_n_total_z,krwusd,0.0,,3.2356915809084364e-07,0.0,0.0,0,,,,0.0,2026-08-11,1
pw_cape_of_good_hope_n_total_z,eurusd,0.0,,0.0005554413138599279,0.0,0.0,0,,,,0.0,2026-08-11,1
pw_cape_of_good_hope_n_total_z,sp500,0.0,,9.220981515464929e-07,0.0,0.0,0,,,,0.0,2026-08-11,1
pw_cape_of_good_hope_n_total_z,vix,0.0,,0.0,0.0,0.0,0,,,,0.0,2026-08-11,1
pw_cape_of_good_hope_n_total_z,us2y,0.0,,0.002184064799679837,0.0,0.0,0,,,,0.0,2026-08-11,1
pw_cape_of_good_hope_n_total_z,us10y,0.0,,0.003910622938860522,0.0,0.0,0,,,,0.0,2026-08-11,1
pw_cape_of_good_hope_n_total_z,wti,0.0,,7.874965618046989e-05,0.0,0.0,0,,,,0.0,2026-08-11,1
pw_cape_of_good_hope_n_total_z,brent,0.0,,8.624755267800995e-05,0.0,0.0,0,,,,0.0,2026-08-11,1
pw_malacca_strait_capacity_z,audusd,0.0,,0.0,0.0,0.0,0,,,,0.0,2026-08-11,1
pw_malacca_strait_capacity_z,brlusd,0.0,,0.005380735917926969,0.0,0.0,0,,,,0.0,2026-08-11,1
pw_malacca_strait_capacity_z,cnyusd,0.0,,6.835645759787978e-05,0.0,0.0,0,,,,0.0,2026-08-11,1
pw_malacca_strait_capacity_z,krwusd,0.0,,0.0018645339396416796,0.0,0.0,0,,,,0.0,2026-08-11,1
pw_malacca_strait_capacity_z,eurusd,0.0,,0.00017901905408410326,0.0,0.0,0,,,,0.0,2026-08-11,1
pw_malacca_strait_capacity_z,sp500,0.0,,0.0,0.0,0.0,0,,,,0.0,2026-08-11,1
pw_malacca_strait_capacity_z,vix,0.0,,5.0762522367577924e-05,0.0,0.0,0,,,,0.0,2026-08-11,1
pw_malacca_strait_capacity_z,us10y,0.0,,0.0,0.0,0.0,0,,,,0.0,2026-08-11,1
pw_malacca_strait_capacity_z,wti,0.0,,0.0,0.0,0.0,0,,,,0.0,2026-08-11,1
pw_malacca_strait_capacity_z,brent,0.0,,0.0,0.0,0.0,0,,,,0.0,2026-08-11,1
pw_malacca_strait_capacity_z,henry_hub,0.0,,0.0,0.0,0.0,0,,,,0.0,2026-08-11,1
pw_malacca_strait_n_total_z,audusd,0.0,,0.000516969242850817,0.0,0.0,0,,,,0.0,2026-08-11,1
pw_malacca_strait_n_total_z,brlusd,0.0,,0.004255921303038506,0.0109721700683648,2.5780951495816526,0,,,,0.0,2026-08-11,1
pw_malacca_strait_n_total_z,cnyusd,0.0,,0.001927497685038611,0.0,0.0,0,,,,0.0,2026-08-11,1
pw_malacca_strait_n_total_z,krwusd,0.0,,0.0,0.0,0.0,0,,,,0.0,2026-08-11,1
pw_malacca_strait_n_total_z,eurusd,0.0,,0.004724880849793736,0.0,0.0,0,,,,0.0,2026-08-11,1
pw_malacca_strait_n_total_z,sp500,0.0,,0.0024127638726379086,0.003182668135824017,1.3190963989129865,0,,,,0.0,2026-08-11,1
pw_malacca_strait_n_total_z,vix,0.0,,0.0,0.0,0.0,0,,,,0.0,2026-08-11,1
pw_malacca_strait_n_total_z,us2y,0.0,,4.8950318547408914e-05,0.0,0.0,0,,,,0.0,2026-08-11,1
pw_malacca_strait_n_total_z,us10y,0.0,,0.009243777102594643,0.0033474441924992264,0.3621294796863535,0,,,,0.0,2026-08-11,1
pw_malacca_strait_n_total_z,wti,0.0,,0.0,0.0,0.0,0,,,,0.0,2026-08-11,1
pw_malacca_strait_n_total_z,brent,0.0,,0.0005153122897377029,0.0,0.0,0,,,,0.0,2026-08-11,1
pw_panama_canal_capacity_z,audusd,0.0,,2.9532148463088975e-06,0.0,0.0,0,,,,0.0,2026-08-11,1
pw_panama_canal_capacity_z,brlusd,0.0,,0.0,0.0,0.0,0,,,,0.0,2026-08-11,1
pw_panama_canal_capacity_z,cnyusd,0.0,,0.0002931962259444064,0.0,0.0,0,,,,0.0,2026-08-11,1
pw_panama_canal_capacity_z,krwusd,0.0,,0.0023689360802010367,0.00978216798302578,4.129350751496693,0,,,,0.0,2026-08-11,1
pw_panama_canal_capacity_z,eurusd,0.0,,0.0,0.0,0.0,0,,,,0.0,2026-08-11,1
pw_panama_canal_capacity_z,sp500,0.0,,0.0016206112128059873,0.0,0.0,0,,,,0.0,2026-08-11,1
pw_panama_canal_capacity_z,vix,0.0,,0.002132338807769321,0.0,0.0,0,,,,0.0,2026-08-11,1
pw_panama_canal_capacity_z,us2y,0.0,,0.0,0.0,0.0,0,,,,0.0,2026-08-11,1
pw_panama_canal_capacity_z,us10y,0.0,,0.0,0.0,0.0,0,,,,0.0,2026-08-11,1
pw_panama_canal_capacity_z,wti,0.0,,0.0,0.0,0.0,0,,,,0.0,2026-08-11,1
pw_panama_canal_capacity_z,brent,0.0,,9.786823264248473e-06,0.0,0.0,0,,,,0.0,2026-08-11,1
pw_panama_canal_capacity_z,henry_hub,0.0,,0.0005829797942361314,0.0,0.0,0,,,,0.0,2026-08-11,1
pw_panama_canal_n_total_z,audusd,0.0,,0.004335359761972026,0.006371741380119809,1.4697145634856135,0,,,,0.0,2026-08-11,1
pw_panama_canal_n_total_z,brlusd,0.0,,0.0,0.0,0.0,0,,,,0.0,2026-08-11,1
pw_panama_canal_n_total_z,cnyusd,0.0,,3.924706811678144e-06,0.0,0.0,0,,,,0.0,2026-08-11,1
pw_panama_canal_n_total_z,krwusd,0.0,,0.0,0.0,0.0,0,,,,0.0,2026-08-11,1
pw_panama_canal_n_total_z,eurusd,0.0,,6.073563952098446e-06,0.0,0.0,0,,,,0.0,2026-08-11,1
pw_panama_canal_n_total_z,sp500,0.0,,0.00011173574822345878,0.0,0.0,0,,,,0.0,2026-08-11,1
pw_panama_canal_n_total_z,vix,0.0,,0.0,0.0,0.0,0,,,,0.0,2026-08-11,1
pw_panama_canal_n_total_z,us2y,0.0,,0.00012640330869080306,0.0,0.0,0,,,,0.0,2026-08-11,1
pw_panama_canal_n_total_z,us10y,0.0,,0.00013431263446067148,0.0,0.0,0,,,,0.0,2026-08-11,1
pw_panama_canal_n_total_z,wti,0.0,,0.0,0.0,0.0,0,,,,0.0,2026-08-11,1
pw_panama_canal_n_total_z,brent,0.0,,1.1909614341634061e-05,0.0,0.0,0,,,,0.0,2026-08-11,1
pw_strait_of_hormuz_capacity_z,audusd,0.0,,0.007216641099905072,0.00537585854976719,0.7449253018607097,0,,,,0.0,2026-08-11,1
pw_strait_of_hormuz_capacity_z,brlusd,0.0,,0.0,0.0,0.0,0,,,,0.0,2026-08-11,1
pw_strait_of_hormuz_capacity_z,cnyusd,0.0,,0.0,0.0,0.0,0,,,,0.0,2026-08-11,1
pw_strait_of_hormuz_capacity_z,krwusd,0.0,,0.0028826603787512764,0.0,0.0,0,,,,0.0,2026-08-11,1
pw_strait_of_hormuz_capacity_z,eurusd,0.0,,0.0007435044463893571,0.0,0.0,0,,,,0.0,2026-08-11,1
pw_strait_of_hormuz_capacity_z,sp500,0.0,,0.0,0.0,0.0,0,,,,0.0,2026-08-11,1
pw_strait_of_hormuz_capacity_z,vix,0.0,,0.0025664243118516867,0.0,0.0,0,,,,0.0,2026-08-11,1
pw_strait_of_hormuz_capacity_z,us2y,0.0,,6.888673911380308e-05,0.0,0.0,0,,,,0.0,2026-08-11,1
pw_strait_of_hormuz_capacity_z,us10y,0.0,,0.00013627438684013176,0.0,0.0,0,,,,0.0,2026-08-11,1
pw_strait_of_hormuz_capacity_z,wti,0.0,,0.01876382620089983,0.02370143548145128,1.2631451191076726,0,,,,0.0,2026-08-11,1
pw_strait_of_hormuz_capacity_z,henry_hub,0.0,,0.00031319410876860055,0.0,0.0,0,,,,0.0,2026-08-11,1
pw_strait_of_hormuz_n_total_z,audusd,0.0,,3.431107999557084e-05,0.0,0.0,0,,,,0.0,2026-08-11,1
pw_strait_of_hormuz_n_total_z,brlusd,0.0,,0.006795507651895068,0.0,0.0,0,,,,0.0,2026-08-11,1
pw_strait_of_hormuz_n_total_z,cnyusd,0.0,,0.0,0.0,0.0,0,,,,0.0,2026-08-11,1
pw_strait_of_hormuz_n_total_z,krwusd,0.0,,7.871274578911822e-05,0.0,0.0,0,,,,0.0,2026-08-11,1
pw_strait_of_hormuz_n_total_z,eurusd,0.0,,0.0,0.0,0.0,0,,,,0.0,2026-08-11,1
pw_strait_of_hormuz_n_total_z,sp500,0.0,,0.0,0.0,0.0,0,,,,0.0,2026-08-11,1
pw_strait_of_hormuz_n_total_z,vix,0.0,,0.0,0.0,0.0,0,,,,0.0,2026-08-11,1
pw_strait_of_hormuz_n_total_z,us2y,0.0,,0.0,0.0,0.0,0,,,,0.0,2026-08-11,1
pw_strait_of_hormuz_n_total_z,us10y,0.0,,0.003491205083723996,0.0,0.0,0,,,,0.0,2026-08-11,1
pw_strait_of_hormuz_n_total_z,wti,0.0,,0.0,0.0,0.0,0,,,,0.0,2026-08-11,1
pw_strait_of_hormuz_n_total_z,brent,0.0,,0.00021908019131366575,0.0,0.0,0,,,,0.0,2026-08-11,1
pw_strait_of_hormuz_n_total_z,henry_hub,0.0,,0.011634984436245555,0.015214674896523622,1.3076661150595559,0,,,,0.0,2026-08-11,1
pw_suez_canal_capacity_z,audusd,0.0,,0.0,0.0,0.0,0,,,,0.0,2026-08-11,1
pw_suez_canal_capacity_z,cnyusd,0.0,,0.0,0.0,0.0,0,,,,0.0,2026-08-11,1
pw_suez_canal_capacity_z,krwusd,0.0,,0.0,0.0,0.0,0,,,,0.0,2026-08-11,1
pw_suez_canal_capacity_z,eurusd,0.0,,7.74646657617501e-05,0.0,0.0,0,,,,0.0,2026-08-11,1
pw_suez_canal_capacity_z,sp500,0.0,,0.0,0.0,0.0,0,,,,0.0,2026-08-11,1
pw_suez_canal_capacity_z,vix,0.0,,0.0,0.0,0.0,0,,,,0.0,2026-08-11,1
pw_suez_canal_capacity_z,us2y,0.0,,0.0,0.0,0.0,0,,,,0.0,2026-08-11,1
pw_suez_canal_capacity_z,us10y,0.0,,0.00019956768066259415,0.0,0.0,0,,,,0.0,2026-08-11,1
pw_suez_canal_capacity_z,wti,0.0,,6.241663257612352e-06,0.0,0.0,0,,,,0.0,2026-08-11,1
pw_suez_canal_capacity_z,brent,0.0,,0.0,0.0,0.0,0,,,,0.0,2026-08-11,1
pw_suez_canal_capacity_z,henry_hub,0.0,,0.0,0.0,0.0,0,,,,0.0,2026-08-11,1
pw_suez_canal_n_total_z,audusd,0.0,,7.975051253821939e-06,0.0,0.0,0,,,,0.0,2026-08-11,1
pw_suez_canal_n_total_z,brlusd,0.0,,0.0,0.0,0.0,0,,,,0.0,2026-08-11,1
pw_suez_canal_n_total_z,cnyusd,0.0,,0.0,0.0,0.0,0,,,,0.0,2026-08-11,1
pw_suez_canal_n_total_z,krwusd,0.0,,0.0,0.0,0.0,0,,,,0.0,2026-08-11,1
pw_suez_canal_n_total_z,eurusd,0.0,,0.0,0.0,0.0,0,,,,0.0,2026-08-11,1
pw_suez_canal_n_total_z,sp500,0.0,,0.0,0.0,0.0,0,,,,0.0,2026-08-11,1
pw_suez_canal_n_total_z,vix,0.0,,0.0003650721482327849,0.0,0.0,0,,,,0.0,2026-08-11,1
pw_suez_canal_n_total_z,us2y,0.0,,0.0,0.0,0.0,0,,,,0.0,2026-08-11,1
pw_suez_canal_n_total_z,us10y,0.0,,0.0,0.0,0.0,0,,,,0.0,2026-08-11,1
pw_suez_canal_n_total_z,wti,0.0,,0.00020800845099434338,0.0,0.0,0,,,,0.0,2026-08-11,1
pw_suez_canal_n_total_z,brent,0.0,,0.0016583456586611546,0.0,0.0,0,,,,0.0,2026-08-11,1
